geolocation_zip_code_prefix,geolocation_lat,geolocation_lng,geolocation_city,geolocation_state,updated_at,_ingested_at,_source_file,_batch_id
06730,-23.659233203083232,-46.99692810611056,vargem grande paulista,SP,2016-01-01 00:00:00.000000,2026-08-27T05:17:09.287600+00:00,D:/D drive recovery/Shiva JH/Projects/OneLake Medallion/data/landing/_reference/geolocation.parquet,_reference
07051,-23.4691433119626,-46.54714331225105,guarulhos,SP,2016-01-01 00:00:00.000000,2026-08-27T05:17:09.287600+00:00,D:/D drive recovery/Shiva JH/Projects/OneLake Medallion/data/landing/_reference/geolocation.parquet,_reference
08270,-23.56336298733478,-46.4596838214109,sao paulo,SP,2016-01-01 00:00:00.000000,2026-08-27T05:17:09.287600+00:00,D:/D drive recovery/Shiva JH/Projects/OneLake Medallion/data/landing/_reference/geolocation.parquet,_reference
08275,-23.57714001165677,-46.48276229003407,sao paulo,SP,2016-01-01 00:00:00.000000,2026-08-27T05:17:09.287600+00:00,D:/D drive recovery/Shiva JH/Projects/OneLake Medallion/data/landing/_reference/geolocation.parquet,_reference
08460,-23.554681721622696,-46.393232741329534,sao paulo,SP,2016-01-01 00:00:00.000000,2026-08-27T05:17:09.287600+00:00,D:/D drive recovery/Shiva JH/Projects/OneLake Medallion/data/landing/_reference/geolocation.parquet,_reference
08738,-23.557769929870062,-46.20117388588191,mogi das cruzes,SP,2016-01-01 00:00:00.000000,2026-08-27T05:17:09.287600+00:00,D:/D drive recovery/Shiva JH/Projects/OneLake Medallion/data/landing/_reference/geolocation.parquet,_reference
08740,-23.544406046716265,-46.21332645656752,mogi das cruzes,SP,2016-01-01 00:00:00.000000,2026-08-27T05:17:09.287600+00:00,D:/D drive recovery/Shiva JH/Projects/OneLake Medallion/data/landing/_reference/geolocation.parquet,_reference
08830,-23.516579606826944,-46.13731417572359,mogi das cruzes,SP,2016-01-01 00:00:00.000000,2026-08-27T05:17:09.287600+00:00,D:/D drive recovery/Shiva JH/Projects/OneLake Medallion/data/landing/_reference/geolocation.parquet,_reference
09130,-23.681251529834388,-46.509166226470136,santo andré,SP,2016-01-01 00:00:00.000000,2026-08-27T05:17:09.287600+00:00,D:/D drive recovery/Shiva JH/Projects/OneLake Medallion/data/landing/_reference/geolocation.parquet,_reference
09170,-23.674454445015115,-46.50700299500791,santo andré,SP,2016-01-01 00:00:00.000000,2026-08-27T05:17:09.287600+00:00,D:/D drive recovery/Shiva JH/Projects/OneLake Medallion/data/landing/_reference/geolocation.parquet,_reference
11015,-23.959748294477464,-46.31359166374292,santos,SP,2016-01-01 00:00:00.000000,2026-08-27T05:17:09.287600+00:00,D:/D drive recovery/Shiva JH/Projects/OneLake Medallion/data/landing/_reference/geolocation.parquet,_reference
13908,-22.72282092806635,-46.84179829244856,amparo,SP,2016-01-01 00:00:00.000000,2026-08-27T05:17:09.287600+00:00,D:/D drive recovery/Shiva JH/Projects/OneLake Medallion/data/landing/_reference/geolocation.parquet,_reference
14097,-21.209355670552256,-47.75455123688613,ribeirão preto,SP,2016-01-01 00:00:00.000000,2026-08-27T05:17:09.287600+00:00,D:/D drive recovery/Shiva JH/Projects/OneLake Medallion/data/landing/_reference/geolocation.parquet,_reference
14580,-20.43399042630061,-47.81416224047547,guara,SP,2016-01-01 00:00:00.000000,2026-08-27T05:17:09.287600+00:00,D:/D drive recovery/Shiva JH/Projects/OneLake Medallion/data/landing/_reference/geolocation.parquet,_reference
14900,-21.59119807780176,-48.81835065575072,itapolis,SP,2016-01-01 00:00:00.000000,2026-08-27T05:17:09.287600+00:00,D:/D drive recovery/Shiva JH/Projects/OneLake Medallion/data/landing/_reference/geolocation.parquet,_reference
15070,-20.8170171874536,-49.36425413438004,sao jose do rio preto,SP,2016-01-01 00:00:00.000000,2026-08-27T05:17:09.287600+00:00,D:/D drive recovery/Shiva JH/Projects/OneLake Medallion/data/landing/_reference/geolocation.parquet,_reference
16900,-20.913260060505507,-51.37206780904842,andradina,SP,2016-01-01 00:00:00.000000,2026-08-27T05:17:09.287600+00:00,D:/D drive recovery/Shiva JH/Projects/OneLake Medallion/data/landing/_reference/geolocation.parquet,_reference
17018,-22.35973743184844,-49.05231525174554,bauru,SP,2016-01-01 00:00:00.000000,2026-08-27T05:17:09.287600+00:00,D:/D drive recovery/Shiva JH/Projects/OneLake Medallion/data/landing/_reference/geolocation.parquet,_reference
17320,-22.40983742501461,-48.45042421567509,mineiros do tiete,SP,2016-01-01 00:00:00.000000,2026-08-27T05:17:09.287600+00:00,D:/D drive recovery/Shiva JH/Projects/OneLake Medallion/data/landing/_reference/geolocation.parquet,_reference
17504,-22.214731808036426,-49.96619857883034,marilia,SP,2016-01-01 00:00:00.000000,2026-08-27T05:17:09.287600+00:00,D:/D drive recovery/Shiva JH/Projects/OneLake Medallion/data/landing/_reference/geolocation.parquet,_reference
18160,-23.664502918276984,-47.581761427942936,salto de pirapora,SP,2016-01-01 00:00:00.000000,2026-08-27T05:17:09.287600+00:00,D:/D drive recovery/Shiva JH/Projects/OneLake Medallion/data/landing/_reference/geolocation.parquet,_reference
18560,-23.35277010388912,-47.69201207255984,iperó,SP,2016-01-01 00:00:00.000000,2026-08-27T05:17:09.287600+00:00,D:/D drive recovery/Shiva JH/Projects/OneLake Medallion/data/landing/_reference/geolocation.parquet,_reference
18725,-23.427981000000003,-48.86913150000001,holambra ii,SP,2016-01-01 00:00:00.000000,2026-08-27T05:17:09.287600+00:00,D:/D drive recovery/Shiva JH/Projects/OneLake Medallion/data/landing/_reference/geolocation.parquet,_reference
18730,-23.419413,-49.09844700000001,itai,SP,2016-01-01 00:00:00.000000,2026-08-27T05:17:09.287600+00:00,D:/D drive recovery/Shiva JH/Projects/OneLake Medallion/data/landing/_reference/geolocation.parquet,_reference
19025,-22.09785593377639,-51.40156940368525,presidente prudente,SP,2016-01-01 00:00:00.000000,2026-08-27T05:17:09.287600+00:00,D:/D drive recovery/Shiva JH/Projects/OneLake Medallion/data/landing/_reference/geolocation.parquet,_reference
20211,-22.91048789550255,-43.20189495797273,rio de janeiro,RJ,2016-01-01 00:00:00.000000,2026-08-27T05:17:09.287600+00:00,D:/D drive recovery/Shiva JH/Projects/OneLake Medallion/data/landing/_reference/geolocation.parquet,_reference
20740,-22.89603520399333,-43.32157651027179,rio de janeiro,RJ,2016-01-01 00:00:00.000000,2026-08-27T05:17:09.287600+00:00,D:/D drive recovery/Shiva JH/Projects/OneLake Medallion/data/landing/_reference/geolocation.parquet,_reference
22631,-23.004488711597983,-43.3686462106257,rio de janeiro,RJ,2016-01-01 00:00:00.000000,2026-08-27T05:17:09.287600+00:00,D:/D drive recovery/Shiva JH/Projects/OneLake Medallion/data/landing/_reference/geolocation.parquet,_reference
12301,-23.270441385509848,-45.93742768428648,jacarei,SP,2016-01-01 00:00:00.000000,2026-08-27T05:17:09.287600+00:00,D:/D drive recovery/Shiva JH/Projects/OneLake Medallion/data/landing/_reference/geolocation.parquet,_reference
13150,-22.630409321010436,-47.20184824565054,cosmopolis,SP,2016-01-01 00:00:00.000000,2026-08-27T05:17:09.287600+00:00,D:/D drive recovery/Shiva JH/Projects/OneLake Medallion/data/landing/_reference/geolocation.parquet,_reference
13212,-23.151712385018914,-46.97128780668247,jundiai,SP,2016-01-01 00:00:00.000000,2026-08-27T05:17:09.287600+00:00,D:/D drive recovery/Shiva JH/Projects/OneLake Medallion/data/landing/_reference/geolocation.parquet,_reference
13450,-22.760477687572443,-47.41281121951772,santa bárbara d'oeste,SP,2016-01-01 00:00:00.000000,2026-08-27T05:17:09.287600+00:00,D:/D drive recovery/Shiva JH/Projects/OneLake Medallion/data/landing/_reference/geolocation.parquet,_reference
13478,-22.737278419931872,-47.31266995989381,americana,SP,2016-01-01 00:00:00.000000,2026-08-27T05:17:09.287600+00:00,D:/D drive recovery/Shiva JH/Projects/OneLake Medallion/data/landing/_reference/geolocation.parquet,_reference
13632,-22.022040975204572,-47.41320467493181,pirassununga,SP,2016-01-01 00:00:00.000000,2026-08-27T05:17:09.287600+00:00,D:/D drive recovery/Shiva JH/Projects/OneLake Medallion/data/landing/_reference/geolocation.parquet,_reference
13690,-21.915727706969644,-47.62033250569028,descalvado,SP,2016-01-01 00:00:00.000000,2026-08-27T05:17:09.287600+00:00,D:/D drive recovery/Shiva JH/Projects/OneLake Medallion/data/landing/_reference/geolocation.parquet,_reference
13806,-22.410052544109128,-46.97276509151268,mogi mirim,SP,2016-01-01 00:00:00.000000,2026-08-27T05:17:09.287600+00:00,D:/D drive recovery/Shiva JH/Projects/OneLake Medallion/data/landing/_reference/geolocation.parquet,_reference
14020,-21.210104711049134,-47.80139005429387,ribeirao preto,SP,2016-01-01 00:00:00.000000,2026-08-27T05:17:09.287600+00:00,D:/D drive recovery/Shiva JH/Projects/OneLake Medallion/data/landing/_reference/geolocation.parquet,_reference
14055,-21.1575781634253,-47.81743621509692,ribeirao preto,SP,2016-01-01 00:00:00.000000,2026-08-27T05:17:09.287600+00:00,D:/D drive recovery/Shiva JH/Projects/OneLake Medallion/data/landing/_reference/geolocation.parquet,_reference
35920,-19.770824131113795,-43.02637346071022,nova era,MG,2016-01-01 00:00:00.000000,2026-08-27T05:17:09.287600+00:00,D:/D drive recovery/Shiva JH/Projects/OneLake Medallion/data/landing/_reference/geolocation.parquet,_reference
36051,-21.732145344739383,-43.341200445713945,juiz de fora,MG,2016-01-01 00:00:00.000000,2026-08-27T05:17:09.287600+00:00,D:/D drive recovery/Shiva JH/Projects/OneLake Medallion/data/landing/_reference/geolocation.parquet,_reference
36212,-21.189776579896712,-43.97438376637962,barroso,MG,2016-01-01 00:00:00.000000,2026-08-27T05:17:09.287600+00:00,D:/D drive recovery/Shiva JH/Projects/OneLake Medallion/data/landing/_reference/geolocation.parquet,_reference
36505,-21.10975395960748,-42.948015400464,ubá,MG,2016-01-01 00:00:00.000000,2026-08-27T05:17:09.287600+00:00,D:/D drive recovery/Shiva JH/Projects/OneLake Medallion/data/landing/_reference/geolocation.parquet,_reference
37074,-21.585276344697668,-45.454583703786064,varginha,MG,2016-01-01 00:00:00.000000,2026-08-27T05:17:09.287600+00:00,D:/D drive recovery/Shiva JH/Projects/OneLake Medallion/data/landing/_reference/geolocation.parquet,_reference
37655,-22.772937340302025,-46.22335095804688,itapeva,MG,2016-01-01 00:00:00.000000,2026-08-27T05:17:09.287600+00:00,D:/D drive recovery/Shiva JH/Projects/OneLake Medallion/data/landing/_reference/geolocation.parquet,_reference
38180,-19.571949757891144,-46.955418278639776,araxá,MG,2016-01-01 00:00:00.000000,2026-08-27T05:17:09.287600+00:00,D:/D drive recovery/Shiva JH/Projects/OneLake Medallion/data/landing/_reference/geolocation.parquet,_reference
38610,-16.362606334443775,-46.89279560165654,unai,MG,2016-01-01 00:00:00.000000,2026-08-27T05:17:09.287600+00:00,D:/D drive recovery/Shiva JH/Projects/OneLake Medallion/data/landing/_reference/geolocation.parquet,_reference
39403,-16.74508472799934,-43.88799563794789,montes claros,MG,2016-01-01 00:00:00.000000,2026-08-27T05:17:09.287600+00:00,D:/D drive recovery/Shiva JH/Projects/OneLake Medallion/data/landing/_reference/geolocation.parquet,_reference
44021,-12.241961717179295,-38.96893132070517,feira de santana,BA,2016-01-01 00:00:00.000000,2026-08-27T05:17:09.287600+00:00,D:/D drive recovery/Shiva JH/Projects/OneLake Medallion/data/landing/_reference/geolocation.parquet,_reference
49015,-10.923370500160772,-37.04516915038051,aracaju,SE,2016-01-01 00:00:00.000000,2026-08-27T05:17:09.287600+00:00,D:/D drive recovery/Shiva JH/Projects/OneLake Medallion/data/landing/_reference/geolocation.parquet,_reference
49190,-10.738773452795847,-36.85691648794299,pirambu,SE,2016-01-01 00:00:00.000000,2026-08-27T05:17:09.287600+00:00,D:/D drive recovery/Shiva JH/Projects/OneLake Medallion/data/landing/_reference/geolocation.parquet,_reference
50710,-8.038133999999996,-34.909973999999984,recife,PE,2016-01-01 00:00:00.000000,2026-08-27T05:17:09.287600+00:00,D:/D drive recovery/Shiva JH/Projects/OneLake Medallion/data/landing/_reference/geolocation.parquet,_reference
57036,-9.649837477927226,-35.70745033236193,maceio,AL,2016-01-01 00:00:00.000000,2026-08-27T05:17:09.287600+00:00,D:/D drive recovery/Shiva JH/Projects/OneLake Medallion/data/landing/_reference/geolocation.parquet,_reference
57620,-9.537973348155305,-36.63070656476612,igaci,AL,2016-01-01 00:00:00.000000,2026-08-27T05:17:09.287600+00:00,D:/D drive recovery/Shiva JH/Projects/OneLake Medallion/data/landing/_reference/geolocation.parquet,_reference
58397,-6.9666820403891,-35.70005660745292,areia,PB,2016-01-01 00:00:00.000000,2026-08-27T05:17:09.287600+00:00,D:/D drive recovery/Shiva JH/Projects/OneLake Medallion/data/landing/_reference/geolocation.parquet,_reference
58865,-6.494015953708633,-37.44918481392514,sao bento,PB,2016-01-01 00:00:00.000000,2026-08-27T05:17:09.287600+00:00,D:/D drive recovery/Shiva JH/Projects/OneLake Medallion/data/landing/_reference/geolocation.parquet,_reference
60431,-3.738532809048407,-38.5437308731606,fortaleza,CE,2016-01-01 00:00:00.000000,2026-08-27T05:17:09.287600+00:00,D:/D drive recovery/Shiva JH/Projects/OneLake Medallion/data/landing/_reference/geolocation.parquet,_reference
64180,-3.892084643621096,-42.23394623857791,esperantina,PI,2016-01-01 00:00:00.000000,2026-08-27T05:17:09.287600+00:00,D:/D drive recovery/Shiva JH/Projects/OneLake Medallion/data/landing/_reference/geolocation.parquet,_reference
66615,-1.398302853453761,-48.45359410502642,belem,PA,2016-01-01 00:00:00.000000,2026-08-27T05:17:09.287600+00:00,D:/D drive recovery/Shiva JH/Projects/OneLake Medallion/data/landing/_reference/geolocation.parquet,_reference
15603,-20.28375595699078,-50.23935960597549,fernandopolis,SP,2016-01-01 00:00:00.000000,2026-08-27T05:17:09.287600+00:00,D:/D drive recovery/Shiva JH/Projects/OneLake Medallion/data/landing/_reference/geolocation.parquet,_reference
15650,-20.2860298153052,-50.40073964334606,estrela d'oeste,SP,2016-01-01 00:00:00.000000,2026-08-27T05:17:09.287600+00:00,D:/D drive recovery/Shiva JH/Projects/OneLake Medallion/data/landing/_reference/geolocation.parquet,_reference
16301,-21.426570046543283,-50.06791761043272,penapolis,SP,2016-01-01 00:00:00.000000,2026-08-27T05:17:09.287600+00:00,D:/D drive recovery/Shiva JH/Projects/OneLake Medallion/data/landing/_reference/geolocation.parquet,_reference
18270,-23.3512888921318,-47.844533893650215,tatui,SP,2016-01-01 00:00:00.000000,2026-08-27T05:17:09.287600+00:00,D:/D drive recovery/Shiva JH/Projects/OneLake Medallion/data/landing/_reference/geolocation.parquet,_reference
18550,-23.279657630556585,-47.6618565754143,boituva,SP,2016-01-01 00:00:00.000000,2026-08-27T05:17:09.287600+00:00,D:/D drive recovery/Shiva JH/Projects/OneLake Medallion/data/landing/_reference/geolocation.parquet,_reference
19806,-22.657282312191057,-50.41657037194679,assis,SP,2016-01-01 00:00:00.000000,2026-08-27T05:17:09.287600+00:00,D:/D drive recovery/Shiva JH/Projects/OneLake Medallion/data/landing/_reference/geolocation.parquet,_reference
20050,-22.90564695253624,-43.17888623036526,rio de janeiro,RJ,2016-01-01 00:00:00.000000,2026-08-27T05:17:09.287600+00:00,D:/D drive recovery/Shiva JH/Projects/OneLake Medallion/data/landing/_reference/geolocation.parquet,_reference
20735,-22.89834913791924,-43.28603771175494,rio de janeiro,RJ,2016-01-01 00:00:00.000000,2026-08-27T05:17:09.287600+00:00,D:/D drive recovery/Shiva JH/Projects/OneLake Medallion/data/landing/_reference/geolocation.parquet,_reference
20930,-22.89002472433818,-43.23590644033692,rio de janeiro,RJ,2016-01-01 00:00:00.000000,2026-08-27T05:17:09.287600+00:00,D:/D drive recovery/Shiva JH/Projects/OneLake Medallion/data/landing/_reference/geolocation.parquet,_reference
22420,-22.984848450458767,-43.20073414542106,rio de janeiro,RJ,2016-01-01 00:00:00.000000,2026-08-27T05:17:09.287600+00:00,D:/D drive recovery/Shiva JH/Projects/OneLake Medallion/data/landing/_reference/geolocation.parquet,_reference
22450,-22.99399656731484,-43.23396766206948,rio de janeiro,RJ,2016-01-01 00:00:00.000000,2026-08-27T05:17:09.287600+00:00,D:/D drive recovery/Shiva JH/Projects/OneLake Medallion/data/landing/_reference/geolocation.parquet,_reference
28616,-22.31756452149461,-42.517635511479206,nova friburgo,RJ,2016-01-01 00:00:00.000000,2026-08-27T05:17:09.287600+00:00,D:/D drive recovery/Shiva JH/Projects/OneLake Medallion/data/landing/_reference/geolocation.parquet,_reference
28800,-22.7072351350913,-42.62882877464098,rio bonito,RJ,2016-01-01 00:00:00.000000,2026-08-27T05:17:09.287600+00:00,D:/D drive recovery/Shiva JH/Projects/OneLake Medallion/data/landing/_reference/geolocation.parquet,_reference
28941,-22.837704326139622,-42.09941559909131,sao pedro da aldeia,RJ,2016-01-01 00:00:00.000000,2026-08-27T05:17:09.287600+00:00,D:/D drive recovery/Shiva JH/Projects/OneLake Medallion/data/landing/_reference/geolocation.parquet,_reference
29192,-19.832533074852947,-40.26723918916462,aracruz,ES,2016-01-01 00:00:00.000000,2026-08-27T05:17:09.287600+00:00,D:/D drive recovery/Shiva JH/Projects/OneLake Medallion/data/landing/_reference/geolocation.parquet,_reference
29395,-20.23522317591383,-41.51097291118037,ibatiba,ES,2016-01-01 00:00:00.000000,2026-08-27T05:17:09.287600+00:00,D:/D drive recovery/Shiva JH/Projects/OneLake Medallion/data/landing/_reference/geolocation.parquet,_reference
30190,-19.921126734952896,-43.94119674937962,belo horizonte,MG,2016-01-01 00:00:00.000000,2026-08-27T05:17:09.287600+00:00,D:/D drive recovery/Shiva JH/Projects/OneLake Medallion/data/landing/_reference/geolocation.parquet,_reference
30270,-19.92468463835193,-43.90432264946042,belo horizonte,MG,2016-01-01 00:00:00.000000,2026-08-27T05:17:09.287600+00:00,D:/D drive recovery/Shiva JH/Projects/OneLake Medallion/data/landing/_reference/geolocation.parquet,_reference
31515,-19.82150921426511,-43.96683064016958,belo horizonte,MG,2016-01-01 00:00:00.000000,2026-08-27T05:17:09.287600+00:00,D:/D drive recovery/Shiva JH/Projects/OneLake Medallion/data/landing/_reference/geolocation.parquet,_reference
33350,-19.69687998667802,-43.95746358594992,sao jose da lapa,MG,2016-01-01 00:00:00.000000,2026-08-27T05:17:09.287600+00:00,D:/D drive recovery/Shiva JH/Projects/OneLake Medallion/data/landing/_reference/geolocation.parquet,_reference
35540,-20.707432880919285,-44.83297587464295,oliveira,MG,2016-01-01 00:00:00.000000,2026-08-27T05:17:09.287600+00:00,D:/D drive recovery/Shiva JH/Projects/OneLake Medallion/data/landing/_reference/geolocation.parquet,_reference
35557,-20.18523031987543,-44.773348626815135,carmo do cajuru,MG,2016-01-01 00:00:00.000000,2026-08-27T05:17:09.287600+00:00,D:/D drive recovery/Shiva JH/Projects/OneLake Medallion/data/landing/_reference/geolocation.parquet,_reference
35790,-18.753471798241065,-44.42144421298016,curvelo,MG,2016-01-01 00:00:00.000000,2026-08-27T05:17:09.287600+00:00,D:/D drive recovery/Shiva JH/Projects/OneLake Medallion/data/landing/_reference/geolocation.parquet,_reference
80730,-25.4335612739339,-49.29695352080336,curitiba,PR,2016-01-01 00:00:00.000000,2026-08-27T05:17:09.287600+00:00,D:/D drive recovery/Shiva JH/Projects/OneLake Medallion/data/landing/_reference/geolocation.parquet,_reference
81750,-25.51882425644875,-49.2323511633389,curitiba,PR,2016-01-01 00:00:00.000000,2026-08-27T05:17:09.287600+00:00,D:/D drive recovery/Shiva JH/Projects/OneLake Medallion/data/landing/_reference/geolocation.parquet,_reference
82130,-25.38337265556421,-49.27019338449105,curitiba,PR,2016-01-01 00:00:00.000000,2026-08-27T05:17:09.287600+00:00,D:/D drive recovery/Shiva JH/Projects/OneLake Medallion/data/landing/_reference/geolocation.parquet,_reference
83321,-25.44450819623171,-49.17725474672523,pinhais,PR,2016-01-01 00:00:00.000000,2026-08-27T05:17:09.287600+00:00,D:/D drive recovery/Shiva JH/Projects/OneLake Medallion/data/landing/_reference/geolocation.parquet,_reference
84550,-25.62456160218538,-50.69617321748903,reboucas,PR,2016-01-01 00:00:00.000000,2026-08-27T05:17:09.287600+00:00,D:/D drive recovery/Shiva JH/Projects/OneLake Medallion/data/landing/_reference/geolocation.parquet,_reference
84940,-23.682410451768614,-49.82536034961159,siqueira campos,PR,2016-01-01 00:00:00.000000,2026-08-27T05:17:09.287600+00:00,D:/D drive recovery/Shiva JH/Projects/OneLake Medallion/data/landing/_reference/geolocation.parquet,_reference
85810,-24.94812606272721,-53.45992279514128,cascavel,PR,2016-01-01 00:00:00.000000,2026-08-27T05:17:09.287600+00:00,D:/D drive recovery/Shiva JH/Projects/OneLake Medallion/data/landing/_reference/geolocation.parquet,_reference
86390,-23.040032113250348,-50.07998674547623,cambara,PR,2016-01-01 00:00:00.000000,2026-08-27T05:17:09.287600+00:00,D:/D drive recovery/Shiva JH/Projects/OneLake Medallion/data/landing/_reference/geolocation.parquet,_reference
87083,-23.38219409935399,-51.95529780691714,maringa,PR,2016-01-01 00:00:00.000000,2026-08-27T05:17:09.287600+00:00,D:/D drive recovery/Shiva JH/Projects/OneLake Medallion/data/landing/_reference/geolocation.parquet,_reference
87502,-23.757178599774967,-53.29107393545511,umuarama,PR,2016-01-01 00:00:00.000000,2026-08-27T05:17:09.287600+00:00,D:/D drive recovery/Shiva JH/Projects/OneLake Medallion/data/landing/_reference/geolocation.parquet,_reference
88036,-27.590329257833734,-48.52015089439666,florianopolis,SC,2016-01-01 00:00:00.000000,2026-08-27T05:17:09.287600+00:00,D:/D drive recovery/Shiva JH/Projects/OneLake Medallion/data/landing/_reference/geolocation.parquet,_reference
88037,-27.60066334139297,-48.51412134485542,florianopolis,SC,2016-01-01 00:00:00.000000,2026-08-27T05:17:09.287600+00:00,D:/D drive recovery/Shiva JH/Projects/OneLake Medallion/data/landing/_reference/geolocation.parquet,_reference
88051,-27.490138109537263,-48.53100600075863,florianópolis,SC,2016-01-01 00:00:00.000000,2026-08-27T05:17:09.287600+00:00,D:/D drive recovery/Shiva JH/Projects/OneLake Medallion/data/landing/_reference/geolocation.parquet,_reference
88130,-27.639090286961377,-48.65256667241629,palhoca,SC,2016-01-01 00:00:00.000000,2026-08-27T05:17:09.287600+00:00,D:/D drive recovery/Shiva JH/Projects/OneLake Medallion/data/landing/_reference/geolocation.parquet,_reference
01021,-23.54516769470249,-46.63224867958328,sao paulo,SP,2016-01-01 00:00:00.000000,2026-08-27T05:17:09.287600+00:00,D:/D drive recovery/Shiva JH/Projects/OneLake Medallion/data/landing/_reference/geolocation.parquet,_reference
01220,-23.542757999999992,-46.64547398167813,sao paulo,SP,2016-01-01 00:00:00.000000,2026-08-27T05:17:09.287600+00:00,D:/D drive recovery/Shiva JH/Projects/OneLake Medallion/data/landing/_reference/geolocation.parquet,_reference
01328,-23.55542941271852,-46.64533779225576,sao paulo,SP,2016-01-01 00:00:00.000000,2026-08-27T05:17:09.287600+00:00,D:/D drive recovery/Shiva JH/Projects/OneLake Medallion/data/landing/_reference/geolocation.parquet,_reference
01423,-23.568918203156603,-46.656995139736914,sao paulo,SP,2016-01-01 00:00:00.000000,2026-08-27T05:17:09.287600+00:00,D:/D drive recovery/Shiva JH/Projects/OneLake Medallion/data/landing/_reference/geolocation.parquet,_reference
01547,-23.58385247100233,-46.62147971426509,sao paulo,SP,2016-01-01 00:00:00.000000,2026-08-27T05:17:09.287600+00:00,D:/D drive recovery/Shiva JH/Projects/OneLake Medallion/data/landing/_reference/geolocation.parquet,_reference
01550,-23.57203616319466,-46.61521226741304,sao paulo,SP,2016-01-01 00:00:00.000000,2026-08-27T05:17:09.287600+00:00,D:/D drive recovery/Shiva JH/Projects/OneLake Medallion/data/landing/_reference/geolocation.parquet,_reference
02028,-23.50751845268047,-46.6174707485429,sao paulo,SP,2016-01-01 00:00:00.000000,2026-08-27T05:17:09.287600+00:00,D:/D drive recovery/Shiva JH/Projects/OneLake Medallion/data/landing/_reference/geolocation.parquet,_reference
02066,-23.508759080212357,-46.602973042876144,sao paulo,SP,2016-01-01 00:00:00.000000,2026-08-27T05:17:09.287600+00:00,D:/D drive recovery/Shiva JH/Projects/OneLake Medallion/data/landing/_reference/geolocation.parquet,_reference
02258,-23.47623536441803,-46.58210664723873,sao paulo,SP,2016-01-01 00:00:00.000000,2026-08-27T05:17:09.287600+00:00,D:/D drive recovery/Shiva JH/Projects/OneLake Medallion/data/landing/_reference/geolocation.parquet,_reference
02430,-23.4779980335853,-46.650682027468456,sao paulo,SP,2016-01-01 00:00:00.000000,2026-08-27T05:17:09.287600+00:00,D:/D drive recovery/Shiva JH/Projects/OneLake Medallion/data/landing/_reference/geolocation.parquet,_reference
03066,-23.53685341271851,-46.57627420191585,sao paulo,SP,2016-01-01 00:00:00.000000,2026-08-27T05:17:09.287600+00:00,D:/D drive recovery/Shiva JH/Projects/OneLake Medallion/data/landing/_reference/geolocation.parquet,_reference
03220,-23.59081788893495,-46.55126574185525,sao paulo,SP,2016-01-01 00:00:00.000000,2026-08-27T05:17:09.287600+00:00,D:/D drive recovery/Shiva JH/Projects/OneLake Medallion/data/landing/_reference/geolocation.parquet,_reference
03402,-23.54881510978313,-46.53702200298793,sao paulo,SP,2016-01-01 00:00:00.000000,2026-08-27T05:17:09.287600+00:00,D:/D drive recovery/Shiva JH/Projects/OneLake Medallion/data/landing/_reference/geolocation.parquet,_reference
03480,-23.57744033305443,-46.50722430544172,sao paulo,SP,2016-01-01 00:00:00.000000,2026-08-27T05:17:09.287600+00:00,D:/D drive recovery/Shiva JH/Projects/OneLake Medallion/data/landing/_reference/geolocation.parquet,_reference
03564,-23.53321650340715,-46.50046729003948,sao paulo,SP,2016-01-01 00:00:00.000000,2026-08-27T05:17:09.287600+00:00,D:/D drive recovery/Shiva JH/Projects/OneLake Medallion/data/landing/_reference/geolocation.parquet,_reference
03643,-23.527569467943906,-46.53422207369149,sao paulo,SP,2016-01-01 00:00:00.000000,2026-08-27T05:17:09.287600+00:00,D:/D drive recovery/Shiva JH/Projects/OneLake Medallion/data/landing/_reference/geolocation.parquet,_reference
03910,-23.58577348430677,-46.51435485595141,sao paulo,SP,2016-01-01 00:00:00.000000,2026-08-27T05:17:09.287600+00:00,D:/D drive recovery/Shiva JH/Projects/OneLake Medallion/data/landing/_reference/geolocation.parquet,_reference
03951,-23.58848083957529,-46.48847306258296,sao paulo,SP,2016-01-01 00:00:00.000000,2026-08-27T05:17:09.287600+00:00,D:/D drive recovery/Shiva JH/Projects/OneLake Medallion/data/landing/_reference/geolocation.parquet,_reference
04275,-23.593755572854764,-46.61713462101102,sao paulo,SP,2016-01-01 00:00:00.000000,2026-08-27T05:17:09.287600+00:00,D:/D drive recovery/Shiva JH/Projects/OneLake Medallion/data/landing/_reference/geolocation.parquet,_reference
04313,-23.6358037821282,-46.63803244364944,sao paulo,SP,2016-01-01 00:00:00.000000,2026-08-27T05:17:09.287600+00:00,D:/D drive recovery/Shiva JH/Projects/OneLake Medallion/data/landing/_reference/geolocation.parquet,_reference
04401,-23.670706610046736,-46.66108764570951,sao paulo,SP,2016-01-01 00:00:00.000000,2026-08-27T05:17:09.287600+00:00,D:/D drive recovery/Shiva JH/Projects/OneLake Medallion/data/landing/_reference/geolocation.parquet,_reference
04445,-23.68080098473656,-46.6840241297536,sao paulo,SP,2016-01-01 00:00:00.000000,2026-08-27T05:17:09.287600+00:00,D:/D drive recovery/Shiva JH/Projects/OneLake Medallion/data/landing/_reference/geolocation.parquet,_reference
04461,-23.69064467998732,-46.67941996947311,sao paulo,SP,2016-01-01 00:00:00.000000,2026-08-27T05:17:09.287600+00:00,D:/D drive recovery/Shiva JH/Projects/OneLake Medallion/data/landing/_reference/geolocation.parquet,_reference
04676,-23.667425878313043,-46.68567454056232,são paulo,SP,2016-01-01 00:00:00.000000,2026-08-27T05:17:09.287600+00:00,D:/D drive recovery/Shiva JH/Projects/OneLake Medallion/data/landing/_reference/geolocation.parquet,_reference
04929,-23.700208159587977,-46.767377074383965,sao paulo,SP,2016-01-01 00:00:00.000000,2026-08-27T05:17:09.287600+00:00,D:/D drive recovery/Shiva JH/Projects/OneLake Medallion/data/landing/_reference/geolocation.parquet,_reference
05138,-23.48652837407344,-46.73156119999961,sao paulo,SP,2016-01-01 00:00:00.000000,2026-08-27T05:17:09.287600+00:00,D:/D drive recovery/Shiva JH/Projects/OneLake Medallion/data/landing/_reference/geolocation.parquet,_reference
05141,-23.49065997530149,-46.7284764394945,sao paulo,SP,2016-01-01 00:00:00.000000,2026-08-27T05:17:09.287600+00:00,D:/D drive recovery/Shiva JH/Projects/OneLake Medallion/data/landing/_reference/geolocation.parquet,_reference
05346,-23.55520718956661,-46.74582801471517,sao paulo,SP,2016-01-01 00:00:00.000000,2026-08-27T05:17:09.287600+00:00,D:/D drive recovery/Shiva JH/Projects/OneLake Medallion/data/landing/_reference/geolocation.parquet,_reference
05641,-23.61998302859364,-46.7373371441803,sao paulo,SP,2016-01-01 00:00:00.000000,2026-08-27T05:17:09.287600+00:00,D:/D drive recovery/Shiva JH/Projects/OneLake Medallion/data/landing/_reference/geolocation.parquet,_reference
06038,-23.563429288970184,-46.776834047629656,osasco,SP,2016-01-01 00:00:00.000000,2026-08-27T05:17:09.287600+00:00,D:/D drive recovery/Shiva JH/Projects/OneLake Medallion/data/landing/_reference/geolocation.parquet,_reference
06665,-23.5547656072746,-46.94943508267261,itapevi,SP,2016-01-01 00:00:00.000000,2026-08-27T05:17:09.287600+00:00,D:/D drive recovery/Shiva JH/Projects/OneLake Medallion/data/landing/_reference/geolocation.parquet,_reference
28053,-21.746686962011808,-41.353827401724025,campos dos goytacazes,RJ,2016-01-01 00:00:00.000000,2026-08-27T05:17:09.287600+00:00,D:/D drive recovery/Shiva JH/Projects/OneLake Medallion/data/landing/_reference/geolocation.parquet,_reference
28360,-21.14043400563716,-41.67990945229968,bom jesus do itabapoana,RJ,2016-01-01 00:00:00.000000,2026-08-27T05:17:09.287600+00:00,D:/D drive recovery/Shiva JH/Projects/OneLake Medallion/data/landing/_reference/geolocation.parquet,_reference
28994,-22.900589999999998,-42.472008,saquarema,RJ,2016-01-01 00:00:00.000000,2026-08-27T05:17:09.287600+00:00,D:/D drive recovery/Shiva JH/Projects/OneLake Medallion/data/landing/_reference/geolocation.parquet,_reference
29128,-20.50800917100857,-40.37334877994167,vila velha,ES,2016-01-01 00:00:00.000000,2026-08-27T05:17:09.287600+00:00,D:/D drive recovery/Shiva JH/Projects/OneLake Medallion/data/landing/_reference/geolocation.parquet,_reference
29210,-20.665853673556505,-40.51357286261515,guarapari,ES,2016-01-01 00:00:00.000000,2026-08-27T05:17:09.287600+00:00,D:/D drive recovery/Shiva JH/Projects/OneLake Medallion/data/landing/_reference/geolocation.parquet,_reference
29980,-18.414545287640298,-40.21490923272721,pinheiros,ES,2016-01-01 00:00:00.000000,2026-08-27T05:17:09.287600+00:00,D:/D drive recovery/Shiva JH/Projects/OneLake Medallion/data/landing/_reference/geolocation.parquet,_reference
30140,-19.93647134886613,-43.92639691534425,belo horizonte,MG,2016-01-01 00:00:00.000000,2026-08-27T05:17:09.287600+00:00,D:/D drive recovery/Shiva JH/Projects/OneLake Medallion/data/landing/_reference/geolocation.parquet,_reference
30180,-19.926141851520523,-43.93684827200066,belo horizonte,MG,2016-01-01 00:00:00.000000,2026-08-27T05:17:09.287600+00:00,D:/D drive recovery/Shiva JH/Projects/OneLake Medallion/data/landing/_reference/geolocation.parquet,_reference
89201,-26.297897521784314,-48.84623041326677,joinville,SC,2016-01-01 00:00:00.000000,2026-08-27T05:17:09.287600+00:00,D:/D drive recovery/Shiva JH/Projects/OneLake Medallion/data/landing/_reference/geolocation.parquet,_reference
90230,-30.00731246906908,-51.19422244408211,porto alegre,RS,2016-01-01 00:00:00.000000,2026-08-27T05:17:09.287600+00:00,D:/D drive recovery/Shiva JH/Projects/OneLake Medallion/data/landing/_reference/geolocation.parquet,_reference
91360,-30.0222114410237,-51.15161116293486,porto alegre,RS,2016-01-01 00:00:00.000000,2026-08-27T05:17:09.287600+00:00,D:/D drive recovery/Shiva JH/Projects/OneLake Medallion/data/landing/_reference/geolocation.parquet,_reference
93351,-29.651251126642787,-51.14171812609125,novo hamburgo,RS,2016-01-01 00:00:00.000000,2026-08-27T05:17:09.287600+00:00,D:/D drive recovery/Shiva JH/Projects/OneLake Medallion/data/landing/_reference/geolocation.parquet,_reference
94035,-29.94116781294223,-50.9968556284383,gravatai,RS,2016-01-01 00:00:00.000000,2026-08-27T05:17:09.287600+00:00,D:/D drive recovery/Shiva JH/Projects/OneLake Medallion/data/landing/_reference/geolocation.parquet,_reference
94065,-29.94641399464261,-51.052913746428416,gravatai,RS,2016-01-01 00:00:00.000000,2026-08-27T05:17:09.287600+00:00,D:/D drive recovery/Shiva JH/Projects/OneLake Medallion/data/landing/_reference/geolocation.parquet,_reference
95012,-29.16624369279465,-51.209531752064,caxias do sul,RS,2016-01-01 00:00:00.000000,2026-08-27T05:17:09.287600+00:00,D:/D drive recovery/Shiva JH/Projects/OneLake Medallion/data/landing/_reference/geolocation.parquet,_reference
95555,-29.750130537873627,-50.02052715523322,capao da canoa,RS,2016-01-01 00:00:00.000000,2026-08-27T05:17:09.287600+00:00,D:/D drive recovery/Shiva JH/Projects/OneLake Medallion/data/landing/_reference/geolocation.parquet,_reference
95860,-29.77926792082725,-51.85065663817348,taquari,RS,2016-01-01 00:00:00.000000,2026-08-27T05:17:09.287600+00:00,D:/D drive recovery/Shiva JH/Projects/OneLake Medallion/data/landing/_reference/geolocation.parquet,_reference
95900,-29.45957919035882,-51.96768363129545,lajeado,RS,2016-01-01 00:00:00.000000,2026-08-27T05:17:09.287600+00:00,D:/D drive recovery/Shiva JH/Projects/OneLake Medallion/data/landing/_reference/geolocation.parquet,_reference
96200,-32.032076778660375,-52.103793550113096,rio grande,RS,2016-01-01 00:00:00.000000,2026-08-27T05:17:09.287600+00:00,D:/D drive recovery/Shiva JH/Projects/OneLake Medallion/data/landing/_reference/geolocation.parquet,_reference
98750,-28.238124447645266,-53.769646170631695,ajuricaba,RS,2016-01-01 00:00:00.000000,2026-08-27T05:17:09.287600+00:00,D:/D drive recovery/Shiva JH/Projects/OneLake Medallion/data/landing/_reference/geolocation.parquet,_reference
98803,-28.281003423550747,-54.258283178397335,santo ângelo,RS,2016-01-01 00:00:00.000000,2026-08-27T05:17:09.287600+00:00,D:/D drive recovery/Shiva JH/Projects/OneLake Medallion/data/landing/_reference/geolocation.parquet,_reference
13064,-22.89149811512646,-47.14575284988991,campinas,SP,2016-01-01 00:00:00.000000,2026-08-27T05:17:09.287600+00:00,D:/D drive recovery/Shiva JH/Projects/OneLake Medallion/data/landing/_reference/geolocation.parquet,_reference
13232,-23.20706431353269,-46.760735214610754,campo limpo paulista,SP,2016-01-01 00:00:00.000000,2026-08-27T05:17:09.287600+00:00,D:/D drive recovery/Shiva JH/Projects/OneLake Medallion/data/landing/_reference/geolocation.parquet,_reference
13278,-23.00828704369726,-47.00919837209965,valinhos,SP,2016-01-01 00:00:00.000000,2026-08-27T05:17:09.287600+00:00,D:/D drive recovery/Shiva JH/Projects/OneLake Medallion/data/landing/_reference/geolocation.parquet,_reference
13503,-22.404280214539902,-47.57843446971193,rio claro,SP,2016-01-01 00:00:00.000000,2026-08-27T05:17:09.287600+00:00,D:/D drive recovery/Shiva JH/Projects/OneLake Medallion/data/landing/_reference/geolocation.parquet,_reference
13820,-22.689712550377955,-46.98249303136359,jaguariuna,SP,2016-01-01 00:00:00.000000,2026-08-27T05:17:09.287600+00:00,D:/D drive recovery/Shiva JH/Projects/OneLake Medallion/data/landing/_reference/geolocation.parquet,_reference
13830,-22.607003040200272,-46.91414970477579,santo antonio de posse,SP,2016-01-01 00:00:00.000000,2026-08-27T05:17:09.287600+00:00,D:/D drive recovery/Shiva JH/Projects/OneLake Medallion/data/landing/_reference/geolocation.parquet,_reference
14094,-21.194323097917405,-47.74678872433223,ribeirão preto,SP,2016-01-01 00:00:00.000000,2026-08-27T05:17:09.287600+00:00,D:/D drive recovery/Shiva JH/Projects/OneLake Medallion/data/landing/_reference/geolocation.parquet,_reference
14169,-21.13981032620728,-47.97621669537799,sertaozinho,SP,2016-01-01 00:00:00.000000,2026-08-27T05:17:09.287600+00:00,D:/D drive recovery/Shiva JH/Projects/OneLake Medallion/data/landing/_reference/geolocation.parquet,_reference
14409,-20.509897499999997,-47.3978655,franca,SP,2016-01-01 00:00:00.000000,2026-08-27T05:17:09.287600+00:00,D:/D drive recovery/Shiva JH/Projects/OneLake Medallion/data/landing/_reference/geolocation.parquet,_reference
14801,-21.787360438801997,-48.19339828795659,araraquara,SP,2016-01-01 00:00:00.000000,2026-08-27T05:17:09.287600+00:00,D:/D drive recovery/Shiva JH/Projects/OneLake Medallion/data/landing/_reference/geolocation.parquet,_reference
14806,-21.75910441993188,-48.16642293075191,araraquara,SP,2016-01-01 00:00:00.000000,2026-08-27T05:17:09.287600+00:00,D:/D drive recovery/Shiva JH/Projects/OneLake Medallion/data/landing/_reference/geolocation.parquet,_reference
36720,-21.769150075768952,-42.53885130446079,volta grande,MG,2016-01-01 00:00:00.000000,2026-08-27T05:17:09.287600+00:00,D:/D drive recovery/Shiva JH/Projects/OneLake Medallion/data/landing/_reference/geolocation.parquet,_reference
36925,-20.172469420418796,-42.27331856442149,caputira,MG,2016-01-01 00:00:00.000000,2026-08-27T05:17:09.287600+00:00,D:/D drive recovery/Shiva JH/Projects/OneLake Medallion/data/landing/_reference/geolocation.parquet,_reference
37580,-22.42880507067007,-46.569550269431765,monte siao,MG,2016-01-01 00:00:00.000000,2026-08-27T05:17:09.287600+00:00,D:/D drive recovery/Shiva JH/Projects/OneLake Medallion/data/landing/_reference/geolocation.parquet,_reference
38065,-19.73866515681802,-47.93897911197998,uberaba,MG,2016-01-01 00:00:00.000000,2026-08-27T05:17:09.287600+00:00,D:/D drive recovery/Shiva JH/Projects/OneLake Medallion/data/landing/_reference/geolocation.parquet,_reference
38183,-19.5910731707997,-46.945463447657474,araxa,MG,2016-01-01 00:00:00.000000,2026-08-27T05:17:09.287600+00:00,D:/D drive recovery/Shiva JH/Projects/OneLake Medallion/data/landing/_reference/geolocation.parquet,_reference
38400,-18.91595976602804,-48.278974174995646,uberlandia,MG,2016-01-01 00:00:00.000000,2026-08-27T05:17:09.287600+00:00,D:/D drive recovery/Shiva JH/Projects/OneLake Medallion/data/landing/_reference/geolocation.parquet,_reference
38600,-17.217544618114868,-46.88096237582796,paracatu,MG,2016-01-01 00:00:00.000000,2026-08-27T05:17:09.287600+00:00,D:/D drive recovery/Shiva JH/Projects/OneLake Medallion/data/landing/_reference/geolocation.parquet,_reference
83840,-25.87490734545216,-49.499046992503104,quitandinha,PR,2016-01-01 00:00:00.000000,2026-08-27T05:17:09.287600+00:00,D:/D drive recovery/Shiva JH/Projects/OneLake Medallion/data/landing/_reference/geolocation.parquet,_reference
85603,-26.003670174999968,-53.23275043899997,francisco beltrao,PR,2016-01-01 00:00:00.000000,2026-08-27T05:17:09.287600+00:00,D:/D drive recovery/Shiva JH/Projects/OneLake Medallion/data/landing/_reference/geolocation.parquet,_reference
87030,-23.41610450754906,-51.927223591283806,maringa,PR,2016-01-01 00:00:00.000000,2026-08-27T05:17:09.287600+00:00,D:/D drive recovery/Shiva JH/Projects/OneLake Medallion/data/landing/_reference/geolocation.parquet,_reference
87047,-23.41000679702781,-51.88262571961486,maringa,PR,2016-01-01 00:00:00.000000,2026-08-27T05:17:09.287600+00:00,D:/D drive recovery/Shiva JH/Projects/OneLake Medallion/data/landing/_reference/geolocation.parquet,_reference
88085,-27.60731306466045,-48.59058002775691,florianopolis,SC,2016-01-01 00:00:00.000000,2026-08-27T05:17:09.287600+00:00,D:/D drive recovery/Shiva JH/Projects/OneLake Medallion/data/landing/_reference/geolocation.parquet,_reference
88200,-27.24191068154528,-48.61743425899997,tijucas,SC,2016-01-01 00:00:00.000000,2026-08-27T05:17:09.287600+00:00,D:/D drive recovery/Shiva JH/Projects/OneLake Medallion/data/landing/_reference/geolocation.parquet,_reference
88511,-27.835897547319536,-50.31498267346643,lages,SC,2016-01-01 00:00:00.000000,2026-08-27T05:17:09.287600+00:00,D:/D drive recovery/Shiva JH/Projects/OneLake Medallion/data/landing/_reference/geolocation.parquet,_reference
89215,-26.3367734454671,-48.906451424923546,joinville,SC,2016-01-01 00:00:00.000000,2026-08-27T05:17:09.287600+00:00,D:/D drive recovery/Shiva JH/Projects/OneLake Medallion/data/landing/_reference/geolocation.parquet,_reference
89560,-27.00086872288371,-51.14532022116548,videira,SC,2016-01-01 00:00:00.000000,2026-08-27T05:17:09.287600+00:00,D:/D drive recovery/Shiva JH/Projects/OneLake Medallion/data/landing/_reference/geolocation.parquet,_reference
89701,-27.211807695727405,-52.0209908478637,concordia,SC,2016-01-01 00:00:00.000000,2026-08-27T05:17:09.287600+00:00,D:/D drive recovery/Shiva JH/Projects/OneLake Medallion/data/landing/_reference/geolocation.parquet,_reference
90035,-30.02933889702238,-51.21207766403137,porto alegre,RS,2016-01-01 00:00:00.000000,2026-08-27T05:17:09.287600+00:00,D:/D drive recovery/Shiva JH/Projects/OneLake Medallion/data/landing/_reference/geolocation.parquet,_reference
90440,-30.018945290034058,-51.19805308050081,porto alegre,RS,2016-01-01 00:00:00.000000,2026-08-27T05:17:09.287600+00:00,D:/D drive recovery/Shiva JH/Projects/OneLake Medallion/data/landing/_reference/geolocation.parquet,_reference
91920,-30.110020899532547,-51.23162798932419,porto alegre,RS,2016-01-01 00:00:00.000000,2026-08-27T05:17:09.287600+00:00,D:/D drive recovery/Shiva JH/Projects/OneLake Medallion/data/landing/_reference/geolocation.parquet,_reference
15502,-20.405604560394835,-49.99195266803888,votuporanga,SP,2016-01-01 00:00:00.000000,2026-08-27T05:17:09.287600+00:00,D:/D drive recovery/Shiva JH/Projects/OneLake Medallion/data/landing/_reference/geolocation.parquet,_reference
16901,-20.899751311962603,-51.36595622231519,andradina,SP,2016-01-01 00:00:00.000000,2026-08-27T05:17:09.287600+00:00,D:/D drive recovery/Shiva JH/Projects/OneLake Medallion/data/landing/_reference/geolocation.parquet,_reference
17900,-21.4988715,-51.53786099999999,dracena,SP,2016-01-01 00:00:00.000000,2026-08-27T05:17:09.287600+00:00,D:/D drive recovery/Shiva JH/Projects/OneLake Medallion/data/landing/_reference/geolocation.parquet,_reference
18705,-23.092342721622696,-48.94030210644007,avare,SP,2016-01-01 00:00:00.000000,2026-08-27T05:17:09.287600+00:00,D:/D drive recovery/Shiva JH/Projects/OneLake Medallion/data/landing/_reference/geolocation.parquet,_reference
18800,-23.200603133077674,-49.38191047731838,piraju,SP,2016-01-01 00:00:00.000000,2026-08-27T05:17:09.287600+00:00,D:/D drive recovery/Shiva JH/Projects/OneLake Medallion/data/landing/_reference/geolocation.parquet,_reference
20090,-22.897963477927224,-43.178970829447735,rio de janeiro,RJ,2016-01-01 00:00:00.000000,2026-08-27T05:17:09.287600+00:00,D:/D drive recovery/Shiva JH/Projects/OneLake Medallion/data/landing/_reference/geolocation.parquet,_reference
20510,-22.93264121120669,-43.23915878100303,rio de janeiro,RJ,2016-01-01 00:00:00.000000,2026-08-27T05:17:09.287600+00:00,D:/D drive recovery/Shiva JH/Projects/OneLake Medallion/data/landing/_reference/geolocation.parquet,_reference
22081,-22.9860379483813,-43.19247513503371,rio de janeiro,RJ,2016-01-01 00:00:00.000000,2026-08-27T05:17:09.287600+00:00,D:/D drive recovery/Shiva JH/Projects/OneLake Medallion/data/landing/_reference/geolocation.parquet,_reference
13484,-22.541719708891844,-47.427681190013296,limeira,SP,2016-01-01 00:00:00.000000,2026-08-27T05:17:09.287600+00:00,D:/D drive recovery/Shiva JH/Projects/OneLake Medallion/data/landing/_reference/geolocation.parquet,_reference
13520,-22.5567717701264,-47.91123662245614,sao pedro,SP,2016-01-01 00:00:00.000000,2026-08-27T05:17:09.287600+00:00,D:/D drive recovery/Shiva JH/Projects/OneLake Medallion/data/landing/_reference/geolocation.parquet,_reference
14110,-21.185944576067463,-47.81498292186677,bonfim paulista,SP,2016-01-01 00:00:00.000000,2026-08-27T05:17:09.287600+00:00,D:/D drive recovery/Shiva JH/Projects/OneLake Medallion/data/landing/_reference/geolocation.parquet,_reference
14160,-21.13146388576363,-47.9959677574636,sertaozinho,SP,2016-01-01 00:00:00.000000,2026-08-27T05:17:09.287600+00:00,D:/D drive recovery/Shiva JH/Projects/OneLake Medallion/data/landing/_reference/geolocation.parquet,_reference
14400,-20.53193450696372,-47.399446711253766,franca,SP,2016-01-01 00:00:00.000000,2026-08-27T05:17:09.287600+00:00,D:/D drive recovery/Shiva JH/Projects/OneLake Medallion/data/landing/_reference/geolocation.parquet,_reference
14530,-20.189440990108366,-48.02461316345813,miguelopolis,SP,2016-01-01 00:00:00.000000,2026-08-27T05:17:09.287600+00:00,D:/D drive recovery/Shiva JH/Projects/OneLake Medallion/data/landing/_reference/geolocation.parquet,_reference
14709,-20.928623885001464,-48.49299639722605,bebedouro,SP,2016-01-01 00:00:00.000000,2026-08-27T05:17:09.287600+00:00,D:/D drive recovery/Shiva JH/Projects/OneLake Medallion/data/landing/_reference/geolocation.parquet,_reference
14780,-20.55352180460502,-48.57715926810552,barretos,SP,2016-01-01 00:00:00.000000,2026-08-27T05:17:09.287600+00:00,D:/D drive recovery/Shiva JH/Projects/OneLake Medallion/data/landing/_reference/geolocation.parquet,_reference
14781,-20.5342210194687,-48.56356843130872,barretos,SP,2016-01-01 00:00:00.000000,2026-08-27T05:17:09.287600+00:00,D:/D drive recovery/Shiva JH/Projects/OneLake Medallion/data/landing/_reference/geolocation.parquet,_reference
14910,-21.745080000000005,-48.690252000000015,tabatinga,SP,2016-01-01 00:00:00.000000,2026-08-27T05:17:09.287600+00:00,D:/D drive recovery/Shiva JH/Projects/OneLake Medallion/data/landing/_reference/geolocation.parquet,_reference
14940,-21.7664768468313,-48.83154737836604,ibitinga,SP,2016-01-01 00:00:00.000000,2026-08-27T05:17:09.287600+00:00,D:/D drive recovery/Shiva JH/Projects/OneLake Medallion/data/landing/_reference/geolocation.parquet,_reference
15030,-20.79075839726487,-49.38146791931792,sao jose do rio preto,SP,2016-01-01 00:00:00.000000,2026-08-27T05:17:09.287600+00:00,D:/D drive recovery/Shiva JH/Projects/OneLake Medallion/data/landing/_reference/geolocation.parquet,_reference
18047,-23.528263892867443,-47.46533071051421,sorocaba,SP,2016-01-01 00:00:00.000000,2026-08-27T05:17:09.287600+00:00,D:/D drive recovery/Shiva JH/Projects/OneLake Medallion/data/landing/_reference/geolocation.parquet,_reference
30320,-19.967184837093797,-43.93938369525075,belo horizonte,MG,2016-01-01 00:00:00.000000,2026-08-27T05:17:09.287600+00:00,D:/D drive recovery/Shiva JH/Projects/OneLake Medallion/data/landing/_reference/geolocation.parquet,_reference
30330,-19.946196357099623,-43.9437268711148,belo horizonte,MG,2016-01-01 00:00:00.000000,2026-08-27T05:17:09.287600+00:00,D:/D drive recovery/Shiva JH/Projects/OneLake Medallion/data/landing/_reference/geolocation.parquet,_reference
30620,-19.97683947121829,-44.00208279362338,belo horizonte,MG,2016-01-01 00:00:00.000000,2026-08-27T05:17:09.287600+00:00,D:/D drive recovery/Shiva JH/Projects/OneLake Medallion/data/landing/_reference/geolocation.parquet,_reference
30882,-19.885567704137557,-44.00816196779967,belo horizonte,MG,2016-01-01 00:00:00.000000,2026-08-27T05:17:09.287600+00:00,D:/D drive recovery/Shiva JH/Projects/OneLake Medallion/data/landing/_reference/geolocation.parquet,_reference
31710,-19.843708202868147,-43.95899630890419,belo horizonte,MG,2016-01-01 00:00:00.000000,2026-08-27T05:17:09.287600+00:00,D:/D drive recovery/Shiva JH/Projects/OneLake Medallion/data/landing/_reference/geolocation.parquet,_reference
32013,-19.931008601177325,-44.08770705040729,contagem,MG,2016-01-01 00:00:00.000000,2026-08-27T05:17:09.287600+00:00,D:/D drive recovery/Shiva JH/Projects/OneLake Medallion/data/landing/_reference/geolocation.parquet,_reference
35041,-18.892159876932304,-41.95273608832108,governador valadares,MG,2016-01-01 00:00:00.000000,2026-08-27T05:17:09.287600+00:00,D:/D drive recovery/Shiva JH/Projects/OneLake Medallion/data/landing/_reference/geolocation.parquet,_reference
35501,-20.15825132557966,-44.88243792415554,divinopolis,MG,2016-01-01 00:00:00.000000,2026-08-27T05:17:09.287600+00:00,D:/D drive recovery/Shiva JH/Projects/OneLake Medallion/data/landing/_reference/geolocation.parquet,_reference
36020,-21.780220851749,-43.33106512508012,juiz de fora,MG,2016-01-01 00:00:00.000000,2026-08-27T05:17:09.287600+00:00,D:/D drive recovery/Shiva JH/Projects/OneLake Medallion/data/landing/_reference/geolocation.parquet,_reference
36660,-21.865605010277115,-42.70586701424656,alem paraiba,MG,2016-01-01 00:00:00.000000,2026-08-27T05:17:09.287600+00:00,D:/D drive recovery/Shiva JH/Projects/OneLake Medallion/data/landing/_reference/geolocation.parquet,_reference
08120,-23.502353609483983,-46.38977642182569,sao paulo,SP,2016-01-01 00:00:00.000000,2026-08-27T05:17:09.287600+00:00,D:/D drive recovery/Shiva JH/Projects/OneLake Medallion/data/landing/_reference/geolocation.parquet,_reference
08577,-23.48262344063541,-46.37448952833195,itaquaquecetuba,SP,2016-01-01 00:00:00.000000,2026-08-27T05:17:09.287600+00:00,D:/D drive recovery/Shiva JH/Projects/OneLake Medallion/data/landing/_reference/geolocation.parquet,_reference
08674,-23.54981766773588,-46.31698283355356,suzano,SP,2016-01-01 00:00:00.000000,2026-08-27T05:17:09.287600+00:00,D:/D drive recovery/Shiva JH/Projects/OneLake Medallion/data/landing/_reference/geolocation.parquet,_reference
08676,-23.552826070523995,-46.3066973449648,suzano,SP,2016-01-01 00:00:00.000000,2026-08-27T05:17:09.287600+00:00,D:/D drive recovery/Shiva JH/Projects/OneLake Medallion/data/landing/_reference/geolocation.parquet,_reference
09320,-23.65766142881868,-46.44665235596392,maua,SP,2016-01-01 00:00:00.000000,2026-08-27T05:17:09.287600+00:00,D:/D drive recovery/Shiva JH/Projects/OneLake Medallion/data/landing/_reference/geolocation.parquet,_reference
09330,-23.66203473621403,-46.43295618463559,maua,SP,2016-01-01 00:00:00.000000,2026-08-27T05:17:09.287600+00:00,D:/D drive recovery/Shiva JH/Projects/OneLake Medallion/data/landing/_reference/geolocation.parquet,_reference
09371,-23.66569884901035,-46.48402130858707,maua,SP,2016-01-01 00:00:00.000000,2026-08-27T05:17:09.287600+00:00,D:/D drive recovery/Shiva JH/Projects/OneLake Medallion/data/landing/_reference/geolocation.parquet,_reference
09932,-23.663578504587623,-46.61717632638933,diadema,SP,2016-01-01 00:00:00.000000,2026-08-27T05:17:09.287600+00:00,D:/D drive recovery/Shiva JH/Projects/OneLake Medallion/data/landing/_reference/geolocation.parquet,_reference
11030,-23.98768568858566,-46.297635034422015,santos,SP,2016-01-01 00:00:00.000000,2026-08-27T05:17:09.287600+00:00,D:/D drive recovery/Shiva JH/Projects/OneLake Medallion/data/landing/_reference/geolocation.parquet,_reference
98025,-28.637796465784547,-53.60409081119892,cruz alta,RS,2016-01-01 00:00:00.000000,2026-08-27T05:17:09.287600+00:00,D:/D drive recovery/Shiva JH/Projects/OneLake Medallion/data/landing/_reference/geolocation.parquet,_reference
14180,-21.033781290831215,-48.0321875274595,pontal,SP,2016-01-01 00:00:00.000000,2026-08-27T05:17:09.287600+00:00,D:/D drive recovery/Shiva JH/Projects/OneLake Medallion/data/landing/_reference/geolocation.parquet,_reference
14401,-20.530671079410943,-47.39851931627846,franca,SP,2016-01-01 00:00:00.000000,2026-08-27T05:17:09.287600+00:00,D:/D drive recovery/Shiva JH/Projects/OneLake Medallion/data/landing/_reference/geolocation.parquet,_reference
14500,-20.317321012349943,-47.78078066138952,ituverava,SP,2016-01-01 00:00:00.000000,2026-08-27T05:17:09.287600+00:00,D:/D drive recovery/Shiva JH/Projects/OneLake Medallion/data/landing/_reference/geolocation.parquet,_reference
15775,-20.212393090480735,-50.941471352999706,santa fe do sul,SP,2016-01-01 00:00:00.000000,2026-08-27T05:17:09.287600+00:00,D:/D drive recovery/Shiva JH/Projects/OneLake Medallion/data/landing/_reference/geolocation.parquet,_reference
15910,-21.255170217894637,-48.48570186533153,monte alto,SP,2016-01-01 00:00:00.000000,2026-08-27T05:17:09.287600+00:00,D:/D drive recovery/Shiva JH/Projects/OneLake Medallion/data/landing/_reference/geolocation.parquet,_reference
17056,-22.353122459390228,-49.0981396206503,bauru,SP,2016-01-01 00:00:00.000000,2026-08-27T05:17:09.287600+00:00,D:/D drive recovery/Shiva JH/Projects/OneLake Medallion/data/landing/_reference/geolocation.parquet,_reference
17250,-22.087700920983718,-48.7476570587839,bariri,SP,2016-01-01 00:00:00.000000,2026-08-27T05:17:09.287600+00:00,D:/D drive recovery/Shiva JH/Projects/OneLake Medallion/data/landing/_reference/geolocation.parquet,_reference
17280,-22.3308507978399,-48.80069173298912,pederneiras,SP,2016-01-01 00:00:00.000000,2026-08-27T05:17:09.287600+00:00,D:/D drive recovery/Shiva JH/Projects/OneLake Medallion/data/landing/_reference/geolocation.parquet,_reference
17500,-22.217405964096468,-49.95110711067839,marilia,SP,2016-01-01 00:00:00.000000,2026-08-27T05:17:09.287600+00:00,D:/D drive recovery/Shiva JH/Projects/OneLake Medallion/data/landing/_reference/geolocation.parquet,_reference
24455,-22.811353604784248,-43.02419821740285,sao goncalo,RJ,2016-01-01 00:00:00.000000,2026-08-27T05:17:09.287600+00:00,D:/D drive recovery/Shiva JH/Projects/OneLake Medallion/data/landing/_reference/geolocation.parquet,_reference
25812,-22.101819831639578,-43.18965483635945,três rios,RJ,2016-01-01 00:00:00.000000,2026-08-27T05:17:09.287600+00:00,D:/D drive recovery/Shiva JH/Projects/OneLake Medallion/data/landing/_reference/geolocation.parquet,_reference
25957,-22.428725888669057,-42.97556752642736,teresopolis,RJ,2016-01-01 00:00:00.000000,2026-08-27T05:17:09.287600+00:00,D:/D drive recovery/Shiva JH/Projects/OneLake Medallion/data/landing/_reference/geolocation.parquet,_reference
26210,-22.75604232652301,-43.45465536177899,nova iguaçu,RJ,2016-01-01 00:00:00.000000,2026-08-27T05:17:09.287600+00:00,D:/D drive recovery/Shiva JH/Projects/OneLake Medallion/data/landing/_reference/geolocation.parquet,_reference
26265,-22.76349068629001,-43.48523296340309,nova iguacu,RJ,2016-01-01 00:00:00.000000,2026-08-27T05:17:09.287600+00:00,D:/D drive recovery/Shiva JH/Projects/OneLake Medallion/data/landing/_reference/geolocation.parquet,_reference
27110,-22.475705751194017,-43.8357998606426,barra do pirai,RJ,2016-01-01 00:00:00.000000,2026-08-27T05:17:09.287600+00:00,D:/D drive recovery/Shiva JH/Projects/OneLake Medallion/data/landing/_reference/geolocation.parquet,_reference
27930,-22.403381937186253,-41.80967113254423,macae,RJ,2016-01-01 00:00:00.000000,2026-08-27T05:17:09.287600+00:00,D:/D drive recovery/Shiva JH/Projects/OneLake Medallion/data/landing/_reference/geolocation.parquet,_reference
28010,-21.76030683669503,-41.32653140262073,campos dos goytacazes,RJ,2016-01-01 00:00:00.000000,2026-08-27T05:17:09.287600+00:00,D:/D drive recovery/Shiva JH/Projects/OneLake Medallion/data/landing/_reference/geolocation.parquet,_reference
28990,-22.91119567907111,-42.47940224673698,saquarema,RJ,2016-01-01 00:00:00.000000,2026-08-27T05:17:09.287600+00:00,D:/D drive recovery/Shiva JH/Projects/OneLake Medallion/data/landing/_reference/geolocation.parquet,_reference
30230,-19.939705074785014,-43.90862671564922,belo horizonte,MG,2016-01-01 00:00:00.000000,2026-08-27T05:17:09.287600+00:00,D:/D drive recovery/Shiva JH/Projects/OneLake Medallion/data/landing/_reference/geolocation.parquet,_reference
30315,-19.95455748237063,-43.93409969455826,belo horizonte,MG,2016-01-01 00:00:00.000000,2026-08-27T05:17:09.287600+00:00,D:/D drive recovery/Shiva JH/Projects/OneLake Medallion/data/landing/_reference/geolocation.parquet,_reference
30710,-19.91381429309248,-43.960776155288805,belo horizonte,MG,2016-01-01 00:00:00.000000,2026-08-27T05:17:09.287600+00:00,D:/D drive recovery/Shiva JH/Projects/OneLake Medallion/data/landing/_reference/geolocation.parquet,_reference
89221,-26.280106009435062,-48.83969902192853,joinville,SC,2016-01-01 00:00:00.000000,2026-08-27T05:17:09.287600+00:00,D:/D drive recovery/Shiva JH/Projects/OneLake Medallion/data/landing/_reference/geolocation.parquet,_reference
92130,-29.957644549281436,-51.1617512235846,canoas,RS,2016-01-01 00:00:00.000000,2026-08-27T05:17:09.287600+00:00,D:/D drive recovery/Shiva JH/Projects/OneLake Medallion/data/landing/_reference/geolocation.parquet,_reference
95670,-29.37923247792722,-50.88445107799066,gramado,RS,2016-01-01 00:00:00.000000,2026-08-27T05:17:09.287600+00:00,D:/D drive recovery/Shiva JH/Projects/OneLake Medallion/data/landing/_reference/geolocation.parquet,_reference
95880,-29.498401199764288,-51.963582910074,estrela,RS,2016-01-01 00:00:00.000000,2026-08-27T05:17:09.287600+00:00,D:/D drive recovery/Shiva JH/Projects/OneLake Medallion/data/landing/_reference/geolocation.parquet,_reference
96020,-31.77241286955392,-52.34399183819032,pelotas,RS,2016-01-01 00:00:00.000000,2026-08-27T05:17:09.287600+00:00,D:/D drive recovery/Shiva JH/Projects/OneLake Medallion/data/landing/_reference/geolocation.parquet,_reference
96170,-31.3666332819698,-51.977665473716826,sao lourenco do sul,RS,2016-01-01 00:00:00.000000,2026-08-27T05:17:09.287600+00:00,D:/D drive recovery/Shiva JH/Projects/OneLake Medallion/data/landing/_reference/geolocation.parquet,_reference
97900,-28.14704544762608,-54.73552046611099,cerro largo,RS,2016-01-01 00:00:00.000000,2026-08-27T05:17:09.287600+00:00,D:/D drive recovery/Shiva JH/Projects/OneLake Medallion/data/landing/_reference/geolocation.parquet,_reference
35530,-20.43773362250285,-44.75914024487753,claudio,MG,2016-01-01 00:00:00.000000,2026-08-27T05:17:09.287600+00:00,D:/D drive recovery/Shiva JH/Projects/OneLake Medallion/data/landing/_reference/geolocation.parquet,_reference
36130,-22.083484503870817,-43.82951572206824,rio preto,MG,2016-01-01 00:00:00.000000,2026-08-27T05:17:09.287600+00:00,D:/D drive recovery/Shiva JH/Projects/OneLake Medallion/data/landing/_reference/geolocation.parquet,_reference
37800,-21.309842064487707,-46.7248749153552,guaxupé,MG,2016-01-01 00:00:00.000000,2026-08-27T05:17:09.287600+00:00,D:/D drive recovery/Shiva JH/Projects/OneLake Medallion/data/landing/_reference/geolocation.parquet,_reference
37900,-20.72024570526651,-46.61199522720165,passos,MG,2016-01-01 00:00:00.000000,2026-08-27T05:17:09.287600+00:00,D:/D drive recovery/Shiva JH/Projects/OneLake Medallion/data/landing/_reference/geolocation.parquet,_reference
38073,-19.73619047100233,-47.902259823619374,uberaba,MG,2016-01-01 00:00:00.000000,2026-08-27T05:17:09.287600+00:00,D:/D drive recovery/Shiva JH/Projects/OneLake Medallion/data/landing/_reference/geolocation.parquet,_reference
38411,-18.939794605603343,-48.28780246390452,uberlandia,MG,2016-01-01 00:00:00.000000,2026-08-27T05:17:09.287600+00:00,D:/D drive recovery/Shiva JH/Projects/OneLake Medallion/data/landing/_reference/geolocation.parquet,_reference
38665,-15.214221895021415,-46.81607236757931,serra bonita,MG,2016-01-01 00:00:00.000000,2026-08-27T05:17:09.287600+00:00,D:/D drive recovery/Shiva JH/Projects/OneLake Medallion/data/landing/_reference/geolocation.parquet,_reference
38950,-19.598096999999942,-46.61303299999997,ibia,MG,2016-01-01 00:00:00.000000,2026-08-27T05:17:09.287600+00:00,D:/D drive recovery/Shiva JH/Projects/OneLake Medallion/data/landing/_reference/geolocation.parquet,_reference
39560,-16.172478702331222,-42.28912455349682,salinas,MG,2016-01-01 00:00:00.000000,2026-08-27T05:17:09.287600+00:00,D:/D drive recovery/Shiva JH/Projects/OneLake Medallion/data/landing/_reference/geolocation.parquet,_reference
45810,-16.44446967266491,-39.06166956260506,porto seguro,BA,2016-01-01 00:00:00.000000,2026-08-27T05:17:09.287600+00:00,D:/D drive recovery/Shiva JH/Projects/OneLake Medallion/data/landing/_reference/geolocation.parquet,_reference
49010,-10.910514518754546,-37.05240077699233,aracaju,SE,2016-01-01 00:00:00.000000,2026-08-27T05:17:09.287600+00:00,D:/D drive recovery/Shiva JH/Projects/OneLake Medallion/data/landing/_reference/geolocation.parquet,_reference
54800,-8.115659081703685,-35.09941870029632,moreno,PE,2016-01-01 00:00:00.000000,2026-08-27T05:17:09.287600+00:00,D:/D drive recovery/Shiva JH/Projects/OneLake Medallion/data/landing/_reference/geolocation.parquet,_reference
55195,-7.946001155478501,-36.212799606322896,santa cruz do capibaribe,PE,2016-01-01 00:00:00.000000,2026-08-27T05:17:09.287600+00:00,D:/D drive recovery/Shiva JH/Projects/OneLake Medallion/data/landing/_reference/geolocation.parquet,_reference
15130,-20.806068345905757,-49.50314249273567,mirassol,SP,2016-01-01 00:00:00.000000,2026-08-27T05:17:09.287600+00:00,D:/D drive recovery/Shiva JH/Projects/OneLake Medallion/data/landing/_reference/geolocation.parquet,_reference
15500,-20.42166389708112,-49.96336392178048,votuporanga,SP,2016-01-01 00:00:00.000000,2026-08-27T05:17:09.287600+00:00,D:/D drive recovery/Shiva JH/Projects/OneLake Medallion/data/landing/_reference/geolocation.parquet,_reference
16025,-21.211056293204475,-50.46139197317208,araçatuba,SP,2016-01-01 00:00:00.000000,2026-08-27T05:17:09.287600+00:00,D:/D drive recovery/Shiva JH/Projects/OneLake Medallion/data/landing/_reference/geolocation.parquet,_reference
18130,-23.53626695697963,-47.13489184347044,sao roque,SP,2016-01-01 00:00:00.000000,2026-08-27T05:17:09.287600+00:00,D:/D drive recovery/Shiva JH/Projects/OneLake Medallion/data/landing/_reference/geolocation.parquet,_reference
18285,-23.235338322949616,-47.96399245493129,cesario lange,SP,2016-01-01 00:00:00.000000,2026-08-27T05:17:09.287600+00:00,D:/D drive recovery/Shiva JH/Projects/OneLake Medallion/data/landing/_reference/geolocation.parquet,_reference
18683,-22.6025864711492,-48.81247149518349,lencois paulista,SP,2016-01-01 00:00:00.000000,2026-08-27T05:17:09.287600+00:00,D:/D drive recovery/Shiva JH/Projects/OneLake Medallion/data/landing/_reference/geolocation.parquet,_reference
19470,-21.77289607496572,-52.10945787915076,presidente epitacio,SP,2016-01-01 00:00:00.000000,2026-08-27T05:17:09.287600+00:00,D:/D drive recovery/Shiva JH/Projects/OneLake Medallion/data/landing/_reference/geolocation.parquet,_reference
20250,-22.92048954687608,-43.208592127894754,rio de janeiro,RJ,2016-01-01 00:00:00.000000,2026-08-27T05:17:09.287600+00:00,D:/D drive recovery/Shiva JH/Projects/OneLake Medallion/data/landing/_reference/geolocation.parquet,_reference
20260,-22.913297402446734,-43.20920670635925,rio de janeiro,RJ,2016-01-01 00:00:00.000000,2026-08-27T05:17:09.287600+00:00,D:/D drive recovery/Shiva JH/Projects/OneLake Medallion/data/landing/_reference/geolocation.parquet,_reference
20730,-22.904412621956567,-43.29838837121235,rio de janeiro,RJ,2016-01-01 00:00:00.000000,2026-08-27T05:17:09.287600+00:00,D:/D drive recovery/Shiva JH/Projects/OneLake Medallion/data/landing/_reference/geolocation.parquet,_reference
36070,-21.76828625367879,-43.32801924271453,juiz de fora,MG,2016-01-01 00:00:00.000000,2026-08-27T05:17:09.287600+00:00,D:/D drive recovery/Shiva JH/Projects/OneLake Medallion/data/landing/_reference/geolocation.parquet,_reference
36400,-20.653541574550808,-43.79083732604181,conselheiro lafaiete,MG,2016-01-01 00:00:00.000000,2026-08-27T05:17:09.287600+00:00,D:/D drive recovery/Shiva JH/Projects/OneLake Medallion/data/landing/_reference/geolocation.parquet,_reference
36570,-20.721937677884224,-42.86601159708953,vicosa,MG,2016-01-01 00:00:00.000000,2026-08-27T05:17:09.287600+00:00,D:/D drive recovery/Shiva JH/Projects/OneLake Medallion/data/landing/_reference/geolocation.parquet,_reference
36800,-20.73445258960086,-42.03154458299644,carangola,MG,2016-01-01 00:00:00.000000,2026-08-27T05:17:09.287600+00:00,D:/D drive recovery/Shiva JH/Projects/OneLake Medallion/data/landing/_reference/geolocation.parquet,_reference
37002,-21.556465435793378,-45.44002728396701,varginha,MG,2016-01-01 00:00:00.000000,2026-08-27T05:17:09.287600+00:00,D:/D drive recovery/Shiva JH/Projects/OneLake Medallion/data/landing/_reference/geolocation.parquet,_reference
37945,-20.76424619899846,-46.21645563215535,sao jose da barra,MG,2016-01-01 00:00:00.000000,2026-08-27T05:17:09.287600+00:00,D:/D drive recovery/Shiva JH/Projects/OneLake Medallion/data/landing/_reference/geolocation.parquet,_reference
38500,-18.744571632540573,-47.49315766761771,monte carmelo,MG,2016-01-01 00:00:00.000000,2026-08-27T05:17:09.287600+00:00,D:/D drive recovery/Shiva JH/Projects/OneLake Medallion/data/landing/_reference/geolocation.parquet,_reference
26900,-22.44974379200504,-43.47433038872875,miguel pereira,RJ,2016-01-01 00:00:00.000000,2026-08-27T05:17:09.287600+00:00,D:/D drive recovery/Shiva JH/Projects/OneLake Medallion/data/landing/_reference/geolocation.parquet,_reference
27175,-22.609469999999945,-43.91234449999996,pirai,RJ,2016-01-01 00:00:00.000000,2026-08-27T05:17:09.287600+00:00,D:/D drive recovery/Shiva JH/Projects/OneLake Medallion/data/landing/_reference/geolocation.parquet,_reference
27514,-22.472668597220245,-44.44782129960289,resende,RJ,2016-01-01 00:00:00.000000,2026-08-27T05:17:09.287600+00:00,D:/D drive recovery/Shiva JH/Projects/OneLake Medallion/data/landing/_reference/geolocation.parquet,_reference
28020,-21.78080222519011,-41.30502259827724,campos dos goytacazes,RJ,2016-01-01 00:00:00.000000,2026-08-27T05:17:09.287600+00:00,D:/D drive recovery/Shiva JH/Projects/OneLake Medallion/data/landing/_reference/geolocation.parquet,_reference
29070,-20.2718481135092,-40.290147702464125,vitoria,ES,2016-01-01 00:00:00.000000,2026-08-27T05:17:09.287600+00:00,D:/D drive recovery/Shiva JH/Projects/OneLake Medallion/data/landing/_reference/geolocation.parquet,_reference
29199,-19.931210792764496,-40.14900953651933,aracruz,ES,2016-01-01 00:00:00.000000,2026-08-27T05:17:09.287600+00:00,D:/D drive recovery/Shiva JH/Projects/OneLake Medallion/data/landing/_reference/geolocation.parquet,_reference
30610,-19.97308321204341,-43.993915281435726,belo horizonte,MG,2016-01-01 00:00:00.000000,2026-08-27T05:17:09.287600+00:00,D:/D drive recovery/Shiva JH/Projects/OneLake Medallion/data/landing/_reference/geolocation.parquet,_reference
31545,-19.8379260903476,-44.00705499636726,belo horizonte,MG,2016-01-01 00:00:00.000000,2026-08-27T05:17:09.287600+00:00,D:/D drive recovery/Shiva JH/Projects/OneLake Medallion/data/landing/_reference/geolocation.parquet,_reference
31842,-19.840168078827364,-43.92329932223438,belo horizonte,MG,2016-01-01 00:00:00.000000,2026-08-27T05:17:09.287600+00:00,D:/D drive recovery/Shiva JH/Projects/OneLake Medallion/data/landing/_reference/geolocation.parquet,_reference
32041,-19.914063847840072,-44.07076715589755,contagem,MG,2016-01-01 00:00:00.000000,2026-08-27T05:17:09.287600+00:00,D:/D drive recovery/Shiva JH/Projects/OneLake Medallion/data/landing/_reference/geolocation.parquet,_reference
33030,-19.78407691318338,-43.92964052626267,santa luzia,MG,2016-01-01 00:00:00.000000,2026-08-27T05:17:09.287600+00:00,D:/D drive recovery/Shiva JH/Projects/OneLake Medallion/data/landing/_reference/geolocation.parquet,_reference
33500,-19.62981215025736,-43.9923366753093,confins,MG,2016-01-01 00:00:00.000000,2026-08-27T05:17:09.287600+00:00,D:/D drive recovery/Shiva JH/Projects/OneLake Medallion/data/landing/_reference/geolocation.parquet,_reference
35123,-19.071899689774607,-41.860297326327526,capitão andrade,MG,2016-01-01 00:00:00.000000,2026-08-27T05:17:09.287600+00:00,D:/D drive recovery/Shiva JH/Projects/OneLake Medallion/data/landing/_reference/geolocation.parquet,_reference
35162,-19.4780955431646,-42.55679483097696,ipatinga,MG,2016-01-01 00:00:00.000000,2026-08-27T05:17:09.287600+00:00,D:/D drive recovery/Shiva JH/Projects/OneLake Medallion/data/landing/_reference/geolocation.parquet,_reference
07172,-23.422664682209017,-46.433081147931205,guarulhos,SP,2016-01-01 00:00:00.000000,2026-08-27T05:17:09.287600+00:00,D:/D drive recovery/Shiva JH/Projects/OneLake Medallion/data/landing/_reference/geolocation.parquet,_reference
07700,-23.36233213890305,-46.74058494125767,caieiras,SP,2016-01-01 00:00:00.000000,2026-08-27T05:17:09.287600+00:00,D:/D drive recovery/Shiva JH/Projects/OneLake Medallion/data/landing/_reference/geolocation.parquet,_reference
08371,-23.59585455193871,-46.42393709638021,sao paulo,SP,2016-01-01 00:00:00.000000,2026-08-27T05:17:09.287600+00:00,D:/D drive recovery/Shiva JH/Projects/OneLake Medallion/data/landing/_reference/geolocation.parquet,_reference
08559,-23.51892969731215,-46.33323864492804,poa,SP,2016-01-01 00:00:00.000000,2026-08-27T05:17:09.287600+00:00,D:/D drive recovery/Shiva JH/Projects/OneLake Medallion/data/landing/_reference/geolocation.parquet,_reference
09182,-23.694369129061094,-46.53028316527214,santo andré,SP,2016-01-01 00:00:00.000000,2026-08-27T05:17:09.287600+00:00,D:/D drive recovery/Shiva JH/Projects/OneLake Medallion/data/landing/_reference/geolocation.parquet,_reference
09628,-23.66148702746846,-46.56416174311855,sao bernardo do campo,SP,2016-01-01 00:00:00.000000,2026-08-27T05:17:09.287600+00:00,D:/D drive recovery/Shiva JH/Projects/OneLake Medallion/data/landing/_reference/geolocation.parquet,_reference
09780,-23.71688471949829,-46.54199108267673,sao bernardo do campo,SP,2016-01-01 00:00:00.000000,2026-08-27T05:17:09.287600+00:00,D:/D drive recovery/Shiva JH/Projects/OneLake Medallion/data/landing/_reference/geolocation.parquet,_reference
11013,-23.933071987144555,-46.32396741794616,santos,SP,2016-01-01 00:00:00.000000,2026-08-27T05:17:09.287600+00:00,D:/D drive recovery/Shiva JH/Projects/OneLake Medallion/data/landing/_reference/geolocation.parquet,_reference
11065,-23.9678895545329,-46.34412123980033,santos,SP,2016-01-01 00:00:00.000000,2026-08-27T05:17:09.287600+00:00,D:/D drive recovery/Shiva JH/Projects/OneLake Medallion/data/landing/_reference/geolocation.parquet,_reference
11443,-23.97955012822438,-46.20319341923938,guaruja,SP,2016-01-01 00:00:00.000000,2026-08-27T05:17:09.287600+00:00,D:/D drive recovery/Shiva JH/Projects/OneLake Medallion/data/landing/_reference/geolocation.parquet,_reference
11525,-23.894137354878836,-46.43043998465025,cubatao,SP,2016-01-01 00:00:00.000000,2026-08-27T05:17:09.287600+00:00,D:/D drive recovery/Shiva JH/Projects/OneLake Medallion/data/landing/_reference/geolocation.parquet,_reference
12120,-22.96042599570272,-45.55027479123935,tremembe,SP,2016-01-01 00:00:00.000000,2026-08-27T05:17:09.287600+00:00,D:/D drive recovery/Shiva JH/Projects/OneLake Medallion/data/landing/_reference/geolocation.parquet,_reference
12232,-23.27759225554817,-45.8885674335442,sao jose dos campos,SP,2016-01-01 00:00:00.000000,2026-08-27T05:17:09.287600+00:00,D:/D drive recovery/Shiva JH/Projects/OneLake Medallion/data/landing/_reference/geolocation.parquet,_reference
24425,-22.857770998847855,-43.0954005110372,são gonçalo,RJ,2016-01-01 00:00:00.000000,2026-08-27T05:17:09.287600+00:00,D:/D drive recovery/Shiva JH/Projects/OneLake Medallion/data/landing/_reference/geolocation.parquet,_reference
27273,-22.52526178489817,-44.14275439508915,volta redonda,RJ,2016-01-01 00:00:00.000000,2026-08-27T05:17:09.287600+00:00,D:/D drive recovery/Shiva JH/Projects/OneLake Medallion/data/landing/_reference/geolocation.parquet,_reference
27345,-22.54303759117662,-44.17532044976627,barra mansa,RJ,2016-01-01 00:00:00.000000,2026-08-27T05:17:09.287600+00:00,D:/D drive recovery/Shiva JH/Projects/OneLake Medallion/data/landing/_reference/geolocation.parquet,_reference
27916,-22.384226045618703,-41.77809451970135,macae,RJ,2016-01-01 00:00:00.000000,2026-08-27T05:17:09.287600+00:00,D:/D drive recovery/Shiva JH/Projects/OneLake Medallion/data/landing/_reference/geolocation.parquet,_reference
27963,-22.33224074792101,-41.74882256573231,macae,RJ,2016-01-01 00:00:00.000000,2026-08-27T05:17:09.287600+00:00,D:/D drive recovery/Shiva JH/Projects/OneLake Medallion/data/landing/_reference/geolocation.parquet,_reference
28635,-22.23589659345668,-42.51877495711116,nova friburgo,RJ,2016-01-01 00:00:00.000000,2026-08-27T05:17:09.287600+00:00,D:/D drive recovery/Shiva JH/Projects/OneLake Medallion/data/landing/_reference/geolocation.parquet,_reference
28880,-22.55962384824008,-41.98275430705405,barra de sao joao,RJ,2016-01-01 00:00:00.000000,2026-08-27T05:17:09.287600+00:00,D:/D drive recovery/Shiva JH/Projects/OneLake Medallion/data/landing/_reference/geolocation.parquet,_reference
28899,-22.48719244112802,-41.92144424029182,rio das ostras,RJ,2016-01-01 00:00:00.000000,2026-08-27T05:17:09.287600+00:00,D:/D drive recovery/Shiva JH/Projects/OneLake Medallion/data/landing/_reference/geolocation.parquet,_reference
29027,-20.313081858733884,-40.35688677823307,vitoria,ES,2016-01-01 00:00:00.000000,2026-08-27T05:17:09.287600+00:00,D:/D drive recovery/Shiva JH/Projects/OneLake Medallion/data/landing/_reference/geolocation.parquet,_reference
29050,-20.314995822898226,-40.30466594728476,vitoria,ES,2016-01-01 00:00:00.000000,2026-08-27T05:17:09.287600+00:00,D:/D drive recovery/Shiva JH/Projects/OneLake Medallion/data/landing/_reference/geolocation.parquet,_reference
29780,-19.01311730109676,-40.54172586681595,são gabriel da palha,ES,2016-01-01 00:00:00.000000,2026-08-27T05:17:09.287600+00:00,D:/D drive recovery/Shiva JH/Projects/OneLake Medallion/data/landing/_reference/geolocation.parquet,_reference
30150,-19.92214631334759,-43.92783530223908,belo horizonte,MG,2016-01-01 00:00:00.000000,2026-08-27T05:17:09.287600+00:00,D:/D drive recovery/Shiva JH/Projects/OneLake Medallion/data/landing/_reference/geolocation.parquet,_reference
30360,-19.970675379040948,-43.94943265763813,belo horizonte,MG,2016-01-01 00:00:00.000000,2026-08-27T05:17:09.287600+00:00,D:/D drive recovery/Shiva JH/Projects/OneLake Medallion/data/landing/_reference/geolocation.parquet,_reference
30730,-19.91627671106245,-43.9842988447112,belo horizonte,MG,2016-01-01 00:00:00.000000,2026-08-27T05:17:09.287600+00:00,D:/D drive recovery/Shiva JH/Projects/OneLake Medallion/data/landing/_reference/geolocation.parquet,_reference
30870,-19.90767006939231,-44.00748306939231,belo horizonte,MG,2016-01-01 00:00:00.000000,2026-08-27T05:17:09.287600+00:00,D:/D drive recovery/Shiva JH/Projects/OneLake Medallion/data/landing/_reference/geolocation.parquet,_reference
32140,-19.893454436332657,-44.03400171616229,contagem,MG,2016-01-01 00:00:00.000000,2026-08-27T05:17:09.287600+00:00,D:/D drive recovery/Shiva JH/Projects/OneLake Medallion/data/landing/_reference/geolocation.parquet,_reference
32400,-20.024982296605383,-44.055840985040376,ibirite,MG,2016-01-01 00:00:00.000000,2026-08-27T05:17:09.287600+00:00,D:/D drive recovery/Shiva JH/Projects/OneLake Medallion/data/landing/_reference/geolocation.parquet,_reference
33172,-19.776982499999992,-43.89436125,santa luzia,MG,2016-01-01 00:00:00.000000,2026-08-27T05:17:09.287600+00:00,D:/D drive recovery/Shiva JH/Projects/OneLake Medallion/data/landing/_reference/geolocation.parquet,_reference
33936,-19.766556071715677,-44.00162722365764,ribeirao das neves,MG,2016-01-01 00:00:00.000000,2026-08-27T05:17:09.287600+00:00,D:/D drive recovery/Shiva JH/Projects/OneLake Medallion/data/landing/_reference/geolocation.parquet,_reference
36062,-21.758085135948136,-43.33396003236602,juiz de fora,MG,2016-01-01 00:00:00.000000,2026-08-27T05:17:09.287600+00:00,D:/D drive recovery/Shiva JH/Projects/OneLake Medallion/data/landing/_reference/geolocation.parquet,_reference
36325,-21.11155006081336,-44.18785451278384,tiradentes,MG,2016-01-01 00:00:00.000000,2026-08-27T05:17:09.287600+00:00,D:/D drive recovery/Shiva JH/Projects/OneLake Medallion/data/landing/_reference/geolocation.parquet,_reference
37504,-22.42451926871875,-45.468141657836526,itajuba,MG,2016-01-01 00:00:00.000000,2026-08-27T05:17:09.287600+00:00,D:/D drive recovery/Shiva JH/Projects/OneLake Medallion/data/landing/_reference/geolocation.parquet,_reference
37540,-22.243203015748463,-45.71330344759827,santa rita do sapucai,MG,2016-01-01 00:00:00.000000,2026-08-27T05:17:09.287600+00:00,D:/D drive recovery/Shiva JH/Projects/OneLake Medallion/data/landing/_reference/geolocation.parquet,_reference
37570,-22.282226607619627,-46.36403321307714,ouro fino,MG,2016-01-01 00:00:00.000000,2026-08-27T05:17:09.287600+00:00,D:/D drive recovery/Shiva JH/Projects/OneLake Medallion/data/landing/_reference/geolocation.parquet,_reference
38414,-18.94141413405276,-48.33714543949449,uberlandia,MG,2016-01-01 00:00:00.000000,2026-08-27T05:17:09.287600+00:00,D:/D drive recovery/Shiva JH/Projects/OneLake Medallion/data/landing/_reference/geolocation.parquet,_reference
38442,-18.643784093954583,-48.20804381879092,araguari,MG,2016-01-01 00:00:00.000000,2026-08-27T05:17:09.287600+00:00,D:/D drive recovery/Shiva JH/Projects/OneLake Medallion/data/landing/_reference/geolocation.parquet,_reference
38700,-18.60497691187199,-46.52154885505743,patos de minas,MG,2016-01-01 00:00:00.000000,2026-08-27T05:17:09.287600+00:00,D:/D drive recovery/Shiva JH/Projects/OneLake Medallion/data/landing/_reference/geolocation.parquet,_reference
39625,-16.56595787225713,-41.50029810977542,itaobim,MG,2016-01-01 00:00:00.000000,2026-08-27T05:17:09.287600+00:00,D:/D drive recovery/Shiva JH/Projects/OneLake Medallion/data/landing/_reference/geolocation.parquet,_reference
87035,-23.3929329843115,-51.91703435743539,maringa,PR,2016-01-01 00:00:00.000000,2026-08-27T05:17:09.287600+00:00,D:/D drive recovery/Shiva JH/Projects/OneLake Medallion/data/landing/_reference/geolocation.parquet,_reference
87060,-23.4372546568219,-51.9636153957686,maringa,PR,2016-01-01 00:00:00.000000,2026-08-27T05:17:09.287600+00:00,D:/D drive recovery/Shiva JH/Projects/OneLake Medallion/data/landing/_reference/geolocation.parquet,_reference
87910,-23.005682375277445,-53.19648426558904,santa isabel do ivai,PR,2016-01-01 00:00:00.000000,2026-08-27T05:17:09.287600+00:00,D:/D drive recovery/Shiva JH/Projects/OneLake Medallion/data/landing/_reference/geolocation.parquet,_reference
88025,-27.58046831585774,-48.54149042867444,florianopolis,SC,2016-01-01 00:00:00.000000,2026-08-27T05:17:09.287600+00:00,D:/D drive recovery/Shiva JH/Projects/OneLake Medallion/data/landing/_reference/geolocation.parquet,_reference
88054,-27.42864592363426,-48.45905918284473,florianopolis,SC,2016-01-01 00:00:00.000000,2026-08-27T05:17:09.287600+00:00,D:/D drive recovery/Shiva JH/Projects/OneLake Medallion/data/landing/_reference/geolocation.parquet,_reference
88110,-27.576619500608015,-48.61693708192752,sao jose,SC,2016-01-01 00:00:00.000000,2026-08-27T05:17:09.287600+00:00,D:/D drive recovery/Shiva JH/Projects/OneLake Medallion/data/landing/_reference/geolocation.parquet,_reference
88138,-27.74183035338775,-48.63570502072188,palhoca,SC,2016-01-01 00:00:00.000000,2026-08-27T05:17:09.287600+00:00,D:/D drive recovery/Shiva JH/Projects/OneLake Medallion/data/landing/_reference/geolocation.parquet,_reference
88359,-27.14105704919435,-48.96146112936535,brusque,SC,2016-01-01 00:00:00.000000,2026-08-27T05:17:09.287600+00:00,D:/D drive recovery/Shiva JH/Projects/OneLake Medallion/data/landing/_reference/geolocation.parquet,_reference
88820,-28.7629920668113,-49.27499226831797,içara,SC,2016-01-01 00:00:00.000000,2026-08-27T05:17:09.287600+00:00,D:/D drive recovery/Shiva JH/Projects/OneLake Medallion/data/landing/_reference/geolocation.parquet,_reference
89030,-26.900975038309376,-49.07886753275167,blumenau,SC,2016-01-01 00:00:00.000000,2026-08-27T05:17:09.287600+00:00,D:/D drive recovery/Shiva JH/Projects/OneLake Medallion/data/landing/_reference/geolocation.parquet,_reference
89053,-26.882161406890138,-49.07243251595592,blumenau,SC,2016-01-01 00:00:00.000000,2026-08-27T05:17:09.287600+00:00,D:/D drive recovery/Shiva JH/Projects/OneLake Medallion/data/landing/_reference/geolocation.parquet,_reference
89057,-26.86937603540321,-49.05922320756597,blumenau,SC,2016-01-01 00:00:00.000000,2026-08-27T05:17:09.287600+00:00,D:/D drive recovery/Shiva JH/Projects/OneLake Medallion/data/landing/_reference/geolocation.parquet,_reference
89228,-26.287890550358416,-48.778370341304736,joinville,SC,2016-01-01 00:00:00.000000,2026-08-27T05:17:09.287600+00:00,D:/D drive recovery/Shiva JH/Projects/OneLake Medallion/data/landing/_reference/geolocation.parquet,_reference
90040,-30.04307239410819,-51.21141662640671,porto alegre,RS,2016-01-01 00:00:00.000000,2026-08-27T05:17:09.287600+00:00,D:/D drive recovery/Shiva JH/Projects/OneLake Medallion/data/landing/_reference/geolocation.parquet,_reference
91170,-29.988864,-51.09603223590519,porto alegre,RS,2016-01-01 00:00:00.000000,2026-08-27T05:17:09.287600+00:00,D:/D drive recovery/Shiva JH/Projects/OneLake Medallion/data/landing/_reference/geolocation.parquet,_reference
91230,-30.018951471002325,-51.12713188190318,porto alegre,RS,2016-01-01 00:00:00.000000,2026-08-27T05:17:09.287600+00:00,D:/D drive recovery/Shiva JH/Projects/OneLake Medallion/data/landing/_reference/geolocation.parquet,_reference
91550,-30.077021487809752,-51.1313949910142,porto alegre,RS,2016-01-01 00:00:00.000000,2026-08-27T05:17:09.287600+00:00,D:/D drive recovery/Shiva JH/Projects/OneLake Medallion/data/landing/_reference/geolocation.parquet,_reference
96212,-32.046351104875974,-52.131604799924105,rio grande,RS,2016-01-01 00:00:00.000000,2026-08-27T05:17:09.287600+00:00,D:/D drive recovery/Shiva JH/Projects/OneLake Medallion/data/landing/_reference/geolocation.parquet,_reference
97513,-29.76565129507203,-57.05383477839022,uruguaiana,RS,2016-01-01 00:00:00.000000,2026-08-27T05:17:09.287600+00:00,D:/D drive recovery/Shiva JH/Projects/OneLake Medallion/data/landing/_reference/geolocation.parquet,_reference
18072,-23.42932935268456,-47.50644636159242,sorocaba,SP,2016-01-01 00:00:00.000000,2026-08-27T05:17:09.287600+00:00,D:/D drive recovery/Shiva JH/Projects/OneLake Medallion/data/landing/_reference/geolocation.parquet,_reference
18520,-23.17098515567461,-47.73847012348546,cerquilho,SP,2016-01-01 00:00:00.000000,2026-08-27T05:17:09.287600+00:00,D:/D drive recovery/Shiva JH/Projects/OneLake Medallion/data/landing/_reference/geolocation.parquet,_reference
22723,-22.915126647964037,-43.40987975082128,rio de janeiro,RJ,2016-01-01 00:00:00.000000,2026-08-27T05:17:09.287600+00:00,D:/D drive recovery/Shiva JH/Projects/OneLake Medallion/data/landing/_reference/geolocation.parquet,_reference
23017,-22.915539999999964,-43.54233999999997,rio de janeiro,RJ,2016-01-01 00:00:00.000000,2026-08-27T05:17:09.287600+00:00,D:/D drive recovery/Shiva JH/Projects/OneLake Medallion/data/landing/_reference/geolocation.parquet,_reference
23055,-22.916702672883986,-43.57893967565988,rio de janeiro,RJ,2016-01-01 00:00:00.000000,2026-08-27T05:17:09.287600+00:00,D:/D drive recovery/Shiva JH/Projects/OneLake Medallion/data/landing/_reference/geolocation.parquet,_reference
23954,-23.01206559515735,-44.53981554333971,angra dos reis,RJ,2016-01-01 00:00:00.000000,2026-08-27T05:17:09.287600+00:00,D:/D drive recovery/Shiva JH/Projects/OneLake Medallion/data/landing/_reference/geolocation.parquet,_reference
24346,-22.96338484831568,-43.03302455048608,niteroi,RJ,2016-01-01 00:00:00.000000,2026-08-27T05:17:09.287600+00:00,D:/D drive recovery/Shiva JH/Projects/OneLake Medallion/data/landing/_reference/geolocation.parquet,_reference
25520,-22.803952483108574,-43.37131863327339,sao joao de meriti,RJ,2016-01-01 00:00:00.000000,2026-08-27T05:17:09.287600+00:00,D:/D drive recovery/Shiva JH/Projects/OneLake Medallion/data/landing/_reference/geolocation.parquet,_reference
25635,-22.53135181277938,-43.17259695662331,petropolis,RJ,2016-01-01 00:00:00.000000,2026-08-27T05:17:09.287600+00:00,D:/D drive recovery/Shiva JH/Projects/OneLake Medallion/data/landing/_reference/geolocation.parquet,_reference
26115,-22.748620638829685,-43.3925832985371,belford roxo,RJ,2016-01-01 00:00:00.000000,2026-08-27T05:17:09.287600+00:00,D:/D drive recovery/Shiva JH/Projects/OneLake Medallion/data/landing/_reference/geolocation.parquet,_reference
28630,-22.262246907755888,-42.53263473187971,nova friburgo,RJ,2016-01-01 00:00:00.000000,2026-08-27T05:17:09.287600+00:00,D:/D drive recovery/Shiva JH/Projects/OneLake Medallion/data/landing/_reference/geolocation.parquet,_reference
29166,-20.19917293680029,-40.229474685674674,serra,ES,2016-01-01 00:00:00.000000,2026-08-27T05:17:09.287600+00:00,D:/D drive recovery/Shiva JH/Projects/OneLake Medallion/data/landing/_reference/geolocation.parquet,_reference
29645,-20.026829505872037,-40.74280786938749,santa maria de jetiba,ES,2016-01-01 00:00:00.000000,2026-08-27T05:17:09.287600+00:00,D:/D drive recovery/Shiva JH/Projects/OneLake Medallion/data/landing/_reference/geolocation.parquet,_reference
29702,-19.538748926610737,-40.633104240232406,colatina,ES,2016-01-01 00:00:00.000000,2026-08-27T05:17:09.287600+00:00,D:/D drive recovery/Shiva JH/Projects/OneLake Medallion/data/landing/_reference/geolocation.parquet,_reference
31160,-19.87549705995725,-43.927965839286834,belo horizonte,MG,2016-01-01 00:00:00.000000,2026-08-27T05:17:09.287600+00:00,D:/D drive recovery/Shiva JH/Projects/OneLake Medallion/data/landing/_reference/geolocation.parquet,_reference
31560,-19.841515899532546,-43.97289771550586,belo horizonte,MG,2016-01-01 00:00:00.000000,2026-08-27T05:17:09.287600+00:00,D:/D drive recovery/Shiva JH/Projects/OneLake Medallion/data/landing/_reference/geolocation.parquet,_reference
31950,-19.86247705744709,-43.89710791840267,belo horizonte,MG,2016-01-01 00:00:00.000000,2026-08-27T05:17:09.287600+00:00,D:/D drive recovery/Shiva JH/Projects/OneLake Medallion/data/landing/_reference/geolocation.parquet,_reference
35181,-19.532680367546888,-42.61524564443226,timoteo,MG,2016-01-01 00:00:00.000000,2026-08-27T05:17:09.287600+00:00,D:/D drive recovery/Shiva JH/Projects/OneLake Medallion/data/landing/_reference/geolocation.parquet,_reference
35547,-20.560695251372668,-44.86750449963131,carmo da mata,MG,2016-01-01 00:00:00.000000,2026-08-27T05:17:09.287600+00:00,D:/D drive recovery/Shiva JH/Projects/OneLake Medallion/data/landing/_reference/geolocation.parquet,_reference
36030,-21.786443170007765,-43.34562651950736,juiz de fora,MG,2016-01-01 00:00:00.000000,2026-08-27T05:17:09.287600+00:00,D:/D drive recovery/Shiva JH/Projects/OneLake Medallion/data/landing/_reference/geolocation.parquet,_reference
36080,-21.745859857608703,-43.36325941895093,juiz de fora,MG,2016-01-01 00:00:00.000000,2026-08-27T05:17:09.287600+00:00,D:/D drive recovery/Shiva JH/Projects/OneLake Medallion/data/landing/_reference/geolocation.parquet,_reference
36140,-21.84803612175173,-43.81433567821044,lima duarte,MG,2016-01-01 00:00:00.000000,2026-08-27T05:17:09.287600+00:00,D:/D drive recovery/Shiva JH/Projects/OneLake Medallion/data/landing/_reference/geolocation.parquet,_reference
36345,-20.91495571139916,-44.07244736580252,lagoa dourada,MG,2016-01-01 00:00:00.000000,2026-08-27T05:17:09.287600+00:00,D:/D drive recovery/Shiva JH/Projects/OneLake Medallion/data/landing/_reference/geolocation.parquet,_reference
37584,-22.15937587770692,-46.04402732344177,congonhal,MG,2016-01-01 00:00:00.000000,2026-08-27T05:17:09.287600+00:00,D:/D drive recovery/Shiva JH/Projects/OneLake Medallion/data/landing/_reference/geolocation.parquet,_reference
38440,-18.65223568071188,-48.19343213192182,araguari,MG,2016-01-01 00:00:00.000000,2026-08-27T05:17:09.287600+00:00,D:/D drive recovery/Shiva JH/Projects/OneLake Medallion/data/landing/_reference/geolocation.parquet,_reference
38770,-17.74069805141251,-46.175478354989366,joao pinheiro,MG,2016-01-01 00:00:00.000000,2026-08-27T05:17:09.287600+00:00,D:/D drive recovery/Shiva JH/Projects/OneLake Medallion/data/landing/_reference/geolocation.parquet,_reference
40421,-12.916571703607287,-38.49537107308697,salvador,BA,2016-01-01 00:00:00.000000,2026-08-27T05:17:09.287600+00:00,D:/D drive recovery/Shiva JH/Projects/OneLake Medallion/data/landing/_reference/geolocation.parquet,_reference
41810,-12.99286035292836,-38.45139313957492,salvador,BA,2016-01-01 00:00:00.000000,2026-08-27T05:17:09.287600+00:00,D:/D drive recovery/Shiva JH/Projects/OneLake Medallion/data/landing/_reference/geolocation.parquet,_reference
44053,-12.248846000198776,-38.97653313648826,feira de santana,BA,2016-01-01 00:00:00.000000,2026-08-27T05:17:09.287600+00:00,D:/D drive recovery/Shiva JH/Projects/OneLake Medallion/data/landing/_reference/geolocation.parquet,_reference
46445,-14.303553692549825,-43.76672976677978,carinhanha,BA,2016-01-01 00:00:00.000000,2026-08-27T05:17:09.287600+00:00,D:/D drive recovery/Shiva JH/Projects/OneLake Medallion/data/landing/_reference/geolocation.parquet,_reference
47300,-9.179158499999993,-40.97013075,casa nova,BA,2016-01-01 00:00:00.000000,2026-08-27T05:17:09.287600+00:00,D:/D drive recovery/Shiva JH/Projects/OneLake Medallion/data/landing/_reference/geolocation.parquet,_reference
47802,-12.130004155594662,-44.976010609160376,barreiras,BA,2016-01-01 00:00:00.000000,2026-08-27T05:17:09.287600+00:00,D:/D drive recovery/Shiva JH/Projects/OneLake Medallion/data/landing/_reference/geolocation.parquet,_reference
48180,-11.943515818124192,-38.08332718060957,entre rios,BA,2016-01-01 00:00:00.000000,2026-08-27T05:17:09.287600+00:00,D:/D drive recovery/Shiva JH/Projects/OneLake Medallion/data/landing/_reference/geolocation.parquet,_reference
20720,-22.907125456287147,-43.29187014002536,rio de janeiro,RJ,2016-01-01 00:00:00.000000,2026-08-27T05:17:09.287600+00:00,D:/D drive recovery/Shiva JH/Projects/OneLake Medallion/data/landing/_reference/geolocation.parquet,_reference
20921,-22.89344332944775,-43.22413070370488,rio de janeiro,RJ,2016-01-01 00:00:00.000000,2026-08-27T05:17:09.287600+00:00,D:/D drive recovery/Shiva JH/Projects/OneLake Medallion/data/landing/_reference/geolocation.parquet,_reference
21050,-22.86983986984238,-43.26017619525076,rio de janeiro,RJ,2016-01-01 00:00:00.000000,2026-08-27T05:17:09.287600+00:00,D:/D drive recovery/Shiva JH/Projects/OneLake Medallion/data/landing/_reference/geolocation.parquet,_reference
21311,-22.895820973916518,-43.322793102285125,rio de janeiro,RJ,2016-01-01 00:00:00.000000,2026-08-27T05:17:09.287600+00:00,D:/D drive recovery/Shiva JH/Projects/OneLake Medallion/data/landing/_reference/geolocation.parquet,_reference
22050,-22.97180239967678,-43.18744649443143,rio de janeiro,RJ,2016-01-01 00:00:00.000000,2026-08-27T05:17:09.287600+00:00,D:/D drive recovery/Shiva JH/Projects/OneLake Medallion/data/landing/_reference/geolocation.parquet,_reference
22051,-22.972496751601327,-43.18950774937962,rio de janeiro,RJ,2016-01-01 00:00:00.000000,2026-08-27T05:17:09.287600+00:00,D:/D drive recovery/Shiva JH/Projects/OneLake Medallion/data/landing/_reference/geolocation.parquet,_reference
22460,-22.96587724811021,-43.21897584321064,rio de janeiro,RJ,2016-01-01 00:00:00.000000,2026-08-27T05:17:09.287600+00:00,D:/D drive recovery/Shiva JH/Projects/OneLake Medallion/data/landing/_reference/geolocation.parquet,_reference
22611,-23.004898680535568,-43.2962888304287,rio de janeiro,RJ,2016-01-01 00:00:00.000000,2026-08-27T05:17:09.287600+00:00,D:/D drive recovery/Shiva JH/Projects/OneLake Medallion/data/landing/_reference/geolocation.parquet,_reference
24738,-22.834624557710672,-42.9434559615717,sao goncalo,RJ,2016-01-01 00:00:00.000000,2026-08-27T05:17:09.287600+00:00,D:/D drive recovery/Shiva JH/Projects/OneLake Medallion/data/landing/_reference/geolocation.parquet,_reference
24931,-22.940072394224583,-42.88783827716344,maricá,RJ,2016-01-01 00:00:00.000000,2026-08-27T05:17:09.287600+00:00,D:/D drive recovery/Shiva JH/Projects/OneLake Medallion/data/landing/_reference/geolocation.parquet,_reference
25060,-22.76477724977713,-43.30343343716029,duque de caxias,RJ,2016-01-01 00:00:00.000000,2026-08-27T05:17:09.287600+00:00,D:/D drive recovery/Shiva JH/Projects/OneLake Medallion/data/landing/_reference/geolocation.parquet,_reference
06454,-23.50221837443544,-46.84763601085229,barueri,SP,2016-01-01 00:00:00.000000,2026-08-27T05:17:09.287600+00:00,D:/D drive recovery/Shiva JH/Projects/OneLake Medallion/data/landing/_reference/geolocation.parquet,_reference
06653,-23.547864497191817,-46.92542765190682,itapevi,SP,2016-01-01 00:00:00.000000,2026-08-27T05:17:09.287600+00:00,D:/D drive recovery/Shiva JH/Projects/OneLake Medallion/data/landing/_reference/geolocation.parquet,_reference
06826,-23.664515636418688,-46.80278326934626,embu das artes,SP,2016-01-01 00:00:00.000000,2026-08-27T05:17:09.287600+00:00,D:/D drive recovery/Shiva JH/Projects/OneLake Medallion/data/landing/_reference/geolocation.parquet,_reference
07132,-23.43615246572221,-46.51710112461768,guarulhos,SP,2016-01-01 00:00:00.000000,2026-08-27T05:17:09.287600+00:00,D:/D drive recovery/Shiva JH/Projects/OneLake Medallion/data/landing/_reference/geolocation.parquet,_reference
07400,-23.39888374540156,-46.32526700508771,aruja,SP,2016-01-01 00:00:00.000000,2026-08-27T05:17:09.287600+00:00,D:/D drive recovery/Shiva JH/Projects/OneLake Medallion/data/landing/_reference/geolocation.parquet,_reference
07717,-23.33489259844219,-46.75054691713594,caieiras,SP,2016-01-01 00:00:00.000000,2026-08-27T05:17:09.287600+00:00,D:/D drive recovery/Shiva JH/Projects/OneLake Medallion/data/landing/_reference/geolocation.parquet,_reference
08780,-23.5214492199589,-46.17673150042012,mogi das cruzes,SP,2016-01-01 00:00:00.000000,2026-08-27T05:17:09.287600+00:00,D:/D drive recovery/Shiva JH/Projects/OneLake Medallion/data/landing/_reference/geolocation.parquet,_reference
08820,-23.512628393866617,-46.15269778088044,mogi das cruzes,SP,2016-01-01 00:00:00.000000,2026-08-27T05:17:09.287600+00:00,D:/D drive recovery/Shiva JH/Projects/OneLake Medallion/data/landing/_reference/geolocation.parquet,_reference
09060,-23.656293518994904,-46.55412213733605,santo andre,SP,2016-01-01 00:00:00.000000,2026-08-27T05:17:09.287600+00:00,D:/D drive recovery/Shiva JH/Projects/OneLake Medallion/data/landing/_reference/geolocation.parquet,_reference
09220,-23.624784000000005,-46.53954225000001,santo andré,SP,2016-01-01 00:00:00.000000,2026-08-27T05:17:09.287600+00:00,D:/D drive recovery/Shiva JH/Projects/OneLake Medallion/data/landing/_reference/geolocation.parquet,_reference
09271,-23.639620380229736,-46.50604149140166,santo andre,SP,2016-01-01 00:00:00.000000,2026-08-27T05:17:09.287600+00:00,D:/D drive recovery/Shiva JH/Projects/OneLake Medallion/data/landing/_reference/geolocation.parquet,_reference
08633,-23.66329708432473,-46.3141980461162,suzano,SP,2016-01-01 00:00:00.000000,2026-08-27T05:17:09.287600+00:00,D:/D drive recovery/Shiva JH/Projects/OneLake Medallion/data/landing/_reference/geolocation.parquet,_reference
08683,-23.529356731919226,-46.31442922624533,suzano,SP,2016-01-01 00:00:00.000000,2026-08-27T05:17:09.287600+00:00,D:/D drive recovery/Shiva JH/Projects/OneLake Medallion/data/landing/_reference/geolocation.parquet,_reference
09195,-23.675037359389663,-46.524784094929146,santo andre,SP,2016-01-01 00:00:00.000000,2026-08-27T05:17:09.287600+00:00,D:/D drive recovery/Shiva JH/Projects/OneLake Medallion/data/landing/_reference/geolocation.parquet,_reference
09280,-23.63501354177962,-46.50399501887012,santo andre,SP,2016-01-01 00:00:00.000000,2026-08-27T05:17:09.287600+00:00,D:/D drive recovery/Shiva JH/Projects/OneLake Medallion/data/landing/_reference/geolocation.parquet,_reference
09770,-23.706697401869818,-46.54569149027648,são bernardo do campo,SP,2016-01-01 00:00:00.000000,2026-08-27T05:17:09.287600+00:00,D:/D drive recovery/Shiva JH/Projects/OneLake Medallion/data/landing/_reference/geolocation.parquet,_reference
09850,-23.724134173502662,-46.57554561519289,sao bernardo do campo,SP,2016-01-01 00:00:00.000000,2026-08-27T05:17:09.287600+00:00,D:/D drive recovery/Shiva JH/Projects/OneLake Medallion/data/landing/_reference/geolocation.parquet,_reference
09855,-23.731357568411365,-46.58907577073124,sao bernardo do campo,SP,2016-01-01 00:00:00.000000,2026-08-27T05:17:09.287600+00:00,D:/D drive recovery/Shiva JH/Projects/OneLake Medallion/data/landing/_reference/geolocation.parquet,_reference
09951,-23.69007059755325,-46.59995236023442,diadema,SP,2016-01-01 00:00:00.000000,2026-08-27T05:17:09.287600+00:00,D:/D drive recovery/Shiva JH/Projects/OneLake Medallion/data/landing/_reference/geolocation.parquet,_reference
11380,-23.96321067145893,-46.37119834086656,sao vicente,SP,2016-01-01 00:00:00.000000,2026-08-27T05:17:09.287600+00:00,D:/D drive recovery/Shiva JH/Projects/OneLake Medallion/data/landing/_reference/geolocation.parquet,_reference
11703,-24.02000597668648,-46.45837671648681,praia grande,SP,2016-01-01 00:00:00.000000,2026-08-27T05:17:09.287600+00:00,D:/D drive recovery/Shiva JH/Projects/OneLake Medallion/data/landing/_reference/geolocation.parquet,_reference
11760,-24.28999207181857,-47.175537103122046,itariri,SP,2016-01-01 00:00:00.000000,2026-08-27T05:17:09.287600+00:00,D:/D drive recovery/Shiva JH/Projects/OneLake Medallion/data/landing/_reference/geolocation.parquet,_reference
12215,-23.180382733827727,-45.87122022147848,são josé dos campos,SP,2016-01-01 00:00:00.000000,2026-08-27T05:17:09.287600+00:00,D:/D drive recovery/Shiva JH/Projects/OneLake Medallion/data/landing/_reference/geolocation.parquet,_reference
12280,-23.098284219545235,-45.70330750943507,cacapava,SP,2016-01-01 00:00:00.000000,2026-08-27T05:17:09.287600+00:00,D:/D drive recovery/Shiva JH/Projects/OneLake Medallion/data/landing/_reference/geolocation.parquet,_reference
12701,-22.577927804605014,-44.95825089647411,cruzeiro,SP,2016-01-01 00:00:00.000000,2026-08-27T05:17:09.287600+00:00,D:/D drive recovery/Shiva JH/Projects/OneLake Medallion/data/landing/_reference/geolocation.parquet,_reference
21321,-22.88688293782105,-43.365750051474464,rio de janeiro,RJ,2016-01-01 00:00:00.000000,2026-08-27T05:17:09.287600+00:00,D:/D drive recovery/Shiva JH/Projects/OneLake Medallion/data/landing/_reference/geolocation.parquet,_reference
21615,-22.867797310029363,-43.405730754227065,rio de janeiro,RJ,2016-01-01 00:00:00.000000,2026-08-27T05:17:09.287600+00:00,D:/D drive recovery/Shiva JH/Projects/OneLake Medallion/data/landing/_reference/geolocation.parquet,_reference
21741,-22.888788747706183,-43.39092736733221,rio de janeiro,RJ,2016-01-01 00:00:00.000000,2026-08-27T05:17:09.287600+00:00,D:/D drive recovery/Shiva JH/Projects/OneLake Medallion/data/landing/_reference/geolocation.parquet,_reference
21840,-22.87459850346245,-43.477731000000006,rio de janeiro,RJ,2016-01-01 00:00:00.000000,2026-08-27T05:17:09.287600+00:00,D:/D drive recovery/Shiva JH/Projects/OneLake Medallion/data/landing/_reference/geolocation.parquet,_reference
21941,-22.86933515510882,-43.21992800026346,rio de janeiro,RJ,2016-01-01 00:00:00.000000,2026-08-27T05:17:09.287600+00:00,D:/D drive recovery/Shiva JH/Projects/OneLake Medallion/data/landing/_reference/geolocation.parquet,_reference
22041,-22.968394910900845,-43.18999951289751,rio de janeiro,RJ,2016-01-01 00:00:00.000000,2026-08-27T05:17:09.287600+00:00,D:/D drive recovery/Shiva JH/Projects/OneLake Medallion/data/landing/_reference/geolocation.parquet,_reference
22230,-22.93781597002137,-43.17619884430715,rio de janeiro,RJ,2016-01-01 00:00:00.000000,2026-08-27T05:17:09.287600+00:00,D:/D drive recovery/Shiva JH/Projects/OneLake Medallion/data/landing/_reference/geolocation.parquet,_reference
22793,-23.00927096142304,-43.42940927644404,rio de janeiro,RJ,2016-01-01 00:00:00.000000,2026-08-27T05:17:09.287600+00:00,D:/D drive recovery/Shiva JH/Projects/OneLake Medallion/data/landing/_reference/geolocation.parquet,_reference
37175,-20.944705621834668,-45.82709818233235,ilicinea,MG,2016-01-01 00:00:00.000000,2026-08-27T05:17:09.287600+00:00,D:/D drive recovery/Shiva JH/Projects/OneLake Medallion/data/landing/_reference/geolocation.parquet,_reference
37775,-22.03374110992265,-46.33238183204734,santa rita de caldas,MG,2016-01-01 00:00:00.000000,2026-08-27T05:17:09.287600+00:00,D:/D drive recovery/Shiva JH/Projects/OneLake Medallion/data/landing/_reference/geolocation.parquet,_reference
38182,-19.612724470940563,-46.92442159204857,araxa,MG,2016-01-01 00:00:00.000000,2026-08-27T05:17:09.287600+00:00,D:/D drive recovery/Shiva JH/Projects/OneLake Medallion/data/landing/_reference/geolocation.parquet,_reference
39200,-18.37274023725631,-44.44528162699128,corinto,MG,2016-01-01 00:00:00.000000,2026-08-27T05:17:09.287600+00:00,D:/D drive recovery/Shiva JH/Projects/OneLake Medallion/data/landing/_reference/geolocation.parquet,_reference
45200,-13.862727524363388,-40.08964220300229,jequie,BA,2016-01-01 00:00:00.000000,2026-08-27T05:17:09.287600+00:00,D:/D drive recovery/Shiva JH/Projects/OneLake Medallion/data/landing/_reference/geolocation.parquet,_reference
45570,-14.131133999999996,-39.73698674999999,ipiau,BA,2016-01-01 00:00:00.000000,2026-08-27T05:17:09.287600+00:00,D:/D drive recovery/Shiva JH/Projects/OneLake Medallion/data/landing/_reference/geolocation.parquet,_reference
46550,-13.12224233091654,-42.28918802520783,rio do pires,BA,2016-01-01 00:00:00.000000,2026-08-27T05:17:09.287600+00:00,D:/D drive recovery/Shiva JH/Projects/OneLake Medallion/data/landing/_reference/geolocation.parquet,_reference
49025,-10.93845747328291,-37.06200040883412,aracaju,SE,2016-01-01 00:00:00.000000,2026-08-27T05:17:09.287600+00:00,D:/D drive recovery/Shiva JH/Projects/OneLake Medallion/data/landing/_reference/geolocation.parquet,_reference
55016,-8.27536567110052,-35.96508629156327,caruaru,PE,2016-01-01 00:00:00.000000,2026-08-27T05:17:09.287600+00:00,D:/D drive recovery/Shiva JH/Projects/OneLake Medallion/data/landing/_reference/geolocation.parquet,_reference
55028,-8.295731947544565,-35.96580874799464,caruaru,PE,2016-01-01 00:00:00.000000,2026-08-27T05:17:09.287600+00:00,D:/D drive recovery/Shiva JH/Projects/OneLake Medallion/data/landing/_reference/geolocation.parquet,_reference
56180,-8.512087572996801,-39.30738516529125,cabrobo,PE,2016-01-01 00:00:00.000000,2026-08-27T05:17:09.287600+00:00,D:/D drive recovery/Shiva JH/Projects/OneLake Medallion/data/landing/_reference/geolocation.parquet,_reference
57041,-9.63675755453289,-35.71583377990652,maceio,AL,2016-01-01 00:00:00.000000,2026-08-27T05:17:09.287600+00:00,D:/D drive recovery/Shiva JH/Projects/OneLake Medallion/data/landing/_reference/geolocation.parquet,_reference
57900,-9.057423265129469,-35.39361375928044,porto calvo,AL,2016-01-01 00:00:00.000000,2026-08-27T05:17:09.287600+00:00,D:/D drive recovery/Shiva JH/Projects/OneLake Medallion/data/landing/_reference/geolocation.parquet,_reference
64240,-3.9374048676555833,-41.71603120310444,piracuruca,PI,2016-01-01 00:00:00.000000,2026-08-27T05:17:09.287600+00:00,D:/D drive recovery/Shiva JH/Projects/OneLake Medallion/data/landing/_reference/geolocation.parquet,_reference
64290,-5.046021758936793,-42.44861075624933,altos,PI,2016-01-01 00:00:00.000000,2026-08-27T05:17:09.287600+00:00,D:/D drive recovery/Shiva JH/Projects/OneLake Medallion/data/landing/_reference/geolocation.parquet,_reference
70843,-15.7724595,-47.87845874999999,brasilia,DF,2016-01-01 00:00:00.000000,2026-08-27T05:17:09.287600+00:00,D:/D drive recovery/Shiva JH/Projects/OneLake Medallion/data/landing/_reference/geolocation.parquet,_reference
71692,-15.906619276539498,-47.776985409783606,brasilia,DF,2016-01-01 00:00:00.000000,2026-08-27T05:17:09.287600+00:00,D:/D drive recovery/Shiva JH/Projects/OneLake Medallion/data/landing/_reference/geolocation.parquet,_reference
71931,-15.83612305024187,-48.04018517722967,brasília,DF,2016-01-01 00:00:00.000000,2026-08-27T05:17:09.287600+00:00,D:/D drive recovery/Shiva JH/Projects/OneLake Medallion/data/landing/_reference/geolocation.parquet,_reference
72015,-15.840667480274698,-48.051942900348365,brasília,DF,2016-01-01 00:00:00.000000,2026-08-27T05:17:09.287600+00:00,D:/D drive recovery/Shiva JH/Projects/OneLake Medallion/data/landing/_reference/geolocation.parquet,_reference
72622,-15.925280313236172,-48.1020849758072,brasilia,DF,2016-01-01 00:00:00.000000,2026-08-27T05:17:09.287600+00:00,D:/D drive recovery/Shiva JH/Projects/OneLake Medallion/data/landing/_reference/geolocation.parquet,_reference
74120,-16.689714955052352,-49.27195903767244,goiania,GO,2016-01-01 00:00:00.000000,2026-08-27T05:17:09.287600+00:00,D:/D drive recovery/Shiva JH/Projects/OneLake Medallion/data/landing/_reference/geolocation.parquet,_reference
74333,-16.7130367660346,-49.30127628290576,goiania,GO,2016-01-01 00:00:00.000000,2026-08-27T05:17:09.287600+00:00,D:/D drive recovery/Shiva JH/Projects/OneLake Medallion/data/landing/_reference/geolocation.parquet,_reference
75350,-16.842418833119527,-49.54329134013575,guapo,GO,2016-01-01 00:00:00.000000,2026-08-27T05:17:09.287600+00:00,D:/D drive recovery/Shiva JH/Projects/OneLake Medallion/data/landing/_reference/geolocation.parquet,_reference
75925,-18.090976503519045,-50.225451480484125,castelandia,GO,2016-01-01 00:00:00.000000,2026-08-27T05:17:09.287600+00:00,D:/D drive recovery/Shiva JH/Projects/OneLake Medallion/data/landing/_reference/geolocation.parquet,_reference
76824,-8.739025067661611,-63.854759615212366,porto velho,RO,2016-01-01 00:00:00.000000,2026-08-27T05:17:09.287600+00:00,D:/D drive recovery/Shiva JH/Projects/OneLake Medallion/data/landing/_reference/geolocation.parquet,_reference
76842,-9.294651000000002,-64.55536884056144,mutum parana,RO,2016-01-01 00:00:00.000000,2026-08-27T05:17:09.287600+00:00,D:/D drive recovery/Shiva JH/Projects/OneLake Medallion/data/landing/_reference/geolocation.parquet,_reference
76935,-12.062075366376703,-63.57025994331108,sao francisco do guapore,RO,2016-01-01 00:00:00.000000,2026-08-27T05:17:09.287600+00:00,D:/D drive recovery/Shiva JH/Projects/OneLake Medallion/data/landing/_reference/geolocation.parquet,_reference
77580,-11.15337794953285,-48.17433429228698,silvanopolis,TO,2016-01-01 00:00:00.000000,2026-08-27T05:17:09.287600+00:00,D:/D drive recovery/Shiva JH/Projects/OneLake Medallion/data/landing/_reference/geolocation.parquet,_reference
78200,-16.085822367663457,-57.696735618862974,caceres,MT,2016-01-01 00:00:00.000000,2026-08-27T05:17:09.287600+00:00,D:/D drive recovery/Shiva JH/Projects/OneLake Medallion/data/landing/_reference/geolocation.parquet,_reference
78613,-16.493601170951834,-52.69291792304641,ribeiraozinho,MT,2016-01-01 00:00:00.000000,2026-08-27T05:17:09.287600+00:00,D:/D drive recovery/Shiva JH/Projects/OneLake Medallion/data/landing/_reference/geolocation.parquet,_reference
78790,-17.205455834311397,-54.15206418197202,itiquira,MT,2016-01-01 00:00:00.000000,2026-08-27T05:17:09.287600+00:00,D:/D drive recovery/Shiva JH/Projects/OneLake Medallion/data/landing/_reference/geolocation.parquet,_reference
81130,-25.51123247821568,-49.30311141618097,curitiba,PR,2016-01-01 00:00:00.000000,2026-08-27T05:17:09.287600+00:00,D:/D drive recovery/Shiva JH/Projects/OneLake Medallion/data/landing/_reference/geolocation.parquet,_reference
07094,-23.45088569608748,-46.54498377407813,guarulhos,SP,2016-01-01 00:00:00.000000,2026-08-27T05:17:09.287600+00:00,D:/D drive recovery/Shiva JH/Projects/OneLake Medallion/data/landing/_reference/geolocation.parquet,_reference
07193,-23.44736411878931,-46.5033182164868,guarulhos,SP,2016-01-01 00:00:00.000000,2026-08-27T05:17:09.287600+00:00,D:/D drive recovery/Shiva JH/Projects/OneLake Medallion/data/landing/_reference/geolocation.parquet,_reference
07241,-23.44803925506378,-46.421980491257415,guarulhos,SP,2016-01-01 00:00:00.000000,2026-08-27T05:17:09.287600+00:00,D:/D drive recovery/Shiva JH/Projects/OneLake Medallion/data/landing/_reference/geolocation.parquet,_reference
07936,-23.263150260099117,-46.740331068886135,francisco morato,SP,2016-01-01 00:00:00.000000,2026-08-27T05:17:09.287600+00:00,D:/D drive recovery/Shiva JH/Projects/OneLake Medallion/data/landing/_reference/geolocation.parquet,_reference
08010,-23.494859518177623,-46.44089971663105,são paulo,SP,2016-01-01 00:00:00.000000,2026-08-27T05:17:09.287600+00:00,D:/D drive recovery/Shiva JH/Projects/OneLake Medallion/data/landing/_reference/geolocation.parquet,_reference
08090,-23.48076443825374,-46.42278123980034,sao paulo,SP,2016-01-01 00:00:00.000000,2026-08-27T05:17:09.287600+00:00,D:/D drive recovery/Shiva JH/Projects/OneLake Medallion/data/landing/_reference/geolocation.parquet,_reference
08410,-23.5475884118818,-46.421000747994654,são paulo,SP,2016-01-01 00:00:00.000000,2026-08-27T05:17:09.287600+00:00,D:/D drive recovery/Shiva JH/Projects/OneLake Medallion/data/landing/_reference/geolocation.parquet,_reference
08576,-23.49479676809363,-46.35731299743924,itaquaquecetuba,SP,2016-01-01 00:00:00.000000,2026-08-27T05:17:09.287600+00:00,D:/D drive recovery/Shiva JH/Projects/OneLake Medallion/data/landing/_reference/geolocation.parquet,_reference
09030,-23.670374418102146,-46.525675033179645,santo andré,SP,2016-01-01 00:00:00.000000,2026-08-27T05:17:09.287600+00:00,D:/D drive recovery/Shiva JH/Projects/OneLake Medallion/data/landing/_reference/geolocation.parquet,_reference
09751,-23.693028139881143,-46.54695362280001,sao bernardo do campo,SP,2016-01-01 00:00:00.000000,2026-08-27T05:17:09.287600+00:00,D:/D drive recovery/Shiva JH/Projects/OneLake Medallion/data/landing/_reference/geolocation.parquet,_reference
12245,-23.199327910749645,-45.88679387947946,são josé dos campos,SP,2016-01-01 00:00:00.000000,2026-08-27T05:17:09.287600+00:00,D:/D drive recovery/Shiva JH/Projects/OneLake Medallion/data/landing/_reference/geolocation.parquet,_reference
12530,-23.07558796563428,-44.95788421241348,cunha,SP,2016-01-01 00:00:00.000000,2026-08-27T05:17:09.287600+00:00,D:/D drive recovery/Shiva JH/Projects/OneLake Medallion/data/landing/_reference/geolocation.parquet,_reference
12952,-23.14492333670709,-46.539830386938746,atibaia,SP,2016-01-01 00:00:00.000000,2026-08-27T05:17:09.287600+00:00,D:/D drive recovery/Shiva JH/Projects/OneLake Medallion/data/landing/_reference/geolocation.parquet,_reference
13049,-22.968689563239053,-47.0735568816794,campinas,SP,2016-01-01 00:00:00.000000,2026-08-27T05:17:09.287600+00:00,D:/D drive recovery/Shiva JH/Projects/OneLake Medallion/data/landing/_reference/geolocation.parquet,_reference
13482,-22.57487785152052,-47.416177053147926,limeira,SP,2016-01-01 00:00:00.000000,2026-08-27T05:17:09.287600+00:00,D:/D drive recovery/Shiva JH/Projects/OneLake Medallion/data/landing/_reference/geolocation.parquet,_reference
13483,-22.56835042131686,-47.44743947974489,limeira,SP,2016-01-01 00:00:00.000000,2026-08-27T05:17:09.287600+00:00,D:/D drive recovery/Shiva JH/Projects/OneLake Medallion/data/landing/_reference/geolocation.parquet,_reference
13501,-22.421270999999948,-47.55270049999996,rio claro,SP,2016-01-01 00:00:00.000000,2026-08-27T05:17:09.287600+00:00,D:/D drive recovery/Shiva JH/Projects/OneLake Medallion/data/landing/_reference/geolocation.parquet,_reference
13506,-22.43740794263641,-47.55147155592709,rio claro,SP,2016-01-01 00:00:00.000000,2026-08-27T05:17:09.287600+00:00,D:/D drive recovery/Shiva JH/Projects/OneLake Medallion/data/landing/_reference/geolocation.parquet,_reference
78020,-15.60297857178555,-56.10296014321507,cuiaba,MT,2016-01-01 00:00:00.000000,2026-08-27T05:17:09.287600+00:00,D:/D drive recovery/Shiva JH/Projects/OneLake Medallion/data/landing/_reference/geolocation.parquet,_reference
80230,-25.44041155231119,-49.27281542157665,curitiba,PR,2016-01-01 00:00:00.000000,2026-08-27T05:17:09.287600+00:00,D:/D drive recovery/Shiva JH/Projects/OneLake Medallion/data/landing/_reference/geolocation.parquet,_reference
81770,-25.5347523805182,-49.236641559813016,curitiba,PR,2016-01-01 00:00:00.000000,2026-08-27T05:17:09.287600+00:00,D:/D drive recovery/Shiva JH/Projects/OneLake Medallion/data/landing/_reference/geolocation.parquet,_reference
83045,-25.50558541220332,-49.18988673051925,sao jose dos pinhais,PR,2016-01-01 00:00:00.000000,2026-08-27T05:17:09.287600+00:00,D:/D drive recovery/Shiva JH/Projects/OneLake Medallion/data/landing/_reference/geolocation.parquet,_reference
83327,-25.39247780481249,-49.16387036029701,pinhais,PR,2016-01-01 00:00:00.000000,2026-08-27T05:17:09.287600+00:00,D:/D drive recovery/Shiva JH/Projects/OneLake Medallion/data/landing/_reference/geolocation.parquet,_reference
84220,-24.11443747897362,-49.45979539247262,senges,PR,2016-01-01 00:00:00.000000,2026-08-27T05:17:09.287600+00:00,D:/D drive recovery/Shiva JH/Projects/OneLake Medallion/data/landing/_reference/geolocation.parquet,_reference
84530,-25.372898999999997,-50.46185700000001,teixeira soares,PR,2016-01-01 00:00:00.000000,2026-08-27T05:17:09.287600+00:00,D:/D drive recovery/Shiva JH/Projects/OneLake Medallion/data/landing/_reference/geolocation.parquet,_reference
85770,-25.77211109455507,-53.5370316790837,realeza,PR,2016-01-01 00:00:00.000000,2026-08-27T05:17:09.287600+00:00,D:/D drive recovery/Shiva JH/Projects/OneLake Medallion/data/landing/_reference/geolocation.parquet,_reference
87050,-23.437975269077903,-51.91385959802448,maringa,PR,2016-01-01 00:00:00.000000,2026-08-27T05:17:09.287600+00:00,D:/D drive recovery/Shiva JH/Projects/OneLake Medallion/data/landing/_reference/geolocation.parquet,_reference
87114,-23.431481257369107,-51.85490851643521,sarandi,PR,2016-01-01 00:00:00.000000,2026-08-27T05:17:09.287600+00:00,D:/D drive recovery/Shiva JH/Projects/OneLake Medallion/data/landing/_reference/geolocation.parquet,_reference
87160,-23.3444533546691,-52.0955185291364,mandaguacu,PR,2016-01-01 00:00:00.000000,2026-08-27T05:17:09.287600+00:00,D:/D drive recovery/Shiva JH/Projects/OneLake Medallion/data/landing/_reference/geolocation.parquet,_reference
87340,-24.304112999999997,-52.533738,mambore,PR,2016-01-01 00:00:00.000000,2026-08-27T05:17:09.287600+00:00,D:/D drive recovery/Shiva JH/Projects/OneLake Medallion/data/landing/_reference/geolocation.parquet,_reference
88330,-26.999696999999948,-48.63513949999995,balneario camboriu,SC,2016-01-01 00:00:00.000000,2026-08-27T05:17:09.287600+00:00,D:/D drive recovery/Shiva JH/Projects/OneLake Medallion/data/landing/_reference/geolocation.parquet,_reference
88495,-28.03172040884407,-48.62388672140172,garopaba,SC,2016-01-01 00:00:00.000000,2026-08-27T05:17:09.287600+00:00,D:/D drive recovery/Shiva JH/Projects/OneLake Medallion/data/landing/_reference/geolocation.parquet,_reference
13211,-23.179889672043977,-46.928510109318665,jundiai,SP,2016-01-01 00:00:00.000000,2026-08-27T05:17:09.287600+00:00,D:/D drive recovery/Shiva JH/Projects/OneLake Medallion/data/landing/_reference/geolocation.parquet,_reference
13310,-23.27791979536116,-47.29777730942436,itu,SP,2016-01-01 00:00:00.000000,2026-08-27T05:17:09.287600+00:00,D:/D drive recovery/Shiva JH/Projects/OneLake Medallion/data/landing/_reference/geolocation.parquet,_reference
13403,-22.727374795169958,-47.67061025477531,piracicaba,SP,2016-01-01 00:00:00.000000,2026-08-27T05:17:09.287600+00:00,D:/D drive recovery/Shiva JH/Projects/OneLake Medallion/data/landing/_reference/geolocation.parquet,_reference
13465,-22.74703919816495,-47.34322030252755,americana,SP,2016-01-01 00:00:00.000000,2026-08-27T05:17:09.287600+00:00,D:/D drive recovery/Shiva JH/Projects/OneLake Medallion/data/landing/_reference/geolocation.parquet,_reference
14010,-21.179578055269594,-47.81126902131619,ribeirao preto,SP,2016-01-01 00:00:00.000000,2026-08-27T05:17:09.287600+00:00,D:/D drive recovery/Shiva JH/Projects/OneLake Medallion/data/landing/_reference/geolocation.parquet,_reference
14720,-21.114254738381373,-48.4420827102807,taiúva,SP,2016-01-01 00:00:00.000000,2026-08-27T05:17:09.287600+00:00,D:/D drive recovery/Shiva JH/Projects/OneLake Medallion/data/landing/_reference/geolocation.parquet,_reference
15055,-20.793966591593712,-49.363925103061646,sao jose do rio preto,SP,2016-01-01 00:00:00.000000,2026-08-27T05:17:09.287600+00:00,D:/D drive recovery/Shiva JH/Projects/OneLake Medallion/data/landing/_reference/geolocation.parquet,_reference
15900,-21.40988100649633,-48.49689418444743,taquaritinga,SP,2016-01-01 00:00:00.000000,2026-08-27T05:17:09.287600+00:00,D:/D drive recovery/Shiva JH/Projects/OneLake Medallion/data/landing/_reference/geolocation.parquet,_reference
16204,-21.30207124709913,-50.34447517254305,birigüi,SP,2016-01-01 00:00:00.000000,2026-08-27T05:17:09.287600+00:00,D:/D drive recovery/Shiva JH/Projects/OneLake Medallion/data/landing/_reference/geolocation.parquet,_reference
16800,-21.131534491601712,-51.10568265114781,mirandopolis,SP,2016-01-01 00:00:00.000000,2026-08-27T05:17:09.287600+00:00,D:/D drive recovery/Shiva JH/Projects/OneLake Medallion/data/landing/_reference/geolocation.parquet,_reference
17700,-21.78761366528708,-50.87213184519997,osvaldo cruz,SP,2016-01-01 00:00:00.000000,2026-08-27T05:17:09.287600+00:00,D:/D drive recovery/Shiva JH/Projects/OneLake Medallion/data/landing/_reference/geolocation.parquet,_reference
18048,-23.540113319994173,-47.47208617147569,sorocaba,SP,2016-01-01 00:00:00.000000,2026-08-27T05:17:09.287600+00:00,D:/D drive recovery/Shiva JH/Projects/OneLake Medallion/data/landing/_reference/geolocation.parquet,_reference
18080,-23.4773539314444,-47.46276661143171,sorocaba,SP,2016-01-01 00:00:00.000000,2026-08-27T05:17:09.287600+00:00,D:/D drive recovery/Shiva JH/Projects/OneLake Medallion/data/landing/_reference/geolocation.parquet,_reference
95680,-29.374542581978403,-50.7993160369122,canela,RS,2016-01-01 00:00:00.000000,2026-08-27T05:17:09.287600+00:00,D:/D drive recovery/Shiva JH/Projects/OneLake Medallion/data/landing/_reference/geolocation.parquet,_reference
96201,-32.03094717184131,-52.08162508196311,rio grande,RS,2016-01-01 00:00:00.000000,2026-08-27T05:17:09.287600+00:00,D:/D drive recovery/Shiva JH/Projects/OneLake Medallion/data/landing/_reference/geolocation.parquet,_reference
97543,-29.80050445204419,-55.79828161835262,alegrete,RS,2016-01-01 00:00:00.000000,2026-08-27T05:17:09.287600+00:00,D:/D drive recovery/Shiva JH/Projects/OneLake Medallion/data/landing/_reference/geolocation.parquet,_reference
98270,-28.42424999999997,-53.65641999999997,pejucara,RS,2016-01-01 00:00:00.000000,2026-08-27T05:17:09.287600+00:00,D:/D drive recovery/Shiva JH/Projects/OneLake Medallion/data/landing/_reference/geolocation.parquet,_reference
98600,-27.457772632586583,-53.93605109037768,tres passos,RS,2016-01-01 00:00:00.000000,2026-08-27T05:17:09.287600+00:00,D:/D drive recovery/Shiva JH/Projects/OneLake Medallion/data/landing/_reference/geolocation.parquet,_reference
13290,-23.08412527710581,-46.98121307089687,louveira,SP,2016-01-01 00:00:00.000000,2026-08-27T05:17:09.287600+00:00,D:/D drive recovery/Shiva JH/Projects/OneLake Medallion/data/landing/_reference/geolocation.parquet,_reference
13333,-23.06645625010041,-47.21591274539021,indaiatuba,SP,2016-01-01 00:00:00.000000,2026-08-27T05:17:09.287600+00:00,D:/D drive recovery/Shiva JH/Projects/OneLake Medallion/data/landing/_reference/geolocation.parquet,_reference
13540,-22.220576213907908,-47.627468212183366,corumbatai,SP,2016-01-01 00:00:00.000000,2026-08-27T05:17:09.287600+00:00,D:/D drive recovery/Shiva JH/Projects/OneLake Medallion/data/landing/_reference/geolocation.parquet,_reference
13566,-22.00055438718329,-47.88585695697964,sao carlos,SP,2016-01-01 00:00:00.000000,2026-08-27T05:17:09.287600+00:00,D:/D drive recovery/Shiva JH/Projects/OneLake Medallion/data/landing/_reference/geolocation.parquet,_reference
14062,-21.120666287911064,-47.82124996826418,ribeirao preto,SP,2016-01-01 00:00:00.000000,2026-08-27T05:17:09.287600+00:00,D:/D drive recovery/Shiva JH/Projects/OneLake Medallion/data/landing/_reference/geolocation.parquet,_reference
14790,-20.32575857378295,-48.319543357640256,guaira,SP,2016-01-01 00:00:00.000000,2026-08-27T05:17:09.287600+00:00,D:/D drive recovery/Shiva JH/Projects/OneLake Medallion/data/landing/_reference/geolocation.parquet,_reference
15990,-21.600017486814032,-48.36150673633789,matao,SP,2016-01-01 00:00:00.000000,2026-08-27T05:17:09.287600+00:00,D:/D drive recovery/Shiva JH/Projects/OneLake Medallion/data/landing/_reference/geolocation.parquet,_reference
16022,-21.235015152374626,-50.46798178227244,aracatuba,SP,2016-01-01 00:00:00.000000,2026-08-27T05:17:09.287600+00:00,D:/D drive recovery/Shiva JH/Projects/OneLake Medallion/data/landing/_reference/geolocation.parquet,_reference
17400,-22.218988944556266,-49.64362334020589,garca,SP,2016-01-01 00:00:00.000000,2026-08-27T05:17:09.287600+00:00,D:/D drive recovery/Shiva JH/Projects/OneLake Medallion/data/landing/_reference/geolocation.parquet,_reference
17511,-22.181007751312865,-49.963543554532905,marilia,SP,2016-01-01 00:00:00.000000,2026-08-27T05:17:09.287600+00:00,D:/D drive recovery/Shiva JH/Projects/OneLake Medallion/data/landing/_reference/geolocation.parquet,_reference
18055,-23.489741556206333,-47.509921178602326,sorocaba,SP,2016-01-01 00:00:00.000000,2026-08-27T05:17:09.287600+00:00,D:/D drive recovery/Shiva JH/Projects/OneLake Medallion/data/landing/_reference/geolocation.parquet,_reference
20040,-22.906800000000004,-43.176623145421054,rio de janeiro,RJ,2016-01-01 00:00:00.000000,2026-08-27T05:17:09.287600+00:00,D:/D drive recovery/Shiva JH/Projects/OneLake Medallion/data/landing/_reference/geolocation.parquet,_reference
20561,-22.9217373075192,-43.262810696087485,rio de janeiro,RJ,2016-01-01 00:00:00.000000,2026-08-27T05:17:09.287600+00:00,D:/D drive recovery/Shiva JH/Projects/OneLake Medallion/data/landing/_reference/geolocation.parquet,_reference
01049,-23.54530659310986,-46.636994571065735,sao paulo,SP,2016-01-01 00:00:00.000000,2026-08-27T05:17:09.287600+00:00,D:/D drive recovery/Shiva JH/Projects/OneLake Medallion/data/landing/_reference/geolocation.parquet,_reference
01129,-23.52568868803739,-46.64218081986844,sao paulo,SP,2016-01-01 00:00:00.000000,2026-08-27T05:17:09.287600+00:00,D:/D drive recovery/Shiva JH/Projects/OneLake Medallion/data/landing/_reference/geolocation.parquet,_reference
02036,-23.50210750375091,-46.62196127699232,sao paulo,SP,2016-01-01 00:00:00.000000,2026-08-27T05:17:09.287600+00:00,D:/D drive recovery/Shiva JH/Projects/OneLake Medallion/data/landing/_reference/geolocation.parquet,_reference
02134,-23.499318080212344,-46.578124372468125,sao paulo,SP,2016-01-01 00:00:00.000000,2026-08-27T05:17:09.287600+00:00,D:/D drive recovery/Shiva JH/Projects/OneLake Medallion/data/landing/_reference/geolocation.parquet,_reference
02251,-23.47555298834324,-46.58458209824575,sao paulo,SP,2016-01-01 00:00:00.000000,2026-08-27T05:17:09.287600+00:00,D:/D drive recovery/Shiva JH/Projects/OneLake Medallion/data/landing/_reference/geolocation.parquet,_reference
02274,-23.46551402193457,-46.58517457771257,sao paulo,SP,2016-01-01 00:00:00.000000,2026-08-27T05:17:09.287600+00:00,D:/D drive recovery/Shiva JH/Projects/OneLake Medallion/data/landing/_reference/geolocation.parquet,_reference
03156,-23.58136699134433,-46.56438226771108,sao paulo,SP,2016-01-01 00:00:00.000000,2026-08-27T05:17:09.287600+00:00,D:/D drive recovery/Shiva JH/Projects/OneLake Medallion/data/landing/_reference/geolocation.parquet,_reference
03216,-23.606865115730898,-46.55510886303304,sao paulo,SP,2016-01-01 00:00:00.000000,2026-08-27T05:17:09.287600+00:00,D:/D drive recovery/Shiva JH/Projects/OneLake Medallion/data/landing/_reference/geolocation.parquet,_reference
03322,-23.549660117981254,-46.57027590146579,sao paulo,SP,2016-01-01 00:00:00.000000,2026-08-27T05:17:09.287600+00:00,D:/D drive recovery/Shiva JH/Projects/OneLake Medallion/data/landing/_reference/geolocation.parquet,_reference
04132,-23.6135049775232,-46.61745650903103,sao paulo,SP,2016-01-01 00:00:00.000000,2026-08-27T05:17:09.287600+00:00,D:/D drive recovery/Shiva JH/Projects/OneLake Medallion/data/landing/_reference/geolocation.parquet,_reference
04141,-23.61041811434591,-46.63263307660568,sao paulo,SP,2016-01-01 00:00:00.000000,2026-08-27T05:17:09.287600+00:00,D:/D drive recovery/Shiva JH/Projects/OneLake Medallion/data/landing/_reference/geolocation.parquet,_reference
04209,-23.581842935887803,-46.60117984194124,sao paulo,SP,2016-01-01 00:00:00.000000,2026-08-27T05:17:09.287600+00:00,D:/D drive recovery/Shiva JH/Projects/OneLake Medallion/data/landing/_reference/geolocation.parquet,_reference
04360,-23.643335839027035,-46.66315536095557,sao paulo,SP,2016-01-01 00:00:00.000000,2026-08-27T05:17:09.287600+00:00,D:/D drive recovery/Shiva JH/Projects/OneLake Medallion/data/landing/_reference/geolocation.parquet,_reference
04851,-23.75344503818654,-46.66921268496448,sao paulo,SP,2016-01-01 00:00:00.000000,2026-08-27T05:17:09.287600+00:00,D:/D drive recovery/Shiva JH/Projects/OneLake Medallion/data/landing/_reference/geolocation.parquet,_reference
05307,-23.523200385668098,-46.73896974005393,sao paulo,SP,2016-01-01 00:00:00.000000,2026-08-27T05:17:09.287600+00:00,D:/D drive recovery/Shiva JH/Projects/OneLake Medallion/data/landing/_reference/geolocation.parquet,_reference
05727,-23.625590333054426,-46.73905080544173,sao paulo,SP,2016-01-01 00:00:00.000000,2026-08-27T05:17:09.287600+00:00,D:/D drive recovery/Shiva JH/Projects/OneLake Medallion/data/landing/_reference/geolocation.parquet,_reference
06243,-23.50120698102153,-46.7987711273679,osasco,SP,2016-01-01 00:00:00.000000,2026-08-27T05:17:09.287600+00:00,D:/D drive recovery/Shiva JH/Projects/OneLake Medallion/data/landing/_reference/geolocation.parquet,_reference
06387,-23.55134994036523,-46.83514188734528,carapicuiba,SP,2016-01-01 00:00:00.000000,2026-08-27T05:17:09.287600+00:00,D:/D drive recovery/Shiva JH/Projects/OneLake Medallion/data/landing/_reference/geolocation.parquet,_reference
07033,-23.4967913119626,-46.555892863725546,guarulhos,SP,2016-01-01 00:00:00.000000,2026-08-27T05:17:09.287600+00:00,D:/D drive recovery/Shiva JH/Projects/OneLake Medallion/data/landing/_reference/geolocation.parquet,_reference
07133,-23.44007914793122,-46.51144923980033,guarulhos,SP,2016-01-01 00:00:00.000000,2026-08-27T05:17:09.287600+00:00,D:/D drive recovery/Shiva JH/Projects/OneLake Medallion/data/landing/_reference/geolocation.parquet,_reference
07813,-23.30687031531724,-46.762745102764434,franco da rocha,SP,2016-01-01 00:00:00.000000,2026-08-27T05:17:09.287600+00:00,D:/D drive recovery/Shiva JH/Projects/OneLake Medallion/data/landing/_reference/geolocation.parquet,_reference
08080,-23.484915471002324,-46.43150265889548,sao paulo,SP,2016-01-01 00:00:00.000000,2026-08-27T05:17:09.287600+00:00,D:/D drive recovery/Shiva JH/Projects/OneLake Medallion/data/landing/_reference/geolocation.parquet,_reference
08430,-23.53253894532287,-46.42331708021234,são paulo,SP,2016-01-01 00:00:00.000000,2026-08-27T05:17:09.287600+00:00,D:/D drive recovery/Shiva JH/Projects/OneLake Medallion/data/landing/_reference/geolocation.parquet,_reference
08440,-23.538638336112843,-46.40901521065842,sao paulo,SP,2016-01-01 00:00:00.000000,2026-08-27T05:17:09.287600+00:00,D:/D drive recovery/Shiva JH/Projects/OneLake Medallion/data/landing/_reference/geolocation.parquet,_reference
08593,-23.442644999999946,-46.31869249999997,itaquaquecetuba,SP,2016-01-01 00:00:00.000000,2026-08-27T05:17:09.287600+00:00,D:/D drive recovery/Shiva JH/Projects/OneLake Medallion/data/landing/_reference/geolocation.parquet,_reference
08673,-23.54646763188849,-46.31743880609893,suzano,SP,2016-01-01 00:00:00.000000,2026-08-27T05:17:09.287600+00:00,D:/D drive recovery/Shiva JH/Projects/OneLake Medallion/data/landing/_reference/geolocation.parquet,_reference
09726,-23.69554254235653,-46.56158498222641,sao bernardo do campo,SP,2016-01-01 00:00:00.000000,2026-08-27T05:17:09.287600+00:00,D:/D drive recovery/Shiva JH/Projects/OneLake Medallion/data/landing/_reference/geolocation.parquet,_reference
68746,-1.3017137525627682,-47.8979704954983,castanhal,PA,2016-01-01 00:00:00.000000,2026-08-27T05:17:09.287600+00:00,D:/D drive recovery/Shiva JH/Projects/OneLake Medallion/data/landing/_reference/geolocation.parquet,_reference
70040,-15.797781541531345,-47.8746815799425,brasilia,DF,2016-01-01 00:00:00.000000,2026-08-27T05:17:09.287600+00:00,D:/D drive recovery/Shiva JH/Projects/OneLake Medallion/data/landing/_reference/geolocation.parquet,_reference
71660,-15.840864092628385,-47.83810636053764,brasilia,DF,2016-01-01 00:00:00.000000,2026-08-27T05:17:09.287600+00:00,D:/D drive recovery/Shiva JH/Projects/OneLake Medallion/data/landing/_reference/geolocation.parquet,_reference
71693,-15.914343473621368,-47.76019745174625,brasilia,DF,2016-01-01 00:00:00.000000,2026-08-27T05:17:09.287600+00:00,D:/D drive recovery/Shiva JH/Projects/OneLake Medallion/data/landing/_reference/geolocation.parquet,_reference
71918,-15.837191999999996,-48.03224624999999,brasília,DF,2016-01-01 00:00:00.000000,2026-08-27T05:17:09.287600+00:00,D:/D drive recovery/Shiva JH/Projects/OneLake Medallion/data/landing/_reference/geolocation.parquet,_reference
74735,-16.68095471241174,-49.20636796865232,goiania,GO,2016-01-01 00:00:00.000000,2026-08-27T05:17:09.287600+00:00,D:/D drive recovery/Shiva JH/Projects/OneLake Medallion/data/landing/_reference/geolocation.parquet,_reference
77620,-9.94940384269379,-47.97747007501624,aparecida do rio negro,TO,2016-01-01 00:00:00.000000,2026-08-27T05:17:09.287600+00:00,D:/D drive recovery/Shiva JH/Projects/OneLake Medallion/data/landing/_reference/geolocation.parquet,_reference
78110,-15.644487426308524,-56.13548099278663,várzea grande,MT,2016-01-01 00:00:00.000000,2026-08-27T05:17:09.287600+00:00,D:/D drive recovery/Shiva JH/Projects/OneLake Medallion/data/landing/_reference/geolocation.parquet,_reference
80330,-25.472734941716197,-49.30563836747645,curitiba,PR,2016-01-01 00:00:00.000000,2026-08-27T05:17:09.287600+00:00,D:/D drive recovery/Shiva JH/Projects/OneLake Medallion/data/landing/_reference/geolocation.parquet,_reference
81070,-25.48015350874257,-49.29687243020366,curitiba,PR,2016-01-01 00:00:00.000000,2026-08-27T05:17:09.287600+00:00,D:/D drive recovery/Shiva JH/Projects/OneLake Medallion/data/landing/_reference/geolocation.parquet,_reference
81880,-25.539430693865768,-49.2886326382077,curitiba,PR,2016-01-01 00:00:00.000000,2026-08-27T05:17:09.287600+00:00,D:/D drive recovery/Shiva JH/Projects/OneLake Medallion/data/landing/_reference/geolocation.parquet,_reference
82840,-25.4046727705902,-49.19971258303454,curitiba,PR,2016-01-01 00:00:00.000000,2026-08-27T05:17:09.287600+00:00,D:/D drive recovery/Shiva JH/Projects/OneLake Medallion/data/landing/_reference/geolocation.parquet,_reference
82990,-25.463871052156552,-49.19510577816825,curitiba,PR,2016-01-01 00:00:00.000000,2026-08-27T05:17:09.287600+00:00,D:/D drive recovery/Shiva JH/Projects/OneLake Medallion/data/landing/_reference/geolocation.parquet,_reference
83408,-25.371298736141743,-49.18823376385825,colombo,PR,2016-01-01 00:00:00.000000,2026-08-27T05:17:09.287600+00:00,D:/D drive recovery/Shiva JH/Projects/OneLake Medallion/data/landing/_reference/geolocation.parquet,_reference
84040,-25.11074915875126,-50.16128768235323,ponta grossa,PR,2016-01-01 00:00:00.000000,2026-08-27T05:17:09.287600+00:00,D:/D drive recovery/Shiva JH/Projects/OneLake Medallion/data/landing/_reference/geolocation.parquet,_reference
85601,-26.07915296665839,-53.06725661073275,francisco beltrao,PR,2016-01-01 00:00:00.000000,2026-08-27T05:17:09.287600+00:00,D:/D drive recovery/Shiva JH/Projects/OneLake Medallion/data/landing/_reference/geolocation.parquet,_reference
85861,-25.502404350701365,-54.552678340623295,foz do iguacu,PR,2016-01-01 00:00:00.000000,2026-08-27T05:17:09.287600+00:00,D:/D drive recovery/Shiva JH/Projects/OneLake Medallion/data/landing/_reference/geolocation.parquet,_reference
86600,-23.31259824896755,-51.36894941889966,rolandia,PR,2016-01-01 00:00:00.000000,2026-08-27T05:17:09.287600+00:00,D:/D drive recovery/Shiva JH/Projects/OneLake Medallion/data/landing/_reference/geolocation.parquet,_reference
87703,-23.0695428504722,-52.46855076635804,paranavai,PR,2016-01-01 00:00:00.000000,2026-08-27T05:17:09.287600+00:00,D:/D drive recovery/Shiva JH/Projects/OneLake Medallion/data/landing/_reference/geolocation.parquet,_reference
87900,-22.931426544866625,-53.13375928731349,loanda,PR,2016-01-01 00:00:00.000000,2026-08-27T05:17:09.287600+00:00,D:/D drive recovery/Shiva JH/Projects/OneLake Medallion/data/landing/_reference/geolocation.parquet,_reference
88371,-26.878955021651237,-48.68433308448546,navegantes,SC,2016-01-01 00:00:00.000000,2026-08-27T05:17:09.287600+00:00,D:/D drive recovery/Shiva JH/Projects/OneLake Medallion/data/landing/_reference/geolocation.parquet,_reference
88385,-26.773764104374084,-48.63953711236351,penha,SC,2016-01-01 00:00:00.000000,2026-08-27T05:17:09.287600+00:00,D:/D drive recovery/Shiva JH/Projects/OneLake Medallion/data/landing/_reference/geolocation.parquet,_reference
89120,-26.83365489702238,-49.26170944102369,timbo,SC,2016-01-01 00:00:00.000000,2026-08-27T05:17:09.287600+00:00,D:/D drive recovery/Shiva JH/Projects/OneLake Medallion/data/landing/_reference/geolocation.parquet,_reference
22733,-22.900534532892813,-43.357539142939565,rio de janeiro,RJ,2016-01-01 00:00:00.000000,2026-08-27T05:17:09.287600+00:00,D:/D drive recovery/Shiva JH/Projects/OneLake Medallion/data/landing/_reference/geolocation.parquet,_reference
22775,-22.972956517889177,-43.39706327699233,rio de janeiro,RJ,2016-01-01 00:00:00.000000,2026-08-27T05:17:09.287600+00:00,D:/D drive recovery/Shiva JH/Projects/OneLake Medallion/data/landing/_reference/geolocation.parquet,_reference
23573,-22.913586680824032,-43.65451666403138,rio de janeiro,RJ,2016-01-01 00:00:00.000000,2026-08-27T05:17:09.287600+00:00,D:/D drive recovery/Shiva JH/Projects/OneLake Medallion/data/landing/_reference/geolocation.parquet,_reference
24422,-22.83184884187392,-43.03317893358011,sao goncalo,RJ,2016-01-01 00:00:00.000000,2026-08-27T05:17:09.287600+00:00,D:/D drive recovery/Shiva JH/Projects/OneLake Medallion/data/landing/_reference/geolocation.parquet,_reference
24426,-22.83536936790349,-43.08464036790347,sao goncalo,RJ,2016-01-01 00:00:00.000000,2026-08-27T05:17:09.287600+00:00,D:/D drive recovery/Shiva JH/Projects/OneLake Medallion/data/landing/_reference/geolocation.parquet,_reference
24457,-22.807820702930368,-43.008548837565705,sao goncalo,RJ,2016-01-01 00:00:00.000000,2026-08-27T05:17:09.287600+00:00,D:/D drive recovery/Shiva JH/Projects/OneLake Medallion/data/landing/_reference/geolocation.parquet,_reference
25036,-22.663189612142688,-43.3037112690833,duque de caxias,RJ,2016-01-01 00:00:00.000000,2026-08-27T05:17:09.287600+00:00,D:/D drive recovery/Shiva JH/Projects/OneLake Medallion/data/landing/_reference/geolocation.parquet,_reference
27470,-22.693764497543054,-44.00449724718562,passa tres,RJ,2016-01-01 00:00:00.000000,2026-08-27T05:17:09.287600+00:00,D:/D drive recovery/Shiva JH/Projects/OneLake Medallion/data/landing/_reference/geolocation.parquet,_reference
27915,-22.381187886109803,-41.77651253862916,macae,RJ,2016-01-01 00:00:00.000000,2026-08-27T05:17:09.287600+00:00,D:/D drive recovery/Shiva JH/Projects/OneLake Medallion/data/landing/_reference/geolocation.parquet,_reference
28614,-22.29490827532107,-42.5253535471998,nova friburgo,RJ,2016-01-01 00:00:00.000000,2026-08-27T05:17:09.287600+00:00,D:/D drive recovery/Shiva JH/Projects/OneLake Medallion/data/landing/_reference/geolocation.parquet,_reference
28615,-22.3079763275354,-42.523626109974224,nova friburgo,RJ,2016-01-01 00:00:00.000000,2026-08-27T05:17:09.287600+00:00,D:/D drive recovery/Shiva JH/Projects/OneLake Medallion/data/landing/_reference/geolocation.parquet,_reference
28943,-22.85879545945832,-42.05025992573866,sao pedro da aldeia,RJ,2016-01-01 00:00:00.000000,2026-08-27T05:17:09.287600+00:00,D:/D drive recovery/Shiva JH/Projects/OneLake Medallion/data/landing/_reference/geolocation.parquet,_reference
29101,-20.328516912247657,-40.27466690945518,vila velha,ES,2016-01-01 00:00:00.000000,2026-08-27T05:17:09.287600+00:00,D:/D drive recovery/Shiva JH/Projects/OneLake Medallion/data/landing/_reference/geolocation.parquet,_reference
29103,-20.38565103594583,-40.32987864577552,vila velha,ES,2016-01-01 00:00:00.000000,2026-08-27T05:17:09.287600+00:00,D:/D drive recovery/Shiva JH/Projects/OneLake Medallion/data/landing/_reference/geolocation.parquet,_reference
29135,-20.359934999999997,-40.43769573237383,viana,ES,2016-01-01 00:00:00.000000,2026-08-27T05:17:09.287600+00:00,D:/D drive recovery/Shiva JH/Projects/OneLake Medallion/data/landing/_reference/geolocation.parquet,_reference
19800,-22.66791333527613,-50.41920174522468,assis,SP,2016-01-01 00:00:00.000000,2026-08-27T05:17:09.287600+00:00,D:/D drive recovery/Shiva JH/Projects/OneLake Medallion/data/landing/_reference/geolocation.parquet,_reference
20031,-22.91064096725142,-43.17650983181368,rio de janeiro,RJ,2016-01-01 00:00:00.000000,2026-08-27T05:17:09.287600+00:00,D:/D drive recovery/Shiva JH/Projects/OneLake Medallion/data/landing/_reference/geolocation.parquet,_reference
20230,-22.908714883432378,-43.193807831813686,rio de janeiro,RJ,2016-01-01 00:00:00.000000,2026-08-27T05:17:09.287600+00:00,D:/D drive recovery/Shiva JH/Projects/OneLake Medallion/data/landing/_reference/geolocation.parquet,_reference
20521,-22.92505850706913,-43.230232813203365,rio de janeiro,RJ,2016-01-01 00:00:00.000000,2026-08-27T05:17:09.287600+00:00,D:/D drive recovery/Shiva JH/Projects/OneLake Medallion/data/landing/_reference/geolocation.parquet,_reference
20540,-22.92173310574757,-43.25868934445138,rio de janeiro,RJ,2016-01-01 00:00:00.000000,2026-08-27T05:17:09.287600+00:00,D:/D drive recovery/Shiva JH/Projects/OneLake Medallion/data/landing/_reference/geolocation.parquet,_reference
21250,-22.822240715505863,-43.31257322023773,rio de janeiro,RJ,2016-01-01 00:00:00.000000,2026-08-27T05:17:09.287600+00:00,D:/D drive recovery/Shiva JH/Projects/OneLake Medallion/data/landing/_reference/geolocation.parquet,_reference
81210,-25.4439745033258,-49.32947681717858,curitiba,PR,2016-01-01 00:00:00.000000,2026-08-27T05:17:09.287600+00:00,D:/D drive recovery/Shiva JH/Projects/OneLake Medallion/data/landing/_reference/geolocation.parquet,_reference
83750,-25.775721800206885,-49.72398059937935,lapa,PR,2016-01-01 00:00:00.000000,2026-08-27T05:17:09.287600+00:00,D:/D drive recovery/Shiva JH/Projects/OneLake Medallion/data/landing/_reference/geolocation.parquet,_reference
84050,-25.111054989058253,-50.16840959931533,ponta grossa,PR,2016-01-01 00:00:00.000000,2026-08-27T05:17:09.287600+00:00,D:/D drive recovery/Shiva JH/Projects/OneLake Medallion/data/landing/_reference/geolocation.parquet,_reference
84262,-24.32419311407833,-50.62367220467264,telemaco borba,PR,2016-01-01 00:00:00.000000,2026-08-27T05:17:09.287600+00:00,D:/D drive recovery/Shiva JH/Projects/OneLake Medallion/data/landing/_reference/geolocation.parquet,_reference
84280,-24.038172062550025,-50.45401088736292,curiuva,PR,2016-01-01 00:00:00.000000,2026-08-27T05:17:09.287600+00:00,D:/D drive recovery/Shiva JH/Projects/OneLake Medallion/data/landing/_reference/geolocation.parquet,_reference
87025,-23.377396999935016,-51.93100618003307,maringa,PR,2016-01-01 00:00:00.000000,2026-08-27T05:17:09.287600+00:00,D:/D drive recovery/Shiva JH/Projects/OneLake Medallion/data/landing/_reference/geolocation.parquet,_reference
88050,-27.541774322739933,-48.524876521904254,florianopolis,SC,2016-01-01 00:00:00.000000,2026-08-27T05:17:09.287600+00:00,D:/D drive recovery/Shiva JH/Projects/OneLake Medallion/data/landing/_reference/geolocation.parquet,_reference
88161,-27.523776127748366,-48.65743786004288,biguacu,SC,2016-01-01 00:00:00.000000,2026-08-27T05:17:09.287600+00:00,D:/D drive recovery/Shiva JH/Projects/OneLake Medallion/data/landing/_reference/geolocation.parquet,_reference
88501,-27.81568867055225,-50.33589889924407,lages,SC,2016-01-01 00:00:00.000000,2026-08-27T05:17:09.287600+00:00,D:/D drive recovery/Shiva JH/Projects/OneLake Medallion/data/landing/_reference/geolocation.parquet,_reference
88526,-27.826500646948915,-50.30447688530298,lages,SC,2016-01-01 00:00:00.000000,2026-08-27T05:17:09.287600+00:00,D:/D drive recovery/Shiva JH/Projects/OneLake Medallion/data/landing/_reference/geolocation.parquet,_reference
89211,-26.334126816668515,-48.84905618333149,joinville,SC,2016-01-01 00:00:00.000000,2026-08-27T05:17:09.287600+00:00,D:/D drive recovery/Shiva JH/Projects/OneLake Medallion/data/landing/_reference/geolocation.parquet,_reference
89214,-26.339334876535165,-48.88369843413832,joinville,SC,2016-01-01 00:00:00.000000,2026-08-27T05:17:09.287600+00:00,D:/D drive recovery/Shiva JH/Projects/OneLake Medallion/data/landing/_reference/geolocation.parquet,_reference
89237,-26.29225819900166,-48.91274413780365,joinville,SC,2016-01-01 00:00:00.000000,2026-08-27T05:17:09.287600+00:00,D:/D drive recovery/Shiva JH/Projects/OneLake Medallion/data/landing/_reference/geolocation.parquet,_reference
89809,-27.10051408376781,-52.67055649270073,chapeco,SC,2016-01-01 00:00:00.000000,2026-08-27T05:17:09.287600+00:00,D:/D drive recovery/Shiva JH/Projects/OneLake Medallion/data/landing/_reference/geolocation.parquet,_reference
89812,-27.111570666475647,-52.61231533338108,chapeco,SC,2016-01-01 00:00:00.000000,2026-08-27T05:17:09.287600+00:00,D:/D drive recovery/Shiva JH/Projects/OneLake Medallion/data/landing/_reference/geolocation.parquet,_reference
90130,-30.058735578683137,-51.22157241147777,porto alegre,RS,2016-01-01 00:00:00.000000,2026-08-27T05:17:09.287600+00:00,D:/D drive recovery/Shiva JH/Projects/OneLake Medallion/data/landing/_reference/geolocation.parquet,_reference
94445,-30.100024278603996,-51.06033541989852,viamao,RS,2016-01-01 00:00:00.000000,2026-08-27T05:17:09.287600+00:00,D:/D drive recovery/Shiva JH/Projects/OneLake Medallion/data/landing/_reference/geolocation.parquet,_reference
95030,-29.151517655694896,-51.22367778576782,caxias do sul,RS,2016-01-01 00:00:00.000000,2026-08-27T05:17:09.287600+00:00,D:/D drive recovery/Shiva JH/Projects/OneLake Medallion/data/landing/_reference/geolocation.parquet,_reference
95800,-29.616140787882497,-52.17587557262544,venancio aires,RS,2016-01-01 00:00:00.000000,2026-08-27T05:17:09.287600+00:00,D:/D drive recovery/Shiva JH/Projects/OneLake Medallion/data/landing/_reference/geolocation.parquet,_reference
96470,-31.579070881317342,-53.388468581409136,pinheiro machado,RS,2016-01-01 00:00:00.000000,2026-08-27T05:17:09.287600+00:00,D:/D drive recovery/Shiva JH/Projects/OneLake Medallion/data/landing/_reference/geolocation.parquet,_reference
98500,-27.3715116534906,-53.7522099642006,tenente portela,RS,2016-01-01 00:00:00.000000,2026-08-27T05:17:09.287600+00:00,D:/D drive recovery/Shiva JH/Projects/OneLake Medallion/data/landing/_reference/geolocation.parquet,_reference
98700,-28.401875951987947,-53.917987747908334,ijuí,RS,2016-01-01 00:00:00.000000,2026-08-27T05:17:09.287600+00:00,D:/D drive recovery/Shiva JH/Projects/OneLake Medallion/data/landing/_reference/geolocation.parquet,_reference
01011,-23.547639550320632,-46.63603162315495,sao paulo,SP,2016-01-01 00:00:00.000000,2026-08-27T05:17:09.287600+00:00,D:/D drive recovery/Shiva JH/Projects/OneLake Medallion/data/landing/_reference/geolocation.parquet,_reference
01301,-23.550812799901816,-46.65525802969017,sao paulo,SP,2016-01-01 00:00:00.000000,2026-08-27T05:17:09.287600+00:00,D:/D drive recovery/Shiva JH/Projects/OneLake Medallion/data/landing/_reference/geolocation.parquet,_reference
01419,-23.557767998615013,-46.662673347769605,sao paulo,SP,2016-01-01 00:00:00.000000,2026-08-27T05:17:09.287600+00:00,D:/D drive recovery/Shiva JH/Projects/OneLake Medallion/data/landing/_reference/geolocation.parquet,_reference
01511,-23.555682314184303,-46.63309991286275,sao paulo,SP,2016-01-01 00:00:00.000000,2026-08-27T05:17:09.287600+00:00,D:/D drive recovery/Shiva JH/Projects/OneLake Medallion/data/landing/_reference/geolocation.parquet,_reference
02016,-23.50097763469062,-46.62712333406575,sao paulo,SP,2016-01-01 00:00:00.000000,2026-08-27T05:17:09.287600+00:00,D:/D drive recovery/Shiva JH/Projects/OneLake Medallion/data/landing/_reference/geolocation.parquet,_reference
02407,-23.48550334194123,-46.62406169302905,sao paulo,SP,2016-01-01 00:00:00.000000,2026-08-27T05:17:09.287600+00:00,D:/D drive recovery/Shiva JH/Projects/OneLake Medallion/data/landing/_reference/geolocation.parquet,_reference
02874,-23.45599171357261,-46.67717134248949,sao paulo,SP,2016-01-01 00:00:00.000000,2026-08-27T05:17:09.287600+00:00,D:/D drive recovery/Shiva JH/Projects/OneLake Medallion/data/landing/_reference/geolocation.parquet,_reference
03028,-23.52697217736158,-46.610979191240034,são paulo,SP,2016-01-01 00:00:00.000000,2026-08-27T05:17:09.287600+00:00,D:/D drive recovery/Shiva JH/Projects/OneLake Medallion/data/landing/_reference/geolocation.parquet,_reference
03185,-23.56351781487679,-46.584379697472464,sao paulo,SP,2016-01-01 00:00:00.000000,2026-08-27T05:17:09.287600+00:00,D:/D drive recovery/Shiva JH/Projects/OneLake Medallion/data/landing/_reference/geolocation.parquet,_reference
03320,-23.547285965837776,-46.56940937552652,sao paulo,SP,2016-01-01 00:00:00.000000,2026-08-27T05:17:09.287600+00:00,D:/D drive recovery/Shiva JH/Projects/OneLake Medallion/data/landing/_reference/geolocation.parquet,_reference
03390,-23.592445491257426,-46.52635145282469,sao paulo,SP,2016-01-01 00:00:00.000000,2026-08-27T05:17:09.287600+00:00,D:/D drive recovery/Shiva JH/Projects/OneLake Medallion/data/landing/_reference/geolocation.parquet,_reference
03702,-23.51674732944774,-46.54818243075192,sao paulo,SP,2016-01-01 00:00:00.000000,2026-08-27T05:17:09.287600+00:00,D:/D drive recovery/Shiva JH/Projects/OneLake Medallion/data/landing/_reference/geolocation.parquet,_reference
03916,-23.59184790758262,-46.50262342437527,sao paulo,SP,2016-01-01 00:00:00.000000,2026-08-27T05:17:09.287600+00:00,D:/D drive recovery/Shiva JH/Projects/OneLake Medallion/data/landing/_reference/geolocation.parquet,_reference
03928,-23.60849791895093,-46.50450202608347,sao paulo,SP,2016-01-01 00:00:00.000000,2026-08-27T05:17:09.287600+00:00,D:/D drive recovery/Shiva JH/Projects/OneLake Medallion/data/landing/_reference/geolocation.parquet,_reference
04044,-23.60058550375091,-46.63968244463038,sao paulo,SP,2016-01-01 00:00:00.000000,2026-08-27T05:17:09.287600+00:00,D:/D drive recovery/Shiva JH/Projects/OneLake Medallion/data/landing/_reference/geolocation.parquet,_reference
04045,-23.61763890592578,-46.6389807441141,sao paulo,SP,2016-01-01 00:00:00.000000,2026-08-27T05:17:09.287600+00:00,D:/D drive recovery/Shiva JH/Projects/OneLake Medallion/data/landing/_reference/geolocation.parquet,_reference
04170,-23.633952003606684,-46.61211584318196,sao paulo,SP,2016-01-01 00:00:00.000000,2026-08-27T05:17:09.287600+00:00,D:/D drive recovery/Shiva JH/Projects/OneLake Medallion/data/landing/_reference/geolocation.parquet,_reference
04181,-23.63854843991764,-46.6023201830101,sao paulo,SP,2016-01-01 00:00:00.000000,2026-08-27T05:17:09.287600+00:00,D:/D drive recovery/Shiva JH/Projects/OneLake Medallion/data/landing/_reference/geolocation.parquet,_reference
04337,-23.66421977906979,-46.64701046142303,sao paulo,SP,2016-01-01 00:00:00.000000,2026-08-27T05:17:09.287600+00:00,D:/D drive recovery/Shiva JH/Projects/OneLake Medallion/data/landing/_reference/geolocation.parquet,_reference
04524,-23.599634741329545,-46.6603591434878,sao paulo,SP,2016-01-01 00:00:00.000000,2026-08-27T05:17:09.287600+00:00,D:/D drive recovery/Shiva JH/Projects/OneLake Medallion/data/landing/_reference/geolocation.parquet,_reference
04564,-23.61581786398534,-46.68133624811021,são paulo,SP,2016-01-01 00:00:00.000000,2026-08-27T05:17:09.287600+00:00,D:/D drive recovery/Shiva JH/Projects/OneLake Medallion/data/landing/_reference/geolocation.parquet,_reference
04689,-23.67181032001268,-46.69295810713254,sao paulo,SP,2016-01-01 00:00:00.000000,2026-08-27T05:17:09.287600+00:00,D:/D drive recovery/Shiva JH/Projects/OneLake Medallion/data/landing/_reference/geolocation.parquet,_reference
04746,-23.66072976183469,-46.70779649423597,sao paulo,SP,2016-01-01 00:00:00.000000,2026-08-27T05:17:09.287600+00:00,D:/D drive recovery/Shiva JH/Projects/OneLake Medallion/data/landing/_reference/geolocation.parquet,_reference
04763,-23.66900465722205,-46.71802455259966,sao paulo,SP,2016-01-01 00:00:00.000000,2026-08-27T05:17:09.287600+00:00,D:/D drive recovery/Shiva JH/Projects/OneLake Medallion/data/landing/_reference/geolocation.parquet,_reference
05201,-23.512398244791992,-46.4077896135092,são paulo,SP,2016-01-01 00:00:00.000000,2026-08-27T05:17:09.287600+00:00,D:/D drive recovery/Shiva JH/Projects/OneLake Medallion/data/landing/_reference/geolocation.parquet,_reference
05358,-23.57161809769749,-46.75061129003405,sao paulo,SP,2016-01-01 00:00:00.000000,2026-08-27T05:17:09.287600+00:00,D:/D drive recovery/Shiva JH/Projects/OneLake Medallion/data/landing/_reference/geolocation.parquet,_reference
06317,-23.5259011954249,-46.84502074190641,carapicuiba,SP,2016-01-01 00:00:00.000000,2026-08-27T05:17:09.287600+00:00,D:/D drive recovery/Shiva JH/Projects/OneLake Medallion/data/landing/_reference/geolocation.parquet,_reference
06513,-23.454513782334924,-46.92424356921804,santana de parnaiba,SP,2016-01-01 00:00:00.000000,2026-08-27T05:17:09.287600+00:00,D:/D drive recovery/Shiva JH/Projects/OneLake Medallion/data/landing/_reference/geolocation.parquet,_reference
06529,-23.40760537769586,-46.87149207453592,santana de parnaiba,SP,2016-01-01 00:00:00.000000,2026-08-27T05:17:09.287600+00:00,D:/D drive recovery/Shiva JH/Projects/OneLake Medallion/data/landing/_reference/geolocation.parquet,_reference
06871,-23.72033746105922,-46.85362208015704,itapecerica da serra,SP,2016-01-01 00:00:00.000000,2026-08-27T05:17:09.287600+00:00,D:/D drive recovery/Shiva JH/Projects/OneLake Medallion/data/landing/_reference/geolocation.parquet,_reference
07074,-23.457428518177625,-46.56396476894224,guarulhos,SP,2016-01-01 00:00:00.000000,2026-08-27T05:17:09.287600+00:00,D:/D drive recovery/Shiva JH/Projects/OneLake Medallion/data/landing/_reference/geolocation.parquet,_reference
07153,-23.376380280598998,-46.451925193865776,guarulhos,SP,2016-01-01 00:00:00.000000,2026-08-27T05:17:09.287600+00:00,D:/D drive recovery/Shiva JH/Projects/OneLake Medallion/data/landing/_reference/geolocation.parquet,_reference
07417,-23.379132228693216,-46.3193123129911,aruja,SP,2016-01-01 00:00:00.000000,2026-08-27T05:17:09.287600+00:00,D:/D drive recovery/Shiva JH/Projects/OneLake Medallion/data/landing/_reference/geolocation.parquet,_reference
08132,-23.510956499999995,-46.37513700000001,sao paulo,SP,2016-01-01 00:00:00.000000,2026-08-27T05:17:09.287600+00:00,D:/D drive recovery/Shiva JH/Projects/OneLake Medallion/data/landing/_reference/geolocation.parquet,_reference
28930,-22.960371447400345,-42.025042964885486,arraial do cabo,RJ,2016-01-01 00:00:00.000000,2026-08-27T05:17:09.287600+00:00,D:/D drive recovery/Shiva JH/Projects/OneLake Medallion/data/landing/_reference/geolocation.parquet,_reference
29171,-20.13491550197769,-40.249312142245145,serra,ES,2016-01-01 00:00:00.000000,2026-08-27T05:17:09.287600+00:00,D:/D drive recovery/Shiva JH/Projects/OneLake Medallion/data/landing/_reference/geolocation.parquet,_reference
29308,-20.84650067681065,-41.11457944426757,cachoeiro de itapemirim,ES,2016-01-01 00:00:00.000000,2026-08-27T05:17:09.287600+00:00,D:/D drive recovery/Shiva JH/Projects/OneLake Medallion/data/landing/_reference/geolocation.parquet,_reference
29900,-19.404003708258912,-40.06159959748777,linhares,ES,2016-01-01 00:00:00.000000,2026-08-27T05:17:09.287600+00:00,D:/D drive recovery/Shiva JH/Projects/OneLake Medallion/data/landing/_reference/geolocation.parquet,_reference
31030,-19.907108245080448,-43.91966546502971,belo horizonte,MG,2016-01-01 00:00:00.000000,2026-08-27T05:17:09.287600+00:00,D:/D drive recovery/Shiva JH/Projects/OneLake Medallion/data/landing/_reference/geolocation.parquet,_reference
31255,-19.878513898894187,-43.95694702879617,belo horizonte,MG,2016-01-01 00:00:00.000000,2026-08-27T05:17:09.287600+00:00,D:/D drive recovery/Shiva JH/Projects/OneLake Medallion/data/landing/_reference/geolocation.parquet,_reference
32604,-19.95866259017359,-44.19878943272789,betim,MG,2016-01-01 00:00:00.000000,2026-08-27T05:17:09.287600+00:00,D:/D drive recovery/Shiva JH/Projects/OneLake Medallion/data/landing/_reference/geolocation.parquet,_reference
32670,-19.94861206494891,-44.16252047002138,betim,MG,2016-01-01 00:00:00.000000,2026-08-27T05:17:09.287600+00:00,D:/D drive recovery/Shiva JH/Projects/OneLake Medallion/data/landing/_reference/geolocation.parquet,_reference
33130,-19.78237026139532,-43.93710355750176,santa luzia,MG,2016-01-01 00:00:00.000000,2026-08-27T05:17:09.287600+00:00,D:/D drive recovery/Shiva JH/Projects/OneLake Medallion/data/landing/_reference/geolocation.parquet,_reference
35660,-19.84716972915744,-44.60195651841526,para de minas,MG,2016-01-01 00:00:00.000000,2026-08-27T05:17:09.287600+00:00,D:/D drive recovery/Shiva JH/Projects/OneLake Medallion/data/landing/_reference/geolocation.parquet,_reference
01106,-23.53249635607949,-46.62640566388715,sao paulo,SP,2016-01-01 00:00:00.000000,2026-08-27T05:17:09.287600+00:00,D:/D drive recovery/Shiva JH/Projects/OneLake Medallion/data/landing/_reference/geolocation.parquet,_reference
01222,-23.547159576461446,-46.64989460560333,são paulo,SP,2016-01-01 00:00:00.000000,2026-08-27T05:17:09.287600+00:00,D:/D drive recovery/Shiva JH/Projects/OneLake Medallion/data/landing/_reference/geolocation.parquet,_reference
01525,-23.567008903139214,-46.63752874701368,sao paulo,SP,2016-01-01 00:00:00.000000,2026-08-27T05:17:09.287600+00:00,D:/D drive recovery/Shiva JH/Projects/OneLake Medallion/data/landing/_reference/geolocation.parquet,_reference
01551,-23.576649380518187,-46.61216232569684,sao paulo,SP,2016-01-01 00:00:00.000000,2026-08-27T05:17:09.287600+00:00,D:/D drive recovery/Shiva JH/Projects/OneLake Medallion/data/landing/_reference/geolocation.parquet,_reference
02037,-23.499986521784315,-46.618730413266775,sao paulo,SP,2016-01-01 00:00:00.000000,2026-08-27T05:17:09.287600+00:00,D:/D drive recovery/Shiva JH/Projects/OneLake Medallion/data/landing/_reference/geolocation.parquet,_reference
02435,-23.4823915320561,-46.64281243352188,sao paulo,SP,2016-01-01 00:00:00.000000,2026-08-27T05:17:09.287600+00:00,D:/D drive recovery/Shiva JH/Projects/OneLake Medallion/data/landing/_reference/geolocation.parquet,_reference
02846,-23.46490177629982,-46.6951675700848,sao paulo,SP,2016-01-01 00:00:00.000000,2026-08-27T05:17:09.287600+00:00,D:/D drive recovery/Shiva JH/Projects/OneLake Medallion/data/landing/_reference/geolocation.parquet,_reference
02982,-23.45651770552253,-46.716945878296485,são paulo,SP,2016-01-01 00:00:00.000000,2026-08-27T05:17:09.287600+00:00,D:/D drive recovery/Shiva JH/Projects/OneLake Medallion/data/landing/_reference/geolocation.parquet,_reference
03006,-23.543135968636395,-46.62371555453289,sao paulo,SP,2016-01-01 00:00:00.000000,2026-08-27T05:17:09.287600+00:00,D:/D drive recovery/Shiva JH/Projects/OneLake Medallion/data/landing/_reference/geolocation.parquet,_reference
03017,-23.537783231750257,-46.6084435814531,sao paulo,SP,2016-01-01 00:00:00.000000,2026-08-27T05:17:09.287600+00:00,D:/D drive recovery/Shiva JH/Projects/OneLake Medallion/data/landing/_reference/geolocation.parquet,_reference
03068,-23.537588133504503,-46.56824798211082,sao paulo,SP,2016-01-01 00:00:00.000000,2026-08-27T05:17:09.287600+00:00,D:/D drive recovery/Shiva JH/Projects/OneLake Medallion/data/landing/_reference/geolocation.parquet,_reference
03273,-23.57841833611285,-46.5592068753823,sao paulo,SP,2016-01-01 00:00:00.000000,2026-08-27T05:17:09.287600+00:00,D:/D drive recovery/Shiva JH/Projects/OneLake Medallion/data/landing/_reference/geolocation.parquet,_reference
03694,-23.537922030359404,-46.47769578680452,sao paulo,SP,2016-01-01 00:00:00.000000,2026-08-27T05:17:09.287600+00:00,D:/D drive recovery/Shiva JH/Projects/OneLake Medallion/data/landing/_reference/geolocation.parquet,_reference
03821,-23.49517247515727,-46.50119464071786,são paulo,SP,2016-01-01 00:00:00.000000,2026-08-27T05:17:09.287600+00:00,D:/D drive recovery/Shiva JH/Projects/OneLake Medallion/data/landing/_reference/geolocation.parquet,_reference
03967,-23.59963515015292,-46.472513285186615,sao paulo,SP,2016-01-01 00:00:00.000000,2026-08-27T05:17:09.287600+00:00,D:/D drive recovery/Shiva JH/Projects/OneLake Medallion/data/landing/_reference/geolocation.parquet,_reference
04054,-23.615894933666112,-46.63983101249348,sao paulo,SP,2016-01-01 00:00:00.000000,2026-08-27T05:17:09.287600+00:00,D:/D drive recovery/Shiva JH/Projects/OneLake Medallion/data/landing/_reference/geolocation.parquet,_reference
04102,-23.59272363197529,-46.6315844403312,sao paulo,SP,2016-01-01 00:00:00.000000,2026-08-27T05:17:09.287600+00:00,D:/D drive recovery/Shiva JH/Projects/OneLake Medallion/data/landing/_reference/geolocation.parquet,_reference
04429,-23.67752431607565,-46.66413883147605,são paulo,SP,2016-01-01 00:00:00.000000,2026-08-27T05:17:09.287600+00:00,D:/D drive recovery/Shiva JH/Projects/OneLake Medallion/data/landing/_reference/geolocation.parquet,_reference
04438,-23.67774108964741,-46.66864662392521,sao paulo,SP,2016-01-01 00:00:00.000000,2026-08-27T05:17:09.287600+00:00,D:/D drive recovery/Shiva JH/Projects/OneLake Medallion/data/landing/_reference/geolocation.parquet,_reference
04571,-23.61202394892955,-46.695471966703145,sao paulo,SP,2016-01-01 00:00:00.000000,2026-08-27T05:17:09.287600+00:00,D:/D drive recovery/Shiva JH/Projects/OneLake Medallion/data/landing/_reference/geolocation.parquet,_reference
05011,-23.529787260892157,-46.69112833596861,são paulo,SP,2016-01-01 00:00:00.000000,2026-08-27T05:17:09.287600+00:00,D:/D drive recovery/Shiva JH/Projects/OneLake Medallion/data/landing/_reference/geolocation.parquet,_reference
05013,-23.53844953621104,-46.66877617459164,sao paulo,SP,2016-01-01 00:00:00.000000,2026-08-27T05:17:09.287600+00:00,D:/D drive recovery/Shiva JH/Projects/OneLake Medallion/data/landing/_reference/geolocation.parquet,_reference
05334,-23.546476863465735,-46.74783490925605,são paulo,SP,2016-01-01 00:00:00.000000,2026-08-27T05:17:09.287600+00:00,D:/D drive recovery/Shiva JH/Projects/OneLake Medallion/data/landing/_reference/geolocation.parquet,_reference
05424,-23.571257720785987,-46.69633123175024,são paulo,SP,2016-01-01 00:00:00.000000,2026-08-27T05:17:09.287600+00:00,D:/D drive recovery/Shiva JH/Projects/OneLake Medallion/data/landing/_reference/geolocation.parquet,_reference
05438,-23.546250681920554,-46.69099640132154,são paulo,SP,2016-01-01 00:00:00.000000,2026-08-27T05:17:09.287600+00:00,D:/D drive recovery/Shiva JH/Projects/OneLake Medallion/data/landing/_reference/geolocation.parquet,_reference
05537,-23.58374909221269,-46.73472062372479,sao paulo,SP,2016-01-01 00:00:00.000000,2026-08-27T05:17:09.287600+00:00,D:/D drive recovery/Shiva JH/Projects/OneLake Medallion/data/landing/_reference/geolocation.parquet,_reference
05639,-23.60949202553521,-46.73801204440535,sao paulo,SP,2016-01-01 00:00:00.000000,2026-08-27T05:17:09.287600+00:00,D:/D drive recovery/Shiva JH/Projects/OneLake Medallion/data/landing/_reference/geolocation.parquet,_reference
25540,-22.78559991084594,-43.3965861916314,sao joao de meriti,RJ,2016-01-01 00:00:00.000000,2026-08-27T05:17:09.287600+00:00,D:/D drive recovery/Shiva JH/Projects/OneLake Medallion/data/landing/_reference/geolocation.parquet,_reference
27288,-22.46640407937563,-44.09632304440533,volta redonda,RJ,2016-01-01 00:00:00.000000,2026-08-27T05:17:09.287600+00:00,D:/D drive recovery/Shiva JH/Projects/OneLake Medallion/data/landing/_reference/geolocation.parquet,_reference
27580,-22.498292896770568,-44.60024523254695,itatiaia,RJ,2016-01-01 00:00:00.000000,2026-08-27T05:17:09.287600+00:00,D:/D drive recovery/Shiva JH/Projects/OneLake Medallion/data/landing/_reference/geolocation.parquet,_reference
28605,-22.27715109337128,-42.49623620249618,nova friburgo,RJ,2016-01-01 00:00:00.000000,2026-08-27T05:17:09.287600+00:00,D:/D drive recovery/Shiva JH/Projects/OneLake Medallion/data/landing/_reference/geolocation.parquet,_reference
28621,-22.32329784745141,-42.546392467226894,nova friburgo,RJ,2016-01-01 00:00:00.000000,2026-08-27T05:17:09.287600+00:00,D:/D drive recovery/Shiva JH/Projects/OneLake Medallion/data/landing/_reference/geolocation.parquet,_reference
28640,-21.931793494070657,-42.60935545143997,carmo,RJ,2016-01-01 00:00:00.000000,2026-08-27T05:17:09.287600+00:00,D:/D drive recovery/Shiva JH/Projects/OneLake Medallion/data/landing/_reference/geolocation.parquet,_reference
28740,-22.082360903288283,-41.86567326666054,conceicao de macabu,RJ,2016-01-01 00:00:00.000000,2026-08-27T05:17:09.287600+00:00,D:/D drive recovery/Shiva JH/Projects/OneLake Medallion/data/landing/_reference/geolocation.parquet,_reference
29015,-20.31889664556529,-40.33736598182235,vitoria,ES,2016-01-01 00:00:00.000000,2026-08-27T05:17:09.287600+00:00,D:/D drive recovery/Shiva JH/Projects/OneLake Medallion/data/landing/_reference/geolocation.parquet,_reference
29048,-20.28568718362379,-40.313068095625226,vitoria,ES,2016-01-01 00:00:00.000000,2026-08-27T05:17:09.287600+00:00,D:/D drive recovery/Shiva JH/Projects/OneLake Medallion/data/landing/_reference/geolocation.parquet,_reference
29920,-19.271805837690685,-40.32772691399322,rio bananal,ES,2016-01-01 00:00:00.000000,2026-08-27T05:17:09.287600+00:00,D:/D drive recovery/Shiva JH/Projects/OneLake Medallion/data/landing/_reference/geolocation.parquet,_reference
30421,-19.939688821541896,-43.97533764669048,belo horizonte,MG,2016-01-01 00:00:00.000000,2026-08-27T05:17:09.287600+00:00,D:/D drive recovery/Shiva JH/Projects/OneLake Medallion/data/landing/_reference/geolocation.parquet,_reference
31530,-19.82037054203942,-43.98181463543774,belo horizonte,MG,2016-01-01 00:00:00.000000,2026-08-27T05:17:09.287600+00:00,D:/D drive recovery/Shiva JH/Projects/OneLake Medallion/data/landing/_reference/geolocation.parquet,_reference
31570,-19.81011863229108,-43.98472732006267,belo horizonte,MG,2016-01-01 00:00:00.000000,2026-08-27T05:17:09.287600+00:00,D:/D drive recovery/Shiva JH/Projects/OneLake Medallion/data/landing/_reference/geolocation.parquet,_reference
33925,-19.77622318270774,-43.99194907558397,ribeirao das neves,MG,2016-01-01 00:00:00.000000,2026-08-27T05:17:09.287600+00:00,D:/D drive recovery/Shiva JH/Projects/OneLake Medallion/data/landing/_reference/geolocation.parquet,_reference
34001,-19.989306206863183,-43.85077859693365,nova lima,MG,2016-01-01 00:00:00.000000,2026-08-27T05:17:09.287600+00:00,D:/D drive recovery/Shiva JH/Projects/OneLake Medallion/data/landing/_reference/geolocation.parquet,_reference
36025,-21.776204299573468,-43.35587495151197,juiz de fora,MG,2016-01-01 00:00:00.000000,2026-08-27T05:17:09.287600+00:00,D:/D drive recovery/Shiva JH/Projects/OneLake Medallion/data/landing/_reference/geolocation.parquet,_reference
36035,-21.74835728864907,-43.36523359838998,juiz de fora,MG,2016-01-01 00:00:00.000000,2026-08-27T05:17:09.287600+00:00,D:/D drive recovery/Shiva JH/Projects/OneLake Medallion/data/landing/_reference/geolocation.parquet,_reference
39670,-17.86611815258666,-42.86902814286521,itamarandiba,MG,2016-01-01 00:00:00.000000,2026-08-27T05:17:09.287600+00:00,D:/D drive recovery/Shiva JH/Projects/OneLake Medallion/data/landing/_reference/geolocation.parquet,_reference
40060,-12.98237900541323,-38.51570591058,salvador,BA,2016-01-01 00:00:00.000000,2026-08-27T05:17:09.287600+00:00,D:/D drive recovery/Shiva JH/Projects/OneLake Medallion/data/landing/_reference/geolocation.parquet,_reference
40296,-12.99585654646547,-38.47853583321261,salvador,BA,2016-01-01 00:00:00.000000,2026-08-27T05:17:09.287600+00:00,D:/D drive recovery/Shiva JH/Projects/OneLake Medallion/data/landing/_reference/geolocation.parquet,_reference
40800,-12.864922003962764,-38.46997982076327,salvador,BA,2016-01-01 00:00:00.000000,2026-08-27T05:17:09.287600+00:00,D:/D drive recovery/Shiva JH/Projects/OneLake Medallion/data/landing/_reference/geolocation.parquet,_reference
43700,-12.784545646663265,-38.39048596300195,simões filho,BA,2016-01-01 00:00:00.000000,2026-08-27T05:17:09.287600+00:00,D:/D drive recovery/Shiva JH/Projects/OneLake Medallion/data/landing/_reference/geolocation.parquet,_reference
45655,-14.81960123333446,-39.026598971929936,ilheus,BA,2016-01-01 00:00:00.000000,2026-08-27T05:17:09.287600+00:00,D:/D drive recovery/Shiva JH/Projects/OneLake Medallion/data/landing/_reference/geolocation.parquet,_reference
49945,-10.348445028306251,-36.88601808440645,sao francisco,SE,2016-01-01 00:00:00.000000,2026-08-27T05:17:09.287600+00:00,D:/D drive recovery/Shiva JH/Projects/OneLake Medallion/data/landing/_reference/geolocation.parquet,_reference
54420,-8.187641836031785,-34.930174031204544,jaboatão dos guararapes,PE,2016-01-01 00:00:00.000000,2026-08-27T05:17:09.287600+00:00,D:/D drive recovery/Shiva JH/Projects/OneLake Medallion/data/landing/_reference/geolocation.parquet,_reference
60190,-3.750499353377695,-38.474946043861365,fortaleza,CE,2016-01-01 00:00:00.000000,2026-08-27T05:17:09.287600+00:00,D:/D drive recovery/Shiva JH/Projects/OneLake Medallion/data/landing/_reference/geolocation.parquet,_reference
60310,-3.713222000836713,-38.55345616403139,fortaleza,CE,2016-01-01 00:00:00.000000,2026-08-27T05:17:09.287600+00:00,D:/D drive recovery/Shiva JH/Projects/OneLake Medallion/data/landing/_reference/geolocation.parquet,_reference
60543,-3.7937895463388944,-38.59631775680296,fortaleza,CE,2016-01-01 00:00:00.000000,2026-08-27T05:17:09.287600+00:00,D:/D drive recovery/Shiva JH/Projects/OneLake Medallion/data/landing/_reference/geolocation.parquet,_reference
62184,-3.9486618546281056,-40.47467717731404,carire,CE,2016-01-01 00:00:00.000000,2026-08-27T05:17:09.287600+00:00,D:/D drive recovery/Shiva JH/Projects/OneLake Medallion/data/landing/_reference/geolocation.parquet,_reference
62940,-5.113270140113799,-38.36673257418335,morada nova,CE,2016-01-01 00:00:00.000000,2026-08-27T05:17:09.287600+00:00,D:/D drive recovery/Shiva JH/Projects/OneLake Medallion/data/landing/_reference/geolocation.parquet,_reference
64083,-5.096628166728795,-42.7374337291589,teresina,PI,2016-01-01 00:00:00.000000,2026-08-27T05:17:09.287600+00:00,D:/D drive recovery/Shiva JH/Projects/OneLake Medallion/data/landing/_reference/geolocation.parquet,_reference
64224,-2.854273238895748,-41.81715057899302,ilha grande,PI,2016-01-01 00:00:00.000000,2026-08-27T05:17:09.287600+00:00,D:/D drive recovery/Shiva JH/Projects/OneLake Medallion/data/landing/_reference/geolocation.parquet,_reference
64900,-9.07034997930621,-44.36317838963316,bom jesus,PI,2016-01-01 00:00:00.000000,2026-08-27T05:17:09.287600+00:00,D:/D drive recovery/Shiva JH/Projects/OneLake Medallion/data/landing/_reference/geolocation.parquet,_reference
65068,-2.501042206708081,-44.23507616551245,sao luis,MA,2016-01-01 00:00:00.000000,2026-08-27T05:17:09.287600+00:00,D:/D drive recovery/Shiva JH/Projects/OneLake Medallion/data/landing/_reference/geolocation.parquet,_reference
66090,-1.453384061122527,-48.46810551089191,belem,PA,2016-01-01 00:00:00.000000,2026-08-27T05:17:09.287600+00:00,D:/D drive recovery/Shiva JH/Projects/OneLake Medallion/data/landing/_reference/geolocation.parquet,_reference
66623,-1.4432955950561102,-48.481849716795615,belem,PA,2016-01-01 00:00:00.000000,2026-08-27T05:17:09.287600+00:00,D:/D drive recovery/Shiva JH/Projects/OneLake Medallion/data/landing/_reference/geolocation.parquet,_reference
66813,-1.456082274898832,-48.499975186829225,belem,PA,2016-01-01 00:00:00.000000,2026-08-27T05:17:09.287600+00:00,D:/D drive recovery/Shiva JH/Projects/OneLake Medallion/data/landing/_reference/geolocation.parquet,_reference
68501,-5.374055115814222,-49.12458202766019,marabá,PA,2016-01-01 00:00:00.000000,2026-08-27T05:17:09.287600+00:00,D:/D drive recovery/Shiva JH/Projects/OneLake Medallion/data/landing/_reference/geolocation.parquet,_reference
71680,-15.843092528722453,-47.82225242246026,brasília,DF,2016-01-01 00:00:00.000000,2026-08-27T05:17:09.287600+00:00,D:/D drive recovery/Shiva JH/Projects/OneLake Medallion/data/landing/_reference/geolocation.parquet,_reference
73950,-14.48369105531373,-46.4893968318824,alvorada do norte,GO,2016-01-01 00:00:00.000000,2026-08-27T05:17:09.287600+00:00,D:/D drive recovery/Shiva JH/Projects/OneLake Medallion/data/landing/_reference/geolocation.parquet,_reference
74070,-16.67363322907342,-49.26907445818766,goiania,GO,2016-01-01 00:00:00.000000,2026-08-27T05:17:09.287600+00:00,D:/D drive recovery/Shiva JH/Projects/OneLake Medallion/data/landing/_reference/geolocation.parquet,_reference
74180,-16.670191655090733,-49.24713158334571,goiania,GO,2016-01-01 00:00:00.000000,2026-08-27T05:17:09.287600+00:00,D:/D drive recovery/Shiva JH/Projects/OneLake Medallion/data/landing/_reference/geolocation.parquet,_reference
74820,-16.712156999999944,-49.24825099999997,goiania,GO,2016-01-01 00:00:00.000000,2026-08-27T05:17:09.287600+00:00,D:/D drive recovery/Shiva JH/Projects/OneLake Medallion/data/landing/_reference/geolocation.parquet,_reference
76310,-15.31060234443309,-49.57693257807515,rialma,GO,2016-01-01 00:00:00.000000,2026-08-27T05:17:09.287600+00:00,D:/D drive recovery/Shiva JH/Projects/OneLake Medallion/data/landing/_reference/geolocation.parquet,_reference
76710,-14.904218043527866,-51.075092546353865,aruanã,GO,2016-01-01 00:00:00.000000,2026-08-27T05:17:09.287600+00:00,D:/D drive recovery/Shiva JH/Projects/OneLake Medallion/data/landing/_reference/geolocation.parquet,_reference
77021,-10.210535003227529,-48.32590171355561,palmas,TO,2016-01-01 00:00:00.000000,2026-08-27T05:17:09.287600+00:00,D:/D drive recovery/Shiva JH/Projects/OneLake Medallion/data/landing/_reference/geolocation.parquet,_reference
77493,-10.78600479476781,-49.61819438694136,lagoa da confusao,TO,2016-01-01 00:00:00.000000,2026-08-27T05:17:09.287600+00:00,D:/D drive recovery/Shiva JH/Projects/OneLake Medallion/data/landing/_reference/geolocation.parquet,_reference
79103,-20.442607762709827,-54.67455451650418,campo grande,MS,2016-01-01 00:00:00.000000,2026-08-27T05:17:09.287600+00:00,D:/D drive recovery/Shiva JH/Projects/OneLake Medallion/data/landing/_reference/geolocation.parquet,_reference
79610,-20.77942477138674,-51.689210514387085,tres lagoas,MS,2016-01-01 00:00:00.000000,2026-08-27T05:17:09.287600+00:00,D:/D drive recovery/Shiva JH/Projects/OneLake Medallion/data/landing/_reference/geolocation.parquet,_reference
79750,-22.253654157400224,-53.345424359889925,nova andradina,MS,2016-01-01 00:00:00.000000,2026-08-27T05:17:09.287600+00:00,D:/D drive recovery/Shiva JH/Projects/OneLake Medallion/data/landing/_reference/geolocation.parquet,_reference
06226,-23.50902539056533,-46.77749182278458,osasco,SP,2016-01-01 00:00:00.000000,2026-08-27T05:17:09.287600+00:00,D:/D drive recovery/Shiva JH/Projects/OneLake Medallion/data/landing/_reference/geolocation.parquet,_reference
06290,-23.5186892031566,-46.77405856691081,osasco,SP,2016-01-01 00:00:00.000000,2026-08-27T05:17:09.287600+00:00,D:/D drive recovery/Shiva JH/Projects/OneLake Medallion/data/landing/_reference/geolocation.parquet,_reference
06332,-23.545282500000003,-46.828647,carapicuiba,SP,2016-01-01 00:00:00.000000,2026-08-27T05:17:09.287600+00:00,D:/D drive recovery/Shiva JH/Projects/OneLake Medallion/data/landing/_reference/geolocation.parquet,_reference
06449,-23.5427504782077,-46.86625768361591,barueri,SP,2016-01-01 00:00:00.000000,2026-08-27T05:17:09.287600+00:00,D:/D drive recovery/Shiva JH/Projects/OneLake Medallion/data/landing/_reference/geolocation.parquet,_reference
06463,-23.505089673519063,-46.809600405339054,barueri,SP,2016-01-01 00:00:00.000000,2026-08-27T05:17:09.287600+00:00,D:/D drive recovery/Shiva JH/Projects/OneLake Medallion/data/landing/_reference/geolocation.parquet,_reference
06663,-23.56337220714669,-46.93710104735605,itapevi,SP,2016-01-01 00:00:00.000000,2026-08-27T05:17:09.287600+00:00,D:/D drive recovery/Shiva JH/Projects/OneLake Medallion/data/landing/_reference/geolocation.parquet,_reference
07023,-23.478156,-46.5416505,guarulhos,SP,2016-01-01 00:00:00.000000,2026-08-27T05:17:09.287600+00:00,D:/D drive recovery/Shiva JH/Projects/OneLake Medallion/data/landing/_reference/geolocation.parquet,_reference
07025,-23.48441549999999,-46.54357200000001,guarulhos,SP,2016-01-01 00:00:00.000000,2026-08-27T05:17:09.287600+00:00,D:/D drive recovery/Shiva JH/Projects/OneLake Medallion/data/landing/_reference/geolocation.parquet,_reference
07093,-23.45747914577931,-46.54170524847967,guarulhos,SP,2016-01-01 00:00:00.000000,2026-08-27T05:17:09.287600+00:00,D:/D drive recovery/Shiva JH/Projects/OneLake Medallion/data/landing/_reference/geolocation.parquet,_reference
07095,-23.459619887039068,-46.53766542783774,guarulhos,SP,2016-01-01 00:00:00.000000,2026-08-27T05:17:09.287600+00:00,D:/D drive recovery/Shiva JH/Projects/OneLake Medallion/data/landing/_reference/geolocation.parquet,_reference
08490,-23.56613158673322,-46.40933117430316,sao paulo,SP,2016-01-01 00:00:00.000000,2026-08-27T05:17:09.287600+00:00,D:/D drive recovery/Shiva JH/Projects/OneLake Medallion/data/landing/_reference/geolocation.parquet,_reference
08598,-23.464295023583936,-46.32874959104104,itaquaquecetuba,SP,2016-01-01 00:00:00.000000,2026-08-27T05:17:09.287600+00:00,D:/D drive recovery/Shiva JH/Projects/OneLake Medallion/data/landing/_reference/geolocation.parquet,_reference
09070,-23.653211574239744,-46.55446338438468,santo andre,SP,2016-01-01 00:00:00.000000,2026-08-27T05:17:09.287600+00:00,D:/D drive recovery/Shiva JH/Projects/OneLake Medallion/data/landing/_reference/geolocation.parquet,_reference
09172,-23.69470364807545,-46.51149665000868,santo andre,SP,2016-01-01 00:00:00.000000,2026-08-27T05:17:09.287600+00:00,D:/D drive recovery/Shiva JH/Projects/OneLake Medallion/data/landing/_reference/geolocation.parquet,_reference
09181,-23.686012770471443,-46.52342688273989,santo andre,SP,2016-01-01 00:00:00.000000,2026-08-27T05:17:09.287600+00:00,D:/D drive recovery/Shiva JH/Projects/OneLake Medallion/data/landing/_reference/geolocation.parquet,_reference
81350,-25.508669747227305,-49.33026677895873,curitiba,PR,2016-01-01 00:00:00.000000,2026-08-27T05:17:09.287600+00:00,D:/D drive recovery/Shiva JH/Projects/OneLake Medallion/data/landing/_reference/geolocation.parquet,_reference
83504,-25.328459084107493,-49.2564525184661,almirante tamandaré,PR,2016-01-01 00:00:00.000000,2026-08-27T05:17:09.287600+00:00,D:/D drive recovery/Shiva JH/Projects/OneLake Medallion/data/landing/_reference/geolocation.parquet,_reference
85884,-25.291725444450297,-54.10023587801571,medianeira,PR,2016-01-01 00:00:00.000000,2026-08-27T05:17:09.287600+00:00,D:/D drive recovery/Shiva JH/Projects/OneLake Medallion/data/landing/_reference/geolocation.parquet,_reference
86808,-23.55529114283934,-51.45250563380107,apucarana,PR,2016-01-01 00:00:00.000000,2026-08-27T05:17:09.287600+00:00,D:/D drive recovery/Shiva JH/Projects/OneLake Medallion/data/landing/_reference/geolocation.parquet,_reference
87140,-23.456818505027293,-52.04686328687023,paicandu,PR,2016-01-01 00:00:00.000000,2026-08-27T05:17:09.287600+00:00,D:/D drive recovery/Shiva JH/Projects/OneLake Medallion/data/landing/_reference/geolocation.parquet,_reference
87504,-23.748416432474365,-53.29690112215509,umuarama,PR,2016-01-01 00:00:00.000000,2026-08-27T05:17:09.287600+00:00,D:/D drive recovery/Shiva JH/Projects/OneLake Medallion/data/landing/_reference/geolocation.parquet,_reference
88065,-27.68138596641469,-48.51067398225506,florianopolis,SC,2016-01-01 00:00:00.000000,2026-08-27T05:17:09.287600+00:00,D:/D drive recovery/Shiva JH/Projects/OneLake Medallion/data/landing/_reference/geolocation.parquet,_reference
88115,-27.543786658615705,-48.62567962615467,sao jose,SC,2016-01-01 00:00:00.000000,2026-08-27T05:17:09.287600+00:00,D:/D drive recovery/Shiva JH/Projects/OneLake Medallion/data/landing/_reference/geolocation.parquet,_reference
88801,-28.673779235468725,-49.37314563727728,criciuma,SC,2016-01-01 00:00:00.000000,2026-08-27T05:17:09.287600+00:00,D:/D drive recovery/Shiva JH/Projects/OneLake Medallion/data/landing/_reference/geolocation.parquet,_reference
89224,-26.270134671231133,-48.80876106346335,joinville,SC,2016-01-01 00:00:00.000000,2026-08-27T05:17:09.287600+00:00,D:/D drive recovery/Shiva JH/Projects/OneLake Medallion/data/landing/_reference/geolocation.parquet,_reference
89240,-26.245495127938263,-48.634314956564246,sao francisco do sul,SC,2016-01-01 00:00:00.000000,2026-08-27T05:17:09.287600+00:00,D:/D drive recovery/Shiva JH/Projects/OneLake Medallion/data/landing/_reference/geolocation.parquet,_reference
90550,-30.020227009435057,-51.195131052859445,porto alegre,RS,2016-01-01 00:00:00.000000,2026-08-27T05:17:09.287600+00:00,D:/D drive recovery/Shiva JH/Projects/OneLake Medallion/data/landing/_reference/geolocation.parquet,_reference
90870,-30.07883928365742,-51.208637249783656,porto alegre,RS,2016-01-01 00:00:00.000000,2026-08-27T05:17:09.287600+00:00,D:/D drive recovery/Shiva JH/Projects/OneLake Medallion/data/landing/_reference/geolocation.parquet,_reference
92030,-29.914668849530724,-51.14844143722624,canoas,RS,2016-01-01 00:00:00.000000,2026-08-27T05:17:09.287600+00:00,D:/D drive recovery/Shiva JH/Projects/OneLake Medallion/data/landing/_reference/geolocation.parquet,_reference
93180,-29.6960435029035,-51.24351819389478,portao,RS,2016-01-01 00:00:00.000000,2026-08-27T05:17:09.287600+00:00,D:/D drive recovery/Shiva JH/Projects/OneLake Medallion/data/landing/_reference/geolocation.parquet,_reference
95185,-29.29791808423908,-51.50101055128287,carlos barbosa,RS,2016-01-01 00:00:00.000000,2026-08-27T05:17:09.287600+00:00,D:/D drive recovery/Shiva JH/Projects/OneLake Medallion/data/landing/_reference/geolocation.parquet,_reference
20765,-22.87902683928684,-43.27183045169951,rio de janeiro,RJ,2016-01-01 00:00:00.000000,2026-08-27T05:17:09.287600+00:00,D:/D drive recovery/Shiva JH/Projects/OneLake Medallion/data/landing/_reference/geolocation.parquet,_reference
21040,-22.85162121429074,-43.25132808523804,rio de janeiro,RJ,2016-01-01 00:00:00.000000,2026-08-27T05:17:09.287600+00:00,D:/D drive recovery/Shiva JH/Projects/OneLake Medallion/data/landing/_reference/geolocation.parquet,_reference
21830,-22.877869452680468,-43.48459215889548,rio de janeiro,RJ,2016-01-01 00:00:00.000000,2026-08-27T05:17:09.287600+00:00,D:/D drive recovery/Shiva JH/Projects/OneLake Medallion/data/landing/_reference/geolocation.parquet,_reference
22290,-22.954859287264107,-43.18091709714924,rio de janeiro,RJ,2016-01-01 00:00:00.000000,2026-08-27T05:17:09.287600+00:00,D:/D drive recovery/Shiva JH/Projects/OneLake Medallion/data/landing/_reference/geolocation.parquet,_reference
23550,-22.933875887039065,-43.68870134055625,rio de janeiro,RJ,2016-01-01 00:00:00.000000,2026-08-27T05:17:09.287600+00:00,D:/D drive recovery/Shiva JH/Projects/OneLake Medallion/data/landing/_reference/geolocation.parquet,_reference
25212,-22.67370215083843,-43.24629476920249,duque de caxias,RJ,2016-01-01 00:00:00.000000,2026-08-27T05:17:09.287600+00:00,D:/D drive recovery/Shiva JH/Projects/OneLake Medallion/data/landing/_reference/geolocation.parquet,_reference
26950,-22.41949986142907,-43.41394961085074,paty do alferes,RJ,2016-01-01 00:00:00.000000,2026-08-27T05:17:09.287600+00:00,D:/D drive recovery/Shiva JH/Projects/OneLake Medallion/data/landing/_reference/geolocation.parquet,_reference
29153,-20.305570555786662,-40.36947592138104,cariacica,ES,2016-01-01 00:00:00.000000,2026-08-27T05:17:09.287600+00:00,D:/D drive recovery/Shiva JH/Projects/OneLake Medallion/data/landing/_reference/geolocation.parquet,_reference
29200,-20.684659876348583,-40.50822291310392,guarapari,ES,2016-01-01 00:00:00.000000,2026-08-27T05:17:09.287600+00:00,D:/D drive recovery/Shiva JH/Projects/OneLake Medallion/data/landing/_reference/geolocation.parquet,_reference
29260,-20.36457821981136,-40.65951846538821,domingos martins,ES,2016-01-01 00:00:00.000000,2026-08-27T05:17:09.287600+00:00,D:/D drive recovery/Shiva JH/Projects/OneLake Medallion/data/landing/_reference/geolocation.parquet,_reference
29313,-20.825998802613157,-41.13645175016037,cachoeiro de itapemirim,ES,2016-01-01 00:00:00.000000,2026-08-27T05:17:09.287600+00:00,D:/D drive recovery/Shiva JH/Projects/OneLake Medallion/data/landing/_reference/geolocation.parquet,_reference
30112,-19.93779686343708,-43.93511809270582,belo horizonte,MG,2016-01-01 00:00:00.000000,2026-08-27T05:17:09.287600+00:00,D:/D drive recovery/Shiva JH/Projects/OneLake Medallion/data/landing/_reference/geolocation.parquet,_reference
30494,-19.95661690748416,-43.968436347881045,belo horizonte,MG,2016-01-01 00:00:00.000000,2026-08-27T05:17:09.287600+00:00,D:/D drive recovery/Shiva JH/Projects/OneLake Medallion/data/landing/_reference/geolocation.parquet,_reference
30644,-19.992687872612336,-44.01955292353855,belo horizonte,MG,2016-01-01 00:00:00.000000,2026-08-27T05:17:09.287600+00:00,D:/D drive recovery/Shiva JH/Projects/OneLake Medallion/data/landing/_reference/geolocation.parquet,_reference
01020,-23.55223547100232,-46.6284406588955,são paulo,SP,2016-01-01 00:00:00.000000,2026-08-27T05:17:09.287600+00:00,D:/D drive recovery/Shiva JH/Projects/OneLake Medallion/data/landing/_reference/geolocation.parquet,_reference
01123,-23.529307180131543,-46.63490526351788,sao paulo,SP,2016-01-01 00:00:00.000000,2026-08-27T05:17:09.287600+00:00,D:/D drive recovery/Shiva JH/Projects/OneLake Medallion/data/landing/_reference/geolocation.parquet,_reference
02236,-23.474632525679453,-46.56894074606139,sao paulo,SP,2016-01-01 00:00:00.000000,2026-08-27T05:17:09.287600+00:00,D:/D drive recovery/Shiva JH/Projects/OneLake Medallion/data/landing/_reference/geolocation.parquet,_reference
02805,-23.477215662502164,-46.69750484110452,sao paulo,SP,2016-01-01 00:00:00.000000,2026-08-27T05:17:09.287600+00:00,D:/D drive recovery/Shiva JH/Projects/OneLake Medallion/data/landing/_reference/geolocation.parquet,_reference
03167,-23.55487039661836,-46.5943762934965,são paulo,SP,2016-01-01 00:00:00.000000,2026-08-27T05:17:09.287600+00:00,D:/D drive recovery/Shiva JH/Projects/OneLake Medallion/data/landing/_reference/geolocation.parquet,_reference
03437,-23.559585506520865,-46.5289678447112,sao paulo,SP,2016-01-01 00:00:00.000000,2026-08-27T05:17:09.287600+00:00,D:/D drive recovery/Shiva JH/Projects/OneLake Medallion/data/landing/_reference/geolocation.parquet,_reference
03452,-23.56400515705578,-46.514151730379766,sao paulo,SP,2016-01-01 00:00:00.000000,2026-08-27T05:17:09.287600+00:00,D:/D drive recovery/Shiva JH/Projects/OneLake Medallion/data/landing/_reference/geolocation.parquet,_reference
03504,-23.53877907744238,-46.53648566833056,sao paulo,SP,2016-01-01 00:00:00.000000,2026-08-27T05:17:09.287600+00:00,D:/D drive recovery/Shiva JH/Projects/OneLake Medallion/data/landing/_reference/geolocation.parquet,_reference
03872,-23.512538179294825,-46.50108112461768,sao paulo,SP,2016-01-01 00:00:00.000000,2026-08-27T05:17:09.287600+00:00,D:/D drive recovery/Shiva JH/Projects/OneLake Medallion/data/landing/_reference/geolocation.parquet,_reference
03908,-23.58422295920134,-46.5089749365803,sao paulo,SP,2016-01-01 00:00:00.000000,2026-08-27T05:17:09.287600+00:00,D:/D drive recovery/Shiva JH/Projects/OneLake Medallion/data/landing/_reference/geolocation.parquet,_reference
03933,-23.58275942714523,-46.49996057216228,sao paulo,SP,2016-01-01 00:00:00.000000,2026-08-27T05:17:09.287600+00:00,D:/D drive recovery/Shiva JH/Projects/OneLake Medallion/data/landing/_reference/geolocation.parquet,_reference
03953,-23.594151949766264,-46.481629877459774,são paulo,SP,2016-01-01 00:00:00.000000,2026-08-27T05:17:09.287600+00:00,D:/D drive recovery/Shiva JH/Projects/OneLake Medallion/data/landing/_reference/geolocation.parquet,_reference
04007,-23.57461568393117,-46.650581789021466,sao paulo,SP,2016-01-01 00:00:00.000000,2026-08-27T05:17:09.287600+00:00,D:/D drive recovery/Shiva JH/Projects/OneLake Medallion/data/landing/_reference/geolocation.parquet,_reference
04079,-23.606695350828023,-46.661190547608,são paulo,SP,2016-01-01 00:00:00.000000,2026-08-27T05:17:09.287600+00:00,D:/D drive recovery/Shiva JH/Projects/OneLake Medallion/data/landing/_reference/geolocation.parquet,_reference
04119,-23.600995072162263,-46.63496187621901,são paulo,SP,2016-01-01 00:00:00.000000,2026-08-27T05:17:09.287600+00:00,D:/D drive recovery/Shiva JH/Projects/OneLake Medallion/data/landing/_reference/geolocation.parquet,_reference
04362,-23.64645316564389,-46.66995830987091,sao paulo,SP,2016-01-01 00:00:00.000000,2026-08-27T05:17:09.287600+00:00,D:/D drive recovery/Shiva JH/Projects/OneLake Medallion/data/landing/_reference/geolocation.parquet,_reference
04365,-23.666436408909707,-46.65554725086943,sao paulo,SP,2016-01-01 00:00:00.000000,2026-08-27T05:17:09.287600+00:00,D:/D drive recovery/Shiva JH/Projects/OneLake Medallion/data/landing/_reference/geolocation.parquet,_reference
04424,-23.68729227976227,-46.6417415487045,sao paulo,SP,2016-01-01 00:00:00.000000,2026-08-27T05:17:09.287600+00:00,D:/D drive recovery/Shiva JH/Projects/OneLake Medallion/data/landing/_reference/geolocation.parquet,_reference
04773,-23.681542547319527,-46.70780575451552,sao paulo,SP,2016-01-01 00:00:00.000000,2026-08-27T05:17:09.287600+00:00,D:/D drive recovery/Shiva JH/Projects/OneLake Medallion/data/landing/_reference/geolocation.parquet,_reference
04850,-23.746252526227707,-46.677001782820696,são paulo,SP,2016-01-01 00:00:00.000000,2026-08-27T05:17:09.287600+00:00,D:/D drive recovery/Shiva JH/Projects/OneLake Medallion/data/landing/_reference/geolocation.parquet,_reference
05083,-23.532002287812357,-46.71904940590918,sao paulo,SP,2016-01-01 00:00:00.000000,2026-08-27T05:17:09.287600+00:00,D:/D drive recovery/Shiva JH/Projects/OneLake Medallion/data/landing/_reference/geolocation.parquet,_reference
05125,-23.50739523980033,-46.74054093839796,sao paulo,SP,2016-01-01 00:00:00.000000,2026-08-27T05:17:09.287600+00:00,D:/D drive recovery/Shiva JH/Projects/OneLake Medallion/data/landing/_reference/geolocation.parquet,_reference
05136,-23.498278155981296,-46.7470240943506,sao paulo,SP,2016-01-01 00:00:00.000000,2026-08-27T05:17:09.287600+00:00,D:/D drive recovery/Shiva JH/Projects/OneLake Medallion/data/landing/_reference/geolocation.parquet,_reference
05315,-23.53294984347043,-46.7313937327312,são paulo,SP,2016-01-01 00:00:00.000000,2026-08-27T05:17:09.287600+00:00,D:/D drive recovery/Shiva JH/Projects/OneLake Medallion/data/landing/_reference/geolocation.parquet,_reference
05565,-23.59644437191985,-46.79121164599798,sao paulo,SP,2016-01-01 00:00:00.000000,2026-08-27T05:17:09.287600+00:00,D:/D drive recovery/Shiva JH/Projects/OneLake Medallion/data/landing/_reference/geolocation.parquet,_reference
05784,-23.61897561587513,-46.761405322926855,sao paulo,SP,2016-01-01 00:00:00.000000,2026-08-27T05:17:09.287600+00:00,D:/D drive recovery/Shiva JH/Projects/OneLake Medallion/data/landing/_reference/geolocation.parquet,_reference
06033,-23.562275627243423,-46.77786620774424,osasco,SP,2016-01-01 00:00:00.000000,2026-08-27T05:17:09.287600+00:00,D:/D drive recovery/Shiva JH/Projects/OneLake Medallion/data/landing/_reference/geolocation.parquet,_reference
06362,-23.55117864806671,-46.83780800807718,carapicuíba,SP,2016-01-01 00:00:00.000000,2026-08-27T05:17:09.287600+00:00,D:/D drive recovery/Shiva JH/Projects/OneLake Medallion/data/landing/_reference/geolocation.parquet,_reference
06774,-23.641264649957648,-46.80037274803932,taboao da serra,SP,2016-01-01 00:00:00.000000,2026-08-27T05:17:09.287600+00:00,D:/D drive recovery/Shiva JH/Projects/OneLake Medallion/data/landing/_reference/geolocation.parquet,_reference
06853,-23.68913659838998,-46.85084778934157,itapecerica da serra,SP,2016-01-01 00:00:00.000000,2026-08-27T05:17:09.287600+00:00,D:/D drive recovery/Shiva JH/Projects/OneLake Medallion/data/landing/_reference/geolocation.parquet,_reference
08550,-23.522975748542905,-46.33702048557326,poá,SP,2016-01-01 00:00:00.000000,2026-08-27T05:17:09.287600+00:00,D:/D drive recovery/Shiva JH/Projects/OneLake Medallion/data/landing/_reference/geolocation.parquet,_reference
08752,-23.551706513599484,-46.260979398542325,mogi das cruzes,SP,2016-01-01 00:00:00.000000,2026-08-27T05:17:09.287600+00:00,D:/D drive recovery/Shiva JH/Projects/OneLake Medallion/data/landing/_reference/geolocation.parquet,_reference
09110,-23.668312295314184,-46.50547970468581,santo andre,SP,2016-01-01 00:00:00.000000,2026-08-27T05:17:09.287600+00:00,D:/D drive recovery/Shiva JH/Projects/OneLake Medallion/data/landing/_reference/geolocation.parquet,_reference
09360,-23.678798920064235,-46.45947764149177,mauá,SP,2016-01-01 00:00:00.000000,2026-08-27T05:17:09.287600+00:00,D:/D drive recovery/Shiva JH/Projects/OneLake Medallion/data/landing/_reference/geolocation.parquet,_reference
94965,-29.90828909779852,-51.069163834525725,cachoeirinha,RS,2016-01-01 00:00:00.000000,2026-08-27T05:17:09.287600+00:00,D:/D drive recovery/Shiva JH/Projects/OneLake Medallion/data/landing/_reference/geolocation.parquet,_reference
95305,-28.37198645463488,-51.6325589821345,ibiraiaras,RS,2016-01-01 00:00:00.000000,2026-08-27T05:17:09.287600+00:00,D:/D drive recovery/Shiva JH/Projects/OneLake Medallion/data/landing/_reference/geolocation.parquet,_reference
96610,-30.54561578245658,-52.52784059067559,encruzilhada do sul,RS,2016-01-01 00:00:00.000000,2026-08-27T05:17:09.287600+00:00,D:/D drive recovery/Shiva JH/Projects/OneLake Medallion/data/landing/_reference/geolocation.parquet,_reference
97050,-29.691002326389324,-53.80623715543304,santa maria,RS,2016-01-01 00:00:00.000000,2026-08-27T05:17:09.287600+00:00,D:/D drive recovery/Shiva JH/Projects/OneLake Medallion/data/landing/_reference/geolocation.parquet,_reference
97650,-29.12375210150061,-56.55674704180505,itaqui,RS,2016-01-01 00:00:00.000000,2026-08-27T05:17:09.287600+00:00,D:/D drive recovery/Shiva JH/Projects/OneLake Medallion/data/landing/_reference/geolocation.parquet,_reference
99150,-28.4595254944111,-52.20408391320524,marau,RS,2016-01-01 00:00:00.000000,2026-08-27T05:17:09.287600+00:00,D:/D drive recovery/Shiva JH/Projects/OneLake Medallion/data/landing/_reference/geolocation.parquet,_reference
09351,-23.6899267327312,-46.44635074756194,maua,SP,2016-01-01 00:00:00.000000,2026-08-27T05:17:09.287600+00:00,D:/D drive recovery/Shiva JH/Projects/OneLake Medallion/data/landing/_reference/geolocation.parquet,_reference
09601,-23.67195566956539,-46.559180836442245,sao bernardo do campo,SP,2016-01-01 00:00:00.000000,2026-08-27T05:17:09.287600+00:00,D:/D drive recovery/Shiva JH/Projects/OneLake Medallion/data/landing/_reference/geolocation.parquet,_reference
09721,-23.720745783772987,-46.548089706907525,sao bernardo do campo,SP,2016-01-01 00:00:00.000000,2026-08-27T05:17:09.287600+00:00,D:/D drive recovery/Shiva JH/Projects/OneLake Medallion/data/landing/_reference/geolocation.parquet,_reference
09912,-23.687830870996216,-46.61065511474994,diadema,SP,2016-01-01 00:00:00.000000,2026-08-27T05:17:09.287600+00:00,D:/D drive recovery/Shiva JH/Projects/OneLake Medallion/data/landing/_reference/geolocation.parquet,_reference
11701,-24.011288218359883,-46.41873374429398,praia grande,SP,2016-01-01 00:00:00.000000,2026-08-27T05:17:09.287600+00:00,D:/D drive recovery/Shiva JH/Projects/OneLake Medallion/data/landing/_reference/geolocation.parquet,_reference
12020,-23.022733959878504,-45.55651892606318,taubate,SP,2016-01-01 00:00:00.000000,2026-08-27T05:17:09.287600+00:00,D:/D drive recovery/Shiva JH/Projects/OneLake Medallion/data/landing/_reference/geolocation.parquet,_reference
12237,-23.243634071378583,-45.91101044314284,sao jose dos campos,SP,2016-01-01 00:00:00.000000,2026-08-27T05:17:09.287600+00:00,D:/D drive recovery/Shiva JH/Projects/OneLake Medallion/data/landing/_reference/geolocation.parquet,_reference
12402,-22.920117405632816,-45.445038284350105,pindamonhangaba,SP,2016-01-01 00:00:00.000000,2026-08-27T05:17:09.287600+00:00,D:/D drive recovery/Shiva JH/Projects/OneLake Medallion/data/landing/_reference/geolocation.parquet,_reference
12913,-22.95750491772243,-46.52488623678449,braganca paulista,SP,2016-01-01 00:00:00.000000,2026-08-27T05:17:09.287600+00:00,D:/D drive recovery/Shiva JH/Projects/OneLake Medallion/data/landing/_reference/geolocation.parquet,_reference
13042,-22.931095563908823,-47.05470585586861,campinas,SP,2016-01-01 00:00:00.000000,2026-08-27T05:17:09.287600+00:00,D:/D drive recovery/Shiva JH/Projects/OneLake Medallion/data/landing/_reference/geolocation.parquet,_reference
13058,-22.950289907294163,-47.182224818627695,campinas,SP,2016-01-01 00:00:00.000000,2026-08-27T05:17:09.287600+00:00,D:/D drive recovery/Shiva JH/Projects/OneLake Medallion/data/landing/_reference/geolocation.parquet,_reference
13160,-22.559120480675748,-47.16516839542564,artur nogueira,SP,2016-01-01 00:00:00.000000,2026-08-27T05:17:09.287600+00:00,D:/D drive recovery/Shiva JH/Projects/OneLake Medallion/data/landing/_reference/geolocation.parquet,_reference
13170,-22.828654864562257,-47.267296160568925,sumare,SP,2016-01-01 00:00:00.000000,2026-08-27T05:17:09.287600+00:00,D:/D drive recovery/Shiva JH/Projects/OneLake Medallion/data/landing/_reference/geolocation.parquet,_reference
13252,-22.962507150351165,-46.79794228444784,itatiba,SP,2016-01-01 00:00:00.000000,2026-08-27T05:17:09.287600+00:00,D:/D drive recovery/Shiva JH/Projects/OneLake Medallion/data/landing/_reference/geolocation.parquet,_reference
13275,-22.9865591766809,-46.98871848455929,valinhos,SP,2016-01-01 00:00:00.000000,2026-08-27T05:17:09.287600+00:00,D:/D drive recovery/Shiva JH/Projects/OneLake Medallion/data/landing/_reference/geolocation.parquet,_reference
49095,-11.064352443890344,-37.10614348991408,aracaju,SE,2016-01-01 00:00:00.000000,2026-08-27T05:17:09.287600+00:00,D:/D drive recovery/Shiva JH/Projects/OneLake Medallion/data/landing/_reference/geolocation.parquet,_reference
50790,-8.080504870603276,-34.94551204515322,recife,PE,2016-01-01 00:00:00.000000,2026-08-27T05:17:09.287600+00:00,D:/D drive recovery/Shiva JH/Projects/OneLake Medallion/data/landing/_reference/geolocation.parquet,_reference
51250,-8.138173275583135,-34.9322264583223,recife,PE,2016-01-01 00:00:00.000000,2026-08-27T05:17:09.287600+00:00,D:/D drive recovery/Shiva JH/Projects/OneLake Medallion/data/landing/_reference/geolocation.parquet,_reference
57046,-9.613217239287312,-35.719633652535485,maceio,AL,2016-01-01 00:00:00.000000,2026-08-27T05:17:09.287600+00:00,D:/D drive recovery/Shiva JH/Projects/OneLake Medallion/data/landing/_reference/geolocation.parquet,_reference
57305,-9.749041409132976,-36.66865851711054,arapiraca,AL,2016-01-01 00:00:00.000000,2026-08-27T05:17:09.287600+00:00,D:/D drive recovery/Shiva JH/Projects/OneLake Medallion/data/landing/_reference/geolocation.parquet,_reference
57740,-9.37570320797708,-36.37916145908502,paulo jacinto,AL,2016-01-01 00:00:00.000000,2026-08-27T05:17:09.287600+00:00,D:/D drive recovery/Shiva JH/Projects/OneLake Medallion/data/landing/_reference/geolocation.parquet,_reference
59215,-6.473126936781059,-35.44415705346855,nova cruz,RN,2016-01-01 00:00:00.000000,2026-08-27T05:17:09.287600+00:00,D:/D drive recovery/Shiva JH/Projects/OneLake Medallion/data/landing/_reference/geolocation.parquet,_reference
59335,-6.124925214346815,-36.81297202901485,florania,RN,2016-01-01 00:00:00.000000,2026-08-27T05:17:09.287600+00:00,D:/D drive recovery/Shiva JH/Projects/OneLake Medallion/data/landing/_reference/geolocation.parquet,_reference
60150,-3.737756388568278,-38.50052084624039,fortaleza,CE,2016-01-01 00:00:00.000000,2026-08-27T05:17:09.287600+00:00,D:/D drive recovery/Shiva JH/Projects/OneLake Medallion/data/landing/_reference/geolocation.parquet,_reference
64048,-5.077655598191133,-42.78295004925811,teresina,PI,2016-01-01 00:00:00.000000,2026-08-27T05:17:09.287600+00:00,D:/D drive recovery/Shiva JH/Projects/OneLake Medallion/data/landing/_reference/geolocation.parquet,_reference
66033,-1.4649796654765277,-48.48763846258198,belem,PA,2016-01-01 00:00:00.000000,2026-08-27T05:17:09.287600+00:00,D:/D drive recovery/Shiva JH/Projects/OneLake Medallion/data/landing/_reference/geolocation.parquet,_reference
68665,-1.9327136441806896,-47.04766159899538,garrafao do norte,PA,2016-01-01 00:00:00.000000,2026-08-27T05:17:09.287600+00:00,D:/D drive recovery/Shiva JH/Projects/OneLake Medallion/data/landing/_reference/geolocation.parquet,_reference
71906,-15.830932016803072,-48.0110489635657,brasilia,DF,2016-01-01 00:00:00.000000,2026-08-27T05:17:09.287600+00:00,D:/D drive recovery/Shiva JH/Projects/OneLake Medallion/data/landing/_reference/geolocation.parquet,_reference
72115,-15.826510026848498,-48.06237218759978,brasilia,DF,2016-01-01 00:00:00.000000,2026-08-27T05:17:09.287600+00:00,D:/D drive recovery/Shiva JH/Projects/OneLake Medallion/data/landing/_reference/geolocation.parquet,_reference
72912,-15.703532693586782,-48.277570942145786,aguas lindas de goias,GO,2016-01-01 00:00:00.000000,2026-08-27T05:17:09.287600+00:00,D:/D drive recovery/Shiva JH/Projects/OneLake Medallion/data/landing/_reference/geolocation.parquet,_reference
74930,-16.77015400112626,-49.34004189470734,aparecida de goiania,GO,2016-01-01 00:00:00.000000,2026-08-27T05:17:09.287600+00:00,D:/D drive recovery/Shiva JH/Projects/OneLake Medallion/data/landing/_reference/geolocation.parquet,_reference
75105,-16.369248309992564,-48.94101674508887,anapolis,GO,2016-01-01 00:00:00.000000,2026-08-27T05:17:09.287600+00:00,D:/D drive recovery/Shiva JH/Projects/OneLake Medallion/data/landing/_reference/geolocation.parquet,_reference
75908,-17.79840647337413,-50.9384830243572,rio verde,GO,2016-01-01 00:00:00.000000,2026-08-27T05:17:09.287600+00:00,D:/D drive recovery/Shiva JH/Projects/OneLake Medallion/data/landing/_reference/geolocation.parquet,_reference
78095,-15.672887529119013,-56.06797233297959,cuiaba,MT,2016-01-01 00:00:00.000000,2026-08-27T05:17:09.287600+00:00,D:/D drive recovery/Shiva JH/Projects/OneLake Medallion/data/landing/_reference/geolocation.parquet,_reference
78250,-15.228087212204525,-59.3368078603097,pontes e lacerda,MT,2016-01-01 00:00:00.000000,2026-08-27T05:17:09.287600+00:00,D:/D drive recovery/Shiva JH/Projects/OneLake Medallion/data/landing/_reference/geolocation.parquet,_reference
79112,-20.43693938714196,-54.6579132805616,campo grande,MS,2016-01-01 00:00:00.000000,2026-08-27T05:17:09.287600+00:00,D:/D drive recovery/Shiva JH/Projects/OneLake Medallion/data/landing/_reference/geolocation.parquet,_reference
80210,-25.43871208756084,-49.24089260093047,curitiba,PR,2016-01-01 00:00:00.000000,2026-08-27T05:17:09.287600+00:00,D:/D drive recovery/Shiva JH/Projects/OneLake Medallion/data/landing/_reference/geolocation.parquet,_reference
81900,-25.539514511800988,-49.2755937901783,curitiba,PR,2016-01-01 00:00:00.000000,2026-08-27T05:17:09.287600+00:00,D:/D drive recovery/Shiva JH/Projects/OneLake Medallion/data/landing/_reference/geolocation.parquet,_reference
84016,-25.062796694472123,-50.13504688484768,ponta grossa,PR,2016-01-01 00:00:00.000000,2026-08-27T05:17:09.287600+00:00,D:/D drive recovery/Shiva JH/Projects/OneLake Medallion/data/landing/_reference/geolocation.parquet,_reference
84900,-23.84868060395721,-50.187369715436375,ibaiti,PR,2016-01-01 00:00:00.000000,2026-08-27T05:17:09.287600+00:00,D:/D drive recovery/Shiva JH/Projects/OneLake Medallion/data/landing/_reference/geolocation.parquet,_reference
85710,-26.057491205255,-53.726391676244695,santo antônio do sudoeste,PR,2016-01-01 00:00:00.000000,2026-08-27T05:17:09.287600+00:00,D:/D drive recovery/Shiva JH/Projects/OneLake Medallion/data/landing/_reference/geolocation.parquet,_reference
85819,-24.98699978821639,-53.450685208725176,cascavel,PR,2016-01-01 00:00:00.000000,2026-08-27T05:17:09.287600+00:00,D:/D drive recovery/Shiva JH/Projects/OneLake Medallion/data/landing/_reference/geolocation.parquet,_reference
87045,-23.42831529103202,-51.89302878219085,maringa,PR,2016-01-01 00:00:00.000000,2026-08-27T05:17:09.287600+00:00,D:/D drive recovery/Shiva JH/Projects/OneLake Medallion/data/landing/_reference/geolocation.parquet,_reference
87920,-22.95591358902925,-53.29000221034904,santa cruz de monte castelo,PR,2016-01-01 00:00:00.000000,2026-08-27T05:17:09.287600+00:00,D:/D drive recovery/Shiva JH/Projects/OneLake Medallion/data/landing/_reference/geolocation.parquet,_reference
88215,-27.148396890554224,-48.48172027447082,bombinhas,SC,2016-01-01 00:00:00.000000,2026-08-27T05:17:09.287600+00:00,D:/D drive recovery/Shiva JH/Projects/OneLake Medallion/data/landing/_reference/geolocation.parquet,_reference
22743,-22.933479697760923,-43.350149913122536,rio de janeiro,RJ,2016-01-01 00:00:00.000000,2026-08-27T05:17:09.287600+00:00,D:/D drive recovery/Shiva JH/Projects/OneLake Medallion/data/landing/_reference/geolocation.parquet,_reference
24020,-22.89428279372572,-43.12073703239408,niteroi,RJ,2016-01-01 00:00:00.000000,2026-08-27T05:17:09.287600+00:00,D:/D drive recovery/Shiva JH/Projects/OneLake Medallion/data/landing/_reference/geolocation.parquet,_reference
24358,-22.95950249166516,-43.054551923240766,niterói,RJ,2016-01-01 00:00:00.000000,2026-08-27T05:17:09.287600+00:00,D:/D drive recovery/Shiva JH/Projects/OneLake Medallion/data/landing/_reference/geolocation.parquet,_reference
25645,-22.549033360244323,-43.210094724044055,petrópolis,RJ,2016-01-01 00:00:00.000000,2026-08-27T05:17:09.287600+00:00,D:/D drive recovery/Shiva JH/Projects/OneLake Medallion/data/landing/_reference/geolocation.parquet,_reference
25808,-22.10726147511464,-43.21214608127544,três rios,RJ,2016-01-01 00:00:00.000000,2026-08-27T05:17:09.287600+00:00,D:/D drive recovery/Shiva JH/Projects/OneLake Medallion/data/landing/_reference/geolocation.parquet,_reference
26013,-22.73706624932038,-43.44059210509271,nova iguacu,RJ,2016-01-01 00:00:00.000000,2026-08-27T05:17:09.287600+00:00,D:/D drive recovery/Shiva JH/Projects/OneLake Medallion/data/landing/_reference/geolocation.parquet,_reference
26510,-22.815880447852667,-43.41899267551425,nilópolis,RJ,2016-01-01 00:00:00.000000,2026-08-27T05:17:09.287600+00:00,D:/D drive recovery/Shiva JH/Projects/OneLake Medallion/data/landing/_reference/geolocation.parquet,_reference
27700,-22.418541912748985,-43.67993483814997,vassouras,RJ,2016-01-01 00:00:00.000000,2026-08-27T05:17:09.287600+00:00,D:/D drive recovery/Shiva JH/Projects/OneLake Medallion/data/landing/_reference/geolocation.parquet,_reference
28895,-22.50268855112206,-41.92488236917089,rio das ostras,RJ,2016-01-01 00:00:00.000000,2026-08-27T05:17:09.287600+00:00,D:/D drive recovery/Shiva JH/Projects/OneLake Medallion/data/landing/_reference/geolocation.parquet,_reference
28907,-22.87819893069184,-42.0153349507779,cabo frio,RJ,2016-01-01 00:00:00.000000,2026-08-27T05:17:09.287600+00:00,D:/D drive recovery/Shiva JH/Projects/OneLake Medallion/data/landing/_reference/geolocation.parquet,_reference
29100,-20.33692260445488,-40.29515023877819,vila velha,ES,2016-01-01 00:00:00.000000,2026-08-27T05:17:09.287600+00:00,D:/D drive recovery/Shiva JH/Projects/OneLake Medallion/data/landing/_reference/geolocation.parquet,_reference
13609,-22.37461780405676,-47.38030967430316,araras,SP,2016-01-01 00:00:00.000000,2026-08-27T05:17:09.287600+00:00,D:/D drive recovery/Shiva JH/Projects/OneLake Medallion/data/landing/_reference/geolocation.parquet,_reference
13610,-22.188010549332656,-47.38890953944135,leme,SP,2016-01-01 00:00:00.000000,2026-08-27T05:17:09.287600+00:00,D:/D drive recovery/Shiva JH/Projects/OneLake Medallion/data/landing/_reference/geolocation.parquet,_reference
13877,-22.00069443861166,-46.80432834284731,são joão da boa vista,SP,2016-01-01 00:00:00.000000,2026-08-27T05:17:09.287600+00:00,D:/D drive recovery/Shiva JH/Projects/OneLake Medallion/data/landing/_reference/geolocation.parquet,_reference
13930,-22.596440207291085,-46.71196868822353,serra negra,SP,2016-01-01 00:00:00.000000,2026-08-27T05:17:09.287600+00:00,D:/D drive recovery/Shiva JH/Projects/OneLake Medallion/data/landing/_reference/geolocation.parquet,_reference
14050,-21.17121748495008,-47.81941847157649,ribeirao preto,SP,2016-01-01 00:00:00.000000,2026-08-27T05:17:09.287600+00:00,D:/D drive recovery/Shiva JH/Projects/OneLake Medallion/data/landing/_reference/geolocation.parquet,_reference
14079,-21.15613133316094,-47.74568764755373,ribeirao preto,SP,2016-01-01 00:00:00.000000,2026-08-27T05:17:09.287600+00:00,D:/D drive recovery/Shiva JH/Projects/OneLake Medallion/data/landing/_reference/geolocation.parquet,_reference
14095,-21.188764942887172,-47.76987064730896,ribeirao preto,SP,2016-01-01 00:00:00.000000,2026-08-27T05:17:09.287600+00:00,D:/D drive recovery/Shiva JH/Projects/OneLake Medallion/data/landing/_reference/geolocation.parquet,_reference
14810,-21.778926590339896,-48.15890478322473,araraquara,SP,2016-01-01 00:00:00.000000,2026-08-27T05:17:09.287600+00:00,D:/D drive recovery/Shiva JH/Projects/OneLake Medallion/data/landing/_reference/geolocation.parquet,_reference
15010,-20.81357059323897,-49.37830262409778,sao jose do rio preto,SP,2016-01-01 00:00:00.000000,2026-08-27T05:17:09.287600+00:00,D:/D drive recovery/Shiva JH/Projects/OneLake Medallion/data/landing/_reference/geolocation.parquet,_reference
15450,-20.606563858732667,-49.29743346754892,onda verde,SP,2016-01-01 00:00:00.000000,2026-08-27T05:17:09.287600+00:00,D:/D drive recovery/Shiva JH/Projects/OneLake Medallion/data/landing/_reference/geolocation.parquet,_reference
17209,-22.27568678711987,-48.542599749927895,jau,SP,2016-01-01 00:00:00.000000,2026-08-27T05:17:09.287600+00:00,D:/D drive recovery/Shiva JH/Projects/OneLake Medallion/data/landing/_reference/geolocation.parquet,_reference
18016,-23.49902773488326,-47.42744498842495,sorocaba,SP,2016-01-01 00:00:00.000000,2026-08-27T05:17:09.287600+00:00,D:/D drive recovery/Shiva JH/Projects/OneLake Medallion/data/landing/_reference/geolocation.parquet,_reference
18046,-23.519223858733884,-47.474937078683126,sorocaba,SP,2016-01-01 00:00:00.000000,2026-08-27T05:17:09.287600+00:00,D:/D drive recovery/Shiva JH/Projects/OneLake Medallion/data/landing/_reference/geolocation.parquet,_reference
18077,-23.450593895051057,-47.47570043199476,sorocaba,SP,2016-01-01 00:00:00.000000,2026-08-27T05:17:09.287600+00:00,D:/D drive recovery/Shiva JH/Projects/OneLake Medallion/data/landing/_reference/geolocation.parquet,_reference
18600,-22.888585037191984,-48.44275075867046,botucatu,SP,2016-01-01 00:00:00.000000,2026-08-27T05:17:09.287600+00:00,D:/D drive recovery/Shiva JH/Projects/OneLake Medallion/data/landing/_reference/geolocation.parquet,_reference
18720,-23.385586077409,-48.71884722663808,paranapanema,SP,2016-01-01 00:00:00.000000,2026-08-27T05:17:09.287600+00:00,D:/D drive recovery/Shiva JH/Projects/OneLake Medallion/data/landing/_reference/geolocation.parquet,_reference
19400,-21.88492048866045,-51.83630137750223,presidente venceslau,SP,2016-01-01 00:00:00.000000,2026-08-27T05:17:09.287600+00:00,D:/D drive recovery/Shiva JH/Projects/OneLake Medallion/data/landing/_reference/geolocation.parquet,_reference
36700,-21.526803364146524,-42.64106019317997,leopoldina,MG,2016-01-01 00:00:00.000000,2026-08-27T05:17:09.287600+00:00,D:/D drive recovery/Shiva JH/Projects/OneLake Medallion/data/landing/_reference/geolocation.parquet,_reference
37443,-21.956309999999995,-44.882378788136165,baependi,MG,2016-01-01 00:00:00.000000,2026-08-27T05:17:09.287600+00:00,D:/D drive recovery/Shiva JH/Projects/OneLake Medallion/data/landing/_reference/geolocation.parquet,_reference
37553,-22.22180037123291,-45.928418933957126,pouso alegre,MG,2016-01-01 00:00:00.000000,2026-08-27T05:17:09.287600+00:00,D:/D drive recovery/Shiva JH/Projects/OneLake Medallion/data/landing/_reference/geolocation.parquet,_reference
37902,-20.72821888718611,-46.61553106180694,passos,MG,2016-01-01 00:00:00.000000,2026-08-27T05:17:09.287600+00:00,D:/D drive recovery/Shiva JH/Projects/OneLake Medallion/data/landing/_reference/geolocation.parquet,_reference
38120,-19.929644278855683,-48.3827306180796,conceicao das alagoas,MG,2016-01-01 00:00:00.000000,2026-08-27T05:17:09.287600+00:00,D:/D drive recovery/Shiva JH/Projects/OneLake Medallion/data/landing/_reference/geolocation.parquet,_reference
38408,-18.925348871775626,-48.24236513543774,uberlandia,MG,2016-01-01 00:00:00.000000,2026-08-27T05:17:09.287600+00:00,D:/D drive recovery/Shiva JH/Projects/OneLake Medallion/data/landing/_reference/geolocation.parquet,_reference
41720,-12.973746698857436,-38.43905887177561,salvador,BA,2016-01-01 00:00:00.000000,2026-08-27T05:17:09.287600+00:00,D:/D drive recovery/Shiva JH/Projects/OneLake Medallion/data/landing/_reference/geolocation.parquet,_reference
81730,-25.506504042183643,-49.234914267961294,curitiba,PR,2016-01-01 00:00:00.000000,2026-08-27T05:17:09.287600+00:00,D:/D drive recovery/Shiva JH/Projects/OneLake Medallion/data/landing/_reference/geolocation.parquet,_reference
81825,-25.526084940879464,-49.27440966694559,curitiba,PR,2016-01-01 00:00:00.000000,2026-08-27T05:17:09.287600+00:00,D:/D drive recovery/Shiva JH/Projects/OneLake Medallion/data/landing/_reference/geolocation.parquet,_reference
82810,-25.43585833749783,-49.22158276824976,curitiba,PR,2016-01-01 00:00:00.000000,2026-08-27T05:17:09.287600+00:00,D:/D drive recovery/Shiva JH/Projects/OneLake Medallion/data/landing/_reference/geolocation.parquet,_reference
83010,-25.533552342489493,-49.18726902068778,sao jose dos pinhais,PR,2016-01-01 00:00:00.000000,2026-08-27T05:17:09.287600+00:00,D:/D drive recovery/Shiva JH/Projects/OneLake Medallion/data/landing/_reference/geolocation.parquet,_reference
84560,-25.73373749374235,-50.79613989435896,rio azul,PR,2016-01-01 00:00:00.000000,2026-08-27T05:17:09.287600+00:00,D:/D drive recovery/Shiva JH/Projects/OneLake Medallion/data/landing/_reference/geolocation.parquet,_reference
85660,-25.74389872497068,-53.05434104666583,dois vizinhos,PR,2016-01-01 00:00:00.000000,2026-08-27T05:17:09.287600+00:00,D:/D drive recovery/Shiva JH/Projects/OneLake Medallion/data/landing/_reference/geolocation.parquet,_reference
85801,-24.961400882504734,-53.45816618100577,cascavel,PR,2016-01-01 00:00:00.000000,2026-08-27T05:17:09.287600+00:00,D:/D drive recovery/Shiva JH/Projects/OneLake Medallion/data/landing/_reference/geolocation.parquet,_reference
85802,-24.966371460470743,-53.46488320191585,cascavel,PR,2016-01-01 00:00:00.000000,2026-08-27T05:17:09.287600+00:00,D:/D drive recovery/Shiva JH/Projects/OneLake Medallion/data/landing/_reference/geolocation.parquet,_reference
86073,-23.280367482796247,-51.188884291727966,londrina,PR,2016-01-01 00:00:00.000000,2026-08-27T05:17:09.287600+00:00,D:/D drive recovery/Shiva JH/Projects/OneLake Medallion/data/landing/_reference/geolocation.parquet,_reference
86410,-23.200076362705648,-49.76113894397601,ribeirao claro,PR,2016-01-01 00:00:00.000000,2026-08-27T05:17:09.287600+00:00,D:/D drive recovery/Shiva JH/Projects/OneLake Medallion/data/landing/_reference/geolocation.parquet,_reference
87015,-23.42880633856904,-51.97183135000928,maringa,PR,2016-01-01 00:00:00.000000,2026-08-27T05:17:09.287600+00:00,D:/D drive recovery/Shiva JH/Projects/OneLake Medallion/data/landing/_reference/geolocation.parquet,_reference
88075,-27.58917099140166,-48.579840372323886,florianopolis,SC,2016-01-01 00:00:00.000000,2026-08-27T05:17:09.287600+00:00,D:/D drive recovery/Shiva JH/Projects/OneLake Medallion/data/landing/_reference/geolocation.parquet,_reference
88301,-26.91626999999994,-48.65245999999996,itajaí,SC,2016-01-01 00:00:00.000000,2026-08-27T05:17:09.287600+00:00,D:/D drive recovery/Shiva JH/Projects/OneLake Medallion/data/landing/_reference/geolocation.parquet,_reference
89023,-26.953576281983977,-49.08280584277794,blumenau,SC,2016-01-01 00:00:00.000000,2026-08-27T05:17:09.287600+00:00,D:/D drive recovery/Shiva JH/Projects/OneLake Medallion/data/landing/_reference/geolocation.parquet,_reference
89251,-26.491731442148883,-49.07562289508913,jaragua do sul,SC,2016-01-01 00:00:00.000000,2026-08-27T05:17:09.287600+00:00,D:/D drive recovery/Shiva JH/Projects/OneLake Medallion/data/landing/_reference/geolocation.parquet,_reference
89520,-27.288614821408185,-50.57696646191445,curitibanos,SC,2016-01-01 00:00:00.000000,2026-08-27T05:17:09.287600+00:00,D:/D drive recovery/Shiva JH/Projects/OneLake Medallion/data/landing/_reference/geolocation.parquet,_reference
01223,-23.54377251788917,-46.6482729970858,sao paulo,SP,2016-01-01 00:00:00.000000,2026-08-27T05:17:09.287600+00:00,D:/D drive recovery/Shiva JH/Projects/OneLake Medallion/data/landing/_reference/geolocation.parquet,_reference
01403,-23.57034735804139,-46.65315099653755,são paulo,SP,2016-01-01 00:00:00.000000,2026-08-27T05:17:09.287600+00:00,D:/D drive recovery/Shiva JH/Projects/OneLake Medallion/data/landing/_reference/geolocation.parquet,_reference
01545,-23.581373061053768,-46.6178758329102,sao paulo,SP,2016-01-01 00:00:00.000000,2026-08-27T05:17:09.287600+00:00,D:/D drive recovery/Shiva JH/Projects/OneLake Medallion/data/landing/_reference/geolocation.parquet,_reference
02046,-23.48774784542202,-46.61152878400604,sao paulo,SP,2016-01-01 00:00:00.000000,2026-08-27T05:17:09.287600+00:00,D:/D drive recovery/Shiva JH/Projects/OneLake Medallion/data/landing/_reference/geolocation.parquet,_reference
02220,-23.490745910352587,-46.57794383819032,sao paulo,SP,2016-01-01 00:00:00.000000,2026-08-27T05:17:09.287600+00:00,D:/D drive recovery/Shiva JH/Projects/OneLake Medallion/data/landing/_reference/geolocation.parquet,_reference
02224,-23.481351072998997,-46.567048185815686,sao paulo,SP,2016-01-01 00:00:00.000000,2026-08-27T05:17:09.287600+00:00,D:/D drive recovery/Shiva JH/Projects/OneLake Medallion/data/landing/_reference/geolocation.parquet,_reference
02260,-23.469302576551907,-46.57550486934105,sao paulo,SP,2016-01-01 00:00:00.000000,2026-08-27T05:17:09.287600+00:00,D:/D drive recovery/Shiva JH/Projects/OneLake Medallion/data/landing/_reference/geolocation.parquet,_reference
02402,-23.49114306211594,-46.62601868011955,sao paulo,SP,2016-01-01 00:00:00.000000,2026-08-27T05:17:09.287600+00:00,D:/D drive recovery/Shiva JH/Projects/OneLake Medallion/data/landing/_reference/geolocation.parquet,_reference
02403,-23.49316940437997,-46.62900954509784,sao paulo,SP,2016-01-01 00:00:00.000000,2026-08-27T05:17:09.287600+00:00,D:/D drive recovery/Shiva JH/Projects/OneLake Medallion/data/landing/_reference/geolocation.parquet,_reference
02975,-23.47842966694557,-46.7118093039125,são paulo,SP,2016-01-01 00:00:00.000000,2026-08-27T05:17:09.287600+00:00,D:/D drive recovery/Shiva JH/Projects/OneLake Medallion/data/landing/_reference/geolocation.parquet,_reference
03084,-23.53467342215357,-46.57048869929014,sao paulo,SP,2016-01-01 00:00:00.000000,2026-08-27T05:17:09.287600+00:00,D:/D drive recovery/Shiva JH/Projects/OneLake Medallion/data/landing/_reference/geolocation.parquet,_reference
03323,-23.544749472387306,-46.57186015127811,sao paulo,SP,2016-01-01 00:00:00.000000,2026-08-27T05:17:09.287600+00:00,D:/D drive recovery/Shiva JH/Projects/OneLake Medallion/data/landing/_reference/geolocation.parquet,_reference
03471,-23.56625832001269,-46.51841724632121,sao paulo,SP,2016-01-01 00:00:00.000000,2026-08-27T05:17:09.287600+00:00,D:/D drive recovery/Shiva JH/Projects/OneLake Medallion/data/landing/_reference/geolocation.parquet,_reference
03543,-23.534517416583824,-46.51350050508684,sao paulo,SP,2016-01-01 00:00:00.000000,2026-08-27T05:17:09.287600+00:00,D:/D drive recovery/Shiva JH/Projects/OneLake Medallion/data/landing/_reference/geolocation.parquet,_reference
03562,-23.54478975206393,-46.495489292925285,são paulo,SP,2016-01-01 00:00:00.000000,2026-08-27T05:17:09.287600+00:00,D:/D drive recovery/Shiva JH/Projects/OneLake Medallion/data/landing/_reference/geolocation.parquet,_reference
03563,-23.549693280599,-46.49264250874256,são paulo,SP,2016-01-01 00:00:00.000000,2026-08-27T05:17:09.287600+00:00,D:/D drive recovery/Shiva JH/Projects/OneLake Medallion/data/landing/_reference/geolocation.parquet,_reference
04131,-23.605673521784304,-46.618990239800326,sao paulo,SP,2016-01-01 00:00:00.000000,2026-08-27T05:17:09.287600+00:00,D:/D drive recovery/Shiva JH/Projects/OneLake Medallion/data/landing/_reference/geolocation.parquet,_reference
04248,-23.61411790980433,-46.60034800222169,sao paulo,SP,2016-01-01 00:00:00.000000,2026-08-27T05:17:09.287600+00:00,D:/D drive recovery/Shiva JH/Projects/OneLake Medallion/data/landing/_reference/geolocation.parquet,_reference
04283,-23.608662150152924,-46.60515206411219,sao paulo,SP,2016-01-01 00:00:00.000000,2026-08-27T05:17:09.287600+00:00,D:/D drive recovery/Shiva JH/Projects/OneLake Medallion/data/landing/_reference/geolocation.parquet,_reference
04431,-23.688796442408677,-46.65406289884005,são paulo,SP,2016-01-01 00:00:00.000000,2026-08-27T05:17:09.287600+00:00,D:/D drive recovery/Shiva JH/Projects/OneLake Medallion/data/landing/_reference/geolocation.parquet,_reference
04567,-23.61424927422236,-46.68844105482136,sao paulo,SP,2016-01-01 00:00:00.000000,2026-08-27T05:17:09.287600+00:00,D:/D drive recovery/Shiva JH/Projects/OneLake Medallion/data/landing/_reference/geolocation.parquet,_reference
04633,-23.635009298920856,-46.66522366916728,são paulo,SP,2016-01-01 00:00:00.000000,2026-08-27T05:17:09.287600+00:00,D:/D drive recovery/Shiva JH/Projects/OneLake Medallion/data/landing/_reference/geolocation.parquet,_reference
04679,-23.67501017124474,-46.679538766172286,sao paulo,SP,2016-01-01 00:00:00.000000,2026-08-27T05:17:09.287600+00:00,D:/D drive recovery/Shiva JH/Projects/OneLake Medallion/data/landing/_reference/geolocation.parquet,_reference
04747,-23.657594422076475,-46.6989063034577,sao paulo,SP,2016-01-01 00:00:00.000000,2026-08-27T05:17:09.287600+00:00,D:/D drive recovery/Shiva JH/Projects/OneLake Medallion/data/landing/_reference/geolocation.parquet,_reference
04855,-23.7716282231164,-46.68156962761963,sao paulo,SP,2016-01-01 00:00:00.000000,2026-08-27T05:17:09.287600+00:00,D:/D drive recovery/Shiva JH/Projects/OneLake Medallion/data/landing/_reference/geolocation.parquet,_reference
05101,-23.50403914126612,-46.7311139948641,sao paulo,SP,2016-01-01 00:00:00.000000,2026-08-27T05:17:09.287600+00:00,D:/D drive recovery/Shiva JH/Projects/OneLake Medallion/data/landing/_reference/geolocation.parquet,_reference
05356,-23.56344,-46.75511883190869,são paulo,SP,2016-01-01 00:00:00.000000,2026-08-27T05:17:09.287600+00:00,D:/D drive recovery/Shiva JH/Projects/OneLake Medallion/data/landing/_reference/geolocation.parquet,_reference
05379,-23.566643099082476,-46.75321780613422,sao paulo,SP,2016-01-01 00:00:00.000000,2026-08-27T05:17:09.287600+00:00,D:/D drive recovery/Shiva JH/Projects/OneLake Medallion/data/landing/_reference/geolocation.parquet,_reference
29175,-20.125077554846843,-40.18867515952251,serra,ES,2016-01-01 00:00:00.000000,2026-08-27T05:17:09.287600+00:00,D:/D drive recovery/Shiva JH/Projects/OneLake Medallion/data/landing/_reference/geolocation.parquet,_reference
30720,-19.91802549653755,-43.97613252844943,belo horizonte,MG,2016-01-01 00:00:00.000000,2026-08-27T05:17:09.287600+00:00,D:/D drive recovery/Shiva JH/Projects/OneLake Medallion/data/landing/_reference/geolocation.parquet,_reference
31060,-19.89411305190717,-43.909105945322864,belo horizonte,MG,2016-01-01 00:00:00.000000,2026-08-27T05:17:09.287600+00:00,D:/D drive recovery/Shiva JH/Projects/OneLake Medallion/data/landing/_reference/geolocation.parquet,_reference
31573,-19.809042328611024,-43.99006964195861,belo horizonte,MG,2016-01-01 00:00:00.000000,2026-08-27T05:17:09.287600+00:00,D:/D drive recovery/Shiva JH/Projects/OneLake Medallion/data/landing/_reference/geolocation.parquet,_reference
32145,-19.87394833742732,-44.0478362156856,contagem,MG,2016-01-01 00:00:00.000000,2026-08-27T05:17:09.287600+00:00,D:/D drive recovery/Shiva JH/Projects/OneLake Medallion/data/landing/_reference/geolocation.parquet,_reference
36120,-21.872620417493856,-43.32746392403574,matias barbosa,MG,2016-01-01 00:00:00.000000,2026-08-27T05:17:09.287600+00:00,D:/D drive recovery/Shiva JH/Projects/OneLake Medallion/data/landing/_reference/geolocation.parquet,_reference
36152,-21.53316045663273,-43.1922658217616,goiana,MG,2016-01-01 00:00:00.000000,2026-08-27T05:17:09.287600+00:00,D:/D drive recovery/Shiva JH/Projects/OneLake Medallion/data/landing/_reference/geolocation.parquet,_reference
37026,-21.57560761769397,-45.44696627040968,varginha,MG,2016-01-01 00:00:00.000000,2026-08-27T05:17:09.287600+00:00,D:/D drive recovery/Shiva JH/Projects/OneLake Medallion/data/landing/_reference/geolocation.parquet,_reference
37440,-21.97945608472481,-44.92831051950175,caxambu,MG,2016-01-01 00:00:00.000000,2026-08-27T05:17:09.287600+00:00,D:/D drive recovery/Shiva JH/Projects/OneLake Medallion/data/landing/_reference/geolocation.parquet,_reference
37464,-22.296067377685304,-44.93483503963698,itanhandu,MG,2016-01-01 00:00:00.000000,2026-08-27T05:17:09.287600+00:00,D:/D drive recovery/Shiva JH/Projects/OneLake Medallion/data/landing/_reference/geolocation.parquet,_reference
37795,-22.07406456966723,-46.5864399743845,andradas,MG,2016-01-01 00:00:00.000000,2026-08-27T05:17:09.287600+00:00,D:/D drive recovery/Shiva JH/Projects/OneLake Medallion/data/landing/_reference/geolocation.parquet,_reference
45658,-14.792528695183035,-39.05847824149158,ilheus,BA,2016-01-01 00:00:00.000000,2026-08-27T05:17:09.287600+00:00,D:/D drive recovery/Shiva JH/Projects/OneLake Medallion/data/landing/_reference/geolocation.parquet,_reference
47801,-12.157045223182498,-44.99950649822065,barreiras,BA,2016-01-01 00:00:00.000000,2026-08-27T05:17:09.287600+00:00,D:/D drive recovery/Shiva JH/Projects/OneLake Medallion/data/landing/_reference/geolocation.parquet,_reference
50610,-8.05633821472036,-34.90578601080431,recife,PE,2016-01-01 00:00:00.000000,2026-08-27T05:17:09.287600+00:00,D:/D drive recovery/Shiva JH/Projects/OneLake Medallion/data/landing/_reference/geolocation.parquet,_reference
51030,-8.1330811150905,-34.904793597619324,recife,PE,2016-01-01 00:00:00.000000,2026-08-27T05:17:09.287600+00:00,D:/D drive recovery/Shiva JH/Projects/OneLake Medallion/data/landing/_reference/geolocation.parquet,_reference
13035,-22.9099533208494,-47.08185090507247,campinas,SP,2016-01-01 00:00:00.000000,2026-08-27T05:17:09.287600+00:00,D:/D drive recovery/Shiva JH/Projects/OneLake Medallion/data/landing/_reference/geolocation.parquet,_reference
13050,-22.93221846205146,-47.096790459495125,campinas,SP,2016-01-01 00:00:00.000000,2026-08-27T05:17:09.287600+00:00,D:/D drive recovery/Shiva JH/Projects/OneLake Medallion/data/landing/_reference/geolocation.parquet,_reference
13054,-22.977750719401,-47.12763292437528,campinas,SP,2016-01-01 00:00:00.000000,2026-08-27T05:17:09.287600+00:00,D:/D drive recovery/Shiva JH/Projects/OneLake Medallion/data/landing/_reference/geolocation.parquet,_reference
13175,-22.811418577663336,-47.24177202124911,sumare,SP,2016-01-01 00:00:00.000000,2026-08-27T05:17:09.287600+00:00,D:/D drive recovery/Shiva JH/Projects/OneLake Medallion/data/landing/_reference/geolocation.parquet,_reference
13253,-22.993820438600167,-46.81014454759541,itatiba,SP,2016-01-01 00:00:00.000000,2026-08-27T05:17:09.287600+00:00,D:/D drive recovery/Shiva JH/Projects/OneLake Medallion/data/landing/_reference/geolocation.parquet,_reference
13800,-22.438121280598992,-46.973524736049406,mogi mirim,SP,2016-01-01 00:00:00.000000,2026-08-27T05:17:09.287600+00:00,D:/D drive recovery/Shiva JH/Projects/OneLake Medallion/data/landing/_reference/geolocation.parquet,_reference
13843,-22.3970091627978,-46.94545202732525,mogi guaçu,SP,2016-01-01 00:00:00.000000,2026-08-27T05:17:09.287600+00:00,D:/D drive recovery/Shiva JH/Projects/OneLake Medallion/data/landing/_reference/geolocation.parquet,_reference
13920,-22.73824150585765,-46.8958585777586,pedreira,SP,2016-01-01 00:00:00.000000,2026-08-27T05:17:09.287600+00:00,D:/D drive recovery/Shiva JH/Projects/OneLake Medallion/data/landing/_reference/geolocation.parquet,_reference
15014,-20.81734497064537,-49.38133679126948,sao jose do rio preto,SP,2016-01-01 00:00:00.000000,2026-08-27T05:17:09.287600+00:00,D:/D drive recovery/Shiva JH/Projects/OneLake Medallion/data/landing/_reference/geolocation.parquet,_reference
15054,-20.780995319700494,-49.35424790246387,sao jose do rio preto,SP,2016-01-01 00:00:00.000000,2026-08-27T05:17:09.287600+00:00,D:/D drive recovery/Shiva JH/Projects/OneLake Medallion/data/landing/_reference/geolocation.parquet,_reference
15840,-21.311150026298016,-49.0511614229539,itajobi,SP,2016-01-01 00:00:00.000000,2026-08-27T05:17:09.287600+00:00,D:/D drive recovery/Shiva JH/Projects/OneLake Medallion/data/landing/_reference/geolocation.parquet,_reference
17240,-22.147358741536745,-48.52670850380465,bocaina,SP,2016-01-01 00:00:00.000000,2026-08-27T05:17:09.287600+00:00,D:/D drive recovery/Shiva JH/Projects/OneLake Medallion/data/landing/_reference/geolocation.parquet,_reference
18076,-23.46237169747245,-47.47117224424374,sorocaba,SP,2016-01-01 00:00:00.000000,2026-08-27T05:17:09.287600+00:00,D:/D drive recovery/Shiva JH/Projects/OneLake Medallion/data/landing/_reference/geolocation.parquet,_reference
19020,-22.13651597360134,-51.396204302534905,presidente prudente,SP,2016-01-01 00:00:00.000000,2026-08-27T05:17:09.287600+00:00,D:/D drive recovery/Shiva JH/Projects/OneLake Medallion/data/landing/_reference/geolocation.parquet,_reference
19900,-22.978119940676454,-49.869067789454,ourinhos,SP,2016-01-01 00:00:00.000000,2026-08-27T05:17:09.287600+00:00,D:/D drive recovery/Shiva JH/Projects/OneLake Medallion/data/landing/_reference/geolocation.parquet,_reference
09572,-23.6436479625422,-46.56386065319333,sao caetano do sul,SP,2016-01-01 00:00:00.000000,2026-08-27T05:17:09.287600+00:00,D:/D drive recovery/Shiva JH/Projects/OneLake Medallion/data/landing/_reference/geolocation.parquet,_reference
11680,-23.43162669109582,-45.07722870122336,ubatuba,SP,2016-01-01 00:00:00.000000,2026-08-27T05:17:09.287600+00:00,D:/D drive recovery/Shiva JH/Projects/OneLake Medallion/data/landing/_reference/geolocation.parquet,_reference
12316,-23.32161989064574,-45.93696011365342,jacareí,SP,2016-01-01 00:00:00.000000,2026-08-27T05:17:09.287600+00:00,D:/D drive recovery/Shiva JH/Projects/OneLake Medallion/data/landing/_reference/geolocation.parquet,_reference
12420,-22.945064470526344,-45.46371952947366,pindamonhangaba,SP,2016-01-01 00:00:00.000000,2026-08-27T05:17:09.287600+00:00,D:/D drive recovery/Shiva JH/Projects/OneLake Medallion/data/landing/_reference/geolocation.parquet,_reference
12943,-23.13303983152522,-46.568457780599005,atibaia,SP,2016-01-01 00:00:00.000000,2026-08-27T05:17:09.287600+00:00,D:/D drive recovery/Shiva JH/Projects/OneLake Medallion/data/landing/_reference/geolocation.parquet,_reference
13068,-22.865111251236048,-47.15255915401864,campinas,SP,2016-01-01 00:00:00.000000,2026-08-27T05:17:09.287600+00:00,D:/D drive recovery/Shiva JH/Projects/OneLake Medallion/data/landing/_reference/geolocation.parquet,_reference
13209,-23.17965058485729,-46.90576352862229,jundiai,SP,2016-01-01 00:00:00.000000,2026-08-27T05:17:09.287600+00:00,D:/D drive recovery/Shiva JH/Projects/OneLake Medallion/data/landing/_reference/geolocation.parquet,_reference
13327,-23.175880576172972,-47.31592004954123,salto,SP,2016-01-01 00:00:00.000000,2026-08-27T05:17:09.287600+00:00,D:/D drive recovery/Shiva JH/Projects/OneLake Medallion/data/landing/_reference/geolocation.parquet,_reference
13405,-22.71683928585045,-47.65736585405934,piracicaba,SP,2016-01-01 00:00:00.000000,2026-08-27T05:17:09.287600+00:00,D:/D drive recovery/Shiva JH/Projects/OneLake Medallion/data/landing/_reference/geolocation.parquet,_reference
13650,-21.81702801458608,-47.24266525128645,santa cruz das palmeiras,SP,2016-01-01 00:00:00.000000,2026-08-27T05:17:09.287600+00:00,D:/D drive recovery/Shiva JH/Projects/OneLake Medallion/data/landing/_reference/geolocation.parquet,_reference
14070,-21.116471333054424,-47.79073400291418,ribeirao preto,SP,2016-01-01 00:00:00.000000,2026-08-27T05:17:09.287600+00:00,D:/D drive recovery/Shiva JH/Projects/OneLake Medallion/data/landing/_reference/geolocation.parquet,_reference
33913,-19.779029422913744,-44.0229254812176,ribeirao das neves,MG,2016-01-01 00:00:00.000000,2026-08-27T05:17:09.287600+00:00,D:/D drive recovery/Shiva JH/Projects/OneLake Medallion/data/landing/_reference/geolocation.parquet,_reference
35050,-18.88268750122737,-41.96944215072953,governador valadares,MG,2016-01-01 00:00:00.000000,2026-08-27T05:17:09.287600+00:00,D:/D drive recovery/Shiva JH/Projects/OneLake Medallion/data/landing/_reference/geolocation.parquet,_reference
35160,-19.50523742384614,-42.57176378313765,ipatinga,MG,2016-01-01 00:00:00.000000,2026-08-27T05:17:09.287600+00:00,D:/D drive recovery/Shiva JH/Projects/OneLake Medallion/data/landing/_reference/geolocation.parquet,_reference
37960,-20.778180760236328,-47.10018746912747,são tomás de aquino,MG,2016-01-01 00:00:00.000000,2026-08-27T05:17:09.287600+00:00,D:/D drive recovery/Shiva JH/Projects/OneLake Medallion/data/landing/_reference/geolocation.parquet,_reference
39280,-17.355926266727163,-44.959898092300094,buritizeiro,MG,2016-01-01 00:00:00.000000,2026-08-27T05:17:09.287600+00:00,D:/D drive recovery/Shiva JH/Projects/OneLake Medallion/data/landing/_reference/geolocation.parquet,_reference
39680,-17.699026897975102,-42.50900651446246,capelinha,MG,2016-01-01 00:00:00.000000,2026-08-27T05:17:09.287600+00:00,D:/D drive recovery/Shiva JH/Projects/OneLake Medallion/data/landing/_reference/geolocation.parquet,_reference
40393,-12.928097205301128,-38.48298345103416,salvador,BA,2016-01-01 00:00:00.000000,2026-08-27T05:17:09.287600+00:00,D:/D drive recovery/Shiva JH/Projects/OneLake Medallion/data/landing/_reference/geolocation.parquet,_reference
42709,-12.874664723757968,-38.29029066875213,lauro de freitas,BA,2016-01-01 00:00:00.000000,2026-08-27T05:17:09.287600+00:00,D:/D drive recovery/Shiva JH/Projects/OneLake Medallion/data/landing/_reference/geolocation.parquet,_reference
42738,-12.895112589380958,-38.33895999999978,lauro de freitas,BA,2016-01-01 00:00:00.000000,2026-08-27T05:17:09.287600+00:00,D:/D drive recovery/Shiva JH/Projects/OneLake Medallion/data/landing/_reference/geolocation.parquet,_reference
45208,-13.860650975558046,-40.06849338679207,jequie,BA,2016-01-01 00:00:00.000000,2026-08-27T05:17:09.287600+00:00,D:/D drive recovery/Shiva JH/Projects/OneLake Medallion/data/landing/_reference/geolocation.parquet,_reference
45990,-17.544689915540296,-39.732032076125,teixeira de freitas,BA,2016-01-01 00:00:00.000000,2026-08-27T05:17:09.287600+00:00,D:/D drive recovery/Shiva JH/Projects/OneLake Medallion/data/landing/_reference/geolocation.parquet,_reference
46880,-12.521098299259362,-40.30992529346268,itaberaba,BA,2016-01-01 00:00:00.000000,2026-08-27T05:17:09.287600+00:00,D:/D drive recovery/Shiva JH/Projects/OneLake Medallion/data/landing/_reference/geolocation.parquet,_reference
48780,-11.61500057411008,-38.80774752856322,biritinga,BA,2016-01-01 00:00:00.000000,2026-08-27T05:17:09.287600+00:00,D:/D drive recovery/Shiva JH/Projects/OneLake Medallion/data/landing/_reference/geolocation.parquet,_reference
49080,-10.917895720308996,-37.081183720309006,aracaju,SE,2016-01-01 00:00:00.000000,2026-08-27T05:17:09.287600+00:00,D:/D drive recovery/Shiva JH/Projects/OneLake Medallion/data/landing/_reference/geolocation.parquet,_reference
55865,-7.552842891657974,-35.447118296149824,macaparana,PE,2016-01-01 00:00:00.000000,2026-08-27T05:17:09.287600+00:00,D:/D drive recovery/Shiva JH/Projects/OneLake Medallion/data/landing/_reference/geolocation.parquet,_reference
58036,-7.096075292255764,-34.84555898834324,joao pessoa,PB,2016-01-01 00:00:00.000000,2026-08-27T05:17:09.287600+00:00,D:/D drive recovery/Shiva JH/Projects/OneLake Medallion/data/landing/_reference/geolocation.parquet,_reference
59090,-5.885825448237058,-35.17532698765074,natal,RN,2016-01-01 00:00:00.000000,2026-08-27T05:17:09.287600+00:00,D:/D drive recovery/Shiva JH/Projects/OneLake Medallion/data/landing/_reference/geolocation.parquet,_reference
63500,-6.360208523390892,-39.29484034083242,iguatu,CE,2016-01-01 00:00:00.000000,2026-08-27T05:17:09.287600+00:00,D:/D drive recovery/Shiva JH/Projects/OneLake Medallion/data/landing/_reference/geolocation.parquet,_reference
65370,-3.607841095932044,-45.34543430135597,pindare mirim,MA,2016-01-01 00:00:00.000000,2026-08-27T05:17:09.287600+00:00,D:/D drive recovery/Shiva JH/Projects/OneLake Medallion/data/landing/_reference/geolocation.parquet,_reference
65750,-4.875864733200351,-44.881622265944806,esperantinopolis,MA,2016-01-01 00:00:00.000000,2026-08-27T05:17:09.287600+00:00,D:/D drive recovery/Shiva JH/Projects/OneLake Medallion/data/landing/_reference/geolocation.parquet,_reference
68509,-5.365853894207904,-49.11610153162093,maraba,PA,2016-01-01 00:00:00.000000,2026-08-27T05:17:09.287600+00:00,D:/D drive recovery/Shiva JH/Projects/OneLake Medallion/data/landing/_reference/geolocation.parquet,_reference
69041,-3.021608800047975,-60.02486120139152,manaus,AM,2016-01-01 00:00:00.000000,2026-08-27T05:17:09.287600+00:00,D:/D drive recovery/Shiva JH/Projects/OneLake Medallion/data/landing/_reference/geolocation.parquet,_reference
72855,-16.173714191260075,-47.9299242394582,luziânia,GO,2016-01-01 00:00:00.000000,2026-08-27T05:17:09.287600+00:00,D:/D drive recovery/Shiva JH/Projects/OneLake Medallion/data/landing/_reference/geolocation.parquet,_reference
75180,-16.662346239663066,-48.61064469363819,silvania,GO,2016-01-01 00:00:00.000000,2026-08-27T05:17:09.287600+00:00,D:/D drive recovery/Shiva JH/Projects/OneLake Medallion/data/landing/_reference/geolocation.parquet,_reference
76966,-11.438347500417402,-61.42997245588644,cacoal,RO,2016-01-01 00:00:00.000000,2026-08-27T05:17:09.287600+00:00,D:/D drive recovery/Shiva JH/Projects/OneLake Medallion/data/landing/_reference/geolocation.parquet,_reference
77300,-11.627906717256852,-46.82146777001999,dianopolis,TO,2016-01-01 00:00:00.000000,2026-08-27T05:17:09.287600+00:00,D:/D drive recovery/Shiva JH/Projects/OneLake Medallion/data/landing/_reference/geolocation.parquet,_reference
78065,-15.615363052962408,-56.0766050630054,cuiaba,MT,2016-01-01 00:00:00.000000,2026-08-27T05:17:09.287600+00:00,D:/D drive recovery/Shiva JH/Projects/OneLake Medallion/data/landing/_reference/geolocation.parquet,_reference
79833,-22.22034086651761,-54.77424650711413,dourados,MS,2016-01-01 00:00:00.000000,2026-08-27T05:17:09.287600+00:00,D:/D drive recovery/Shiva JH/Projects/OneLake Medallion/data/landing/_reference/geolocation.parquet,_reference
80310,-25.464029318048183,-49.30472794690424,curitiba,PR,2016-01-01 00:00:00.000000,2026-08-27T05:17:09.287600+00:00,D:/D drive recovery/Shiva JH/Projects/OneLake Medallion/data/landing/_reference/geolocation.parquet,_reference
80530,-25.416081670552245,-49.27138010975827,curitiba,PR,2016-01-01 00:00:00.000000,2026-08-27T05:17:09.287600+00:00,D:/D drive recovery/Shiva JH/Projects/OneLake Medallion/data/landing/_reference/geolocation.parquet,_reference
01046,-23.54608112703553,-46.64482029837157,sao paulo,SP,2016-01-01 00:00:00.000000,2026-08-27T05:17:09.287600+00:00,D:/D drive recovery/Shiva JH/Projects/OneLake Medallion/data/landing/_reference/geolocation.parquet,_reference
01424,-23.56816235942637,-46.66117892867444,sao paulo,SP,2016-01-01 00:00:00.000000,2026-08-27T05:17:09.287600+00:00,D:/D drive recovery/Shiva JH/Projects/OneLake Medallion/data/landing/_reference/geolocation.parquet,_reference
02022,-23.50623786745398,-46.64043238758518,são paulo,SP,2016-01-01 00:00:00.000000,2026-08-27T05:17:09.287600+00:00,D:/D drive recovery/Shiva JH/Projects/OneLake Medallion/data/landing/_reference/geolocation.parquet,_reference
02470,-23.48415445322872,-46.64868009824575,sao paulo,SP,2016-01-01 00:00:00.000000,2026-08-27T05:17:09.287600+00:00,D:/D drive recovery/Shiva JH/Projects/OneLake Medallion/data/landing/_reference/geolocation.parquet,_reference
02534,-23.496199082434053,-46.65484326395059,sao paulo,SP,2016-01-01 00:00:00.000000,2026-08-27T05:17:09.287600+00:00,D:/D drive recovery/Shiva JH/Projects/OneLake Medallion/data/landing/_reference/geolocation.parquet,_reference
02611,-23.46658982202164,-46.63928171838316,sao paulo,SP,2016-01-01 00:00:00.000000,2026-08-27T05:17:09.287600+00:00,D:/D drive recovery/Shiva JH/Projects/OneLake Medallion/data/landing/_reference/geolocation.parquet,_reference
02616,-23.466439467107183,-46.655328676669086,sao paulo,SP,2016-01-01 00:00:00.000000,2026-08-27T05:17:09.287600+00:00,D:/D drive recovery/Shiva JH/Projects/OneLake Medallion/data/landing/_reference/geolocation.parquet,_reference
02945,-23.481485622444325,-46.72708334618101,sao paulo,SP,2016-01-01 00:00:00.000000,2026-08-27T05:17:09.287600+00:00,D:/D drive recovery/Shiva JH/Projects/OneLake Medallion/data/landing/_reference/geolocation.parquet,_reference
03186,-23.567258514570952,-46.58312233236194,sao paulo,SP,2016-01-01 00:00:00.000000,2026-08-27T05:17:09.287600+00:00,D:/D drive recovery/Shiva JH/Projects/OneLake Medallion/data/landing/_reference/geolocation.parquet,_reference
03805,-23.50476277629982,-46.4783326666571,sao paulo,SP,2016-01-01 00:00:00.000000,2026-08-27T05:17:09.287600+00:00,D:/D drive recovery/Shiva JH/Projects/OneLake Medallion/data/landing/_reference/geolocation.parquet,_reference
04027,-23.60016316457964,-46.652489716631024,sao paulo,SP,2016-01-01 00:00:00.000000,2026-08-27T05:17:09.287600+00:00,D:/D drive recovery/Shiva JH/Projects/OneLake Medallion/data/landing/_reference/geolocation.parquet,_reference
04109,-23.57525436105025,-46.6323139083399,sao paulo,SP,2016-01-01 00:00:00.000000,2026-08-27T05:17:09.287600+00:00,D:/D drive recovery/Shiva JH/Projects/OneLake Medallion/data/landing/_reference/geolocation.parquet,_reference
04273,-23.612052666446743,-46.60783466642034,sao paulo,SP,2016-01-01 00:00:00.000000,2026-08-27T05:17:09.287600+00:00,D:/D drive recovery/Shiva JH/Projects/OneLake Medallion/data/landing/_reference/geolocation.parquet,_reference
04361,-23.6442788484621,-46.66304850360666,sao paulo,SP,2016-01-01 00:00:00.000000,2026-08-27T05:17:09.287600+00:00,D:/D drive recovery/Shiva JH/Projects/OneLake Medallion/data/landing/_reference/geolocation.parquet,_reference
04515,-23.60379022835195,-46.66292850756688,sao paulo,SP,2016-01-01 00:00:00.000000,2026-08-27T05:17:09.287600+00:00,D:/D drive recovery/Shiva JH/Projects/OneLake Medallion/data/landing/_reference/geolocation.parquet,_reference
04548,-23.59899552233257,-46.68358067332223,sao paulo,SP,2016-01-01 00:00:00.000000,2026-08-27T05:17:09.287600+00:00,D:/D drive recovery/Shiva JH/Projects/OneLake Medallion/data/landing/_reference/geolocation.parquet,_reference
04578,-23.6078791159401,-46.697296937298105,sao paulo,SP,2016-01-01 00:00:00.000000,2026-08-27T05:17:09.287600+00:00,D:/D drive recovery/Shiva JH/Projects/OneLake Medallion/data/landing/_reference/geolocation.parquet,_reference
04631,-23.632892237261945,-46.66113040804333,são paulo,SP,2016-01-01 00:00:00.000000,2026-08-27T05:17:09.287600+00:00,D:/D drive recovery/Shiva JH/Projects/OneLake Medallion/data/landing/_reference/geolocation.parquet,_reference
04915,-23.68225483596861,-46.75069807299899,sao paulo,SP,2016-01-01 00:00:00.000000,2026-08-27T05:17:09.287600+00:00,D:/D drive recovery/Shiva JH/Projects/OneLake Medallion/data/landing/_reference/geolocation.parquet,_reference
05073,-23.52273596502971,-46.70539610713254,sao paulo,SP,2016-01-01 00:00:00.000000,2026-08-27T05:17:09.287600+00:00,D:/D drive recovery/Shiva JH/Projects/OneLake Medallion/data/landing/_reference/geolocation.parquet,_reference
05077,-23.52347554731954,-46.70671259547578,são paulo,SP,2016-01-01 00:00:00.000000,2026-08-27T05:17:09.287600+00:00,D:/D drive recovery/Shiva JH/Projects/OneLake Medallion/data/landing/_reference/geolocation.parquet,_reference
05588,-23.575745041924048,-46.74085825118136,sao paulo,SP,2016-01-01 00:00:00.000000,2026-08-27T05:17:09.287600+00:00,D:/D drive recovery/Shiva JH/Projects/OneLake Medallion/data/landing/_reference/geolocation.parquet,_reference
06060,-23.552456794881493,-46.78012559033992,osasco,SP,2016-01-01 00:00:00.000000,2026-08-27T05:17:09.287600+00:00,D:/D drive recovery/Shiva JH/Projects/OneLake Medallion/data/landing/_reference/geolocation.parquet,_reference
06293,-23.51370773310217,-46.76080881901822,osasco,SP,2016-01-01 00:00:00.000000,2026-08-27T05:17:09.287600+00:00,D:/D drive recovery/Shiva JH/Projects/OneLake Medallion/data/landing/_reference/geolocation.parquet,_reference
06420,-23.507324736473898,-46.88916151453831,barueri,SP,2016-01-01 00:00:00.000000,2026-08-27T05:17:09.287600+00:00,D:/D drive recovery/Shiva JH/Projects/OneLake Medallion/data/landing/_reference/geolocation.parquet,_reference
07022,-23.47051826894223,-46.54117617707312,guarulhos,SP,2016-01-01 00:00:00.000000,2026-08-27T05:17:09.287600+00:00,D:/D drive recovery/Shiva JH/Projects/OneLake Medallion/data/landing/_reference/geolocation.parquet,_reference
40414,-12.930698659851792,-38.5116351189626,salvador,BA,2016-01-01 00:00:00.000000,2026-08-27T05:17:09.287600+00:00,D:/D drive recovery/Shiva JH/Projects/OneLake Medallion/data/landing/_reference/geolocation.parquet,_reference
41815,-12.995364688037398,-38.46204192783773,salvador,BA,2016-01-01 00:00:00.000000,2026-08-27T05:17:09.287600+00:00,D:/D drive recovery/Shiva JH/Projects/OneLake Medallion/data/landing/_reference/geolocation.parquet,_reference
57025,-9.66093139295328,-35.72371047723787,maceio,AL,2016-01-01 00:00:00.000000,2026-08-27T05:17:09.287600+00:00,D:/D drive recovery/Shiva JH/Projects/OneLake Medallion/data/landing/_reference/geolocation.parquet,_reference
58200,-6.852396675699216,-35.501359927112055,guarabira,PB,2016-01-01 00:00:00.000000,2026-08-27T05:17:09.287600+00:00,D:/D drive recovery/Shiva JH/Projects/OneLake Medallion/data/landing/_reference/geolocation.parquet,_reference
60416,-3.759325138828358,-38.549746624702095,fortaleza,CE,2016-01-01 00:00:00.000000,2026-08-27T05:17:09.287600+00:00,D:/D drive recovery/Shiva JH/Projects/OneLake Medallion/data/landing/_reference/geolocation.parquet,_reference
64630,-6.943564826457115,-41.32325130440952,bocaina,PI,2016-01-01 00:00:00.000000,2026-08-27T05:17:09.287600+00:00,D:/D drive recovery/Shiva JH/Projects/OneLake Medallion/data/landing/_reference/geolocation.parquet,_reference
65085,-2.5354030444053475,-44.32902966902305,sao luis,MA,2016-01-01 00:00:00.000000,2026-08-27T05:17:09.287600+00:00,D:/D drive recovery/Shiva JH/Projects/OneLake Medallion/data/landing/_reference/geolocation.parquet,_reference
68010,-2.430545326178589,-54.71156922393909,santarem,PA,2016-01-01 00:00:00.000000,2026-08-27T05:17:09.287600+00:00,D:/D drive recovery/Shiva JH/Projects/OneLake Medallion/data/landing/_reference/geolocation.parquet,_reference
70070,-15.788869942812711,-47.891651009146585,brasília,DF,2016-01-01 00:00:00.000000,2026-08-27T05:17:09.287600+00:00,D:/D drive recovery/Shiva JH/Projects/OneLake Medallion/data/landing/_reference/geolocation.parquet,_reference
70236,-15.807775499999993,-47.88551250000001,brasilia,DF,2016-01-01 00:00:00.000000,2026-08-27T05:17:09.287600+00:00,D:/D drive recovery/Shiva JH/Projects/OneLake Medallion/data/landing/_reference/geolocation.parquet,_reference
71825,-15.886620476289508,-48.01443185354944,brasília,DF,2016-01-01 00:00:00.000000,2026-08-27T05:17:09.287600+00:00,D:/D drive recovery/Shiva JH/Projects/OneLake Medallion/data/landing/_reference/geolocation.parquet,_reference
71940,-15.847924500000005,-47.923812,brasilia,DF,2016-01-01 00:00:00.000000,2026-08-27T05:17:09.287600+00:00,D:/D drive recovery/Shiva JH/Projects/OneLake Medallion/data/landing/_reference/geolocation.parquet,_reference
73980,-14.562437251782914,-46.17054561638045,damianopolis,GO,2016-01-01 00:00:00.000000,2026-08-27T05:17:09.287600+00:00,D:/D drive recovery/Shiva JH/Projects/OneLake Medallion/data/landing/_reference/geolocation.parquet,_reference
74367,-16.70924822674422,-49.3260131269197,goiania,GO,2016-01-01 00:00:00.000000,2026-08-27T05:17:09.287600+00:00,D:/D drive recovery/Shiva JH/Projects/OneLake Medallion/data/landing/_reference/geolocation.parquet,_reference
78050,-15.58027272133767,-56.0650519526469,cuiaba,MT,2016-01-01 00:00:00.000000,2026-08-27T05:17:09.287600+00:00,D:/D drive recovery/Shiva JH/Projects/OneLake Medallion/data/landing/_reference/geolocation.parquet,_reference
80240,-25.453155877315545,-49.2850395992267,curitiba,PR,2016-01-01 00:00:00.000000,2026-08-27T05:17:09.287600+00:00,D:/D drive recovery/Shiva JH/Projects/OneLake Medallion/data/landing/_reference/geolocation.parquet,_reference
81580,-25.489392937858792,-49.22681815081503,curitiba,PR,2016-01-01 00:00:00.000000,2026-08-27T05:17:09.287600+00:00,D:/D drive recovery/Shiva JH/Projects/OneLake Medallion/data/landing/_reference/geolocation.parquet,_reference
83020,-25.550486998908475,-49.18996687114555,sao jose dos pinhais,PR,2016-01-01 00:00:00.000000,2026-08-27T05:17:09.287600+00:00,D:/D drive recovery/Shiva JH/Projects/OneLake Medallion/data/landing/_reference/geolocation.parquet,_reference
83221,-25.516713753654106,-48.539559843604536,paranagua,PR,2016-01-01 00:00:00.000000,2026-08-27T05:17:09.287600+00:00,D:/D drive recovery/Shiva JH/Projects/OneLake Medallion/data/landing/_reference/geolocation.parquet,_reference
85045,-25.35863541191045,-51.48439888213432,guarapuava,PR,2016-01-01 00:00:00.000000,2026-08-27T05:17:09.287600+00:00,D:/D drive recovery/Shiva JH/Projects/OneLake Medallion/data/landing/_reference/geolocation.parquet,_reference
85555,-26.48257236390896,-51.9929615275,palmas,PR,2016-01-01 00:00:00.000000,2026-08-27T05:17:09.287600+00:00,D:/D drive recovery/Shiva JH/Projects/OneLake Medallion/data/landing/_reference/geolocation.parquet,_reference
85863,-25.52742965797669,-54.57570382833004,foz do iguacu,PR,2016-01-01 00:00:00.000000,2026-08-27T05:17:09.287600+00:00,D:/D drive recovery/Shiva JH/Projects/OneLake Medallion/data/landing/_reference/geolocation.parquet,_reference
86047,-23.35069393173468,-51.16308555117244,londrina,PR,2016-01-01 00:00:00.000000,2026-08-27T05:17:09.287600+00:00,D:/D drive recovery/Shiva JH/Projects/OneLake Medallion/data/landing/_reference/geolocation.parquet,_reference
86088,-23.25839473839377,-51.14718973839378,londrina,PR,2016-01-01 00:00:00.000000,2026-08-27T05:17:09.287600+00:00,D:/D drive recovery/Shiva JH/Projects/OneLake Medallion/data/landing/_reference/geolocation.parquet,_reference
09920,-23.68008452677597,-46.62410537301638,diadema,SP,2016-01-01 00:00:00.000000,2026-08-27T05:17:09.287600+00:00,D:/D drive recovery/Shiva JH/Projects/OneLake Medallion/data/landing/_reference/geolocation.parquet,_reference
11010,-23.93465945090488,-46.331065142884974,santos,SP,2016-01-01 00:00:00.000000,2026-08-27T05:17:09.287600+00:00,D:/D drive recovery/Shiva JH/Projects/OneLake Medallion/data/landing/_reference/geolocation.parquet,_reference
12233,-23.23724961587513,-45.88082955926476,sao jose dos campos,SP,2016-01-01 00:00:00.000000,2026-08-27T05:17:09.287600+00:00,D:/D drive recovery/Shiva JH/Projects/OneLake Medallion/data/landing/_reference/geolocation.parquet,_reference
12246,-23.221587583126546,-45.90665169219235,sao jose dos campos,SP,2016-01-01 00:00:00.000000,2026-08-27T05:17:09.287600+00:00,D:/D drive recovery/Shiva JH/Projects/OneLake Medallion/data/landing/_reference/geolocation.parquet,_reference
12250,-22.95509862070524,-45.83913429830113,monteiro lobato,SP,2016-01-01 00:00:00.000000,2026-08-27T05:17:09.287600+00:00,D:/D drive recovery/Shiva JH/Projects/OneLake Medallion/data/landing/_reference/geolocation.parquet,_reference
12311,-23.28326930202073,-45.93940500233161,jacarei,SP,2016-01-01 00:00:00.000000,2026-08-27T05:17:09.287600+00:00,D:/D drive recovery/Shiva JH/Projects/OneLake Medallion/data/landing/_reference/geolocation.parquet,_reference
12441,-22.91967856350281,-45.3648975854866,pindamonhangaba,SP,2016-01-01 00:00:00.000000,2026-08-27T05:17:09.287600+00:00,D:/D drive recovery/Shiva JH/Projects/OneLake Medallion/data/landing/_reference/geolocation.parquet,_reference
12906,-22.939263132823072,-46.54961439189855,braganca paulista,SP,2016-01-01 00:00:00.000000,2026-08-27T05:17:09.287600+00:00,D:/D drive recovery/Shiva JH/Projects/OneLake Medallion/data/landing/_reference/geolocation.parquet,_reference
12917,-22.982083697711065,-46.54603041908749,braganca paulista,SP,2016-01-01 00:00:00.000000,2026-08-27T05:17:09.287600+00:00,D:/D drive recovery/Shiva JH/Projects/OneLake Medallion/data/landing/_reference/geolocation.parquet,_reference
13041,-22.918847731057767,-47.06281340077329,campinas,SP,2016-01-01 00:00:00.000000,2026-08-27T05:17:09.287600+00:00,D:/D drive recovery/Shiva JH/Projects/OneLake Medallion/data/landing/_reference/geolocation.parquet,_reference
13053,-23.042523405216706,-47.13296873550117,campinas,SP,2016-01-01 00:00:00.000000,2026-08-27T05:17:09.287600+00:00,D:/D drive recovery/Shiva JH/Projects/OneLake Medallion/data/landing/_reference/geolocation.parquet,_reference
13070,-22.895876357204664,-47.0791850342778,campinas,SP,2016-01-01 00:00:00.000000,2026-08-27T05:17:09.287600+00:00,D:/D drive recovery/Shiva JH/Projects/OneLake Medallion/data/landing/_reference/geolocation.parquet,_reference
13083,-22.818264193382173,-47.07656264438241,campinas,SP,2016-01-01 00:00:00.000000,2026-08-27T05:17:09.287600+00:00,D:/D drive recovery/Shiva JH/Projects/OneLake Medallion/data/landing/_reference/geolocation.parquet,_reference
13101,-22.90081444463038,-46.99864279239999,campinas,SP,2016-01-01 00:00:00.000000,2026-08-27T05:17:09.287600+00:00,D:/D drive recovery/Shiva JH/Projects/OneLake Medallion/data/landing/_reference/geolocation.parquet,_reference
13147,-22.733134362183417,-47.14026536262738,paulínia,SP,2016-01-01 00:00:00.000000,2026-08-27T05:17:09.287600+00:00,D:/D drive recovery/Shiva JH/Projects/OneLake Medallion/data/landing/_reference/geolocation.parquet,_reference
13360,-23.0122137105142,-47.52203973160603,capivari,SP,2016-01-01 00:00:00.000000,2026-08-27T05:17:09.287600+00:00,D:/D drive recovery/Shiva JH/Projects/OneLake Medallion/data/landing/_reference/geolocation.parquet,_reference
13418,-22.72880404359728,-47.63173831975289,piracicaba,SP,2016-01-01 00:00:00.000000,2026-08-27T05:17:09.287600+00:00,D:/D drive recovery/Shiva JH/Projects/OneLake Medallion/data/landing/_reference/geolocation.parquet,_reference
44700,-11.1853901569017,-40.52296210476496,jacobina,BA,2016-01-01 00:00:00.000000,2026-08-27T05:17:09.287600+00:00,D:/D drive recovery/Shiva JH/Projects/OneLake Medallion/data/landing/_reference/geolocation.parquet,_reference
45745,-14.866156912592125,-39.59667070156813,ibicaraí,BA,2016-01-01 00:00:00.000000,2026-08-27T05:17:09.287600+00:00,D:/D drive recovery/Shiva JH/Projects/OneLake Medallion/data/landing/_reference/geolocation.parquet,_reference
51021,-8.124466128224375,-34.896920107276785,recife,PE,2016-01-01 00:00:00.000000,2026-08-27T05:17:09.287600+00:00,D:/D drive recovery/Shiva JH/Projects/OneLake Medallion/data/landing/_reference/geolocation.parquet,_reference
53080,-7.963940762550379,-34.85381153653876,olinda,PE,2016-01-01 00:00:00.000000,2026-08-27T05:17:09.287600+00:00,D:/D drive recovery/Shiva JH/Projects/OneLake Medallion/data/landing/_reference/geolocation.parquet,_reference
53150,-7.964644148767938,-34.83733748375561,olinda,PE,2016-01-01 00:00:00.000000,2026-08-27T05:17:09.287600+00:00,D:/D drive recovery/Shiva JH/Projects/OneLake Medallion/data/landing/_reference/geolocation.parquet,_reference
55825,-7.904779867143789,-35.174273038602806,paudalho,PE,2016-01-01 00:00:00.000000,2026-08-27T05:17:09.287600+00:00,D:/D drive recovery/Shiva JH/Projects/OneLake Medallion/data/landing/_reference/geolocation.parquet,_reference
56170,-8.615280733073755,-39.60360163194611,oroco,PE,2016-01-01 00:00:00.000000,2026-08-27T05:17:09.287600+00:00,D:/D drive recovery/Shiva JH/Projects/OneLake Medallion/data/landing/_reference/geolocation.parquet,_reference
58037,-7.09075180297714,-34.83692990306102,joao pessoa,PB,2016-01-01 00:00:00.000000,2026-08-27T05:17:09.287600+00:00,D:/D drive recovery/Shiva JH/Projects/OneLake Medallion/data/landing/_reference/geolocation.parquet,_reference
60421,-3.767937338882806,-38.553789295169935,fortaleza,CE,2016-01-01 00:00:00.000000,2026-08-27T05:17:09.287600+00:00,D:/D drive recovery/Shiva JH/Projects/OneLake Medallion/data/landing/_reference/geolocation.parquet,_reference
60710,-3.7842759969082578,-38.56887888574012,fortaleza,CE,2016-01-01 00:00:00.000000,2026-08-27T05:17:09.287600+00:00,D:/D drive recovery/Shiva JH/Projects/OneLake Medallion/data/landing/_reference/geolocation.parquet,_reference
65063,-2.5335202062172346,-44.23732857973366,sao luis,MA,2016-01-01 00:00:00.000000,2026-08-27T05:17:09.287600+00:00,D:/D drive recovery/Shiva JH/Projects/OneLake Medallion/data/landing/_reference/geolocation.parquet,_reference
65066,-2.5070346576439486,-44.21214992867017,sao luis,MA,2016-01-01 00:00:00.000000,2026-08-27T05:17:09.287600+00:00,D:/D drive recovery/Shiva JH/Projects/OneLake Medallion/data/landing/_reference/geolocation.parquet,_reference
65215,-3.2173215699307445,-45.00224669748535,viana,MA,2016-01-01 00:00:00.000000,2026-08-27T05:17:09.287600+00:00,D:/D drive recovery/Shiva JH/Projects/OneLake Medallion/data/landing/_reference/geolocation.parquet,_reference
69317,2.8106639999999974,-60.77373299999999,boa vista,RR,2016-01-01 00:00:00.000000,2026-08-27T05:17:09.287600+00:00,D:/D drive recovery/Shiva JH/Projects/OneLake Medallion/data/landing/_reference/geolocation.parquet,_reference
70255,-15.818012473729848,-47.89375379732962,brasilia,DF,2016-01-01 00:00:00.000000,2026-08-27T05:17:09.287600+00:00,D:/D drive recovery/Shiva JH/Projects/OneLake Medallion/data/landing/_reference/geolocation.parquet,_reference
71725,-15.850759033259534,-47.95077491530392,brasilia,DF,2016-01-01 00:00:00.000000,2026-08-27T05:17:09.287600+00:00,D:/D drive recovery/Shiva JH/Projects/OneLake Medallion/data/landing/_reference/geolocation.parquet,_reference
72914,-15.734473643068489,-48.25735363746342,águas lindas de goiás,GO,2016-01-01 00:00:00.000000,2026-08-27T05:17:09.287600+00:00,D:/D drive recovery/Shiva JH/Projects/OneLake Medallion/data/landing/_reference/geolocation.parquet,_reference
74160,-16.696446874943895,-49.26452440440847,goiania,GO,2016-01-01 00:00:00.000000,2026-08-27T05:17:09.287600+00:00,D:/D drive recovery/Shiva JH/Projects/OneLake Medallion/data/landing/_reference/geolocation.parquet,_reference
76180,-16.57708557028883,-49.88323442971115,nazario,GO,2016-01-01 00:00:00.000000,2026-08-27T05:17:09.287600+00:00,D:/D drive recovery/Shiva JH/Projects/OneLake Medallion/data/landing/_reference/geolocation.parquet,_reference
77600,-10.191748753006411,-48.890430061644416,paraiso do tocantins,TO,2016-01-01 00:00:00.000000,2026-08-27T05:17:09.287600+00:00,D:/D drive recovery/Shiva JH/Projects/OneLake Medallion/data/landing/_reference/geolocation.parquet,_reference
78088,-15.629663558124095,-56.01725427665138,cuiabá,MT,2016-01-01 00:00:00.000000,2026-08-27T05:17:09.287600+00:00,D:/D drive recovery/Shiva JH/Projects/OneLake Medallion/data/landing/_reference/geolocation.parquet,_reference
78740,-16.478957116567617,-54.61738314210284,rondonopolis,MT,2016-01-01 00:00:00.000000,2026-08-27T05:17:09.287600+00:00,D:/D drive recovery/Shiva JH/Projects/OneLake Medallion/data/landing/_reference/geolocation.parquet,_reference
79021,-20.457187933089184,-54.59103898917996,campo grande,MS,2016-01-01 00:00:00.000000,2026-08-27T05:17:09.287600+00:00,D:/D drive recovery/Shiva JH/Projects/OneLake Medallion/data/landing/_reference/geolocation.parquet,_reference
79091,-20.492602523169296,-54.67093026144041,campo grande,MS,2016-01-01 00:00:00.000000,2026-08-27T05:17:09.287600+00:00,D:/D drive recovery/Shiva JH/Projects/OneLake Medallion/data/landing/_reference/geolocation.parquet,_reference
81050,-25.49503825145709,-49.29960146295223,curitiba,PR,2016-01-01 00:00:00.000000,2026-08-27T05:17:09.287600+00:00,D:/D drive recovery/Shiva JH/Projects/OneLake Medallion/data/landing/_reference/geolocation.parquet,_reference
81110,-25.508277204459347,-49.29377559970583,curitiba,PR,2016-01-01 00:00:00.000000,2026-08-27T05:17:09.287600+00:00,D:/D drive recovery/Shiva JH/Projects/OneLake Medallion/data/landing/_reference/geolocation.parquet,_reference
01212,-23.537511255832708,-46.63705730743676,são paulo,SP,2016-01-01 00:00:00.000000,2026-08-27T05:17:09.287600+00:00,D:/D drive recovery/Shiva JH/Projects/OneLake Medallion/data/landing/_reference/geolocation.parquet,_reference
01420,-23.56851813765943,-46.65191532569683,sao paulo,SP,2016-01-01 00:00:00.000000,2026-08-27T05:17:09.287600+00:00,D:/D drive recovery/Shiva JH/Projects/OneLake Medallion/data/landing/_reference/geolocation.parquet,_reference
01526,-23.56690212960936,-46.6300592031566,sao paulo,SP,2016-01-01 00:00:00.000000,2026-08-27T05:17:09.287600+00:00,D:/D drive recovery/Shiva JH/Projects/OneLake Medallion/data/landing/_reference/geolocation.parquet,_reference
02043,-23.490223040798668,-46.61732558589649,sao paulo,SP,2016-01-01 00:00:00.000000,2026-08-27T05:17:09.287600+00:00,D:/D drive recovery/Shiva JH/Projects/OneLake Medallion/data/landing/_reference/geolocation.parquet,_reference
03119,-23.565007770471446,-46.59221667554392,sao paulo,SP,2016-01-01 00:00:00.000000,2026-08-27T05:17:09.287600+00:00,D:/D drive recovery/Shiva JH/Projects/OneLake Medallion/data/landing/_reference/geolocation.parquet,_reference
03152,-23.59347283236194,-46.58096227990652,sao paulo,SP,2016-01-01 00:00:00.000000,2026-08-27T05:17:09.287600+00:00,D:/D drive recovery/Shiva JH/Projects/OneLake Medallion/data/landing/_reference/geolocation.parquet,_reference
03178,-23.554916386036595,-46.58753971742252,sao paulo,SP,2016-01-01 00:00:00.000000,2026-08-27T05:17:09.287600+00:00,D:/D drive recovery/Shiva JH/Projects/OneLake Medallion/data/landing/_reference/geolocation.parquet,_reference
03267,-23.60047874049282,-46.528888809048425,sao paulo,SP,2016-01-01 00:00:00.000000,2026-08-27T05:17:09.287600+00:00,D:/D drive recovery/Shiva JH/Projects/OneLake Medallion/data/landing/_reference/geolocation.parquet,_reference
03377,-23.572487147931216,-46.540869867476445,sao paulo,SP,2016-01-01 00:00:00.000000,2026-08-27T05:17:09.287600+00:00,D:/D drive recovery/Shiva JH/Projects/OneLake Medallion/data/landing/_reference/geolocation.parquet,_reference
03384,-23.577331924231043,-46.52378966985975,sao paulo,SP,2016-01-01 00:00:00.000000,2026-08-27T05:17:09.287600+00:00,D:/D drive recovery/Shiva JH/Projects/OneLake Medallion/data/landing/_reference/geolocation.parquet,_reference
03431,-23.554133203993324,-46.53048959908248,sao paulo,SP,2016-01-01 00:00:00.000000,2026-08-27T05:17:09.287600+00:00,D:/D drive recovery/Shiva JH/Projects/OneLake Medallion/data/landing/_reference/geolocation.parquet,_reference
03655,-23.525590588954923,-46.5123943709389,sao paulo,SP,2016-01-01 00:00:00.000000,2026-08-27T05:17:09.287600+00:00,D:/D drive recovery/Shiva JH/Projects/OneLake Medallion/data/landing/_reference/geolocation.parquet,_reference
03687,-23.52708556014044,-46.48845525464763,sao paulo,SP,2016-01-01 00:00:00.000000,2026-08-27T05:17:09.287600+00:00,D:/D drive recovery/Shiva JH/Projects/OneLake Medallion/data/landing/_reference/geolocation.parquet,_reference
03818,-23.5013023647864,-46.49209740168673,sao paulo,SP,2016-01-01 00:00:00.000000,2026-08-27T05:17:09.287600+00:00,D:/D drive recovery/Shiva JH/Projects/OneLake Medallion/data/landing/_reference/geolocation.parquet,_reference
03820,-23.49360109019567,-46.50247661157595,sao paulo,SP,2016-01-01 00:00:00.000000,2026-08-27T05:17:09.287600+00:00,D:/D drive recovery/Shiva JH/Projects/OneLake Medallion/data/landing/_reference/geolocation.parquet,_reference
04004,-23.57165583150985,-46.6444768780869,sao paulo,SP,2016-01-01 00:00:00.000000,2026-08-27T05:17:09.287600+00:00,D:/D drive recovery/Shiva JH/Projects/OneLake Medallion/data/landing/_reference/geolocation.parquet,_reference
04142,-23.611654194010004,-46.63258761587511,sao paulo,SP,2016-01-01 00:00:00.000000,2026-08-27T05:17:09.287600+00:00,D:/D drive recovery/Shiva JH/Projects/OneLake Medallion/data/landing/_reference/geolocation.parquet,_reference
04204,-23.58226254868028,-46.605851426988906,sao paulo,SP,2016-01-01 00:00:00.000000,2026-08-27T05:17:09.287600+00:00,D:/D drive recovery/Shiva JH/Projects/OneLake Medallion/data/landing/_reference/geolocation.parquet,_reference
04208,-23.598425210658437,-46.60068133236194,são paulo,SP,2016-01-01 00:00:00.000000,2026-08-27T05:17:09.287600+00:00,D:/D drive recovery/Shiva JH/Projects/OneLake Medallion/data/landing/_reference/geolocation.parquet,_reference
04719,-23.633015143776277,-46.70610495351717,sao paulo,SP,2016-01-01 00:00:00.000000,2026-08-27T05:17:09.287600+00:00,D:/D drive recovery/Shiva JH/Projects/OneLake Medallion/data/landing/_reference/geolocation.parquet,_reference
04963,-23.74944115770563,-46.781471657705616,sao paulo,SP,2016-01-01 00:00:00.000000,2026-08-27T05:17:09.287600+00:00,D:/D drive recovery/Shiva JH/Projects/OneLake Medallion/data/landing/_reference/geolocation.parquet,_reference
05361,-23.564556880373964,-46.74788683028447,sao paulo,SP,2016-01-01 00:00:00.000000,2026-08-27T05:17:09.287600+00:00,D:/D drive recovery/Shiva JH/Projects/OneLake Medallion/data/landing/_reference/geolocation.parquet,_reference
05685,-23.60842233527613,-46.70497567929482,sao paulo,SP,2016-01-01 00:00:00.000000,2026-08-27T05:17:09.287600+00:00,D:/D drive recovery/Shiva JH/Projects/OneLake Medallion/data/landing/_reference/geolocation.parquet,_reference
05734,-23.62615314929649,-46.74691974117254,sao paulo,SP,2016-01-01 00:00:00.000000,2026-08-27T05:17:09.287600+00:00,D:/D drive recovery/Shiva JH/Projects/OneLake Medallion/data/landing/_reference/geolocation.parquet,_reference
06422,-23.518515212070696,-46.89450998264022,barueri,SP,2016-01-01 00:00:00.000000,2026-08-27T05:17:09.287600+00:00,D:/D drive recovery/Shiva JH/Projects/OneLake Medallion/data/landing/_reference/geolocation.parquet,_reference
06462,-23.483826206996675,-46.8044683128608,barueri,SP,2016-01-01 00:00:00.000000,2026-08-27T05:17:09.287600+00:00,D:/D drive recovery/Shiva JH/Projects/OneLake Medallion/data/landing/_reference/geolocation.parquet,_reference
06540,-23.459411068853967,-46.88173488861396,santana de parnaíba,SP,2016-01-01 00:00:00.000000,2026-08-27T05:17:09.287600+00:00,D:/D drive recovery/Shiva JH/Projects/OneLake Medallion/data/landing/_reference/geolocation.parquet,_reference
31520,-19.815697665012323,-43.9753305807606,belo horizonte,MG,2016-01-01 00:00:00.000000,2026-08-27T05:17:09.287600+00:00,D:/D drive recovery/Shiva JH/Projects/OneLake Medallion/data/landing/_reference/geolocation.parquet,_reference
31910,-19.865544862340563,-43.92052843242536,belo horizonte,MG,2016-01-01 00:00:00.000000,2026-08-27T05:17:09.287600+00:00,D:/D drive recovery/Shiva JH/Projects/OneLake Medallion/data/landing/_reference/geolocation.parquet,_reference
32240,-19.973247970932068,-44.04300362581713,contagem,MG,2016-01-01 00:00:00.000000,2026-08-27T05:17:09.287600+00:00,D:/D drive recovery/Shiva JH/Projects/OneLake Medallion/data/landing/_reference/geolocation.parquet,_reference
34006,-19.984916225972547,-43.94683283226102,nova lima,MG,2016-01-01 00:00:00.000000,2026-08-27T05:17:09.287600+00:00,D:/D drive recovery/Shiva JH/Projects/OneLake Medallion/data/landing/_reference/geolocation.parquet,_reference
35370,-20.22462248291417,-42.64359330418742,rio casca,MG,2016-01-01 00:00:00.000000,2026-08-27T05:17:09.287600+00:00,D:/D drive recovery/Shiva JH/Projects/OneLake Medallion/data/landing/_reference/geolocation.parquet,_reference
35590,-20.022568491315106,-45.54469897672237,lagoa da prata,MG,2016-01-01 00:00:00.000000,2026-08-27T05:17:09.287600+00:00,D:/D drive recovery/Shiva JH/Projects/OneLake Medallion/data/landing/_reference/geolocation.parquet,_reference
35740,-19.80187464917277,-44.151302150264485,esmeraldas,MG,2016-01-01 00:00:00.000000,2026-08-27T05:17:09.287600+00:00,D:/D drive recovery/Shiva JH/Projects/OneLake Medallion/data/landing/_reference/geolocation.parquet,_reference
35900,-19.63165621067063,-43.212335433135365,itabira,MG,2016-01-01 00:00:00.000000,2026-08-27T05:17:09.287600+00:00,D:/D drive recovery/Shiva JH/Projects/OneLake Medallion/data/landing/_reference/geolocation.parquet,_reference
13912,-22.69519743947204,-46.98949485879009,jaguariúna,SP,2016-01-01 00:00:00.000000,2026-08-27T05:17:09.287600+00:00,D:/D drive recovery/Shiva JH/Projects/OneLake Medallion/data/landing/_reference/geolocation.parquet,_reference
13973,-22.442208851962707,-46.80330221822877,itapira,SP,2016-01-01 00:00:00.000000,2026-08-27T05:17:09.287600+00:00,D:/D drive recovery/Shiva JH/Projects/OneLake Medallion/data/landing/_reference/geolocation.parquet,_reference
13995,-22.114437673288297,-46.68323861106905,santo antonio do jardim,SP,2016-01-01 00:00:00.000000,2026-08-27T05:17:09.287600+00:00,D:/D drive recovery/Shiva JH/Projects/OneLake Medallion/data/landing/_reference/geolocation.parquet,_reference
14085,-21.16850440882337,-47.79370519233655,ribeirao preto,SP,2016-01-01 00:00:00.000000,2026-08-27T05:17:09.287600+00:00,D:/D drive recovery/Shiva JH/Projects/OneLake Medallion/data/landing/_reference/geolocation.parquet,_reference
14091,-21.1894024299152,-47.79295570344507,ribeirao preto,SP,2016-01-01 00:00:00.000000,2026-08-27T05:17:09.287600+00:00,D:/D drive recovery/Shiva JH/Projects/OneLake Medallion/data/landing/_reference/geolocation.parquet,_reference
14610,-20.43102420974765,-48.01701483913844,ipua,SP,2016-01-01 00:00:00.000000,2026-08-27T05:17:09.287600+00:00,D:/D drive recovery/Shiva JH/Projects/OneLake Medallion/data/landing/_reference/geolocation.parquet,_reference
14840,-21.36235769739203,-48.232975701561735,guariba,SP,2016-01-01 00:00:00.000000,2026-08-27T05:17:09.287600+00:00,D:/D drive recovery/Shiva JH/Projects/OneLake Medallion/data/landing/_reference/geolocation.parquet,_reference
15115,-20.9245222402303,-49.45780155372428,bady bassitt,SP,2016-01-01 00:00:00.000000,2026-08-27T05:17:09.287600+00:00,D:/D drive recovery/Shiva JH/Projects/OneLake Medallion/data/landing/_reference/geolocation.parquet,_reference
15315,-20.51360405028399,-50.35206107551218,sao joao de iracema,SP,2016-01-01 00:00:00.000000,2026-08-27T05:17:09.287600+00:00,D:/D drive recovery/Shiva JH/Projects/OneLake Medallion/data/landing/_reference/geolocation.parquet,_reference
16304,-21.442124375537592,-50.07351408965658,penapolis,SP,2016-01-01 00:00:00.000000,2026-08-27T05:17:09.287600+00:00,D:/D drive recovery/Shiva JH/Projects/OneLake Medallion/data/landing/_reference/geolocation.parquet,_reference
16980,-21.03946776150677,-51.20923316938868,guaracai,SP,2016-01-01 00:00:00.000000,2026-08-27T05:17:09.287600+00:00,D:/D drive recovery/Shiva JH/Projects/OneLake Medallion/data/landing/_reference/geolocation.parquet,_reference
17580,-22.105021567709144,-50.1738866856198,pompeia,SP,2016-01-01 00:00:00.000000,2026-08-27T05:17:09.287600+00:00,D:/D drive recovery/Shiva JH/Projects/OneLake Medallion/data/landing/_reference/geolocation.parquet,_reference
18136,-23.56096330427244,-47.14802654049926,sao roque,SP,2016-01-01 00:00:00.000000,2026-08-27T05:17:09.287600+00:00,D:/D drive recovery/Shiva JH/Projects/OneLake Medallion/data/landing/_reference/geolocation.parquet,_reference
18240,-23.48382538174672,-48.42423504843037,angatuba,SP,2016-01-01 00:00:00.000000,2026-08-27T05:17:09.287600+00:00,D:/D drive recovery/Shiva JH/Projects/OneLake Medallion/data/landing/_reference/geolocation.parquet,_reference
20931,-22.8762700922574,-43.212925934543925,rio de janeiro,RJ,2016-01-01 00:00:00.000000,2026-08-27T05:17:09.287600+00:00,D:/D drive recovery/Shiva JH/Projects/OneLake Medallion/data/landing/_reference/geolocation.parquet,_reference
21210,-22.842290284753936,-43.29762071175495,rio de janeiro,RJ,2016-01-01 00:00:00.000000,2026-08-27T05:17:09.287600+00:00,D:/D drive recovery/Shiva JH/Projects/OneLake Medallion/data/landing/_reference/geolocation.parquet,_reference
21660,-22.842986588696125,-43.37442676618174,rio de janeiro,RJ,2016-01-01 00:00:00.000000,2026-08-27T05:17:09.287600+00:00,D:/D drive recovery/Shiva JH/Projects/OneLake Medallion/data/landing/_reference/geolocation.parquet,_reference
22060,-22.979317243407014,-43.19002892146109,rio de janeiro,RJ,2016-01-01 00:00:00.000000,2026-08-27T05:17:09.287600+00:00,D:/D drive recovery/Shiva JH/Projects/OneLake Medallion/data/landing/_reference/geolocation.parquet,_reference
13069,-22.852657306836655,-47.152038830439466,campinas,SP,2016-01-01 00:00:00.000000,2026-08-27T05:17:09.287600+00:00,D:/D drive recovery/Shiva JH/Projects/OneLake Medallion/data/landing/_reference/geolocation.parquet,_reference
13173,-22.79157326172888,-47.283156581597325,sumare,SP,2016-01-01 00:00:00.000000,2026-08-27T05:17:09.287600+00:00,D:/D drive recovery/Shiva JH/Projects/OneLake Medallion/data/landing/_reference/geolocation.parquet,_reference
13202,-23.19875051708111,-46.87230596404876,jundiai,SP,2016-01-01 00:00:00.000000,2026-08-27T05:17:09.287600+00:00,D:/D drive recovery/Shiva JH/Projects/OneLake Medallion/data/landing/_reference/geolocation.parquet,_reference
13221,-23.184985205666504,-46.82569758226659,varzea paulista,SP,2016-01-01 00:00:00.000000,2026-08-27T05:17:09.287600+00:00,D:/D drive recovery/Shiva JH/Projects/OneLake Medallion/data/landing/_reference/geolocation.parquet,_reference
13324,-23.20591698084141,-47.307845865803,salto,SP,2016-01-01 00:00:00.000000,2026-08-27T05:17:09.287600+00:00,D:/D drive recovery/Shiva JH/Projects/OneLake Medallion/data/landing/_reference/geolocation.parquet,_reference
13338,-23.089692080212355,-47.19608228864908,indaiatuba,SP,2016-01-01 00:00:00.000000,2026-08-27T05:17:09.287600+00:00,D:/D drive recovery/Shiva JH/Projects/OneLake Medallion/data/landing/_reference/geolocation.parquet,_reference
13423,-22.741294353655316,-47.59190415026848,piracicaba,SP,2016-01-01 00:00:00.000000,2026-08-27T05:17:09.287600+00:00,D:/D drive recovery/Shiva JH/Projects/OneLake Medallion/data/landing/_reference/geolocation.parquet,_reference
13486,-22.568907864569766,-47.37619564683011,limeira,SP,2016-01-01 00:00:00.000000,2026-08-27T05:17:09.287600+00:00,D:/D drive recovery/Shiva JH/Projects/OneLake Medallion/data/landing/_reference/geolocation.parquet,_reference
13500,-22.402133192076768,-47.56233402025511,rio claro,SP,2016-01-01 00:00:00.000000,2026-08-27T05:17:09.287600+00:00,D:/D drive recovery/Shiva JH/Projects/OneLake Medallion/data/landing/_reference/geolocation.parquet,_reference
13730,-21.46569907614626,-47.00475479474461,mococa,SP,2016-01-01 00:00:00.000000,2026-08-27T05:17:09.287600+00:00,D:/D drive recovery/Shiva JH/Projects/OneLake Medallion/data/landing/_reference/geolocation.parquet,_reference
13840,-22.359648157307664,-46.93603474635176,mogi-guacu,SP,2016-01-01 00:00:00.000000,2026-08-27T05:17:09.287600+00:00,D:/D drive recovery/Shiva JH/Projects/OneLake Medallion/data/landing/_reference/geolocation.parquet,_reference
14403,-20.54822779974972,-47.395897060007975,franca,SP,2016-01-01 00:00:00.000000,2026-08-27T05:17:09.287600+00:00,D:/D drive recovery/Shiva JH/Projects/OneLake Medallion/data/landing/_reference/geolocation.parquet,_reference
14808,-21.812698026371937,-48.15183966694556,araraquara,SP,2016-01-01 00:00:00.000000,2026-08-27T05:17:09.287600+00:00,D:/D drive recovery/Shiva JH/Projects/OneLake Medallion/data/landing/_reference/geolocation.parquet,_reference
14850,-21.36757068180344,-48.06270442872158,pradopolis,SP,2016-01-01 00:00:00.000000,2026-08-27T05:17:09.287600+00:00,D:/D drive recovery/Shiva JH/Projects/OneLake Medallion/data/landing/_reference/geolocation.parquet,_reference
15046,-20.77693393507797,-49.38713234157808,sao jose do rio preto,SP,2016-01-01 00:00:00.000000,2026-08-27T05:17:09.287600+00:00,D:/D drive recovery/Shiva JH/Projects/OneLake Medallion/data/landing/_reference/geolocation.parquet,_reference
15056,-20.77506553244082,-49.3482776590689,sao jose do rio preto,SP,2016-01-01 00:00:00.000000,2026-08-27T05:17:09.287600+00:00,D:/D drive recovery/Shiva JH/Projects/OneLake Medallion/data/landing/_reference/geolocation.parquet,_reference
35640,-19.227340532315704,-44.99019875716275,pompeu,MG,2016-01-01 00:00:00.000000,2026-08-27T05:17:09.287600+00:00,D:/D drive recovery/Shiva JH/Projects/OneLake Medallion/data/landing/_reference/geolocation.parquet,_reference
35680,-20.08212660423176,-44.5732983518722,itauna,MG,2016-01-01 00:00:00.000000,2026-08-27T05:17:09.287600+00:00,D:/D drive recovery/Shiva JH/Projects/OneLake Medallion/data/landing/_reference/geolocation.parquet,_reference
36052,-21.74279595920133,-43.34733210115995,juiz de fora,MG,2016-01-01 00:00:00.000000,2026-08-27T05:17:09.287600+00:00,D:/D drive recovery/Shiva JH/Projects/OneLake Medallion/data/landing/_reference/geolocation.parquet,_reference
36580,-20.65774684630748,-42.8538524129238,teixeiras,MG,2016-01-01 00:00:00.000000,2026-08-27T05:17:09.287600+00:00,D:/D drive recovery/Shiva JH/Projects/OneLake Medallion/data/landing/_reference/geolocation.parquet,_reference
37062,-21.576160565072307,-45.45221819062712,varginha,MG,2016-01-01 00:00:00.000000,2026-08-27T05:17:09.287600+00:00,D:/D drive recovery/Shiva JH/Projects/OneLake Medallion/data/landing/_reference/geolocation.parquet,_reference
37410,-21.69216794221008,-45.25804903964345,tres coracoes,MG,2016-01-01 00:00:00.000000,2026-08-27T05:17:09.287600+00:00,D:/D drive recovery/Shiva JH/Projects/OneLake Medallion/data/landing/_reference/geolocation.parquet,_reference
37517,-22.308682146414533,-45.38116070707678,maria da fe,MG,2016-01-01 00:00:00.000000,2026-08-27T05:17:09.287600+00:00,D:/D drive recovery/Shiva JH/Projects/OneLake Medallion/data/landing/_reference/geolocation.parquet,_reference
38200,-20.02025438264054,-48.93543951469848,frutal,MG,2016-01-01 00:00:00.000000,2026-08-27T05:17:09.287600+00:00,D:/D drive recovery/Shiva JH/Projects/OneLake Medallion/data/landing/_reference/geolocation.parquet,_reference
38412,-18.947539791563276,-48.29208537829649,uberlândia,MG,2016-01-01 00:00:00.000000,2026-08-27T05:17:09.287600+00:00,D:/D drive recovery/Shiva JH/Projects/OneLake Medallion/data/landing/_reference/geolocation.parquet,_reference
40325,-12.952462777684802,-38.49582396211551,salvador,BA,2016-01-01 00:00:00.000000,2026-08-27T05:17:09.287600+00:00,D:/D drive recovery/Shiva JH/Projects/OneLake Medallion/data/landing/_reference/geolocation.parquet,_reference
42801,-12.704941893152483,-38.31228328064262,camacari,BA,2016-01-01 00:00:00.000000,2026-08-27T05:17:09.287600+00:00,D:/D drive recovery/Shiva JH/Projects/OneLake Medallion/data/landing/_reference/geolocation.parquet,_reference
45816,-16.48006288480821,-39.06740132856377,arraial d'ajuda,BA,2016-01-01 00:00:00.000000,2026-08-27T05:17:09.287600+00:00,D:/D drive recovery/Shiva JH/Projects/OneLake Medallion/data/landing/_reference/geolocation.parquet,_reference
46430,-14.224788977578138,-42.77686614606025,guanambi,BA,2016-01-01 00:00:00.000000,2026-08-27T05:17:09.287600+00:00,D:/D drive recovery/Shiva JH/Projects/OneLake Medallion/data/landing/_reference/geolocation.parquet,_reference
08215,-23.531735550290666,-46.44923663921909,sao paulo,SP,2016-01-01 00:00:00.000000,2026-08-27T05:17:09.287600+00:00,D:/D drive recovery/Shiva JH/Projects/OneLake Medallion/data/landing/_reference/geolocation.parquet,_reference
08290,-23.551013388568272,-46.44848890729416,sao paulo,SP,2016-01-01 00:00:00.000000,2026-08-27T05:17:09.287600+00:00,D:/D drive recovery/Shiva JH/Projects/OneLake Medallion/data/landing/_reference/geolocation.parquet,_reference
08580,-23.45152194870011,-46.34526765055895,itaquaquecetuba,SP,2016-01-01 00:00:00.000000,2026-08-27T05:17:09.287600+00:00,D:/D drive recovery/Shiva JH/Projects/OneLake Medallion/data/landing/_reference/geolocation.parquet,_reference
09760,-23.69945854284748,-46.5484635,sao bernardo do campo,SP,2016-01-01 00:00:00.000000,2026-08-27T05:17:09.287600+00:00,D:/D drive recovery/Shiva JH/Projects/OneLake Medallion/data/landing/_reference/geolocation.parquet,_reference
09973,-23.71449719796794,-46.613184490902064,diadema,SP,2016-01-01 00:00:00.000000,2026-08-27T05:17:09.287600+00:00,D:/D drive recovery/Shiva JH/Projects/OneLake Medallion/data/landing/_reference/geolocation.parquet,_reference
11040,-23.97025376741302,-46.31830300014421,santos,SP,2016-01-01 00:00:00.000000,2026-08-27T05:17:09.287600+00:00,D:/D drive recovery/Shiva JH/Projects/OneLake Medallion/data/landing/_reference/geolocation.parquet,_reference
11075,-23.944502325841068,-46.33124278031053,santos,SP,2016-01-01 00:00:00.000000,2026-08-27T05:17:09.287600+00:00,D:/D drive recovery/Shiva JH/Projects/OneLake Medallion/data/landing/_reference/geolocation.parquet,_reference
11420,-24.014614278217262,-46.274569798459225,guaruja,SP,2016-01-01 00:00:00.000000,2026-08-27T05:17:09.287600+00:00,D:/D drive recovery/Shiva JH/Projects/OneLake Medallion/data/landing/_reference/geolocation.parquet,_reference
11666,-23.665954171562984,-45.43486616013568,caraguatatuba,SP,2016-01-01 00:00:00.000000,2026-08-27T05:17:09.287600+00:00,D:/D drive recovery/Shiva JH/Projects/OneLake Medallion/data/landing/_reference/geolocation.parquet,_reference
11702,-24.01704140383171,-46.44291733028447,praia grande,SP,2016-01-01 00:00:00.000000,2026-08-27T05:17:09.287600+00:00,D:/D drive recovery/Shiva JH/Projects/OneLake Medallion/data/landing/_reference/geolocation.parquet,_reference
22281,-22.957756281983983,-43.19249263780366,rio de janeiro,RJ,2016-01-01 00:00:00.000000,2026-08-27T05:17:09.287600+00:00,D:/D drive recovery/Shiva JH/Projects/OneLake Medallion/data/landing/_reference/geolocation.parquet,_reference
22431,-22.98193586539897,-43.22428066457964,rio de janeiro,RJ,2016-01-01 00:00:00.000000,2026-08-27T05:17:09.287600+00:00,D:/D drive recovery/Shiva JH/Projects/OneLake Medallion/data/landing/_reference/geolocation.parquet,_reference
22770,-22.93862838995325,-43.36065293880199,rio de janeiro,RJ,2016-01-01 00:00:00.000000,2026-08-27T05:17:09.287600+00:00,D:/D drive recovery/Shiva JH/Projects/OneLake Medallion/data/landing/_reference/geolocation.parquet,_reference
23033,-22.957985703849097,-43.60671709325408,rio de janeiro,RJ,2016-01-01 00:00:00.000000,2026-08-27T05:17:09.287600+00:00,D:/D drive recovery/Shiva JH/Projects/OneLake Medallion/data/landing/_reference/geolocation.parquet,_reference
23060,-22.89838745195309,-43.61308366857508,rio de janeiro,RJ,2016-01-01 00:00:00.000000,2026-08-27T05:17:09.287600+00:00,D:/D drive recovery/Shiva JH/Projects/OneLake Medallion/data/landing/_reference/geolocation.parquet,_reference
24210,-22.901359568959617,-43.1241522171793,niteroi,RJ,2016-01-01 00:00:00.000000,2026-08-27T05:17:09.287600+00:00,D:/D drive recovery/Shiva JH/Projects/OneLake Medallion/data/landing/_reference/geolocation.parquet,_reference
24473,-22.78971369730293,-43.03295019894345,sao goncalo,RJ,2016-01-01 00:00:00.000000,2026-08-27T05:17:09.287600+00:00,D:/D drive recovery/Shiva JH/Projects/OneLake Medallion/data/landing/_reference/geolocation.parquet,_reference
24900,-22.918401715611136,-42.81174804781017,marica,RJ,2016-01-01 00:00:00.000000,2026-08-27T05:17:09.287600+00:00,D:/D drive recovery/Shiva JH/Projects/OneLake Medallion/data/landing/_reference/geolocation.parquet,_reference
25266,-22.63993488427413,-43.22746122400765,duque de caxias,RJ,2016-01-01 00:00:00.000000,2026-08-27T05:17:09.287600+00:00,D:/D drive recovery/Shiva JH/Projects/OneLake Medallion/data/landing/_reference/geolocation.parquet,_reference
25963,-22.416149820084957,-42.97702251227752,teresopolis,RJ,2016-01-01 00:00:00.000000,2026-08-27T05:17:09.287600+00:00,D:/D drive recovery/Shiva JH/Projects/OneLake Medallion/data/landing/_reference/geolocation.parquet,_reference
26600,-22.618989154965625,-43.716828317590114,paracambi,RJ,2016-01-01 00:00:00.000000,2026-08-27T05:17:09.287600+00:00,D:/D drive recovery/Shiva JH/Projects/OneLake Medallion/data/landing/_reference/geolocation.parquet,_reference
09540,-23.625773999999996,-46.56855299278663,sao caetano do sul,SP,2016-01-01 00:00:00.000000,2026-08-27T05:17:09.287600+00:00,D:/D drive recovery/Shiva JH/Projects/OneLake Medallion/data/landing/_reference/geolocation.parquet,_reference
09541,-23.62105546378897,-46.56510050291419,sao caetano do sul,SP,2016-01-01 00:00:00.000000,2026-08-27T05:17:09.287600+00:00,D:/D drive recovery/Shiva JH/Projects/OneLake Medallion/data/landing/_reference/geolocation.parquet,_reference
09715,-23.71457923606073,-46.54581156219319,são bernardo do campo,SP,2016-01-01 00:00:00.000000,2026-08-27T05:17:09.287600+00:00,D:/D drive recovery/Shiva JH/Projects/OneLake Medallion/data/landing/_reference/geolocation.parquet,_reference
09861,-23.695889045942334,-46.58174395098847,sao bernardo do campo,SP,2016-01-01 00:00:00.000000,2026-08-27T05:17:09.287600+00:00,D:/D drive recovery/Shiva JH/Projects/OneLake Medallion/data/landing/_reference/geolocation.parquet,_reference
09971,-23.72306773765286,-46.63200018050453,diadema,SP,2016-01-01 00:00:00.000000,2026-08-27T05:17:09.287600+00:00,D:/D drive recovery/Shiva JH/Projects/OneLake Medallion/data/landing/_reference/geolocation.parquet,_reference
11335,-23.96191615973333,-46.405832155173,sao vicente,SP,2016-01-01 00:00:00.000000,2026-08-27T05:17:09.287600+00:00,D:/D drive recovery/Shiva JH/Projects/OneLake Medallion/data/landing/_reference/geolocation.parquet,_reference
12236,-23.24656095920133,-45.89750073411618,são josé dos campos,SP,2016-01-01 00:00:00.000000,2026-08-27T05:17:09.287600+00:00,D:/D drive recovery/Shiva JH/Projects/OneLake Medallion/data/landing/_reference/geolocation.parquet,_reference
12949,-23.152178935681707,-46.580130527179314,atibaia,SP,2016-01-01 00:00:00.000000,2026-08-27T05:17:09.287600+00:00,D:/D drive recovery/Shiva JH/Projects/OneLake Medallion/data/landing/_reference/geolocation.parquet,_reference
13087,-22.85275770752771,-47.05510214136723,campinas,SP,2016-01-01 00:00:00.000000,2026-08-27T05:17:09.287600+00:00,D:/D drive recovery/Shiva JH/Projects/OneLake Medallion/data/landing/_reference/geolocation.parquet,_reference
13088,-22.8475181626464,-47.03552279669915,campinas,SP,2016-01-01 00:00:00.000000,2026-08-27T05:17:09.287600+00:00,D:/D drive recovery/Shiva JH/Projects/OneLake Medallion/data/landing/_reference/geolocation.parquet,_reference
13181,-22.853954384094024,-47.18566619807039,sumare,SP,2016-01-01 00:00:00.000000,2026-08-27T05:17:09.287600+00:00,D:/D drive recovery/Shiva JH/Projects/OneLake Medallion/data/landing/_reference/geolocation.parquet,_reference
14750,-21.010986295708047,-48.20869881125268,pitangueiras,SP,2016-01-01 00:00:00.000000,2026-08-27T05:17:09.287600+00:00,D:/D drive recovery/Shiva JH/Projects/OneLake Medallion/data/landing/_reference/geolocation.parquet,_reference
14871,-21.268327263933397,-48.32533845122107,jaboticabal,SP,2016-01-01 00:00:00.000000,2026-08-27T05:17:09.287600+00:00,D:/D drive recovery/Shiva JH/Projects/OneLake Medallion/data/landing/_reference/geolocation.parquet,_reference
14883,-21.245206193882886,-48.30873764570266,jaboticabal,SP,2016-01-01 00:00:00.000000,2026-08-27T05:17:09.287600+00:00,D:/D drive recovery/Shiva JH/Projects/OneLake Medallion/data/landing/_reference/geolocation.parquet,_reference
15811,-21.18301643209086,-49.001659356136926,catanduva,SP,2016-01-01 00:00:00.000000,2026-08-27T05:17:09.287600+00:00,D:/D drive recovery/Shiva JH/Projects/OneLake Medallion/data/landing/_reference/geolocation.parquet,_reference
16406,-21.658438623925207,-49.76539040743839,lins,SP,2016-01-01 00:00:00.000000,2026-08-27T05:17:09.287600+00:00,D:/D drive recovery/Shiva JH/Projects/OneLake Medallion/data/landing/_reference/geolocation.parquet,_reference
17204,-22.289660944671727,-48.57424095334464,jau,SP,2016-01-01 00:00:00.000000,2026-08-27T05:17:09.287600+00:00,D:/D drive recovery/Shiva JH/Projects/OneLake Medallion/data/landing/_reference/geolocation.parquet,_reference
17512,-22.154209249920417,-49.95162687408481,marilia,SP,2016-01-01 00:00:00.000000,2026-08-27T05:17:09.287600+00:00,D:/D drive recovery/Shiva JH/Projects/OneLake Medallion/data/landing/_reference/geolocation.parquet,_reference
18500,-23.03582473318652,-47.8363026594829,laranjal paulista,SP,2016-01-01 00:00:00.000000,2026-08-27T05:17:09.287600+00:00,D:/D drive recovery/Shiva JH/Projects/OneLake Medallion/data/landing/_reference/geolocation.parquet,_reference
18690,-23.102837416585626,-48.6162522883903,itatinga,SP,2016-01-01 00:00:00.000000,2026-08-27T05:17:09.287600+00:00,D:/D drive recovery/Shiva JH/Projects/OneLake Medallion/data/landing/_reference/geolocation.parquet,_reference
19029,-22.07708974256958,-51.41548624933166,presidente prudente,SP,2016-01-01 00:00:00.000000,2026-08-27T05:17:09.287600+00:00,D:/D drive recovery/Shiva JH/Projects/OneLake Medallion/data/landing/_reference/geolocation.parquet,_reference
19830,-22.42925217631197,-50.20413759688468,echapora,SP,2016-01-01 00:00:00.000000,2026-08-27T05:17:09.287600+00:00,D:/D drive recovery/Shiva JH/Projects/OneLake Medallion/data/landing/_reference/geolocation.parquet,_reference
20030,-22.908639793496512,-43.17401201249347,rio de janeiro,RJ,2016-01-01 00:00:00.000000,2026-08-27T05:17:09.287600+00:00,D:/D drive recovery/Shiva JH/Projects/OneLake Medallion/data/landing/_reference/geolocation.parquet,_reference
20530,-22.946235476802045,-43.25548301751381,rio de janeiro,RJ,2016-01-01 00:00:00.000000,2026-08-27T05:17:09.287600+00:00,D:/D drive recovery/Shiva JH/Projects/OneLake Medallion/data/landing/_reference/geolocation.parquet,_reference
20960,-22.901286792948245,-43.24464852790116,rio de janeiro,RJ,2016-01-01 00:00:00.000000,2026-08-27T05:17:09.287600+00:00,D:/D drive recovery/Shiva JH/Projects/OneLake Medallion/data/landing/_reference/geolocation.parquet,_reference
23936,-23.01496402171552,-44.53016913262758,angra dos reis,RJ,2016-01-01 00:00:00.000000,2026-08-27T05:17:09.287600+00:00,D:/D drive recovery/Shiva JH/Projects/OneLake Medallion/data/landing/_reference/geolocation.parquet,_reference
24240,-22.896755634456788,-43.09981143435861,niteroi,RJ,2016-01-01 00:00:00.000000,2026-08-27T05:17:09.287600+00:00,D:/D drive recovery/Shiva JH/Projects/OneLake Medallion/data/landing/_reference/geolocation.parquet,_reference
01315,-23.552592988343235,-46.64068338732753,sao paulo,SP,2016-01-01 00:00:00.000000,2026-08-27T05:17:09.287600+00:00,D:/D drive recovery/Shiva JH/Projects/OneLake Medallion/data/landing/_reference/geolocation.parquet,_reference
01412,-23.5644233366611,-46.66684085068379,são paulo,SP,2016-01-01 00:00:00.000000,2026-08-27T05:17:09.287600+00:00,D:/D drive recovery/Shiva JH/Projects/OneLake Medallion/data/landing/_reference/geolocation.parquet,_reference
02034,-23.50412273877685,-46.6246075311652,sao paulo,SP,2016-01-01 00:00:00.000000,2026-08-27T05:17:09.287600+00:00,D:/D drive recovery/Shiva JH/Projects/OneLake Medallion/data/landing/_reference/geolocation.parquet,_reference
02040,-23.4886193247174,-46.62214135267191,sao paulo,SP,2016-01-01 00:00:00.000000,2026-08-27T05:17:09.287600+00:00,D:/D drive recovery/Shiva JH/Projects/OneLake Medallion/data/landing/_reference/geolocation.parquet,_reference
02310,-23.4719444074384,-46.59864459256161,sao paulo,SP,2016-01-01 00:00:00.000000,2026-08-27T05:17:09.287600+00:00,D:/D drive recovery/Shiva JH/Projects/OneLake Medallion/data/landing/_reference/geolocation.parquet,_reference
02998,-23.44062768720067,-46.72250811434592,são paulo,SP,2016-01-01 00:00:00.000000,2026-08-27T05:17:09.287600+00:00,D:/D drive recovery/Shiva JH/Projects/OneLake Medallion/data/landing/_reference/geolocation.parquet,_reference
03029,-23.528716250620374,-46.62026515958797,sao paulo,SP,2016-01-01 00:00:00.000000,2026-08-27T05:17:09.287600+00:00,D:/D drive recovery/Shiva JH/Projects/OneLake Medallion/data/landing/_reference/geolocation.parquet,_reference
03343,-23.55990858451152,-46.56932063336026,sao paulo,SP,2016-01-01 00:00:00.000000,2026-08-27T05:17:09.287600+00:00,D:/D drive recovery/Shiva JH/Projects/OneLake Medallion/data/landing/_reference/geolocation.parquet,_reference
03417,-23.539685940879476,-46.54635608021235,sao paulo,SP,2016-01-01 00:00:00.000000,2026-08-27T05:17:09.287600+00:00,D:/D drive recovery/Shiva JH/Projects/OneLake Medallion/data/landing/_reference/geolocation.parquet,_reference
03665,-23.52758819095159,-46.49786807729816,sao paulo,SP,2016-01-01 00:00:00.000000,2026-08-27T05:17:09.287600+00:00,D:/D drive recovery/Shiva JH/Projects/OneLake Medallion/data/landing/_reference/geolocation.parquet,_reference
03728,-23.50346941494241,-46.50901285922317,sao paulo,SP,2016-01-01 00:00:00.000000,2026-08-27T05:17:09.287600+00:00,D:/D drive recovery/Shiva JH/Projects/OneLake Medallion/data/landing/_reference/geolocation.parquet,_reference
03880,-23.50869470774424,-46.48672956633388,sao paulo,SP,2016-01-01 00:00:00.000000,2026-08-27T05:17:09.287600+00:00,D:/D drive recovery/Shiva JH/Projects/OneLake Medallion/data/landing/_reference/geolocation.parquet,_reference
04011,-23.577403986409998,-46.64165653052687,sao paulo,SP,2016-01-01 00:00:00.000000,2026-08-27T05:17:09.287600+00:00,D:/D drive recovery/Shiva JH/Projects/OneLake Medallion/data/landing/_reference/geolocation.parquet,_reference
04128,-23.602765475237977,-46.63530842279597,sao paulo,SP,2016-01-01 00:00:00.000000,2026-08-27T05:17:09.287600+00:00,D:/D drive recovery/Shiva JH/Projects/OneLake Medallion/data/landing/_reference/geolocation.parquet,_reference
04156,-23.6316827776848,-46.62216104287613,sao paulo,SP,2016-01-01 00:00:00.000000,2026-08-27T05:17:09.287600+00:00,D:/D drive recovery/Shiva JH/Projects/OneLake Medallion/data/landing/_reference/geolocation.parquet,_reference
04160,-23.62600432168613,-46.61766662170351,sao paulo,SP,2016-01-01 00:00:00.000000,2026-08-27T05:17:09.287600+00:00,D:/D drive recovery/Shiva JH/Projects/OneLake Medallion/data/landing/_reference/geolocation.parquet,_reference
04195,-23.657250175378767,-46.61075944811122,sao paulo,SP,2016-01-01 00:00:00.000000,2026-08-27T05:17:09.287600+00:00,D:/D drive recovery/Shiva JH/Projects/OneLake Medallion/data/landing/_reference/geolocation.parquet,_reference
04367,-23.6532461379479,-46.66710865543304,sao paulo,SP,2016-01-01 00:00:00.000000,2026-08-27T05:17:09.287600+00:00,D:/D drive recovery/Shiva JH/Projects/OneLake Medallion/data/landing/_reference/geolocation.parquet,_reference
04378,-23.657414700315947,-46.653779695702674,sao paulo,SP,2016-01-01 00:00:00.000000,2026-08-27T05:17:09.287600+00:00,D:/D drive recovery/Shiva JH/Projects/OneLake Medallion/data/landing/_reference/geolocation.parquet,_reference
04514,-23.601581643083783,-46.67165999027648,são paulo,SP,2016-01-01 00:00:00.000000,2026-08-27T05:17:09.287600+00:00,D:/D drive recovery/Shiva JH/Projects/OneLake Medallion/data/landing/_reference/geolocation.parquet,_reference
04618,-23.619501000000003,-46.67681249999998,sao paulo,SP,2016-01-01 00:00:00.000000,2026-08-27T05:17:09.287600+00:00,D:/D drive recovery/Shiva JH/Projects/OneLake Medallion/data/landing/_reference/geolocation.parquet,_reference
04649,-23.65581436146602,-46.67328562616546,sao paulo,SP,2016-01-01 00:00:00.000000,2026-08-27T05:17:09.287600+00:00,D:/D drive recovery/Shiva JH/Projects/OneLake Medallion/data/landing/_reference/geolocation.parquet,_reference
04686,-23.66428185651218,-46.69108104039464,sao paulo,SP,2016-01-01 00:00:00.000000,2026-08-27T05:17:09.287600+00:00,D:/D drive recovery/Shiva JH/Projects/OneLake Medallion/data/landing/_reference/geolocation.parquet,_reference
04782,-23.693985995008337,-46.70188324132953,sao paulo,SP,2016-01-01 00:00:00.000000,2026-08-27T05:17:09.287600+00:00,D:/D drive recovery/Shiva JH/Projects/OneLake Medallion/data/landing/_reference/geolocation.parquet,_reference
05025,-23.53206184041201,-46.68902834471118,sao paulo,SP,2016-01-01 00:00:00.000000,2026-08-27T05:17:09.287600+00:00,D:/D drive recovery/Shiva JH/Projects/OneLake Medallion/data/landing/_reference/geolocation.parquet,_reference
05030,-23.541074779906506,-46.69219306549716,sao paulo,SP,2016-01-01 00:00:00.000000,2026-08-27T05:17:09.287600+00:00,D:/D drive recovery/Shiva JH/Projects/OneLake Medallion/data/landing/_reference/geolocation.parquet,_reference
05410,-23.556626884269107,-46.67766471746777,sao paulo,SP,2016-01-01 00:00:00.000000,2026-08-27T05:17:09.287600+00:00,D:/D drive recovery/Shiva JH/Projects/OneLake Medallion/data/landing/_reference/geolocation.parquet,_reference
07092,-23.461698740492825,-46.544156355675455,guarulhos,SP,2016-01-01 00:00:00.000000,2026-08-27T05:17:09.287600+00:00,D:/D drive recovery/Shiva JH/Projects/OneLake Medallion/data/landing/_reference/geolocation.parquet,_reference
07135,-23.422313378296494,-46.520062240348594,guarulhos,SP,2016-01-01 00:00:00.000000,2026-08-27T05:17:09.287600+00:00,D:/D drive recovery/Shiva JH/Projects/OneLake Medallion/data/landing/_reference/geolocation.parquet,_reference
07500,-23.313367272379296,-46.23184349266853,santa isabel,SP,2016-01-01 00:00:00.000000,2026-08-27T05:17:09.287600+00:00,D:/D drive recovery/Shiva JH/Projects/OneLake Medallion/data/landing/_reference/geolocation.parquet,_reference
08832,-23.516913648399584,-46.10417245526518,mogi das cruzes,SP,2016-01-01 00:00:00.000000,2026-08-27T05:17:09.287600+00:00,D:/D drive recovery/Shiva JH/Projects/OneLake Medallion/data/landing/_reference/geolocation.parquet,_reference
09050,-23.67406207133365,-46.54253172678956,santo andré,SP,2016-01-01 00:00:00.000000,2026-08-27T05:17:09.287600+00:00,D:/D drive recovery/Shiva JH/Projects/OneLake Medallion/data/landing/_reference/geolocation.parquet,_reference
09450,-23.7376101268394,-46.39370760421835,rio grande da serra,SP,2016-01-01 00:00:00.000000,2026-08-27T05:17:09.287600+00:00,D:/D drive recovery/Shiva JH/Projects/OneLake Medallion/data/landing/_reference/geolocation.parquet,_reference
09811,-23.72527983484343,-46.55702673772287,sao bernardo do campo,SP,2016-01-01 00:00:00.000000,2026-08-27T05:17:09.287600+00:00,D:/D drive recovery/Shiva JH/Projects/OneLake Medallion/data/landing/_reference/geolocation.parquet,_reference
11708,-24.07301951626269,-46.57318227725955,praia grande,SP,2016-01-01 00:00:00.000000,2026-08-27T05:17:09.287600+00:00,D:/D drive recovery/Shiva JH/Projects/OneLake Medallion/data/landing/_reference/geolocation.parquet,_reference
11721,-24.00917815958798,-46.449387895781626,praia grande,SP,2016-01-01 00:00:00.000000,2026-08-27T05:17:09.287600+00:00,D:/D drive recovery/Shiva JH/Projects/OneLake Medallion/data/landing/_reference/geolocation.parquet,_reference
12040,-23.03631557663482,-45.59129358131366,taubate,SP,2016-01-01 00:00:00.000000,2026-08-27T05:17:09.287600+00:00,D:/D drive recovery/Shiva JH/Projects/OneLake Medallion/data/landing/_reference/geolocation.parquet,_reference
12309,-23.310016990523582,-45.96143881362631,jacarei,SP,2016-01-01 00:00:00.000000,2026-08-27T05:17:09.287600+00:00,D:/D drive recovery/Shiva JH/Projects/OneLake Medallion/data/landing/_reference/geolocation.parquet,_reference
12515,-22.8102557858096,-45.18353140514958,guaratingueta,SP,2016-01-01 00:00:00.000000,2026-08-27T05:17:09.287600+00:00,D:/D drive recovery/Shiva JH/Projects/OneLake Medallion/data/landing/_reference/geolocation.parquet,_reference
13025,-22.903434628368608,-47.05276681724273,campinas,SP,2016-01-01 00:00:00.000000,2026-08-27T05:17:09.287600+00:00,D:/D drive recovery/Shiva JH/Projects/OneLake Medallion/data/landing/_reference/geolocation.parquet,_reference
13085,-22.792785003606685,-47.08550995989381,campinas,SP,2016-01-01 00:00:00.000000,2026-08-27T05:17:09.287600+00:00,D:/D drive recovery/Shiva JH/Projects/OneLake Medallion/data/landing/_reference/geolocation.parquet,_reference
13206,-23.212893426856777,-46.88044951858166,jundiai,SP,2016-01-01 00:00:00.000000,2026-08-27T05:17:09.287600+00:00,D:/D drive recovery/Shiva JH/Projects/OneLake Medallion/data/landing/_reference/geolocation.parquet,_reference
38230,-20.28106922622964,-49.20926164154711,fronteira,MG,2016-01-01 00:00:00.000000,2026-08-27T05:17:09.287600+00:00,D:/D drive recovery/Shiva JH/Projects/OneLake Medallion/data/landing/_reference/geolocation.parquet,_reference
41510,-12.913388098534217,-38.3535914984708,salvador,BA,2016-01-01 00:00:00.000000,2026-08-27T05:17:09.287600+00:00,D:/D drive recovery/Shiva JH/Projects/OneLake Medallion/data/landing/_reference/geolocation.parquet,_reference
41603,-12.926002034133557,-38.31778474187781,salvador,BA,2016-01-01 00:00:00.000000,2026-08-27T05:17:09.287600+00:00,D:/D drive recovery/Shiva JH/Projects/OneLake Medallion/data/landing/_reference/geolocation.parquet,_reference
47810,-12.144615065808216,-45.00884374690045,barreiras,BA,2016-01-01 00:00:00.000000,2026-08-27T05:17:09.287600+00:00,D:/D drive recovery/Shiva JH/Projects/OneLake Medallion/data/landing/_reference/geolocation.parquet,_reference
48930,-8.807690107708549,-39.675046980346586,curaçá,BA,2016-01-01 00:00:00.000000,2026-08-27T05:17:09.287600+00:00,D:/D drive recovery/Shiva JH/Projects/OneLake Medallion/data/landing/_reference/geolocation.parquet,_reference
52011,-8.049289725229384,-34.901552849847064,recife,PE,2016-01-01 00:00:00.000000,2026-08-27T05:17:09.287600+00:00,D:/D drive recovery/Shiva JH/Projects/OneLake Medallion/data/landing/_reference/geolocation.parquet,_reference
55325,-9.024839005157318,-36.57020044972058,brejão,PE,2016-01-01 00:00:00.000000,2026-08-27T05:17:09.287600+00:00,D:/D drive recovery/Shiva JH/Projects/OneLake Medallion/data/landing/_reference/geolocation.parquet,_reference
59214,-6.4162055632410855,-35.701190057312424,serra de sao bento,RN,2016-01-01 00:00:00.000000,2026-08-27T05:17:09.287600+00:00,D:/D drive recovery/Shiva JH/Projects/OneLake Medallion/data/landing/_reference/geolocation.parquet,_reference
62800,-4.562180013655128,-37.76662475281954,aracati,CE,2016-01-01 00:00:00.000000,2026-08-27T05:17:09.287600+00:00,D:/D drive recovery/Shiva JH/Projects/OneLake Medallion/data/landing/_reference/geolocation.parquet,_reference
64082,-5.105533499999999,-42.7393125,teresina,PI,2016-01-01 00:00:00.000000,2026-08-27T05:17:09.287600+00:00,D:/D drive recovery/Shiva JH/Projects/OneLake Medallion/data/landing/_reference/geolocation.parquet,_reference
65072,-2.546079233971952,-44.3089863702464,são luís,MA,2016-01-01 00:00:00.000000,2026-08-27T05:17:09.287600+00:00,D:/D drive recovery/Shiva JH/Projects/OneLake Medallion/data/landing/_reference/geolocation.parquet,_reference
66053,-1.4487117091005544,-48.48922937062177,belem,PA,2016-01-01 00:00:00.000000,2026-08-27T05:17:09.287600+00:00,D:/D drive recovery/Shiva JH/Projects/OneLake Medallion/data/landing/_reference/geolocation.parquet,_reference
70757,-15.754967999999998,-47.89163249999999,brasilia,DF,2016-01-01 00:00:00.000000,2026-08-27T05:17:09.287600+00:00,D:/D drive recovery/Shiva JH/Projects/OneLake Medallion/data/landing/_reference/geolocation.parquet,_reference
72231,-15.84372601762118,-48.11611031164195,ceilandia,DF,2016-01-01 00:00:00.000000,2026-08-27T05:17:09.287600+00:00,D:/D drive recovery/Shiva JH/Projects/OneLake Medallion/data/landing/_reference/geolocation.parquet,_reference
74210,-16.693725048085238,-49.277800778857326,goiania,GO,2016-01-01 00:00:00.000000,2026-08-27T05:17:09.287600+00:00,D:/D drive recovery/Shiva JH/Projects/OneLake Medallion/data/landing/_reference/geolocation.parquet,_reference
74223,-16.70654296583296,-49.2684231411224,goiania,GO,2016-01-01 00:00:00.000000,2026-08-27T05:17:09.287600+00:00,D:/D drive recovery/Shiva JH/Projects/OneLake Medallion/data/landing/_reference/geolocation.parquet,_reference
75124,-16.353013500000003,-48.96504675,anapolis,GO,2016-01-01 00:00:00.000000,2026-08-27T05:17:09.287600+00:00,D:/D drive recovery/Shiva JH/Projects/OneLake Medallion/data/landing/_reference/geolocation.parquet,_reference
79002,-20.45701824063706,-54.60285131989711,campo grande,MS,2016-01-01 00:00:00.000000,2026-08-27T05:17:09.287600+00:00,D:/D drive recovery/Shiva JH/Projects/OneLake Medallion/data/landing/_reference/geolocation.parquet,_reference
80610,-25.47606939494491,-49.28748337287215,curitiba,PR,2016-01-01 00:00:00.000000,2026-08-27T05:17:09.287600+00:00,D:/D drive recovery/Shiva JH/Projects/OneLake Medallion/data/landing/_reference/geolocation.parquet,_reference
19804,-22.66272240238052,-50.43776522959186,assis,SP,2016-01-01 00:00:00.000000,2026-08-27T05:17:09.287600+00:00,D:/D drive recovery/Shiva JH/Projects/OneLake Medallion/data/landing/_reference/geolocation.parquet,_reference
20220,-22.90545140437997,-43.20561545490215,rio de janeiro,RJ,2016-01-01 00:00:00.000000,2026-08-27T05:17:09.287600+00:00,D:/D drive recovery/Shiva JH/Projects/OneLake Medallion/data/landing/_reference/geolocation.parquet,_reference
20270,-22.920104850395337,-43.22138202997862,rio de janeiro,RJ,2016-01-01 00:00:00.000000,2026-08-27T05:17:09.287600+00:00,D:/D drive recovery/Shiva JH/Projects/OneLake Medallion/data/landing/_reference/geolocation.parquet,_reference
20271,-22.943910560140814,-43.254772993992525,rio de janeiro,RJ,2016-01-01 00:00:00.000000,2026-08-27T05:17:09.287600+00:00,D:/D drive recovery/Shiva JH/Projects/OneLake Medallion/data/landing/_reference/geolocation.parquet,_reference
20541,-22.92531913366395,-43.25369631041029,rio de janeiro,RJ,2016-01-01 00:00:00.000000,2026-08-27T05:17:09.287600+00:00,D:/D drive recovery/Shiva JH/Projects/OneLake Medallion/data/landing/_reference/geolocation.parquet,_reference
20551,-22.915371368504037,-43.242996214902085,rio de janeiro,RJ,2016-01-01 00:00:00.000000,2026-08-27T05:17:09.287600+00:00,D:/D drive recovery/Shiva JH/Projects/OneLake Medallion/data/landing/_reference/geolocation.parquet,_reference
05503,-23.571657501817665,-46.70733819983839,sao paulo,SP,2016-01-01 00:00:00.000000,2026-08-27T05:17:09.287600+00:00,D:/D drive recovery/Shiva JH/Projects/OneLake Medallion/data/landing/_reference/geolocation.parquet,_reference
05530,-23.577073040798663,-46.7199426382077,sao paulo,SP,2016-01-01 00:00:00.000000,2026-08-27T05:17:09.287600+00:00,D:/D drive recovery/Shiva JH/Projects/OneLake Medallion/data/landing/_reference/geolocation.parquet,_reference
05679,-23.604323951151244,-46.70316316861901,sao paulo,SP,2016-01-01 00:00:00.000000,2026-08-27T05:17:09.287600+00:00,D:/D drive recovery/Shiva JH/Projects/OneLake Medallion/data/landing/_reference/geolocation.parquet,_reference
05773,-23.6322501723814,-46.75266983686787,sao paulo,SP,2016-01-01 00:00:00.000000,2026-08-27T05:17:09.287600+00:00,D:/D drive recovery/Shiva JH/Projects/OneLake Medallion/data/landing/_reference/geolocation.parquet,_reference
06018,-23.54001991369947,-46.77765642117263,osasco,SP,2016-01-01 00:00:00.000000,2026-08-27T05:17:09.287600+00:00,D:/D drive recovery/Shiva JH/Projects/OneLake Medallion/data/landing/_reference/geolocation.parquet,_reference
06080,-23.544421691355613,-46.78839877935824,osasco,SP,2016-01-01 00:00:00.000000,2026-08-27T05:17:09.287600+00:00,D:/D drive recovery/Shiva JH/Projects/OneLake Medallion/data/landing/_reference/geolocation.parquet,_reference
06149,-23.586102920912836,-46.81351569525075,osasco,SP,2016-01-01 00:00:00.000000,2026-08-27T05:17:09.287600+00:00,D:/D drive recovery/Shiva JH/Projects/OneLake Medallion/data/landing/_reference/geolocation.parquet,_reference
06160,-23.56267680949066,-46.80937040670384,osasco,SP,2016-01-01 00:00:00.000000,2026-08-27T05:17:09.287600+00:00,D:/D drive recovery/Shiva JH/Projects/OneLake Medallion/data/landing/_reference/geolocation.parquet,_reference
06246,-23.49994008604073,-46.81177024952385,osasco,SP,2016-01-01 00:00:00.000000,2026-08-27T05:17:09.287600+00:00,D:/D drive recovery/Shiva JH/Projects/OneLake Medallion/data/landing/_reference/geolocation.parquet,_reference
06341,-23.57241932843741,-46.81653106742156,carapicuiba,SP,2016-01-01 00:00:00.000000,2026-08-27T05:17:09.287600+00:00,D:/D drive recovery/Shiva JH/Projects/OneLake Medallion/data/landing/_reference/geolocation.parquet,_reference
06440,-23.5105249691296,-46.86104614786531,barueri,SP,2016-01-01 00:00:00.000000,2026-08-27T05:17:09.287600+00:00,D:/D drive recovery/Shiva JH/Projects/OneLake Medallion/data/landing/_reference/geolocation.parquet,_reference
06506,-23.419753962259747,-46.95925190896761,santana de parnaiba,SP,2016-01-01 00:00:00.000000,2026-08-27T05:17:09.287600+00:00,D:/D drive recovery/Shiva JH/Projects/OneLake Medallion/data/landing/_reference/geolocation.parquet,_reference
06660,-23.55104059405434,-46.95472173141409,itapevi,SP,2016-01-01 00:00:00.000000,2026-08-27T05:17:09.287600+00:00,D:/D drive recovery/Shiva JH/Projects/OneLake Medallion/data/landing/_reference/geolocation.parquet,_reference
06790,-23.61030541993188,-46.78378189508913,taboao da serra,SP,2016-01-01 00:00:00.000000,2026-08-27T05:17:09.287600+00:00,D:/D drive recovery/Shiva JH/Projects/OneLake Medallion/data/landing/_reference/geolocation.parquet,_reference
07077,-23.43410150291419,-46.55347243450285,guarulhos,SP,2016-01-01 00:00:00.000000,2026-08-27T05:17:09.287600+00:00,D:/D drive recovery/Shiva JH/Projects/OneLake Medallion/data/landing/_reference/geolocation.parquet,_reference
07173,-23.43130297446477,-46.42849312822438,guarulhos,SP,2016-01-01 00:00:00.000000,2026-08-27T05:17:09.287600+00:00,D:/D drive recovery/Shiva JH/Projects/OneLake Medallion/data/landing/_reference/geolocation.parquet,_reference
07174,-23.425946339725343,-46.42940633972533,guarulhos,SP,2016-01-01 00:00:00.000000,2026-08-27T05:17:09.287600+00:00,D:/D drive recovery/Shiva JH/Projects/OneLake Medallion/data/landing/_reference/geolocation.parquet,_reference
07242,-23.44020126089216,-46.42148489425242,guarulhos,SP,2016-01-01 00:00:00.000000,2026-08-27T05:17:09.287600+00:00,D:/D drive recovery/Shiva JH/Projects/OneLake Medallion/data/landing/_reference/geolocation.parquet,_reference
07600,-23.323581622627877,-46.571516434161296,mairipora,SP,2016-01-01 00:00:00.000000,2026-08-27T05:17:09.287600+00:00,D:/D drive recovery/Shiva JH/Projects/OneLake Medallion/data/landing/_reference/geolocation.parquet,_reference
11045,-23.96858542492353,-46.323019970569646,santos,SP,2016-01-01 00:00:00.000000,2026-08-27T05:17:09.287600+00:00,D:/D drive recovery/Shiva JH/Projects/OneLake Medallion/data/landing/_reference/geolocation.parquet,_reference
12030,-23.036951634709904,-45.56997640165054,taubate,SP,2016-01-01 00:00:00.000000,2026-08-27T05:17:09.287600+00:00,D:/D drive recovery/Shiva JH/Projects/OneLake Medallion/data/landing/_reference/geolocation.parquet,_reference
12401,-22.92142919454418,-45.46479177296298,pindamonhangaba,SP,2016-01-01 00:00:00.000000,2026-08-27T05:17:09.287600+00:00,D:/D drive recovery/Shiva JH/Projects/OneLake Medallion/data/landing/_reference/geolocation.parquet,_reference
12403,-22.91426878466163,-45.42914593227478,pindamonhangaba,SP,2016-01-01 00:00:00.000000,2026-08-27T05:17:09.287600+00:00,D:/D drive recovery/Shiva JH/Projects/OneLake Medallion/data/landing/_reference/geolocation.parquet,_reference
12608,-22.73788200424234,-45.12381966365283,lorena,SP,2016-01-01 00:00:00.000000,2026-08-27T05:17:09.287600+00:00,D:/D drive recovery/Shiva JH/Projects/OneLake Medallion/data/landing/_reference/geolocation.parquet,_reference
12820,-22.5814978697878,-44.6995162923868,areias,SP,2016-01-01 00:00:00.000000,2026-08-27T05:17:09.287600+00:00,D:/D drive recovery/Shiva JH/Projects/OneLake Medallion/data/landing/_reference/geolocation.parquet,_reference
12950,-23.148137084655747,-46.58367661296094,atibaia,SP,2016-01-01 00:00:00.000000,2026-08-27T05:17:09.287600+00:00,D:/D drive recovery/Shiva JH/Projects/OneLake Medallion/data/landing/_reference/geolocation.parquet,_reference
13076,-22.88255076242137,-47.04691965736627,campinas,SP,2016-01-01 00:00:00.000000,2026-08-27T05:17:09.287600+00:00,D:/D drive recovery/Shiva JH/Projects/OneLake Medallion/data/landing/_reference/geolocation.parquet,_reference
13208,-23.190172576172973,-46.891633311270105,jundiai,SP,2016-01-01 00:00:00.000000,2026-08-27T05:17:09.287600+00:00,D:/D drive recovery/Shiva JH/Projects/OneLake Medallion/data/landing/_reference/geolocation.parquet,_reference
13222,-23.19005264153513,-46.8192976786644,varzea paulista,SP,2016-01-01 00:00:00.000000,2026-08-27T05:17:09.287600+00:00,D:/D drive recovery/Shiva JH/Projects/OneLake Medallion/data/landing/_reference/geolocation.parquet,_reference
13280,-23.035339717467757,-46.97157885039535,vinhedo,SP,2016-01-01 00:00:00.000000,2026-08-27T05:17:09.287600+00:00,D:/D drive recovery/Shiva JH/Projects/OneLake Medallion/data/landing/_reference/geolocation.parquet,_reference
13315,-23.276914297403053,-47.06021049859884,cabreuva,SP,2016-01-01 00:00:00.000000,2026-08-27T05:17:09.287600+00:00,D:/D drive recovery/Shiva JH/Projects/OneLake Medallion/data/landing/_reference/geolocation.parquet,_reference
13347,-23.141554810215275,-47.23811647179686,indaiatuba,SP,2016-01-01 00:00:00.000000,2026-08-27T05:17:09.287600+00:00,D:/D drive recovery/Shiva JH/Projects/OneLake Medallion/data/landing/_reference/geolocation.parquet,_reference
13710,-21.716754014169144,-47.27203933359484,tambau,SP,2016-01-01 00:00:00.000000,2026-08-27T05:17:09.287600+00:00,D:/D drive recovery/Shiva JH/Projects/OneLake Medallion/data/landing/_reference/geolocation.parquet,_reference
13871,-21.982389163032504,-46.79816624029114,sao joao da boa vista,SP,2016-01-01 00:00:00.000000,2026-08-27T05:17:09.287600+00:00,D:/D drive recovery/Shiva JH/Projects/OneLake Medallion/data/landing/_reference/geolocation.parquet,_reference
13874,-21.96762672836732,-46.787603701128894,sao joao da boa vista,SP,2016-01-01 00:00:00.000000,2026-08-27T05:17:09.287600+00:00,D:/D drive recovery/Shiva JH/Projects/OneLake Medallion/data/landing/_reference/geolocation.parquet,_reference
01026,-23.539494799586286,-46.63284391414975,são paulo,SP,2016-01-01 00:00:00.000000,2026-08-27T05:17:09.287600+00:00,D:/D drive recovery/Shiva JH/Projects/OneLake Medallion/data/landing/_reference/geolocation.parquet,_reference
01238,-23.54339898029315,-46.65151833472787,sao paulo,SP,2016-01-01 00:00:00.000000,2026-08-27T05:17:09.287600+00:00,D:/D drive recovery/Shiva JH/Projects/OneLake Medallion/data/landing/_reference/geolocation.parquet,_reference
01257,-23.54507217346644,-46.68438057799065,sao paulo,SP,2016-01-01 00:00:00.000000,2026-08-27T05:17:09.287600+00:00,D:/D drive recovery/Shiva JH/Projects/OneLake Medallion/data/landing/_reference/geolocation.parquet,_reference
01303,-23.55001132944774,-46.64818240521669,sao paulo,SP,2016-01-01 00:00:00.000000,2026-08-27T05:17:09.287600+00:00,D:/D drive recovery/Shiva JH/Projects/OneLake Medallion/data/landing/_reference/geolocation.parquet,_reference
01307,-23.549360699694148,-46.65412441687346,sao paulo,SP,2016-01-01 00:00:00.000000,2026-08-27T05:17:09.287600+00:00,D:/D drive recovery/Shiva JH/Projects/OneLake Medallion/data/landing/_reference/geolocation.parquet,_reference
01319,-23.55156260866176,-46.64021297307979,são paulo,SP,2016-01-01 00:00:00.000000,2026-08-27T05:17:09.287600+00:00,D:/D drive recovery/Shiva JH/Projects/OneLake Medallion/data/landing/_reference/geolocation.parquet,_reference
01455,-23.580690704974277,-46.68751888037395,sao paulo,SP,2016-01-01 00:00:00.000000,2026-08-27T05:17:09.287600+00:00,D:/D drive recovery/Shiva JH/Projects/OneLake Medallion/data/landing/_reference/geolocation.parquet,_reference
02030,-23.504769581649203,-46.62470303231384,sao paulo,SP,2016-01-01 00:00:00.000000,2026-08-27T05:17:09.287600+00:00,D:/D drive recovery/Shiva JH/Projects/OneLake Medallion/data/landing/_reference/geolocation.parquet,_reference
02346,-23.472004872323875,-46.60844051151254,sao paulo,SP,2016-01-01 00:00:00.000000,2026-08-27T05:17:09.287600+00:00,D:/D drive recovery/Shiva JH/Projects/OneLake Medallion/data/landing/_reference/geolocation.parquet,_reference
02671,-23.468540877604,-46.66436133472787,sao paulo,SP,2016-01-01 00:00:00.000000,2026-08-27T05:17:09.287600+00:00,D:/D drive recovery/Shiva JH/Projects/OneLake Medallion/data/landing/_reference/geolocation.parquet,_reference
02725,-23.49972484041201,-46.68386193643606,sao paulo,SP,2016-01-01 00:00:00.000000,2026-08-27T05:17:09.287600+00:00,D:/D drive recovery/Shiva JH/Projects/OneLake Medallion/data/landing/_reference/geolocation.parquet,_reference
03018,-23.53174394892955,-46.61395302123605,sao paulo,SP,2016-01-01 00:00:00.000000,2026-08-27T05:17:09.287600+00:00,D:/D drive recovery/Shiva JH/Projects/OneLake Medallion/data/landing/_reference/geolocation.parquet,_reference
03257,-23.60648067138897,-46.52604270953325,sao paulo,SP,2016-01-01 00:00:00.000000,2026-08-27T05:17:09.287600+00:00,D:/D drive recovery/Shiva JH/Projects/OneLake Medallion/data/landing/_reference/geolocation.parquet,_reference
03676,-23.51741951096427,-46.49340982944776,sao paulo,SP,2016-01-01 00:00:00.000000,2026-08-27T05:17:09.287600+00:00,D:/D drive recovery/Shiva JH/Projects/OneLake Medallion/data/landing/_reference/geolocation.parquet,_reference
03888,-23.50859924923539,-46.479868397166605,sao paulo,SP,2016-01-01 00:00:00.000000,2026-08-27T05:17:09.287600+00:00,D:/D drive recovery/Shiva JH/Projects/OneLake Medallion/data/landing/_reference/geolocation.parquet,_reference
03893,-23.515568947544576,-46.48428406549716,sao paulo,SP,2016-01-01 00:00:00.000000,2026-08-27T05:17:09.287600+00:00,D:/D drive recovery/Shiva JH/Projects/OneLake Medallion/data/landing/_reference/geolocation.parquet,_reference
04001,-23.57230126005544,-46.65200020136758,sao paulo,SP,2016-01-01 00:00:00.000000,2026-08-27T05:17:09.287600+00:00,D:/D drive recovery/Shiva JH/Projects/OneLake Medallion/data/landing/_reference/geolocation.parquet,_reference
04015,-23.58705433389114,-46.64555835443469,sao paulo,SP,2016-01-01 00:00:00.000000,2026-08-27T05:17:09.287600+00:00,D:/D drive recovery/Shiva JH/Projects/OneLake Medallion/data/landing/_reference/geolocation.parquet,_reference
04403,-23.667843855675457,-46.66038973120199,sao paulo,SP,2016-01-01 00:00:00.000000,2026-08-27T05:17:09.287600+00:00,D:/D drive recovery/Shiva JH/Projects/OneLake Medallion/data/landing/_reference/geolocation.parquet,_reference
04602,-23.615941683045737,-46.67538005966879,sao paulo,SP,2016-01-01 00:00:00.000000,2026-08-27T05:17:09.287600+00:00,D:/D drive recovery/Shiva JH/Projects/OneLake Medallion/data/landing/_reference/geolocation.parquet,_reference
05043,-23.52601626721261,-46.68975372862293,sao paulo,SP,2016-01-01 00:00:00.000000,2026-08-27T05:17:09.287600+00:00,D:/D drive recovery/Shiva JH/Projects/OneLake Medallion/data/landing/_reference/geolocation.parquet,_reference
05640,-23.62705347737897,-46.73637582569683,sao paulo,SP,2016-01-01 00:00:00.000000,2026-08-27T05:17:09.287600+00:00,D:/D drive recovery/Shiva JH/Projects/OneLake Medallion/data/landing/_reference/geolocation.parquet,_reference
05796,-23.65011090146578,-46.77797782791854,sao paulo,SP,2016-01-01 00:00:00.000000,2026-08-27T05:17:09.287600+00:00,D:/D drive recovery/Shiva JH/Projects/OneLake Medallion/data/landing/_reference/geolocation.parquet,_reference
06429,-23.49297991888317,-46.95883206083579,barueri,SP,2016-01-01 00:00:00.000000,2026-08-27T05:17:09.287600+00:00,D:/D drive recovery/Shiva JH/Projects/OneLake Medallion/data/landing/_reference/geolocation.parquet,_reference
96203,-32.0795133795473,-52.15767795961282,rio grande,RS,2016-01-01 00:00:00.000000,2026-08-27T05:17:09.287600+00:00,D:/D drive recovery/Shiva JH/Projects/OneLake Medallion/data/landing/_reference/geolocation.parquet,_reference
96216,-32.10985414775633,-52.1712025231468,rio grande,RS,2016-01-01 00:00:00.000000,2026-08-27T05:17:09.287600+00:00,D:/D drive recovery/Shiva JH/Projects/OneLake Medallion/data/landing/_reference/geolocation.parquet,_reference
97010,-29.686990820416717,-53.81325546364473,santa maria,RS,2016-01-01 00:00:00.000000,2026-08-27T05:17:09.287600+00:00,D:/D drive recovery/Shiva JH/Projects/OneLake Medallion/data/landing/_reference/geolocation.parquet,_reference
32310,-19.944519773919623,-44.03388528779314,contagem,MG,2016-01-01 00:00:00.000000,2026-08-27T05:17:09.287600+00:00,D:/D drive recovery/Shiva JH/Projects/OneLake Medallion/data/landing/_reference/geolocation.parquet,_reference
33880,-19.773702858733877,-44.085055578683125,ribeirao das neves,MG,2016-01-01 00:00:00.000000,2026-08-27T05:17:09.287600+00:00,D:/D drive recovery/Shiva JH/Projects/OneLake Medallion/data/landing/_reference/geolocation.parquet,_reference
35570,-20.474084262411907,-45.424321458052006,formiga,MG,2016-01-01 00:00:00.000000,2026-08-27T05:17:09.287600+00:00,D:/D drive recovery/Shiva JH/Projects/OneLake Medallion/data/landing/_reference/geolocation.parquet,_reference
35700,-19.46361254830593,-44.24441403023008,sete lagoas,MG,2016-01-01 00:00:00.000000,2026-08-27T05:17:09.287600+00:00,D:/D drive recovery/Shiva JH/Projects/OneLake Medallion/data/landing/_reference/geolocation.parquet,_reference
36302,-21.096972649648343,-44.234809817568056,sao joao del rei,MG,2016-01-01 00:00:00.000000,2026-08-27T05:17:09.287600+00:00,D:/D drive recovery/Shiva JH/Projects/OneLake Medallion/data/landing/_reference/geolocation.parquet,_reference
36500,-21.12574332854103,-42.92260482854105,uba,MG,2016-01-01 00:00:00.000000,2026-08-27T05:17:09.287600+00:00,D:/D drive recovery/Shiva JH/Projects/OneLake Medallion/data/landing/_reference/geolocation.parquet,_reference
06447,-23.54787985761916,-46.88417090735773,barueri,SP,2016-01-01 00:00:00.000000,2026-08-27T05:17:09.287600+00:00,D:/D drive recovery/Shiva JH/Projects/OneLake Medallion/data/landing/_reference/geolocation.parquet,_reference
06710,-23.60216311173847,-46.82371615806562,cotia,SP,2016-01-01 00:00:00.000000,2026-08-27T05:17:09.287600+00:00,D:/D drive recovery/Shiva JH/Projects/OneLake Medallion/data/landing/_reference/geolocation.parquet,_reference
06804,-23.64240477118844,-46.84976106435324,embu das artes,SP,2016-01-01 00:00:00.000000,2026-08-27T05:17:09.287600+00:00,D:/D drive recovery/Shiva JH/Projects/OneLake Medallion/data/landing/_reference/geolocation.parquet,_reference
06810,-23.650602102678075,-46.795999133052526,embu das artes,SP,2016-01-01 00:00:00.000000,2026-08-27T05:17:09.287600+00:00,D:/D drive recovery/Shiva JH/Projects/OneLake Medallion/data/landing/_reference/geolocation.parquet,_reference
07124,-23.42468549125742,-46.53172199125743,guarulhos,SP,2016-01-01 00:00:00.000000,2026-08-27T05:17:09.287600+00:00,D:/D drive recovery/Shiva JH/Projects/OneLake Medallion/data/landing/_reference/geolocation.parquet,_reference
08225,-23.524074769667923,-46.45826882323692,sao paulo,SP,2016-01-01 00:00:00.000000,2026-08-27T05:17:09.287600+00:00,D:/D drive recovery/Shiva JH/Projects/OneLake Medallion/data/landing/_reference/geolocation.parquet,_reference
08248,-23.525464075768955,-46.43488727185641,sao paulo,SP,2016-01-01 00:00:00.000000,2026-08-27T05:17:09.287600+00:00,D:/D drive recovery/Shiva JH/Projects/OneLake Medallion/data/landing/_reference/geolocation.parquet,_reference
08250,-23.539824031911863,-46.434679443937874,sao paulo,SP,2016-01-01 00:00:00.000000,2026-08-27T05:17:09.287600+00:00,D:/D drive recovery/Shiva JH/Projects/OneLake Medallion/data/landing/_reference/geolocation.parquet,_reference
09131,-23.69931254058364,-46.501432357095794,santo andre,SP,2016-01-01 00:00:00.000000,2026-08-27T05:17:09.287600+00:00,D:/D drive recovery/Shiva JH/Projects/OneLake Medallion/data/landing/_reference/geolocation.parquet,_reference
09321,-23.64642952510253,-46.433690298084144,maua,SP,2016-01-01 00:00:00.000000,2026-08-27T05:17:09.287600+00:00,D:/D drive recovery/Shiva JH/Projects/OneLake Medallion/data/landing/_reference/geolocation.parquet,_reference
09560,-23.626053031363607,-46.554888478215695,sao caetano do sul,SP,2016-01-01 00:00:00.000000,2026-08-27T05:17:09.287600+00:00,D:/D drive recovery/Shiva JH/Projects/OneLake Medallion/data/landing/_reference/geolocation.parquet,_reference
09950,-23.684721443793656,-46.58409388868383,diadema,SP,2016-01-01 00:00:00.000000,2026-08-27T05:17:09.287600+00:00,D:/D drive recovery/Shiva JH/Projects/OneLake Medallion/data/landing/_reference/geolocation.parquet,_reference
12286,-23.110653666945577,-45.71729604454958,cacapava,SP,2016-01-01 00:00:00.000000,2026-08-27T05:17:09.287600+00:00,D:/D drive recovery/Shiva JH/Projects/OneLake Medallion/data/landing/_reference/geolocation.parquet,_reference
12944,-23.10083372439267,-46.55334887039065,atibaia,SP,2016-01-01 00:00:00.000000,2026-08-27T05:17:09.287600+00:00,D:/D drive recovery/Shiva JH/Projects/OneLake Medallion/data/landing/_reference/geolocation.parquet,_reference
13040,-22.926904742714527,-47.067241683593984,campinas,SP,2016-01-01 00:00:00.000000,2026-08-27T05:17:09.287600+00:00,D:/D drive recovery/Shiva JH/Projects/OneLake Medallion/data/landing/_reference/geolocation.parquet,_reference
92020,-29.91005335319802,-51.169226719006566,canoas,RS,2016-01-01 00:00:00.000000,2026-08-27T05:17:09.287600+00:00,D:/D drive recovery/Shiva JH/Projects/OneLake Medallion/data/landing/_reference/geolocation.parquet,_reference
96015,-31.767831461278803,-52.34106915266308,pelotas,RS,2016-01-01 00:00:00.000000,2026-08-27T05:17:09.287600+00:00,D:/D drive recovery/Shiva JH/Projects/OneLake Medallion/data/landing/_reference/geolocation.parquet,_reference
96700,-29.96420938636177,-51.71205776906624,sao jeronimo,RS,2016-01-01 00:00:00.000000,2026-08-27T05:17:09.287600+00:00,D:/D drive recovery/Shiva JH/Projects/OneLake Medallion/data/landing/_reference/geolocation.parquet,_reference
98910,-27.713180999999945,-54.26528299999997,tres de maio,RS,2016-01-01 00:00:00.000000,2026-08-27T05:17:09.287600+00:00,D:/D drive recovery/Shiva JH/Projects/OneLake Medallion/data/landing/_reference/geolocation.parquet,_reference
99010,-28.246010663976687,-52.38356841481704,passo fundo,RS,2016-01-01 00:00:00.000000,2026-08-27T05:17:09.287600+00:00,D:/D drive recovery/Shiva JH/Projects/OneLake Medallion/data/landing/_reference/geolocation.parquet,_reference
99200,-28.845137218176877,-51.899509317182144,guapore,RS,2016-01-01 00:00:00.000000,2026-08-27T05:17:09.287600+00:00,D:/D drive recovery/Shiva JH/Projects/OneLake Medallion/data/landing/_reference/geolocation.parquet,_reference
86706,-23.420739085916825,-51.41460369847018,arapongas,PR,2016-01-01 00:00:00.000000,2026-08-27T05:17:09.287600+00:00,D:/D drive recovery/Shiva JH/Projects/OneLake Medallion/data/landing/_reference/geolocation.parquet,_reference
86800,-23.552512530494816,-51.46349357996916,apucarana,PR,2016-01-01 00:00:00.000000,2026-08-27T05:17:09.287600+00:00,D:/D drive recovery/Shiva JH/Projects/OneLake Medallion/data/landing/_reference/geolocation.parquet,_reference
88048,-27.64441001566128,-48.47653363335797,florianópolis,SC,2016-01-01 00:00:00.000000,2026-08-27T05:17:09.287600+00:00,D:/D drive recovery/Shiva JH/Projects/OneLake Medallion/data/landing/_reference/geolocation.parquet,_reference
88053,-27.442080754371283,-48.48344901581171,florianopolis,SC,2016-01-01 00:00:00.000000,2026-08-27T05:17:09.287600+00:00,D:/D drive recovery/Shiva JH/Projects/OneLake Medallion/data/landing/_reference/geolocation.parquet,_reference
88062,-27.625926604766622,-48.48014656036129,florianopolis,SC,2016-01-01 00:00:00.000000,2026-08-27T05:17:09.287600+00:00,D:/D drive recovery/Shiva JH/Projects/OneLake Medallion/data/landing/_reference/geolocation.parquet,_reference
88102,-27.594535616886628,-48.6167263916482,sao jose,SC,2016-01-01 00:00:00.000000,2026-08-27T05:17:09.287600+00:00,D:/D drive recovery/Shiva JH/Projects/OneLake Medallion/data/landing/_reference/geolocation.parquet,_reference
88332,-27.009682143798035,-48.6016870728936,balneario camboriu,SC,2016-01-01 00:00:00.000000,2026-08-27T05:17:09.287600+00:00,D:/D drive recovery/Shiva JH/Projects/OneLake Medallion/data/landing/_reference/geolocation.parquet,_reference
88802,-28.680422038680614,-49.36995209892042,criciuma,SC,2016-01-01 00:00:00.000000,2026-08-27T05:17:09.287600+00:00,D:/D drive recovery/Shiva JH/Projects/OneLake Medallion/data/landing/_reference/geolocation.parquet,_reference
88803,-28.692420266801093,-49.38370589578162,criciuma,SC,2016-01-01 00:00:00.000000,2026-08-27T05:17:09.287600+00:00,D:/D drive recovery/Shiva JH/Projects/OneLake Medallion/data/landing/_reference/geolocation.parquet,_reference
89500,-26.77759782919396,-51.0266006692904,cacador,SC,2016-01-01 00:00:00.000000,2026-08-27T05:17:09.287600+00:00,D:/D drive recovery/Shiva JH/Projects/OneLake Medallion/data/landing/_reference/geolocation.parquet,_reference
91330,-30.02870741909516,-51.16881473134623,porto alegre,RS,2016-01-01 00:00:00.000000,2026-08-27T05:17:09.287600+00:00,D:/D drive recovery/Shiva JH/Projects/OneLake Medallion/data/landing/_reference/geolocation.parquet,_reference
95088,-29.193359085518043,-51.162024291842336,caxias do sul,RS,2016-01-01 00:00:00.000000,2026-08-27T05:17:09.287600+00:00,D:/D drive recovery/Shiva JH/Projects/OneLake Medallion/data/landing/_reference/geolocation.parquet,_reference
95170,-29.891348178542295,-50.27310902841568,farroupilha,RS,2016-01-01 00:00:00.000000,2026-08-27T05:17:09.287600+00:00,D:/D drive recovery/Shiva JH/Projects/OneLake Medallion/data/landing/_reference/geolocation.parquet,_reference
95500,-29.8278405,-50.5234755,santo antonio da patrulha,RS,2016-01-01 00:00:00.000000,2026-08-27T05:17:09.287600+00:00,D:/D drive recovery/Shiva JH/Projects/OneLake Medallion/data/landing/_reference/geolocation.parquet,_reference
95890,-29.513654924818667,-51.810979665661065,teutonia,RS,2016-01-01 00:00:00.000000,2026-08-27T05:17:09.287600+00:00,D:/D drive recovery/Shiva JH/Projects/OneLake Medallion/data/landing/_reference/geolocation.parquet,_reference
96190,-30.703343334292004,-52.10869514478124,dom feliciano,RS,2016-01-01 00:00:00.000000,2026-08-27T05:17:09.287600+00:00,D:/D drive recovery/Shiva JH/Projects/OneLake Medallion/data/landing/_reference/geolocation.parquet,_reference
96408,-31.30534057119673,-54.11136802600594,bage,RS,2016-01-01 00:00:00.000000,2026-08-27T05:17:09.287600+00:00,D:/D drive recovery/Shiva JH/Projects/OneLake Medallion/data/landing/_reference/geolocation.parquet,_reference
12308,-23.30139631473257,-45.96172658840667,jacarei,SP,2016-01-01 00:00:00.000000,2026-08-27T05:17:09.287600+00:00,D:/D drive recovery/Shiva JH/Projects/OneLake Medallion/data/landing/_reference/geolocation.parquet,_reference
13024,-22.889641421316863,-47.05668446918465,campinas,SP,2016-01-01 00:00:00.000000,2026-08-27T05:17:09.287600+00:00,D:/D drive recovery/Shiva JH/Projects/OneLake Medallion/data/landing/_reference/geolocation.parquet,_reference
13060,-22.943830511384977,-47.11233196480047,campinas,SP,2016-01-01 00:00:00.000000,2026-08-27T05:17:09.287600+00:00,D:/D drive recovery/Shiva JH/Projects/OneLake Medallion/data/landing/_reference/geolocation.parquet,_reference
13225,-23.221738357943583,-46.8463421029226,varzea paulista,SP,2016-01-01 00:00:00.000000,2026-08-27T05:17:09.287600+00:00,D:/D drive recovery/Shiva JH/Projects/OneLake Medallion/data/landing/_reference/geolocation.parquet,_reference
13295,-23.15915219401001,-47.05820782584106,itupeva,SP,2016-01-01 00:00:00.000000,2026-08-27T05:17:09.287600+00:00,D:/D drive recovery/Shiva JH/Projects/OneLake Medallion/data/landing/_reference/geolocation.parquet,_reference
13321,-23.190243653067117,-47.291570633360266,salto,SP,2016-01-01 00:00:00.000000,2026-08-27T05:17:09.287600+00:00,D:/D drive recovery/Shiva JH/Projects/OneLake Medallion/data/landing/_reference/geolocation.parquet,_reference
13328,-23.184582414451015,-47.328649797768485,salto,SP,2016-01-01 00:00:00.000000,2026-08-27T05:17:09.287600+00:00,D:/D drive recovery/Shiva JH/Projects/OneLake Medallion/data/landing/_reference/geolocation.parquet,_reference
13375,-22.9294881423121,-47.56826980444118,mombuca,SP,2016-01-01 00:00:00.000000,2026-08-27T05:17:09.287600+00:00,D:/D drive recovery/Shiva JH/Projects/OneLake Medallion/data/landing/_reference/geolocation.parquet,_reference
13453,-22.73579256527013,-47.41089508396748,santa barbara d'oeste,SP,2016-01-01 00:00:00.000000,2026-08-27T05:17:09.287600+00:00,D:/D drive recovery/Shiva JH/Projects/OneLake Medallion/data/landing/_reference/geolocation.parquet,_reference
13473,-22.72893170107914,-47.301322143632056,americana,SP,2016-01-01 00:00:00.000000,2026-08-27T05:17:09.287600+00:00,D:/D drive recovery/Shiva JH/Projects/OneLake Medallion/data/landing/_reference/geolocation.parquet,_reference
13568,-22.016967296150906,-47.85171546211552,sao carlos,SP,2016-01-01 00:00:00.000000,2026-08-27T05:17:09.287600+00:00,D:/D drive recovery/Shiva JH/Projects/OneLake Medallion/data/landing/_reference/geolocation.parquet,_reference
13715,-21.737799874375423,-46.96780519384342,itobi,SP,2016-01-01 00:00:00.000000,2026-08-27T05:17:09.287600+00:00,D:/D drive recovery/Shiva JH/Projects/OneLake Medallion/data/landing/_reference/geolocation.parquet,_reference
14407,-20.50234199999999,-47.4215895,franca,SP,2016-01-01 00:00:00.000000,2026-08-27T05:17:09.287600+00:00,D:/D drive recovery/Shiva JH/Projects/OneLake Medallion/data/landing/_reference/geolocation.parquet,_reference
14700,-21.01874823813636,-48.6485935746869,bebedouro,SP,2016-01-01 00:00:00.000000,2026-08-27T05:17:09.287600+00:00,D:/D drive recovery/Shiva JH/Projects/OneLake Medallion/data/landing/_reference/geolocation.parquet,_reference
14740,-20.87672840914925,-48.29557204915602,viradouro,SP,2016-01-01 00:00:00.000000,2026-08-27T05:17:09.287600+00:00,D:/D drive recovery/Shiva JH/Projects/OneLake Medallion/data/landing/_reference/geolocation.parquet,_reference
14960,-21.46284342229134,-49.21918836311204,novo horizonte,SP,2016-01-01 00:00:00.000000,2026-08-27T05:17:09.287600+00:00,D:/D drive recovery/Shiva JH/Projects/OneLake Medallion/data/landing/_reference/geolocation.parquet,_reference
15081,-20.84568986975691,-49.36310090848709,sao jose do rio preto,SP,2016-01-01 00:00:00.000000,2026-08-27T05:17:09.287600+00:00,D:/D drive recovery/Shiva JH/Projects/OneLake Medallion/data/landing/_reference/geolocation.parquet,_reference
01224,-23.541718547319537,-46.64883066180968,sao paulo,SP,2016-01-01 00:00:00.000000,2026-08-27T05:17:09.287600+00:00,D:/D drive recovery/Shiva JH/Projects/OneLake Medallion/data/landing/_reference/geolocation.parquet,_reference
01241,-23.54567660866176,-46.6569934730798,são paulo,SP,2016-01-01 00:00:00.000000,2026-08-27T05:17:09.287600+00:00,D:/D drive recovery/Shiva JH/Projects/OneLake Medallion/data/landing/_reference/geolocation.parquet,_reference
01402,-23.58406691212703,-46.66998067037748,sao paulo,SP,2016-01-01 00:00:00.000000,2026-08-27T05:17:09.287600+00:00,D:/D drive recovery/Shiva JH/Projects/OneLake Medallion/data/landing/_reference/geolocation.parquet,_reference
01408,-23.569438714409333,-46.66342129141903,sao paulo,SP,2016-01-01 00:00:00.000000,2026-08-27T05:17:09.287600+00:00,D:/D drive recovery/Shiva JH/Projects/OneLake Medallion/data/landing/_reference/geolocation.parquet,_reference
01509,-23.567590529834398,-46.63545150721337,sao paulo,SP,2016-01-01 00:00:00.000000,2026-08-27T05:17:09.287600+00:00,D:/D drive recovery/Shiva JH/Projects/OneLake Medallion/data/landing/_reference/geolocation.parquet,_reference
01532,-23.572060847625384,-46.636136837497816,sao paulo,SP,2016-01-01 00:00:00.000000,2026-08-27T05:17:09.287600+00:00,D:/D drive recovery/Shiva JH/Projects/OneLake Medallion/data/landing/_reference/geolocation.parquet,_reference
02124,-23.50636475575626,-46.58066375575627,sao paulo,SP,2016-01-01 00:00:00.000000,2026-08-27T05:17:09.287600+00:00,D:/D drive recovery/Shiva JH/Projects/OneLake Medallion/data/landing/_reference/geolocation.parquet,_reference
02325,-23.456071921273917,-46.5850697356283,são paulo,SP,2016-01-01 00:00:00.000000,2026-08-27T05:17:09.287600+00:00,D:/D drive recovery/Shiva JH/Projects/OneLake Medallion/data/landing/_reference/geolocation.parquet,_reference
02330,-23.48506315903973,-46.61571376879802,são paulo,SP,2016-01-01 00:00:00.000000,2026-08-27T05:17:09.287600+00:00,D:/D drive recovery/Shiva JH/Projects/OneLake Medallion/data/landing/_reference/geolocation.parquet,_reference
02634,-23.46016520927345,-46.65066418373822,sao paulo,SP,2016-01-01 00:00:00.000000,2026-08-27T05:17:09.287600+00:00,D:/D drive recovery/Shiva JH/Projects/OneLake Medallion/data/landing/_reference/geolocation.parquet,_reference
02839,-23.47666615958798,-46.68147008895491,sao paulo,SP,2016-01-01 00:00:00.000000,2026-08-27T05:17:09.287600+00:00,D:/D drive recovery/Shiva JH/Projects/OneLake Medallion/data/landing/_reference/geolocation.parquet,_reference
03034,-23.52653262447346,-46.62040252706444,sao paulo,SP,2016-01-01 00:00:00.000000,2026-08-27T05:17:09.287600+00:00,D:/D drive recovery/Shiva JH/Projects/OneLake Medallion/data/landing/_reference/geolocation.parquet,_reference
03071,-23.533721612268447,-46.562341521640086,sao paulo,SP,2016-01-01 00:00:00.000000,2026-08-27T05:17:09.287600+00:00,D:/D drive recovery/Shiva JH/Projects/OneLake Medallion/data/landing/_reference/geolocation.parquet,_reference
03237,-23.59539756425642,-46.55163738273989,são paulo,SP,2016-01-01 00:00:00.000000,2026-08-27T05:17:09.287600+00:00,D:/D drive recovery/Shiva JH/Projects/OneLake Medallion/data/landing/_reference/geolocation.parquet,_reference
03503,-23.5360750335853,-46.54159652622772,são paulo,SP,2016-01-01 00:00:00.000000,2026-08-27T05:17:09.287600+00:00,D:/D drive recovery/Shiva JH/Projects/OneLake Medallion/data/landing/_reference/geolocation.parquet,_reference
03613,-23.51845531779098,-46.53268368206479,sao paulo,SP,2016-01-01 00:00:00.000000,2026-08-27T05:17:09.287600+00:00,D:/D drive recovery/Shiva JH/Projects/OneLake Medallion/data/landing/_reference/geolocation.parquet,_reference
03712,-23.51228181032049,-46.51270622499318,sao paulo,SP,2016-01-01 00:00:00.000000,2026-08-27T05:17:09.287600+00:00,D:/D drive recovery/Shiva JH/Projects/OneLake Medallion/data/landing/_reference/geolocation.parquet,_reference
03929,-23.606332072162274,-46.488808985429046,sao paulo,SP,2016-01-01 00:00:00.000000,2026-08-27T05:17:09.287600+00:00,D:/D drive recovery/Shiva JH/Projects/OneLake Medallion/data/landing/_reference/geolocation.parquet,_reference
04265,-23.58667354731954,-46.61242320483004,são paulo,SP,2016-01-01 00:00:00.000000,2026-08-27T05:17:09.287600+00:00,D:/D drive recovery/Shiva JH/Projects/OneLake Medallion/data/landing/_reference/geolocation.parquet,_reference
04347,-23.64502698084141,-46.646226916873445,sao paulo,SP,2016-01-01 00:00:00.000000,2026-08-27T05:17:09.287600+00:00,D:/D drive recovery/Shiva JH/Projects/OneLake Medallion/data/landing/_reference/geolocation.parquet,_reference
04386,-23.661877777684808,-46.65707556272721,sao paulo,SP,2016-01-01 00:00:00.000000,2026-08-27T05:17:09.287600+00:00,D:/D drive recovery/Shiva JH/Projects/OneLake Medallion/data/landing/_reference/geolocation.parquet,_reference
04822,-23.728489868168943,-46.68909960006341,sao paulo,SP,2016-01-01 00:00:00.000000,2026-08-27T05:17:09.287600+00:00,D:/D drive recovery/Shiva JH/Projects/OneLake Medallion/data/landing/_reference/geolocation.parquet,_reference
04845,-23.752739849847075,-46.69052701234924,sao paulo,SP,2016-01-01 00:00:00.000000,2026-08-27T05:17:09.287600+00:00,D:/D drive recovery/Shiva JH/Projects/OneLake Medallion/data/landing/_reference/geolocation.parquet,_reference
04856,-23.77240945047477,-46.694141540597954,sao paulo,SP,2016-01-01 00:00:00.000000,2026-08-27T05:17:09.287600+00:00,D:/D drive recovery/Shiva JH/Projects/OneLake Medallion/data/landing/_reference/geolocation.parquet,_reference
05786,-23.636521320012687,-46.77320758159732,sao paulo,SP,2016-01-01 00:00:00.000000,2026-08-27T05:17:09.287600+00:00,D:/D drive recovery/Shiva JH/Projects/OneLake Medallion/data/landing/_reference/geolocation.parquet,_reference
06680,-23.533790389172555,-46.915877230730494,itapevi,SP,2016-01-01 00:00:00.000000,2026-08-27T05:17:09.287600+00:00,D:/D drive recovery/Shiva JH/Projects/OneLake Medallion/data/landing/_reference/geolocation.parquet,_reference
06713,-23.615928708516527,-46.84997839900814,cotia,SP,2016-01-01 00:00:00.000000,2026-08-27T05:17:09.287600+00:00,D:/D drive recovery/Shiva JH/Projects/OneLake Medallion/data/landing/_reference/geolocation.parquet,_reference
07031,-23.496488565250488,-46.54671310832206,guarulhos,SP,2016-01-01 00:00:00.000000,2026-08-27T05:17:09.287600+00:00,D:/D drive recovery/Shiva JH/Projects/OneLake Medallion/data/landing/_reference/geolocation.parquet,_reference
18075,-23.47652489322728,-47.462521633149485,sorocaba,SP,2016-01-01 00:00:00.000000,2026-08-27T05:17:09.287600+00:00,D:/D drive recovery/Shiva JH/Projects/OneLake Medallion/data/landing/_reference/geolocation.parquet,_reference
18085,-23.476203178458103,-47.42685451027179,sorocaba,SP,2016-01-01 00:00:00.000000,2026-08-27T05:17:09.287600+00:00,D:/D drive recovery/Shiva JH/Projects/OneLake Medallion/data/landing/_reference/geolocation.parquet,_reference
18105,-23.406419346932893,-47.37584945697964,sorocaba,SP,2016-01-01 00:00:00.000000,2026-08-27T05:17:09.287600+00:00,D:/D drive recovery/Shiva JH/Projects/OneLake Medallion/data/landing/_reference/geolocation.parquet,_reference
18681,-22.59942838136111,-48.779995856226165,lençóis paulista,SP,2016-01-01 00:00:00.000000,2026-08-27T05:17:09.287600+00:00,D:/D drive recovery/Shiva JH/Projects/OneLake Medallion/data/landing/_reference/geolocation.parquet,_reference
20241,-22.932760211495157,-43.19785123743439,rio de janeiro,RJ,2016-01-01 00:00:00.000000,2026-08-27T05:17:09.287600+00:00,D:/D drive recovery/Shiva JH/Projects/OneLake Medallion/data/landing/_reference/geolocation.parquet,_reference
20520,-22.92931946221692,-43.23596118471042,rio de janeiro,RJ,2016-01-01 00:00:00.000000,2026-08-27T05:17:09.287600+00:00,D:/D drive recovery/Shiva JH/Projects/OneLake Medallion/data/landing/_reference/geolocation.parquet,_reference
20785,-22.887998108806,-43.27113442743371,rio de janeiro,RJ,2016-01-01 00:00:00.000000,2026-08-27T05:17:09.287600+00:00,D:/D drive recovery/Shiva JH/Projects/OneLake Medallion/data/landing/_reference/geolocation.parquet,_reference
20943,-22.9088486121434,-43.23332673939564,rio de janeiro,RJ,2016-01-01 00:00:00.000000,2026-08-27T05:17:09.287600+00:00,D:/D drive recovery/Shiva JH/Projects/OneLake Medallion/data/landing/_reference/geolocation.parquet,_reference
21020,-22.83010677604002,-43.27754866983109,rio de janeiro,RJ,2016-01-01 00:00:00.000000,2026-08-27T05:17:09.287600+00:00,D:/D drive recovery/Shiva JH/Projects/OneLake Medallion/data/landing/_reference/geolocation.parquet,_reference
22621,-23.01238025783373,-43.30811723146178,rio de janeiro,RJ,2016-01-01 00:00:00.000000,2026-08-27T05:17:09.287600+00:00,D:/D drive recovery/Shiva JH/Projects/OneLake Medallion/data/landing/_reference/geolocation.parquet,_reference
11355,-23.951543608128816,-46.40763583542016,sao vicente,SP,2016-01-01 00:00:00.000000,2026-08-27T05:17:09.287600+00:00,D:/D drive recovery/Shiva JH/Projects/OneLake Medallion/data/landing/_reference/geolocation.parquet,_reference
11740,-24.149651009642906,-46.7480979001278,itanhaem,SP,2016-01-01 00:00:00.000000,2026-08-27T05:17:09.287600+00:00,D:/D drive recovery/Shiva JH/Projects/OneLake Medallion/data/landing/_reference/geolocation.parquet,_reference
12216,-23.201181199001663,-45.88358210352587,sao jose dos campos,SP,2016-01-01 00:00:00.000000,2026-08-27T05:17:09.287600+00:00,D:/D drive recovery/Shiva JH/Projects/OneLake Medallion/data/landing/_reference/geolocation.parquet,_reference
12224,-23.171341746321207,-45.82053206411217,sao jose dos campos,SP,2016-01-01 00:00:00.000000,2026-08-27T05:17:09.287600+00:00,D:/D drive recovery/Shiva JH/Projects/OneLake Medallion/data/landing/_reference/geolocation.parquet,_reference
12247,-23.26576982024265,-45.912724345959454,sao jose dos campos,SP,2016-01-01 00:00:00.000000,2026-08-27T05:17:09.287600+00:00,D:/D drive recovery/Shiva JH/Projects/OneLake Medallion/data/landing/_reference/geolocation.parquet,_reference
12327,-23.29818595956356,-45.974828011182304,jacarei,SP,2016-01-01 00:00:00.000000,2026-08-27T05:17:09.287600+00:00,D:/D drive recovery/Shiva JH/Projects/OneLake Medallion/data/landing/_reference/geolocation.parquet,_reference
12942,-23.120273860118864,-46.56362790244673,atibaia,SP,2016-01-01 00:00:00.000000,2026-08-27T05:17:09.287600+00:00,D:/D drive recovery/Shiva JH/Projects/OneLake Medallion/data/landing/_reference/geolocation.parquet,_reference
13033,-22.908292093622787,-47.09417761615002,campinas,SP,2016-01-01 00:00:00.000000,2026-08-27T05:17:09.287600+00:00,D:/D drive recovery/Shiva JH/Projects/OneLake Medallion/data/landing/_reference/geolocation.parquet,_reference
13201,-23.183525146834693,-46.883864937157206,jundiai,SP,2016-01-01 00:00:00.000000,2026-08-27T05:17:09.287600+00:00,D:/D drive recovery/Shiva JH/Projects/OneLake Medallion/data/landing/_reference/geolocation.parquet,_reference
13270,-22.976619071841363,-47.01071509319301,valinhos,SP,2016-01-01 00:00:00.000000,2026-08-27T05:17:09.287600+00:00,D:/D drive recovery/Shiva JH/Projects/OneLake Medallion/data/landing/_reference/geolocation.parquet,_reference
13283,-23.01011064782791,-46.98368633960173,vinhedo,SP,2016-01-01 00:00:00.000000,2026-08-27T05:17:09.287600+00:00,D:/D drive recovery/Shiva JH/Projects/OneLake Medallion/data/landing/_reference/geolocation.parquet,_reference
13456,-22.75118371926839,-47.365807875930905,santa barbara d'oeste,SP,2016-01-01 00:00:00.000000,2026-08-27T05:17:09.287600+00:00,D:/D drive recovery/Shiva JH/Projects/OneLake Medallion/data/landing/_reference/geolocation.parquet,_reference
13485,-22.544949898749408,-47.38847812985088,limeira,SP,2016-01-01 00:00:00.000000,2026-08-27T05:17:09.287600+00:00,D:/D drive recovery/Shiva JH/Projects/OneLake Medallion/data/landing/_reference/geolocation.parquet,_reference
89665,-27.343516011563647,-51.611377379047546,capinzal,SC,2016-01-01 00:00:00.000000,2026-08-27T05:17:09.287600+00:00,D:/D drive recovery/Shiva JH/Projects/OneLake Medallion/data/landing/_reference/geolocation.parquet,_reference
89885,-27.0817412352231,-53.00327240548199,sao carlos,SC,2016-01-01 00:00:00.000000,2026-08-27T05:17:09.287600+00:00,D:/D drive recovery/Shiva JH/Projects/OneLake Medallion/data/landing/_reference/geolocation.parquet,_reference
93542,-29.6881809883103,-51.0915608374261,novo hamburgo,RS,2016-01-01 00:00:00.000000,2026-08-27T05:17:09.287600+00:00,D:/D drive recovery/Shiva JH/Projects/OneLake Medallion/data/landing/_reference/geolocation.parquet,_reference
95255,-28.79485822242105,-51.09429466225263,campestre da serra,RS,2016-01-01 00:00:00.000000,2026-08-27T05:17:09.287600+00:00,D:/D drive recovery/Shiva JH/Projects/OneLake Medallion/data/landing/_reference/geolocation.parquet,_reference
56320,-9.358524035135137,-40.4793764679649,petrolina,PE,2016-01-01 00:00:00.000000,2026-08-27T05:17:09.287600+00:00,D:/D drive recovery/Shiva JH/Projects/OneLake Medallion/data/landing/_reference/geolocation.parquet,_reference
58884,-6.351909289510704,-37.75181651385692,catole do rocha,PB,2016-01-01 00:00:00.000000,2026-08-27T05:17:09.287600+00:00,D:/D drive recovery/Shiva JH/Projects/OneLake Medallion/data/landing/_reference/geolocation.parquet,_reference
59064,-5.8331894727598455,-35.21431166010473,natal,RN,2016-01-01 00:00:00.000000,2026-08-27T05:17:09.287600+00:00,D:/D drive recovery/Shiva JH/Projects/OneLake Medallion/data/landing/_reference/geolocation.parquet,_reference
60110,-3.74398789869582,-38.51979040161001,fortaleza,CE,2016-01-01 00:00:00.000000,2026-08-27T05:17:09.287600+00:00,D:/D drive recovery/Shiva JH/Projects/OneLake Medallion/data/landing/_reference/geolocation.parquet,_reference
60711,-3.797262045459956,-38.56886252756271,fortaleza,CE,2016-01-01 00:00:00.000000,2026-08-27T05:17:09.287600+00:00,D:/D drive recovery/Shiva JH/Projects/OneLake Medallion/data/landing/_reference/geolocation.parquet,_reference
65900,-5.531485401912745,-47.47287779349633,imperatriz,MA,2016-01-01 00:00:00.000000,2026-08-27T05:17:09.287600+00:00,D:/D drive recovery/Shiva JH/Projects/OneLake Medallion/data/landing/_reference/geolocation.parquet,_reference
69307,2.8599291953648303,-60.66381222549073,boa vista,RR,2016-01-01 00:00:00.000000,2026-08-27T05:17:09.287600+00:00,D:/D drive recovery/Shiva JH/Projects/OneLake Medallion/data/landing/_reference/geolocation.parquet,_reference
70337,-15.806380500000005,-47.8958085,brasilia,DF,2016-01-01 00:00:00.000000,2026-08-27T05:17:09.287600+00:00,D:/D drive recovery/Shiva JH/Projects/OneLake Medallion/data/landing/_reference/geolocation.parquet,_reference
70754,-15.753295505587056,-47.88821075995372,brasília,DF,2016-01-01 00:00:00.000000,2026-08-27T05:17:09.287600+00:00,D:/D drive recovery/Shiva JH/Projects/OneLake Medallion/data/landing/_reference/geolocation.parquet,_reference
71020,-15.820608327447964,-47.9774549546782,brasilia,DF,2016-01-01 00:00:00.000000,2026-08-27T05:17:09.287600+00:00,D:/D drive recovery/Shiva JH/Projects/OneLake Medallion/data/landing/_reference/geolocation.parquet,_reference
71200,-15.805754999999998,-47.96828099999999,brasilia,DF,2016-01-01 00:00:00.000000,2026-08-27T05:17:09.287600+00:00,D:/D drive recovery/Shiva JH/Projects/OneLake Medallion/data/landing/_reference/geolocation.parquet,_reference
71691,-15.906466093180695,-47.77423989072256,brasilia,DF,2016-01-01 00:00:00.000000,2026-08-27T05:17:09.287600+00:00,D:/D drive recovery/Shiva JH/Projects/OneLake Medallion/data/landing/_reference/geolocation.parquet,_reference
71710,-15.875505402861275,-47.979364692634334,brasilia,DF,2016-01-01 00:00:00.000000,2026-08-27T05:17:09.287600+00:00,D:/D drive recovery/Shiva JH/Projects/OneLake Medallion/data/landing/_reference/geolocation.parquet,_reference
71928,-15.848767641268472,-48.03324800952432,brasilia,DF,2016-01-01 00:00:00.000000,2026-08-27T05:17:09.287600+00:00,D:/D drive recovery/Shiva JH/Projects/OneLake Medallion/data/landing/_reference/geolocation.parquet,_reference
78320,-11.418759603270525,-58.77167173409165,juina,MT,2016-01-01 00:00:00.000000,2026-08-27T05:17:09.287600+00:00,D:/D drive recovery/Shiva JH/Projects/OneLake Medallion/data/landing/_reference/geolocation.parquet,_reference
78360,-13.657923924135602,-57.88838990978213,campo novo do parecis,MT,2016-01-01 00:00:00.000000,2026-08-27T05:17:09.287600+00:00,D:/D drive recovery/Shiva JH/Projects/OneLake Medallion/data/landing/_reference/geolocation.parquet,_reference
79130,-21.784207571148777,-54.52942519947917,rio brilhante,MS,2016-01-01 00:00:00.000000,2026-08-27T05:17:09.287600+00:00,D:/D drive recovery/Shiva JH/Projects/OneLake Medallion/data/landing/_reference/geolocation.parquet,_reference
80030,-25.41420518595992,-49.259492785590666,curitiba,PR,2016-01-01 00:00:00.000000,2026-08-27T05:17:09.287600+00:00,D:/D drive recovery/Shiva JH/Projects/OneLake Medallion/data/landing/_reference/geolocation.parquet,_reference
80040,-25.41810890007532,-49.2549331354036,curitiba,PR,2016-01-01 00:00:00.000000,2026-08-27T05:17:09.287600+00:00,D:/D drive recovery/Shiva JH/Projects/OneLake Medallion/data/landing/_reference/geolocation.parquet,_reference
83085,-25.549237938657765,-49.15384787705575,sao jose dos pinhais,PR,2016-01-01 00:00:00.000000,2026-08-27T05:17:09.287600+00:00,D:/D drive recovery/Shiva JH/Projects/OneLake Medallion/data/landing/_reference/geolocation.parquet,_reference
85415,-24.62885618118908,-53.31776941639194,cafelandia,PR,2016-01-01 00:00:00.000000,2026-08-27T05:17:09.287600+00:00,D:/D drive recovery/Shiva JH/Projects/OneLake Medallion/data/landing/_reference/geolocation.parquet,_reference
85501,-26.22430334097769,-52.672192179214726,pato branco,PR,2016-01-01 00:00:00.000000,2026-08-27T05:17:09.287600+00:00,D:/D drive recovery/Shiva JH/Projects/OneLake Medallion/data/landing/_reference/geolocation.parquet,_reference
09424,-23.712433211901875,-46.41730264609344,ribeirao pires,SP,2016-01-01 00:00:00.000000,2026-08-27T05:17:09.287600+00:00,D:/D drive recovery/Shiva JH/Projects/OneLake Medallion/data/landing/_reference/geolocation.parquet,_reference
09771,-23.707328035575863,-46.53661757455686,sao bernardo do campo,SP,2016-01-01 00:00:00.000000,2026-08-27T05:17:09.287600+00:00,D:/D drive recovery/Shiva JH/Projects/OneLake Medallion/data/landing/_reference/geolocation.parquet,_reference
09860,-23.697730897022385,-46.5789351895666,sao bernardo do campo,SP,2016-01-01 00:00:00.000000,2026-08-27T05:17:09.287600+00:00,D:/D drive recovery/Shiva JH/Projects/OneLake Medallion/data/landing/_reference/geolocation.parquet,_reference
09891,-23.687603634456785,-46.568897601996674,sao bernardo do campo,SP,2016-01-01 00:00:00.000000,2026-08-27T05:17:09.287600+00:00,D:/D drive recovery/Shiva JH/Projects/OneLake Medallion/data/landing/_reference/geolocation.parquet,_reference
11050,-23.95613021065843,-46.32888160545911,santos,SP,2016-01-01 00:00:00.000000,2026-08-27T05:17:09.287600+00:00,D:/D drive recovery/Shiva JH/Projects/OneLake Medallion/data/landing/_reference/geolocation.parquet,_reference
11055,-23.96682586733222,-46.32897174522469,santos,SP,2016-01-01 00:00:00.000000,2026-08-27T05:17:09.287600+00:00,D:/D drive recovery/Shiva JH/Projects/OneLake Medallion/data/landing/_reference/geolocation.parquet,_reference
11250,-23.82834010075353,-46.1430173832652,bertioga,SP,2016-01-01 00:00:00.000000,2026-08-27T05:17:09.287600+00:00,D:/D drive recovery/Shiva JH/Projects/OneLake Medallion/data/landing/_reference/geolocation.parquet,_reference
12240,-23.22201162031852,-45.91348327892555,sao jose dos campos,SP,2016-01-01 00:00:00.000000,2026-08-27T05:17:09.287600+00:00,D:/D drive recovery/Shiva JH/Projects/OneLake Medallion/data/landing/_reference/geolocation.parquet,_reference
12243,-23.20414980599,-45.89192836733221,são josé dos campos,SP,2016-01-01 00:00:00.000000,2026-08-27T05:17:09.287600+00:00,D:/D drive recovery/Shiva JH/Projects/OneLake Medallion/data/landing/_reference/geolocation.parquet,_reference
01421,-23.562331512897508,-46.66120425339033,são paulo,SP,2016-01-01 00:00:00.000000,2026-08-27T05:17:09.287600+00:00,D:/D drive recovery/Shiva JH/Projects/OneLake Medallion/data/landing/_reference/geolocation.parquet,_reference
01538,-23.573205,-46.62290025,são paulo,SP,2016-01-01 00:00:00.000000,2026-08-27T05:17:09.287600+00:00,D:/D drive recovery/Shiva JH/Projects/OneLake Medallion/data/landing/_reference/geolocation.parquet,_reference
02339,-23.476178378296492,-46.61396224132954,são paulo,SP,2016-01-01 00:00:00.000000,2026-08-27T05:17:09.287600+00:00,D:/D drive recovery/Shiva JH/Projects/OneLake Medallion/data/landing/_reference/geolocation.parquet,_reference
02466,-23.49405945045876,-46.64333926824975,sao paulo,SP,2016-01-01 00:00:00.000000,2026-08-27T05:17:09.287600+00:00,D:/D drive recovery/Shiva JH/Projects/OneLake Medallion/data/landing/_reference/geolocation.parquet,_reference
02512,-23.512629226758584,-46.66287840966009,são paulo,SP,2016-01-01 00:00:00.000000,2026-08-27T05:17:09.287600+00:00,D:/D drive recovery/Shiva JH/Projects/OneLake Medallion/data/landing/_reference/geolocation.parquet,_reference
02878,-23.450662163194657,-46.68685226741304,sao paulo,SP,2016-01-01 00:00:00.000000,2026-08-27T05:17:09.287600+00:00,D:/D drive recovery/Shiva JH/Projects/OneLake Medallion/data/landing/_reference/geolocation.parquet,_reference
03126,-23.58067325143878,-46.591568341608856,sao paulo,SP,2016-01-01 00:00:00.000000,2026-08-27T05:17:09.287600+00:00,D:/D drive recovery/Shiva JH/Projects/OneLake Medallion/data/landing/_reference/geolocation.parquet,_reference
03275,-23.58620844962204,-46.53589144310119,sao paulo,SP,2016-01-01 00:00:00.000000,2026-08-27T05:17:09.287600+00:00,D:/D drive recovery/Shiva JH/Projects/OneLake Medallion/data/landing/_reference/geolocation.parquet,_reference
03542,-23.53108125950717,-46.51791357132556,sao paulo,SP,2016-01-01 00:00:00.000000,2026-08-27T05:17:09.287600+00:00,D:/D drive recovery/Shiva JH/Projects/OneLake Medallion/data/landing/_reference/geolocation.parquet,_reference
03548,-23.540828291419043,-46.51230345865307,sao paulo,SP,2016-01-01 00:00:00.000000,2026-08-27T05:17:09.287600+00:00,D:/D drive recovery/Shiva JH/Projects/OneLake Medallion/data/landing/_reference/geolocation.parquet,_reference
03568,-23.539098006665103,-46.48619464224707,sao paulo,SP,2016-01-01 00:00:00.000000,2026-08-27T05:17:09.287600+00:00,D:/D drive recovery/Shiva JH/Projects/OneLake Medallion/data/landing/_reference/geolocation.parquet,_reference
04009,-23.587042499999995,-46.63573874999999,sao paulo,SP,2016-01-01 00:00:00.000000,2026-08-27T05:17:09.287600+00:00,D:/D drive recovery/Shiva JH/Projects/OneLake Medallion/data/landing/_reference/geolocation.parquet,_reference
04122,-23.603187216486816,-46.62096322009347,sao paulo,SP,2016-01-01 00:00:00.000000,2026-08-27T05:17:09.287600+00:00,D:/D drive recovery/Shiva JH/Projects/OneLake Medallion/data/landing/_reference/geolocation.parquet,_reference
04135,-23.61074277407813,-46.63021380544173,são paulo,SP,2016-01-01 00:00:00.000000,2026-08-27T05:17:09.287600+00:00,D:/D drive recovery/Shiva JH/Projects/OneLake Medallion/data/landing/_reference/geolocation.parquet,_reference
04317,-23.63874234192172,-46.63180247157553,são paulo,SP,2016-01-01 00:00:00.000000,2026-08-27T05:17:09.287600+00:00,D:/D drive recovery/Shiva JH/Projects/OneLake Medallion/data/landing/_reference/geolocation.parquet,_reference
04661,-23.686150211592487,-46.69345841828658,são paulo,SP,2016-01-01 00:00:00.000000,2026-08-27T05:17:09.287600+00:00,D:/D drive recovery/Shiva JH/Projects/OneLake Medallion/data/landing/_reference/geolocation.parquet,_reference
05444,-23.55942118013154,-46.69470546878061,sao paulo,SP,2016-01-01 00:00:00.000000,2026-08-27T05:17:09.287600+00:00,D:/D drive recovery/Shiva JH/Projects/OneLake Medallion/data/landing/_reference/geolocation.parquet,_reference
05831,-23.67208722453689,-46.74664062906108,sao paulo,SP,2016-01-01 00:00:00.000000,2026-08-27T05:17:09.287600+00:00,D:/D drive recovery/Shiva JH/Projects/OneLake Medallion/data/landing/_reference/geolocation.parquet,_reference
06436,-23.53994293192069,-46.88676604933411,barueri,SP,2016-01-01 00:00:00.000000,2026-08-27T05:17:09.287600+00:00,D:/D drive recovery/Shiva JH/Projects/OneLake Medallion/data/landing/_reference/geolocation.parquet,_reference
06537,-23.425218648775207,-46.826112801010886,santana de parnaíba,SP,2016-01-01 00:00:00.000000,2026-08-27T05:17:09.287600+00:00,D:/D drive recovery/Shiva JH/Projects/OneLake Medallion/data/landing/_reference/geolocation.parquet,_reference
06656,-23.55266738040897,-46.9176766002288,itapevi,SP,2016-01-01 00:00:00.000000,2026-08-27T05:17:09.287600+00:00,D:/D drive recovery/Shiva JH/Projects/OneLake Medallion/data/landing/_reference/geolocation.parquet,_reference
06890,-23.854365356661845,-46.95453617477526,são lourenço da serra,SP,2016-01-01 00:00:00.000000,2026-08-27T05:17:09.287600+00:00,D:/D drive recovery/Shiva JH/Projects/OneLake Medallion/data/landing/_reference/geolocation.parquet,_reference
07152,-23.40802531933689,-46.47133305879546,guarulhos,SP,2016-01-01 00:00:00.000000,2026-08-27T05:17:09.287600+00:00,D:/D drive recovery/Shiva JH/Projects/OneLake Medallion/data/landing/_reference/geolocation.parquet,_reference
07791,-23.410894778076816,-46.86669107437556,cajamar,SP,2016-01-01 00:00:00.000000,2026-08-27T05:17:09.287600+00:00,D:/D drive recovery/Shiva JH/Projects/OneLake Medallion/data/landing/_reference/geolocation.parquet,_reference
08285,-23.55296249070916,-46.472750648767935,sao paulo,SP,2016-01-01 00:00:00.000000,2026-08-27T05:17:09.287600+00:00,D:/D drive recovery/Shiva JH/Projects/OneLake Medallion/data/landing/_reference/geolocation.parquet,_reference
08411,-23.55512973105776,-46.41553279239999,sao paulo,SP,2016-01-01 00:00:00.000000,2026-08-27T05:17:09.287600+00:00,D:/D drive recovery/Shiva JH/Projects/OneLake Medallion/data/landing/_reference/geolocation.parquet,_reference
08572,-23.499811448079384,-46.34170601855715,itaquaquecetuba,SP,2016-01-01 00:00:00.000000,2026-08-27T05:17:09.287600+00:00,D:/D drive recovery/Shiva JH/Projects/OneLake Medallion/data/landing/_reference/geolocation.parquet,_reference
99025,-28.26109770117858,-52.40767078126318,passo fundo,RS,2016-01-01 00:00:00.000000,2026-08-27T05:17:09.287600+00:00,D:/D drive recovery/Shiva JH/Projects/OneLake Medallion/data/landing/_reference/geolocation.parquet,_reference
02755,-23.48851771357262,-46.67941015751051,são paulo,SP,2016-01-01 00:00:00.000000,2026-08-27T05:17:09.287600+00:00,D:/D drive recovery/Shiva JH/Projects/OneLake Medallion/data/landing/_reference/geolocation.parquet,_reference
03161,-23.58090519677997,-46.56317152651616,sao paulo,SP,2016-01-01 00:00:00.000000,2026-08-27T05:17:09.287600+00:00,D:/D drive recovery/Shiva JH/Projects/OneLake Medallion/data/landing/_reference/geolocation.parquet,_reference
03254,-23.605135910352587,-46.52811406549717,são paulo,SP,2016-01-01 00:00:00.000000,2026-08-27T05:17:09.287600+00:00,D:/D drive recovery/Shiva JH/Projects/OneLake Medallion/data/landing/_reference/geolocation.parquet,_reference
03333,-23.556849999163276,-46.56941527477062,são paulo,SP,2016-01-01 00:00:00.000000,2026-08-27T05:17:09.287600+00:00,D:/D drive recovery/Shiva JH/Projects/OneLake Medallion/data/landing/_reference/geolocation.parquet,_reference
03573,-23.56168119891244,-46.50627110555333,sao paulo,SP,2016-01-01 00:00:00.000000,2026-08-27T05:17:09.287600+00:00,D:/D drive recovery/Shiva JH/Projects/OneLake Medallion/data/landing/_reference/geolocation.parquet,_reference
03729,-23.502989210658427,-46.50349976686476,sao paulo,SP,2016-01-01 00:00:00.000000,2026-08-27T05:17:09.287600+00:00,D:/D drive recovery/Shiva JH/Projects/OneLake Medallion/data/landing/_reference/geolocation.parquet,_reference
03809,-23.489345713572614,-46.47738070858095,sao paulo,SP,2016-01-01 00:00:00.000000,2026-08-27T05:17:09.287600+00:00,D:/D drive recovery/Shiva JH/Projects/OneLake Medallion/data/landing/_reference/geolocation.parquet,_reference
04434,-23.684751650008693,-46.66874074701369,sao paulo,SP,2016-01-01 00:00:00.000000,2026-08-27T05:17:09.287600+00:00,D:/D drive recovery/Shiva JH/Projects/OneLake Medallion/data/landing/_reference/geolocation.parquet,_reference
04937,-23.686979510964274,-46.76072726380634,sao paulo,SP,2016-01-01 00:00:00.000000,2026-08-27T05:17:09.287600+00:00,D:/D drive recovery/Shiva JH/Projects/OneLake Medallion/data/landing/_reference/geolocation.parquet,_reference
04961,-23.738867099082476,-46.79579338550986,são paulo,SP,2016-01-01 00:00:00.000000,2026-08-27T05:17:09.287600+00:00,D:/D drive recovery/Shiva JH/Projects/OneLake Medallion/data/landing/_reference/geolocation.parquet,_reference
05051,-23.52707749624909,-46.696482,sao paulo,SP,2016-01-01 00:00:00.000000,2026-08-27T05:17:09.287600+00:00,D:/D drive recovery/Shiva JH/Projects/OneLake Medallion/data/landing/_reference/geolocation.parquet,_reference
05126,-23.50126797890817,-46.73964800083672,sao paulo,SP,2016-01-01 00:00:00.000000,2026-08-27T05:17:09.287600+00:00,D:/D drive recovery/Shiva JH/Projects/OneLake Medallion/data/landing/_reference/geolocation.parquet,_reference
05303,-23.526508568411355,-46.731702782676464,sao paulo,SP,2016-01-01 00:00:00.000000,2026-08-27T05:17:09.287600+00:00,D:/D drive recovery/Shiva JH/Projects/OneLake Medallion/data/landing/_reference/geolocation.parquet,_reference
05311,-23.531055024698496,-46.74460102749712,são paulo,SP,2016-01-01 00:00:00.000000,2026-08-27T05:17:09.287600+00:00,D:/D drive recovery/Shiva JH/Projects/OneLake Medallion/data/landing/_reference/geolocation.parquet,_reference
05406,-23.55575213466013,-46.67446254211961,sao paulo,SP,2016-01-01 00:00:00.000000,2026-08-27T05:17:09.287600+00:00,D:/D drive recovery/Shiva JH/Projects/OneLake Medallion/data/landing/_reference/geolocation.parquet,_reference
05536,-23.5897085175373,-46.74101890170105,sao paulo,SP,2016-01-01 00:00:00.000000,2026-08-27T05:17:09.287600+00:00,D:/D drive recovery/Shiva JH/Projects/OneLake Medallion/data/landing/_reference/geolocation.parquet,_reference
05594,-23.581900456287144,-46.7395056566738,sao paulo,SP,2016-01-01 00:00:00.000000,2026-08-27T05:17:09.287600+00:00,D:/D drive recovery/Shiva JH/Projects/OneLake Medallion/data/landing/_reference/geolocation.parquet,_reference
05726,-23.623339055225387,-46.73948655620634,sao paulo,SP,2016-01-01 00:00:00.000000,2026-08-27T05:17:09.287600+00:00,D:/D drive recovery/Shiva JH/Projects/OneLake Medallion/data/landing/_reference/geolocation.parquet,_reference
05729,-23.63329280322003,-46.73784151540766,sao paulo,SP,2016-01-01 00:00:00.000000,2026-08-27T05:17:09.287600+00:00,D:/D drive recovery/Shiva JH/Projects/OneLake Medallion/data/landing/_reference/geolocation.parquet,_reference
05783,-23.644685514570952,-46.76780445920133,sao paulo,SP,2016-01-01 00:00:00.000000,2026-08-27T05:17:09.287600+00:00,D:/D drive recovery/Shiva JH/Projects/OneLake Medallion/data/landing/_reference/geolocation.parquet,_reference
05849,-23.651114842510157,-46.75521082321932,sao paulo,SP,2016-01-01 00:00:00.000000,2026-08-27T05:17:09.287600+00:00,D:/D drive recovery/Shiva JH/Projects/OneLake Medallion/data/landing/_reference/geolocation.parquet,_reference
06150,-23.57487945998689,-46.81378716362588,osasco,SP,2016-01-01 00:00:00.000000,2026-08-27T05:17:09.287600+00:00,D:/D drive recovery/Shiva JH/Projects/OneLake Medallion/data/landing/_reference/geolocation.parquet,_reference
32677,-19.941877521944868,-44.11327370697121,betim,MG,2016-01-01 00:00:00.000000,2026-08-27T05:17:09.287600+00:00,D:/D drive recovery/Shiva JH/Projects/OneLake Medallion/data/landing/_reference/geolocation.parquet,_reference
33200,-19.755283922647653,-43.94895032392866,vespasiano,MG,2016-01-01 00:00:00.000000,2026-08-27T05:17:09.287600+00:00,D:/D drive recovery/Shiva JH/Projects/OneLake Medallion/data/landing/_reference/geolocation.parquet,_reference
34018,-20.104533521529728,-43.9305976747518,nova lima,MG,2016-01-01 00:00:00.000000,2026-08-27T05:17:09.287600+00:00,D:/D drive recovery/Shiva JH/Projects/OneLake Medallion/data/landing/_reference/geolocation.parquet,_reference
35040,-18.91074643471513,-41.99272812082771,governador valadares,MG,2016-01-01 00:00:00.000000,2026-08-27T05:17:09.287600+00:00,D:/D drive recovery/Shiva JH/Projects/OneLake Medallion/data/landing/_reference/geolocation.parquet,_reference
35248,-18.98372585054752,-41.22304202932259,goiabeira,MG,2016-01-01 00:00:00.000000,2026-08-27T05:17:09.287600+00:00,D:/D drive recovery/Shiva JH/Projects/OneLake Medallion/data/landing/_reference/geolocation.parquet,_reference
35430,-20.415339248383304,-42.89153741877715,ponte nova,MG,2016-01-01 00:00:00.000000,2026-08-27T05:17:09.287600+00:00,D:/D drive recovery/Shiva JH/Projects/OneLake Medallion/data/landing/_reference/geolocation.parquet,_reference
35666,-19.51393131649572,-44.6739757258171,maravilhas,MG,2016-01-01 00:00:00.000000,2026-08-27T05:17:09.287600+00:00,D:/D drive recovery/Shiva JH/Projects/OneLake Medallion/data/landing/_reference/geolocation.parquet,_reference
36021,-21.776064097697496,-43.345038341941226,juiz de fora,MG,2016-01-01 00:00:00.000000,2026-08-27T05:17:09.287600+00:00,D:/D drive recovery/Shiva JH/Projects/OneLake Medallion/data/landing/_reference/geolocation.parquet,_reference
36892,-19.955069241247276,-43.943871774301655,vermelho,MG,2016-01-01 00:00:00.000000,2026-08-27T05:17:09.287600+00:00,D:/D drive recovery/Shiva JH/Projects/OneLake Medallion/data/landing/_reference/geolocation.parquet,_reference
37165,-21.11244619821393,-45.83234349689595,campo do meio,MG,2016-01-01 00:00:00.000000,2026-08-27T05:17:09.287600+00:00,D:/D drive recovery/Shiva JH/Projects/OneLake Medallion/data/landing/_reference/geolocation.parquet,_reference
37552,-22.22039807649275,-45.939891873985935,pouso alegre,MG,2016-01-01 00:00:00.000000,2026-08-27T05:17:09.287600+00:00,D:/D drive recovery/Shiva JH/Projects/OneLake Medallion/data/landing/_reference/geolocation.parquet,_reference
38020,-19.75408848542905,-47.9448606217035,uberaba,MG,2016-01-01 00:00:00.000000,2026-08-27T05:17:09.287600+00:00,D:/D drive recovery/Shiva JH/Projects/OneLake Medallion/data/landing/_reference/geolocation.parquet,_reference
39295,-16.69160011943032,-45.41414138855821,santa fe de minas,MG,2016-01-01 00:00:00.000000,2026-08-27T05:17:09.287600+00:00,D:/D drive recovery/Shiva JH/Projects/OneLake Medallion/data/landing/_reference/geolocation.parquet,_reference
46400,-14.066621759983953,-42.49104721619407,caetité,BA,2016-01-01 00:00:00.000000,2026-08-27T05:17:09.287600+00:00,D:/D drive recovery/Shiva JH/Projects/OneLake Medallion/data/landing/_reference/geolocation.parquet,_reference
48700,-11.65863269984178,-39.002802502871695,serrinha,BA,2016-01-01 00:00:00.000000,2026-08-27T05:17:09.287600+00:00,D:/D drive recovery/Shiva JH/Projects/OneLake Medallion/data/landing/_reference/geolocation.parquet,_reference
55400,-8.670113637362366,-35.724458127981634,catende,PE,2016-01-01 00:00:00.000000,2026-08-27T05:17:09.287600+00:00,D:/D drive recovery/Shiva JH/Projects/OneLake Medallion/data/landing/_reference/geolocation.parquet,_reference
57680,-9.64243344854664,-36.21874341424441,boca da mata,AL,2016-01-01 00:00:00.000000,2026-08-27T05:17:09.287600+00:00,D:/D drive recovery/Shiva JH/Projects/OneLake Medallion/data/landing/_reference/geolocation.parquet,_reference
58170,-6.730283404876338,-36.053449073312834,barra de santa rosa,PB,2016-01-01 00:00:00.000000,2026-08-27T05:17:09.287600+00:00,D:/D drive recovery/Shiva JH/Projects/OneLake Medallion/data/landing/_reference/geolocation.parquet,_reference
58328,-7.403732162119439,-35.11363631772969,pedras de fogo,PB,2016-01-01 00:00:00.000000,2026-08-27T05:17:09.287600+00:00,D:/D drive recovery/Shiva JH/Projects/OneLake Medallion/data/landing/_reference/geolocation.parquet,_reference
59082,-5.864338395606093,-35.18923476586273,natal,RN,2016-01-01 00:00:00.000000,2026-08-27T05:17:09.287600+00:00,D:/D drive recovery/Shiva JH/Projects/OneLake Medallion/data/landing/_reference/geolocation.parquet,_reference
22220,-22.92936882624509,-43.17877471051419,rio de janeiro,RJ,2016-01-01 00:00:00.000000,2026-08-27T05:17:09.287600+00:00,D:/D drive recovery/Shiva JH/Projects/OneLake Medallion/data/landing/_reference/geolocation.parquet,_reference
22240,-22.93125598447676,-43.17881321481337,rio de janeiro,RJ,2016-01-01 00:00:00.000000,2026-08-27T05:17:09.287600+00:00,D:/D drive recovery/Shiva JH/Projects/OneLake Medallion/data/landing/_reference/geolocation.parquet,_reference
22735,-22.92013400805008,-43.36031889592586,rio de janeiro,RJ,2016-01-01 00:00:00.000000,2026-08-27T05:17:09.287600+00:00,D:/D drive recovery/Shiva JH/Projects/OneLake Medallion/data/landing/_reference/geolocation.parquet,_reference
22755,-22.945760518177625,-43.33984223255832,rio de janeiro,RJ,2016-01-01 00:00:00.000000,2026-08-27T05:17:09.287600+00:00,D:/D drive recovery/Shiva JH/Projects/OneLake Medallion/data/landing/_reference/geolocation.parquet,_reference
23080,-22.900055909515867,-43.5630434682037,rio de janeiro,RJ,2016-01-01 00:00:00.000000,2026-08-27T05:17:09.287600+00:00,D:/D drive recovery/Shiva JH/Projects/OneLake Medallion/data/landing/_reference/geolocation.parquet,_reference
23545,-22.973784673610663,-43.70671775936294,rio de janeiro,RJ,2016-01-01 00:00:00.000000,2026-08-27T05:17:09.287600+00:00,D:/D drive recovery/Shiva JH/Projects/OneLake Medallion/data/landing/_reference/geolocation.parquet,_reference
23580,-22.908229999999943,-43.62599280599994,rio de janeiro,RJ,2016-01-01 00:00:00.000000,2026-08-27T05:17:09.287600+00:00,D:/D drive recovery/Shiva JH/Projects/OneLake Medallion/data/landing/_reference/geolocation.parquet,_reference
24230,-22.904917997266768,-43.09786062954351,niteroi,RJ,2016-01-01 00:00:00.000000,2026-08-27T05:17:09.287600+00:00,D:/D drive recovery/Shiva JH/Projects/OneLake Medallion/data/landing/_reference/geolocation.parquet,_reference
57325,-9.633757498286188,-36.57856092949353,coite do noia,AL,2016-01-01 00:00:00.000000,2026-08-27T05:17:09.287600+00:00,D:/D drive recovery/Shiva JH/Projects/OneLake Medallion/data/landing/_reference/geolocation.parquet,_reference
63106,-7.249890885910003,-39.41879565337906,crato,CE,2016-01-01 00:00:00.000000,2026-08-27T05:17:09.287600+00:00,D:/D drive recovery/Shiva JH/Projects/OneLake Medallion/data/landing/_reference/geolocation.parquet,_reference
64030,-5.1402805124721125,-42.77710503539964,teresina,PI,2016-01-01 00:00:00.000000,2026-08-27T05:17:09.287600+00:00,D:/D drive recovery/Shiva JH/Projects/OneLake Medallion/data/landing/_reference/geolocation.parquet,_reference
64202,-2.9030461146055417,-41.76115981582758,parnaiba,PI,2016-01-01 00:00:00.000000,2026-08-27T05:17:09.287600+00:00,D:/D drive recovery/Shiva JH/Projects/OneLake Medallion/data/landing/_reference/geolocation.parquet,_reference
65760,-5.288118655826027,-44.49006344486956,presidente dutra,MA,2016-01-01 00:00:00.000000,2026-08-27T05:17:09.287600+00:00,D:/D drive recovery/Shiva JH/Projects/OneLake Medallion/data/landing/_reference/geolocation.parquet,_reference
68540,-8.257777151569025,-49.26357210222097,conceicao do araguaia,PA,2016-01-01 00:00:00.000000,2026-08-27T05:17:09.287600+00:00,D:/D drive recovery/Shiva JH/Projects/OneLake Medallion/data/landing/_reference/geolocation.parquet,_reference
70687,-15.815976328611026,-47.907328086588976,brasilia,DF,2016-01-01 00:00:00.000000,2026-08-27T05:17:09.287600+00:00,D:/D drive recovery/Shiva JH/Projects/OneLake Medallion/data/landing/_reference/geolocation.parquet,_reference
71694,-15.908177109244209,-47.75283734748038,brasilia,DF,2016-01-01 00:00:00.000000,2026-08-27T05:17:09.287600+00:00,D:/D drive recovery/Shiva JH/Projects/OneLake Medallion/data/landing/_reference/geolocation.parquet,_reference
72120,-15.812585705044665,-48.06177935363809,brasilia,DF,2016-01-01 00:00:00.000000,2026-08-27T05:17:09.287600+00:00,D:/D drive recovery/Shiva JH/Projects/OneLake Medallion/data/landing/_reference/geolocation.parquet,_reference
72405,-15.819446093282757,-47.83730772857625,brasilia,DF,2016-01-01 00:00:00.000000,2026-08-27T05:17:09.287600+00:00,D:/D drive recovery/Shiva JH/Projects/OneLake Medallion/data/landing/_reference/geolocation.parquet,_reference
72547,-16.00853120581692,-47.99032368458669,brasília,DF,2016-01-01 00:00:00.000000,2026-08-27T05:17:09.287600+00:00,D:/D drive recovery/Shiva JH/Projects/OneLake Medallion/data/landing/_reference/geolocation.parquet,_reference
73005,-15.646078392606958,-47.80261301154338,brasilia,DF,2016-01-01 00:00:00.000000,2026-08-27T05:17:09.287600+00:00,D:/D drive recovery/Shiva JH/Projects/OneLake Medallion/data/landing/_reference/geolocation.parquet,_reference
73801,-15.541663809048414,-47.34169173258697,formosa,GO,2016-01-01 00:00:00.000000,2026-08-27T05:17:09.287600+00:00,D:/D drive recovery/Shiva JH/Projects/OneLake Medallion/data/landing/_reference/geolocation.parquet,_reference
74353,-16.739751665044185,-49.32830321176197,goiania,GO,2016-01-01 00:00:00.000000,2026-08-27T05:17:09.287600+00:00,D:/D drive recovery/Shiva JH/Projects/OneLake Medallion/data/landing/_reference/geolocation.parquet,_reference
79051,-20.48227935607949,-54.59397058465576,campo grande,MS,2016-01-01 00:00:00.000000,2026-08-27T05:17:09.287600+00:00,D:/D drive recovery/Shiva JH/Projects/OneLake Medallion/data/landing/_reference/geolocation.parquet,_reference
81280,-25.434992398266637,-49.35249508144927,curitiba,PR,2016-01-01 00:00:00.000000,2026-08-27T05:17:09.287600+00:00,D:/D drive recovery/Shiva JH/Projects/OneLake Medallion/data/landing/_reference/geolocation.parquet,_reference
82400,-25.393345281980704,-49.35098627800838,curitiba,PR,2016-01-01 00:00:00.000000,2026-08-27T05:17:09.287600+00:00,D:/D drive recovery/Shiva JH/Projects/OneLake Medallion/data/landing/_reference/geolocation.parquet,_reference
83323,-25.440714449910494,-49.188443906024766,pinhais,PR,2016-01-01 00:00:00.000000,2026-08-27T05:17:09.287600+00:00,D:/D drive recovery/Shiva JH/Projects/OneLake Medallion/data/landing/_reference/geolocation.parquet,_reference
85851,-25.548584861815545,-54.58121020316589,foz do iguacu,PR,2016-01-01 00:00:00.000000,2026-08-27T05:17:09.287600+00:00,D:/D drive recovery/Shiva JH/Projects/OneLake Medallion/data/landing/_reference/geolocation.parquet,_reference
87070,-23.411103505732864,-51.98023531507588,maringa,PR,2016-01-01 00:00:00.000000,2026-08-27T05:17:09.287600+00:00,D:/D drive recovery/Shiva JH/Projects/OneLake Medallion/data/landing/_reference/geolocation.parquet,_reference
87120,-23.613754451404706,-52.07833684989032,floresta,PR,2016-01-01 00:00:00.000000,2026-08-27T05:17:09.287600+00:00,D:/D drive recovery/Shiva JH/Projects/OneLake Medallion/data/landing/_reference/geolocation.parquet,_reference
87303,-24.036624000000007,-52.37992104199154,campo mourão,PR,2016-01-01 00:00:00.000000,2026-08-27T05:17:09.287600+00:00,D:/D drive recovery/Shiva JH/Projects/OneLake Medallion/data/landing/_reference/geolocation.parquet,_reference
87320,-24.594496260917715,-52.27686769568828,roncador,PR,2016-01-01 00:00:00.000000,2026-08-27T05:17:09.287600+00:00,D:/D drive recovery/Shiva JH/Projects/OneLake Medallion/data/landing/_reference/geolocation.parquet,_reference
88715,-28.621531461000867,-49.023995719014565,jaguaruna,SC,2016-01-01 00:00:00.000000,2026-08-27T05:17:09.287600+00:00,D:/D drive recovery/Shiva JH/Projects/OneLake Medallion/data/landing/_reference/geolocation.parquet,_reference
88950,-29.00154224527128,-49.753884231530186,jacinto machado,SC,2016-01-01 00:00:00.000000,2026-08-27T05:17:09.287600+00:00,D:/D drive recovery/Shiva JH/Projects/OneLake Medallion/data/landing/_reference/geolocation.parquet,_reference
89031,-26.882803470063276,-49.10761309562108,blumenau,SC,2016-01-01 00:00:00.000000,2026-08-27T05:17:09.287600+00:00,D:/D drive recovery/Shiva JH/Projects/OneLake Medallion/data/landing/_reference/geolocation.parquet,_reference
89204,-26.283149245628717,-48.85128463059032,joinville,SC,2016-01-01 00:00:00.000000,2026-08-27T05:17:09.287600+00:00,D:/D drive recovery/Shiva JH/Projects/OneLake Medallion/data/landing/_reference/geolocation.parquet,_reference
93700,-29.681001176488756,-51.07531051934418,campo bom,RS,2016-01-01 00:00:00.000000,2026-08-27T05:17:09.287600+00:00,D:/D drive recovery/Shiva JH/Projects/OneLake Medallion/data/landing/_reference/geolocation.parquet,_reference
95200,-28.501118968717336,-50.93977271480699,vacaria,RS,2016-01-01 00:00:00.000000,2026-08-27T05:17:09.287600+00:00,D:/D drive recovery/Shiva JH/Projects/OneLake Medallion/data/landing/_reference/geolocation.parquet,_reference
02281,-23.44917893415549,-46.57435094932181,sao paulo,SP,2016-01-01 00:00:00.000000,2026-08-27T05:17:09.287600+00:00,D:/D drive recovery/Shiva JH/Projects/OneLake Medallion/data/landing/_reference/geolocation.parquet,_reference
02306,-23.45244942270184,-46.60149895934556,sao paulo,SP,2016-01-01 00:00:00.000000,2026-08-27T05:17:09.287600+00:00,D:/D drive recovery/Shiva JH/Projects/OneLake Medallion/data/landing/_reference/geolocation.parquet,_reference
02420,-23.476078906745908,-46.63411838565408,sao paulo,SP,2016-01-01 00:00:00.000000,2026-08-27T05:17:09.287600+00:00,D:/D drive recovery/Shiva JH/Projects/OneLake Medallion/data/landing/_reference/geolocation.parquet,_reference
02566,-23.482831285042405,-46.67079714723872,sao paulo,SP,2016-01-01 00:00:00.000000,2026-08-27T05:17:09.287600+00:00,D:/D drive recovery/Shiva JH/Projects/OneLake Medallion/data/landing/_reference/geolocation.parquet,_reference
03081,-23.53695241326677,-46.57554393839796,sao paulo,SP,2016-01-01 00:00:00.000000,2026-08-27T05:17:09.287600+00:00,D:/D drive recovery/Shiva JH/Projects/OneLake Medallion/data/landing/_reference/geolocation.parquet,_reference
03470,-23.57282057729816,-46.52329640383172,sao paulo,SP,2016-01-01 00:00:00.000000,2026-08-27T05:17:09.287600+00:00,D:/D drive recovery/Shiva JH/Projects/OneLake Medallion/data/landing/_reference/geolocation.parquet,_reference
03804,-23.50271592062436,-46.48299647362806,sao paulo,SP,2016-01-01 00:00:00.000000,2026-08-27T05:17:09.287600+00:00,D:/D drive recovery/Shiva JH/Projects/OneLake Medallion/data/landing/_reference/geolocation.parquet,_reference
04010,-23.58335776464306,-46.637907987794975,sao paulo,SP,2016-01-01 00:00:00.000000,2026-08-27T05:17:09.287600+00:00,D:/D drive recovery/Shiva JH/Projects/OneLake Medallion/data/landing/_reference/geolocation.parquet,_reference
04087,-23.609026190856948,-46.65965657991232,sao paulo,SP,2016-01-01 00:00:00.000000,2026-08-27T05:17:09.287600+00:00,D:/D drive recovery/Shiva JH/Projects/OneLake Medallion/data/landing/_reference/geolocation.parquet,_reference
04116,-23.590958301142567,-46.629899428674456,sao paulo,SP,2016-01-01 00:00:00.000000,2026-08-27T05:17:09.287600+00:00,D:/D drive recovery/Shiva JH/Projects/OneLake Medallion/data/landing/_reference/geolocation.parquet,_reference
04136,-23.61194652826554,-46.62902036087666,sao paulo,SP,2016-01-01 00:00:00.000000,2026-08-27T05:17:09.287600+00:00,D:/D drive recovery/Shiva JH/Projects/OneLake Medallion/data/landing/_reference/geolocation.parquet,_reference
04447,-23.692816236193647,-46.6778406382077,sao paulo,SP,2016-01-01 00:00:00.000000,2026-08-27T05:17:09.287600+00:00,D:/D drive recovery/Shiva JH/Projects/OneLake Medallion/data/landing/_reference/geolocation.parquet,_reference
04474,-23.53092205635057,-46.555643089243375,sao paulo,SP,2016-01-01 00:00:00.000000,2026-08-27T05:17:09.287600+00:00,D:/D drive recovery/Shiva JH/Projects/OneLake Medallion/data/landing/_reference/geolocation.parquet,_reference
04516,-23.60663166028048,-46.66806552178432,sao paulo,SP,2016-01-01 00:00:00.000000,2026-08-27T05:17:09.287600+00:00,D:/D drive recovery/Shiva JH/Projects/OneLake Medallion/data/landing/_reference/geolocation.parquet,_reference
04543,-23.59120154177962,-46.68781889731084,sao paulo,SP,2016-01-01 00:00:00.000000,2026-08-27T05:17:09.287600+00:00,D:/D drive recovery/Shiva JH/Projects/OneLake Medallion/data/landing/_reference/geolocation.parquet,_reference
04561,-23.613276445755563,-46.679517281724166,sao paulo,SP,2016-01-01 00:00:00.000000,2026-08-27T05:17:09.287600+00:00,D:/D drive recovery/Shiva JH/Projects/OneLake Medallion/data/landing/_reference/geolocation.parquet,_reference
04608,-23.624881025203365,-46.67540980472951,sao paulo,SP,2016-01-01 00:00:00.000000,2026-08-27T05:17:09.287600+00:00,D:/D drive recovery/Shiva JH/Projects/OneLake Medallion/data/landing/_reference/geolocation.parquet,_reference
04807,-23.71557027498612,-46.69537291160892,sao paulo,SP,2016-01-01 00:00:00.000000,2026-08-27T05:17:09.287600+00:00,D:/D drive recovery/Shiva JH/Projects/OneLake Medallion/data/landing/_reference/geolocation.parquet,_reference
04891,-23.829654677217352,-46.73017408104907,sao paulo,SP,2016-01-01 00:00:00.000000,2026-08-27T05:17:09.287600+00:00,D:/D drive recovery/Shiva JH/Projects/OneLake Medallion/data/landing/_reference/geolocation.parquet,_reference
05038,-23.51268037691151,-46.70247867707312,sao paulo,SP,2016-01-01 00:00:00.000000,2026-08-27T05:17:09.287600+00:00,D:/D drive recovery/Shiva JH/Projects/OneLake Medallion/data/landing/_reference/geolocation.parquet,_reference
05088,-23.521999012493485,-46.72220881308777,sao paulo,SP,2016-01-01 00:00:00.000000,2026-08-27T05:17:09.287600+00:00,D:/D drive recovery/Shiva JH/Projects/OneLake Medallion/data/landing/_reference/geolocation.parquet,_reference
05592,-23.57826825950718,-46.73747020552253,sao paulo,SP,2016-01-01 00:00:00.000000,2026-08-27T05:17:09.287600+00:00,D:/D drive recovery/Shiva JH/Projects/OneLake Medallion/data/landing/_reference/geolocation.parquet,_reference
05724,-23.61952763226375,-46.73297603286415,são paulo,SP,2016-01-01 00:00:00.000000,2026-08-27T05:17:09.287600+00:00,D:/D drive recovery/Shiva JH/Projects/OneLake Medallion/data/landing/_reference/geolocation.parquet,_reference
05761,-23.63460336663973,-46.76865204717532,sao paulo,SP,2016-01-01 00:00:00.000000,2026-08-27T05:17:09.287600+00:00,D:/D drive recovery/Shiva JH/Projects/OneLake Medallion/data/landing/_reference/geolocation.parquet,_reference
05858,-23.659684240326257,-46.7756957699943,sao paulo,SP,2016-01-01 00:00:00.000000,2026-08-27T05:17:09.287600+00:00,D:/D drive recovery/Shiva JH/Projects/OneLake Medallion/data/landing/_reference/geolocation.parquet,_reference
21235,-22.83586646404876,-43.322162133504506,rio de janeiro,RJ,2016-01-01 00:00:00.000000,2026-08-27T05:17:09.287600+00:00,D:/D drive recovery/Shiva JH/Projects/OneLake Medallion/data/landing/_reference/geolocation.parquet,_reference
22080,-22.98683086984238,-43.19030363696695,rio de janeiro,RJ,2016-01-01 00:00:00.000000,2026-08-27T05:17:09.287600+00:00,D:/D drive recovery/Shiva JH/Projects/OneLake Medallion/data/landing/_reference/geolocation.parquet,_reference
22221,-22.931508341392973,-43.18179399042069,rio de janeiro,RJ,2016-01-01 00:00:00.000000,2026-08-27T05:17:09.287600+00:00,D:/D drive recovery/Shiva JH/Projects/OneLake Medallion/data/landing/_reference/geolocation.parquet,_reference
22231,-22.93276755785112,-43.17834623036526,rio de janeiro,RJ,2016-01-01 00:00:00.000000,2026-08-27T05:17:09.287600+00:00,D:/D drive recovery/Shiva JH/Projects/OneLake Medallion/data/landing/_reference/geolocation.parquet,_reference
22451,-22.97823619758802,-43.2372780819727,rio de janeiro,RJ,2016-01-01 00:00:00.000000,2026-08-27T05:17:09.287600+00:00,D:/D drive recovery/Shiva JH/Projects/OneLake Medallion/data/landing/_reference/geolocation.parquet,_reference
22471,-22.966645149316204,-43.20283415612552,rio de janeiro,RJ,2016-01-01 00:00:00.000000,2026-08-27T05:17:09.287600+00:00,D:/D drive recovery/Shiva JH/Projects/OneLake Medallion/data/landing/_reference/geolocation.parquet,_reference
29297,-20.711227849943672,-41.01616261431388,jacigua,ES,2016-01-01 00:00:00.000000,2026-08-27T05:17:09.287600+00:00,D:/D drive recovery/Shiva JH/Projects/OneLake Medallion/data/landing/_reference/geolocation.parquet,_reference
30285,-19.91536512294426,-43.89890719539499,belo horizonte,MG,2016-01-01 00:00:00.000000,2026-08-27T05:17:09.287600+00:00,D:/D drive recovery/Shiva JH/Projects/OneLake Medallion/data/landing/_reference/geolocation.parquet,_reference
30570,-19.958089201771624,-43.9755311729182,belo horizonte,MG,2016-01-01 00:00:00.000000,2026-08-27T05:17:09.287600+00:00,D:/D drive recovery/Shiva JH/Projects/OneLake Medallion/data/landing/_reference/geolocation.parquet,_reference
30850,-19.91690663641869,-44.00258750903103,belo horizonte,MG,2016-01-01 00:00:00.000000,2026-08-27T05:17:09.287600+00:00,D:/D drive recovery/Shiva JH/Projects/OneLake Medallion/data/landing/_reference/geolocation.parquet,_reference
31070,-19.887380574792505,-43.89661243917136,belo horizonte,MG,2016-01-01 00:00:00.000000,2026-08-27T05:17:09.287600+00:00,D:/D drive recovery/Shiva JH/Projects/OneLake Medallion/data/landing/_reference/geolocation.parquet,_reference
31140,-19.892338512349244,-43.9326199797449,belo horizonte,MG,2016-01-01 00:00:00.000000,2026-08-27T05:17:09.287600+00:00,D:/D drive recovery/Shiva JH/Projects/OneLake Medallion/data/landing/_reference/geolocation.parquet,_reference
31260,-19.867166072180638,-43.93513434043602,belo horizonte,MG,2016-01-01 00:00:00.000000,2026-08-27T05:17:09.287600+00:00,D:/D drive recovery/Shiva JH/Projects/OneLake Medallion/data/landing/_reference/geolocation.parquet,_reference
31360,-19.874688003058424,-44.008176504991646,belo horizonte,MG,2016-01-01 00:00:00.000000,2026-08-27T05:17:09.287600+00:00,D:/D drive recovery/Shiva JH/Projects/OneLake Medallion/data/landing/_reference/geolocation.parquet,_reference
31730,-19.831098006665105,-43.94652358104908,belo horizonte,MG,2016-01-01 00:00:00.000000,2026-08-27T05:17:09.287600+00:00,D:/D drive recovery/Shiva JH/Projects/OneLake Medallion/data/landing/_reference/geolocation.parquet,_reference
32185,-19.849882697848685,-44.02029046658248,contagem,MG,2016-01-01 00:00:00.000000,2026-08-27T05:17:09.287600+00:00,D:/D drive recovery/Shiva JH/Projects/OneLake Medallion/data/landing/_reference/geolocation.parquet,_reference
35350,-20.09954563846855,-42.449282552721314,raul soares,MG,2016-01-01 00:00:00.000000,2026-08-27T05:17:09.287600+00:00,D:/D drive recovery/Shiva JH/Projects/OneLake Medallion/data/landing/_reference/geolocation.parquet,_reference
35450,-20.25779584611288,-43.81183983084434,itabirito,MG,2016-01-01 00:00:00.000000,2026-08-27T05:17:09.287600+00:00,D:/D drive recovery/Shiva JH/Projects/OneLake Medallion/data/landing/_reference/geolocation.parquet,_reference
48110,-12.35400013354152,-38.380318336228605,catu,BA,2016-01-01 00:00:00.000000,2026-08-27T05:17:09.287600+00:00,D:/D drive recovery/Shiva JH/Projects/OneLake Medallion/data/landing/_reference/geolocation.parquet,_reference
48330,-11.48608994376016,-37.93133159443902,rio real,BA,2016-01-01 00:00:00.000000,2026-08-27T05:17:09.287600+00:00,D:/D drive recovery/Shiva JH/Projects/OneLake Medallion/data/landing/_reference/geolocation.parquet,_reference
54440,-8.224156699347615,-34.93285913071762,jaboatao dos guararapes,PE,2016-01-01 00:00:00.000000,2026-08-27T05:17:09.287600+00:00,D:/D drive recovery/Shiva JH/Projects/OneLake Medallion/data/landing/_reference/geolocation.parquet,_reference
55004,-8.286688780194964,-35.97116381695427,caruaru,PE,2016-01-01 00:00:00.000000,2026-08-27T05:17:09.287600+00:00,D:/D drive recovery/Shiva JH/Projects/OneLake Medallion/data/landing/_reference/geolocation.parquet,_reference
61901,-3.883547999999944,-38.62204099999997,maracanau,CE,2016-01-01 00:00:00.000000,2026-08-27T05:17:09.287600+00:00,D:/D drive recovery/Shiva JH/Projects/OneLake Medallion/data/landing/_reference/geolocation.parquet,_reference
62900,-4.936536092354878,-37.9700053741039,russas,CE,2016-01-01 00:00:00.000000,2026-08-27T05:17:09.287600+00:00,D:/D drive recovery/Shiva JH/Projects/OneLake Medallion/data/landing/_reference/geolocation.parquet,_reference
65081,-2.565507949521447,-44.31822897166168,sao luis,MA,2016-01-01 00:00:00.000000,2026-08-27T05:17:09.287600+00:00,D:/D drive recovery/Shiva JH/Projects/OneLake Medallion/data/landing/_reference/geolocation.parquet,_reference
67133,-1.3556635787308342,-48.403802111059946,ananindeua,PA,2016-01-01 00:00:00.000000,2026-08-27T05:17:09.287600+00:00,D:/D drive recovery/Shiva JH/Projects/OneLake Medallion/data/landing/_reference/geolocation.parquet,_reference
68903,0.004616999999996,-51.08630074488575,macapa,AP,2016-01-01 00:00:00.000000,2026-08-27T05:17:09.287600+00:00,D:/D drive recovery/Shiva JH/Projects/OneLake Medallion/data/landing/_reference/geolocation.parquet,_reference
69037,-3.0759726414735384,-60.0860595364418,manaus,AM,2016-01-01 00:00:00.000000,2026-08-27T05:17:09.287600+00:00,D:/D drive recovery/Shiva JH/Projects/OneLake Medallion/data/landing/_reference/geolocation.parquet,_reference
70355,-15.814984500000005,-47.90584125,brasilia,DF,2016-01-01 00:00:00.000000,2026-08-27T05:17:09.287600+00:00,D:/D drive recovery/Shiva JH/Projects/OneLake Medallion/data/landing/_reference/geolocation.parquet,_reference
70680,-15.78404999999995,-47.91689999999997,brasília,DF,2016-01-01 00:00:00.000000,2026-08-27T05:17:09.287600+00:00,D:/D drive recovery/Shiva JH/Projects/OneLake Medallion/data/landing/_reference/geolocation.parquet,_reference
71675,-15.822332999999997,-47.802116250000005,lago sul,DF,2016-01-01 00:00:00.000000,2026-08-27T05:17:09.287600+00:00,D:/D drive recovery/Shiva JH/Projects/OneLake Medallion/data/landing/_reference/geolocation.parquet,_reference
72260,-15.803168148998855,-48.1347903719042,brasilia,DF,2016-01-01 00:00:00.000000,2026-08-27T05:17:09.287600+00:00,D:/D drive recovery/Shiva JH/Projects/OneLake Medallion/data/landing/_reference/geolocation.parquet,_reference
72726,-15.6678915309859,-48.20300988008741,brasilia,DF,2016-01-01 00:00:00.000000,2026-08-27T05:17:09.287600+00:00,D:/D drive recovery/Shiva JH/Projects/OneLake Medallion/data/landing/_reference/geolocation.parquet,_reference
73105,-15.654091048625505,-47.86089188525851,brasilia,DF,2016-01-01 00:00:00.000000,2026-08-27T05:17:09.287600+00:00,D:/D drive recovery/Shiva JH/Projects/OneLake Medallion/data/landing/_reference/geolocation.parquet,_reference
78010,-15.603260819379908,-56.08135333486983,cuiaba,MT,2016-01-01 00:00:00.000000,2026-08-27T05:17:09.287600+00:00,D:/D drive recovery/Shiva JH/Projects/OneLake Medallion/data/landing/_reference/geolocation.parquet,_reference
78043,-15.584669512986082,-56.10089206079052,cuiaba,MT,2016-01-01 00:00:00.000000,2026-08-27T05:17:09.287600+00:00,D:/D drive recovery/Shiva JH/Projects/OneLake Medallion/data/landing/_reference/geolocation.parquet,_reference
80740,-25.44145496502972,-49.31273063488947,curitiba,PR,2016-01-01 00:00:00.000000,2026-08-27T05:17:09.287600+00:00,D:/D drive recovery/Shiva JH/Projects/OneLake Medallion/data/landing/_reference/geolocation.parquet,_reference
82820,-25.424755962259752,-49.2010723395753,curitiba,PR,2016-01-01 00:00:00.000000,2026-08-27T05:17:09.287600+00:00,D:/D drive recovery/Shiva JH/Projects/OneLake Medallion/data/landing/_reference/geolocation.parquet,_reference
83324,-25.428798209273445,-49.19005993003079,pinhais,PR,2016-01-01 00:00:00.000000,2026-08-27T05:17:09.287600+00:00,D:/D drive recovery/Shiva JH/Projects/OneLake Medallion/data/landing/_reference/geolocation.parquet,_reference
85885,-25.413859104484555,-54.03657663610075,serranopolis do iguacu,PR,2016-01-01 00:00:00.000000,2026-08-27T05:17:09.287600+00:00,D:/D drive recovery/Shiva JH/Projects/OneLake Medallion/data/landing/_reference/geolocation.parquet,_reference
87230,-23.62208737103585,-52.46578937273949,jussara,PR,2016-01-01 00:00:00.000000,2026-08-27T05:17:09.287600+00:00,D:/D drive recovery/Shiva JH/Projects/OneLake Medallion/data/landing/_reference/geolocation.parquet,_reference
88020,-27.59598577448037,-48.54618547457063,florianópolis,SC,2016-01-01 00:00:00.000000,2026-08-27T05:17:09.287600+00:00,D:/D drive recovery/Shiva JH/Projects/OneLake Medallion/data/landing/_reference/geolocation.parquet,_reference
88032,-27.5614293985516,-48.50130210782505,florianopolis,SC,2016-01-01 00:00:00.000000,2026-08-27T05:17:09.287600+00:00,D:/D drive recovery/Shiva JH/Projects/OneLake Medallion/data/landing/_reference/geolocation.parquet,_reference
88063,-27.68775442656832,-48.48827427364544,florianópolis,SC,2016-01-01 00:00:00.000000,2026-08-27T05:17:09.287600+00:00,D:/D drive recovery/Shiva JH/Projects/OneLake Medallion/data/landing/_reference/geolocation.parquet,_reference
88117,-27.586488478573195,-48.610576008298985,sao jose,SC,2016-01-01 00:00:00.000000,2026-08-27T05:17:09.287600+00:00,D:/D drive recovery/Shiva JH/Projects/OneLake Medallion/data/landing/_reference/geolocation.parquet,_reference
88303,-26.912428672061186,-48.6773810666573,itajai,SC,2016-01-01 00:00:00.000000,2026-08-27T05:17:09.287600+00:00,D:/D drive recovery/Shiva JH/Projects/OneLake Medallion/data/landing/_reference/geolocation.parquet,_reference
88316,-26.945835525674628,-48.73272450830813,itajai,SC,2016-01-01 00:00:00.000000,2026-08-27T05:17:09.287600+00:00,D:/D drive recovery/Shiva JH/Projects/OneLake Medallion/data/landing/_reference/geolocation.parquet,_reference
88370,-26.88690680838387,-48.66214683641898,navegantes,SC,2016-01-01 00:00:00.000000,2026-08-27T05:17:09.287600+00:00,D:/D drive recovery/Shiva JH/Projects/OneLake Medallion/data/landing/_reference/geolocation.parquet,_reference
88704,-28.46951928224586,-48.99324969252177,tubarao,SC,2016-01-01 00:00:00.000000,2026-08-27T05:17:09.287600+00:00,D:/D drive recovery/Shiva JH/Projects/OneLake Medallion/data/landing/_reference/geolocation.parquet,_reference
88915,-28.86100263994921,-49.446676367068925,maracana,SC,2016-01-01 00:00:00.000000,2026-08-27T05:17:09.287600+00:00,D:/D drive recovery/Shiva JH/Projects/OneLake Medallion/data/landing/_reference/geolocation.parquet,_reference
89256,-26.487035474897464,-49.071400994171626,jaragua do sul,SC,2016-01-01 00:00:00.000000,2026-08-27T05:17:09.287600+00:00,D:/D drive recovery/Shiva JH/Projects/OneLake Medallion/data/landing/_reference/geolocation.parquet,_reference
89460,-26.16862248406491,-50.392861528512256,canoinhas,SC,2016-01-01 00:00:00.000000,2026-08-27T05:17:09.287600+00:00,D:/D drive recovery/Shiva JH/Projects/OneLake Medallion/data/landing/_reference/geolocation.parquet,_reference
90840,-30.08265056608161,-51.22237970599537,porto alegre,RS,2016-01-01 00:00:00.000000,2026-08-27T05:17:09.287600+00:00,D:/D drive recovery/Shiva JH/Projects/OneLake Medallion/data/landing/_reference/geolocation.parquet,_reference
95032,-29.15083937910365,-51.19747911590059,caxias do sul,RS,2016-01-01 00:00:00.000000,2026-08-27T05:17:09.287600+00:00,D:/D drive recovery/Shiva JH/Projects/OneLake Medallion/data/landing/_reference/geolocation.parquet,_reference
95365,-28.502363154866973,-51.70792088164341,sao jorge,RS,2016-01-01 00:00:00.000000,2026-08-27T05:17:09.287600+00:00,D:/D drive recovery/Shiva JH/Projects/OneLake Medallion/data/landing/_reference/geolocation.parquet,_reference
95995,-28.87262510202068,-52.17938515160991,arvorezinha,RS,2016-01-01 00:00:00.000000,2026-08-27T05:17:09.287600+00:00,D:/D drive recovery/Shiva JH/Projects/OneLake Medallion/data/landing/_reference/geolocation.parquet,_reference
96400,-31.32151917200534,-54.10078389798132,bagé,RS,2016-01-01 00:00:00.000000,2026-08-27T05:17:09.287600+00:00,D:/D drive recovery/Shiva JH/Projects/OneLake Medallion/data/landing/_reference/geolocation.parquet,_reference
97542,-29.78918848961021,-55.79694262151192,alegrete,RS,2016-01-01 00:00:00.000000,2026-08-27T05:17:09.287600+00:00,D:/D drive recovery/Shiva JH/Projects/OneLake Medallion/data/landing/_reference/geolocation.parquet,_reference
99725,-27.499977003429365,-52.15178454768994,tres arroios,RS,2016-01-01 00:00:00.000000,2026-08-27T05:17:09.287600+00:00,D:/D drive recovery/Shiva JH/Projects/OneLake Medallion/data/landing/_reference/geolocation.parquet,_reference
12912,-22.94671938995326,-46.53961817124474,braganca paulista,SP,2016-01-01 00:00:00.000000,2026-08-27T05:17:09.287600+00:00,D:/D drive recovery/Shiva JH/Projects/OneLake Medallion/data/landing/_reference/geolocation.parquet,_reference
13045,-22.92841942957608,-47.03706900304376,campinas,SP,2016-01-01 00:00:00.000000,2026-08-27T05:17:09.287600+00:00,D:/D drive recovery/Shiva JH/Projects/OneLake Medallion/data/landing/_reference/geolocation.parquet,_reference
13091,-22.86623673772286,-47.02516561962605,campinas,SP,2016-01-01 00:00:00.000000,2026-08-27T05:17:09.287600+00:00,D:/D drive recovery/Shiva JH/Projects/OneLake Medallion/data/landing/_reference/geolocation.parquet,_reference
13183,-22.84130864526152,-47.21940877608377,hortolandia,SP,2016-01-01 00:00:00.000000,2026-08-27T05:17:09.287600+00:00,D:/D drive recovery/Shiva JH/Projects/OneLake Medallion/data/landing/_reference/geolocation.parquet,_reference
13210,-23.21955226311385,-46.88331318927813,jundiai,SP,2016-01-01 00:00:00.000000,2026-08-27T05:17:09.287600+00:00,D:/D drive recovery/Shiva JH/Projects/OneLake Medallion/data/landing/_reference/geolocation.parquet,_reference
13257,-22.983505963817773,-46.84777639064763,itatiba,SP,2016-01-01 00:00:00.000000,2026-08-27T05:17:09.287600+00:00,D:/D drive recovery/Shiva JH/Projects/OneLake Medallion/data/landing/_reference/geolocation.parquet,_reference
13880,-21.83948265963376,-46.88952885213608,vargem grande do sul,SP,2016-01-01 00:00:00.000000,2026-08-27T05:17:09.287600+00:00,D:/D drive recovery/Shiva JH/Projects/OneLake Medallion/data/landing/_reference/geolocation.parquet,_reference
14025,-21.18665775437128,-47.80976500582838,ribeirao preto,SP,2016-01-01 00:00:00.000000,2026-08-27T05:17:09.287600+00:00,D:/D drive recovery/Shiva JH/Projects/OneLake Medallion/data/landing/_reference/geolocation.parquet,_reference
14600,-20.581177442701478,-47.858931261277824,sao joaquim da barra,SP,2016-01-01 00:00:00.000000,2026-08-27T05:17:09.287600+00:00,D:/D drive recovery/Shiva JH/Projects/OneLake Medallion/data/landing/_reference/geolocation.parquet,_reference
15076,-20.830232611066197,-49.35777544399851,sao jose do rio preto,SP,2016-01-01 00:00:00.000000,2026-08-27T05:17:09.287600+00:00,D:/D drive recovery/Shiva JH/Projects/OneLake Medallion/data/landing/_reference/geolocation.parquet,_reference
15370,-20.643342869769413,-51.109313177786085,pereira barreto,SP,2016-01-01 00:00:00.000000,2026-08-27T05:17:09.287600+00:00,D:/D drive recovery/Shiva JH/Projects/OneLake Medallion/data/landing/_reference/geolocation.parquet,_reference
15570,-20.07337070860132,-49.91260766329853,cardoso,SP,2016-01-01 00:00:00.000000,2026-08-27T05:17:09.287600+00:00,D:/D drive recovery/Shiva JH/Projects/OneLake Medallion/data/landing/_reference/geolocation.parquet,_reference
16012,-21.21832154593456,-50.400362346932894,araçatuba,SP,2016-01-01 00:00:00.000000,2026-08-27T05:17:09.287600+00:00,D:/D drive recovery/Shiva JH/Projects/OneLake Medallion/data/landing/_reference/geolocation.parquet,_reference
17370,-22.568919796062783,-48.15058521909285,santa maria da serra,SP,2016-01-01 00:00:00.000000,2026-08-27T05:17:09.287600+00:00,D:/D drive recovery/Shiva JH/Projects/OneLake Medallion/data/landing/_reference/geolocation.parquet,_reference
17509,-22.21755985747781,-49.93997427233191,marilia,SP,2016-01-01 00:00:00.000000,2026-08-27T05:17:09.287600+00:00,D:/D drive recovery/Shiva JH/Projects/OneLake Medallion/data/landing/_reference/geolocation.parquet,_reference
17510,-22.193082052455427,-49.948926747706174,marília,SP,2016-01-01 00:00:00.000000,2026-08-27T05:17:09.287600+00:00,D:/D drive recovery/Shiva JH/Projects/OneLake Medallion/data/landing/_reference/geolocation.parquet,_reference
18054,-23.491391636418687,-47.5186390351145,sorocaba,SP,2016-01-01 00:00:00.000000,2026-08-27T05:17:09.287600+00:00,D:/D drive recovery/Shiva JH/Projects/OneLake Medallion/data/landing/_reference/geolocation.parquet,_reference
18185,-23.811100565487248,-47.71245968130621,pilar do sul,SP,2016-01-01 00:00:00.000000,2026-08-27T05:17:09.287600+00:00,D:/D drive recovery/Shiva JH/Projects/OneLake Medallion/data/landing/_reference/geolocation.parquet,_reference
23081,-22.89414057340301,-43.56270255675458,rio de janeiro,RJ,2016-01-01 00:00:00.000000,2026-08-27T05:17:09.287600+00:00,D:/D drive recovery/Shiva JH/Projects/OneLake Medallion/data/landing/_reference/geolocation.parquet,_reference
24365,-22.91266714181438,-43.08264371885273,niteroi,RJ,2016-01-01 00:00:00.000000,2026-08-27T05:17:09.287600+00:00,D:/D drive recovery/Shiva JH/Projects/OneLake Medallion/data/landing/_reference/geolocation.parquet,_reference
25870,-22.0296234152697,-43.20507649341323,comendador levy gasparian,RJ,2016-01-01 00:00:00.000000,2026-08-27T05:17:09.287600+00:00,D:/D drive recovery/Shiva JH/Projects/OneLake Medallion/data/landing/_reference/geolocation.parquet,_reference
26165,-22.735079682038137,-43.38748613936333,belford roxo,RJ,2016-01-01 00:00:00.000000,2026-08-27T05:17:09.287600+00:00,D:/D drive recovery/Shiva JH/Projects/OneLake Medallion/data/landing/_reference/geolocation.parquet,_reference
28893,-22.49321971715972,-41.91021028549174,rio das ostras,RJ,2016-01-01 00:00:00.000000,2026-08-27T05:17:09.287600+00:00,D:/D drive recovery/Shiva JH/Projects/OneLake Medallion/data/landing/_reference/geolocation.parquet,_reference
28908,-22.918600080765664,-42.03848119319952,cabo frio,RJ,2016-01-01 00:00:00.000000,2026-08-27T05:17:09.287600+00:00,D:/D drive recovery/Shiva JH/Projects/OneLake Medallion/data/landing/_reference/geolocation.parquet,_reference
28950,-22.765556142540756,-41.89927673881432,armacao dos buzios,RJ,2016-01-01 00:00:00.000000,2026-08-27T05:17:09.287600+00:00,D:/D drive recovery/Shiva JH/Projects/OneLake Medallion/data/landing/_reference/geolocation.parquet,_reference
29160,-20.236316793236703,-40.27327897238731,serra,ES,2016-01-01 00:00:00.000000,2026-08-27T05:17:09.287600+00:00,D:/D drive recovery/Shiva JH/Projects/OneLake Medallion/data/landing/_reference/geolocation.parquet,_reference
30240,-19.92416706994057,-43.91647950666509,belo horizonte,MG,2016-01-01 00:00:00.000000,2026-08-27T05:17:09.287600+00:00,D:/D drive recovery/Shiva JH/Projects/OneLake Medallion/data/landing/_reference/geolocation.parquet,_reference
30441,-19.94248016190849,-43.95736581064879,belo horizonte,MG,2016-01-01 00:00:00.000000,2026-08-27T05:17:09.287600+00:00,D:/D drive recovery/Shiva JH/Projects/OneLake Medallion/data/landing/_reference/geolocation.parquet,_reference
36081,-21.74494928504241,-43.380469534970274,juiz de fora,MG,2016-01-01 00:00:00.000000,2026-08-27T05:17:09.287600+00:00,D:/D drive recovery/Shiva JH/Projects/OneLake Medallion/data/landing/_reference/geolocation.parquet,_reference
36955,-19.81818762469751,-41.44346009991036,mutum,MG,2016-01-01 00:00:00.000000,2026-08-27T05:17:09.287600+00:00,D:/D drive recovery/Shiva JH/Projects/OneLake Medallion/data/landing/_reference/geolocation.parquet,_reference
37150,-20.9776309991497,-46.11931317533268,carmo do rio claro,MG,2016-01-01 00:00:00.000000,2026-08-27T05:17:09.287600+00:00,D:/D drive recovery/Shiva JH/Projects/OneLake Medallion/data/landing/_reference/geolocation.parquet,_reference
38071,-19.727051678602333,-47.91761157646145,uberaba,MG,2016-01-01 00:00:00.000000,2026-08-27T05:17:09.287600+00:00,D:/D drive recovery/Shiva JH/Projects/OneLake Medallion/data/landing/_reference/geolocation.parquet,_reference
38550,-18.47534184940673,-47.21120486285433,coromandel,MG,2016-01-01 00:00:00.000000,2026-08-27T05:17:09.287600+00:00,D:/D drive recovery/Shiva JH/Projects/OneLake Medallion/data/landing/_reference/geolocation.parquet,_reference
39400,-16.718833477927223,-43.8691627456287,montes claros,MG,2016-01-01 00:00:00.000000,2026-08-27T05:17:09.287600+00:00,D:/D drive recovery/Shiva JH/Projects/OneLake Medallion/data/landing/_reference/geolocation.parquet,_reference
40430,-12.928889252293818,-38.49946382292688,salvador,BA,2016-01-01 00:00:00.000000,2026-08-27T05:17:09.287600+00:00,D:/D drive recovery/Shiva JH/Projects/OneLake Medallion/data/landing/_reference/geolocation.parquet,_reference
41701,-12.94150972522938,-38.40461312683939,salvador,BA,2016-01-01 00:00:00.000000,2026-08-27T05:17:09.287600+00:00,D:/D drive recovery/Shiva JH/Projects/OneLake Medallion/data/landing/_reference/geolocation.parquet,_reference
41760,-12.993606649460428,-38.44499495337294,salvador,BA,2016-01-01 00:00:00.000000,2026-08-27T05:17:09.287600+00:00,D:/D drive recovery/Shiva JH/Projects/OneLake Medallion/data/landing/_reference/geolocation.parquet,_reference
41830,-13.00486273633788,-38.46539390896759,salvador,BA,2016-01-01 00:00:00.000000,2026-08-27T05:17:09.287600+00:00,D:/D drive recovery/Shiva JH/Projects/OneLake Medallion/data/landing/_reference/geolocation.parquet,_reference
36200,-21.232267920465752,-43.77002363272546,barbacena,MG,2016-01-01 00:00:00.000000,2026-08-27T05:17:09.287600+00:00,D:/D drive recovery/Shiva JH/Projects/OneLake Medallion/data/landing/_reference/geolocation.parquet,_reference
36335,-21.02319250564844,-44.31894402646041,ritapolis,MG,2016-01-01 00:00:00.000000,2026-08-27T05:17:09.287600+00:00,D:/D drive recovery/Shiva JH/Projects/OneLake Medallion/data/landing/_reference/geolocation.parquet,_reference
36884,-21.12842778573488,-42.37999506994058,muriae,MG,2016-01-01 00:00:00.000000,2026-08-27T05:17:09.287600+00:00,D:/D drive recovery/Shiva JH/Projects/OneLake Medallion/data/landing/_reference/geolocation.parquet,_reference
37305,-21.48181694841581,-44.33009794589664,madre de deus de minas,MG,2016-01-01 00:00:00.000000,2026-08-27T05:17:09.287600+00:00,D:/D drive recovery/Shiva JH/Projects/OneLake Medallion/data/landing/_reference/geolocation.parquet,_reference
37564,-22.264093569966427,-46.15856420525942,borda da mata,MG,2016-01-01 00:00:00.000000,2026-08-27T05:17:09.287600+00:00,D:/D drive recovery/Shiva JH/Projects/OneLake Medallion/data/landing/_reference/geolocation.parquet,_reference
37590,-22.28444973167148,-46.613499420805184,jacutinga,MG,2016-01-01 00:00:00.000000,2026-08-27T05:17:09.287600+00:00,D:/D drive recovery/Shiva JH/Projects/OneLake Medallion/data/landing/_reference/geolocation.parquet,_reference
40285,-12.985620726066106,-38.49167649249818,salvador,BA,2016-01-01 00:00:00.000000,2026-08-27T05:17:09.287600+00:00,D:/D drive recovery/Shiva JH/Projects/OneLake Medallion/data/landing/_reference/geolocation.parquet,_reference
41825,-12.997320103132653,-38.46472077109895,salvador,BA,2016-01-01 00:00:00.000000,2026-08-27T05:17:09.287600+00:00,D:/D drive recovery/Shiva JH/Projects/OneLake Medallion/data/landing/_reference/geolocation.parquet,_reference
45780,-15.650992904270495,-40.064109836401,itarantim,BA,2016-01-01 00:00:00.000000,2026-08-27T05:17:09.287600+00:00,D:/D drive recovery/Shiva JH/Projects/OneLake Medallion/data/landing/_reference/geolocation.parquet,_reference
48060,-12.13888743527066,-38.43808292034538,alagoinhas,BA,2016-01-01 00:00:00.000000,2026-08-27T05:17:09.287600+00:00,D:/D drive recovery/Shiva JH/Projects/OneLake Medallion/data/landing/_reference/geolocation.parquet,_reference
49960,-10.591125094655087,-36.94213736305032,japaratuba,SE,2016-01-01 00:00:00.000000,2026-08-27T05:17:09.287600+00:00,D:/D drive recovery/Shiva JH/Projects/OneLake Medallion/data/landing/_reference/geolocation.parquet,_reference
49980,-10.32111888729693,-36.5783575701788,neopolis,SE,2016-01-01 00:00:00.000000,2026-08-27T05:17:09.287600+00:00,D:/D drive recovery/Shiva JH/Projects/OneLake Medallion/data/landing/_reference/geolocation.parquet,_reference
52070,-8.02746534332621,-34.91569324340702,recife,PE,2016-01-01 00:00:00.000000,2026-08-27T05:17:09.287600+00:00,D:/D drive recovery/Shiva JH/Projects/OneLake Medallion/data/landing/_reference/geolocation.parquet,_reference
55194,-7.9573149484065855,-36.20737275553074,santa cruz do capibaribe,PE,2016-01-01 00:00:00.000000,2026-08-27T05:17:09.287600+00:00,D:/D drive recovery/Shiva JH/Projects/OneLake Medallion/data/landing/_reference/geolocation.parquet,_reference
60455,-3.7379990008367128,-38.55290902914189,fortaleza,CE,2016-01-01 00:00:00.000000,2026-08-27T05:17:09.287600+00:00,D:/D drive recovery/Shiva JH/Projects/OneLake Medallion/data/landing/_reference/geolocation.parquet,_reference
62598,-2.795139681135044,-40.51783866646798,jijoca de jericoacoara,CE,2016-01-01 00:00:00.000000,2026-08-27T05:17:09.287600+00:00,D:/D drive recovery/Shiva JH/Projects/OneLake Medallion/data/landing/_reference/geolocation.parquet,_reference
65070,-2.510120869928807,-44.25121688601078,sao luis,MA,2016-01-01 00:00:00.000000,2026-08-27T05:17:09.287600+00:00,D:/D drive recovery/Shiva JH/Projects/OneLake Medallion/data/landing/_reference/geolocation.parquet,_reference
65077,-2.4904195778464238,-44.30328698626578,sao luis,MA,2016-01-01 00:00:00.000000,2026-08-27T05:17:09.287600+00:00,D:/D drive recovery/Shiva JH/Projects/OneLake Medallion/data/landing/_reference/geolocation.parquet,_reference
65130,-2.5368706714640674,-44.17151545554634,paco do lumiar,MA,2016-01-01 00:00:00.000000,2026-08-27T05:17:09.287600+00:00,D:/D drive recovery/Shiva JH/Projects/OneLake Medallion/data/landing/_reference/geolocation.parquet,_reference
65922,-5.450650432159658,-47.40242449487213,joao lisboa,MA,2016-01-01 00:00:00.000000,2026-08-27T05:17:09.287600+00:00,D:/D drive recovery/Shiva JH/Projects/OneLake Medallion/data/landing/_reference/geolocation.parquet,_reference
72460,-16.02294658397918,-48.05071815778448,brasilia,DF,2016-01-01 00:00:00.000000,2026-08-27T05:17:09.287600+00:00,D:/D drive recovery/Shiva JH/Projects/OneLake Medallion/data/landing/_reference/geolocation.parquet,_reference
74150,-16.69233053490511,-49.26801564804068,goiania,GO,2016-01-01 00:00:00.000000,2026-08-27T05:17:09.287600+00:00,D:/D drive recovery/Shiva JH/Projects/OneLake Medallion/data/landing/_reference/geolocation.parquet,_reference
74323,-16.69955774566663,-49.31646534449651,goiânia,GO,2016-01-01 00:00:00.000000,2026-08-27T05:17:09.287600+00:00,D:/D drive recovery/Shiva JH/Projects/OneLake Medallion/data/landing/_reference/geolocation.parquet,_reference
74815,-16.712006739048626,-49.23975723904863,goiania,GO,2016-01-01 00:00:00.000000,2026-08-27T05:17:09.287600+00:00,D:/D drive recovery/Shiva JH/Projects/OneLake Medallion/data/landing/_reference/geolocation.parquet,_reference
74884,-16.72204111672155,-49.18413937967532,goiania,GO,2016-01-01 00:00:00.000000,2026-08-27T05:17:09.287600+00:00,D:/D drive recovery/Shiva JH/Projects/OneLake Medallion/data/landing/_reference/geolocation.parquet,_reference
74916,-16.747272000000002,-49.28483025000001,aparecida de goiania,GO,2016-01-01 00:00:00.000000,2026-08-27T05:17:09.287600+00:00,D:/D drive recovery/Shiva JH/Projects/OneLake Medallion/data/landing/_reference/geolocation.parquet,_reference
75533,-18.400124929994416,-49.27964903733632,itumbiara,GO,2016-01-01 00:00:00.000000,2026-08-27T05:17:09.287600+00:00,D:/D drive recovery/Shiva JH/Projects/OneLake Medallion/data/landing/_reference/geolocation.parquet,_reference
75690,-17.759188605093385,-48.65494749284017,caldas novas,GO,2016-01-01 00:00:00.000000,2026-08-27T05:17:09.287600+00:00,D:/D drive recovery/Shiva JH/Projects/OneLake Medallion/data/landing/_reference/geolocation.parquet,_reference
39205,-18.20706591428001,-45.21946726191109,tres marias,MG,2016-01-01 00:00:00.000000,2026-08-27T05:17:09.287600+00:00,D:/D drive recovery/Shiva JH/Projects/OneLake Medallion/data/landing/_reference/geolocation.parquet,_reference
41342,-12.900911982514856,-38.40131459547578,salvador,BA,2016-01-01 00:00:00.000000,2026-08-27T05:17:09.287600+00:00,D:/D drive recovery/Shiva JH/Projects/OneLake Medallion/data/landing/_reference/geolocation.parquet,_reference
41387,-12.972285687386568,-38.51324248620823,salvador,BA,2016-01-01 00:00:00.000000,2026-08-27T05:17:09.287600+00:00,D:/D drive recovery/Shiva JH/Projects/OneLake Medallion/data/landing/_reference/geolocation.parquet,_reference
41630,-12.83613350882616,-38.47170587279346,salvador,BA,2016-01-01 00:00:00.000000,2026-08-27T05:17:09.287600+00:00,D:/D drive recovery/Shiva JH/Projects/OneLake Medallion/data/landing/_reference/geolocation.parquet,_reference
41635,-12.918456851184184,-38.35272390509517,salvador,BA,2016-01-01 00:00:00.000000,2026-08-27T05:17:09.287600+00:00,D:/D drive recovery/Shiva JH/Projects/OneLake Medallion/data/landing/_reference/geolocation.parquet,_reference
46190,-13.4467847516547,-42.24640499160228,paramirim,BA,2016-01-01 00:00:00.000000,2026-08-27T05:17:09.287600+00:00,D:/D drive recovery/Shiva JH/Projects/OneLake Medallion/data/landing/_reference/geolocation.parquet,_reference
53605,-7.820182252217352,-34.91666968397155,igarassu,PE,2016-01-01 00:00:00.000000,2026-08-27T05:17:09.287600+00:00,D:/D drive recovery/Shiva JH/Projects/OneLake Medallion/data/landing/_reference/geolocation.parquet,_reference
55125,-8.009000671370503,-36.05661953152595,toritama,PE,2016-01-01 00:00:00.000000,2026-08-27T05:17:09.287600+00:00,D:/D drive recovery/Shiva JH/Projects/OneLake Medallion/data/landing/_reference/geolocation.parquet,_reference
60192,-3.7426544213168538,-38.48417765306712,fortaleza,CE,2016-01-01 00:00:00.000000,2026-08-27T05:17:09.287600+00:00,D:/D drive recovery/Shiva JH/Projects/OneLake Medallion/data/landing/_reference/geolocation.parquet,_reference
65046,-2.545427825092353,-44.24638076234008,sao luis,MA,2016-01-01 00:00:00.000000,2026-08-27T05:17:09.287600+00:00,D:/D drive recovery/Shiva JH/Projects/OneLake Medallion/data/landing/_reference/geolocation.parquet,_reference
67125,-1.3383317204210916,-48.40130701054111,ananindeua,PA,2016-01-01 00:00:00.000000,2026-08-27T05:17:09.287600+00:00,D:/D drive recovery/Shiva JH/Projects/OneLake Medallion/data/landing/_reference/geolocation.parquet,_reference
68400,-2.240953530813766,-49.50294914156826,cameta,PA,2016-01-01 00:00:00.000000,2026-08-27T05:17:09.287600+00:00,D:/D drive recovery/Shiva JH/Projects/OneLake Medallion/data/landing/_reference/geolocation.parquet,_reference
68515,-6.0858180000000015,-49.89855149999999,parauapebas,PA,2016-01-01 00:00:00.000000,2026-08-27T05:17:09.287600+00:00,D:/D drive recovery/Shiva JH/Projects/OneLake Medallion/data/landing/_reference/geolocation.parquet,_reference
70235,-15.812658217593002,-47.89365639297883,brasília,DF,2016-01-01 00:00:00.000000,2026-08-27T05:17:09.287600+00:00,D:/D drive recovery/Shiva JH/Projects/OneLake Medallion/data/landing/_reference/geolocation.parquet,_reference
72250,-15.792835467982432,-48.11964457453431,brasilia,DF,2016-01-01 00:00:00.000000,2026-08-27T05:17:09.287600+00:00,D:/D drive recovery/Shiva JH/Projects/OneLake Medallion/data/landing/_reference/geolocation.parquet,_reference
72425,-16.024303965104266,-48.07309083213991,brasilia,DF,2016-01-01 00:00:00.000000,2026-08-27T05:17:09.287600+00:00,D:/D drive recovery/Shiva JH/Projects/OneLake Medallion/data/landing/_reference/geolocation.parquet,_reference
72850,-16.130234115673762,-47.966305231347526,luziania,GO,2016-01-01 00:00:00.000000,2026-08-27T05:17:09.287600+00:00,D:/D drive recovery/Shiva JH/Projects/OneLake Medallion/data/landing/_reference/geolocation.parquet,_reference
78552,-11.830378422010632,-55.50926588318077,sinop,MT,2016-01-01 00:00:00.000000,2026-08-27T05:17:09.287600+00:00,D:/D drive recovery/Shiva JH/Projects/OneLake Medallion/data/landing/_reference/geolocation.parquet,_reference
79042,-20.500241396329898,-54.56866584497099,campo grande,MS,2016-01-01 00:00:00.000000,2026-08-27T05:17:09.287600+00:00,D:/D drive recovery/Shiva JH/Projects/OneLake Medallion/data/landing/_reference/geolocation.parquet,_reference
79107,-20.43684652070092,-54.67593485958462,campo grande,MS,2016-01-01 00:00:00.000000,2026-08-27T05:17:09.287600+00:00,D:/D drive recovery/Shiva JH/Projects/OneLake Medallion/data/landing/_reference/geolocation.parquet,_reference
79604,-20.790643592787625,-51.68963144610972,tres lagoas,MS,2016-01-01 00:00:00.000000,2026-08-27T05:17:09.287600+00:00,D:/D drive recovery/Shiva JH/Projects/OneLake Medallion/data/landing/_reference/geolocation.parquet,_reference
79990,-23.095537793758137,-55.23559163402688,amambai,MS,2016-01-01 00:00:00.000000,2026-08-27T05:17:09.287600+00:00,D:/D drive recovery/Shiva JH/Projects/OneLake Medallion/data/landing/_reference/geolocation.parquet,_reference
80430,-25.43328294393789,-49.28042347446478,curitiba,PR,2016-01-01 00:00:00.000000,2026-08-27T05:17:09.287600+00:00,D:/D drive recovery/Shiva JH/Projects/OneLake Medallion/data/landing/_reference/geolocation.parquet,_reference
83605,-25.446647385196982,-49.55563586004068,campo largo,PR,2016-01-01 00:00:00.000000,2026-08-27T05:17:09.287600+00:00,D:/D drive recovery/Shiva JH/Projects/OneLake Medallion/data/landing/_reference/geolocation.parquet,_reference
14882,-21.250592999999995,-48.31762049999999,jaboticabal,SP,2016-01-01 00:00:00.000000,2026-08-27T05:17:09.287600+00:00,D:/D drive recovery/Shiva JH/Projects/OneLake Medallion/data/landing/_reference/geolocation.parquet,_reference
16210,-21.401868898287308,-50.468934178259445,bilac,SP,2016-01-01 00:00:00.000000,2026-08-27T05:17:09.287600+00:00,D:/D drive recovery/Shiva JH/Projects/OneLake Medallion/data/landing/_reference/geolocation.parquet,_reference
18066,-23.480652126691457,-47.4975906438425,sorocaba,SP,2016-01-01 00:00:00.000000,2026-08-27T05:17:09.287600+00:00,D:/D drive recovery/Shiva JH/Projects/OneLake Medallion/data/landing/_reference/geolocation.parquet,_reference
18110,-23.540699932021333,-47.45842622799934,votorantim,SP,2016-01-01 00:00:00.000000,2026-08-27T05:17:09.287600+00:00,D:/D drive recovery/Shiva JH/Projects/OneLake Medallion/data/landing/_reference/geolocation.parquet,_reference
18603,-22.88432509788077,-48.45934051463188,botucatu,SP,2016-01-01 00:00:00.000000,2026-08-27T05:17:09.287600+00:00,D:/D drive recovery/Shiva JH/Projects/OneLake Medallion/data/landing/_reference/geolocation.parquet,_reference
18610,-22.85427884984708,-48.44620612975359,botucatu,SP,2016-01-01 00:00:00.000000,2026-08-27T05:17:09.287600+00:00,D:/D drive recovery/Shiva JH/Projects/OneLake Medallion/data/landing/_reference/geolocation.parquet,_reference
22710,-22.933084232038716,-43.36663107132555,rio de janeiro,RJ,2016-01-01 00:00:00.000000,2026-08-27T05:17:09.287600+00:00,D:/D drive recovery/Shiva JH/Projects/OneLake Medallion/data/landing/_reference/geolocation.parquet,_reference
22765,-22.95634609019567,-43.34674647224308,rio de janeiro,RJ,2016-01-01 00:00:00.000000,2026-08-27T05:17:09.287600+00:00,D:/D drive recovery/Shiva JH/Projects/OneLake Medallion/data/landing/_reference/geolocation.parquet,_reference
23070,-22.887125614714957,-43.59933516863879,rio de janeiro,RJ,2016-01-01 00:00:00.000000,2026-08-27T05:17:09.287600+00:00,D:/D drive recovery/Shiva JH/Projects/OneLake Medallion/data/landing/_reference/geolocation.parquet,_reference
24060,-22.88468203514288,-43.1104961936404,niteroi,RJ,2016-01-01 00:00:00.000000,2026-08-27T05:17:09.287600+00:00,D:/D drive recovery/Shiva JH/Projects/OneLake Medallion/data/landing/_reference/geolocation.parquet,_reference
24120,-22.88248286955392,-43.0886607547753,niteroi,RJ,2016-01-01 00:00:00.000000,2026-08-27T05:17:09.287600+00:00,D:/D drive recovery/Shiva JH/Projects/OneLake Medallion/data/landing/_reference/geolocation.parquet,_reference
24130,-22.87983185270721,-43.08712552709545,niteroi,RJ,2016-01-01 00:00:00.000000,2026-08-27T05:17:09.287600+00:00,D:/D drive recovery/Shiva JH/Projects/OneLake Medallion/data/landing/_reference/geolocation.parquet,_reference
24440,-22.82732701725956,-43.05044041062229,sao goncalo,RJ,2016-01-01 00:00:00.000000,2026-08-27T05:17:09.287600+00:00,D:/D drive recovery/Shiva JH/Projects/OneLake Medallion/data/landing/_reference/geolocation.parquet,_reference
24800,-22.745435960784267,-42.861831835850985,itaborai,RJ,2016-01-01 00:00:00.000000,2026-08-27T05:17:09.287600+00:00,D:/D drive recovery/Shiva JH/Projects/OneLake Medallion/data/landing/_reference/geolocation.parquet,_reference
06280,-23.51101260170821,-46.76163428864908,osasco,SP,2016-01-01 00:00:00.000000,2026-08-27T05:17:09.287600+00:00,D:/D drive recovery/Shiva JH/Projects/OneLake Medallion/data/landing/_reference/geolocation.parquet,_reference
06696,-23.52675976321213,-46.94317674153119,itapevi,SP,2016-01-01 00:00:00.000000,2026-08-27T05:17:09.287600+00:00,D:/D drive recovery/Shiva JH/Projects/OneLake Medallion/data/landing/_reference/geolocation.parquet,_reference
07748,-23.39187012721304,-46.72906070986796,caieiras,SP,2016-01-01 00:00:00.000000,2026-08-27T05:17:09.287600+00:00,D:/D drive recovery/Shiva JH/Projects/OneLake Medallion/data/landing/_reference/geolocation.parquet,_reference
07790,-23.406238298215783,-46.84102497498486,cajamar,SP,2016-01-01 00:00:00.000000,2026-08-27T05:17:09.287600+00:00,D:/D drive recovery/Shiva JH/Projects/OneLake Medallion/data/landing/_reference/geolocation.parquet,_reference
07985,-23.285436459961183,-46.71111881569874,francisco morato,SP,2016-01-01 00:00:00.000000,2026-08-27T05:17:09.287600+00:00,D:/D drive recovery/Shiva JH/Projects/OneLake Medallion/data/landing/_reference/geolocation.parquet,_reference
08320,-23.635701,-46.46231774999998,sao paulo,SP,2016-01-01 00:00:00.000000,2026-08-27T05:17:09.287600+00:00,D:/D drive recovery/Shiva JH/Projects/OneLake Medallion/data/landing/_reference/geolocation.parquet,_reference
08541,-23.52145430890418,-46.37456588259565,ferraz de vasconcelos,SP,2016-01-01 00:00:00.000000,2026-08-27T05:17:09.287600+00:00,D:/D drive recovery/Shiva JH/Projects/OneLake Medallion/data/landing/_reference/geolocation.parquet,_reference
08737,-23.513335555913,-46.19550814955674,mogi das cruzes,SP,2016-01-01 00:00:00.000000,2026-08-27T05:17:09.287600+00:00,D:/D drive recovery/Shiva JH/Projects/OneLake Medallion/data/landing/_reference/geolocation.parquet,_reference
09361,-23.705183776848084,-46.45744742091284,maua,SP,2016-01-01 00:00:00.000000,2026-08-27T05:17:09.287600+00:00,D:/D drive recovery/Shiva JH/Projects/OneLake Medallion/data/landing/_reference/geolocation.parquet,_reference
09415,-23.75156370006625,-46.44223090761778,ribeirao pires,SP,2016-01-01 00:00:00.000000,2026-08-27T05:17:09.287600+00:00,D:/D drive recovery/Shiva JH/Projects/OneLake Medallion/data/landing/_reference/geolocation.parquet,_reference
09710,-23.70899726008409,-46.54812620982171,sao bernardo do campo,SP,2016-01-01 00:00:00.000000,2026-08-27T05:17:09.287600+00:00,D:/D drive recovery/Shiva JH/Projects/OneLake Medallion/data/landing/_reference/geolocation.parquet,_reference
09862,-23.705450443973447,-46.58385800553772,sao bernardo do campo,SP,2016-01-01 00:00:00.000000,2026-08-27T05:17:09.287600+00:00,D:/D drive recovery/Shiva JH/Projects/OneLake Medallion/data/landing/_reference/geolocation.parquet,_reference
11070,-23.961812938897538,-46.34427982528125,santos,SP,2016-01-01 00:00:00.000000,2026-08-27T05:17:09.287600+00:00,D:/D drive recovery/Shiva JH/Projects/OneLake Medallion/data/landing/_reference/geolocation.parquet,_reference
11705,-24.041022419984717,-46.51150902857297,praia grande,SP,2016-01-01 00:00:00.000000,2026-08-27T05:17:09.287600+00:00,D:/D drive recovery/Shiva JH/Projects/OneLake Medallion/data/landing/_reference/geolocation.parquet,_reference
11920,-24.705292058051395,-47.55221572856384,iguape,SP,2016-01-01 00:00:00.000000,2026-08-27T05:17:09.287600+00:00,D:/D drive recovery/Shiva JH/Projects/OneLake Medallion/data/landing/_reference/geolocation.parquet,_reference
12071,-23.00417696397416,-45.53103723525249,taubate,SP,2016-01-01 00:00:00.000000,2026-08-27T05:17:09.287600+00:00,D:/D drive recovery/Shiva JH/Projects/OneLake Medallion/data/landing/_reference/geolocation.parquet,_reference
12955,-23.12948718572885,-46.46907882954239,bom jesus dos perdoes,SP,2016-01-01 00:00:00.000000,2026-08-27T05:17:09.287600+00:00,D:/D drive recovery/Shiva JH/Projects/OneLake Medallion/data/landing/_reference/geolocation.parquet,_reference
89896,-27.174251650774437,-53.713752423076215,itapiranga,SC,2016-01-01 00:00:00.000000,2026-08-27T05:17:09.287600+00:00,D:/D drive recovery/Shiva JH/Projects/OneLake Medallion/data/landing/_reference/geolocation.parquet,_reference
90010,-30.03215040714993,-51.2325516998384,porto alegre,RS,2016-01-01 00:00:00.000000,2026-08-27T05:17:09.287600+00:00,D:/D drive recovery/Shiva JH/Projects/OneLake Medallion/data/landing/_reference/geolocation.parquet,_reference
90240,-30.013169904996133,-51.19853892141162,porto alegre,RS,2016-01-01 00:00:00.000000,2026-08-27T05:17:09.287600+00:00,D:/D drive recovery/Shiva JH/Projects/OneLake Medallion/data/landing/_reference/geolocation.parquet,_reference
90690,-30.043289074383967,-51.18007007118131,porto alegre,RS,2016-01-01 00:00:00.000000,2026-08-27T05:17:09.287600+00:00,D:/D drive recovery/Shiva JH/Projects/OneLake Medallion/data/landing/_reference/geolocation.parquet,_reference
91780,-30.21046165390383,-51.1749209536614,porto alegre,RS,2016-01-01 00:00:00.000000,2026-08-27T05:17:09.287600+00:00,D:/D drive recovery/Shiva JH/Projects/OneLake Medallion/data/landing/_reference/geolocation.parquet,_reference
93890,-29.58133945586879,-50.87851133806305,nova hartz,RS,2016-01-01 00:00:00.000000,2026-08-27T05:17:09.287600+00:00,D:/D drive recovery/Shiva JH/Projects/OneLake Medallion/data/landing/_reference/geolocation.parquet,_reference
94155,-29.93388154371285,-51.01198560367011,gravataí,RS,2016-01-01 00:00:00.000000,2026-08-27T05:17:09.287600+00:00,D:/D drive recovery/Shiva JH/Projects/OneLake Medallion/data/landing/_reference/geolocation.parquet,_reference
95914,-29.434770858166107,-51.96763151874975,lajeado,RS,2016-01-01 00:00:00.000000,2026-08-27T05:17:09.287600+00:00,D:/D drive recovery/Shiva JH/Projects/OneLake Medallion/data/landing/_reference/geolocation.parquet,_reference
96070,-31.69656034346417,-52.34306597570368,pelotas,RS,2016-01-01 00:00:00.000000,2026-08-27T05:17:09.287600+00:00,D:/D drive recovery/Shiva JH/Projects/OneLake Medallion/data/landing/_reference/geolocation.parquet,_reference
98460,-27.19821574297093,-53.25564942287676,irai,RS,2016-01-01 00:00:00.000000,2026-08-27T05:17:09.287600+00:00,D:/D drive recovery/Shiva JH/Projects/OneLake Medallion/data/landing/_reference/geolocation.parquet,_reference
98995,-27.90472170174092,-55.13510240991884,porto xavier,RS,2016-01-01 00:00:00.000000,2026-08-27T05:17:09.287600+00:00,D:/D drive recovery/Shiva JH/Projects/OneLake Medallion/data/landing/_reference/geolocation.parquet,_reference
99250,-28.707950159505703,-51.93015348071435,serafina correa,RS,2016-01-01 00:00:00.000000,2026-08-27T05:17:09.287600+00:00,D:/D drive recovery/Shiva JH/Projects/OneLake Medallion/data/landing/_reference/geolocation.parquet,_reference
99500,-28.28944621405989,-52.79412331824494,carazinho,RS,2016-01-01 00:00:00.000000,2026-08-27T05:17:09.287600+00:00,D:/D drive recovery/Shiva JH/Projects/OneLake Medallion/data/landing/_reference/geolocation.parquet,_reference
88372,-26.827122174199324,-48.62565732098049,navegantes,SC,2016-01-01 00:00:00.000000,2026-08-27T05:17:09.287600+00:00,D:/D drive recovery/Shiva JH/Projects/OneLake Medallion/data/landing/_reference/geolocation.parquet,_reference
88845,-28.59902251540927,-49.32630907531146,cocal do sul,SC,2016-01-01 00:00:00.000000,2026-08-27T05:17:09.287600+00:00,D:/D drive recovery/Shiva JH/Projects/OneLake Medallion/data/landing/_reference/geolocation.parquet,_reference
89830,-26.564002571112702,-52.32748699973988,abelardo luz,SC,2016-01-01 00:00:00.000000,2026-08-27T05:17:09.287600+00:00,D:/D drive recovery/Shiva JH/Projects/OneLake Medallion/data/landing/_reference/geolocation.parquet,_reference
90510,-30.02810288816424,-51.206327392723225,porto alegre,RS,2016-01-01 00:00:00.000000,2026-08-27T05:17:09.287600+00:00,D:/D drive recovery/Shiva JH/Projects/OneLake Medallion/data/landing/_reference/geolocation.parquet,_reference
91350,-30.013118634456788,-51.16245393796528,porto alegre,RS,2016-01-01 00:00:00.000000,2026-08-27T05:17:09.287600+00:00,D:/D drive recovery/Shiva JH/Projects/OneLake Medallion/data/landing/_reference/geolocation.parquet,_reference
91540,-30.08213773688614,-51.12812136358132,porto alegre,RS,2016-01-01 00:00:00.000000,2026-08-27T05:17:09.287600+00:00,D:/D drive recovery/Shiva JH/Projects/OneLake Medallion/data/landing/_reference/geolocation.parquet,_reference
96412,-31.31124851159016,-54.09360649811303,bage,RS,2016-01-01 00:00:00.000000,2026-08-27T05:17:09.287600+00:00,D:/D drive recovery/Shiva JH/Projects/OneLake Medallion/data/landing/_reference/geolocation.parquet,_reference
29109,-20.355711075892653,-40.31492752529756,vila velha,ES,2016-01-01 00:00:00.000000,2026-08-27T05:17:09.287600+00:00,D:/D drive recovery/Shiva JH/Projects/OneLake Medallion/data/landing/_reference/geolocation.parquet,_reference
29118,-20.34652290275511,-40.34108994009047,vila velha,ES,2016-01-01 00:00:00.000000,2026-08-27T05:17:09.287600+00:00,D:/D drive recovery/Shiva JH/Projects/OneLake Medallion/data/landing/_reference/geolocation.parquet,_reference
30575,-19.97007559893824,-43.97959527560735,belo horizonte,MG,2016-01-01 00:00:00.000000,2026-08-27T05:17:09.287600+00:00,D:/D drive recovery/Shiva JH/Projects/OneLake Medallion/data/landing/_reference/geolocation.parquet,_reference
30840,-19.891079580904844,-43.99423022788376,belo horizonte,MG,2016-01-01 00:00:00.000000,2026-08-27T05:17:09.287600+00:00,D:/D drive recovery/Shiva JH/Projects/OneLake Medallion/data/landing/_reference/geolocation.parquet,_reference
32210,-19.95289717247436,-44.030729447633405,contagem,MG,2016-01-01 00:00:00.000000,2026-08-27T05:17:09.287600+00:00,D:/D drive recovery/Shiva JH/Projects/OneLake Medallion/data/landing/_reference/geolocation.parquet,_reference
35140,-19.283080041857996,-42.002124185436,tarumirim,MG,2016-01-01 00:00:00.000000,2026-08-27T05:17:09.287600+00:00,D:/D drive recovery/Shiva JH/Projects/OneLake Medallion/data/landing/_reference/geolocation.parquet,_reference
35960,-19.964212954976457,-43.41725182108993,santa barbara,MG,2016-01-01 00:00:00.000000,2026-08-27T05:17:09.287600+00:00,D:/D drive recovery/Shiva JH/Projects/OneLake Medallion/data/landing/_reference/geolocation.parquet,_reference
36300,-21.139883727999347,-44.268940126146894,sao joao del rei,MG,2016-01-01 00:00:00.000000,2026-08-27T05:17:09.287600+00:00,D:/D drive recovery/Shiva JH/Projects/OneLake Medallion/data/landing/_reference/geolocation.parquet,_reference
36972,-20.257738478406303,-41.87764558521721,martins soares,MG,2016-01-01 00:00:00.000000,2026-08-27T05:17:09.287600+00:00,D:/D drive recovery/Shiva JH/Projects/OneLake Medallion/data/landing/_reference/geolocation.parquet,_reference
37600,-22.61840566392406,-46.05692385089537,cambui,MG,2016-01-01 00:00:00.000000,2026-08-27T05:17:09.287600+00:00,D:/D drive recovery/Shiva JH/Projects/OneLake Medallion/data/landing/_reference/geolocation.parquet,_reference
37701,-21.79456138829181,-46.5584186207388,pocos de caldas,MG,2016-01-01 00:00:00.000000,2026-08-27T05:17:09.287600+00:00,D:/D drive recovery/Shiva JH/Projects/OneLake Medallion/data/landing/_reference/geolocation.parquet,_reference
07041,-23.48392863558197,-46.54665783166945,guarulhos,SP,2016-01-01 00:00:00.000000,2026-08-27T05:17:09.287600+00:00,D:/D drive recovery/Shiva JH/Projects/OneLake Medallion/data/landing/_reference/geolocation.parquet,_reference
07141,-23.42586781265509,-46.504539524006,guarulhos,SP,2016-01-01 00:00:00.000000,2026-08-27T05:17:09.287600+00:00,D:/D drive recovery/Shiva JH/Projects/OneLake Medallion/data/landing/_reference/geolocation.parquet,_reference
08280,-23.56180201082004,-46.47968149264242,sao paulo,SP,2016-01-01 00:00:00.000000,2026-08-27T05:17:09.287600+00:00,D:/D drive recovery/Shiva JH/Projects/OneLake Medallion/data/landing/_reference/geolocation.parquet,_reference
09180,-23.696333654452097,-46.5268662352127,santo andre,SP,2016-01-01 00:00:00.000000,2026-08-27T05:17:09.287600+00:00,D:/D drive recovery/Shiva JH/Projects/OneLake Medallion/data/landing/_reference/geolocation.parquet,_reference
09230,-23.61571809769749,-46.53118432278263,santo andre,SP,2016-01-01 00:00:00.000000,2026-08-27T05:17:09.287600+00:00,D:/D drive recovery/Shiva JH/Projects/OneLake Medallion/data/landing/_reference/geolocation.parquet,_reference
09240,-23.62936402042012,-46.52450728432847,santo andre,SP,2016-01-01 00:00:00.000000,2026-08-27T05:17:09.287600+00:00,D:/D drive recovery/Shiva JH/Projects/OneLake Medallion/data/landing/_reference/geolocation.parquet,_reference
09416,-23.73407261059953,-46.44241000920845,ribeirao pires,SP,2016-01-01 00:00:00.000000,2026-08-27T05:17:09.287600+00:00,D:/D drive recovery/Shiva JH/Projects/OneLake Medallion/data/landing/_reference/geolocation.parquet,_reference
09616,-23.65957039301168,-46.56093532529281,sao bernardo do campo,SP,2016-01-01 00:00:00.000000,2026-08-27T05:17:09.287600+00:00,D:/D drive recovery/Shiva JH/Projects/OneLake Medallion/data/landing/_reference/geolocation.parquet,_reference
09633,-23.653879691355616,-46.56583064446876,são bernardo do campo,SP,2016-01-01 00:00:00.000000,2026-08-27T05:17:09.287600+00:00,D:/D drive recovery/Shiva JH/Projects/OneLake Medallion/data/landing/_reference/geolocation.parquet,_reference
09685,-23.66698412477101,-46.593442874313,são bernardo do campo,SP,2016-01-01 00:00:00.000000,2026-08-27T05:17:09.287600+00:00,D:/D drive recovery/Shiva JH/Projects/OneLake Medallion/data/landing/_reference/geolocation.parquet,_reference
09720,-23.71933860892157,-46.5517479343586,sao bernardo do campo,SP,2016-01-01 00:00:00.000000,2026-08-27T05:17:09.287600+00:00,D:/D drive recovery/Shiva JH/Projects/OneLake Medallion/data/landing/_reference/geolocation.parquet,_reference
09895,-23.70734747994644,-46.56687389064575,sao bernardo do campo,SP,2016-01-01 00:00:00.000000,2026-08-27T05:17:09.287600+00:00,D:/D drive recovery/Shiva JH/Projects/OneLake Medallion/data/landing/_reference/geolocation.parquet,_reference
12230,-23.217522914795985,-45.88889309394657,sao jose dos campos,SP,2016-01-01 00:00:00.000000,2026-08-27T05:17:09.287600+00:00,D:/D drive recovery/Shiva JH/Projects/OneLake Medallion/data/landing/_reference/geolocation.parquet,_reference
12244,-23.20073801915859,-45.94822830751921,sao jose dos campos,SP,2016-01-01 00:00:00.000000,2026-08-27T05:17:09.287600+00:00,D:/D drive recovery/Shiva JH/Projects/OneLake Medallion/data/landing/_reference/geolocation.parquet,_reference
06056,-23.565986162357948,-46.78504212655093,osasco,SP,2016-01-01 00:00:00.000000,2026-08-27T05:17:09.287600+00:00,D:/D drive recovery/Shiva JH/Projects/OneLake Medallion/data/landing/_reference/geolocation.parquet,_reference
06330,-23.55971076646229,-46.8303535073357,carapicuiba,SP,2016-01-01 00:00:00.000000,2026-08-27T05:17:09.287600+00:00,D:/D drive recovery/Shiva JH/Projects/OneLake Medallion/data/landing/_reference/geolocation.parquet,_reference
06768,-23.607693000000005,-46.75265774999998,taboao da serra,SP,2016-01-01 00:00:00.000000,2026-08-27T05:17:09.287600+00:00,D:/D drive recovery/Shiva JH/Projects/OneLake Medallion/data/landing/_reference/geolocation.parquet,_reference
07040,-23.47667359838998,-46.54462276311386,guarulhos,SP,2016-01-01 00:00:00.000000,2026-08-27T05:17:09.287600+00:00,D:/D drive recovery/Shiva JH/Projects/OneLake Medallion/data/landing/_reference/geolocation.parquet,_reference
07112,-23.465304114698757,-46.51148732089968,guarulhos,SP,2016-01-01 00:00:00.000000,2026-08-27T05:17:09.287600+00:00,D:/D drive recovery/Shiva JH/Projects/OneLake Medallion/data/landing/_reference/geolocation.parquet,_reference
07150,-23.41957992423104,-46.46224752331352,guarulhos,SP,2016-01-01 00:00:00.000000,2026-08-27T05:17:09.287600+00:00,D:/D drive recovery/Shiva JH/Projects/OneLake Medallion/data/landing/_reference/geolocation.parquet,_reference
07262,-23.47959491035259,-46.39271570774423,guarulhos,SP,2016-01-01 00:00:00.000000,2026-08-27T05:17:09.287600+00:00,D:/D drive recovery/Shiva JH/Projects/OneLake Medallion/data/landing/_reference/geolocation.parquet,_reference
08223,-23.523367358589653,-46.46705568665242,sao paulo,SP,2016-01-01 00:00:00.000000,2026-08-27T05:17:09.287600+00:00,D:/D drive recovery/Shiva JH/Projects/OneLake Medallion/data/landing/_reference/geolocation.parquet,_reference
08390,-23.63146799477654,-46.43860499812637,sao paulo,SP,2016-01-01 00:00:00.000000,2026-08-27T05:17:09.287600+00:00,D:/D drive recovery/Shiva JH/Projects/OneLake Medallion/data/landing/_reference/geolocation.parquet,_reference
08725,-23.560212773778616,-46.181769683134014,mogi das cruzes,SP,2016-01-01 00:00:00.000000,2026-08-27T05:17:09.287600+00:00,D:/D drive recovery/Shiva JH/Projects/OneLake Medallion/data/landing/_reference/geolocation.parquet,_reference
09185,-23.685925683045728,-46.530850034133564,santo andre,SP,2016-01-01 00:00:00.000000,2026-08-27T05:17:09.287600+00:00,D:/D drive recovery/Shiva JH/Projects/OneLake Medallion/data/landing/_reference/geolocation.parquet,_reference
09668,-23.6593305,-46.61609849999999,sao bernardo do campo,SP,2016-01-01 00:00:00.000000,2026-08-27T05:17:09.287600+00:00,D:/D drive recovery/Shiva JH/Projects/OneLake Medallion/data/landing/_reference/geolocation.parquet,_reference
09790,-23.72685273154166,-46.54574582941039,sao bernardo do campo,SP,2016-01-01 00:00:00.000000,2026-08-27T05:17:09.287600+00:00,D:/D drive recovery/Shiva JH/Projects/OneLake Medallion/data/landing/_reference/geolocation.parquet,_reference
09840,-23.737592378844752,-46.573827062294505,são bernardo do campo,SP,2016-01-01 00:00:00.000000,2026-08-27T05:17:09.287600+00:00,D:/D drive recovery/Shiva JH/Projects/OneLake Medallion/data/landing/_reference/geolocation.parquet,_reference
11674,-23.629516992283627,-45.435383939269386,caraguatatuba,SP,2016-01-01 00:00:00.000000,2026-08-27T05:17:09.287600+00:00,D:/D drive recovery/Shiva JH/Projects/OneLake Medallion/data/landing/_reference/geolocation.parquet,_reference
11704,-24.026786758814687,-46.49304889148245,praia grande,SP,2016-01-01 00:00:00.000000,2026-08-27T05:17:09.287600+00:00,D:/D drive recovery/Shiva JH/Projects/OneLake Medallion/data/landing/_reference/geolocation.parquet,_reference
12053,-23.011995761951475,-45.576958386736976,taubate,SP,2016-01-01 00:00:00.000000,2026-08-27T05:17:09.287600+00:00,D:/D drive recovery/Shiva JH/Projects/OneLake Medallion/data/landing/_reference/geolocation.parquet,_reference
12520,-22.812079392244957,-45.18265771921641,guaratingueta,SP,2016-01-01 00:00:00.000000,2026-08-27T05:17:09.287600+00:00,D:/D drive recovery/Shiva JH/Projects/OneLake Medallion/data/landing/_reference/geolocation.parquet,_reference
12924,-23.01778836599993,-46.52244499999995,braganca paulista,SP,2016-01-01 00:00:00.000000,2026-08-27T05:17:09.287600+00:00,D:/D drive recovery/Shiva JH/Projects/OneLake Medallion/data/landing/_reference/geolocation.parquet,_reference
13051,-22.96229612683939,-47.09483388121069,campinas,SP,2016-01-01 00:00:00.000000,2026-08-27T05:17:09.287600+00:00,D:/D drive recovery/Shiva JH/Projects/OneLake Medallion/data/landing/_reference/geolocation.parquet,_reference
45400,-13.37094734588704,-39.07229361087708,valenca,BA,2016-01-01 00:00:00.000000,2026-08-27T05:17:09.287600+00:00,D:/D drive recovery/Shiva JH/Projects/OneLake Medallion/data/landing/_reference/geolocation.parquet,_reference
45654,-14.813808032221791,-39.03366385543524,ilheus,BA,2016-01-01 00:00:00.000000,2026-08-27T05:17:09.287600+00:00,D:/D drive recovery/Shiva JH/Projects/OneLake Medallion/data/landing/_reference/geolocation.parquet,_reference
56302,-9.397963645565287,-40.495597376074784,petrolina,PE,2016-01-01 00:00:00.000000,2026-08-27T05:17:09.287600+00:00,D:/D drive recovery/Shiva JH/Projects/OneLake Medallion/data/landing/_reference/geolocation.parquet,_reference
57700,-9.378759899547344,-36.23901394986039,vicosa,AL,2016-01-01 00:00:00.000000,2026-08-27T05:17:09.287600+00:00,D:/D drive recovery/Shiva JH/Projects/OneLake Medallion/data/landing/_reference/geolocation.parquet,_reference
59020,-5.802837618373424,-35.20164321098454,natal,RN,2016-01-01 00:00:00.000000,2026-08-27T05:17:09.287600+00:00,D:/D drive recovery/Shiva JH/Projects/OneLake Medallion/data/landing/_reference/geolocation.parquet,_reference
64053,-5.070999014568562,-42.75504527381364,teresina,PI,2016-01-01 00:00:00.000000,2026-08-27T05:17:09.287600+00:00,D:/D drive recovery/Shiva JH/Projects/OneLake Medallion/data/landing/_reference/geolocation.parquet,_reference
66085,-1.436736864850719,-48.47258827728078,belem,PA,2016-01-01 00:00:00.000000,2026-08-27T05:17:09.287600+00:00,D:/D drive recovery/Shiva JH/Projects/OneLake Medallion/data/landing/_reference/geolocation.parquet,_reference
66610,-1.428203860667122,-48.45003927670384,belem,PA,2016-01-01 00:00:00.000000,2026-08-27T05:17:09.287600+00:00,D:/D drive recovery/Shiva JH/Projects/OneLake Medallion/data/landing/_reference/geolocation.parquet,_reference
69800,-7.508978143959827,-63.03308831070338,humaitá,AM,2016-01-01 00:00:00.000000,2026-08-27T05:17:09.287600+00:00,D:/D drive recovery/Shiva JH/Projects/OneLake Medallion/data/landing/_reference/geolocation.parquet,_reference
70383,-15.826540500000002,-47.92094325000001,brasilia,DF,2016-01-01 00:00:00.000000,2026-08-27T05:17:09.287600+00:00,D:/D drive recovery/Shiva JH/Projects/OneLake Medallion/data/landing/_reference/geolocation.parquet,_reference
70648,-15.788943473358437,-47.93638791061641,brasilia,DF,2016-01-01 00:00:00.000000,2026-08-27T05:17:09.287600+00:00,D:/D drive recovery/Shiva JH/Projects/OneLake Medallion/data/landing/_reference/geolocation.parquet,_reference
73020,-15.656754584921352,-47.808582687413306,brasilia,DF,2016-01-01 00:00:00.000000,2026-08-27T05:17:09.287600+00:00,D:/D drive recovery/Shiva JH/Projects/OneLake Medallion/data/landing/_reference/geolocation.parquet,_reference
73360,-15.62299518535027,-47.65010744842545,brasilia,DF,2016-01-01 00:00:00.000000,2026-08-27T05:17:09.287600+00:00,D:/D drive recovery/Shiva JH/Projects/OneLake Medallion/data/landing/_reference/geolocation.parquet,_reference
73802,-15.557216770385953,-47.34055093354615,formosa,GO,2016-01-01 00:00:00.000000,2026-08-27T05:17:09.287600+00:00,D:/D drive recovery/Shiva JH/Projects/OneLake Medallion/data/landing/_reference/geolocation.parquet,_reference
74392,-16.70912999999996,-49.36763903599996,goiânia,GO,2016-01-01 00:00:00.000000,2026-08-27T05:17:09.287600+00:00,D:/D drive recovery/Shiva JH/Projects/OneLake Medallion/data/landing/_reference/geolocation.parquet,_reference
74463,-16.6515451392952,-49.344366671055006,goiania,GO,2016-01-01 00:00:00.000000,2026-08-27T05:17:09.287600+00:00,D:/D drive recovery/Shiva JH/Projects/OneLake Medallion/data/landing/_reference/geolocation.parquet,_reference
74853,-16.72937184407452,-49.23862442162572,goiania,GO,2016-01-01 00:00:00.000000,2026-08-27T05:17:09.287600+00:00,D:/D drive recovery/Shiva JH/Projects/OneLake Medallion/data/landing/_reference/geolocation.parquet,_reference
74959,-16.819607999999945,-49.31279899999996,aparecida de goiania,GO,2016-01-01 00:00:00.000000,2026-08-27T05:17:09.287600+00:00,D:/D drive recovery/Shiva JH/Projects/OneLake Medallion/data/landing/_reference/geolocation.parquet,_reference
75200,-17.30639780134968,-48.27815633336062,pires do rio,GO,2016-01-01 00:00:00.000000,2026-08-27T05:17:09.287600+00:00,D:/D drive recovery/Shiva JH/Projects/OneLake Medallion/data/landing/_reference/geolocation.parquet,_reference
75388,-16.645965277753795,-49.51516413471679,trindade,GO,2016-01-01 00:00:00.000000,2026-08-27T05:17:09.287600+00:00,D:/D drive recovery/Shiva JH/Projects/OneLake Medallion/data/landing/_reference/geolocation.parquet,_reference
75800,-17.8856069719365,-51.719640227882586,jatai,GO,2016-01-01 00:00:00.000000,2026-08-27T05:17:09.287600+00:00,D:/D drive recovery/Shiva JH/Projects/OneLake Medallion/data/landing/_reference/geolocation.parquet,_reference
78061,-15.600382923107814,-56.06056232880201,cuiaba,MT,2016-01-01 00:00:00.000000,2026-08-27T05:17:09.287600+00:00,D:/D drive recovery/Shiva JH/Projects/OneLake Medallion/data/landing/_reference/geolocation.parquet,_reference
78075,-15.61051620747389,-56.0317086130793,cuiaba,MT,2016-01-01 00:00:00.000000,2026-08-27T05:17:09.287600+00:00,D:/D drive recovery/Shiva JH/Projects/OneLake Medallion/data/landing/_reference/geolocation.parquet,_reference
80020,-25.425497629753597,-49.26880418595993,curitiba,PR,2016-01-01 00:00:00.000000,2026-08-27T05:17:09.287600+00:00,D:/D drive recovery/Shiva JH/Projects/OneLake Medallion/data/landing/_reference/geolocation.parquet,_reference
89226,-26.23667608520401,-48.81094156549717,joinville,SC,2016-01-01 00:00:00.000000,2026-08-27T05:17:09.287600+00:00,D:/D drive recovery/Shiva JH/Projects/OneLake Medallion/data/landing/_reference/geolocation.parquet,_reference
89282,-26.237914380325925,-49.3506559166597,sao bento do sul,SC,2016-01-01 00:00:00.000000,2026-08-27T05:17:09.287600+00:00,D:/D drive recovery/Shiva JH/Projects/OneLake Medallion/data/landing/_reference/geolocation.parquet,_reference
89694,-26.849580675078037,-52.256987290082144,faxinal dos guedes,SC,2016-01-01 00:00:00.000000,2026-08-27T05:17:09.287600+00:00,D:/D drive recovery/Shiva JH/Projects/OneLake Medallion/data/landing/_reference/geolocation.parquet,_reference
90560,-30.01769047489746,-51.19121208090485,porto alegre,RS,2016-01-01 00:00:00.000000,2026-08-27T05:17:09.287600+00:00,D:/D drive recovery/Shiva JH/Projects/OneLake Medallion/data/landing/_reference/geolocation.parquet,_reference
93900,-29.61302126020832,-51.176436353703785,ivoti,RS,2016-01-01 00:00:00.000000,2026-08-27T05:17:09.287600+00:00,D:/D drive recovery/Shiva JH/Projects/OneLake Medallion/data/landing/_reference/geolocation.parquet,_reference
95780,-29.67034898140752,-51.46146829327502,montenegro,RS,2016-01-01 00:00:00.000000,2026-08-27T05:17:09.287600+00:00,D:/D drive recovery/Shiva JH/Projects/OneLake Medallion/data/landing/_reference/geolocation.parquet,_reference
96065,-31.717691664723876,-52.34280772577763,pelotas,RS,2016-01-01 00:00:00.000000,2026-08-27T05:17:09.287600+00:00,D:/D drive recovery/Shiva JH/Projects/OneLake Medallion/data/landing/_reference/geolocation.parquet,_reference
96760,-30.683762999999995,-51.40264049999999,tapes,RS,2016-01-01 00:00:00.000000,2026-08-27T05:17:09.287600+00:00,D:/D drive recovery/Shiva JH/Projects/OneLake Medallion/data/landing/_reference/geolocation.parquet,_reference
98130,-29.231662694245085,-53.67730643374946,júlio de castilhos,RS,2016-01-01 00:00:00.000000,2026-08-27T05:17:09.287600+00:00,D:/D drive recovery/Shiva JH/Projects/OneLake Medallion/data/landing/_reference/geolocation.parquet,_reference
30350,-19.944623503750908,-43.945072637803655,belo horizonte,MG,2016-01-01 00:00:00.000000,2026-08-27T05:17:09.287600+00:00,D:/D drive recovery/Shiva JH/Projects/OneLake Medallion/data/landing/_reference/geolocation.parquet,_reference
30380,-19.950113421576656,-43.95583838718328,belo horizonte,MG,2016-01-01 00:00:00.000000,2026-08-27T05:17:09.287600+00:00,D:/D drive recovery/Shiva JH/Projects/OneLake Medallion/data/landing/_reference/geolocation.parquet,_reference
31270,-19.8530362758958,-43.95277064446877,belo horizonte,MG,2016-01-01 00:00:00.000000,2026-08-27T05:17:09.287600+00:00,D:/D drive recovery/Shiva JH/Projects/OneLake Medallion/data/landing/_reference/geolocation.parquet,_reference
32010,-19.940393531428462,-44.06063257014001,contagem,MG,2016-01-01 00:00:00.000000,2026-08-27T05:17:09.287600+00:00,D:/D drive recovery/Shiva JH/Projects/OneLake Medallion/data/landing/_reference/geolocation.parquet,_reference
32215,-19.969381231733696,-44.01729447178438,contagem,MG,2016-01-01 00:00:00.000000,2026-08-27T05:17:09.287600+00:00,D:/D drive recovery/Shiva JH/Projects/OneLake Medallion/data/landing/_reference/geolocation.parquet,_reference
33400,-19.5921849600698,-43.90098205233704,lagoa santa,MG,2016-01-01 00:00:00.000000,2026-08-27T05:17:09.287600+00:00,D:/D drive recovery/Shiva JH/Projects/OneLake Medallion/data/landing/_reference/geolocation.parquet,_reference
35290,-18.770099240376577,-41.003344327705264,mantena,MG,2016-01-01 00:00:00.000000,2026-08-27T05:17:09.287600+00:00,D:/D drive recovery/Shiva JH/Projects/OneLake Medallion/data/landing/_reference/geolocation.parquet,_reference
18081,-23.48162690896761,-47.452611311125885,sorocaba,SP,2016-01-01 00:00:00.000000,2026-08-27T05:17:09.287600+00:00,D:/D drive recovery/Shiva JH/Projects/OneLake Medallion/data/landing/_reference/geolocation.parquet,_reference
18115,-23.55641699169012,-47.4445312013676,votorantim,SP,2016-01-01 00:00:00.000000,2026-08-27T05:17:09.287600+00:00,D:/D drive recovery/Shiva JH/Projects/OneLake Medallion/data/landing/_reference/geolocation.parquet,_reference
18860,-23.20378453167445,-49.6022041071263,timburi,SP,2016-01-01 00:00:00.000000,2026-08-27T05:17:09.287600+00:00,D:/D drive recovery/Shiva JH/Projects/OneLake Medallion/data/landing/_reference/geolocation.parquet,_reference
19803,-22.679653253935196,-50.44287891853987,assis,SP,2016-01-01 00:00:00.000000,2026-08-27T05:17:09.287600+00:00,D:/D drive recovery/Shiva JH/Projects/OneLake Medallion/data/landing/_reference/geolocation.parquet,_reference
20210,-22.90580877517465,-43.19400895420968,rio de janeiro,RJ,2016-01-01 00:00:00.000000,2026-08-27T05:17:09.287600+00:00,D:/D drive recovery/Shiva JH/Projects/OneLake Medallion/data/landing/_reference/geolocation.parquet,_reference
20780,-22.88650136386977,-43.26883386620703,rio de janeiro,RJ,2016-01-01 00:00:00.000000,2026-08-27T05:17:09.287600+00:00,D:/D drive recovery/Shiva JH/Projects/OneLake Medallion/data/landing/_reference/geolocation.parquet,_reference
21715,-22.878151522072766,-43.444642919095145,rio de janeiro,RJ,2016-01-01 00:00:00.000000,2026-08-27T05:17:09.287600+00:00,D:/D drive recovery/Shiva JH/Projects/OneLake Medallion/data/landing/_reference/geolocation.parquet,_reference
21940,-22.817453343326203,-43.2015902282878,rio de janeiro,RJ,2016-01-01 00:00:00.000000,2026-08-27T05:17:09.287600+00:00,D:/D drive recovery/Shiva JH/Projects/OneLake Medallion/data/landing/_reference/geolocation.parquet,_reference
22640,-23.00373619547281,-43.32184116956918,rio de janeiro,RJ,2016-01-01 00:00:00.000000,2026-08-27T05:17:09.287600+00:00,D:/D drive recovery/Shiva JH/Projects/OneLake Medallion/data/landing/_reference/geolocation.parquet,_reference
23057,-22.845438,-43.52194124999999,rio de janeiro,RJ,2016-01-01 00:00:00.000000,2026-08-27T05:17:09.287600+00:00,D:/D drive recovery/Shiva JH/Projects/OneLake Medallion/data/landing/_reference/geolocation.parquet,_reference
24751,-22.85759100323562,-43.00888541128614,sao goncalo,RJ,2016-01-01 00:00:00.000000,2026-08-27T05:17:09.287600+00:00,D:/D drive recovery/Shiva JH/Projects/OneLake Medallion/data/landing/_reference/geolocation.parquet,_reference
25250,-22.577232122164883,-43.305237856841536,duque de caxias,RJ,2016-01-01 00:00:00.000000,2026-08-27T05:17:09.287600+00:00,D:/D drive recovery/Shiva JH/Projects/OneLake Medallion/data/landing/_reference/geolocation.parquet,_reference
25931,-22.62755625299997,-43.159941619999984,magé,RJ,2016-01-01 00:00:00.000000,2026-08-27T05:17:09.287600+00:00,D:/D drive recovery/Shiva JH/Projects/OneLake Medallion/data/landing/_reference/geolocation.parquet,_reference
27570,-22.43916268954564,-44.31811155341612,porto real,RJ,2016-01-01 00:00:00.000000,2026-08-27T05:17:09.287600+00:00,D:/D drive recovery/Shiva JH/Projects/OneLake Medallion/data/landing/_reference/geolocation.parquet,_reference
28035,-21.753758653386228,-41.33389901937112,campos dos goytacazes,RJ,2016-01-01 00:00:00.000000,2026-08-27T05:17:09.287600+00:00,D:/D drive recovery/Shiva JH/Projects/OneLake Medallion/data/landing/_reference/geolocation.parquet,_reference
84263,-24.32205007279478,-50.61360481210749,telêmaco borba,PR,2016-01-01 00:00:00.000000,2026-08-27T05:17:09.287600+00:00,D:/D drive recovery/Shiva JH/Projects/OneLake Medallion/data/landing/_reference/geolocation.parquet,_reference
85640,-25.90304171673461,-53.46746806886998,ampere,PR,2016-01-01 00:00:00.000000,2026-08-27T05:17:09.287600+00:00,D:/D drive recovery/Shiva JH/Projects/OneLake Medallion/data/landing/_reference/geolocation.parquet,_reference
85950,-24.2874063973452,-53.83883336666032,palotina,PR,2016-01-01 00:00:00.000000,2026-08-27T05:17:09.287600+00:00,D:/D drive recovery/Shiva JH/Projects/OneLake Medallion/data/landing/_reference/geolocation.parquet,_reference
86010,-23.32532644463037,-51.15843393839796,londrina,PR,2016-01-01 00:00:00.000000,2026-08-27T05:17:09.287600+00:00,D:/D drive recovery/Shiva JH/Projects/OneLake Medallion/data/landing/_reference/geolocation.parquet,_reference
86020,-23.30663451154119,-51.16454999999999,londrina,PR,2016-01-01 00:00:00.000000,2026-08-27T05:17:09.287600+00:00,D:/D drive recovery/Shiva JH/Projects/OneLake Medallion/data/landing/_reference/geolocation.parquet,_reference
87020,-23.40870190356673,-51.94097450684423,maringa,PR,2016-01-01 00:00:00.000000,2026-08-27T05:17:09.287600+00:00,D:/D drive recovery/Shiva JH/Projects/OneLake Medallion/data/landing/_reference/geolocation.parquet,_reference
88010,-27.595379158751264,-48.55382695683541,florianopolis,SC,2016-01-01 00:00:00.000000,2026-08-27T05:17:09.287600+00:00,D:/D drive recovery/Shiva JH/Projects/OneLake Medallion/data/landing/_reference/geolocation.parquet,_reference
88101,-27.59986895857613,-48.61160100033628,sao jose,SC,2016-01-01 00:00:00.000000,2026-08-27T05:17:09.287600+00:00,D:/D drive recovery/Shiva JH/Projects/OneLake Medallion/data/landing/_reference/geolocation.parquet,_reference
88504,-27.82214624923539,-50.34177358422306,lages,SC,2016-01-01 00:00:00.000000,2026-08-27T05:17:09.287600+00:00,D:/D drive recovery/Shiva JH/Projects/OneLake Medallion/data/landing/_reference/geolocation.parquet,_reference
89140,-27.05334559133681,-49.5094661052278,ibirama,SC,2016-01-01 00:00:00.000000,2026-08-27T05:17:09.287600+00:00,D:/D drive recovery/Shiva JH/Projects/OneLake Medallion/data/landing/_reference/geolocation.parquet,_reference
89222,-26.272013820675983,-48.85081272303685,joinville,SC,2016-01-01 00:00:00.000000,2026-08-27T05:17:09.287600+00:00,D:/D drive recovery/Shiva JH/Projects/OneLake Medallion/data/landing/_reference/geolocation.parquet,_reference
89225,-26.25351566740153,-48.80168204279203,joinville,SC,2016-01-01 00:00:00.000000,2026-08-27T05:17:09.287600+00:00,D:/D drive recovery/Shiva JH/Projects/OneLake Medallion/data/landing/_reference/geolocation.parquet,_reference
91130,-30.00894046378896,-51.1290135627272,porto alegre,RS,2016-01-01 00:00:00.000000,2026-08-27T05:17:09.287600+00:00,D:/D drive recovery/Shiva JH/Projects/OneLake Medallion/data/landing/_reference/geolocation.parquet,_reference
21041,-22.86881073397188,-43.2496625858511,rio de janeiro,RJ,2016-01-01 00:00:00.000000,2026-08-27T05:17:09.287600+00:00,D:/D drive recovery/Shiva JH/Projects/OneLake Medallion/data/landing/_reference/geolocation.parquet,_reference
21351,-22.868008239252077,-43.34458939618565,rio de janeiro,RJ,2016-01-01 00:00:00.000000,2026-08-27T05:17:09.287600+00:00,D:/D drive recovery/Shiva JH/Projects/OneLake Medallion/data/landing/_reference/geolocation.parquet,_reference
22430,-22.98386326005543,-43.21581052596791,rio de janeiro,RJ,2016-01-01 00:00:00.000000,2026-08-27T05:17:09.287600+00:00,D:/D drive recovery/Shiva JH/Projects/OneLake Medallion/data/landing/_reference/geolocation.parquet,_reference
22461,-22.96070967499565,-43.213958465173945,rio de janeiro,RJ,2016-01-01 00:00:00.000000,2026-08-27T05:17:09.287600+00:00,D:/D drive recovery/Shiva JH/Projects/OneLake Medallion/data/landing/_reference/geolocation.parquet,_reference
22753,-22.964374772116237,-43.33207160724811,rio de janeiro,RJ,2016-01-01 00:00:00.000000,2026-08-27T05:17:09.287600+00:00,D:/D drive recovery/Shiva JH/Projects/OneLake Medallion/data/landing/_reference/geolocation.parquet,_reference
22776,-22.98886263729743,-43.3580821248571,rio de janeiro,RJ,2016-01-01 00:00:00.000000,2026-08-27T05:17:09.287600+00:00,D:/D drive recovery/Shiva JH/Projects/OneLake Medallion/data/landing/_reference/geolocation.parquet,_reference
22790,-23.01133469499096,-43.45025641534424,rio de janeiro,RJ,2016-01-01 00:00:00.000000,2026-08-27T05:17:09.287600+00:00,D:/D drive recovery/Shiva JH/Projects/OneLake Medallion/data/landing/_reference/geolocation.parquet,_reference
25035,-22.76533474882392,-43.30808280493542,duque de caxias,RJ,2016-01-01 00:00:00.000000,2026-08-27T05:17:09.287600+00:00,D:/D drive recovery/Shiva JH/Projects/OneLake Medallion/data/landing/_reference/geolocation.parquet,_reference
25561,-22.77658387384398,-43.354144984238886,sao joao de meriti,RJ,2016-01-01 00:00:00.000000,2026-08-27T05:17:09.287600+00:00,D:/D drive recovery/Shiva JH/Projects/OneLake Medallion/data/landing/_reference/geolocation.parquet,_reference
26051,-22.68667673721528,-43.456995010946926,nova iguaçu,RJ,2016-01-01 00:00:00.000000,2026-08-27T05:17:09.287600+00:00,D:/D drive recovery/Shiva JH/Projects/OneLake Medallion/data/landing/_reference/geolocation.parquet,_reference
35198,-19.41090481717707,-42.41846537530112,ipaba,MG,2016-01-01 00:00:00.000000,2026-08-27T05:17:09.287600+00:00,D:/D drive recovery/Shiva JH/Projects/OneLake Medallion/data/landing/_reference/geolocation.parquet,_reference
35681,-20.091564376116075,-44.61497643457543,itauna,MG,2016-01-01 00:00:00.000000,2026-08-27T05:17:09.287600+00:00,D:/D drive recovery/Shiva JH/Projects/OneLake Medallion/data/landing/_reference/geolocation.parquet,_reference
35930,-19.801331997431117,-43.17722186400949,joao monlevade,MG,2016-01-01 00:00:00.000000,2026-08-27T05:17:09.287600+00:00,D:/D drive recovery/Shiva JH/Projects/OneLake Medallion/data/landing/_reference/geolocation.parquet,_reference
36061,-21.74661521914629,-43.33178067215903,juiz de fora,MG,2016-01-01 00:00:00.000000,2026-08-27T05:17:09.287600+00:00,D:/D drive recovery/Shiva JH/Projects/OneLake Medallion/data/landing/_reference/geolocation.parquet,_reference
36520,-21.00842860029707,-42.83922849851464,visconde do rio branco,MG,2016-01-01 00:00:00.000000,2026-08-27T05:17:09.287600+00:00,D:/D drive recovery/Shiva JH/Projects/OneLake Medallion/data/landing/_reference/geolocation.parquet,_reference
37130,-21.4228888193917,-45.9463673863649,alfenas,MG,2016-01-01 00:00:00.000000,2026-08-27T05:17:09.287600+00:00,D:/D drive recovery/Shiva JH/Projects/OneLake Medallion/data/landing/_reference/geolocation.parquet,_reference
37640,-22.843339095273503,-46.320408988369685,extrema,MG,2016-01-01 00:00:00.000000,2026-08-27T05:17:09.287600+00:00,D:/D drive recovery/Shiva JH/Projects/OneLake Medallion/data/landing/_reference/geolocation.parquet,_reference
38040,-19.772223673610668,-47.94314577047145,uberaba,MG,2016-01-01 00:00:00.000000,2026-08-27T05:17:09.287600+00:00,D:/D drive recovery/Shiva JH/Projects/OneLake Medallion/data/landing/_reference/geolocation.parquet,_reference
39573,-16.22821924086457,-42.61675693519776,padre carvalho,MG,2016-01-01 00:00:00.000000,2026-08-27T05:17:09.287600+00:00,D:/D drive recovery/Shiva JH/Projects/OneLake Medallion/data/landing/_reference/geolocation.parquet,_reference
40415,-12.929005424923533,-38.50985531848346,salvador,BA,2016-01-01 00:00:00.000000,2026-08-27T05:17:09.287600+00:00,D:/D drive recovery/Shiva JH/Projects/OneLake Medallion/data/landing/_reference/geolocation.parquet,_reference
41730,-12.937108759223412,-38.35606547385594,salvador,BA,2016-01-01 00:00:00.000000,2026-08-27T05:17:09.287600+00:00,D:/D drive recovery/Shiva JH/Projects/OneLake Medallion/data/landing/_reference/geolocation.parquet,_reference
42850,-12.612785254478522,-38.30880282506203,dias d'avila,BA,2016-01-01 00:00:00.000000,2026-08-27T05:17:09.287600+00:00,D:/D drive recovery/Shiva JH/Projects/OneLake Medallion/data/landing/_reference/geolocation.parquet,_reference
44200,-12.548774551976832,-38.71258824955349,santo amaro,BA,2016-01-01 00:00:00.000000,2026-08-27T05:17:09.287600+00:00,D:/D drive recovery/Shiva JH/Projects/OneLake Medallion/data/landing/_reference/geolocation.parquet,_reference
46350,-14.766461385217164,-42.65983204118505,urandi,BA,2016-01-01 00:00:00.000000,2026-08-27T05:17:09.287600+00:00,D:/D drive recovery/Shiva JH/Projects/OneLake Medallion/data/landing/_reference/geolocation.parquet,_reference
48607,-9.387333218003915,-38.223152656978414,paulo afonso,BA,2016-01-01 00:00:00.000000,2026-08-27T05:17:09.287600+00:00,D:/D drive recovery/Shiva JH/Projects/OneLake Medallion/data/landing/_reference/geolocation.parquet,_reference
52020,-8.04465322675859,-34.896786286427385,recife,PE,2016-01-01 00:00:00.000000,2026-08-27T05:17:09.287600+00:00,D:/D drive recovery/Shiva JH/Projects/OneLake Medallion/data/landing/_reference/geolocation.parquet,_reference
58305,-7.12001385040056,-34.90790378539592,bayeux,PB,2016-01-01 00:00:00.000000,2026-08-27T05:17:09.287600+00:00,D:/D drive recovery/Shiva JH/Projects/OneLake Medallion/data/landing/_reference/geolocation.parquet,_reference
60545,-3.775808881210678,-38.60396778934157,fortaleza,CE,2016-01-01 00:00:00.000000,2026-08-27T05:17:09.287600+00:00,D:/D drive recovery/Shiva JH/Projects/OneLake Medallion/data/landing/_reference/geolocation.parquet,_reference
65665,-6.489966289227173,-43.70020186566891,sao joao dos patos,MA,2016-01-01 00:00:00.000000,2026-08-27T05:17:09.287600+00:00,D:/D drive recovery/Shiva JH/Projects/OneLake Medallion/data/landing/_reference/geolocation.parquet,_reference
70673,-15.806524500000004,-47.93582925,brasilia,DF,2016-01-01 00:00:00.000000,2026-08-27T05:17:09.287600+00:00,D:/D drive recovery/Shiva JH/Projects/OneLake Medallion/data/landing/_reference/geolocation.parquet,_reference
71070,-15.84494561197996,-47.98527498130505,brasilia,DF,2016-01-01 00:00:00.000000,2026-08-27T05:17:09.287600+00:00,D:/D drive recovery/Shiva JH/Projects/OneLake Medallion/data/landing/_reference/geolocation.parquet,_reference
74533,-16.681520999999947,-49.28676199999997,goiania,GO,2016-01-01 00:00:00.000000,2026-08-27T05:17:09.287600+00:00,D:/D drive recovery/Shiva JH/Projects/OneLake Medallion/data/landing/_reference/geolocation.parquet,_reference
75780,-17.721846775831402,-48.1599787292141,ipameri,GO,2016-01-01 00:00:00.000000,2026-08-27T05:17:09.287600+00:00,D:/D drive recovery/Shiva JH/Projects/OneLake Medallion/data/landing/_reference/geolocation.parquet,_reference
76700,-14.748634131167314,-50.57128121158679,mozarlandia,GO,2016-01-01 00:00:00.000000,2026-08-27T05:17:09.287600+00:00,D:/D drive recovery/Shiva JH/Projects/OneLake Medallion/data/landing/_reference/geolocation.parquet,_reference
76811,-8.807874956719097,-63.86838211337736,porto velho,RO,2016-01-01 00:00:00.000000,2026-08-27T05:17:09.287600+00:00,D:/D drive recovery/Shiva JH/Projects/OneLake Medallion/data/landing/_reference/geolocation.parquet,_reference
76829,-8.75950516543655,-63.829139181856405,porto velho,RO,2016-01-01 00:00:00.000000,2026-08-27T05:17:09.287600+00:00,D:/D drive recovery/Shiva JH/Projects/OneLake Medallion/data/landing/_reference/geolocation.parquet,_reference
79110,-20.451959748542905,-54.6335713117028,campo grande,MS,2016-01-01 00:00:00.000000,2026-08-27T05:17:09.287600+00:00,D:/D drive recovery/Shiva JH/Projects/OneLake Medallion/data/landing/_reference/geolocation.parquet,_reference
80050,-25.439106561486454,-49.23689875714125,curitiba,PR,2016-01-01 00:00:00.000000,2026-08-27T05:17:09.287600+00:00,D:/D drive recovery/Shiva JH/Projects/OneLake Medallion/data/landing/_reference/geolocation.parquet,_reference
80215,-25.44384908076061,-49.25520561183576,curitiba,PR,2016-01-01 00:00:00.000000,2026-08-27T05:17:09.287600+00:00,D:/D drive recovery/Shiva JH/Projects/OneLake Medallion/data/landing/_reference/geolocation.parquet,_reference
80250,-25.4389681470945,-49.27448441188181,curitiba,PR,2016-01-01 00:00:00.000000,2026-08-27T05:17:09.287600+00:00,D:/D drive recovery/Shiva JH/Projects/OneLake Medallion/data/landing/_reference/geolocation.parquet,_reference
81020,-25.491606559524563,-49.28283748666978,curitiba,PR,2016-01-01 00:00:00.000000,2026-08-27T05:17:09.287600+00:00,D:/D drive recovery/Shiva JH/Projects/OneLake Medallion/data/landing/_reference/geolocation.parquet,_reference
82120,-25.400645308904185,-49.27690618220902,curitiba,PR,2016-01-01 00:00:00.000000,2026-08-27T05:17:09.287600+00:00,D:/D drive recovery/Shiva JH/Projects/OneLake Medallion/data/landing/_reference/geolocation.parquet,_reference
83060,-25.49540787967335,-49.155607852098925,sao jose dos pinhais,PR,2016-01-01 00:00:00.000000,2026-08-27T05:17:09.287600+00:00,D:/D drive recovery/Shiva JH/Projects/OneLake Medallion/data/landing/_reference/geolocation.parquet,_reference
83701,-25.587399444600003,-49.39198424949333,araucaria,PR,2016-01-01 00:00:00.000000,2026-08-27T05:17:09.287600+00:00,D:/D drive recovery/Shiva JH/Projects/OneLake Medallion/data/landing/_reference/geolocation.parquet,_reference
84020,-25.08190948098565,-50.13386723910784,ponta grossa,PR,2016-01-01 00:00:00.000000,2026-08-27T05:17:09.287600+00:00,D:/D drive recovery/Shiva JH/Projects/OneLake Medallion/data/landing/_reference/geolocation.parquet,_reference
84174,-24.80200820899649,-49.99280471273954,castro,PR,2016-01-01 00:00:00.000000,2026-08-27T05:17:09.287600+00:00,D:/D drive recovery/Shiva JH/Projects/OneLake Medallion/data/landing/_reference/geolocation.parquet,_reference
85200,-24.75751269190114,-51.76142521085123,pitanga,PR,2016-01-01 00:00:00.000000,2026-08-27T05:17:09.287600+00:00,D:/D drive recovery/Shiva JH/Projects/OneLake Medallion/data/landing/_reference/geolocation.parquet,_reference
85892,-24.872249999999944,-54.27873349999996,santa helena,PR,2016-01-01 00:00:00.000000,2026-08-27T05:17:09.287600+00:00,D:/D drive recovery/Shiva JH/Projects/OneLake Medallion/data/landing/_reference/geolocation.parquet,_reference
01313,-23.556513287803007,-46.65025319729151,sao paulo,SP,2016-01-01 00:00:00.000000,2026-08-27T05:17:09.287600+00:00,D:/D drive recovery/Shiva JH/Projects/OneLake Medallion/data/landing/_reference/geolocation.parquet,_reference
01512,-23.553644898695826,-46.63261889578163,sao paulo,SP,2016-01-01 00:00:00.000000,2026-08-27T05:17:09.287600+00:00,D:/D drive recovery/Shiva JH/Projects/OneLake Medallion/data/landing/_reference/geolocation.parquet,_reference
02252,-23.479316999999995,-46.5904340471753,sao paulo,SP,2016-01-01 00:00:00.000000,2026-08-27T05:17:09.287600+00:00,D:/D drive recovery/Shiva JH/Projects/OneLake Medallion/data/landing/_reference/geolocation.parquet,_reference
02326,-23.44770701888709,-46.57540893633137,sao paulo,SP,2016-01-01 00:00:00.000000,2026-08-27T05:17:09.287600+00:00,D:/D drive recovery/Shiva JH/Projects/OneLake Medallion/data/landing/_reference/geolocation.parquet,_reference
02443,-23.472335179294816,-46.64636526449883,são paulo,SP,2016-01-01 00:00:00.000000,2026-08-27T05:17:09.287600+00:00,D:/D drive recovery/Shiva JH/Projects/OneLake Medallion/data/landing/_reference/geolocation.parquet,_reference
02928,-23.49339173139501,-46.70295186975426,sao paulo,SP,2016-01-01 00:00:00.000000,2026-08-27T05:17:09.287600+00:00,D:/D drive recovery/Shiva JH/Projects/OneLake Medallion/data/landing/_reference/geolocation.parquet,_reference
02972,-23.48029674271453,-46.71122495337295,sao paulo,SP,2016-01-01 00:00:00.000000,2026-08-27T05:17:09.287600+00:00,D:/D drive recovery/Shiva JH/Projects/OneLake Medallion/data/landing/_reference/geolocation.parquet,_reference
03204,-23.59798552039933,-46.55547278711988,sao paulo,SP,2016-01-01 00:00:00.000000,2026-08-27T05:17:09.287600+00:00,D:/D drive recovery/Shiva JH/Projects/OneLake Medallion/data/landing/_reference/geolocation.parquet,_reference
03306,-23.54468951096427,-46.57575084485543,são paulo,SP,2016-01-01 00:00:00.000000,2026-08-27T05:17:09.287600+00:00,D:/D drive recovery/Shiva JH/Projects/OneLake Medallion/data/landing/_reference/geolocation.parquet,_reference
03319,-23.543870857060437,-46.55735807729814,sao paulo,SP,2016-01-01 00:00:00.000000,2026-08-27T05:17:09.287600+00:00,D:/D drive recovery/Shiva JH/Projects/OneLake Medallion/data/landing/_reference/geolocation.parquet,_reference
03426,-23.554079433810344,-46.53324185942636,sao paulo,SP,2016-01-01 00:00:00.000000,2026-08-27T05:17:09.287600+00:00,D:/D drive recovery/Shiva JH/Projects/OneLake Medallion/data/landing/_reference/geolocation.parquet,_reference
03572,-23.574334452680457,-46.50181676172888,sao paulo,SP,2016-01-01 00:00:00.000000,2026-08-27T05:17:09.287600+00:00,D:/D drive recovery/Shiva JH/Projects/OneLake Medallion/data/landing/_reference/geolocation.parquet,_reference
04018,-23.58844697668647,-46.6399644096601,sao paulo,SP,2016-01-01 00:00:00.000000,2026-08-27T05:17:09.287600+00:00,D:/D drive recovery/Shiva JH/Projects/OneLake Medallion/data/landing/_reference/geolocation.parquet,_reference
04143,-23.61620895920133,-46.63529647960067,sao paulo,SP,2016-01-01 00:00:00.000000,2026-08-27T05:17:09.287600+00:00,D:/D drive recovery/Shiva JH/Projects/OneLake Medallion/data/landing/_reference/geolocation.parquet,_reference
04145,-23.61565055037796,-46.63205088481735,sao paulo,SP,2016-01-01 00:00:00.000000,2026-08-27T05:17:09.287600+00:00,D:/D drive recovery/Shiva JH/Projects/OneLake Medallion/data/landing/_reference/geolocation.parquet,_reference
04186,-23.65281620260835,-46.59941026824976,sao paulo,SP,2016-01-01 00:00:00.000000,2026-08-27T05:17:09.287600+00:00,D:/D drive recovery/Shiva JH/Projects/OneLake Medallion/data/landing/_reference/geolocation.parquet,_reference
04205,-23.58045999999996,-46.60592999999994,são paulo,SP,2016-01-01 00:00:00.000000,2026-08-27T05:17:09.287600+00:00,D:/D drive recovery/Shiva JH/Projects/OneLake Medallion/data/landing/_reference/geolocation.parquet,_reference
04547,-23.593508999999997,-46.69160489873891,sao paulo,SP,2016-01-01 00:00:00.000000,2026-08-27T05:17:09.287600+00:00,D:/D drive recovery/Shiva JH/Projects/OneLake Medallion/data/landing/_reference/geolocation.parquet,_reference
04909,-23.67633520667964,-46.7382099886024,são paulo,SP,2016-01-01 00:00:00.000000,2026-08-27T05:17:09.287600+00:00,D:/D drive recovery/Shiva JH/Projects/OneLake Medallion/data/landing/_reference/geolocation.parquet,_reference
05164,-23.474439261728868,-46.7562075560621,sao paulo,SP,2016-01-01 00:00:00.000000,2026-08-27T05:17:09.287600+00:00,D:/D drive recovery/Shiva JH/Projects/OneLake Medallion/data/landing/_reference/geolocation.parquet,_reference
05422,-23.567900857060444,-46.69203652914189,sao paulo,SP,2016-01-01 00:00:00.000000,2026-08-27T05:17:09.287600+00:00,D:/D drive recovery/Shiva JH/Projects/OneLake Medallion/data/landing/_reference/geolocation.parquet,_reference
05805,-23.651355387214583,-46.733743760102726,sao paulo,SP,2016-01-01 00:00:00.000000,2026-08-27T05:17:09.287600+00:00,D:/D drive recovery/Shiva JH/Projects/OneLake Medallion/data/landing/_reference/geolocation.parquet,_reference
05857,-23.65656157967509,-46.77925716266672,sao paulo,SP,2016-01-01 00:00:00.000000,2026-08-27T05:17:09.287600+00:00,D:/D drive recovery/Shiva JH/Projects/OneLake Medallion/data/landing/_reference/geolocation.parquet,_reference
06132,-23.553502438802,-46.79802469900167,osasco,SP,2016-01-01 00:00:00.000000,2026-08-27T05:17:09.287600+00:00,D:/D drive recovery/Shiva JH/Projects/OneLake Medallion/data/landing/_reference/geolocation.parquet,_reference
06144,-23.56949384569213,-46.8037303756421,osasco,SP,2016-01-01 00:00:00.000000,2026-08-27T05:17:09.287600+00:00,D:/D drive recovery/Shiva JH/Projects/OneLake Medallion/data/landing/_reference/geolocation.parquet,_reference
24350,-22.944019808500155,-43.06302670148316,niterói,RJ,2016-01-01 00:00:00.000000,2026-08-27T05:17:09.287600+00:00,D:/D drive recovery/Shiva JH/Projects/OneLake Medallion/data/landing/_reference/geolocation.parquet,_reference
24451,-22.827869999999997,-43.01969625000001,sao goncalo,RJ,2016-01-01 00:00:00.000000,2026-08-27T05:17:09.287600+00:00,D:/D drive recovery/Shiva JH/Projects/OneLake Medallion/data/landing/_reference/geolocation.parquet,_reference
24744,-22.829807351422406,-43.00188821360128,sao goncalo,RJ,2016-01-01 00:00:00.000000,2026-08-27T05:17:09.287600+00:00,D:/D drive recovery/Shiva JH/Projects/OneLake Medallion/data/landing/_reference/geolocation.parquet,_reference
25530,-22.81252761048903,-43.38758516830393,são joão de meriti,RJ,2016-01-01 00:00:00.000000,2026-08-27T05:17:09.287600+00:00,D:/D drive recovery/Shiva JH/Projects/OneLake Medallion/data/landing/_reference/geolocation.parquet,_reference
25660,-22.51377046504942,-43.20986209392224,petrópolis,RJ,2016-01-01 00:00:00.000000,2026-08-27T05:17:09.287600+00:00,D:/D drive recovery/Shiva JH/Projects/OneLake Medallion/data/landing/_reference/geolocation.parquet,_reference
25943,-22.556989324584887,-42.99759158024225,guapimirim,RJ,2016-01-01 00:00:00.000000,2026-08-27T05:17:09.287600+00:00,D:/D drive recovery/Shiva JH/Projects/OneLake Medallion/data/landing/_reference/geolocation.parquet,_reference
26015,-22.748203295194685,-43.44562537718087,nova iguaçu,RJ,2016-01-01 00:00:00.000000,2026-08-27T05:17:09.287600+00:00,D:/D drive recovery/Shiva JH/Projects/OneLake Medallion/data/landing/_reference/geolocation.parquet,_reference
27277,-22.498182754371285,-44.12361371579433,volta redonda,RJ,2016-01-01 00:00:00.000000,2026-08-27T05:17:09.287600+00:00,D:/D drive recovery/Shiva JH/Projects/OneLake Medallion/data/landing/_reference/geolocation.parquet,_reference
29090,-20.258271017529587,-40.26903411769548,vitoria,ES,2016-01-01 00:00:00.000000,2026-08-27T05:17:09.287600+00:00,D:/D drive recovery/Shiva JH/Projects/OneLake Medallion/data/landing/_reference/geolocation.parquet,_reference
29156,-20.297536576315476,-40.40086853731229,cariacica,ES,2016-01-01 00:00:00.000000,2026-08-27T05:17:09.287600+00:00,D:/D drive recovery/Shiva JH/Projects/OneLake Medallion/data/landing/_reference/geolocation.parquet,_reference
31015,-19.9094872739339,-43.9275164141035,belo horizonte,MG,2016-01-01 00:00:00.000000,2026-08-27T05:17:09.287600+00:00,D:/D drive recovery/Shiva JH/Projects/OneLake Medallion/data/landing/_reference/geolocation.parquet,_reference
31130,-19.885618959201334,-43.93859494364943,belo horizonte,MG,2016-01-01 00:00:00.000000,2026-08-27T05:17:09.287600+00:00,D:/D drive recovery/Shiva JH/Projects/OneLake Medallion/data/landing/_reference/geolocation.parquet,_reference
31340,-19.869192973368254,-43.99602098265909,belo horizonte,MG,2016-01-01 00:00:00.000000,2026-08-27T05:17:09.287600+00:00,D:/D drive recovery/Shiva JH/Projects/OneLake Medallion/data/landing/_reference/geolocation.parquet,_reference
62170,-3.903995475046312,-40.74463854634254,mucambo,CE,2016-01-01 00:00:00.000000,2026-08-27T05:17:09.287600+00:00,D:/D drive recovery/Shiva JH/Projects/OneLake Medallion/data/landing/_reference/geolocation.parquet,_reference
63504,-6.3710424150485485,-39.3013761536061,iguatu,CE,2016-01-01 00:00:00.000000,2026-08-27T05:17:09.287600+00:00,D:/D drive recovery/Shiva JH/Projects/OneLake Medallion/data/landing/_reference/geolocation.parquet,_reference
64980,-10.441255487219744,-45.16858578213835,corrente,PI,2016-01-01 00:00:00.000000,2026-08-27T05:17:09.287600+00:00,D:/D drive recovery/Shiva JH/Projects/OneLake Medallion/data/landing/_reference/geolocation.parquet,_reference
65055,-2.576632840960272,-44.2395996386404,sao luis,MA,2016-01-01 00:00:00.000000,2026-08-27T05:17:09.287600+00:00,D:/D drive recovery/Shiva JH/Projects/OneLake Medallion/data/landing/_reference/geolocation.parquet,_reference
68030,-2.4427468815020386,-54.72895004935191,santarém,PA,2016-01-01 00:00:00.000000,2026-08-27T05:17:09.287600+00:00,D:/D drive recovery/Shiva JH/Projects/OneLake Medallion/data/landing/_reference/geolocation.parquet,_reference
70767,-15.746057999999998,-47.894445,brasilia,DF,2016-01-01 00:00:00.000000,2026-08-27T05:17:09.287600+00:00,D:/D drive recovery/Shiva JH/Projects/OneLake Medallion/data/landing/_reference/geolocation.parquet,_reference
74645,-16.671296999999946,-49.23724849999997,goiania,GO,2016-01-01 00:00:00.000000,2026-08-27T05:17:09.287600+00:00,D:/D drive recovery/Shiva JH/Projects/OneLake Medallion/data/landing/_reference/geolocation.parquet,_reference
77940,-5.643029999999946,-47.70049849999995,sitio novo do tocantins,TO,2016-01-01 00:00:00.000000,2026-08-27T05:17:09.287600+00:00,D:/D drive recovery/Shiva JH/Projects/OneLake Medallion/data/landing/_reference/geolocation.parquet,_reference
80620,-25.45385542382702,-49.286168717179294,curitiba,PR,2016-01-01 00:00:00.000000,2026-08-27T05:17:09.287600+00:00,D:/D drive recovery/Shiva JH/Projects/OneLake Medallion/data/landing/_reference/geolocation.parquet,_reference
82800,-25.43880303497028,-49.22994083568014,curitiba,PR,2016-01-01 00:00:00.000000,2026-08-27T05:17:09.287600+00:00,D:/D drive recovery/Shiva JH/Projects/OneLake Medallion/data/landing/_reference/geolocation.parquet,_reference
83501,-25.31357267638063,-49.29180267499566,almirante tamandaré,PR,2016-01-01 00:00:00.000000,2026-08-27T05:17:09.287600+00:00,D:/D drive recovery/Shiva JH/Projects/OneLake Medallion/data/landing/_reference/geolocation.parquet,_reference
84015,-25.074043009435066,-50.15132717124473,ponta grossa,PR,2016-01-01 00:00:00.000000,2026-08-27T05:17:09.287600+00:00,D:/D drive recovery/Shiva JH/Projects/OneLake Medallion/data/landing/_reference/geolocation.parquet,_reference
84030,-25.0898641791368,-50.07670397764743,ponta grossa,PR,2016-01-01 00:00:00.000000,2026-08-27T05:17:09.287600+00:00,D:/D drive recovery/Shiva JH/Projects/OneLake Medallion/data/landing/_reference/geolocation.parquet,_reference
84935,-23.77756978556728,-49.95469142163561,tomazina,PR,2016-01-01 00:00:00.000000,2026-08-27T05:17:09.287600+00:00,D:/D drive recovery/Shiva JH/Projects/OneLake Medallion/data/landing/_reference/geolocation.parquet,_reference
85575,-25.70776347936545,-52.91847366274079,sao jorge doeste,PR,2016-01-01 00:00:00.000000,2026-08-27T05:17:09.287600+00:00,D:/D drive recovery/Shiva JH/Projects/OneLake Medallion/data/landing/_reference/geolocation.parquet,_reference
85854,-25.565579007813,-54.56339243958099,foz do iguacu,PR,2016-01-01 00:00:00.000000,2026-08-27T05:17:09.287600+00:00,D:/D drive recovery/Shiva JH/Projects/OneLake Medallion/data/landing/_reference/geolocation.parquet,_reference
86050,-23.331043778111702,-51.17743350000001,londrina,PR,2016-01-01 00:00:00.000000,2026-08-27T05:17:09.287600+00:00,D:/D drive recovery/Shiva JH/Projects/OneLake Medallion/data/landing/_reference/geolocation.parquet,_reference
86085,-23.25532056895961,-51.14744899417161,londrina,PR,2016-01-01 00:00:00.000000,2026-08-27T05:17:09.287600+00:00,D:/D drive recovery/Shiva JH/Projects/OneLake Medallion/data/landing/_reference/geolocation.parquet,_reference
87005,-23.44545218256123,-51.92624034072531,maringa,PR,2016-01-01 00:00:00.000000,2026-08-27T05:17:09.287600+00:00,D:/D drive recovery/Shiva JH/Projects/OneLake Medallion/data/landing/_reference/geolocation.parquet,_reference
87013,-23.41986366306706,-51.9370505253616,maringa,PR,2016-01-01 00:00:00.000000,2026-08-27T05:17:09.287600+00:00,D:/D drive recovery/Shiva JH/Projects/OneLake Medallion/data/landing/_reference/geolocation.parquet,_reference
87525,-23.40428721104114,-53.36471134220823,ivate,PR,2016-01-01 00:00:00.000000,2026-08-27T05:17:09.287600+00:00,D:/D drive recovery/Shiva JH/Projects/OneLake Medallion/data/landing/_reference/geolocation.parquet,_reference
89160,-27.20981137280685,-49.63292048422235,rio do sul,SC,2016-01-01 00:00:00.000000,2026-08-27T05:17:09.287600+00:00,D:/D drive recovery/Shiva JH/Projects/OneLake Medallion/data/landing/_reference/geolocation.parquet,_reference
82220,-25.370141615326872,-49.26980748237064,curitiba,PR,2016-01-01 00:00:00.000000,2026-08-27T05:17:09.287600+00:00,D:/D drive recovery/Shiva JH/Projects/OneLake Medallion/data/landing/_reference/geolocation.parquet,_reference
82560,-25.398981180227207,-49.24692992975385,curitiba,PR,2016-01-01 00:00:00.000000,2026-08-27T05:17:09.287600+00:00,D:/D drive recovery/Shiva JH/Projects/OneLake Medallion/data/landing/_reference/geolocation.parquet,_reference
83206,-25.5327393775075,-48.52054372415031,paranagua,PR,2016-01-01 00:00:00.000000,2026-08-27T05:17:09.287600+00:00,D:/D drive recovery/Shiva JH/Projects/OneLake Medallion/data/landing/_reference/geolocation.parquet,_reference
85807,-24.9409988170985,-53.4931867821282,cascavel,PR,2016-01-01 00:00:00.000000,2026-08-27T05:17:09.287600+00:00,D:/D drive recovery/Shiva JH/Projects/OneLake Medallion/data/landing/_reference/geolocation.parquet,_reference
85875,-25.43158405315624,-54.402330873588255,santa terezinha de itaipu,PR,2016-01-01 00:00:00.000000,2026-08-27T05:17:09.287600+00:00,D:/D drive recovery/Shiva JH/Projects/OneLake Medallion/data/landing/_reference/geolocation.parquet,_reference
86680,-22.91348966472202,-51.80064773522458,nossa senhora das gracas,PR,2016-01-01 00:00:00.000000,2026-08-27T05:17:09.287600+00:00,D:/D drive recovery/Shiva JH/Projects/OneLake Medallion/data/landing/_reference/geolocation.parquet,_reference
88730,-28.327530882623098,-49.18050954005345,sao ludgero,SC,2016-01-01 00:00:00.000000,2026-08-27T05:17:09.287600+00:00,D:/D drive recovery/Shiva JH/Projects/OneLake Medallion/data/landing/_reference/geolocation.parquet,_reference
89899,-26.98109912694612,-53.53465037151178,ipora do oeste,SC,2016-01-01 00:00:00.000000,2026-08-27T05:17:09.287600+00:00,D:/D drive recovery/Shiva JH/Projects/OneLake Medallion/data/landing/_reference/geolocation.parquet,_reference
90220,-30.02445275114225,-51.21118835646234,porto alegre,RS,2016-01-01 00:00:00.000000,2026-08-27T05:17:09.287600+00:00,D:/D drive recovery/Shiva JH/Projects/OneLake Medallion/data/landing/_reference/geolocation.parquet,_reference
90820,-30.09460140714993,-51.22713380016161,porto alegre,RS,2016-01-01 00:00:00.000000,2026-08-27T05:17:09.287600+00:00,D:/D drive recovery/Shiva JH/Projects/OneLake Medallion/data/landing/_reference/geolocation.parquet,_reference
91010,-30.00830686984238,-51.17548660851754,porto alegre,RS,2016-01-01 00:00:00.000000,2026-08-27T05:17:09.287600+00:00,D:/D drive recovery/Shiva JH/Projects/OneLake Medallion/data/landing/_reference/geolocation.parquet,_reference
91260,-30.0373750279428,-51.10576615986805,porto alegre,RS,2016-01-01 00:00:00.000000,2026-08-27T05:17:09.287600+00:00,D:/D drive recovery/Shiva JH/Projects/OneLake Medallion/data/landing/_reference/geolocation.parquet,_reference
91510,-30.07200823826747,-51.17719962332037,porto alegre,RS,2016-01-01 00:00:00.000000,2026-08-27T05:17:09.287600+00:00,D:/D drive recovery/Shiva JH/Projects/OneLake Medallion/data/landing/_reference/geolocation.parquet,_reference
91787,-30.155818294217656,-51.18248335983039,porto alegre,RS,2016-01-01 00:00:00.000000,2026-08-27T05:17:09.287600+00:00,D:/D drive recovery/Shiva JH/Projects/OneLake Medallion/data/landing/_reference/geolocation.parquet,_reference
92025,-29.92327422093021,-51.16155342258625,canoas,RS,2016-01-01 00:00:00.000000,2026-08-27T05:17:09.287600+00:00,D:/D drive recovery/Shiva JH/Projects/OneLake Medallion/data/landing/_reference/geolocation.parquet,_reference
94451,-30.15946930410813,-50.832839089335735,viamao,RS,2016-01-01 00:00:00.000000,2026-08-27T05:17:09.287600+00:00,D:/D drive recovery/Shiva JH/Projects/OneLake Medallion/data/landing/_reference/geolocation.parquet,_reference
95034,-29.15431985306487,-51.18599374251306,caxias do sul,RS,2016-01-01 00:00:00.000000,2026-08-27T05:17:09.287600+00:00,D:/D drive recovery/Shiva JH/Projects/OneLake Medallion/data/landing/_reference/geolocation.parquet,_reference
01031,-23.536864121011018,-46.63349313820771,sao paulo,SP,2016-01-01 00:00:00.000000,2026-08-27T05:17:09.287600+00:00,D:/D drive recovery/Shiva JH/Projects/OneLake Medallion/data/landing/_reference/geolocation.parquet,_reference
01258,-23.54499310130417,-46.685597180824026,sao paulo,SP,2016-01-01 00:00:00.000000,2026-08-27T05:17:09.287600+00:00,D:/D drive recovery/Shiva JH/Projects/OneLake Medallion/data/landing/_reference/geolocation.parquet,_reference
02078,-23.502460609498485,-46.59374588980903,sao paulo,SP,2016-01-01 00:00:00.000000,2026-08-27T05:17:09.287600+00:00,D:/D drive recovery/Shiva JH/Projects/OneLake Medallion/data/landing/_reference/geolocation.parquet,_reference
02532,-23.49592311073923,-46.66043045184373,sao paulo,SP,2016-01-01 00:00:00.000000,2026-08-27T05:17:09.287600+00:00,D:/D drive recovery/Shiva JH/Projects/OneLake Medallion/data/landing/_reference/geolocation.parquet,_reference
02955,-23.46712823397195,-46.72097119900167,sao paulo,SP,2016-01-01 00:00:00.000000,2026-08-27T05:17:09.287600+00:00,D:/D drive recovery/Shiva JH/Projects/OneLake Medallion/data/landing/_reference/geolocation.parquet,_reference
02963,-23.485755415382435,-46.70221321730524,sao paulo,SP,2016-01-01 00:00:00.000000,2026-08-27T05:17:09.287600+00:00,D:/D drive recovery/Shiva JH/Projects/OneLake Medallion/data/landing/_reference/geolocation.parquet,_reference
02971,-23.484810467943905,-46.71073145184375,sao paulo,SP,2016-01-01 00:00:00.000000,2026-08-27T05:17:09.287600+00:00,D:/D drive recovery/Shiva JH/Projects/OneLake Medallion/data/landing/_reference/geolocation.parquet,_reference
03086,-23.52876008992264,-46.56920769167931,sao paulo,SP,2016-01-01 00:00:00.000000,2026-08-27T05:17:09.287600+00:00,D:/D drive recovery/Shiva JH/Projects/OneLake Medallion/data/landing/_reference/geolocation.parquet,_reference
03131,-23.57900896225975,-46.57815220038666,sao paulo,SP,2016-01-01 00:00:00.000000,2026-08-27T05:17:09.287600+00:00,D:/D drive recovery/Shiva JH/Projects/OneLake Medallion/data/landing/_reference/geolocation.parquet,_reference
03569,-23.541941545934563,-46.49095488842404,sao paulo,SP,2016-01-01 00:00:00.000000,2026-08-27T05:17:09.287600+00:00,D:/D drive recovery/Shiva JH/Projects/OneLake Medallion/data/landing/_reference/geolocation.parquet,_reference
03813,-23.48668357540144,-46.46746268716547,sao paulo,SP,2016-01-01 00:00:00.000000,2026-08-27T05:17:09.287600+00:00,D:/D drive recovery/Shiva JH/Projects/OneLake Medallion/data/landing/_reference/geolocation.parquet,_reference
04270,-23.59734040161001,-46.61336409824576,são paulo,SP,2016-01-01 00:00:00.000000,2026-08-27T05:17:09.287600+00:00,D:/D drive recovery/Shiva JH/Projects/OneLake Medallion/data/landing/_reference/geolocation.parquet,_reference
04296,-23.621852242022022,-46.6036482835132,sao paulo,SP,2016-01-01 00:00:00.000000,2026-08-27T05:17:09.287600+00:00,D:/D drive recovery/Shiva JH/Projects/OneLake Medallion/data/landing/_reference/geolocation.parquet,_reference
04430,-23.690164844050702,-46.64635447931283,sao paulo,SP,2016-01-01 00:00:00.000000,2026-08-27T05:17:09.287600+00:00,D:/D drive recovery/Shiva JH/Projects/OneLake Medallion/data/landing/_reference/geolocation.parquet,_reference
04674,-23.664255516792647,-46.68857909339831,sao paulo,SP,2016-01-01 00:00:00.000000,2026-08-27T05:17:09.287600+00:00,D:/D drive recovery/Shiva JH/Projects/OneLake Medallion/data/landing/_reference/geolocation.parquet,_reference
04774,-23.68589526755725,-46.70593795115124,sao paulo,SP,2016-01-01 00:00:00.000000,2026-08-27T05:17:09.287600+00:00,D:/D drive recovery/Shiva JH/Projects/OneLake Medallion/data/landing/_reference/geolocation.parquet,_reference
04841,-23.74114011740434,-46.69050874493624,sao paulo,SP,2016-01-01 00:00:00.000000,2026-08-27T05:17:09.287600+00:00,D:/D drive recovery/Shiva JH/Projects/OneLake Medallion/data/landing/_reference/geolocation.parquet,_reference
05119,-23.488074618096828,-46.738052916180976,sao paulo,SP,2016-01-01 00:00:00.000000,2026-08-27T05:17:09.287600+00:00,D:/D drive recovery/Shiva JH/Projects/OneLake Medallion/data/landing/_reference/geolocation.parquet,_reference
05528,-23.593395634841325,-46.757875363396,sao paulo,SP,2016-01-01 00:00:00.000000,2026-08-27T05:17:09.287600+00:00,D:/D drive recovery/Shiva JH/Projects/OneLake Medallion/data/landing/_reference/geolocation.parquet,_reference
05633,-23.59958030169083,-46.74046628296493,são paulo,SP,2016-01-01 00:00:00.000000,2026-08-27T05:17:09.287600+00:00,D:/D drive recovery/Shiva JH/Projects/OneLake Medallion/data/landing/_reference/geolocation.parquet,_reference
05634,-23.608349214265107,-46.73536441534424,sao paulo,SP,2016-01-01 00:00:00.000000,2026-08-27T05:17:09.287600+00:00,D:/D drive recovery/Shiva JH/Projects/OneLake Medallion/data/landing/_reference/geolocation.parquet,_reference
05717,-23.63556170468581,-46.73325836124404,sao paulo,SP,2016-01-01 00:00:00.000000,2026-08-27T05:17:09.287600+00:00,D:/D drive recovery/Shiva JH/Projects/OneLake Medallion/data/landing/_reference/geolocation.parquet,_reference
05767,-23.63133471752179,-46.75945889273972,sao paulo,SP,2016-01-01 00:00:00.000000,2026-08-27T05:17:09.287600+00:00,D:/D drive recovery/Shiva JH/Projects/OneLake Medallion/data/landing/_reference/geolocation.parquet,_reference
05844,-23.654232282820697,-46.73677309838999,sao paulo,SP,2016-01-01 00:00:00.000000,2026-08-27T05:17:09.287600+00:00,D:/D drive recovery/Shiva JH/Projects/OneLake Medallion/data/landing/_reference/geolocation.parquet,_reference
05848,-23.65685448590773,-46.75778197836609,sao paulo,SP,2016-01-01 00:00:00.000000,2026-08-27T05:17:09.287600+00:00,D:/D drive recovery/Shiva JH/Projects/OneLake Medallion/data/landing/_reference/geolocation.parquet,_reference
06192,-23.527419336689768,-46.79951706425642,osasco,SP,2016-01-01 00:00:00.000000,2026-08-27T05:17:09.287600+00:00,D:/D drive recovery/Shiva JH/Projects/OneLake Medallion/data/landing/_reference/geolocation.parquet,_reference
06382,-23.54811119219724,-46.841166759880586,carapicuíba,SP,2016-01-01 00:00:00.000000,2026-08-27T05:17:09.287600+00:00,D:/D drive recovery/Shiva JH/Projects/OneLake Medallion/data/landing/_reference/geolocation.parquet,_reference
06416,-23.489480374107515,-46.89779794141871,barueri,SP,2016-01-01 00:00:00.000000,2026-08-27T05:17:09.287600+00:00,D:/D drive recovery/Shiva JH/Projects/OneLake Medallion/data/landing/_reference/geolocation.parquet,_reference
25620,-22.511952463273957,-43.1777121666574,petropolis,RJ,2016-01-01 00:00:00.000000,2026-08-27T05:17:09.287600+00:00,D:/D drive recovery/Shiva JH/Projects/OneLake Medallion/data/landing/_reference/geolocation.parquet,_reference
25803,-22.114931849301893,-43.20418377871129,tres rios,RJ,2016-01-01 00:00:00.000000,2026-08-27T05:17:09.287600+00:00,D:/D drive recovery/Shiva JH/Projects/OneLake Medallion/data/landing/_reference/geolocation.parquet,_reference
25974,-22.383571450110804,-42.97733620403562,teresopolis,RJ,2016-01-01 00:00:00.000000,2026-08-27T05:17:09.287600+00:00,D:/D drive recovery/Shiva JH/Projects/OneLake Medallion/data/landing/_reference/geolocation.parquet,_reference
26060,-22.692282670137956,-43.423044864619456,nova iguaçu,RJ,2016-01-01 00:00:00.000000,2026-08-27T05:17:09.287600+00:00,D:/D drive recovery/Shiva JH/Projects/OneLake Medallion/data/landing/_reference/geolocation.parquet,_reference
26255,-22.761992463604912,-43.45087260605272,nova iguacu,RJ,2016-01-01 00:00:00.000000,2026-08-27T05:17:09.287600+00:00,D:/D drive recovery/Shiva JH/Projects/OneLake Medallion/data/landing/_reference/geolocation.parquet,_reference
27276,-22.50011607799065,-44.13895279141904,volta redonda,RJ,2016-01-01 00:00:00.000000,2026-08-27T05:17:09.287600+00:00,D:/D drive recovery/Shiva JH/Projects/OneLake Medallion/data/landing/_reference/geolocation.parquet,_reference
27600,-22.23065356965593,-43.70906792813136,valenca,RJ,2016-01-01 00:00:00.000000,2026-08-27T05:17:09.287600+00:00,D:/D drive recovery/Shiva JH/Projects/OneLake Medallion/data/landing/_reference/geolocation.parquet,_reference
28897,-22.49098923813657,-41.91441804764932,rio das ostras,RJ,2016-01-01 00:00:00.000000,2026-08-27T05:17:09.287600+00:00,D:/D drive recovery/Shiva JH/Projects/OneLake Medallion/data/landing/_reference/geolocation.parquet,_reference
29108,-20.35074967525604,-40.31725248785919,vila velha,ES,2016-01-01 00:00:00.000000,2026-08-27T05:17:09.287600+00:00,D:/D drive recovery/Shiva JH/Projects/OneLake Medallion/data/landing/_reference/geolocation.parquet,_reference
29215,-20.66407474431292,-40.49773392386556,guarapari,ES,2016-01-01 00:00:00.000000,2026-08-27T05:17:09.287600+00:00,D:/D drive recovery/Shiva JH/Projects/OneLake Medallion/data/landing/_reference/geolocation.parquet,_reference
29306,-20.84800429049323,-41.09208749231039,cachoeiro de itapemirim,ES,2016-01-01 00:00:00.000000,2026-08-27T05:17:09.287600+00:00,D:/D drive recovery/Shiva JH/Projects/OneLake Medallion/data/landing/_reference/geolocation.parquet,_reference
29450,-21.15709213056911,-41.56442773822537,apiaca,ES,2016-01-01 00:00:00.000000,2026-08-27T05:17:09.287600+00:00,D:/D drive recovery/Shiva JH/Projects/OneLake Medallion/data/landing/_reference/geolocation.parquet,_reference
30111,-19.91624655709342,-43.93623364096637,belo horizonte,MG,2016-01-01 00:00:00.000000,2026-08-27T05:17:09.287600+00:00,D:/D drive recovery/Shiva JH/Projects/OneLake Medallion/data/landing/_reference/geolocation.parquet,_reference
30260,-19.92439678489817,-43.91167581141436,belo horizonte,MG,2016-01-01 00:00:00.000000,2026-08-27T05:17:09.287600+00:00,D:/D drive recovery/Shiva JH/Projects/OneLake Medallion/data/landing/_reference/geolocation.parquet,_reference
30310,-19.94750898335157,-43.92355912308848,belo horizonte,MG,2016-01-01 00:00:00.000000,2026-08-27T05:17:09.287600+00:00,D:/D drive recovery/Shiva JH/Projects/OneLake Medallion/data/landing/_reference/geolocation.parquet,_reference
23045,-22.915061705811,-43.55265523076929,rio de janeiro,RJ,2016-01-01 00:00:00.000000,2026-08-27T05:17:09.287600+00:00,D:/D drive recovery/Shiva JH/Projects/OneLake Medallion/data/landing/_reference/geolocation.parquet,_reference
24710,-22.826646152351035,-42.99987757664625,sao goncalo,RJ,2016-01-01 00:00:00.000000,2026-08-27T05:17:09.287600+00:00,D:/D drive recovery/Shiva JH/Projects/OneLake Medallion/data/landing/_reference/geolocation.parquet,_reference
27213,-22.505694901916865,-44.08863912174069,volta redonda,RJ,2016-01-01 00:00:00.000000,2026-08-27T05:17:09.287600+00:00,D:/D drive recovery/Shiva JH/Projects/OneLake Medallion/data/landing/_reference/geolocation.parquet,_reference
28613,-22.288946116642418,-42.5321191409908,nova friburgo,RJ,2016-01-01 00:00:00.000000,2026-08-27T05:17:09.287600+00:00,D:/D drive recovery/Shiva JH/Projects/OneLake Medallion/data/landing/_reference/geolocation.parquet,_reference
28960,-22.83608374688867,-42.22525826231049,iguaba grande,RJ,2016-01-01 00:00:00.000000,2026-08-27T05:17:09.287600+00:00,D:/D drive recovery/Shiva JH/Projects/OneLake Medallion/data/landing/_reference/geolocation.parquet,_reference
29056,-20.3050539755613,-40.30116679075521,vitoria,ES,2016-01-01 00:00:00.000000,2026-08-27T05:17:09.287600+00:00,D:/D drive recovery/Shiva JH/Projects/OneLake Medallion/data/landing/_reference/geolocation.parquet,_reference
29102,-20.37616120906966,-40.30529402401848,vila velha,ES,2016-01-01 00:00:00.000000,2026-08-27T05:17:09.287600+00:00,D:/D drive recovery/Shiva JH/Projects/OneLake Medallion/data/landing/_reference/geolocation.parquet,_reference
29152,-20.32280697831913,-40.36806005961941,cariacica,ES,2016-01-01 00:00:00.000000,2026-08-27T05:17:09.287600+00:00,D:/D drive recovery/Shiva JH/Projects/OneLake Medallion/data/landing/_reference/geolocation.parquet,_reference
29163,-20.21682736389826,-40.24697369558151,serra,ES,2016-01-01 00:00:00.000000,2026-08-27T05:17:09.287600+00:00,D:/D drive recovery/Shiva JH/Projects/OneLake Medallion/data/landing/_reference/geolocation.parquet,_reference
86730,-23.23763897765151,-51.66808528142622,astorga,PR,2016-01-01 00:00:00.000000,2026-08-27T05:17:09.287600+00:00,D:/D drive recovery/Shiva JH/Projects/OneLake Medallion/data/landing/_reference/geolocation.parquet,_reference
86805,-23.53711758864752,-51.44438815254782,apucarana,PR,2016-01-01 00:00:00.000000,2026-08-27T05:17:09.287600+00:00,D:/D drive recovery/Shiva JH/Projects/OneLake Medallion/data/landing/_reference/geolocation.parquet,_reference
87485,-23.38427201487653,-53.2984710826628,douradina,PR,2016-01-01 00:00:00.000000,2026-08-27T05:17:09.287600+00:00,D:/D drive recovery/Shiva JH/Projects/OneLake Medallion/data/landing/_reference/geolocation.parquet,_reference
88058,-27.44750424718865,-48.39733340340489,florianopolis,SC,2016-01-01 00:00:00.000000,2026-08-27T05:17:09.287600+00:00,D:/D drive recovery/Shiva JH/Projects/OneLake Medallion/data/landing/_reference/geolocation.parquet,_reference
89041,-26.91141069525076,-49.11143612738765,blumenau,SC,2016-01-01 00:00:00.000000,2026-08-27T05:17:09.287600+00:00,D:/D drive recovery/Shiva JH/Projects/OneLake Medallion/data/landing/_reference/geolocation.parquet,_reference
89165,-27.227305885654083,-49.64789177350121,rio do sul,SC,2016-01-01 00:00:00.000000,2026-08-27T05:17:09.287600+00:00,D:/D drive recovery/Shiva JH/Projects/OneLake Medallion/data/landing/_reference/geolocation.parquet,_reference
89270,-26.47119165563505,-48.99874721931727,guaramirim,SC,2016-01-01 00:00:00.000000,2026-08-27T05:17:09.287600+00:00,D:/D drive recovery/Shiva JH/Projects/OneLake Medallion/data/landing/_reference/geolocation.parquet,_reference
90030,-30.024860070777287,-51.22343202221699,porto alegre,RS,2016-01-01 00:00:00.000000,2026-08-27T05:17:09.287600+00:00,D:/D drive recovery/Shiva JH/Projects/OneLake Medallion/data/landing/_reference/geolocation.parquet,_reference
90850,-30.06838880309298,-51.22319513873832,porto alegre,RS,2016-01-01 00:00:00.000000,2026-08-27T05:17:09.287600+00:00,D:/D drive recovery/Shiva JH/Projects/OneLake Medallion/data/landing/_reference/geolocation.parquet,_reference
91740,-30.103303723122416,-51.215815419555454,porto alegre,RS,2016-01-01 00:00:00.000000,2026-08-27T05:17:09.287600+00:00,D:/D drive recovery/Shiva JH/Projects/OneLake Medallion/data/landing/_reference/geolocation.parquet,_reference
93819,-29.640840456688228,-50.99064842277813,sapiranga,RS,2016-01-01 00:00:00.000000,2026-08-27T05:17:09.287600+00:00,D:/D drive recovery/Shiva JH/Projects/OneLake Medallion/data/landing/_reference/geolocation.parquet,_reference
94950,-29.94678488392952,-51.081698861959794,cachoeirinha,RS,2016-01-01 00:00:00.000000,2026-08-27T05:17:09.287600+00:00,D:/D drive recovery/Shiva JH/Projects/OneLake Medallion/data/landing/_reference/geolocation.parquet,_reference
95076,-29.17682210847989,-51.15690685509721,caxias do sul,RS,2016-01-01 00:00:00.000000,2026-08-27T05:17:09.287600+00:00,D:/D drive recovery/Shiva JH/Projects/OneLake Medallion/data/landing/_reference/geolocation.parquet,_reference
95630,-29.63496095960441,-50.84224357977237,parobe,RS,2016-01-01 00:00:00.000000,2026-08-27T05:17:09.287600+00:00,D:/D drive recovery/Shiva JH/Projects/OneLake Medallion/data/landing/_reference/geolocation.parquet,_reference
97015,-29.689198816146927,-53.8064289212743,santa maria,RS,2016-01-01 00:00:00.000000,2026-08-27T05:17:09.287600+00:00,D:/D drive recovery/Shiva JH/Projects/OneLake Medallion/data/landing/_reference/geolocation.parquet,_reference
97590,-30.249453721563317,-54.92177308957598,rosario do sul,RS,2016-01-01 00:00:00.000000,2026-08-27T05:17:09.287600+00:00,D:/D drive recovery/Shiva JH/Projects/OneLake Medallion/data/landing/_reference/geolocation.parquet,_reference
17602,-21.93532101918528,-50.49756182976886,tupa,SP,2016-01-01 00:00:00.000000,2026-08-27T05:17:09.287600+00:00,D:/D drive recovery/Shiva JH/Projects/OneLake Medallion/data/landing/_reference/geolocation.parquet,_reference
18015,-23.49918077491485,-47.44101094976627,sorocaba,SP,2016-01-01 00:00:00.000000,2026-08-27T05:17:09.287600+00:00,D:/D drive recovery/Shiva JH/Projects/OneLake Medallion/data/landing/_reference/geolocation.parquet,_reference
18025,-23.520480249006216,-47.44649732938174,sorocaba,SP,2016-01-01 00:00:00.000000,2026-08-27T05:17:09.287600+00:00,D:/D drive recovery/Shiva JH/Projects/OneLake Medallion/data/landing/_reference/geolocation.parquet,_reference
19600,-22.228424054343822,-50.90428896994729,rancharia,SP,2016-01-01 00:00:00.000000,2026-08-27T05:17:09.287600+00:00,D:/D drive recovery/Shiva JH/Projects/OneLake Medallion/data/landing/_reference/geolocation.parquet,_reference
19814,-22.64961538190318,-50.406862966414685,assis,SP,2016-01-01 00:00:00.000000,2026-08-27T05:17:09.287600+00:00,D:/D drive recovery/Shiva JH/Projects/OneLake Medallion/data/landing/_reference/geolocation.parquet,_reference
20751,-22.886944522072778,-43.30459252553521,rio de janeiro,RJ,2016-01-01 00:00:00.000000,2026-08-27T05:17:09.287600+00:00,D:/D drive recovery/Shiva JH/Projects/OneLake Medallion/data/landing/_reference/geolocation.parquet,_reference
22030,-22.968219049397007,-43.18823673772285,rio de janeiro,RJ,2016-01-01 00:00:00.000000,2026-08-27T05:17:09.287600+00:00,D:/D drive recovery/Shiva JH/Projects/OneLake Medallion/data/landing/_reference/geolocation.parquet,_reference
22210,-22.92711498029316,-43.17362973258698,rio de janeiro,RJ,2016-01-01 00:00:00.000000,2026-08-27T05:17:09.287600+00:00,D:/D drive recovery/Shiva JH/Projects/OneLake Medallion/data/landing/_reference/geolocation.parquet,_reference
22280,-22.950922714957603,-43.18739520231989,rio de janeiro,RJ,2016-01-01 00:00:00.000000,2026-08-27T05:17:09.287600+00:00,D:/D drive recovery/Shiva JH/Projects/OneLake Medallion/data/landing/_reference/geolocation.parquet,_reference
24220,-22.90303661616358,-43.11537275477531,niteroi,RJ,2016-01-01 00:00:00.000000,2026-08-27T05:17:09.287600+00:00,D:/D drive recovery/Shiva JH/Projects/OneLake Medallion/data/landing/_reference/geolocation.parquet,_reference
12570,-22.851929577501,-45.23031074613782,aparecida,SP,2016-01-01 00:00:00.000000,2026-08-27T05:17:09.287600+00:00,D:/D drive recovery/Shiva JH/Projects/OneLake Medallion/data/landing/_reference/geolocation.parquet,_reference
12940,-23.112774381969185,-46.5488845105504,atibaia,SP,2016-01-01 00:00:00.000000,2026-08-27T05:17:09.287600+00:00,D:/D drive recovery/Shiva JH/Projects/OneLake Medallion/data/landing/_reference/geolocation.parquet,_reference
13030,-22.92991227115403,-47.07189552530681,campinas,SP,2016-01-01 00:00:00.000000,2026-08-27T05:17:09.287600+00:00,D:/D drive recovery/Shiva JH/Projects/OneLake Medallion/data/landing/_reference/geolocation.parquet,_reference
13186,-22.887514996879027,-47.19573904628551,hortolandia,SP,2016-01-01 00:00:00.000000,2026-08-27T05:17:09.287600+00:00,D:/D drive recovery/Shiva JH/Projects/OneLake Medallion/data/landing/_reference/geolocation.parquet,_reference
13215,-23.17589664637174,-46.886594495206815,jundiai,SP,2016-01-01 00:00:00.000000,2026-08-27T05:17:09.287600+00:00,D:/D drive recovery/Shiva JH/Projects/OneLake Medallion/data/landing/_reference/geolocation.parquet,_reference
13330,-23.089034640573622,-47.21441923786709,indaiatuba,SP,2016-01-01 00:00:00.000000,2026-08-27T05:17:09.287600+00:00,D:/D drive recovery/Shiva JH/Projects/OneLake Medallion/data/landing/_reference/geolocation.parquet,_reference
13515,-22.50146285970488,-47.77297461817962,charqueada,SP,2016-01-01 00:00:00.000000,2026-08-27T05:17:09.287600+00:00,D:/D drive recovery/Shiva JH/Projects/OneLake Medallion/data/landing/_reference/geolocation.parquet,_reference
13561,-22.014946613653425,-47.90148946378896,sao carlos,SP,2016-01-01 00:00:00.000000,2026-08-27T05:17:09.287600+00:00,D:/D drive recovery/Shiva JH/Projects/OneLake Medallion/data/landing/_reference/geolocation.parquet,_reference
13660,-21.858555070695942,-47.48403458197557,porto ferreira,SP,2016-01-01 00:00:00.000000,2026-08-27T05:17:09.287600+00:00,D:/D drive recovery/Shiva JH/Projects/OneLake Medallion/data/landing/_reference/geolocation.parquet,_reference
13700,-21.77858754402216,-47.09381672518129,casa branca,SP,2016-01-01 00:00:00.000000,2026-08-27T05:17:09.287600+00:00,D:/D drive recovery/Shiva JH/Projects/OneLake Medallion/data/landing/_reference/geolocation.parquet,_reference
13846,-22.33932197651208,-46.954460413369226,mogi guaçu,SP,2016-01-01 00:00:00.000000,2026-08-27T05:17:09.287600+00:00,D:/D drive recovery/Shiva JH/Projects/OneLake Medallion/data/landing/_reference/geolocation.parquet,_reference
24330,-22.904267576225827,-42.98672219441791,niteroi,RJ,2016-01-01 00:00:00.000000,2026-08-27T05:17:09.287600+00:00,D:/D drive recovery/Shiva JH/Projects/OneLake Medallion/data/landing/_reference/geolocation.parquet,_reference
25973,-22.37411608054528,-43.009649879052816,teresopolis,RJ,2016-01-01 00:00:00.000000,2026-08-27T05:17:09.287600+00:00,D:/D drive recovery/Shiva JH/Projects/OneLake Medallion/data/landing/_reference/geolocation.parquet,_reference
25975,-22.412321627424333,-42.95283099994093,teresopolis,RJ,2016-01-01 00:00:00.000000,2026-08-27T05:17:09.287600+00:00,D:/D drive recovery/Shiva JH/Projects/OneLake Medallion/data/landing/_reference/geolocation.parquet,_reference
26545,-22.816023900276488,-43.40551886477415,nilopolis,RJ,2016-01-01 00:00:00.000000,2026-08-27T05:17:09.287600+00:00,D:/D drive recovery/Shiva JH/Projects/OneLake Medallion/data/landing/_reference/geolocation.parquet,_reference
26562,-22.767224960596728,-43.424453496437685,mesquita,RJ,2016-01-01 00:00:00.000000,2026-08-27T05:17:09.287600+00:00,D:/D drive recovery/Shiva JH/Projects/OneLake Medallion/data/landing/_reference/geolocation.parquet,_reference
28030,-21.759390492804982,-41.33723391477138,campos dos goytacazes,RJ,2016-01-01 00:00:00.000000,2026-08-27T05:17:09.287600+00:00,D:/D drive recovery/Shiva JH/Projects/OneLake Medallion/data/landing/_reference/geolocation.parquet,_reference
28540,-22.02458009174551,-42.36284244106788,cordeiro,RJ,2016-01-01 00:00:00.000000,2026-08-27T05:17:09.287600+00:00,D:/D drive recovery/Shiva JH/Projects/OneLake Medallion/data/landing/_reference/geolocation.parquet,_reference
29026,-20.304757300017386,-40.35246211558666,vitoria,ES,2016-01-01 00:00:00.000000,2026-08-27T05:17:09.287600+00:00,D:/D drive recovery/Shiva JH/Projects/OneLake Medallion/data/landing/_reference/geolocation.parquet,_reference
29055,-20.296512281724183,-40.29620870064644,vitoria,ES,2016-01-01 00:00:00.000000,2026-08-27T05:17:09.287600+00:00,D:/D drive recovery/Shiva JH/Projects/OneLake Medallion/data/landing/_reference/geolocation.parquet,_reference
29161,-20.234324999999945,-40.27391449999996,serra,ES,2016-01-01 00:00:00.000000,2026-08-27T05:17:09.287600+00:00,D:/D drive recovery/Shiva JH/Projects/OneLake Medallion/data/landing/_reference/geolocation.parquet,_reference
29216,-20.657012779234822,-40.494091387672256,guarapari,ES,2016-01-01 00:00:00.000000,2026-08-27T05:17:09.287600+00:00,D:/D drive recovery/Shiva JH/Projects/OneLake Medallion/data/landing/_reference/geolocation.parquet,_reference
30692,-19.981843055786783,-44.056511561047486,belo horizonte,MG,2016-01-01 00:00:00.000000,2026-08-27T05:17:09.287600+00:00,D:/D drive recovery/Shiva JH/Projects/OneLake Medallion/data/landing/_reference/geolocation.parquet,_reference
31840,-19.8395943624848,-43.93112738467313,belo horizonte,MG,2016-01-01 00:00:00.000000,2026-08-27T05:17:09.287600+00:00,D:/D drive recovery/Shiva JH/Projects/OneLake Medallion/data/landing/_reference/geolocation.parquet,_reference
31990,-19.854201939494487,-43.89206198320736,belo horizonte,MG,2016-01-01 00:00:00.000000,2026-08-27T05:17:09.287600+00:00,D:/D drive recovery/Shiva JH/Projects/OneLake Medallion/data/landing/_reference/geolocation.parquet,_reference
34300,-20.08063438153295,-43.79069303328807,rio acima,MG,2016-01-01 00:00:00.000000,2026-08-27T05:17:09.287600+00:00,D:/D drive recovery/Shiva JH/Projects/OneLake Medallion/data/landing/_reference/geolocation.parquet,_reference
35460,-20.198222315762948,-44.00961734339785,brumadinho,MG,2016-01-01 00:00:00.000000,2026-08-27T05:17:09.287600+00:00,D:/D drive recovery/Shiva JH/Projects/OneLake Medallion/data/landing/_reference/geolocation.parquet,_reference
11750,-24.30942886354128,-46.991091315656,peruibe,SP,2016-01-01 00:00:00.000000,2026-08-27T05:17:09.287600+00:00,D:/D drive recovery/Shiva JH/Projects/OneLake Medallion/data/landing/_reference/geolocation.parquet,_reference
13056,-22.98722237101393,-47.151072819246686,campinas,SP,2016-01-01 00:00:00.000000,2026-08-27T05:17:09.287600+00:00,D:/D drive recovery/Shiva JH/Projects/OneLake Medallion/data/landing/_reference/geolocation.parquet,_reference
13172,-22.814155269616304,-47.28249453803813,sumare,SP,2016-01-01 00:00:00.000000,2026-08-27T05:17:09.287600+00:00,D:/D drive recovery/Shiva JH/Projects/OneLake Medallion/data/landing/_reference/geolocation.parquet,_reference
13320,-23.198860047870664,-47.29334560811024,salto,SP,2016-01-01 00:00:00.000000,2026-08-27T05:17:09.287600+00:00,D:/D drive recovery/Shiva JH/Projects/OneLake Medallion/data/landing/_reference/geolocation.parquet,_reference
13336,-23.070896172629727,-47.19852166042471,indaiatuba,SP,2016-01-01 00:00:00.000000,2026-08-27T05:17:09.287600+00:00,D:/D drive recovery/Shiva JH/Projects/OneLake Medallion/data/landing/_reference/geolocation.parquet,_reference
13401,-22.75658158673322,-47.6511707514571,piracicaba,SP,2016-01-01 00:00:00.000000,2026-08-27T05:17:09.287600+00:00,D:/D drive recovery/Shiva JH/Projects/OneLake Medallion/data/landing/_reference/geolocation.parquet,_reference
13481,-22.599254430886607,-47.37980963550319,limeira,SP,2016-01-01 00:00:00.000000,2026-08-27T05:17:09.287600+00:00,D:/D drive recovery/Shiva JH/Projects/OneLake Medallion/data/landing/_reference/geolocation.parquet,_reference
13670,-21.69177606516385,-47.47882812541438,santa rita do passa quatro,SP,2016-01-01 00:00:00.000000,2026-08-27T05:17:09.287600+00:00,D:/D drive recovery/Shiva JH/Projects/OneLake Medallion/data/landing/_reference/geolocation.parquet,_reference
14093,-21.188237520138365,-47.75564477528397,ribeirão preto,SP,2016-01-01 00:00:00.000000,2026-08-27T05:17:09.287600+00:00,D:/D drive recovery/Shiva JH/Projects/OneLake Medallion/data/landing/_reference/geolocation.parquet,_reference
14161,-21.122616446852085,-47.9989569708581,sertãozinho,SP,2016-01-01 00:00:00.000000,2026-08-27T05:17:09.287600+00:00,D:/D drive recovery/Shiva JH/Projects/OneLake Medallion/data/landing/_reference/geolocation.parquet,_reference
15015,-20.81389692851913,-49.38766013140557,sao jose do rio preto,SP,2016-01-01 00:00:00.000000,2026-08-27T05:17:09.287600+00:00,D:/D drive recovery/Shiva JH/Projects/OneLake Medallion/data/landing/_reference/geolocation.parquet,_reference
22630,-23.010698995411467,-43.33245982226944,rio de janeiro,RJ,2016-01-01 00:00:00.000000,2026-08-27T05:17:09.287600+00:00,D:/D drive recovery/Shiva JH/Projects/OneLake Medallion/data/landing/_reference/geolocation.parquet,_reference
22713,-22.921789659160257,-43.39783693094378,rio de janeiro,RJ,2016-01-01 00:00:00.000000,2026-08-27T05:17:09.287600+00:00,D:/D drive recovery/Shiva JH/Projects/OneLake Medallion/data/landing/_reference/geolocation.parquet,_reference
22783,-22.99280667740874,-43.44828652055829,rio de janeiro,RJ,2016-01-01 00:00:00.000000,2026-08-27T05:17:09.287600+00:00,D:/D drive recovery/Shiva JH/Projects/OneLake Medallion/data/landing/_reference/geolocation.parquet,_reference
22795,-23.026044731317555,-43.46104142146108,rio de janeiro,RJ,2016-01-01 00:00:00.000000,2026-08-27T05:17:09.287600+00:00,D:/D drive recovery/Shiva JH/Projects/OneLake Medallion/data/landing/_reference/geolocation.parquet,_reference
24935,-22.950843231750724,-42.96230078206926,marica,RJ,2016-01-01 00:00:00.000000,2026-08-27T05:17:09.287600+00:00,D:/D drive recovery/Shiva JH/Projects/OneLake Medallion/data/landing/_reference/geolocation.parquet,_reference
25010,-22.785786192374086,-43.316144229981525,duque de caxias,RJ,2016-01-01 00:00:00.000000,2026-08-27T05:17:09.287600+00:00,D:/D drive recovery/Shiva JH/Projects/OneLake Medallion/data/landing/_reference/geolocation.parquet,_reference
25555,-22.775863110175877,-43.362487148492974,sao joao de meriti,RJ,2016-01-01 00:00:00.000000,2026-08-27T05:17:09.287600+00:00,D:/D drive recovery/Shiva JH/Projects/OneLake Medallion/data/landing/_reference/geolocation.parquet,_reference
26120,-22.742235199560103,-43.40261101046788,belford roxo,RJ,2016-01-01 00:00:00.000000,2026-08-27T05:17:09.287600+00:00,D:/D drive recovery/Shiva JH/Projects/OneLake Medallion/data/landing/_reference/geolocation.parquet,_reference
27910,-22.37333917216797,-41.78264909681508,macae,RJ,2016-01-01 00:00:00.000000,2026-08-27T05:17:09.287600+00:00,D:/D drive recovery/Shiva JH/Projects/OneLake Medallion/data/landing/_reference/geolocation.parquet,_reference
13570,-22.027544360745257,-47.890386967072615,sao carlos,SP,2016-01-01 00:00:00.000000,2026-08-27T05:17:09.287600+00:00,D:/D drive recovery/Shiva JH/Projects/OneLake Medallion/data/landing/_reference/geolocation.parquet,_reference
14075,-21.152969235356927,-47.77227625506376,ribeirao preto,SP,2016-01-01 00:00:00.000000,2026-08-27T05:17:09.287600+00:00,D:/D drive recovery/Shiva JH/Projects/OneLake Medallion/data/landing/_reference/geolocation.parquet,_reference
14096,-21.197994153181128,-47.779317275572765,ribeirao preto,SP,2016-01-01 00:00:00.000000,2026-08-27T05:17:09.287600+00:00,D:/D drive recovery/Shiva JH/Projects/OneLake Medallion/data/landing/_reference/geolocation.parquet,_reference
14312,-20.916468353698388,-47.574216767527176,batatais,SP,2016-01-01 00:00:00.000000,2026-08-27T05:17:09.287600+00:00,D:/D drive recovery/Shiva JH/Projects/OneLake Medallion/data/landing/_reference/geolocation.parquet,_reference
15025,-20.80243626346376,-49.39562406741489,sao jose do rio preto,SP,2016-01-01 00:00:00.000000,2026-08-27T05:17:09.287600+00:00,D:/D drive recovery/Shiva JH/Projects/OneLake Medallion/data/landing/_reference/geolocation.parquet,_reference
15704,-20.27939929861524,-50.5535315563023,jales,SP,2016-01-01 00:00:00.000000,2026-08-27T05:17:09.287600+00:00,D:/D drive recovery/Shiva JH/Projects/OneLake Medallion/data/landing/_reference/geolocation.parquet,_reference
17032,-22.32817929115924,-49.02886625465973,bauru,SP,2016-01-01 00:00:00.000000,2026-08-27T05:17:09.287600+00:00,D:/D drive recovery/Shiva JH/Projects/OneLake Medallion/data/landing/_reference/geolocation.parquet,_reference
17340,-22.486085526661206,-48.547449669138985,barra bonita,SP,2016-01-01 00:00:00.000000,2026-08-27T05:17:09.287600+00:00,D:/D drive recovery/Shiva JH/Projects/OneLake Medallion/data/landing/_reference/geolocation.parquet,_reference
18087,-23.442173999999994,-47.45493449999999,sorocaba,SP,2016-01-01 00:00:00.000000,2026-08-27T05:17:09.287600+00:00,D:/D drive recovery/Shiva JH/Projects/OneLake Medallion/data/landing/_reference/geolocation.parquet,_reference
18405,-23.996337983635467,-48.87768228538961,itapeva,SP,2016-01-01 00:00:00.000000,2026-08-27T05:17:09.287600+00:00,D:/D drive recovery/Shiva JH/Projects/OneLake Medallion/data/landing/_reference/geolocation.parquet,_reference
18608,-22.86981926481748,-48.45696374622915,botucatu,SP,2016-01-01 00:00:00.000000,2026-08-27T05:17:09.287600+00:00,D:/D drive recovery/Shiva JH/Projects/OneLake Medallion/data/landing/_reference/geolocation.parquet,_reference
18950,-23.05035208242116,-49.62755542394423,ipaussu,SP,2016-01-01 00:00:00.000000,2026-08-27T05:17:09.287600+00:00,D:/D drive recovery/Shiva JH/Projects/OneLake Medallion/data/landing/_reference/geolocation.parquet,_reference
22071,-22.97891413015762,-43.19043519525077,rio de janeiro,RJ,2016-01-01 00:00:00.000000,2026-08-27T05:17:09.287600+00:00,D:/D drive recovery/Shiva JH/Projects/OneLake Medallion/data/landing/_reference/geolocation.parquet,_reference
05508,-23.557510348093,-46.71974431708465,sao paulo,SP,2016-01-01 00:00:00.000000,2026-08-27T05:17:09.287600+00:00,D:/D drive recovery/Shiva JH/Projects/OneLake Medallion/data/landing/_reference/geolocation.parquet,_reference
05616,-23.587259951151253,-46.71949672370017,sao paulo,SP,2016-01-01 00:00:00.000000,2026-08-27T05:17:09.287600+00:00,D:/D drive recovery/Shiva JH/Projects/OneLake Medallion/data/landing/_reference/geolocation.parquet,_reference
05625,-23.591119945322877,-46.72995539425242,sao paulo,SP,2016-01-01 00:00:00.000000,2026-08-27T05:17:09.287600+00:00,D:/D drive recovery/Shiva JH/Projects/OneLake Medallion/data/landing/_reference/geolocation.parquet,_reference
05851,-23.664030171244736,-46.75469776617227,são paulo,SP,2016-01-01 00:00:00.000000,2026-08-27T05:17:09.287600+00:00,D:/D drive recovery/Shiva JH/Projects/OneLake Medallion/data/landing/_reference/geolocation.parquet,_reference
06335,-23.55538763473883,-46.832113876630885,carapicuiba,SP,2016-01-01 00:00:00.000000,2026-08-27T05:17:09.287600+00:00,D:/D drive recovery/Shiva JH/Projects/OneLake Medallion/data/landing/_reference/geolocation.parquet,_reference
06343,-23.57508392820808,-46.82691514956905,carapicuiba,SP,2016-01-01 00:00:00.000000,2026-08-27T05:17:09.287600+00:00,D:/D drive recovery/Shiva JH/Projects/OneLake Medallion/data/landing/_reference/geolocation.parquet,_reference
06365,-23.548007803126943,-46.8485750585056,carapicuiba,SP,2016-01-01 00:00:00.000000,2026-08-27T05:17:09.287600+00:00,D:/D drive recovery/Shiva JH/Projects/OneLake Medallion/data/landing/_reference/geolocation.parquet,_reference
06717,-23.6051651312828,-46.92504614654623,cotia,SP,2016-01-01 00:00:00.000000,2026-08-27T05:17:09.287600+00:00,D:/D drive recovery/Shiva JH/Projects/OneLake Medallion/data/landing/_reference/geolocation.parquet,_reference
06803,-23.64698286895065,-46.8457050644261,embu das artes,SP,2016-01-01 00:00:00.000000,2026-08-27T05:17:09.287600+00:00,D:/D drive recovery/Shiva JH/Projects/OneLake Medallion/data/landing/_reference/geolocation.parquet,_reference
07194,-23.44221407576895,-46.51078008604074,guarulhos,SP,2016-01-01 00:00:00.000000,2026-08-27T05:17:09.287600+00:00,D:/D drive recovery/Shiva JH/Projects/OneLake Medallion/data/landing/_reference/geolocation.parquet,_reference
07197,-23.46307610751172,-46.51553610303015,guarulhos,SP,2016-01-01 00:00:00.000000,2026-08-27T05:17:09.287600+00:00,D:/D drive recovery/Shiva JH/Projects/OneLake Medallion/data/landing/_reference/geolocation.parquet,_reference
08180,-23.48770416180969,-46.41534043450283,sao paulo,SP,2016-01-01 00:00:00.000000,2026-08-27T05:17:09.287600+00:00,D:/D drive recovery/Shiva JH/Projects/OneLake Medallion/data/landing/_reference/geolocation.parquet,_reference
09015,-23.665703457960586,-46.51808196779969,santo andre,SP,2016-01-01 00:00:00.000000,2026-08-27T05:17:09.287600+00:00,D:/D drive recovery/Shiva JH/Projects/OneLake Medallion/data/landing/_reference/geolocation.parquet,_reference
09171,-23.70007597807146,-46.512702481822366,santo andre,SP,2016-01-01 00:00:00.000000,2026-08-27T05:17:09.287600+00:00,D:/D drive recovery/Shiva JH/Projects/OneLake Medallion/data/landing/_reference/geolocation.parquet,_reference
09251,-23.63036454454957,-46.5101659848808,santo andre,SP,2016-01-01 00:00:00.000000,2026-08-27T05:17:09.287600+00:00,D:/D drive recovery/Shiva JH/Projects/OneLake Medallion/data/landing/_reference/geolocation.parquet,_reference
09336,-23.66059709602405,-46.41047751569612,maua,SP,2016-01-01 00:00:00.000000,2026-08-27T05:17:09.287600+00:00,D:/D drive recovery/Shiva JH/Projects/OneLake Medallion/data/landing/_reference/geolocation.parquet,_reference
09350,-23.68154435997463,-46.44305457285475,mauá,SP,2016-01-01 00:00:00.000000,2026-08-27T05:17:09.287600+00:00,D:/D drive recovery/Shiva JH/Projects/OneLake Medallion/data/landing/_reference/geolocation.parquet,_reference
13420,-22.74098779744896,-47.60706025967849,piracicaba,SP,2016-01-01 00:00:00.000000,2026-08-27T05:17:09.287600+00:00,D:/D drive recovery/Shiva JH/Projects/OneLake Medallion/data/landing/_reference/geolocation.parquet,_reference
13940,-22.47745636162787,-46.63246689302295,aguas de lindoia,SP,2016-01-01 00:00:00.000000,2026-08-27T05:17:09.287600+00:00,D:/D drive recovery/Shiva JH/Projects/OneLake Medallion/data/landing/_reference/geolocation.parquet,_reference
14021,-21.21227916180968,-47.78815176242136,ribeirao preto,SP,2016-01-01 00:00:00.000000,2026-08-27T05:17:09.287600+00:00,D:/D drive recovery/Shiva JH/Projects/OneLake Medallion/data/landing/_reference/geolocation.parquet,_reference
14090,-21.1774515925616,-47.79583295337295,ribeirao preto,SP,2016-01-01 00:00:00.000000,2026-08-27T05:17:09.287600+00:00,D:/D drive recovery/Shiva JH/Projects/OneLake Medallion/data/landing/_reference/geolocation.parquet,_reference
14092,-21.17879415048099,-47.77649663881969,ribeirao preto,SP,2016-01-01 00:00:00.000000,2026-08-27T05:17:09.287600+00:00,D:/D drive recovery/Shiva JH/Projects/OneLake Medallion/data/landing/_reference/geolocation.parquet,_reference
14177,-21.12270565823476,-48.0135887254543,sertaozinho,SP,2016-01-01 00:00:00.000000,2026-08-27T05:17:09.287600+00:00,D:/D drive recovery/Shiva JH/Projects/OneLake Medallion/data/landing/_reference/geolocation.parquet,_reference
14315,-20.90094932674236,-47.58906832178506,batatais,SP,2016-01-01 00:00:00.000000,2026-08-27T05:17:09.287600+00:00,D:/D drive recovery/Shiva JH/Projects/OneLake Medallion/data/landing/_reference/geolocation.parquet,_reference
14802,-21.760806096824155,-48.17228519205648,araraquara,SP,2016-01-01 00:00:00.000000,2026-08-27T05:17:09.287600+00:00,D:/D drive recovery/Shiva JH/Projects/OneLake Medallion/data/landing/_reference/geolocation.parquet,_reference
16050,-21.18803252207277,-50.44254258090484,aracatuba,SP,2016-01-01 00:00:00.000000,2026-08-27T05:17:09.287600+00:00,D:/D drive recovery/Shiva JH/Projects/OneLake Medallion/data/landing/_reference/geolocation.parquet,_reference
16200,-21.301705697260985,-50.33198634467411,birigui,SP,2016-01-01 00:00:00.000000,2026-08-27T05:17:09.287600+00:00,D:/D drive recovery/Shiva JH/Projects/OneLake Medallion/data/landing/_reference/geolocation.parquet,_reference
17026,-22.296469236850484,-49.03471065377948,bauru,SP,2016-01-01 00:00:00.000000,2026-08-27T05:17:09.287600+00:00,D:/D drive recovery/Shiva JH/Projects/OneLake Medallion/data/landing/_reference/geolocation.parquet,_reference
18017,-23.48556224400477,-47.41360120274452,sorocaba,SP,2016-01-01 00:00:00.000000,2026-08-27T05:17:09.287600+00:00,D:/D drive recovery/Shiva JH/Projects/OneLake Medallion/data/landing/_reference/geolocation.parquet,_reference
