order_id,order_item_id,product_id,seller_id,shipping_limit_date,price,freight_value,order_date,updated_at,_ingested_at,_source_file,_batch_id
93c781a8790c89bac596f6ff7d924c73,1,333789d98505fa09e6e270b62360996e,b499c00f28f4b7069ff6550af8c1348a,2018-07-09 10:30:51,69.99,23.29,2018-07-03,2018-07-09 10:30:51.000000,2026-08-27T05:19:08.521759+00:00,D:/D drive recovery/Shiva JH/Projects/OneLake Medallion/data/landing/2018-07-03/order_items.parquet,2018-07-03
ceb435f46d86d2fb2890334c4862315a,1,b1b79859f1babe1145fdd1b24eabb217,6b243f80ed07b10f0e8aa0f21a205f3c,2018-07-09 20:31:36,29.9,18.31,2018-07-03,2018-07-09 20:31:36.000000,2026-08-27T05:19:08.521759+00:00,D:/D drive recovery/Shiva JH/Projects/OneLake Medallion/data/landing/2018-07-03/order_items.parquet,2018-07-03
03798f08af4c622b81b2c8f46c8bfba9,1,7b31b39ebebeb8282009c48e5587b1d0,7a67c85e85bb2ce8582c35f2203ad736,2018-07-27 15:30:11,89.99,42.91,2018-07-25,2018-07-27 15:30:11.000000,2026-08-27T05:22:25.619517+00:00,D:/D drive recovery/Shiva JH/Projects/OneLake Medallion/data/landing/2018-07-25/order_items.parquet,2018-07-25
07bcb0695fd4e3121e2fae21fbef3d28,1,af8acb9fc1592c0d00bf5b8a3d43e8e9,b19f3ca2ea475913750f25a5c37c8d8f,2018-08-06 14:55:10,125.9,16.19,2018-07-25,2018-08-06 14:55:10.000000,2026-08-27T05:22:25.619517+00:00,D:/D drive recovery/Shiva JH/Projects/OneLake Medallion/data/landing/2018-07-25/order_items.parquet,2018-07-25
0ec4af8420f96af137f9b52194956497,1,f15c46e2da924b1fc76fe638911262bc,522620dcb18a6b31cd7bdf73665113a9,2018-08-01 09:05:13,369.0,16.88,2018-07-25,2018-08-01 09:05:13.000000,2026-08-27T05:22:25.619517+00:00,D:/D drive recovery/Shiva JH/Projects/OneLake Medallion/data/landing/2018-07-25/order_items.parquet,2018-07-25
1fb291320c9a5276869ee9f50fe885e2,1,e6a09abfe91b8e27c7fe22aac84dc333,9f505651f4a6abe901a56cdc21508025,2018-07-30 18:44:25,54.99,18.19,2018-07-25,2018-07-30 18:44:25.000000,2026-08-27T05:22:25.619517+00:00,D:/D drive recovery/Shiva JH/Projects/OneLake Medallion/data/landing/2018-07-25/order_items.parquet,2018-07-25
2d7259ea0267605a75c5d2a55c1470bd,1,55b71bf300a2765a382eaec566df531f,54a1852d1b8f10312c55e906355666ee,2018-08-01 20:04:38,79.99,9.31,2018-07-25,2018-08-01 20:04:38.000000,2026-08-27T05:22:25.619517+00:00,D:/D drive recovery/Shiva JH/Projects/OneLake Medallion/data/landing/2018-07-25/order_items.parquet,2018-07-25
2d9196aaddb5713a576a0f4acdf102a0,1,d017a2151d543a9885604dc62a3d9dcc,6560211a19b47992c3666cc44a7e94c0,2018-07-29 21:24:49,49.0,7.6,2018-07-25,2018-07-29 21:24:49.000000,2026-08-27T05:22:25.619517+00:00,D:/D drive recovery/Shiva JH/Projects/OneLake Medallion/data/landing/2018-07-25/order_items.parquet,2018-07-25
525e92612e912b7ee6e24ae17bb4a79f,1,9da950e8c8c482441f1b93955b21c827,ceaec5548eefc6e23e6607c5435102e7,2018-07-30 20:55:20,209.99,25.82,2018-07-25,2018-07-30 20:55:20.000000,2026-08-27T05:22:25.619517+00:00,D:/D drive recovery/Shiva JH/Projects/OneLake Medallion/data/landing/2018-07-25/order_items.parquet,2018-07-25
5a6566ca1aa7d313e6a34e0443e32ba1,1,1dce3fd38c13a3e74fe5000f33858442,72c5da29406b4234927b81855e7b64f6,2018-07-30 03:25:14,229.99,43.89,2018-07-25,2018-07-30 03:25:14.000000,2026-08-27T05:22:25.619517+00:00,D:/D drive recovery/Shiva JH/Projects/OneLake Medallion/data/landing/2018-07-25/order_items.parquet,2018-07-25
88df6b44c27501b5e7af076d193440dd,1,88a3a882d28c386d79c18ac2141eaea1,8160255418d5aaa7dbdc9f4c64ebda44,2018-07-30 14:35:20,89.9,23.43,2018-07-25,2018-07-30 14:35:20.000000,2026-08-27T05:22:25.619517+00:00,D:/D drive recovery/Shiva JH/Projects/OneLake Medallion/data/landing/2018-07-25/order_items.parquet,2018-07-25
8eca0ff73474c8c18f8daa7603c1cff7,1,44a36ac829dfa2dace1d880985b71344,276677b5d08786d5dce7c2149dcce48b,2018-07-30 07:35:17,19.9,13.48,2018-07-25,2018-07-30 07:35:17.000000,2026-08-27T05:22:25.619517+00:00,D:/D drive recovery/Shiva JH/Projects/OneLake Medallion/data/landing/2018-07-25/order_items.parquet,2018-07-25
2b2354a7ca69d0b7f006aeab04524c12,1,52b61d8fa6874704f2c8e96ea62d5535,094ced053e257ae8cae57205592d6712,2018-07-12 10:05:26,58.9,18.51,2018-07-08,2018-07-12 10:05:26.000000,2026-08-27T05:19:49.478351+00:00,D:/D drive recovery/Shiva JH/Projects/OneLake Medallion/data/landing/2018-07-08/order_items.parquet,2018-07-08
99d63f07f1159c807e4175e692a8a815,1,49466a763c580ece2f646db1e2f5b47a,ff4e2d38692ce827b1a4f4b8196e680d,2018-07-16 08:35:24,69.9,23.64,2018-07-08,2018-07-16 08:35:24.000000,2026-08-27T05:19:49.478351+00:00,D:/D drive recovery/Shiva JH/Projects/OneLake Medallion/data/landing/2018-07-08/order_items.parquet,2018-07-08
13188f2e3cfdae1480d1552e58d19d7d,1,38db388d2fc1b20662fcfd3f38b0be28,f125f3a310c2e5f822d116147de1e474,2018-07-27 02:44:22,151.3,12.08,2018-07-24,2018-07-27 02:44:22.000000,2026-08-27T05:22:12.203093+00:00,D:/D drive recovery/Shiva JH/Projects/OneLake Medallion/data/landing/2018-07-24/order_items.parquet,2018-07-24
275b46c1b462043f24768a0b168bc654,1,f15001dbfd82abd749d8a0b104c367ed,855668e0971d4dfd7bef1b6a4133b41b,2018-08-03 11:32:28,15.0,7.39,2018-07-24,2018-08-03 11:32:28.000000,2026-08-27T05:22:12.203093+00:00,D:/D drive recovery/Shiva JH/Projects/OneLake Medallion/data/landing/2018-07-24/order_items.parquet,2018-07-24
2af1664ed08d6f1bc9b2c0e743cafded,1,e3e6b07f8e08fc8862ab0fcaf76dbde4,8648b1e89e9b349e32d3741b30ec737e,2018-07-26 13:30:10,54.5,13.04,2018-07-24,2018-07-26 13:30:10.000000,2026-08-27T05:22:12.203093+00:00,D:/D drive recovery/Shiva JH/Projects/OneLake Medallion/data/landing/2018-07-24/order_items.parquet,2018-07-24
e299d0b6b42a62df652195edf2b551da,1,eccec1984cb1d214cc91f3168b113958,6560211a19b47992c3666cc44a7e94c0,2018-07-26 11:31:54,69.0,22.41,2018-07-24,2018-07-26 11:31:54.000000,2026-08-27T05:22:12.203093+00:00,D:/D drive recovery/Shiva JH/Projects/OneLake Medallion/data/landing/2018-07-24/order_items.parquet,2018-07-24
e299d0b6b42a62df652195edf2b551da,2,eccec1984cb1d214cc91f3168b113958,6560211a19b47992c3666cc44a7e94c0,2018-07-26 11:31:54,69.0,22.41,2018-07-24,2018-07-26 11:31:54.000000,2026-08-27T05:22:12.203093+00:00,D:/D drive recovery/Shiva JH/Projects/OneLake Medallion/data/landing/2018-07-24/order_items.parquet,2018-07-24
37c647851a4d30342bc4dd9ec8c95861,1,b0961721fd839e9982420e807758a2a6,1f50f920176fa81dab994f9023523100,2018-07-04 00:49:57,49.9,41.33,2018-07-01,2018-07-04 00:49:57.000000,2026-08-27T05:18:50.393518+00:00,D:/D drive recovery/Shiva JH/Projects/OneLake Medallion/data/landing/2018-07-01/order_items.parquet,2018-07-01
37c647851a4d30342bc4dd9ec8c95861,2,b0961721fd839e9982420e807758a2a6,1f50f920176fa81dab994f9023523100,2018-07-04 00:49:57,49.9,41.33,2018-07-01,2018-07-04 00:49:57.000000,2026-08-27T05:18:50.393518+00:00,D:/D drive recovery/Shiva JH/Projects/OneLake Medallion/data/landing/2018-07-01/order_items.parquet,2018-07-01
a6ecc5068e6e585b2dca3e496ba4b277,1,0e2d365a247d105fefc31b17ab8706d9,289cdb325fb7e7f891c38608bf9e0962,2018-07-17 14:50:16,132.2,19.03,2018-07-13,2018-07-17 14:50:16.000000,2026-08-27T05:20:36.199400+00:00,D:/D drive recovery/Shiva JH/Projects/OneLake Medallion/data/landing/2018-07-13/order_items.parquet,2018-07-13
e15c6296371161f7eabd6ce8335b5b51,1,0c85b3e0748fdc1a15f227525d317821,ba143b05f0110f0dc71ad71b4466ce92,2018-07-18 02:45:09,121.99,22.15,2018-07-13,2018-07-18 02:45:09.000000,2026-08-27T05:20:36.199400+00:00,D:/D drive recovery/Shiva JH/Projects/OneLake Medallion/data/landing/2018-07-13/order_items.parquet,2018-07-13
274f33c3b4d5612a37e3a223a2d9bc5a,1,7a054d17dc450583ed639068a9298afd,1025f0e2d44d7041d6cf58b6550e0bfa,2018-07-24 20:41:41,326.0,85.69,2018-07-17,2018-07-24 20:41:41.000000,2026-08-27T05:21:10.303320+00:00,D:/D drive recovery/Shiva JH/Projects/OneLake Medallion/data/landing/2018-07-17/order_items.parquet,2018-07-17
2dc5825eb69b865a9c9b8fbfa69c340d,1,667eb888c47a21cb0cf296deb4eb57aa,b56906f7fd1696e043f1bcce164c487b,2018-07-23 13:30:15,23.1,12.82,2018-07-17,2018-07-23 13:30:15.000000,2026-08-27T05:21:10.303320+00:00,D:/D drive recovery/Shiva JH/Projects/OneLake Medallion/data/landing/2018-07-17/order_items.parquet,2018-07-17
4faebdf74e934f7b66d8da301d77d774,1,cd48f265a63e13b762601f5f794c5fca,e9779976487b77c6d4ac45f75ec7afe9,2018-07-23 15:05:11,49.49,18.45,2018-07-17,2018-07-23 15:05:11.000000,2026-08-27T05:21:10.303320+00:00,D:/D drive recovery/Shiva JH/Projects/OneLake Medallion/data/landing/2018-07-17/order_items.parquet,2018-07-17
5b514a1a40e8cd51a1f35c2df28da032,1,19c91ef95d509ea33eda93495c4d3481,06a2c3af7b3aee5d69171b0e14f0ee87,2018-07-23 21:05:17,122.99,30.11,2018-07-17,2018-07-23 21:05:17.000000,2026-08-27T05:21:10.303320+00:00,D:/D drive recovery/Shiva JH/Projects/OneLake Medallion/data/landing/2018-07-17/order_items.parquet,2018-07-17
96cf7ecd8c676d61be261ffdda90b008,1,995e25d9b46dee183004994645768d95,955fee9216a65b617aa5c0531780ce60,2018-07-20 02:41:51,39.0,8.43,2018-07-17,2018-07-20 02:41:51.000000,2026-08-27T05:21:10.303320+00:00,D:/D drive recovery/Shiva JH/Projects/OneLake Medallion/data/landing/2018-07-17/order_items.parquet,2018-07-17
98546163385352e1876cead1613db3d1,1,0b814a3c8fa6dbb849df7c28c1bd6831,3ade81dab5a172b88e1871c28ae05260,2018-08-02 19:45:15,169.0,87.77,2018-07-28,2018-08-02 19:45:15.000000,2026-08-27T05:22:53.299498+00:00,D:/D drive recovery/Shiva JH/Projects/OneLake Medallion/data/landing/2018-07-28/order_items.parquet,2018-07-28
a6288025a106ed8a4db8010e42d44577,1,4a25d757ff72fad7534f478c90be77e6,92eb0f42c21942b6552362b9b114707d,2018-08-08 18:45:19,12.67,19.04,2018-07-28,2018-08-08 18:45:19.000000,2026-08-27T05:22:53.299498+00:00,D:/D drive recovery/Shiva JH/Projects/OneLake Medallion/data/landing/2018-07-28/order_items.parquet,2018-07-28
ebd7da4bdaffcf5891595b0f78707bba,1,ec5b3c8bb77ad22278f6e9d719a83de3,4a3ca9315b744ce9f8e9374361493884,2018-07-31 14:55:17,12.9,19.32,2018-07-28,2018-07-31 14:55:17.000000,2026-08-27T05:22:53.299498+00:00,D:/D drive recovery/Shiva JH/Projects/OneLake Medallion/data/landing/2018-07-28/order_items.parquet,2018-07-28
17d0317e0d3f083fa6f59927059e98b3,1,cd3be6f2b54a7e252f5283ad7c26970d,e067ad2c1c0b48758eb1b5228bcf7a68,2018-07-30 23:55:11,74.5,7.78,2018-07-20,2018-07-30 23:55:11.000000,2026-08-27T05:21:34.651514+00:00,D:/D drive recovery/Shiva JH/Projects/OneLake Medallion/data/landing/2018-07-20/order_items.parquet,2018-07-20
17d0317e0d3f083fa6f59927059e98b3,2,cd3be6f2b54a7e252f5283ad7c26970d,e067ad2c1c0b48758eb1b5228bcf7a68,2018-07-30 23:55:11,74.5,7.78,2018-07-20,2018-07-30 23:55:11.000000,2026-08-27T05:21:34.651514+00:00,D:/D drive recovery/Shiva JH/Projects/OneLake Medallion/data/landing/2018-07-20/order_items.parquet,2018-07-20
5c4c16f0db1537d3ef9e718f12dde7c4,1,56e04ad5959e2c30a6754d9cc1f098f2,d1ef48b38baca7e831711c4a0aeb398f,2018-07-24 11:05:19,38.6,13.61,2018-07-20,2018-07-24 11:05:19.000000,2026-08-27T05:21:34.651514+00:00,D:/D drive recovery/Shiva JH/Projects/OneLake Medallion/data/landing/2018-07-20/order_items.parquet,2018-07-20
69aca49c98f05af05bec6fa1f87a3059,1,c848bbf7ec73272cce4df7509a71afde,141440cad9341e553f8401c574a2aa38,2018-07-24 13:30:13,119.8,27.79,2018-07-20,2018-07-24 13:30:13.000000,2026-08-27T05:21:34.651514+00:00,D:/D drive recovery/Shiva JH/Projects/OneLake Medallion/data/landing/2018-07-20/order_items.parquet,2018-07-20
934838488a3fc133b3cb9b1f716c5937,1,2028bf1b01cafb2d2b1901fca4083222,cc419e0650a3c5ba77189a1882b7556a,2018-07-26 00:55:21,49.99,18.45,2018-07-20,2018-07-26 00:55:21.000000,2026-08-27T05:21:34.651514+00:00,D:/D drive recovery/Shiva JH/Projects/OneLake Medallion/data/landing/2018-07-20/order_items.parquet,2018-07-20
c89b4f89b285537cd75b46ad90c49a50,1,95c40b993a22463c83beb5c51a03d46c,85d9eb9ddc5d00ca9336a2219c97bb13,2018-08-03 15:25:21,28.9,15.3,2018-07-20,2018-08-03 15:25:21.000000,2026-08-27T05:21:34.651514+00:00,D:/D drive recovery/Shiva JH/Projects/OneLake Medallion/data/landing/2018-07-20/order_items.parquet,2018-07-20
d8bfdbbe1b81198977776595047a0d98,1,8370300e444c4394d3c3f878606a9601,4869f7a5dfa277a7dca6462dcf3b52b2,2018-07-25 14:05:13,288.0,20.12,2018-07-20,2018-07-25 14:05:13.000000,2026-08-27T05:21:34.651514+00:00,D:/D drive recovery/Shiva JH/Projects/OneLake Medallion/data/landing/2018-07-20/order_items.parquet,2018-07-20
30d7af26cb5f8577b5c6a0164dc814c5,1,47488bf996fd46283813059897e71e1e,1992f8fb6b19fcccd97ca819811e7267,2018-08-01 12:55:25,28.8,11.22,2018-07-26,2018-08-01 12:55:25.000000,2026-08-27T05:22:35.058837+00:00,D:/D drive recovery/Shiva JH/Projects/OneLake Medallion/data/landing/2018-07-26/order_items.parquet,2018-07-26
34fa7b125777f2296cee0450560eeeac,1,586767b4866eb690de111248e18d3909,aba1721a889e04decc910aa13b768ef4,2018-07-30 19:30:47,199.0,16.49,2018-07-26,2018-07-30 19:30:47.000000,2026-08-27T05:22:35.058837+00:00,D:/D drive recovery/Shiva JH/Projects/OneLake Medallion/data/landing/2018-07-26/order_items.parquet,2018-07-26
60a7df16f9a8d8f38bd974b8a873167d,1,31b8e7c2a22f3dba5183cc110bdd72f7,7d13fca15225358621be4086e1eb0964,2018-08-06 01:35:10,185.0,13.96,2018-07-26,2018-08-06 01:35:10.000000,2026-08-27T05:22:35.058837+00:00,D:/D drive recovery/Shiva JH/Projects/OneLake Medallion/data/landing/2018-07-26/order_items.parquet,2018-07-26
7c372cacf9e2626dd13cc5277d73c6e3,1,81c6b0f031d89938fce1df449b3b464b,537eb890efff034a88679788b647c564,2018-07-31 02:35:17,18.9,18.23,2018-07-26,2018-07-31 02:35:17.000000,2026-08-27T05:22:35.058837+00:00,D:/D drive recovery/Shiva JH/Projects/OneLake Medallion/data/landing/2018-07-26/order_items.parquet,2018-07-26
936791179c34e3075442addfba1a3089,1,ce582863190cb932e8a7f5515791c11e,c8b0e2b0a7095e5d8219575d5e7e1181,2018-07-31 04:05:17,125.99,9.63,2018-07-26,2018-07-31 04:05:17.000000,2026-08-27T05:22:35.058837+00:00,D:/D drive recovery/Shiva JH/Projects/OneLake Medallion/data/landing/2018-07-26/order_items.parquet,2018-07-26
a49146f414b54879adb68c422428a68e,1,0bbb557651f08b3c732d9836de4d0bc3,cac4c8e7b1ca6252d8f20b2fc1a2e4af,2018-08-03 11:04:35,55.99,27.37,2018-07-26,2018-08-03 11:04:35.000000,2026-08-27T05:22:35.058837+00:00,D:/D drive recovery/Shiva JH/Projects/OneLake Medallion/data/landing/2018-07-26/order_items.parquet,2018-07-26
c5625e0deb904fd1ae3c6c4a3a4a55d5,1,e0fddcd9bdfbff9df8a8228f6a6346d7,77e4abfd739aed9c46480f90f81c0eb4,2018-08-02 02:05:11,119.0,8.41,2018-07-26,2018-08-02 02:05:11.000000,2026-08-27T05:22:35.058837+00:00,D:/D drive recovery/Shiva JH/Projects/OneLake Medallion/data/landing/2018-07-26/order_items.parquet,2018-07-26
c5a136c7cf492a759889d92627006f25,1,7cdd05e9483aff93c2c0a41cceb9b445,d91fb3b7d041e83b64a00a3edfb37e4f,2018-08-01 17:35:22,10.0,7.87,2018-07-26,2018-08-01 17:35:22.000000,2026-08-27T05:22:35.058837+00:00,D:/D drive recovery/Shiva JH/Projects/OneLake Medallion/data/landing/2018-07-26/order_items.parquet,2018-07-26
e42b66326781591510efdca88022604d,1,30674190b5af4d3b447868dff7f6ac61,5c030029b5916fed0986310385ec9009,2018-08-01 22:30:18,260.0,19.14,2018-07-26,2018-08-01 22:30:18.000000,2026-08-27T05:22:35.058837+00:00,D:/D drive recovery/Shiva JH/Projects/OneLake Medallion/data/landing/2018-07-26/order_items.parquet,2018-07-26
e42b66326781591510efdca88022604d,2,30674190b5af4d3b447868dff7f6ac61,5c030029b5916fed0986310385ec9009,2018-08-01 22:30:18,260.0,19.14,2018-07-26,2018-08-01 22:30:18.000000,2026-08-27T05:22:35.058837+00:00,D:/D drive recovery/Shiva JH/Projects/OneLake Medallion/data/landing/2018-07-26/order_items.parquet,2018-07-26
e42b66326781591510efdca88022604d,3,30674190b5af4d3b447868dff7f6ac61,5c030029b5916fed0986310385ec9009,2018-08-01 22:30:18,260.0,19.14,2018-07-26,2018-08-01 22:30:18.000000,2026-08-27T05:22:35.058837+00:00,D:/D drive recovery/Shiva JH/Projects/OneLake Medallion/data/landing/2018-07-26/order_items.parquet,2018-07-26
e9f0f8f24251a03416e4e76735969db1,1,1cf1166849ef1df39734ef593d71f20c,4e17c65a516f69d023a2ae78b84f28d6,2018-08-14 22:55:06,71.0,7.76,2018-07-26,2018-08-14 22:55:06.000000,2026-08-27T05:22:35.058837+00:00,D:/D drive recovery/Shiva JH/Projects/OneLake Medallion/data/landing/2018-07-26/order_items.parquet,2018-07-26
162f8986e2cc7a5fca25fd4be685b98d,1,f32415d23c358ef1e387a7d329d9ce9f,3586b8580d9c917874e053a1bb37b5ff,2018-07-25 14:22:57,36.9,50.98,2018-07-18,2018-07-25 14:22:57.000000,2026-08-27T05:21:18.103171+00:00,D:/D drive recovery/Shiva JH/Projects/OneLake Medallion/data/landing/2018-07-18/order_items.parquet,2018-07-18
192280704cc4c1f82086c55f0622f09b,1,015e04445dedbd5da301ef29cbb03f83,dc4a0fc896dc34b0d5bfec8438291c80,2018-07-24 17:10:09,62.7,19.63,2018-07-18,2018-07-24 17:10:09.000000,2026-08-27T05:21:18.103171+00:00,D:/D drive recovery/Shiva JH/Projects/OneLake Medallion/data/landing/2018-07-18/order_items.parquet,2018-07-18
1a4514c5462bbdb806d15e6b241c7a70,1,960f877599875172acdb3504cf4a55af,4bcec44888b30ba9001234c534716d3f,2018-07-24 15:35:20,22.0,18.25,2018-07-18,2018-07-24 15:35:20.000000,2026-08-27T05:21:18.103171+00:00,D:/D drive recovery/Shiva JH/Projects/OneLake Medallion/data/landing/2018-07-18/order_items.parquet,2018-07-18
39f59663a51684e7a63cb122f615af62,1,b192be433004cc1f10b467c0e9ea309b,de722cd6dad950a92b7d4f82673f8833,2018-07-23 03:05:17,197.5,20.57,2018-07-18,2018-07-23 03:05:17.000000,2026-08-27T05:21:18.103171+00:00,D:/D drive recovery/Shiva JH/Projects/OneLake Medallion/data/landing/2018-07-18/order_items.parquet,2018-07-18
4870f8be587a9e5643156fb4f22d02e2,1,fe7f10e5c9d36a294333b0c35ccc24ad,cc63f0dd2acba93ffed4fe9f8e0321fa,2018-07-20 16:02:43,72.0,23.3,2018-07-18,2018-07-20 16:02:43.000000,2026-08-27T05:21:18.103171+00:00,D:/D drive recovery/Shiva JH/Projects/OneLake Medallion/data/landing/2018-07-18/order_items.parquet,2018-07-18
701a22b8c16c09a0c9514c41dfbf28de,1,a39dac35775c3a863b0b7b6d72e839ca,7ecef8194babfec876ca720714327841,2018-07-22 21:02:32,66.0,19.65,2018-07-18,2018-07-22 21:02:32.000000,2026-08-27T05:21:18.103171+00:00,D:/D drive recovery/Shiva JH/Projects/OneLake Medallion/data/landing/2018-07-18/order_items.parquet,2018-07-18
818bd343c0073f9624ca1801fd39f4db,1,ca3f06758a5c1f826803c6839d39b541,b4ffb71f0cb1b1c3d63fad021ecf93e1,2018-07-20 16:22:41,35.0,16.52,2018-07-18,2018-07-20 16:22:41.000000,2026-08-27T05:21:18.103171+00:00,D:/D drive recovery/Shiva JH/Projects/OneLake Medallion/data/landing/2018-07-18/order_items.parquet,2018-07-18
8a16ff3cd34e92ae56b0bdcb66dc56e3,1,f100f4ee5e2b55d163a3f7c300c24d26,a69aa24cec11168e7e39a3fbc727e925,2018-07-25 10:22:10,39.99,8.44,2018-07-18,2018-07-25 10:22:10.000000,2026-08-27T05:21:18.103171+00:00,D:/D drive recovery/Shiva JH/Projects/OneLake Medallion/data/landing/2018-07-18/order_items.parquet,2018-07-18
8cb4c3b93d004ba346c01cbbc9cf5c73,1,7f10c4dc56e0a914b0552b6c3ab524c2,b9de031b671cd48b28fae9d828cbf2b4,2018-07-24 14:05:18,155.32,43.37,2018-07-18,2018-07-24 14:05:18.000000,2026-08-27T05:21:18.103171+00:00,D:/D drive recovery/Shiva JH/Projects/OneLake Medallion/data/landing/2018-07-18/order_items.parquet,2018-07-18
af8f5e473ef8dd20e4357b3bddf1accd,1,abf7c583f35ff13ce82c05debdef8ef0,cea729054f157f5870bdd321a958d994,2018-07-20 01:01:38,126.0,15.98,2018-07-18,2018-07-20 01:01:38.000000,2026-08-27T05:21:18.103171+00:00,D:/D drive recovery/Shiva JH/Projects/OneLake Medallion/data/landing/2018-07-18/order_items.parquet,2018-07-18
6c170781e28b9d780b0338e8d3cbedb7,1,6877393202eb24747508f62474a2c1c7,213b25e6f54661939f11710a6fddb871,2018-07-18 15:55:16,79.9,18.66,2018-07-07,2018-07-18 15:55:16.000000,2026-08-27T05:19:41.373610+00:00,D:/D drive recovery/Shiva JH/Projects/OneLake Medallion/data/landing/2018-07-07/order_items.parquet,2018-07-07
c5c6895d5f18ff51c8fb2af8121d1c9c,1,5d2d01b64b76916f0cbe74e407041187,53e4c6e0f4312d4d2107a8c9cddf45cd,2018-07-12 12:25:56,36.4,8.42,2018-07-07,2018-07-12 12:25:56.000000,2026-08-27T05:19:41.373610+00:00,D:/D drive recovery/Shiva JH/Projects/OneLake Medallion/data/landing/2018-07-07/order_items.parquet,2018-07-07
87850ccd83d669cf004ea32dd917d6c4,1,953439fbf9090e2362532905d89b991f,7040e82f899a04d1b434b795a43b4617,2018-07-25 03:05:11,169.9,22.99,2018-07-19,2018-07-25 03:05:11.000000,2026-08-27T05:21:26.143436+00:00,D:/D drive recovery/Shiva JH/Projects/OneLake Medallion/data/landing/2018-07-19/order_items.parquet,2018-07-19
a415ad4db7ac7a8d3f67fa7aeb0d569e,1,4f00a5557f84aad1f45c6f70e3efc353,51e4e89242cbb846c2deff3dc015650e,2018-07-25 11:05:11,36.0,13.59,2018-07-19,2018-07-25 11:05:11.000000,2026-08-27T05:21:26.143436+00:00,D:/D drive recovery/Shiva JH/Projects/OneLake Medallion/data/landing/2018-07-19/order_items.parquet,2018-07-19
de6ecf700b95b7b8f6d4dbea03fd56dc,1,ab1f9387c0627dd24000bfbc54fdeee0,8b321bb669392f5163d04c59e235e066,2018-07-23 12:03:05,19.9,15.24,2018-07-19,2018-07-23 12:03:05.000000,2026-08-27T05:21:26.143436+00:00,D:/D drive recovery/Shiva JH/Projects/OneLake Medallion/data/landing/2018-07-19/order_items.parquet,2018-07-19
09a5c8d751662bfb96c5a3307619cb36,1,afd22faefd9584467a374bf7a50f0996,77fccaae319668a8ab6cd0fd16aec48c,2018-08-03 18:30:57,199.0,14.42,2018-07-30,2018-08-03 18:30:57.000000,2026-08-27T05:23:14.286155+00:00,D:/D drive recovery/Shiva JH/Projects/OneLake Medallion/data/landing/2018-07-30/order_items.parquet,2018-07-30
09a5c8d751662bfb96c5a3307619cb36,2,62bfda7b1a58cc9a485cb563b99ea48f,77fccaae319668a8ab6cd0fd16aec48c,2018-08-03 18:30:57,149.0,14.43,2018-07-30,2018-08-03 18:30:57.000000,2026-08-27T05:23:14.286155+00:00,D:/D drive recovery/Shiva JH/Projects/OneLake Medallion/data/landing/2018-07-30/order_items.parquet,2018-07-30
85897c1837af1ba410fee4573c3f16de,1,a8b0dd2c57b49b649373ff5a495a697e,8e8a7ce9f2f970dc00e2acf6f6e199f6,2018-08-01 20:30:11,135.0,38.99,2018-07-30,2018-08-01 20:30:11.000000,2026-08-27T05:23:14.286155+00:00,D:/D drive recovery/Shiva JH/Projects/OneLake Medallion/data/landing/2018-07-30/order_items.parquet,2018-07-30
97445d49acef660b9217b07d0fc1ce3a,1,3d254dd1d443d5c733715c4ccb3d72ce,f205b1a3ca9a34e0f8a228bae6e4c7b3,2018-08-03 20:20:24,99.0,46.99,2018-07-30,2018-08-03 20:20:24.000000,2026-08-27T05:23:14.286155+00:00,D:/D drive recovery/Shiva JH/Projects/OneLake Medallion/data/landing/2018-07-30/order_items.parquet,2018-07-30
e48c42a05954c6542e0631596bfb6fe2,1,f8077831f3c3f393fb67b93c5acd8daf,213b25e6f54661939f11710a6fddb871,2018-08-09 16:45:20,79.9,9.31,2018-07-30,2018-08-09 16:45:20.000000,2026-08-27T05:23:14.286155+00:00,D:/D drive recovery/Shiva JH/Projects/OneLake Medallion/data/landing/2018-07-30/order_items.parquet,2018-07-30
05a5446738fb49ff21e44d318df1189d,1,812caec8528c1f3b1bed583530023cb5,a3e9a2c700480d9bb01fba070ba80a0e,2018-07-26 11:03:31,79.0,26.72,2018-07-22,2018-07-26 11:03:31.000000,2026-08-27T05:21:50.737679+00:00,D:/D drive recovery/Shiva JH/Projects/OneLake Medallion/data/landing/2018-07-22/order_items.parquet,2018-07-22
05a5446738fb49ff21e44d318df1189d,2,b370dd237db6a8a0bd74a6da9e367a80,c53bcd3be457a342a97e39e5a9f0be22,2018-07-27 11:03:31,89.9,35.53,2018-07-22,2018-07-27 11:03:31.000000,2026-08-27T05:21:50.737679+00:00,D:/D drive recovery/Shiva JH/Projects/OneLake Medallion/data/landing/2018-07-22/order_items.parquet,2018-07-22
9419274d2366b746f60fce753c5a3618,1,cf5fb18f3ac3f373759295cc8ba3e2c3,1eade46fba20122dc4aefb379f8c636b,2018-07-26 21:55:12,100.99,23.51,2018-07-22,2018-07-26 21:55:12.000000,2026-08-27T05:21:50.737679+00:00,D:/D drive recovery/Shiva JH/Projects/OneLake Medallion/data/landing/2018-07-22/order_items.parquet,2018-07-22
d9d8dc6068a3a115e15bc276d53afc8e,1,95c40b993a22463c83beb5c51a03d46c,85d9eb9ddc5d00ca9336a2219c97bb13,2018-08-06 10:32:09,28.9,17.13,2018-07-22,2018-08-06 10:32:09.000000,2026-08-27T05:21:50.737679+00:00,D:/D drive recovery/Shiva JH/Projects/OneLake Medallion/data/landing/2018-07-22/order_items.parquet,2018-07-22
0039500db36d50d7d0bfaf23723550f3,1,62984ea1bba7fcea1f5b57084d3bf885,c3cfdc648177fdbbbb35635a37472c53,2018-07-10 10:51:09,169.9,33.33,2018-07-06,2018-07-10 10:51:09.000000,2026-08-27T05:19:33.228042+00:00,D:/D drive recovery/Shiva JH/Projects/OneLake Medallion/data/landing/2018-07-06/order_items.parquet,2018-07-06
35c7d117e60b7447a3ee63f69addcd2c,1,0e173417855ce91518a2e79d760f93a9,fec6275253471ace26d209bbaa64cd0f,2018-07-10 16:51:18,284.0,69.13,2018-07-06,2018-07-10 16:51:18.000000,2026-08-27T05:19:33.228042+00:00,D:/D drive recovery/Shiva JH/Projects/OneLake Medallion/data/landing/2018-07-06/order_items.parquet,2018-07-06
ac1b68b95d77ee9e9c3829ed43f2ccbb,1,78efe838c04bbc568be034082200ac20,0241d4d5d36f10f80c644447315af0bd,2018-07-10 09:55:12,99.9,18.75,2018-07-06,2018-07-10 09:55:12.000000,2026-08-27T05:19:33.228042+00:00,D:/D drive recovery/Shiva JH/Projects/OneLake Medallion/data/landing/2018-07-06/order_items.parquet,2018-07-06
004345d16a1ab2c21962992c721c8643,1,d0fb1e667e989933a80444f93da833c0,0be8ff43f22e456b4e0371b2245e4d01,2018-07-10 07:31:33,37.9,15.37,2018-07-04,2018-07-10 07:31:33.000000,2026-08-27T05:19:16.572190+00:00,D:/D drive recovery/Shiva JH/Projects/OneLake Medallion/data/landing/2018-07-04/order_items.parquet,2018-07-04
244e8c98d54a7a388245e6b5b85d37ee,1,173e9fe34bfe97f3a5e6dc57fe897b74,ba143b05f0110f0dc71ad71b4466ce92,2018-07-10 22:31:32,57.89,11.43,2018-07-04,2018-07-10 22:31:32.000000,2026-08-27T05:19:16.572190+00:00,D:/D drive recovery/Shiva JH/Projects/OneLake Medallion/data/landing/2018-07-04/order_items.parquet,2018-07-04
7a0f0934c14eafa4b5afc9a590b9386f,1,3c9ddb88ecde498679b5c3b5f9b0a213,70126eecc6aa1274392a1743866e9678,2018-07-11 04:32:07,38.8,21.57,2018-07-04,2018-07-11 04:32:07.000000,2026-08-27T05:19:16.572190+00:00,D:/D drive recovery/Shiva JH/Projects/OneLake Medallion/data/landing/2018-07-04/order_items.parquet,2018-07-04
7cedc87ca678cbe2ce928829cee6bf3e,1,c2dcfc26a9e55c3ef878f762a91de377,14d7985702e72162bbf13b6beb74ab2b,2018-07-10 03:11:16,69.0,16.67,2018-07-04,2018-07-10 03:11:16.000000,2026-08-27T05:19:16.572190+00:00,D:/D drive recovery/Shiva JH/Projects/OneLake Medallion/data/landing/2018-07-04/order_items.parquet,2018-07-04
929ccb6e3021ed4afe8860fe50791967,1,b914a18d4547eff292fedeccc82faec6,966cb4760537b1404caedd472cc610a5,2018-07-10 00:30:33,747.0,20.33,2018-07-04,2018-07-10 00:30:33.000000,2026-08-27T05:19:16.572190+00:00,D:/D drive recovery/Shiva JH/Projects/OneLake Medallion/data/landing/2018-07-04/order_items.parquet,2018-07-04
a99d889887e1de4ac286fc3847455a97,1,696ad707399d0b7678e2ed5d021dd737,2e3be8a987a30d7544dbbda6861cc14e,2018-07-12 13:30:37,99.99,16.89,2018-07-04,2018-07-12 13:30:37.000000,2026-08-27T05:19:16.572190+00:00,D:/D drive recovery/Shiva JH/Projects/OneLake Medallion/data/landing/2018-07-04/order_items.parquet,2018-07-04
d4a72eff3bfdb6ff7667bef4119283e9,1,c0737ec7b87906c79f130f39cec3d3ee,7ad32824caee82087b3e2e5f33b1bf32,2018-07-06 01:31:04,37.0,19.45,2018-07-04,2018-07-06 01:31:04.000000,2026-08-27T05:19:16.572190+00:00,D:/D drive recovery/Shiva JH/Projects/OneLake Medallion/data/landing/2018-07-04/order_items.parquet,2018-07-04
d4a72eff3bfdb6ff7667bef4119283e9,2,a3309868978f986b3865b8a3729192e2,7ad32824caee82087b3e2e5f33b1bf32,2018-07-06 01:31:04,37.0,19.45,2018-07-04,2018-07-06 01:31:04.000000,2026-08-27T05:19:16.572190+00:00,D:/D drive recovery/Shiva JH/Projects/OneLake Medallion/data/landing/2018-07-04/order_items.parquet,2018-07-04
f85a3babb8f57542a4493f9c45523501,1,caf1ca4c82e6ab734903a3407795f556,229c3efbfb0ea2058de4ccdfbc3d784a,2018-07-10 12:30:47,87.0,23.33,2018-07-04,2018-07-10 12:30:47.000000,2026-08-27T05:19:16.572190+00:00,D:/D drive recovery/Shiva JH/Projects/OneLake Medallion/data/landing/2018-07-04/order_items.parquet,2018-07-04
13fe5b8b3ad46c558f0c53939589776b,1,d285360f29ac7fd97640bf0baef03de0,2eb70248d66e0e3ef83659f71b244378,2018-07-25 18:04:21,155.97,51.81,2018-07-14,2018-07-25 18:04:21.000000,2026-08-27T05:20:45.236672+00:00,D:/D drive recovery/Shiva JH/Projects/OneLake Medallion/data/landing/2018-07-14/order_items.parquet,2018-07-14
425dece5c02ae29542005b6c0a9c3b63,1,7614c62b86a81021243e438cfde78ccc,900ba814c251a692506d7834c1218441,2018-07-19 14:05:12,503.34,62.75,2018-07-14,2018-07-19 14:05:12.000000,2026-08-27T05:20:45.236672+00:00,D:/D drive recovery/Shiva JH/Projects/OneLake Medallion/data/landing/2018-07-14/order_items.parquet,2018-07-14
6042c0c3800159373b3343dd442c86bd,1,2ff995aead9c63a1f37a07b3664ead37,8b9d6eec4a7eb7d0f9d579ce0b38324d,2018-07-17 00:50:18,72.99,50.8,2018-07-14,2018-07-17 00:50:18.000000,2026-08-27T05:20:45.236672+00:00,D:/D drive recovery/Shiva JH/Projects/OneLake Medallion/data/landing/2018-07-14/order_items.parquet,2018-07-14
61c77cbdc7ac0a0ded411b067c32baf8,1,38e1784cae89a04473ff96b4ae246419,ffad1e7127fb622cb64a900751590acd,2018-07-17 18:04:15,100.0,20.65,2018-07-14,2018-07-17 18:04:15.000000,2026-08-27T05:20:45.236672+00:00,D:/D drive recovery/Shiva JH/Projects/OneLake Medallion/data/landing/2018-07-14/order_items.parquet,2018-07-14
628111ec0fcace16f3112336b1138aef,1,3fbc0ef745950c7932d5f2a446189725,06a2c3af7b3aee5d69171b0e14f0ee87,2018-07-18 21:50:13,66.99,27.75,2018-07-14,2018-07-18 21:50:13.000000,2026-08-27T05:20:45.236672+00:00,D:/D drive recovery/Shiva JH/Projects/OneLake Medallion/data/landing/2018-07-14/order_items.parquet,2018-07-14
7a8f4f62037bb98afd289fc2ee3da497,1,d8d6eb6c89543ae74874e910422e1089,d0d70d21e2234dd7cd3cf63fe414148a,2018-07-19 14:24:00,125.0,61.16,2018-07-14,2018-07-19 14:24:00.000000,2026-08-27T05:20:45.236672+00:00,D:/D drive recovery/Shiva JH/Projects/OneLake Medallion/data/landing/2018-07-14/order_items.parquet,2018-07-14
c4416b46a61a027f858fdc3746644312,1,7814c273ab16783d73a9863ebfa8b141,1025f0e2d44d7041d6cf58b6550e0bfa,2018-07-20 14:25:15,230.0,82.92,2018-07-14,2018-07-20 14:25:15.000000,2026-08-27T05:20:45.236672+00:00,D:/D drive recovery/Shiva JH/Projects/OneLake Medallion/data/landing/2018-07-14/order_items.parquet,2018-07-14
c5e30f4818a17e20a66b7277cd2eda07,1,3e8f6864be117d2690e410b934840f87,0176f73cc1195f367f7b32db1e5b3aa8,2018-07-17 22:05:11,79.9,23.36,2018-07-14,2018-07-17 22:05:11.000000,2026-08-27T05:20:45.236672+00:00,D:/D drive recovery/Shiva JH/Projects/OneLake Medallion/data/landing/2018-07-14/order_items.parquet,2018-07-14
4e9cb71601575577f2208d3aedf933cc,1,3af8628b6057e15cb18b8421d7b82533,a425f92c199eb576938df686728acd20,2018-07-20 20:50:18,69.0,18.63,2018-07-10,2018-07-20 20:50:18.000000,2026-08-27T05:20:10.324599+00:00,D:/D drive recovery/Shiva JH/Projects/OneLake Medallion/data/landing/2018-07-10/order_items.parquet,2018-07-10
9d9fcb45ee8881b84ca11e65a913941a,1,76b7fa5da50b22fe17d1e7bbde661106,2a261b5b644fa05f4f2700eb93544f2c,2018-07-13 03:10:10,45.0,26.62,2018-07-10,2018-07-13 03:10:10.000000,2026-08-27T05:20:10.324599+00:00,D:/D drive recovery/Shiva JH/Projects/OneLake Medallion/data/landing/2018-07-10/order_items.parquet,2018-07-10
cedea2bde15dac9808c6cd430cbf03f4,1,bb50f2e236e5eea0100680137654686c,f7ba60f8c3f99e7ee4042fdef03b70c4,2018-07-13 20:45:37,330.0,25.03,2018-07-10,2018-07-13 20:45:37.000000,2026-08-27T05:20:10.324599+00:00,D:/D drive recovery/Shiva JH/Projects/OneLake Medallion/data/landing/2018-07-10/order_items.parquet,2018-07-10
138f041df3644d9ad82f50c67b7bb304,1,f3637eb5ce07d19f2f9eca6bb7dc29d6,8a8835a43bda99fd37310ad76c457510,2018-07-23 18:31:36,116.36,18.92,2018-07-16,2018-07-23 18:31:36.000000,2026-08-27T05:21:01.834505+00:00,D:/D drive recovery/Shiva JH/Projects/OneLake Medallion/data/landing/2018-07-16/order_items.parquet,2018-07-16
1f7ca128c2e0034d8ebe8a38824c0db1,1,fcf28afb1353f2f12ea041dd74954226,ea8482cd71df3c1969d7b9473ff13abc,2018-07-19 06:50:09,27.99,18.3,2018-07-16,2018-07-19 06:50:09.000000,2026-08-27T05:21:01.834505+00:00,D:/D drive recovery/Shiva JH/Projects/OneLake Medallion/data/landing/2018-07-16/order_items.parquet,2018-07-16
21acd87ab0e70951d2aa3b0cd6445c69,1,ccd42132afae2f1f5bfd5e27549c6ece,d566c37fa119d5e66c4e9052e83ee4ea,2018-07-18 23:30:19,65.9,13.12,2018-07-16,2018-07-18 23:30:19.000000,2026-08-27T05:21:01.834505+00:00,D:/D drive recovery/Shiva JH/Projects/OneLake Medallion/data/landing/2018-07-16/order_items.parquet,2018-07-16
21acd87ab0e70951d2aa3b0cd6445c69,2,ccd42132afae2f1f5bfd5e27549c6ece,d566c37fa119d5e66c4e9052e83ee4ea,2018-07-18 23:30:19,65.9,13.12,2018-07-16,2018-07-18 23:30:19.000000,2026-08-27T05:21:01.834505+00:00,D:/D drive recovery/Shiva JH/Projects/OneLake Medallion/data/landing/2018-07-16/order_items.parquet,2018-07-16
44d266dec578366b923e9b3a636c8311,1,520b149317786c17df69b27c70562c57,c70c1b0d8ca86052f45a432a38b73958,2018-07-20 17:55:13,91.55,7.9,2018-07-16,2018-07-20 17:55:13.000000,2026-08-27T05:21:01.834505+00:00,D:/D drive recovery/Shiva JH/Projects/OneLake Medallion/data/landing/2018-07-16/order_items.parquet,2018-07-16
47e7c69b3f435b43a16da911cf937369,1,f4685661dba7a38783007afb3e5fe8ac,f680f85bee2d253556ac91be391d2c82,2018-07-19 04:31:12,31.99,15.32,2018-07-16,2018-07-19 04:31:12.000000,2026-08-27T05:21:01.834505+00:00,D:/D drive recovery/Shiva JH/Projects/OneLake Medallion/data/landing/2018-07-16/order_items.parquet,2018-07-16
6ac314f1970b39cf3b7760803caf3c23,1,4fc38c7dd401191c16f9ced89baf4877,723cd880edaacdb998898b67c8f9da30,2018-07-24 02:55:23,112.99,18.89,2018-07-16,2018-07-24 02:55:23.000000,2026-08-27T05:21:01.834505+00:00,D:/D drive recovery/Shiva JH/Projects/OneLake Medallion/data/landing/2018-07-16/order_items.parquet,2018-07-16
7c6a24cab7128145feb51412987798c6,1,a89d629b52f63724dbee62c0ba9e979e,08633c14ef2db992c11f840f04fad4cd,2018-07-20 02:45:23,24.7,15.27,2018-07-16,2018-07-20 02:45:23.000000,2026-08-27T05:21:01.834505+00:00,D:/D drive recovery/Shiva JH/Projects/OneLake Medallion/data/landing/2018-07-16/order_items.parquet,2018-07-16
82f4c933483d577ca9f00f49b1203155,1,923fd8ff0cec825036dbbfaa8ddda4b0,bf00385a5f7fc1ef39a13c2e9ee50a5f,2018-07-30 04:00:49,14.9,8.88,2018-07-16,2018-07-30 04:00:49.000000,2026-08-27T05:21:01.834505+00:00,D:/D drive recovery/Shiva JH/Projects/OneLake Medallion/data/landing/2018-07-16/order_items.parquet,2018-07-16
ac89e7344d2cb5597d862e338301ef8d,1,b1fa7a05a5eb864f4fd083ef11c0d0d6,0691148aee60ca47977c187804f935ae,2018-07-24 18:31:31,41.47,23.44,2018-07-16,2018-07-24 18:31:31.000000,2026-08-27T05:21:01.834505+00:00,D:/D drive recovery/Shiva JH/Projects/OneLake Medallion/data/landing/2018-07-16/order_items.parquet,2018-07-16
afc68d1f35e9dfe8220c9b9e27647065,1,82c3ea364e5480f335f6743ee725a921,9f50216bfd01913736a55a11b55ea842,2018-07-20 16:20:25,49.0,18.44,2018-07-16,2018-07-20 16:20:25.000000,2026-08-27T05:21:01.834505+00:00,D:/D drive recovery/Shiva JH/Projects/OneLake Medallion/data/landing/2018-07-16/order_items.parquet,2018-07-16
fa4e67c2fc9315f348f252ab6490b03c,1,cea3e34396621bb2677f5969c11316bc,21c62b998a043ebe31161d38f84929fc,2018-07-20 17:25:17,152.49,27.84,2018-07-16,2018-07-20 17:25:17.000000,2026-08-27T05:21:01.834505+00:00,D:/D drive recovery/Shiva JH/Projects/OneLake Medallion/data/landing/2018-07-16/order_items.parquet,2018-07-16
ad6137b47c7f7c1c621f4de13c3d5bc9,1,c2fb73db15e28aa021dcf7b2856fef27,adbc26658d6c7b4b6219f9d934598091,2018-07-16 22:55:17,109.9,36.0,2018-07-12,2018-07-16 22:55:17.000000,2026-08-27T05:20:27.664843+00:00,D:/D drive recovery/Shiva JH/Projects/OneLake Medallion/data/landing/2018-07-12/order_items.parquet,2018-07-12
ed3b269b4badaf0126050c9d4f7b854c,1,054515fd15bc1a2029f10de97ffa9120,e9779976487b77c6d4ac45f75ec7afe9,2018-07-17 22:25:13,43.0,12.96,2018-07-12,2018-07-17 22:25:13.000000,2026-08-27T05:20:27.664843+00:00,D:/D drive recovery/Shiva JH/Projects/OneLake Medallion/data/landing/2018-07-12/order_items.parquet,2018-07-12
edc438144eedf58c321995efd0225e19,1,7a90cd69f849bc237ef1f4f9e1796cfa,165b1235e9e9942cb5fae67103576fb0,2018-07-19 03:04:52,50.0,18.45,2018-07-12,2018-07-19 03:04:52.000000,2026-08-27T05:20:27.664843+00:00,D:/D drive recovery/Shiva JH/Projects/OneLake Medallion/data/landing/2018-07-12/order_items.parquet,2018-07-12
84869ba3df14629b57ca40c491a842e6,1,c3ba4e8d3cb30049213b682e751e9d00,6560211a19b47992c3666cc44a7e94c0,2018-07-31 14:05:21,95.0,18.77,2018-07-27,2018-07-31 14:05:21.000000,2026-08-27T05:22:44.160162+00:00,D:/D drive recovery/Shiva JH/Projects/OneLake Medallion/data/landing/2018-07-27/order_items.parquet,2018-07-27
b5244709b8ea124be6761680b9966925,1,3932e37f1f658768ac53fbe680f145bc,4a3ca9315b744ce9f8e9374361493884,2018-07-31 16:50:20,51.9,13.02,2018-07-27,2018-07-31 16:50:20.000000,2026-08-27T05:22:44.160162+00:00,D:/D drive recovery/Shiva JH/Projects/OneLake Medallion/data/landing/2018-07-27/order_items.parquet,2018-07-27
4ed4fa202c468c14366fbf603c8698fd,1,37b975d07892522e3022d5f87abb097c,0be8ff43f22e456b4e0371b2245e4d01,2018-08-02 00:30:48,49.9,22.28,2018-07-29,2018-08-02 00:30:48.000000,2026-08-27T05:23:04.653227+00:00,D:/D drive recovery/Shiva JH/Projects/OneLake Medallion/data/landing/2018-07-29/order_items.parquet,2018-07-29
614c7adfc74985b5d111c1e38f0ad0cd,1,409ad0594dd6af287d870a566756dc10,d91fb3b7d041e83b64a00a3edfb37e4f,2018-08-01 12:30:38,175.0,19.33,2018-07-29,2018-08-01 12:30:38.000000,2026-08-27T05:23:04.653227+00:00,D:/D drive recovery/Shiva JH/Projects/OneLake Medallion/data/landing/2018-07-29/order_items.parquet,2018-07-29
a7dc01ae91acf2567d1367a25ce303e5,1,b23f9704f31bfce887b8d1b48f0bad47,5cbbd5a299cab112b7bf23862255e43e,2018-08-02 16:35:12,38.0,15.37,2018-07-29,2018-08-02 16:35:12.000000,2026-08-27T05:23:04.653227+00:00,D:/D drive recovery/Shiva JH/Projects/OneLake Medallion/data/landing/2018-07-29/order_items.parquet,2018-07-29
b41055f900d670bae8cfbf3a8df79d8c,1,cb8209d6b80bfeffaef2d1f694aa93a9,6d66611d7c44cc30ce351abc49a68421,2018-08-02 16:10:15,39.9,9.03,2018-07-29,2018-08-02 16:10:15.000000,2026-08-27T05:23:04.653227+00:00,D:/D drive recovery/Shiva JH/Projects/OneLake Medallion/data/landing/2018-07-29/order_items.parquet,2018-07-29
bb953a084ab406da9e19dfdc06df0245,1,81ec0756335856bf7e5bd40073652c44,530ec6109d11eaaf87999465c6afee01,2018-07-31 14:24:20,41.9,23.44,2018-07-29,2018-07-31 14:24:20.000000,2026-08-27T05:23:04.653227+00:00,D:/D drive recovery/Shiva JH/Projects/OneLake Medallion/data/landing/2018-07-29/order_items.parquet,2018-07-29
d1ab8de1e279bd8a55e4135f83d5c599,1,489b5af4a311587c81ed419dced92dba,3fac58ce0ad699020c7944d53c41329c,2018-08-02 20:44:37,39.98,13.28,2018-07-29,2018-08-02 20:44:37.000000,2026-08-27T05:23:04.653227+00:00,D:/D drive recovery/Shiva JH/Projects/OneLake Medallion/data/landing/2018-07-29/order_items.parquet,2018-07-29
d1ab8de1e279bd8a55e4135f83d5c599,2,801abf9ab81269e94b64dd62fbd50fc2,977f9f63dd360c2a32ece2f93ad6d306,2018-08-02 20:44:37,78.67,13.28,2018-07-29,2018-08-02 20:44:37.000000,2026-08-27T05:23:04.653227+00:00,D:/D drive recovery/Shiva JH/Projects/OneLake Medallion/data/landing/2018-07-29/order_items.parquet,2018-07-29
d1ab8de1e279bd8a55e4135f83d5c599,3,8999ae93f98ab5d5b5f5efbd4c2b8f88,903037660cf848a717166eb7a06d616e,2018-08-06 20:44:37,39.99,13.28,2018-07-29,2018-08-06 20:44:37.000000,2026-08-27T05:23:04.653227+00:00,D:/D drive recovery/Shiva JH/Projects/OneLake Medallion/data/landing/2018-07-29/order_items.parquet,2018-07-29
d66c390445566a6735c7a703c75e4e68,1,58816ce2ec224ea03aff8abe045f8407,955fee9216a65b617aa5c0531780ce60,2018-08-02 03:55:12,99.0,11.71,2018-07-29,2018-08-02 03:55:12.000000,2026-08-27T05:23:04.653227+00:00,D:/D drive recovery/Shiva JH/Projects/OneLake Medallion/data/landing/2018-07-29/order_items.parquet,2018-07-29
fd7ad9fe2a5c9cf444bd25691f4900d9,1,b9c941066a5b61862d712489ed544aee,9e6229250fedbe05838fef417b74e7fb,2018-08-03 11:15:17,149.9,15.36,2018-07-29,2018-08-03 11:15:17.000000,2026-08-27T05:23:04.653227+00:00,D:/D drive recovery/Shiva JH/Projects/OneLake Medallion/data/landing/2018-07-29/order_items.parquet,2018-07-29
42ec328ff647d401412f3531462b0b96,1,3dd2a17168ec895c781a9191c1e95ad7,de722cd6dad950a92b7d4f82673f8833,2018-07-11 11:50:17,149.9,25.4,2018-07-09,2018-07-11 11:50:17.000000,2026-08-27T05:19:59.700293+00:00,D:/D drive recovery/Shiva JH/Projects/OneLake Medallion/data/landing/2018-07-09/order_items.parquet,2018-07-09
dbd0a0b89b3fe516f8534b0f5de08534,1,8ec2aeacda2a58c1e118e8c1ea90c605,9f50216bfd01913736a55a11b55ea842,2018-07-13 11:05:24,98.0,18.79,2018-07-09,2018-07-13 11:05:24.000000,2026-08-27T05:19:59.700293+00:00,D:/D drive recovery/Shiva JH/Projects/OneLake Medallion/data/landing/2018-07-09/order_items.parquet,2018-07-09
0c1e49ce507979f2fb222498663ce653,1,c9e3b986ab953f3b1f4028bee505deea,960945e1a9535cbc0cd6ddd35fbe7ae8,2018-07-25 20:44:06,188.16,27.62,2018-07-21,2018-07-25 20:44:06.000000,2026-08-27T05:21:42.709336+00:00,D:/D drive recovery/Shiva JH/Projects/OneLake Medallion/data/landing/2018-07-21/order_items.parquet,2018-07-21
ad33ed1fc2b45e7f714e3cec25e31334,1,4e1346d7b7e02c737a366b086462e33e,1900267e848ceeba8fa32d80c1a5f5a8,2018-07-24 14:04:07,11.99,18.23,2018-07-21,2018-07-24 14:04:07.000000,2026-08-27T05:21:42.709336+00:00,D:/D drive recovery/Shiva JH/Projects/OneLake Medallion/data/landing/2018-07-21/order_items.parquet,2018-07-21
ad33ed1fc2b45e7f714e3cec25e31334,2,4e1346d7b7e02c737a366b086462e33e,1900267e848ceeba8fa32d80c1a5f5a8,2018-07-24 14:04:07,11.99,18.23,2018-07-21,2018-07-24 14:04:07.000000,2026-08-27T05:21:42.709336+00:00,D:/D drive recovery/Shiva JH/Projects/OneLake Medallion/data/landing/2018-07-21/order_items.parquet,2018-07-21
04749a8c0b72cda9ebbd79d27a0d1e40,1,18290697e1929309b3195d2931c91b09,21c62b998a043ebe31161d38f84929fc,2018-07-27 15:59:51,214.0,18.43,2018-07-23,2018-07-27 15:59:51.000000,2026-08-27T05:22:03.203712+00:00,D:/D drive recovery/Shiva JH/Projects/OneLake Medallion/data/landing/2018-07-23/order_items.parquet,2018-07-23
19a3924da2b67dee34bf1f76a7689459,1,425db55cb3b0f5b18a2d9964da31c3c0,2a84855fd20af891be03bc5924d2b453,2018-07-25 14:44:13,49.9,18.5,2018-07-23,2018-07-25 14:44:13.000000,2026-08-27T05:22:03.203712+00:00,D:/D drive recovery/Shiva JH/Projects/OneLake Medallion/data/landing/2018-07-23/order_items.parquet,2018-07-23
47d248c19f5affa1ef2a5b91c8006ddf,1,a291cc846d74d97f01611894f983073b,de722cd6dad950a92b7d4f82673f8833,2018-07-26 04:25:17,189.9,21.6,2018-07-23,2018-07-26 04:25:17.000000,2026-08-27T05:22:03.203712+00:00,D:/D drive recovery/Shiva JH/Projects/OneLake Medallion/data/landing/2018-07-23/order_items.parquet,2018-07-23
62a575a2a9f2c005b7ec7ff7dd76d5ee,1,b3821db2024af98844b6381cc25651c8,23a0ffca143a15b9b5bbdb7d552f626a,2018-07-26 19:50:14,99.99,27.65,2018-07-23,2018-07-26 19:50:14.000000,2026-08-27T05:22:03.203712+00:00,D:/D drive recovery/Shiva JH/Projects/OneLake Medallion/data/landing/2018-07-23/order_items.parquet,2018-07-23
6f21ad30200f041d3f19995a8718cd11,1,b4b6d57077183818e56eb57b4e69c6ec,8d956fec2e4337affcb520f56fd8cbfd,2018-07-25 15:45:15,45.95,7.58,2018-07-23,2018-07-25 15:45:15.000000,2026-08-27T05:22:03.203712+00:00,D:/D drive recovery/Shiva JH/Projects/OneLake Medallion/data/landing/2018-07-23/order_items.parquet,2018-07-23
72729c533aa3957ddd96bcbc9237a49b,1,89e4362d74afa10ac57f8d67210132a6,e1dc0754bada9ee4cfe9713f22f61292,2018-07-25 13:20:19,110.0,27.75,2018-07-23,2018-07-25 13:20:19.000000,2026-08-27T05:22:03.203712+00:00,D:/D drive recovery/Shiva JH/Projects/OneLake Medallion/data/landing/2018-07-23/order_items.parquet,2018-07-23
b6e50b69ddbd5210737d0c881056771d,1,ba74c6b75d2ad7503175809688d5a03c,7d13fca15225358621be4086e1eb0964,2018-08-07 09:17:42,178.99,13.91,2018-07-23,2018-08-07 09:17:42.000000,2026-08-27T05:22:03.203712+00:00,D:/D drive recovery/Shiva JH/Projects/OneLake Medallion/data/landing/2018-07-23/order_items.parquet,2018-07-23
e9583867c3868714af8937a417c1adc5,1,78a7cc444491481488eb202f4f98903c,5ef131ac72773e5b3f6c0d63cf424657,2018-07-27 12:31:54,45.2,19.51,2018-07-23,2018-07-27 12:31:54.000000,2026-08-27T05:22:03.203712+00:00,D:/D drive recovery/Shiva JH/Projects/OneLake Medallion/data/landing/2018-07-23/order_items.parquet,2018-07-23
f69cf3b291cebc67406533d345c21e01,1,656e0eca68dcecf6a31b8ececfabe3e8,e9bc59e7b60fc3063eb2290deda4cced,2018-08-01 03:50:15,65.9,22.39,2018-07-23,2018-08-01 03:50:15.000000,2026-08-27T05:22:03.203712+00:00,D:/D drive recovery/Shiva JH/Projects/OneLake Medallion/data/landing/2018-07-23/order_items.parquet,2018-07-23
f717c8f177b0e2927fb48196bc6b6383,1,57552a168008a60472e3e6bb351422e7,d8c7ba53e7e38711eaef8c2849d6d2e1,2018-07-26 21:15:11,29.99,22.14,2018-07-23,2018-07-26 21:15:11.000000,2026-08-27T05:22:03.203712+00:00,D:/D drive recovery/Shiva JH/Projects/OneLake Medallion/data/landing/2018-07-23/order_items.parquet,2018-07-23
32c1eb77cf7ceaa6358640e4cad0d14c,1,121f7f44c9e25be4873ca9296542ebd3,6b90f847357d8981edd79a1eb1bf0acb,2018-07-11 22:50:57,85.5,11.62,2018-07-05,2018-07-11 22:50:57.000000,2026-08-27T05:19:25.318726+00:00,D:/D drive recovery/Shiva JH/Projects/OneLake Medallion/data/landing/2018-07-05/order_items.parquet,2018-07-05
76eb528b2b3ae258e1c9a8d0eedad2b4,1,dccab0aeed5632473aa1fccf14846b3a,06a2c3af7b3aee5d69171b0e14f0ee87,2018-07-12 12:31:36,64.99,27.74,2018-07-05,2018-07-12 12:31:36.000000,2026-08-27T05:19:25.318726+00:00,D:/D drive recovery/Shiva JH/Projects/OneLake Medallion/data/landing/2018-07-05/order_items.parquet,2018-07-05
d559ca25e0953705de5c369c8bdebc48,1,9111e84f174a6bef20d95fa5d5f8dde2,d8c7ba53e7e38711eaef8c2849d6d2e1,2018-07-10 16:30:56,84.99,25.47,2018-07-05,2018-07-10 16:30:56.000000,2026-08-27T05:19:25.318726+00:00,D:/D drive recovery/Shiva JH/Projects/OneLake Medallion/data/landing/2018-07-05/order_items.parquet,2018-07-05
e5c7ad83fffff48754bc2696e1ea59fb,1,49bc8792049d0d7acedf5e300d68c5b3,6c99c983ce3b6ba0ab813e6790e81691,2018-07-11 08:30:31,109.9,14.11,2018-07-05,2018-07-11 08:30:31.000000,2026-08-27T05:19:25.318726+00:00,D:/D drive recovery/Shiva JH/Projects/OneLake Medallion/data/landing/2018-07-05/order_items.parquet,2018-07-05
f0755c7d99a4a7f0bfa967f87d657855,1,b7c8f19a99c322aa3d90d93fbe9eb275,0bae85eb84b9fb3bd773911e89288d54,2018-07-09 13:31:57,69.81,19.68,2018-07-05,2018-07-09 13:31:57.000000,2026-08-27T05:19:25.318726+00:00,D:/D drive recovery/Shiva JH/Projects/OneLake Medallion/data/landing/2018-07-05/order_items.parquet,2018-07-05
17a020262f659ee7b1103f36824ee2f6,1,cec09725da5ed01471d9a505e7389d37,4d6d651bd7684af3fffabd5f08d12e5a,2018-07-06 20:30:46,69.9,26.79,2018-07-02,2018-07-06 20:30:46.000000,2026-08-27T05:18:59.817328+00:00,D:/D drive recovery/Shiva JH/Projects/OneLake Medallion/data/landing/2018-07-02/order_items.parquet,2018-07-02
20e966193a16a101f6a264df9dd92968,1,3fbc0ef745950c7932d5f2a446189725,06a2c3af7b3aee5d69171b0e14f0ee87,2018-07-08 22:55:08,66.99,27.75,2018-07-02,2018-07-08 22:55:08.000000,2026-08-27T05:18:59.817328+00:00,D:/D drive recovery/Shiva JH/Projects/OneLake Medallion/data/landing/2018-07-02/order_items.parquet,2018-07-02
44fdca9e41cfd8248c3ac1e369447eff,1,0e2d365a247d105fefc31b17ab8706d9,289cdb325fb7e7f891c38608bf9e0962,2018-07-04 14:30:40,132.2,16.03,2018-07-02,2018-07-04 14:30:40.000000,2026-08-27T05:18:59.817328+00:00,D:/D drive recovery/Shiva JH/Projects/OneLake Medallion/data/landing/2018-07-02/order_items.parquet,2018-07-02
965894a29e84a767db7030a6829aa075,1,f102842fbe436027eeeb7fc76d3063aa,87142160b41353c4e5fca2360caf6f92,2018-07-04 20:10:07,34.9,17.17,2018-07-02,2018-07-04 20:10:07.000000,2026-08-27T05:18:59.817328+00:00,D:/D drive recovery/Shiva JH/Projects/OneLake Medallion/data/landing/2018-07-02/order_items.parquet,2018-07-02
dd162c4f0d3abff78621372170e9c19a,1,740c0ddee707e6ed16e436d2358f5860,e8b4225284fbb02d16f200513f1f395d,2018-07-04 20:10:07,180.4,24.87,2018-07-02,2018-07-04 20:10:07.000000,2026-08-27T05:18:59.817328+00:00,D:/D drive recovery/Shiva JH/Projects/OneLake Medallion/data/landing/2018-07-02/order_items.parquet,2018-07-02
de45fff90798d4416b9ba1b7aa4ccd7b,1,700e755cb2df115278726cbf8cc322fd,54c04bdb5ec46762f8f08c7e8f86ed4a,2018-07-08 21:10:53,270.0,45.82,2018-07-02,2018-07-08 21:10:53.000000,2026-08-27T05:18:59.817328+00:00,D:/D drive recovery/Shiva JH/Projects/OneLake Medallion/data/landing/2018-07-02/order_items.parquet,2018-07-02
f0d367f04ecab8c00411ee7320a5ca77,1,d5151727942c39a516b56c3e21a8bf63,17e34d8224d27a541263c4c64b11a56b,2018-07-06 15:30:26,163.52,20.34,2018-07-02,2018-07-06 15:30:26.000000,2026-08-27T05:18:59.817328+00:00,D:/D drive recovery/Shiva JH/Projects/OneLake Medallion/data/landing/2018-07-02/order_items.parquet,2018-07-02
3735a11cbccd8916dbc9ccf5f671cc2c,1,7f1a77bec0639e473392e91a504272a5,48436dade18ac8b2bce089ec2a041202,2017-08-31 07:55:17,58.9,24.33,2017-08-27,2017-08-31 07:55:17.000000,2026-08-27T05:17:09.287600+00:00,D:/D drive recovery/Shiva JH/Projects/OneLake Medallion/data/landing/2017-08-27/order_items.parquet,2017-08-27
3735a11cbccd8916dbc9ccf5f671cc2c,2,34dabb8af33b3756cf72df05fb327011,0db783cfcd3b73998abc6e10e59a102f,2017-08-31 07:55:17,99.0,8.76,2017-08-27,2017-08-31 07:55:17.000000,2026-08-27T05:17:09.287600+00:00,D:/D drive recovery/Shiva JH/Projects/OneLake Medallion/data/landing/2017-08-27/order_items.parquet,2017-08-27
4405dd1dbfa6260371541a45422c0840,1,b5e13c9a353102f79c6206ff5cb61a50,a49928bcdf77c55c6d6e05e09a9b4ca5,2017-09-01 19:55:26,79.9,11.76,2017-08-27,2017-09-01 19:55:26.000000,2026-08-27T05:17:09.287600+00:00,D:/D drive recovery/Shiva JH/Projects/OneLake Medallion/data/landing/2017-08-27/order_items.parquet,2017-08-27
e37462f737a59fcd8f12079e0e927205,1,a35a9f46dcee0a67c8c7ad8493eb4135,85d9eb9ddc5d00ca9336a2219c97bb13,2017-09-15 04:30:23,31.9,15.79,2017-08-27,2017-09-15 04:30:23.000000,2026-08-27T05:17:09.287600+00:00,D:/D drive recovery/Shiva JH/Projects/OneLake Medallion/data/landing/2017-08-27/order_items.parquet,2017-08-27
259dac9ae7597d3dd6371ad21a6aa57b,1,5c3b598051f68e469d0ea40deb7fb904,e9779976487b77c6d4ac45f75ec7afe9,2017-09-14 05:10:51,30.0,15.1,2017-09-08,2017-09-14 05:10:51.000000,2026-08-27T05:17:09.287600+00:00,D:/D drive recovery/Shiva JH/Projects/OneLake Medallion/data/landing/2017-09-08/order_items.parquet,2017-09-08
b8ab7d209a05e9462921ece50de1c177,1,b0961721fd839e9982420e807758a2a6,1f50f920176fa81dab994f9023523100,2017-09-18 04:26:08,59.9,17.67,2017-09-08,2017-09-18 04:26:08.000000,2026-08-27T05:17:09.287600+00:00,D:/D drive recovery/Shiva JH/Projects/OneLake Medallion/data/landing/2017-09-08/order_items.parquet,2017-09-08
03ea970e60ecfa4b84a69ddc665262a5,1,0a57f7d2c983bcf8188589a5fea4a8da,4869f7a5dfa277a7dca6462dcf3b52b2,2017-09-28 16:30:23,117.0,15.57,2017-09-20,2017-09-28 16:30:23.000000,2026-08-27T05:17:09.287600+00:00,D:/D drive recovery/Shiva JH/Projects/OneLake Medallion/data/landing/2017-09-20/order_items.parquet,2017-09-20
19530a2973e25dffb52a39210f27ebb0,1,7ac0d3f8ac5b60c13d74b02b8cbb4623,f27e33c6d29b5138fa9967bcd445b6d5,2017-09-26 22:30:15,94.9,11.87,2017-09-20,2017-09-26 22:30:15.000000,2026-08-27T05:17:09.287600+00:00,D:/D drive recovery/Shiva JH/Projects/OneLake Medallion/data/landing/2017-09-20/order_items.parquet,2017-09-20
1c2bab4c18a97c3bba457866ee72bdbd,1,fc37e09bb4dadd1eef5e92e954b1c72e,855668e0971d4dfd7bef1b6a4133b41b,2017-09-26 19:04:05,64.99,15.2,2017-09-20,2017-09-26 19:04:05.000000,2026-08-27T05:17:09.287600+00:00,D:/D drive recovery/Shiva JH/Projects/OneLake Medallion/data/landing/2017-09-20/order_items.parquet,2017-09-20
fd174ef3d3535971d1bea4398b2248bd,1,607ef4aa416b93fdeb2a811c2c73ad81,da8622b14eb17ae2831f4ac5b9dab84a,2017-10-03 04:32:50,119.9,13.86,2017-09-20,2017-10-03 04:32:50.000000,2026-08-27T05:17:09.287600+00:00,D:/D drive recovery/Shiva JH/Projects/OneLake Medallion/data/landing/2017-09-20/order_items.parquet,2017-09-20
0aaf8268ec2a56cb1befff78bd5cc190,1,f0e62aeebadb31681187c9548d8aae40,fffd5413c0700ac820c7069d66d98c89,2017-10-06 12:49:15,85.8,12.1,2017-10-02,2017-10-06 12:49:15.000000,2026-08-27T05:17:09.287600+00:00,D:/D drive recovery/Shiva JH/Projects/OneLake Medallion/data/landing/2017-10-02/order_items.parquet,2017-10-02
602a7458f2248260d368f81cd86377a8,1,5af8f974918d5e68bc22ea894296adb6,0bb738e4d789e63e2267697c42d35a2d,2017-10-10 23:24:20,19.9,17.92,2017-10-02,2017-10-10 23:24:20.000000,2026-08-27T05:17:09.287600+00:00,D:/D drive recovery/Shiva JH/Projects/OneLake Medallion/data/landing/2017-10-02/order_items.parquet,2017-10-02
911bdca18557d7d16cfd3964cd603460,1,9bde06b382560a866ee357832761aaf0,de23c3b98a88888289c6f5cc1209054a,2017-10-06 14:35:20,499.9,16.52,2017-10-02,2017-10-06 14:35:20.000000,2026-08-27T05:17:09.287600+00:00,D:/D drive recovery/Shiva JH/Projects/OneLake Medallion/data/landing/2017-10-02/order_items.parquet,2017-10-02
b22fe8539dd76cacfc5337279db388b9,1,fe01b643060a6446e59f58e3021e66b3,2dee2ce60de9709b1a24083217181a1f,2017-10-06 18:33:22,143.0,29.4,2017-10-02,2017-10-06 18:33:22.000000,2026-08-27T05:17:09.287600+00:00,D:/D drive recovery/Shiva JH/Projects/OneLake Medallion/data/landing/2017-10-02/order_items.parquet,2017-10-02
b4a1c1abe13b0e2adafb21da024cef98,1,150c699262a053229e89213dc9c358d2,cd68562d3f44870c08922d380acae552,2017-10-08 21:28:27,116.0,12.31,2017-10-02,2017-10-08 21:28:27.000000,2026-08-27T05:17:09.287600+00:00,D:/D drive recovery/Shiva JH/Projects/OneLake Medallion/data/landing/2017-10-02/order_items.parquet,2017-10-02
f5f61cf2cbe09e08293021b6b12d9e4d,1,e5eadf9be70a4a9fa514019542fc330a,4559697a8f7e637227c2eeaed843baff,2017-10-06 14:49:14,69.9,17.74,2017-10-02,2017-10-06 14:49:14.000000,2026-08-27T05:17:09.287600+00:00,D:/D drive recovery/Shiva JH/Projects/OneLake Medallion/data/landing/2017-10-02/order_items.parquet,2017-10-02
db5a41f8a08f620920c7c413e91a4438,1,1fe1f9dca96414bdc282cddb276db70e,3df020b72d3d44b3af9d110fa3940b65,2017-10-23 04:25:08,49.9,16.79,2017-10-14,2017-10-23 04:25:08.000000,2026-08-27T05:17:09.287600+00:00,D:/D drive recovery/Shiva JH/Projects/OneLake Medallion/data/landing/2017-10-14/order_items.parquet,2017-10-14
db5a41f8a08f620920c7c413e91a4438,2,1fe1f9dca96414bdc282cddb276db70e,3df020b72d3d44b3af9d110fa3940b65,2017-10-23 04:25:08,49.9,16.79,2017-10-14,2017-10-23 04:25:08.000000,2026-08-27T05:17:09.287600+00:00,D:/D drive recovery/Shiva JH/Projects/OneLake Medallion/data/landing/2017-10-14/order_items.parquet,2017-10-14
33a0cbee893f2c8ed0a6abfdc48926b6,1,dd5cf159767b4074d203d21283df2ef6,e8b3a3a38279a82f0e5d006d5e5b7d2c,2017-11-09 12:27:30,39.9,13.37,2017-10-26,2017-11-09 12:27:30.000000,2026-08-27T05:17:09.287600+00:00,D:/D drive recovery/Shiva JH/Projects/OneLake Medallion/data/landing/2017-10-26/order_items.parquet,2017-10-26
5ad82a9fb12ff34f8883ccfaddf3da4f,1,17ad136b7421ea8690fded631b651158,6560211a19b47992c3666cc44a7e94c0,2017-11-03 03:06:36,55.0,7.78,2017-10-26,2017-11-03 03:06:36.000000,2026-08-27T05:17:09.287600+00:00,D:/D drive recovery/Shiva JH/Projects/OneLake Medallion/data/landing/2017-10-26/order_items.parquet,2017-10-26
5ad82a9fb12ff34f8883ccfaddf3da4f,2,17ad136b7421ea8690fded631b651158,6560211a19b47992c3666cc44a7e94c0,2017-11-03 03:06:36,55.0,7.78,2017-10-26,2017-11-03 03:06:36.000000,2026-08-27T05:17:09.287600+00:00,D:/D drive recovery/Shiva JH/Projects/OneLake Medallion/data/landing/2017-10-26/order_items.parquet,2017-10-26
63c7797265c51bbc8aadc80de737f96c,1,5096c7c3620e53dda164502e228d4779,8ca5b19e0263150d2c57afdde2b3d011,2017-11-01 13:14:22,18.9,7.78,2017-10-26,2017-11-01 13:14:22.000000,2026-08-27T05:17:09.287600+00:00,D:/D drive recovery/Shiva JH/Projects/OneLake Medallion/data/landing/2017-10-26/order_items.parquet,2017-10-26
48aaa0a6d934cf4a57020d72908f94cb,1,b12d44209afd3493a2b1e4f19cf4ec19,d2374cbcbb3ca4ab1086534108cc3ab7,2017-11-20 02:50:32,15.9,11.85,2017-11-07,2017-11-20 02:50:32.000000,2026-08-27T05:17:09.287600+00:00,D:/D drive recovery/Shiva JH/Projects/OneLake Medallion/data/landing/2017-11-07/order_items.parquet,2017-11-07
838182c127d317f0eca3ea49a529146d,1,5b226d7c52f86ac72457617f78cff95d,1835b56ce799e6a4dc4eddc053f04066,2017-11-13 10:55:52,56.99,16.16,2017-11-07,2017-11-13 10:55:52.000000,2026-08-27T05:17:09.287600+00:00,D:/D drive recovery/Shiva JH/Projects/OneLake Medallion/data/landing/2017-11-07/order_items.parquet,2017-11-07
af8b2f03e1bfa7e0b86ed73ac5653938,1,b6af4177bdc4b1acc9f8d9d52d614616,83645b1645cdee8953ee54c29ceed564,2017-11-13 10:06:42,74.9,19.76,2017-11-07,2017-11-13 10:06:42.000000,2026-08-27T05:17:09.287600+00:00,D:/D drive recovery/Shiva JH/Projects/OneLake Medallion/data/landing/2017-11-07/order_items.parquet,2017-11-07
b3c0d30328473d54c9e53a0e9aa04aca,1,9f7b48e2d4e4d7375f71a10791faa1b8,259f7b5e6e482c230e5bfaa670b6bb8f,2017-11-13 21:51:10,59.9,19.91,2017-11-07,2017-11-13 21:51:10.000000,2026-08-27T05:17:09.287600+00:00,D:/D drive recovery/Shiva JH/Projects/OneLake Medallion/data/landing/2017-11-07/order_items.parquet,2017-11-07
ce3397e3e383fc93adefff9aa6a9aa7b,1,f23d24b737a58861ed576d2128c439e4,17ca9b9e9b9ef8fdb529001b49ebb50f,2017-11-16 02:47:06,82.97,14.31,2017-11-07,2017-11-16 02:47:06.000000,2026-08-27T05:17:09.287600+00:00,D:/D drive recovery/Shiva JH/Projects/OneLake Medallion/data/landing/2017-11-07/order_items.parquet,2017-11-07
002d040018d12a3853c059f7f23ab5b1,1,97c58626cc3e15d514d2095f69650220,fe2032dab1a61af8794248c8196565c9,2017-11-27 03:47:23,155.0,14.84,2017-11-19,2017-11-27 03:47:23.000000,2026-08-27T05:17:09.287600+00:00,D:/D drive recovery/Shiva JH/Projects/OneLake Medallion/data/landing/2017-11-19/order_items.parquet,2017-11-19
0870d202dc3234340a499505dc36c7a4,1,e03102efbc2229024c89be731f0aedcb,2c9e548be18521d1c43cde1c582c6de8,2017-11-23 18:15:32,37.5,9.34,2017-11-19,2017-11-23 18:15:32.000000,2026-08-27T05:17:09.287600+00:00,D:/D drive recovery/Shiva JH/Projects/OneLake Medallion/data/landing/2017-11-19/order_items.parquet,2017-11-19
4319e802aaabad931ad3a44bd949720d,1,680d5104ebbd8f3cb6a209864ab8891f,6d22a1fcebb6dd08c9cd90b92a93e8d0,2017-11-23 09:30:24,30.9,16.79,2017-11-19,2017-11-23 09:30:24.000000,2026-08-27T05:17:09.287600+00:00,D:/D drive recovery/Shiva JH/Projects/OneLake Medallion/data/landing/2017-11-19/order_items.parquet,2017-11-19
53f3cb0dcdecd62675e235186f24adcf,1,a3c485c1ba93a314a9606492aeb0072c,d71d863e5ef30d94e440c11be17dcd8f,2017-11-23 19:46:19,129.0,31.21,2017-11-19,2017-11-23 19:46:19.000000,2026-08-27T05:17:09.287600+00:00,D:/D drive recovery/Shiva JH/Projects/OneLake Medallion/data/landing/2017-11-19/order_items.parquet,2017-11-19
6961987bf1f3af131cc426530c982cc7,1,e8858707cf7f1edb99f79d50b42717d8,e5d4b2b0c3bca22085f7a19a28de0c42,2017-11-23 17:46:08,32.9,15.79,2017-11-19,2017-11-23 17:46:08.000000,2026-08-27T05:17:09.287600+00:00,D:/D drive recovery/Shiva JH/Projects/OneLake Medallion/data/landing/2017-11-19/order_items.parquet,2017-11-19
e2a03ccf5ea816036608b2d8c3ab8e60,1,d67dba1c3b73cd096ec52d02ba7f359a,f7496d659ca9fdaf323c0aae84176632,2017-12-04 11:50:50,119.9,12.04,2017-11-19,2017-12-04 11:50:50.000000,2026-08-27T05:17:09.287600+00:00,D:/D drive recovery/Shiva JH/Projects/OneLake Medallion/data/landing/2017-11-19/order_items.parquet,2017-11-19
338fe34bc3c6875bdb7981bfb5a53b26,1,20090bcd0d43eb49feb63d53d387780b,05ff92fedb5be47920fea08e501238b9,2017-12-07 21:24:04,158.4,26.39,2017-12-01,2017-12-07 21:24:04.000000,2026-08-27T05:17:09.287600+00:00,D:/D drive recovery/Shiva JH/Projects/OneLake Medallion/data/landing/2017-12-01/order_items.parquet,2017-12-01
666a3fba59ffe0f70203090fdff3a61f,1,fe75529a267b76ac6e96f0c322a899a4,620c87c171fb2a6dd6e8bb4dec959fc6,2017-12-13 16:49:40,129.9,10.32,2017-12-01,2017-12-13 16:49:40.000000,2026-08-27T05:17:09.287600+00:00,D:/D drive recovery/Shiva JH/Projects/OneLake Medallion/data/landing/2017-12-01/order_items.parquet,2017-12-01
78d80f8efd220a6a3b81a6cd1b9737e1,1,1d7db62a21ffb4f220d3e8a05fa77e02,643214e62b870443ccbe55ab29a4dccf,2017-12-07 10:54:21,32.0,15.1,2017-12-01,2017-12-07 10:54:21.000000,2026-08-27T05:17:09.287600+00:00,D:/D drive recovery/Shiva JH/Projects/OneLake Medallion/data/landing/2017-12-01/order_items.parquet,2017-12-01
8f56d95ba4712b40163a057ba5ab89ac,1,495dd714eb32a76c84c675fc016206f6,83353a83fd769dfafa4f21a72b15e3e5,2017-12-08 20:09:32,69.9,20.98,2017-12-01,2017-12-08 20:09:32.000000,2026-08-27T05:17:09.287600+00:00,D:/D drive recovery/Shiva JH/Projects/OneLake Medallion/data/landing/2017-12-01/order_items.parquet,2017-12-01
99c9fec8ab028336e605f216e55337e6,1,a323784ac31c377c5ecaa26b8cb155db,7178f9f4dd81dcef02f62acdf8151e01,2017-12-12 09:19:17,49.9,15.1,2017-12-01,2017-12-12 09:19:17.000000,2026-08-27T05:17:09.287600+00:00,D:/D drive recovery/Shiva JH/Projects/OneLake Medallion/data/landing/2017-12-01/order_items.parquet,2017-12-01
a4626ad7558acf9abc9358586c8bacaf,1,db1e6fed56643b852af3132d255d9ddc,da8622b14eb17ae2831f4ac5b9dab84a,2017-12-07 12:12:43,269.9,28.21,2017-12-01,2017-12-07 12:12:43.000000,2026-08-27T05:17:09.287600+00:00,D:/D drive recovery/Shiva JH/Projects/OneLake Medallion/data/landing/2017-12-01/order_items.parquet,2017-12-01
b5839f6ef0df11dd4912bc5bfa299e3f,1,b969a0b5d4b1c5c7458bf16c0ad407ad,8b321bb669392f5163d04c59e235e066,2017-12-07 11:17:29,9.9,15.1,2017-12-01,2017-12-07 11:17:29.000000,2026-08-27T05:17:09.287600+00:00,D:/D drive recovery/Shiva JH/Projects/OneLake Medallion/data/landing/2017-12-01/order_items.parquet,2017-12-01
c91b29576f970b27d90f5b214c88283f,1,76f71ec385ad031b06d5ad8be0440260,013900e863eace745d3ec7614cab5b1a,2017-12-07 11:58:15,56.8,16.97,2017-12-01,2017-12-07 11:58:15.000000,2026-08-27T05:17:09.287600+00:00,D:/D drive recovery/Shiva JH/Projects/OneLake Medallion/data/landing/2017-12-01/order_items.parquet,2017-12-01
f20cb0150781a32271cd460ad28a5ed2,1,b9518f0140a3efddd3c1ef9ad49d23d8,8581055ce74af1daba164fdbd55a40de,2017-12-08 00:14:13,93.1,14.26,2017-12-01,2017-12-08 00:14:13.000000,2026-08-27T05:17:09.287600+00:00,D:/D drive recovery/Shiva JH/Projects/OneLake Medallion/data/landing/2017-12-01/order_items.parquet,2017-12-01
1d301b935a2555d96600d432bbf859b9,1,ea4f6504cf603bc9b3233999c4ba4ff8,edb1ef5e36e0c8cd84eb3c9b003e486d,2017-12-19 16:10:55,199.65,16.15,2017-12-13,2017-12-19 16:10:55.000000,2026-08-27T05:17:09.287600+00:00,D:/D drive recovery/Shiva JH/Projects/OneLake Medallion/data/landing/2017-12-13/order_items.parquet,2017-12-13
21ca56b276a6b8d082a1261f33786085,1,362b773250263786dd58670d2df42c3b,4c2b230173bb36f9b240f2b8ac11786e,2017-12-19 15:19:27,49.9,14.1,2017-12-13,2017-12-19 15:19:27.000000,2026-08-27T05:17:09.287600+00:00,D:/D drive recovery/Shiva JH/Projects/OneLake Medallion/data/landing/2017-12-13/order_items.parquet,2017-12-13
43836bb9e5c73e492e6361c1c5af52f0,1,726b4e18f00255e2e63491bcba3f60b8,00ee68308b45bc5e2660cd833c3f81cc,2017-12-19 15:30:31,85.0,36.69,2017-12-13,2017-12-19 15:30:31.000000,2026-08-27T05:17:09.287600+00:00,D:/D drive recovery/Shiva JH/Projects/OneLake Medallion/data/landing/2017-12-13/order_items.parquet,2017-12-13
73c8ab38f07dc94389065f7eba4f297a,1,422879e10f46682990de24d770e7f83d,1f50f920176fa81dab994f9023523100,2017-12-21 02:30:41,59.0,13.43,2017-12-13,2017-12-21 02:30:41.000000,2026-08-27T05:17:09.287600+00:00,D:/D drive recovery/Shiva JH/Projects/OneLake Medallion/data/landing/2017-12-13/order_items.parquet,2017-12-13
73c8ab38f07dc94389065f7eba4f297a,2,422879e10f46682990de24d770e7f83d,1f50f920176fa81dab994f9023523100,2017-12-21 02:30:41,59.0,13.43,2017-12-13,2017-12-21 02:30:41.000000,2026-08-27T05:17:09.287600+00:00,D:/D drive recovery/Shiva JH/Projects/OneLake Medallion/data/landing/2017-12-13/order_items.parquet,2017-12-13
73c8ab38f07dc94389065f7eba4f297a,3,422879e10f46682990de24d770e7f83d,1f50f920176fa81dab994f9023523100,2017-12-21 02:30:41,59.0,13.43,2017-12-13,2017-12-21 02:30:41.000000,2026-08-27T05:17:09.287600+00:00,D:/D drive recovery/Shiva JH/Projects/OneLake Medallion/data/landing/2017-12-13/order_items.parquet,2017-12-13
73c8ab38f07dc94389065f7eba4f297a,4,422879e10f46682990de24d770e7f83d,1f50f920176fa81dab994f9023523100,2017-12-21 02:30:41,59.0,13.43,2017-12-13,2017-12-21 02:30:41.000000,2026-08-27T05:17:09.287600+00:00,D:/D drive recovery/Shiva JH/Projects/OneLake Medallion/data/landing/2017-12-13/order_items.parquet,2017-12-13
73c8ab38f07dc94389065f7eba4f297a,5,422879e10f46682990de24d770e7f83d,1f50f920176fa81dab994f9023523100,2017-12-21 02:30:41,59.0,13.43,2017-12-13,2017-12-21 02:30:41.000000,2026-08-27T05:17:09.287600+00:00,D:/D drive recovery/Shiva JH/Projects/OneLake Medallion/data/landing/2017-12-13/order_items.parquet,2017-12-13
73c8ab38f07dc94389065f7eba4f297a,6,422879e10f46682990de24d770e7f83d,1f50f920176fa81dab994f9023523100,2017-12-21 02:30:41,59.0,13.43,2017-12-13,2017-12-21 02:30:41.000000,2026-08-27T05:17:09.287600+00:00,D:/D drive recovery/Shiva JH/Projects/OneLake Medallion/data/landing/2017-12-13/order_items.parquet,2017-12-13
73c8ab38f07dc94389065f7eba4f297a,7,422879e10f46682990de24d770e7f83d,1f50f920176fa81dab994f9023523100,2017-12-21 02:30:41,59.0,13.43,2017-12-13,2017-12-21 02:30:41.000000,2026-08-27T05:17:09.287600+00:00,D:/D drive recovery/Shiva JH/Projects/OneLake Medallion/data/landing/2017-12-13/order_items.parquet,2017-12-13
73c8ab38f07dc94389065f7eba4f297a,8,422879e10f46682990de24d770e7f83d,1f50f920176fa81dab994f9023523100,2017-12-21 02:30:41,59.0,13.43,2017-12-13,2017-12-21 02:30:41.000000,2026-08-27T05:17:09.287600+00:00,D:/D drive recovery/Shiva JH/Projects/OneLake Medallion/data/landing/2017-12-13/order_items.parquet,2017-12-13
73c8ab38f07dc94389065f7eba4f297a,9,422879e10f46682990de24d770e7f83d,1f50f920176fa81dab994f9023523100,2017-12-21 02:30:41,59.0,13.43,2017-12-13,2017-12-21 02:30:41.000000,2026-08-27T05:17:09.287600+00:00,D:/D drive recovery/Shiva JH/Projects/OneLake Medallion/data/landing/2017-12-13/order_items.parquet,2017-12-13
73c8ab38f07dc94389065f7eba4f297a,10,422879e10f46682990de24d770e7f83d,1f50f920176fa81dab994f9023523100,2017-12-21 02:30:41,59.0,13.43,2017-12-13,2017-12-21 02:30:41.000000,2026-08-27T05:17:09.287600+00:00,D:/D drive recovery/Shiva JH/Projects/OneLake Medallion/data/landing/2017-12-13/order_items.parquet,2017-12-13
73c8ab38f07dc94389065f7eba4f297a,11,422879e10f46682990de24d770e7f83d,1f50f920176fa81dab994f9023523100,2017-12-21 02:30:41,59.0,13.43,2017-12-13,2017-12-21 02:30:41.000000,2026-08-27T05:17:09.287600+00:00,D:/D drive recovery/Shiva JH/Projects/OneLake Medallion/data/landing/2017-12-13/order_items.parquet,2017-12-13
73c8ab38f07dc94389065f7eba4f297a,12,422879e10f46682990de24d770e7f83d,1f50f920176fa81dab994f9023523100,2017-12-21 02:30:41,59.0,13.43,2017-12-13,2017-12-21 02:30:41.000000,2026-08-27T05:17:09.287600+00:00,D:/D drive recovery/Shiva JH/Projects/OneLake Medallion/data/landing/2017-12-13/order_items.parquet,2017-12-13
73c8ab38f07dc94389065f7eba4f297a,13,422879e10f46682990de24d770e7f83d,1f50f920176fa81dab994f9023523100,2017-12-21 02:30:41,59.0,13.43,2017-12-13,2017-12-21 02:30:41.000000,2026-08-27T05:17:09.287600+00:00,D:/D drive recovery/Shiva JH/Projects/OneLake Medallion/data/landing/2017-12-13/order_items.parquet,2017-12-13
73c8ab38f07dc94389065f7eba4f297a,14,422879e10f46682990de24d770e7f83d,1f50f920176fa81dab994f9023523100,2017-12-21 02:30:41,59.0,13.43,2017-12-13,2017-12-21 02:30:41.000000,2026-08-27T05:17:09.287600+00:00,D:/D drive recovery/Shiva JH/Projects/OneLake Medallion/data/landing/2017-12-13/order_items.parquet,2017-12-13
8704f37bae751578cdec362f48c61232,1,a662d99595c3b6054702480cb7382afe,a6fe7de3d16f6149ffe280349a8535a0,2017-12-20 07:12:37,59.9,11.92,2017-12-13,2017-12-20 07:12:37.000000,2026-08-27T05:17:09.287600+00:00,D:/D drive recovery/Shiva JH/Projects/OneLake Medallion/data/landing/2017-12-13/order_items.parquet,2017-12-13
a2dd8c16ba2548569497fdc4a440b967,1,42a2c92a0979a949ca4ea89ec5c7b934,813348c996469b40f2e028d5429d3495,2017-12-19 12:50:35,58.9,14.13,2017-12-13,2017-12-19 12:50:35.000000,2026-08-27T05:17:09.287600+00:00,D:/D drive recovery/Shiva JH/Projects/OneLake Medallion/data/landing/2017-12-13/order_items.parquet,2017-12-13
cdab66293e2e4ea2b956d8016c5ad97d,1,a4c1d75f5db22319df894cf3f4609b81,66922902710d126a0e7d26b0e3805106,2017-12-19 09:12:24,115.0,17.06,2017-12-13,2017-12-19 09:12:24.000000,2026-08-27T05:17:09.287600+00:00,D:/D drive recovery/Shiva JH/Projects/OneLake Medallion/data/landing/2017-12-13/order_items.parquet,2017-12-13
fa3b5273908399cce287019297580550,1,8448ca0891d431bffa57301b7dd2ad04,fa1c13f2614d7b5c4749cbc52fecda94,2017-12-19 00:30:29,238.9,8.93,2017-12-13,2017-12-19 00:30:29.000000,2026-08-27T05:17:09.287600+00:00,D:/D drive recovery/Shiva JH/Projects/OneLake Medallion/data/landing/2017-12-13/order_items.parquet,2017-12-13
72a704e8fb6c499fad9b26bd8873bd39,1,c211ff3068fcd2f8898192976d8b3a32,da8622b14eb17ae2831f4ac5b9dab84a,2017-12-29 21:08:41,24.9,9.09,2017-12-25,2017-12-29 21:08:41.000000,2026-08-27T05:17:09.287600+00:00,D:/D drive recovery/Shiva JH/Projects/OneLake Medallion/data/landing/2017-12-25/order_items.parquet,2017-12-25
974c26d25f3764b5acde8a0b556843be,1,3303c5bebf8d9dd9394a38501c4033f6,391fc6631aebcf3004804e51b40bcf1e,2018-01-03 04:12:40,89.91,13.65,2017-12-25,2018-01-03 04:12:40.000000,2026-08-27T05:17:09.287600+00:00,D:/D drive recovery/Shiva JH/Projects/OneLake Medallion/data/landing/2017-12-25/order_items.parquet,2017-12-25
cc6b24184c966c627e754fcdc80e9e53,1,ad2037645597db38527fe3afbe226af2,e9779976487b77c6d4ac45f75ec7afe9,2017-12-29 14:49:25,55.49,9.94,2017-12-25,2017-12-29 14:49:25.000000,2026-08-27T05:17:09.287600+00:00,D:/D drive recovery/Shiva JH/Projects/OneLake Medallion/data/landing/2017-12-25/order_items.parquet,2017-12-25
d65848ec24d6595e5a459c4196c01b7c,1,43423cdffde7fda63d0414ed38c11a73,b1fc4f64df5a0e8b6913ab38803c57a9,2017-12-29 19:30:05,59.99,25.7,2017-12-25,2017-12-29 19:30:05.000000,2026-08-27T05:17:09.287600+00:00,D:/D drive recovery/Shiva JH/Projects/OneLake Medallion/data/landing/2017-12-25/order_items.parquet,2017-12-25
3d44f7b0d44056fcb488f7d2fd22e820,1,f40876e0ef3cd5f9132b1f16b04b1346,620c87c171fb2a6dd6e8bb4dec959fc6,2018-01-12 10:56:52,99.9,18.27,2018-01-06,2018-01-12 10:56:52.000000,2026-08-27T05:17:09.287600+00:00,D:/D drive recovery/Shiva JH/Projects/OneLake Medallion/data/landing/2018-01-06/order_items.parquet,2018-01-06
0bb6d291f1488ae4922e89c2f6105f33,1,ae16b1d896c15ed60614a0d88c4abf03,70c27847eca8195c983ed7e798c56743,2018-07-18 11:08:23,105.99,15.84,2018-07-11,2018-07-18 11:08:23.000000,2026-08-27T05:20:19.296566+00:00,D:/D drive recovery/Shiva JH/Projects/OneLake Medallion/data/landing/2018-07-11/order_items.parquet,2018-07-11
0bb6d291f1488ae4922e89c2f6105f33,2,ae16b1d896c15ed60614a0d88c4abf03,70c27847eca8195c983ed7e798c56743,2018-07-18 11:08:23,105.99,15.84,2018-07-11,2018-07-18 11:08:23.000000,2026-08-27T05:20:19.296566+00:00,D:/D drive recovery/Shiva JH/Projects/OneLake Medallion/data/landing/2018-07-11/order_items.parquet,2018-07-11
442a41b00a8a8bda35511fdf1eb65cc5,1,5b668636d65ddf4e4109c6d8fb13ea56,7c5b05cbdb5542049f38d90d7815b97d,2018-07-16 22:45:43,44.99,7.58,2018-07-11,2018-07-16 22:45:43.000000,2026-08-27T05:20:19.296566+00:00,D:/D drive recovery/Shiva JH/Projects/OneLake Medallion/data/landing/2018-07-11/order_items.parquet,2018-07-11
77e9d2f71c740441b1fce48743b8e358,1,969c31fd56d207713e9475c051d984c8,3903c788ded8dc03b5ebab37a2f3e9a1,2018-07-17 14:30:15,49.0,18.49,2018-07-11,2018-07-17 14:30:15.000000,2026-08-27T05:20:19.296566+00:00,D:/D drive recovery/Shiva JH/Projects/OneLake Medallion/data/landing/2018-07-11/order_items.parquet,2018-07-11
d10503eeef371049c26e11de7d6552dc,1,634256dbcd184b3757ffd7632c9fe52a,42b729f859728f5079499127a9c2ef37,2018-07-13 16:15:17,24.9,7.43,2018-07-11,2018-07-13 16:15:17.000000,2026-08-27T05:20:19.296566+00:00,D:/D drive recovery/Shiva JH/Projects/OneLake Medallion/data/landing/2018-07-11/order_items.parquet,2018-07-11
7448f861b4547fc4407e432c043ee4a0,1,af6fa1b762e2da2c65b98be13d87bab5,d91fb3b7d041e83b64a00a3edfb37e4f,2018-07-19 12:15:14,26.2,18.28,2018-07-15,2018-07-19 12:15:14.000000,2026-08-27T05:20:53.815879+00:00,D:/D drive recovery/Shiva JH/Projects/OneLake Medallion/data/landing/2018-07-15/order_items.parquet,2018-07-15
ceae0f133957c3337b7f630eb8bf80d9,1,829e27d905ccac1f24f6dd5c5898de89,9261d76c62caaf0b24677c2ceb7f8f20,2018-07-19 11:04:08,138.98,24.84,2018-07-15,2018-07-19 11:04:08.000000,2026-08-27T05:20:53.815879+00:00,D:/D drive recovery/Shiva JH/Projects/OneLake Medallion/data/landing/2018-07-15/order_items.parquet,2018-07-15
f1f053637dd55791fa3a8ae1df1f3605,1,990166f4c0d91a6cb92663b4d190ad1e,d94a40fd42351c259927028d163af842,2018-07-18 20:25:32,135.0,86.23,2018-07-15,2018-07-18 20:25:32.000000,2026-08-27T05:20:53.815879+00:00,D:/D drive recovery/Shiva JH/Projects/OneLake Medallion/data/landing/2018-07-15/order_items.parquet,2018-07-15
f9ea6cc9d3f50070aba77ffd39ef6d13,1,b944aabf1fc45c01599ee96c7f4d533e,128639473a139ac0f3e5f5ade55873a5,2018-07-20 16:30:51,18.9,13.47,2018-07-15,2018-07-20 16:30:51.000000,2026-08-27T05:20:53.815879+00:00,D:/D drive recovery/Shiva JH/Projects/OneLake Medallion/data/landing/2018-07-15/order_items.parquet,2018-07-15
fafc6736ffc73023e2685c30aa3822c2,1,155eae0f604655ce68005b34cb88b7c9,6860153b69cc696d5dcfe1cdaaafcf62,2018-07-17 14:05:26,65.49,18.56,2018-07-15,2018-07-17 14:05:26.000000,2026-08-27T05:20:53.815879+00:00,D:/D drive recovery/Shiva JH/Projects/OneLake Medallion/data/landing/2018-07-15/order_items.parquet,2018-07-15
bf88003f2580db7589007ec44bc85695,1,fdf648fe44c2e24e9857c8d4ad5a7028,903037660cf848a717166eb7a06d616e,2017-02-02 20:55:38,22.79,18.0,2017-01-28,2017-02-02 20:55:38.000000,2026-08-27T05:17:09.287600+00:00,D:/D drive recovery/Shiva JH/Projects/OneLake Medallion/data/landing/2017-01-28/order_items.parquet,2017-01-28
0943d27820129d9446a32ca20cf9bee1,1,7d222dee34c6ec0f7562241d7e16d7c2,38102b031c2a15e54623d711bfc753d3,2017-02-13 11:01:14,48.0,24.84,2017-02-09,2017-02-13 11:01:14.000000,2026-08-27T05:17:09.287600+00:00,D:/D drive recovery/Shiva JH/Projects/OneLake Medallion/data/landing/2017-02-09/order_items.parquet,2017-02-09
0943d27820129d9446a32ca20cf9bee1,2,7d222dee34c6ec0f7562241d7e16d7c2,38102b031c2a15e54623d711bfc753d3,2017-02-13 11:01:14,48.0,24.84,2017-02-09,2017-02-13 11:01:14.000000,2026-08-27T05:17:09.287600+00:00,D:/D drive recovery/Shiva JH/Projects/OneLake Medallion/data/landing/2017-02-09/order_items.parquet,2017-02-09
c4314d0c3517d1afc447262855bd2a08,1,089447f48055194b36dd135e1a353cff,a1474fd46fd3430168f7ec202da39408,2017-03-07 17:37:06,99.75,26.96,2017-02-21,2017-03-07 17:37:06.000000,2026-08-27T05:17:09.287600+00:00,D:/D drive recovery/Shiva JH/Projects/OneLake Medallion/data/landing/2017-02-21/order_items.parquet,2017-02-21
78b0df67ddee0b34012114100c7a549d,1,fcb0e3bd6245e82cb0203dca6c126e43,36a968b544695394e4e9d7572688598f,2017-03-20 17:30:07,20.9,10.96,2017-03-05,2017-03-20 17:30:07.000000,2026-08-27T05:17:09.287600+00:00,D:/D drive recovery/Shiva JH/Projects/OneLake Medallion/data/landing/2017-03-05/order_items.parquet,2017-03-05
ad63b1036f777673118b46ace8ac9a27,1,469d5c6b5dfef236029c4bfec6b4fe0f,4aba391bc3b88717ce08eb11e44937b2,2017-03-09 13:05:56,419.0,24.86,2017-03-05,2017-03-09 13:05:56.000000,2026-08-27T05:17:09.287600+00:00,D:/D drive recovery/Shiva JH/Projects/OneLake Medallion/data/landing/2017-03-05/order_items.parquet,2017-03-05
09ae0443d05fc72908daed24036acb22,1,15fdd6032f35d4add5066fb90be28630,6560211a19b47992c3666cc44a7e94c0,2017-03-23 22:24:21,89.0,8.99,2017-03-17,2017-03-23 22:24:21.000000,2026-08-27T05:17:09.287600+00:00,D:/D drive recovery/Shiva JH/Projects/OneLake Medallion/data/landing/2017-03-17/order_items.parquet,2017-03-17
cec8f5f7a13e5ab934a486ec9eb713c8,1,474f95f49724d468f7835af438b6fde5,41b39e28db005d9731d9d485a83b4c38,2017-04-28 15:56:47,32.9,14.52,2017-03-17,2017-04-28 15:56:47.000000,2026-08-27T05:17:09.287600+00:00,D:/D drive recovery/Shiva JH/Projects/OneLake Medallion/data/landing/2017-03-17/order_items.parquet,2017-03-17
cec8f5f7a13e5ab934a486ec9eb713c8,2,474f95f49724d468f7835af438b6fde5,41b39e28db005d9731d9d485a83b4c38,2017-04-28 15:56:47,32.9,14.52,2017-03-17,2017-04-28 15:56:47.000000,2026-08-27T05:17:09.287600+00:00,D:/D drive recovery/Shiva JH/Projects/OneLake Medallion/data/landing/2017-03-17/order_items.parquet,2017-03-17
d493b5c44e863b686314d9f5b6086c82,1,a8856d651600289b162f857e26838480,9616352088dcf83a7c06637f4ebf1c80,2017-04-17 01:05:19,59.9,20.87,2017-04-10,2017-04-17 01:05:19.000000,2026-08-27T05:17:09.287600+00:00,D:/D drive recovery/Shiva JH/Projects/OneLake Medallion/data/landing/2017-04-10/order_items.parquet,2017-04-10
3163a067949a10a752bec5cca69511b2,1,36174802c8879b643cefc0511e7f06ed,01cf7e3d21494c41fb86034f2e714fa1,2017-05-10 15:55:20,257.19,95.78,2017-05-04,2017-05-10 15:55:20.000000,2026-08-27T05:17:09.287600+00:00,D:/D drive recovery/Shiva JH/Projects/OneLake Medallion/data/landing/2017-05-04/order_items.parquet,2017-05-04
8fc027e2e96d738a4816f043f2c946ba,1,12fd8665371236b5b586ea4e448902c8,4a3ca9315b744ce9f8e9374361493884,2017-05-12 13:25:18,89.9,21.08,2017-05-04,2017-05-12 13:25:18.000000,2026-08-27T05:17:09.287600+00:00,D:/D drive recovery/Shiva JH/Projects/OneLake Medallion/data/landing/2017-05-04/order_items.parquet,2017-05-04
b21e6bcd5267e76e22e29c178d43aff5,1,5c5396ff3a1b3d492a2aa04730b25904,23ca5f678e0b3ea6c630b30fa8bf51ea,2017-05-10 23:25:12,27.0,8.72,2017-05-04,2017-05-10 23:25:12.000000,2026-08-27T05:17:09.287600+00:00,D:/D drive recovery/Shiva JH/Projects/OneLake Medallion/data/landing/2017-05-04/order_items.parquet,2017-05-04
b83a53aed7b1da149fe5272c3ea0a9da,1,f285eba83f21f018d6cf58aceb1a8285,a7f13822ceb966b076af67121f87b063,2017-05-15 19:42:20,94.96,32.96,2017-05-04,2017-05-15 19:42:20.000000,2026-08-27T05:17:09.287600+00:00,D:/D drive recovery/Shiva JH/Projects/OneLake Medallion/data/landing/2017-05-04/order_items.parquet,2017-05-04
135adf658da97bfb1a171f1cbe3e15c2,1,d73f1e4ad0322d8442fc9591505381aa,ea6b12bf9ffe2bac34602ec631d97a47,2017-06-05 02:15:46,51.5,8.72,2017-05-16,2017-06-05 02:15:46.000000,2026-08-27T05:17:09.287600+00:00,D:/D drive recovery/Shiva JH/Projects/OneLake Medallion/data/landing/2017-05-16/order_items.parquet,2017-05-16
362aa88dd1265e7b4ea491b5836fb5f6,1,d7324d4c913e7b424cb61675dafc8c10,6750d71153f00fc58829af2a8ef1bcf1,2017-05-23 02:10:12,2799.0,28.0,2017-05-16,2017-05-23 02:10:12.000000,2026-08-27T05:17:09.287600+00:00,D:/D drive recovery/Shiva JH/Projects/OneLake Medallion/data/landing/2017-05-16/order_items.parquet,2017-05-16
6c2332524797ccf47797e85207250b4a,1,4cb6e86e1328e77e20b5f90771683cbe,c3867b4666c7d76867627c2f7fb22e21,2017-05-22 13:25:15,104.0,16.49,2017-05-16,2017-05-22 13:25:15.000000,2026-08-27T05:17:09.287600+00:00,D:/D drive recovery/Shiva JH/Projects/OneLake Medallion/data/landing/2017-05-16/order_items.parquet,2017-05-16
6c2332524797ccf47797e85207250b4a,2,4cb6e86e1328e77e20b5f90771683cbe,c3867b4666c7d76867627c2f7fb22e21,2017-05-22 13:25:15,104.0,16.49,2017-05-16,2017-05-22 13:25:15.000000,2026-08-27T05:17:09.287600+00:00,D:/D drive recovery/Shiva JH/Projects/OneLake Medallion/data/landing/2017-05-16/order_items.parquet,2017-05-16
6c2332524797ccf47797e85207250b4a,3,4cb6e86e1328e77e20b5f90771683cbe,c3867b4666c7d76867627c2f7fb22e21,2017-05-22 13:25:15,104.0,16.49,2017-05-16,2017-05-22 13:25:15.000000,2026-08-27T05:17:09.287600+00:00,D:/D drive recovery/Shiva JH/Projects/OneLake Medallion/data/landing/2017-05-16/order_items.parquet,2017-05-16
6c2332524797ccf47797e85207250b4a,4,4cb6e86e1328e77e20b5f90771683cbe,c3867b4666c7d76867627c2f7fb22e21,2017-05-22 13:25:15,104.0,16.49,2017-05-16,2017-05-22 13:25:15.000000,2026-08-27T05:17:09.287600+00:00,D:/D drive recovery/Shiva JH/Projects/OneLake Medallion/data/landing/2017-05-16/order_items.parquet,2017-05-16
a1d50a1883814a31c8629adf354c1013,1,c18ac1d6cc053c0ec7296b994ae6ffeb,86ccac0b835037332a596a33b6949ee1,2017-05-22 13:10:15,27.9,15.1,2017-05-16,2017-05-22 13:10:15.000000,2026-08-27T05:17:09.287600+00:00,D:/D drive recovery/Shiva JH/Projects/OneLake Medallion/data/landing/2017-05-16/order_items.parquet,2017-05-16
af26a72d60cab61a090fbb420d4c6954,1,c32788bc915b1ce4316822a1b7c4ec91,53e4c6e0f4312d4d2107a8c9cddf45cd,2017-05-22 17:35:17,47.99,11.73,2017-05-16,2017-05-22 17:35:17.000000,2026-08-27T05:17:09.287600+00:00,D:/D drive recovery/Shiva JH/Projects/OneLake Medallion/data/landing/2017-05-16/order_items.parquet,2017-05-16
c2c1d5e4d5168620dcd230dcc8f4130c,1,d918b3f4aa5272c2c3cd088d087ca069,c3cfdc648177fdbbbb35635a37472c53,2017-05-24 09:10:18,126.9,23.76,2017-05-16,2017-05-24 09:10:18.000000,2026-08-27T05:17:09.287600+00:00,D:/D drive recovery/Shiva JH/Projects/OneLake Medallion/data/landing/2017-05-16/order_items.parquet,2017-05-16
e6293b688f0d1387e634ae8841feca17,1,1b11571a0535a643bb18db34b84b7334,48436dade18ac8b2bce089ec2a041202,2017-05-22 11:35:21,69.9,10.9,2017-05-16,2017-05-22 11:35:21.000000,2026-08-27T05:17:09.287600+00:00,D:/D drive recovery/Shiva JH/Projects/OneLake Medallion/data/landing/2017-05-16/order_items.parquet,2017-05-16
e6293b688f0d1387e634ae8841feca17,2,db12039c7ff4e850d48e0312fa9b3473,46dc3b2cc0980fb8ec44634e21d2718e,2017-05-22 11:35:21,50.99,19.45,2017-05-16,2017-05-22 11:35:21.000000,2026-08-27T05:17:09.287600+00:00,D:/D drive recovery/Shiva JH/Projects/OneLake Medallion/data/landing/2017-05-16/order_items.parquet,2017-05-16
3f6a663f694c4e450b66eb8ecbdf73a1,1,662276c22ed1b925786d19da6677e19d,a08692680c77d30a0b4280da5df01c5a,2017-06-05 04:25:18,250.0,10.56,2017-05-28,2017-06-05 04:25:18.000000,2026-08-27T05:17:09.287600+00:00,D:/D drive recovery/Shiva JH/Projects/OneLake Medallion/data/landing/2017-05-28/order_items.parquet,2017-05-28
d1bd65aed378a00706c69353b62cfa2b,1,e5220f9798ae3f322484c60a48ec67f9,a3a38f4affed601eb87a97788c949667,2017-06-01 16:45:14,64.9,16.21,2017-05-28,2017-06-01 16:45:14.000000,2026-08-27T05:17:09.287600+00:00,D:/D drive recovery/Shiva JH/Projects/OneLake Medallion/data/landing/2017-05-28/order_items.parquet,2017-05-28
45f515769238adec68b3ed763acbc3b2,1,c2af5a088a7027f1efe72f4507fd2fbc,ef506c96320abeedfb894c34db06f478,2017-06-14 23:33:36,49.0,14.1,2017-06-09,2017-06-14 23:33:36.000000,2026-08-27T05:17:09.287600+00:00,D:/D drive recovery/Shiva JH/Projects/OneLake Medallion/data/landing/2017-06-09/order_items.parquet,2017-06-09
2e506fd7d44cb2a909964a9328d86e01,1,952670bc019a73f0933157ec82ff6e4f,37be5a7c751166fbc5f8ccba4119e043,2017-07-10 18:24:30,205.0,18.14,2017-07-03,2017-07-10 18:24:30.000000,2026-08-27T05:17:09.287600+00:00,D:/D drive recovery/Shiva JH/Projects/OneLake Medallion/data/landing/2017-07-03/order_items.parquet,2017-07-03
da4c436373694f136c48e1ead3632f06,1,50d77758742285ff49f340ebdf0df5a7,d91fb3b7d041e83b64a00a3edfb37e4f,2017-07-07 12:15:09,26.0,9.94,2017-07-03,2017-07-07 12:15:09.000000,2026-08-27T05:17:09.287600+00:00,D:/D drive recovery/Shiva JH/Projects/OneLake Medallion/data/landing/2017-07-03/order_items.parquet,2017-07-03
29b864f0e9959e828d0be8a00fba46bc,1,db5efde3ad0cc579b130d71c4b2db522,7e93a43ef30c4f03f38b393420bc753a,2017-07-20 18:55:15,229.99,36.93,2017-07-15,2017-07-20 18:55:15.000000,2026-08-27T05:17:09.287600+00:00,D:/D drive recovery/Shiva JH/Projects/OneLake Medallion/data/landing/2017-07-15/order_items.parquet,2017-07-15
ba05596e1b0875fac4abdf6a6d036743,1,99a4788cb24856965c36a24e339b6058,4a3ca9315b744ce9f8e9374361493884,2017-07-20 16:25:11,89.9,15.38,2017-07-15,2017-07-20 16:25:11.000000,2026-08-27T05:17:09.287600+00:00,D:/D drive recovery/Shiva JH/Projects/OneLake Medallion/data/landing/2017-07-15/order_items.parquet,2017-07-15
0dfd5d2f0b9f06775f9630defe80d510,1,88dd63919fc9ab693803578a04a20209,7ddcbb64b5bc1ef36ca8c151f6ec77df,2017-08-02 22:15:19,34.99,11.85,2017-07-27,2017-08-02 22:15:19.000000,2026-08-27T05:17:09.287600+00:00,D:/D drive recovery/Shiva JH/Projects/OneLake Medallion/data/landing/2017-07-27/order_items.parquet,2017-07-27
17c378811f6ab30e2c7d554f2d4fbd44,1,97c948ebc8c04b26b7bbb095d4228f2a,17f51e7198701186712e53a39c564617,2017-08-11 20:50:26,1050.0,250.57,2017-07-27,2017-08-11 20:50:26.000000,2026-08-27T05:17:09.287600+00:00,D:/D drive recovery/Shiva JH/Projects/OneLake Medallion/data/landing/2017-07-27/order_items.parquet,2017-07-27
5e99406dbc4e63affa6367a3fd43c8af,1,96f7628c09cd807b68989261da8ba07c,e333046ce6517bd8bb510291d44f0130,2017-08-02 23:15:06,239.0,22.16,2017-07-27,2017-08-02 23:15:06.000000,2026-08-27T05:17:09.287600+00:00,D:/D drive recovery/Shiva JH/Projects/OneLake Medallion/data/landing/2017-07-27/order_items.parquet,2017-07-27
c770a2c821be1649e3bff529f0e97b7d,1,61038607552ec7c9d5a534afcde11b4e,0c7533c71df861ec58ad7ff999ed0e8d,2017-08-02 09:32:20,23.5,14.1,2017-07-27,2017-08-02 09:32:20.000000,2026-08-27T05:17:09.287600+00:00,D:/D drive recovery/Shiva JH/Projects/OneLake Medallion/data/landing/2017-07-27/order_items.parquet,2017-07-27
c80568cc3de3ee4efd40e9329b74b233,1,29427de7f8a9ee983d9dbc51cec569b4,7a67c85e85bb2ce8582c35f2203ad736,2017-08-02 11:30:07,99.99,38.25,2017-07-27,2017-08-02 11:30:07.000000,2026-08-27T05:17:09.287600+00:00,D:/D drive recovery/Shiva JH/Projects/OneLake Medallion/data/landing/2017-07-27/order_items.parquet,2017-07-27
34797e815a679fdaea88d3aa30dbf46c,1,f1c7f353075ce59d8a6f3cf58f419c9c,37be5a7c751166fbc5f8ccba4119e043,2017-08-16 19:50:15,200.0,22.24,2017-08-08,2017-08-16 19:50:15.000000,2026-08-27T05:17:09.287600+00:00,D:/D drive recovery/Shiva JH/Projects/OneLake Medallion/data/landing/2017-08-08/order_items.parquet,2017-08-08
d43f72571877365b197ee657196d8d30,1,45d53108adfd3c40a54c578f431c45cc,70a12e78e608ac31179aea7f8422044b,2017-08-14 23:10:37,79.95,17.81,2017-08-08,2017-08-14 23:10:37.000000,2026-08-27T05:17:09.287600+00:00,D:/D drive recovery/Shiva JH/Projects/OneLake Medallion/data/landing/2017-08-08/order_items.parquet,2017-08-08
3102ea2ab7ac2a1a88a1286fe68d8ed8,1,c43ab4269cbf91b373263db4c2973cad,48436dade18ac8b2bce089ec2a041202,2017-08-24 21:45:07,48.9,14.88,2017-08-20,2017-08-24 21:45:07.000000,2026-08-27T05:17:09.287600+00:00,D:/D drive recovery/Shiva JH/Projects/OneLake Medallion/data/landing/2017-08-20/order_items.parquet,2017-08-20
3102ea2ab7ac2a1a88a1286fe68d8ed8,2,d65b6607952f9e0d705b1cbdc92ac027,48436dade18ac8b2bce089ec2a041202,2017-08-24 21:45:07,48.9,11.58,2017-08-20,2017-08-24 21:45:07.000000,2026-08-27T05:17:09.287600+00:00,D:/D drive recovery/Shiva JH/Projects/OneLake Medallion/data/landing/2017-08-20/order_items.parquet,2017-08-20
eec4cdb15e74c35073cc163bfd9fa2b2,1,242ec3ff603c92ddc1e59d83b9e40a2d,d98eec89afa3380e14463da2aabaea72,2017-08-24 22:24:43,29.99,8.11,2017-08-20,2017-08-24 22:24:43.000000,2026-08-27T05:17:09.287600+00:00,D:/D drive recovery/Shiva JH/Projects/OneLake Medallion/data/landing/2017-08-20/order_items.parquet,2017-08-20
028369515408fa864cfe50091d4e76c5,1,7f55769896fc6596e7251490b8b5e536,8a32e327fe2c1b3511609d81aaf9f042,2017-09-08 17:04:34,39.99,11.85,2017-09-01,2017-09-08 17:04:34.000000,2026-08-27T05:17:09.287600+00:00,D:/D drive recovery/Shiva JH/Projects/OneLake Medallion/data/landing/2017-09-01/order_items.parquet,2017-09-01
12d9723638a09350ec19ea8d66073249,1,64315bd8c0c47303179dd2e25b579d00,7aa4334be125fcdd2ba64b3180029f14,2017-09-07 22:25:46,84.8,24.9,2017-09-01,2017-09-07 22:25:46.000000,2026-08-27T05:17:09.287600+00:00,D:/D drive recovery/Shiva JH/Projects/OneLake Medallion/data/landing/2017-09-01/order_items.parquet,2017-09-01
1fab4ac9d85079b3da72a11475ae1685,1,7a10781637204d8d10485c71a6108a2e,4869f7a5dfa277a7dca6462dcf3b52b2,2017-09-07 22:31:41,229.9,13.11,2017-09-01,2017-09-07 22:31:41.000000,2026-08-27T05:17:09.287600+00:00,D:/D drive recovery/Shiva JH/Projects/OneLake Medallion/data/landing/2017-09-01/order_items.parquet,2017-09-01
30afa4792f6e5ee287ff87fa649e56f9,1,0900e9b18da6627157a7e47a8ac8fc08,6560211a19b47992c3666cc44a7e94c0,2017-09-12 04:44:19,29.0,7.78,2017-09-01,2017-09-12 04:44:19.000000,2026-08-27T05:17:09.287600+00:00,D:/D drive recovery/Shiva JH/Projects/OneLake Medallion/data/landing/2017-09-01/order_items.parquet,2017-09-01
5a211401338dee5fa1388f6b4b70b456,1,b746f0f77468910428130facb2ee2d1f,080102cd0a76b09e0dcf55fcacc60e05,2017-09-08 13:15:18,42.79,25.63,2017-09-01,2017-09-08 13:15:18.000000,2026-08-27T05:17:09.287600+00:00,D:/D drive recovery/Shiva JH/Projects/OneLake Medallion/data/landing/2017-09-01/order_items.parquet,2017-09-01
5add03213ad417aab3988852ea890572,1,7fb04722aba7a2b632bac8f9819796f3,f3b80352b986ab4d1057a4b724be19d0,2017-09-08 10:55:24,79.0,17.8,2017-09-01,2017-09-08 10:55:24.000000,2026-08-27T05:17:09.287600+00:00,D:/D drive recovery/Shiva JH/Projects/OneLake Medallion/data/landing/2017-09-01/order_items.parquet,2017-09-01
bc4854efd86d9f42140c951c595d20c1,1,657aa59c6c58816ddc4f86c51a2759c9,bfd27a966d91cfaafdb25d076585f0da,2017-09-07 22:31:40,129.0,13.92,2017-09-01,2017-09-07 22:31:40.000000,2026-08-27T05:17:09.287600+00:00,D:/D drive recovery/Shiva JH/Projects/OneLake Medallion/data/landing/2017-09-01/order_items.parquet,2017-09-01
33b50846ef5349564b8be2af1d6000aa,1,a95e101cee281e7cd36dfef5f80fabfe,31ae0774c17fabd06ff707cc5bde005f,2017-09-20 09:30:17,799.99,54.34,2017-09-13,2017-09-20 09:30:17.000000,2026-08-27T05:17:09.287600+00:00,D:/D drive recovery/Shiva JH/Projects/OneLake Medallion/data/landing/2017-09-13/order_items.parquet,2017-09-13
47531efe4ed25555eba8637f9f6dc6ee,1,5b59b0c94f8e31d14fe89dbbfda3df6c,dd2bdf855a9172734fbc3744021ae9b9,2017-09-26 22:24:13,69.9,20.89,2017-09-13,2017-09-26 22:24:13.000000,2026-08-27T05:17:09.287600+00:00,D:/D drive recovery/Shiva JH/Projects/OneLake Medallion/data/landing/2017-09-13/order_items.parquet,2017-09-13
d621888cede8755cd9ddc50a33e1b398,1,1bfe62f326ac7bec0f5a83c10cfff228,3d871de0142ce09b7081e2b9d1733cb1,2017-09-19 19:10:23,54.9,35.7,2017-09-13,2017-09-19 19:10:23.000000,2026-08-27T05:17:09.287600+00:00,D:/D drive recovery/Shiva JH/Projects/OneLake Medallion/data/landing/2017-09-13/order_items.parquet,2017-09-13
18517c2680695f31500ceb6b1840b8e4,1,ae21e20e39807ffbb4b976fd106b937c,46dc3b2cc0980fb8ec44634e21d2718e,2017-10-02 04:07:25,199.99,16.16,2017-09-25,2017-10-02 04:07:25.000000,2026-08-27T05:17:09.287600+00:00,D:/D drive recovery/Shiva JH/Projects/OneLake Medallion/data/landing/2017-09-25/order_items.parquet,2017-09-25
449e7790774601c0b03963b03aa6b193,1,8fd08967e24c75e4db60e884f54cb32b,c3867b4666c7d76867627c2f7fb22e21,2017-10-03 04:07:31,119.0,25.67,2017-09-25,2017-10-03 04:07:31.000000,2026-08-27T05:17:09.287600+00:00,D:/D drive recovery/Shiva JH/Projects/OneLake Medallion/data/landing/2017-09-25/order_items.parquet,2017-09-25
535b29494ee7ee79968ec7d9f42b3e23,1,fdcd8c17805ad801a924cf11272a2834,80e6699fe29150b372a0c8a1ebf7dcc8,2017-10-02 06:32:47,208.9,23.33,2017-09-25,2017-10-02 06:32:47.000000,2026-08-27T05:17:09.287600+00:00,D:/D drive recovery/Shiva JH/Projects/OneLake Medallion/data/landing/2017-09-25/order_items.parquet,2017-09-25
d2d141fcfa835ec7db744de7b57de03c,1,c7bcab3a7039340cf46705f43bab3ee2,2d50d6282f8aa2257819a77bfaa0efe0,2017-09-29 10:45:38,49.0,12.69,2017-09-25,2017-09-29 10:45:38.000000,2026-08-27T05:17:09.287600+00:00,D:/D drive recovery/Shiva JH/Projects/OneLake Medallion/data/landing/2017-09-25/order_items.parquet,2017-09-25
4be3435a18d709c7bec9b8d5651088b4,1,f4f4debbcfcafe6858d1e37a1f6e436e,7c67e1448b00f6e969d365cea6b010ab,2017-10-23 14:05:02,159.94,41.11,2017-10-07,2017-10-23 14:05:02.000000,2026-08-27T05:17:09.287600+00:00,D:/D drive recovery/Shiva JH/Projects/OneLake Medallion/data/landing/2017-10-07/order_items.parquet,2017-10-07
5c347356bed376c15129f3ab48c5dcdb,1,154e7e31ebfa092203795c972e5804a6,cc419e0650a3c5ba77189a1882b7556a,2017-10-18 15:35:20,23.99,7.78,2017-10-07,2017-10-18 15:35:20.000000,2026-08-27T05:17:09.287600+00:00,D:/D drive recovery/Shiva JH/Projects/OneLake Medallion/data/landing/2017-10-07/order_items.parquet,2017-10-07
7bb5a7e4263888da1c8db8cbdc6330c5,1,e71ce72b19b83080d97cf4f06c90d096,376a891762bbdecbc02b4b6adec3fdda,2017-10-25 13:49:25,72.0,12.75,2017-10-19,2017-10-25 13:49:25.000000,2026-08-27T05:17:09.287600+00:00,D:/D drive recovery/Shiva JH/Projects/OneLake Medallion/data/landing/2017-10-19/order_items.parquet,2017-10-19
957dd53876f89c2fcc4d8448da116430,1,7e637e48c425541269e7a45882397f9d,7178f9f4dd81dcef02f62acdf8151e01,2017-10-27 15:49:15,34.9,15.1,2017-10-19,2017-10-27 15:49:15.000000,2026-08-27T05:17:09.287600+00:00,D:/D drive recovery/Shiva JH/Projects/OneLake Medallion/data/landing/2017-10-19/order_items.parquet,2017-10-19
483c0f7f44eec6fd0fbd90914d187226,1,cfdea8fdeffa0be98a7e7d3e1dd71dcd,fffd5413c0700ac820c7069d66d98c89,2017-11-07 15:50:12,178.6,18.5,2017-10-31,2017-11-07 15:50:12.000000,2026-08-27T05:17:09.287600+00:00,D:/D drive recovery/Shiva JH/Projects/OneLake Medallion/data/landing/2017-10-31/order_items.parquet,2017-10-31
8cf0fd0e7dc9c106fa1f09ba6bce7626,1,23bcd6822a33df5534f9b290216eec1f,ac3508719a1d8f5b7614b798f70af136,2017-11-07 15:46:43,129.8,28.29,2017-10-31,2017-11-07 15:46:43.000000,2026-08-27T05:17:09.287600+00:00,D:/D drive recovery/Shiva JH/Projects/OneLake Medallion/data/landing/2017-10-31/order_items.parquet,2017-10-31
952da942e2586c7131de1381aba049a3,1,8ed094bfe076c568f6bb10feada3f75d,7c67e1448b00f6e969d365cea6b010ab,2017-11-14 17:48:18,196.99,31.68,2017-10-31,2017-11-14 17:48:18.000000,2026-08-27T05:17:09.287600+00:00,D:/D drive recovery/Shiva JH/Projects/OneLake Medallion/data/landing/2017-10-31/order_items.parquet,2017-10-31
1093494b7fa933fd10ddc38171db9e58,1,01f1608fbd6fc5b04308ff6157326e6d,ef506c96320abeedfb894c34db06f478,2017-11-21 12:26:51,34.99,15.1,2017-11-12,2017-11-21 12:26:51.000000,2026-08-27T05:17:09.287600+00:00,D:/D drive recovery/Shiva JH/Projects/OneLake Medallion/data/landing/2017-11-12/order_items.parquet,2017-11-12
7cd15a71ceaf712ec5e134996f2f8586,1,e9c1abcc7126360336d8f56d49041a8c,679769a98cfcc6da877c8486ff1c13f3,2017-11-17 12:10:23,349.0,18.2,2017-11-12,2017-11-17 12:10:23.000000,2026-08-27T05:17:09.287600+00:00,D:/D drive recovery/Shiva JH/Projects/OneLake Medallion/data/landing/2017-11-12/order_items.parquet,2017-11-12
8747a928f786c8b31e0afb1b815886bc,1,389d119b48cf3043d311335e499d9c6b,1f50f920176fa81dab994f9023523100,2017-11-21 03:35:40,59.9,13.44,2017-11-12,2017-11-21 03:35:40.000000,2026-08-27T05:17:09.287600+00:00,D:/D drive recovery/Shiva JH/Projects/OneLake Medallion/data/landing/2017-11-12/order_items.parquet,2017-11-12
a2f7984f0b3604184f39c1d5a93813fb,1,42a2c92a0979a949ca4ea89ec5c7b934,813348c996469b40f2e028d5429d3495,2017-11-17 02:10:26,58.9,17.12,2017-11-12,2017-11-17 02:10:26.000000,2026-08-27T05:17:09.287600+00:00,D:/D drive recovery/Shiva JH/Projects/OneLake Medallion/data/landing/2017-11-12/order_items.parquet,2017-11-12
00275bce676303c3bfd7292aefdfa223,1,6490b9f63b0b595e1c1402b46b0f50ad,99eaacc9e6046db1c82b163c5f84869f,2017-12-04 03:32:47,279.9,13.46,2017-11-24,2017-12-04 03:32:47.000000,2026-08-27T05:17:09.287600+00:00,D:/D drive recovery/Shiva JH/Projects/OneLake Medallion/data/landing/2017-11-24/order_items.parquet,2017-11-24
08ea06da9974b971f8fad4929380e24b,1,592962829d5a715304344e656e39108a,8160255418d5aaa7dbdc9f4c64ebda44,2017-11-30 21:38:30,116.9,16.58,2017-11-24,2017-11-30 21:38:30.000000,2026-08-27T05:17:09.287600+00:00,D:/D drive recovery/Shiva JH/Projects/OneLake Medallion/data/landing/2017-11-24/order_items.parquet,2017-11-24
08ea06da9974b971f8fad4929380e24b,2,4f88323d03ffaf090b8fb0116b33c95e,8160255418d5aaa7dbdc9f4c64ebda44,2017-11-30 21:38:30,116.9,16.58,2017-11-24,2017-11-30 21:38:30.000000,2026-08-27T05:17:09.287600+00:00,D:/D drive recovery/Shiva JH/Projects/OneLake Medallion/data/landing/2017-11-24/order_items.parquet,2017-11-24
16e6eb900110dfb1f423bfc65820ff87,1,e2c3ed9aaddfd2312a6a5fe9b3ddadd3,46dc3b2cc0980fb8ec44634e21d2718e,2017-11-30 17:13:16,99.99,16.95,2017-11-24,2017-11-30 17:13:16.000000,2026-08-27T05:17:09.287600+00:00,D:/D drive recovery/Shiva JH/Projects/OneLake Medallion/data/landing/2017-11-24/order_items.parquet,2017-11-24
1a75ed2e9cc04b329fbbf472ea0ea100,1,e33df02e384487f2bcd3788619f89215,53e4c6e0f4312d4d2107a8c9cddf45cd,2017-11-30 14:52:34,19.98,16.11,2017-11-24,2017-11-30 14:52:34.000000,2026-08-27T05:17:09.287600+00:00,D:/D drive recovery/Shiva JH/Projects/OneLake Medallion/data/landing/2017-11-24/order_items.parquet,2017-11-24
3355c17e0d48695739874417b6d421b3,1,fe9dfbe7f974621789683b7b78be2a16,900ba814c251a692506d7834c1218441,2017-11-30 00:56:35,326.16,21.16,2017-11-24,2017-11-30 00:56:35.000000,2026-08-27T05:17:09.287600+00:00,D:/D drive recovery/Shiva JH/Projects/OneLake Medallion/data/landing/2017-11-24/order_items.parquet,2017-11-24
394ff86ee81814bb5f88c7e8ad2812b3,1,88c20c5a22f2ca169af8cfc2df00a7a2,f08c008c8a8d31417763738a1788a2a8,2017-11-29 22:19:37,67.9,8.72,2017-11-24,2017-11-29 22:19:37.000000,2026-08-27T05:17:09.287600+00:00,D:/D drive recovery/Shiva JH/Projects/OneLake Medallion/data/landing/2017-11-24/order_items.parquet,2017-11-24
404ae63d165e7de5dd0bade9787b50c0,1,3dbb89b55f4afdbd3e4230295a4cdfd1,2bf6a2c1e71bbd29a4ad64e6d3c3629f,2017-12-01 18:15:32,1400.0,25.56,2017-11-24,2017-12-01 18:15:32.000000,2026-08-27T05:17:09.287600+00:00,D:/D drive recovery/Shiva JH/Projects/OneLake Medallion/data/landing/2017-11-24/order_items.parquet,2017-11-24
4b268b926cd4a679fd237d8cffb79e20,1,d7238572bdd6dc8facf58ab8f0e3cd29,ea8482cd71df3c1969d7b9473ff13abc,2017-12-04 02:54:38,17.99,15.1,2017-11-24,2017-12-04 02:54:38.000000,2026-08-27T05:17:09.287600+00:00,D:/D drive recovery/Shiva JH/Projects/OneLake Medallion/data/landing/2017-11-24/order_items.parquet,2017-11-24
4bea538b29c975028b7af11cf3bf97f1,1,f84d16882251975d1c1d1c64d551c330,5ee7fd217d08dfe5d3e2f51f96a12c9a,2017-11-30 12:52:25,115.0,18.7,2017-11-24,2017-11-30 12:52:25.000000,2026-08-27T05:17:09.287600+00:00,D:/D drive recovery/Shiva JH/Projects/OneLake Medallion/data/landing/2017-11-24/order_items.parquet,2017-11-24
52e5445828db681d83dccb33a15ecac4,1,e0d64dcfaa3b6db5c54ca298ae101d05,4869f7a5dfa277a7dca6462dcf3b52b2,2017-11-30 20:56:27,170.0,24.06,2017-11-24,2017-11-30 20:56:27.000000,2026-08-27T05:17:09.287600+00:00,D:/D drive recovery/Shiva JH/Projects/OneLake Medallion/data/landing/2017-11-24/order_items.parquet,2017-11-24
5414180e118bc59734a59e7759b1c8af,1,368c6c730842d78016ad823897a372db,1f50f920176fa81dab994f9023523100,2017-11-30 05:53:24,49.0,17.67,2017-11-24,2017-11-30 05:53:24.000000,2026-08-27T05:17:09.287600+00:00,D:/D drive recovery/Shiva JH/Projects/OneLake Medallion/data/landing/2017-11-24/order_items.parquet,2017-11-24
65b93b14fb25e2776692abdbd64a44f7,1,84f5c4f480ad6c9998d6a6860f1a2e41,282f23a9769b2690c5dda22e316f9941,2017-12-04 03:19:55,39.0,16.6,2017-11-24,2017-12-04 03:19:55.000000,2026-08-27T05:17:09.287600+00:00,D:/D drive recovery/Shiva JH/Projects/OneLake Medallion/data/landing/2017-11-24/order_items.parquet,2017-11-24
6c690f3acecd6d2c000b1a67a1a699c3,1,938052cbcbf90d7db22c1ec6321b050d,1d0997ff06b524ce9289ffd75114ecd3,2017-11-30 13:13:20,549.0,61.63,2017-11-24,2017-11-30 13:13:20.000000,2026-08-27T05:17:09.287600+00:00,D:/D drive recovery/Shiva JH/Projects/OneLake Medallion/data/landing/2017-11-24/order_items.parquet,2017-11-24
6c8221844e21df82eaa09b45f2ca47b7,1,368c6c730842d78016ad823897a372db,1f50f920176fa81dab994f9023523100,2017-11-30 20:39:36,49.0,17.67,2017-11-24,2017-11-30 20:39:36.000000,2026-08-27T05:17:09.287600+00:00,D:/D drive recovery/Shiva JH/Projects/OneLake Medallion/data/landing/2017-11-24/order_items.parquet,2017-11-24
75681e645ebf121d79cde28849994e7c,1,6947c3397dae24c49aa4b34b68bf3b09,d1c281d3ae149232351cd8c8cc885f0d,2017-12-01 09:50:41,25.99,11.85,2017-11-24,2017-12-01 09:50:41.000000,2026-08-27T05:17:09.287600+00:00,D:/D drive recovery/Shiva JH/Projects/OneLake Medallion/data/landing/2017-11-24/order_items.parquet,2017-11-24
96eb7f709abac11cbb2502c63d8c1ae6,1,ea28ecb788ab4fd8d5dc8bd4b4274209,82e0a475a88cc9595229d8029273f045,2017-12-01 09:50:40,75.9,14.28,2017-11-24,2017-12-01 09:50:40.000000,2026-08-27T05:17:09.287600+00:00,D:/D drive recovery/Shiva JH/Projects/OneLake Medallion/data/landing/2017-11-24/order_items.parquet,2017-11-24
96eb7f709abac11cbb2502c63d8c1ae6,2,ea28ecb788ab4fd8d5dc8bd4b4274209,82e0a475a88cc9595229d8029273f045,2017-12-01 09:50:40,75.9,14.28,2017-11-24,2017-12-01 09:50:40.000000,2026-08-27T05:17:09.287600+00:00,D:/D drive recovery/Shiva JH/Projects/OneLake Medallion/data/landing/2017-11-24/order_items.parquet,2017-11-24
96eb7f709abac11cbb2502c63d8c1ae6,3,ea28ecb788ab4fd8d5dc8bd4b4274209,82e0a475a88cc9595229d8029273f045,2017-12-01 09:50:40,75.9,14.28,2017-11-24,2017-12-01 09:50:40.000000,2026-08-27T05:17:09.287600+00:00,D:/D drive recovery/Shiva JH/Projects/OneLake Medallion/data/landing/2017-11-24/order_items.parquet,2017-11-24
96eb7f709abac11cbb2502c63d8c1ae6,4,ea28ecb788ab4fd8d5dc8bd4b4274209,82e0a475a88cc9595229d8029273f045,2017-12-01 09:50:40,75.9,14.28,2017-11-24,2017-12-01 09:50:40.000000,2026-08-27T05:17:09.287600+00:00,D:/D drive recovery/Shiva JH/Projects/OneLake Medallion/data/landing/2017-11-24/order_items.parquet,2017-11-24
96eb7f709abac11cbb2502c63d8c1ae6,5,ea28ecb788ab4fd8d5dc8bd4b4274209,82e0a475a88cc9595229d8029273f045,2017-12-01 09:50:40,75.9,14.28,2017-11-24,2017-12-01 09:50:40.000000,2026-08-27T05:17:09.287600+00:00,D:/D drive recovery/Shiva JH/Projects/OneLake Medallion/data/landing/2017-11-24/order_items.parquet,2017-11-24
96eb7f709abac11cbb2502c63d8c1ae6,6,ea28ecb788ab4fd8d5dc8bd4b4274209,82e0a475a88cc9595229d8029273f045,2017-12-01 09:50:40,75.9,14.28,2017-11-24,2017-12-01 09:50:40.000000,2026-08-27T05:17:09.287600+00:00,D:/D drive recovery/Shiva JH/Projects/OneLake Medallion/data/landing/2017-11-24/order_items.parquet,2017-11-24
9d3bb95e31653d7f709918f0979f6d5a,1,cb52e6775d816cbdadade36948e81fc8,9b00ed88b7fdb95d6ff76e27c1b52d16,2017-11-30 01:10:11,44.5,16.79,2017-11-24,2017-11-30 01:10:11.000000,2026-08-27T05:17:09.287600+00:00,D:/D drive recovery/Shiva JH/Projects/OneLake Medallion/data/landing/2017-11-24/order_items.parquet,2017-11-24
b6a5d12becb37fd570472afa5a0daaba,1,240160e0aa04afdf29718fc68f92a47b,6d66611d7c44cc30ce351abc49a68421,2017-11-30 16:31:12,169.9,53.79,2017-11-24,2017-11-30 16:31:12.000000,2026-08-27T05:17:09.287600+00:00,D:/D drive recovery/Shiva JH/Projects/OneLake Medallion/data/landing/2017-11-24/order_items.parquet,2017-11-24
c6318a262b5020f830c5355ef73f09be,1,f9259c9e7c0f12c70f7a81409680a5ff,3db66a856d18a9cba7c9241fc5221c50,2017-11-30 01:13:41,69.9,16.25,2017-11-24,2017-11-30 01:13:41.000000,2026-08-27T05:17:09.287600+00:00,D:/D drive recovery/Shiva JH/Projects/OneLake Medallion/data/landing/2017-11-24/order_items.parquet,2017-11-24
c642d222512a5f6e0b07d52ae97e8e68,1,1d33febb6ca114fb1b9490005ee49de6,0176f73cc1195f367f7b32db1e5b3aa8,2017-11-30 01:13:55,189.9,34.6,2017-11-24,2017-11-30 01:13:55.000000,2026-08-27T05:17:09.287600+00:00,D:/D drive recovery/Shiva JH/Projects/OneLake Medallion/data/landing/2017-11-24/order_items.parquet,2017-11-24
d37320918ed46f4cd29a218da930fb0c,1,3fc18e3aefe7b9346bd15de863fa0365,53e4c6e0f4312d4d2107a8c9cddf45cd,2017-11-29 23:31:30,69.0,13.08,2017-11-24,2017-11-29 23:31:30.000000,2026-08-27T05:17:09.287600+00:00,D:/D drive recovery/Shiva JH/Projects/OneLake Medallion/data/landing/2017-11-24/order_items.parquet,2017-11-24
d3cef289324500ecc29f7f0697299919,1,6cdd53843498f92890544667809f1595,ccc4bbb5f32a6ab2b7066a4130f114e3,2017-12-04 22:39:28,299.0,18.34,2017-11-24,2017-12-04 22:39:28.000000,2026-08-27T05:17:09.287600+00:00,D:/D drive recovery/Shiva JH/Projects/OneLake Medallion/data/landing/2017-11-24/order_items.parquet,2017-11-24
e0043b9e113bdc5f84b14893d62e00ac,1,c6e3c9a59b663e36a8b95b2dde81fa33,5b925e1d006e9476d738aa200751b73b,2017-11-30 04:15:21,159.0,12.32,2017-11-24,2017-11-30 04:15:21.000000,2026-08-27T05:17:09.287600+00:00,D:/D drive recovery/Shiva JH/Projects/OneLake Medallion/data/landing/2017-11-24/order_items.parquet,2017-11-24
ee0ad0da72450479a221d3130c63afd1,1,c0704b7b41d23540e8576c5e84484dcb,729b2d09b2a0bdab221076327f13d050,2017-11-30 00:18:32,31.9,34.15,2017-11-24,2017-11-30 00:18:32.000000,2026-08-27T05:17:09.287600+00:00,D:/D drive recovery/Shiva JH/Projects/OneLake Medallion/data/landing/2017-11-24/order_items.parquet,2017-11-24
fd9ec02005605e0b338a29e03bc6eb30,1,b29c9ac1d3d4e8866f6c4ad814ae9591,5c243662ce92d84573bfaff24c3e3700,2017-11-30 20:52:33,119.9,18.12,2017-11-24,2017-11-30 20:52:33.000000,2026-08-27T05:17:09.287600+00:00,D:/D drive recovery/Shiva JH/Projects/OneLake Medallion/data/landing/2017-11-24/order_items.parquet,2017-11-24
11642e99761a28ab38643f6a876f4e9b,1,afeeea6271148ee1bb15173b8187c431,53243585a1d6dc2643021fd1853d8905,2017-12-12 11:31:04,189.9,18.61,2017-12-06,2017-12-12 11:31:04.000000,2026-08-27T05:17:09.287600+00:00,D:/D drive recovery/Shiva JH/Projects/OneLake Medallion/data/landing/2017-12-06/order_items.parquet,2017-12-06
12841a11f62453c88f68ee1f7cb45c47,1,b365e38a72a4fa2b2cd83e14c0b51754,6d66611d7c44cc30ce351abc49a68421,2017-12-12 16:31:15,53.9,11.88,2017-12-06,2017-12-12 16:31:15.000000,2026-08-27T05:17:09.287600+00:00,D:/D drive recovery/Shiva JH/Projects/OneLake Medallion/data/landing/2017-12-06/order_items.parquet,2017-12-06
5c673b6f0d8e4e50fabaf4428fd2f944,1,515ba7ccc6abbd1c0f5016704a0184e2,66922902710d126a0e7d26b0e3805106,2017-12-13 03:16:15,80.0,16.81,2017-12-06,2017-12-13 03:16:15.000000,2026-08-27T05:17:09.287600+00:00,D:/D drive recovery/Shiva JH/Projects/OneLake Medallion/data/landing/2017-12-06/order_items.parquet,2017-12-06
9526afac09af0c00e87b74eb7290b6ec,1,498297b9721ee352dc65a4df65688433,ff82e8873fba613f2261a9acc896fd84,2017-12-12 12:51:30,14.9,16.11,2017-12-06,2017-12-12 12:51:30.000000,2026-08-27T05:17:09.287600+00:00,D:/D drive recovery/Shiva JH/Projects/OneLake Medallion/data/landing/2017-12-06/order_items.parquet,2017-12-06
46e0dd5cd4dd2530f0e9563886d82e09,1,419cb1b441eda9b92ebd1a1b96090c26,ea8482cd71df3c1969d7b9473ff13abc,2017-12-22 09:38:23,29.99,7.78,2017-12-18,2017-12-22 09:38:23.000000,2026-08-27T05:17:09.287600+00:00,D:/D drive recovery/Shiva JH/Projects/OneLake Medallion/data/landing/2017-12-18/order_items.parquet,2017-12-18
8ae7bca1e289e5b580b39a20f9454900,1,1c21c11ea2efbcaa7ee31c3191300a58,17e34d8224d27a541263c4c64b11a56b,2017-12-26 01:53:21,318.14,17.99,2017-12-18,2017-12-26 01:53:21.000000,2026-08-27T05:17:09.287600+00:00,D:/D drive recovery/Shiva JH/Projects/OneLake Medallion/data/landing/2017-12-18/order_items.parquet,2017-12-18
962938a0eb303d087976fbcbe632723a,1,259bd66612b61aa4e82ce3cde9272bbc,955fee9216a65b617aa5c0531780ce60,2017-12-22 09:31:20,32.0,17.63,2017-12-18,2017-12-22 09:31:20.000000,2026-08-27T05:17:09.287600+00:00,D:/D drive recovery/Shiva JH/Projects/OneLake Medallion/data/landing/2017-12-18/order_items.parquet,2017-12-18
a3d3f48cf45e81344a235255f2dd9010,1,48ee9be392f28ae3a64518a070f4d06a,4a3ca9315b744ce9f8e9374361493884,2017-12-22 14:57:26,69.9,16.25,2017-12-18,2017-12-22 14:57:26.000000,2026-08-27T05:17:09.287600+00:00,D:/D drive recovery/Shiva JH/Projects/OneLake Medallion/data/landing/2017-12-18/order_items.parquet,2017-12-18
a53622dd658d57199cd7a1e677564385,1,95d0a941f616c390aec42628850b99a9,6d66611d7c44cc30ce351abc49a68421,2017-12-26 09:51:46,83.9,15.35,2017-12-18,2017-12-26 09:51:46.000000,2026-08-27T05:17:09.287600+00:00,D:/D drive recovery/Shiva JH/Projects/OneLake Medallion/data/landing/2017-12-18/order_items.parquet,2017-12-18
ddd05ce5cf8b84ccf7f200b027c7753f,1,9cde4f61e193a94c1759e5260804008c,5debea795b07621e1f90532e18f96145,2018-01-16 10:36:28,29.9,12.48,2017-12-18,2018-01-16 10:36:28.000000,2026-08-27T05:17:09.287600+00:00,D:/D drive recovery/Shiva JH/Projects/OneLake Medallion/data/landing/2017-12-18/order_items.parquet,2017-12-18
885d5da568caf7ca9663ddedff5a5aaa,1,9bfc55df037ce3ac01bfd84781adf7e5,b33e7c55446eabf8fe1a42d037ac7d6d,2018-01-05 15:31:17,598.99,37.99,2017-12-30,2018-01-05 15:31:17.000000,2026-08-27T05:17:09.287600+00:00,D:/D drive recovery/Shiva JH/Projects/OneLake Medallion/data/landing/2017-12-30/order_items.parquet,2017-12-30
1e648b21368a3ed91634edf2b262d33c,1,c5fb785eb88d9246c4a9b3e7d47632b5,bd0389da23d89b726abf911cccc54596,2018-01-17 15:09:31,66.9,15.22,2018-01-11,2018-01-17 15:09:31.000000,2026-08-27T05:17:09.287600+00:00,D:/D drive recovery/Shiva JH/Projects/OneLake Medallion/data/landing/2018-01-11/order_items.parquet,2018-01-11
3f220b15c7ba9352cf87f6c869c55314,1,d26fcc1c248f5f9f8340e6061bf1f2b5,6d66611d7c44cc30ce351abc49a68421,2018-01-18 02:35:36,102.9,13.74,2018-01-11,2018-01-18 02:35:36.000000,2026-08-27T05:17:09.287600+00:00,D:/D drive recovery/Shiva JH/Projects/OneLake Medallion/data/landing/2018-01-11/order_items.parquet,2018-01-11
89b8ad4ff7b96f3b514eb7d8c71d771c,1,7835ede5064512ab1149ab95c1d55421,abcd2cb37d46c2c8fb1bf071c859fc5b,2018-01-17 14:30:29,87.12,25.16,2018-01-11,2018-01-17 14:30:29.000000,2026-08-27T05:17:09.287600+00:00,D:/D drive recovery/Shiva JH/Projects/OneLake Medallion/data/landing/2018-01-11/order_items.parquet,2018-01-11
ad2650f8f266036c200a50ceb506a8c6,1,0152f69b6cf919bcdaf117aa8c43e5a2,d2374cbcbb3ca4ab1086534108cc3ab7,2018-01-31 23:31:12,13.9,15.1,2018-01-11,2018-01-31 23:31:12.000000,2026-08-27T05:17:09.287600+00:00,D:/D drive recovery/Shiva JH/Projects/OneLake Medallion/data/landing/2018-01-11/order_items.parquet,2018-01-11
4bfddd9392014699ab2cbae22a27a574,1,fd68051e3deccde23af3d77152129c5a,6a51fc556dab5f766ced6fbc860bc613,2018-01-29 11:50:47,163.69,15.9,2018-01-23,2018-01-29 11:50:47.000000,2026-08-27T05:17:09.287600+00:00,D:/D drive recovery/Shiva JH/Projects/OneLake Medallion/data/landing/2018-01-23/order_items.parquet,2018-01-23
4bfddd9392014699ab2cbae22a27a574,2,fd68051e3deccde23af3d77152129c5a,6a51fc556dab5f766ced6fbc860bc613,2018-01-29 11:50:47,163.69,15.9,2018-01-23,2018-01-29 11:50:47.000000,2026-08-27T05:17:09.287600+00:00,D:/D drive recovery/Shiva JH/Projects/OneLake Medallion/data/landing/2018-01-23/order_items.parquet,2018-01-23
6e49598a67a4161d3fe1299418fe5d43,1,332842d24e84234cd91299a225de76ab,634964b17796e64304cadf1ad3050fb7,2018-01-29 15:07:15,399.0,17.54,2018-01-23,2018-01-29 15:07:15.000000,2026-08-27T05:17:09.287600+00:00,D:/D drive recovery/Shiva JH/Projects/OneLake Medallion/data/landing/2018-01-23/order_items.parquet,2018-01-23
6e49598a67a4161d3fe1299418fe5d43,2,332842d24e84234cd91299a225de76ab,634964b17796e64304cadf1ad3050fb7,2018-01-29 15:07:15,399.0,17.54,2018-01-23,2018-01-29 15:07:15.000000,2026-08-27T05:17:09.287600+00:00,D:/D drive recovery/Shiva JH/Projects/OneLake Medallion/data/landing/2018-01-23/order_items.parquet,2018-01-23
d3775e436e60258e62e678a0f68a0f8d,1,6f5a84d79bc9f79ecd9095e91fc47a2d,2a7dc43cecabf23403078e2188437d1d,2018-01-29 01:19:24,199.9,25.95,2018-01-23,2018-01-29 01:19:24.000000,2026-08-27T05:17:09.287600+00:00,D:/D drive recovery/Shiva JH/Projects/OneLake Medallion/data/landing/2018-01-23/order_items.parquet,2018-01-23
2a430c80705b17c17f1e9e5b138e52d5,1,cbfe76ab27b6cb27aaafcc2199f9dab9,c3867b4666c7d76867627c2f7fb22e21,2018-02-09 11:36:09,189.9,46.92,2018-02-04,2018-02-09 11:36:09.000000,2026-08-27T05:17:09.287600+00:00,D:/D drive recovery/Shiva JH/Projects/OneLake Medallion/data/landing/2018-02-04/order_items.parquet,2018-02-04
730dc1ff917580e99d067d00abaccaef,1,c69dd9ac363d46d6e2ce4b11a0ee164b,8581055ce74af1daba164fdbd55a40de,2018-02-09 17:49:18,65.55,11.73,2018-02-04,2018-02-09 17:49:18.000000,2026-08-27T05:17:09.287600+00:00,D:/D drive recovery/Shiva JH/Projects/OneLake Medallion/data/landing/2018-02-04/order_items.parquet,2018-02-04
f896589d5423240044b0425caf71bc96,1,9c711b24a6ec15a6cf438a0fa80d25d1,0adac9fbd9a2b63cccaac4f8756c1ca8,2018-02-08 17:49:07,36.9,16.11,2018-02-04,2018-02-08 17:49:07.000000,2026-08-27T05:17:09.287600+00:00,D:/D drive recovery/Shiva JH/Projects/OneLake Medallion/data/landing/2018-02-04/order_items.parquet,2018-02-04
30123d8900ab69af8d7017c4e66ea57e,1,4c2394abfbac7ff59ec7a420918562fa,cc419e0650a3c5ba77189a1882b7556a,2018-02-23 11:10:46,84.99,16.35,2018-02-16,2018-02-23 11:10:46.000000,2026-08-27T05:17:09.287600+00:00,D:/D drive recovery/Shiva JH/Projects/OneLake Medallion/data/landing/2018-02-16/order_items.parquet,2018-02-16
8180b588f7239fba96aeaa6985040c1a,1,f7740e5b4337a3cc4a8a204553101a85,edb1ef5e36e0c8cd84eb3c9b003e486d,2018-02-22 19:10:25,599.65,38.0,2018-02-16,2018-02-22 19:10:25.000000,2026-08-27T05:17:09.287600+00:00,D:/D drive recovery/Shiva JH/Projects/OneLake Medallion/data/landing/2018-02-16/order_items.parquet,2018-02-16
cdeec5de39a62045ad7edd0f00cc8858,1,2c0794594e639865fe2ff4085c935544,8629a7efec1aab257e58cda559f03ba7,2018-02-22 13:10:29,45.22,18.89,2018-02-16,2018-02-22 13:10:29.000000,2026-08-27T05:17:09.287600+00:00,D:/D drive recovery/Shiva JH/Projects/OneLake Medallion/data/landing/2018-02-16/order_items.parquet,2018-02-16
d5f1b4c2e52be04dafb9cdacb1b86921,1,bddc1407637849d18d139b4012e4406a,48162d548f5b1b11b9d29d1e01f75a61,2018-02-22 02:35:27,72.0,17.75,2018-02-16,2018-02-22 02:35:27.000000,2026-08-27T05:17:09.287600+00:00,D:/D drive recovery/Shiva JH/Projects/OneLake Medallion/data/landing/2018-02-16/order_items.parquet,2018-02-16
f42afa7297d7d5f4c540fd31c4196821,1,cc7d8d232e6f5f27b70be81b68e27d6e,da8622b14eb17ae2831f4ac5b9dab84a,2018-02-22 12:46:48,259.9,26.66,2018-02-16,2018-02-22 12:46:48.000000,2026-08-27T05:17:09.287600+00:00,D:/D drive recovery/Shiva JH/Projects/OneLake Medallion/data/landing/2018-02-16/order_items.parquet,2018-02-16
2c7e3ff60588c94964e40bd1dca4415f,1,bb42f37fc3d9130e4a4339d24a47dd7c,da8622b14eb17ae2831f4ac5b9dab84a,2018-03-06 20:25:29,44.9,15.1,2018-02-28,2018-03-06 20:25:29.000000,2026-08-27T05:17:09.287600+00:00,D:/D drive recovery/Shiva JH/Projects/OneLake Medallion/data/landing/2018-02-28/order_items.parquet,2018-02-28
6ce409ae9fc35c1c78c3190b660a23b4,1,0d85c435fd60b277ffb9e9b0f88f927a,f457c46070d02cadd8a68551231220dd,2018-03-06 12:15:34,72.0,16.95,2018-02-28,2018-03-06 12:15:34.000000,2026-08-27T05:17:09.287600+00:00,D:/D drive recovery/Shiva JH/Projects/OneLake Medallion/data/landing/2018-02-28/order_items.parquet,2018-02-28
6ce409ae9fc35c1c78c3190b660a23b4,2,ee57070aa3b24a06fdd0e02efd2d757d,f457c46070d02cadd8a68551231220dd,2018-03-06 12:15:34,74.9,16.95,2018-02-28,2018-03-06 12:15:34.000000,2026-08-27T05:17:09.287600+00:00,D:/D drive recovery/Shiva JH/Projects/OneLake Medallion/data/landing/2018-02-28/order_items.parquet,2018-02-28
7ec86dae6dc7ee75dd06ce14839f34da,1,f999580a69ce2d199677c5b6a5472aee,634964b17796e64304cadf1ad3050fb7,2018-03-07 07:10:26,35.9,14.1,2018-02-28,2018-03-07 07:10:26.000000,2026-08-27T05:17:09.287600+00:00,D:/D drive recovery/Shiva JH/Projects/OneLake Medallion/data/landing/2018-02-28/order_items.parquet,2018-02-28
8e3ab8811f9c3a04413aa4e14f84b872,1,62d8daeee0db3a60c234c2d1bfd10651,d2374cbcbb3ca4ab1086534108cc3ab7,2018-03-09 02:48:56,30.9,15.1,2018-02-28,2018-03-09 02:48:56.000000,2026-08-27T05:17:09.287600+00:00,D:/D drive recovery/Shiva JH/Projects/OneLake Medallion/data/landing/2018-02-28/order_items.parquet,2018-02-28
aae245e2849c2032f94d4baad11dab79,1,799e525b4327b03a6d4a325e68c6cad1,1eade46fba20122dc4aefb379f8c636b,2018-03-06 11:30:59,56.99,12.74,2018-02-28,2018-03-06 11:30:59.000000,2026-08-27T05:17:09.287600+00:00,D:/D drive recovery/Shiva JH/Projects/OneLake Medallion/data/landing/2018-02-28/order_items.parquet,2018-02-28
bd34c0a8e58e5e3a0116f8be431a86ff,1,eb47d7ea4e5611684330021baa317c17,5dceca129747e92ff8ef7a997dc4f8ca,2018-03-06 20:15:34,887.0,26.7,2018-02-28,2018-03-06 20:15:34.000000,2026-08-27T05:17:09.287600+00:00,D:/D drive recovery/Shiva JH/Projects/OneLake Medallion/data/landing/2018-02-28/order_items.parquet,2018-02-28
e914e961033af34e2fc13b3b0d698a94,1,6a2909ac21d16b721e4795e7e8ff3e68,0509040ea3fe50071181bbc359eb7738,2018-03-06 10:15:35,23.8,15.79,2018-02-28,2018-03-06 10:15:35.000000,2026-08-27T05:17:09.287600+00:00,D:/D drive recovery/Shiva JH/Projects/OneLake Medallion/data/landing/2018-02-28/order_items.parquet,2018-02-28
ed4e8b0a842c00f7ff68654911fbea63,1,b9c742d2c1b06bc064c7aee11440e5ad,92eb0f42c21942b6552362b9b114707d,2018-03-07 11:14:33,16.97,17.63,2018-02-28,2018-03-07 11:14:33.000000,2026-08-27T05:17:09.287600+00:00,D:/D drive recovery/Shiva JH/Projects/OneLake Medallion/data/landing/2018-02-28/order_items.parquet,2018-02-28
fbefd1a1d596025d72cd7cbf21c4f804,1,7b85e3deef35afd6ebed5461ee8f0641,ede0c03645598cdfc63ca8237acbe73d,2018-03-06 12:10:01,30.21,15.1,2018-02-28,2018-03-06 12:10:01.000000,2026-08-27T05:17:09.287600+00:00,D:/D drive recovery/Shiva JH/Projects/OneLake Medallion/data/landing/2018-02-28/order_items.parquet,2018-02-28
40a5bd91abf23d336d1f3584101d860d,1,5afde944579b289b99c1ee420b2ad73d,620c87c171fb2a6dd6e8bb4dec959fc6,2018-03-16 10:30:45,119.9,51.34,2018-03-12,2018-03-16 10:30:45.000000,2026-08-27T05:17:09.287600+00:00,D:/D drive recovery/Shiva JH/Projects/OneLake Medallion/data/landing/2018-03-12/order_items.parquet,2018-03-12
412e4fb4c148a6d31f905c16481d75e6,1,97c6f57881227cc97e87be3e34f108f8,8648b1e89e9b349e32d3741b30ec737e,2018-03-19 04:30:38,169.0,23.76,2018-03-12,2018-03-19 04:30:38.000000,2026-08-27T05:17:09.287600+00:00,D:/D drive recovery/Shiva JH/Projects/OneLake Medallion/data/landing/2018-03-12/order_items.parquet,2018-03-12
64600db8a4995fc16ae799da1eace4be,1,db05ec86bc6eba7fe32b9c739d31b10d,0bf0150d5b9d60d9cd2906003332f085,2018-03-16 15:47:04,99.9,40.09,2018-03-12,2018-03-16 15:47:04.000000,2026-08-27T05:17:09.287600+00:00,D:/D drive recovery/Shiva JH/Projects/OneLake Medallion/data/landing/2018-03-12/order_items.parquet,2018-03-12
690ce80c28087f2dc808a71e7ea057fd,1,a5341e3f8155dbb3e62323d3ea289729,ff063b022a9a0aab91bad2c9088760b7,2018-03-16 15:00:47,93.0,12.56,2018-03-12,2018-03-16 15:00:47.000000,2026-08-27T05:17:09.287600+00:00,D:/D drive recovery/Shiva JH/Projects/OneLake Medallion/data/landing/2018-03-12/order_items.parquet,2018-03-12
90d5620d5953ab91dee8d433291dd274,1,6f9d3ff69fea5b27532628c987f4b49a,7142540dd4c91e2237acb7e911c4eba2,2018-03-18 21:48:13,429.9,45.07,2018-03-12,2018-03-18 21:48:13.000000,2026-08-27T05:17:09.287600+00:00,D:/D drive recovery/Shiva JH/Projects/OneLake Medallion/data/landing/2018-03-12/order_items.parquet,2018-03-12
cd2774a60636ce7ebc1f7efa829bf729,1,98e06076f757bc9d675b9f39b9672be9,e595809a6c31ec4314fd06ef198c244d,2018-03-16 03:28:34,39.0,18.23,2018-03-12,2018-03-16 03:28:34.000000,2026-08-27T05:17:09.287600+00:00,D:/D drive recovery/Shiva JH/Projects/OneLake Medallion/data/landing/2018-03-12/order_items.parquet,2018-03-12
15341b05d64b1a27163a196767a80afe,1,9e261f5543c32312afa68843fabcc119,a5cba26a62b8b4d0145b68b841e62e7f,2018-04-05 11:47:39,530.0,76.08,2018-03-24,2018-04-05 11:47:39.000000,2026-08-27T05:17:09.287600+00:00,D:/D drive recovery/Shiva JH/Projects/OneLake Medallion/data/landing/2018-03-24/order_items.parquet,2018-03-24
4aaf9b9778e313ecfcfe11ba5673b136,1,9f9d0d6ad3c84f4f0f6748167d2a6dfc,714b9a1332840f257b49f476bea4e341,2018-03-29 15:10:24,249.99,38.44,2018-03-24,2018-03-29 15:10:24.000000,2026-08-27T05:17:09.287600+00:00,D:/D drive recovery/Shiva JH/Projects/OneLake Medallion/data/landing/2018-03-24/order_items.parquet,2018-03-24
df81dcb40098fb783a6525fa2f868bc9,1,ffc0b406806006602c5853b00ab5f7fd,d93919c944be9cff128f6c9cb899eacb,2018-03-29 16:56:07,79.9,35.69,2018-03-24,2018-03-29 16:56:07.000000,2026-08-27T05:17:09.287600+00:00,D:/D drive recovery/Shiva JH/Projects/OneLake Medallion/data/landing/2018-03-24/order_items.parquet,2018-03-24
0d799dd97f4ffcecba2864882585f677,1,11250b0d4b709fee92441c5f34122aed,e59aa562b9f8076dd550fcddf0e73491,2018-04-12 13:48:00,412.0,20.4,2018-04-05,2018-04-12 13:48:00.000000,2026-08-27T05:17:09.287600+00:00,D:/D drive recovery/Shiva JH/Projects/OneLake Medallion/data/landing/2018-04-05/order_items.parquet,2018-04-05
4ab2f2ac4c50d1a98dab6d9541a633ee,1,b3145c36d221143053908beb4564bad9,79ebd9a61bac3eaf882805ed4ecfa12a,2018-04-11 18:50:14,64.9,23.38,2018-04-05,2018-04-11 18:50:14.000000,2026-08-27T05:17:09.287600+00:00,D:/D drive recovery/Shiva JH/Projects/OneLake Medallion/data/landing/2018-04-05/order_items.parquet,2018-04-05
824ed066dde5116b8bcf4d75381e056d,1,d6aa421b9567e3e2a3a0caf8fb846cbc,3be634553519fb6536a03e1358e9fdc7,2018-04-11 11:35:27,44.9,12.43,2018-04-05,2018-04-11 11:35:27.000000,2026-08-27T05:17:09.287600+00:00,D:/D drive recovery/Shiva JH/Projects/OneLake Medallion/data/landing/2018-04-05/order_items.parquet,2018-04-05
824ed066dde5116b8bcf4d75381e056d,2,d6aa421b9567e3e2a3a0caf8fb846cbc,3be634553519fb6536a03e1358e9fdc7,2018-04-11 11:35:27,44.9,12.43,2018-04-05,2018-04-11 11:35:27.000000,2026-08-27T05:17:09.287600+00:00,D:/D drive recovery/Shiva JH/Projects/OneLake Medallion/data/landing/2018-04-05/order_items.parquet,2018-04-05
88236ec3283901ac03893885acd80574,1,42a2c92a0979a949ca4ea89ec5c7b934,813348c996469b40f2e028d5429d3495,2018-04-13 18:11:56,56.5,13.43,2018-04-05,2018-04-13 18:11:56.000000,2026-08-27T05:17:09.287600+00:00,D:/D drive recovery/Shiva JH/Projects/OneLake Medallion/data/landing/2018-04-05/order_items.parquet,2018-04-05
618b0dccb6cd114a77a84daef8d565c4,1,e53e557d5a159f5aa2c5e995dfdf244b,88460e8ebdecbfecb5f9601833981930,2018-04-23 13:15:11,74.9,4.45,2018-04-17,2018-04-23 13:15:11.000000,2026-08-27T05:17:09.287600+00:00,D:/D drive recovery/Shiva JH/Projects/OneLake Medallion/data/landing/2018-04-17/order_items.parquet,2018-04-17
618b0dccb6cd114a77a84daef8d565c4,2,56cdfe67fbda57c1dcc752f5f361f981,1c68394e931a64f90ea236c5ea590300,2018-04-25 13:15:11,119.86,41.54,2018-04-17,2018-04-25 13:15:11.000000,2026-08-27T05:17:09.287600+00:00,D:/D drive recovery/Shiva JH/Projects/OneLake Medallion/data/landing/2018-04-17/order_items.parquet,2018-04-17
886a55792a14cb019feabb58baa814c7,1,aa4a9621d7eb2b1de179cd95fdcfe984,951e8cef368f09bb3f3d03c00ca4702c,2018-04-24 08:30:55,39.99,12.79,2018-04-17,2018-04-24 08:30:55.000000,2026-08-27T05:17:09.287600+00:00,D:/D drive recovery/Shiva JH/Projects/OneLake Medallion/data/landing/2018-04-17/order_items.parquet,2018-04-17
d20dc9a4af7f6a0c44930ff40e4d6725,1,601246640d8ec23920b0755fd05caf83,c4f7fee5b0db50e87766f5a4d1b1b758,2018-04-25 17:50:45,119.99,11.7,2018-04-17,2018-04-25 17:50:45.000000,2026-08-27T05:17:09.287600+00:00,D:/D drive recovery/Shiva JH/Projects/OneLake Medallion/data/landing/2018-04-17/order_items.parquet,2018-04-17
328c309ec547992c3c426906fe279dc0,1,4651cbf18222b853f46619003d9861f3,955fee9216a65b617aa5c0531780ce60,2018-05-04 09:55:14,80.0,15.44,2018-04-29,2018-05-04 09:55:14.000000,2026-08-27T05:17:09.287600+00:00,D:/D drive recovery/Shiva JH/Projects/OneLake Medallion/data/landing/2018-04-29/order_items.parquet,2018-04-29
a5a3c295445dd23736b0a5c49bf376dd,1,a92930c327948861c015c919a0bcb4a8,6560211a19b47992c3666cc44a7e94c0,2018-05-04 16:15:16,78.0,7.41,2018-04-29,2018-05-04 16:15:16.000000,2026-08-27T05:17:09.287600+00:00,D:/D drive recovery/Shiva JH/Projects/OneLake Medallion/data/landing/2018-04-29/order_items.parquet,2018-04-29
b1c87cf3c9ac90d18dbf33b6a5c32d83,1,e0cf79767c5b016251fe139915c59a26,da8622b14eb17ae2831f4ac5b9dab84a,2018-05-07 05:13:50,29.9,7.71,2018-04-29,2018-05-07 05:13:50.000000,2026-08-27T05:17:09.287600+00:00,D:/D drive recovery/Shiva JH/Projects/OneLake Medallion/data/landing/2018-04-29/order_items.parquet,2018-04-29
ca8abc474e7636166e173909fa9973ce,1,4aa6014eceb682077f9dc4bffebc05b0,b8bc237ba3788b23da09c0f1f3a3288c,2018-05-07 06:12:49,299.99,18.62,2018-04-29,2018-05-07 06:12:49.000000,2026-08-27T05:17:09.287600+00:00,D:/D drive recovery/Shiva JH/Projects/OneLake Medallion/data/landing/2018-04-29/order_items.parquet,2018-04-29
e450bc6e7ca8d8338ef53b5cf23b72ce,1,b5adf7b72a7eb667aafd446581c35f3f,c60b801f2d52c7f7f91de00870882a75,2018-05-04 02:00:06,241.0,19.57,2018-04-29,2018-05-04 02:00:06.000000,2026-08-27T05:17:09.287600+00:00,D:/D drive recovery/Shiva JH/Projects/OneLake Medallion/data/landing/2018-04-29/order_items.parquet,2018-04-29
07b683def65270f286578e5208c5adc0,1,95f04ee255992d18cec1e3df22f82a6b,33ac3e28642ab8bda860a2f693000e78,2018-05-16 21:15:14,149.99,8.81,2018-05-11,2018-05-16 21:15:14.000000,2026-08-27T05:17:09.287600+00:00,D:/D drive recovery/Shiva JH/Projects/OneLake Medallion/data/landing/2018-05-11/order_items.parquet,2018-05-11
10946918b6dfb9d446d7fd1a39a45055,1,2da57168cd8fff36cb88b21369ce7e6d,5bc24d989e71e93c33e50a7782431b0e,2018-05-16 21:37:07,120.0,27.57,2018-05-11,2018-05-16 21:37:07.000000,2026-08-27T05:17:09.287600+00:00,D:/D drive recovery/Shiva JH/Projects/OneLake Medallion/data/landing/2018-05-11/order_items.parquet,2018-05-11
2345b8390d7bd4e3dd2bdd0dd7ab89cb,1,7dd3fec3502f7ef333da2a73e00db394,52956b80ae65fda598f06f6b9943e7a9,2018-05-17 14:30:37,264.0,19.73,2018-05-11,2018-05-17 14:30:37.000000,2026-08-27T05:17:09.287600+00:00,D:/D drive recovery/Shiva JH/Projects/OneLake Medallion/data/landing/2018-05-11/order_items.parquet,2018-05-11
4964b712511de5c351d07b12d57e5cc7,1,94e6d7727bd670351f1a806a221d1dba,7ad32824caee82087b3e2e5f33b1bf32,2018-05-21 03:55:59,37.0,18.23,2018-05-11,2018-05-21 03:55:59.000000,2026-08-27T05:17:09.287600+00:00,D:/D drive recovery/Shiva JH/Projects/OneLake Medallion/data/landing/2018-05-11/order_items.parquet,2018-05-11
4964b712511de5c351d07b12d57e5cc7,2,67d1732a904be023de826d53879c3534,7ad32824caee82087b3e2e5f33b1bf32,2018-05-21 03:55:59,37.0,18.23,2018-05-11,2018-05-21 03:55:59.000000,2026-08-27T05:17:09.287600+00:00,D:/D drive recovery/Shiva JH/Projects/OneLake Medallion/data/landing/2018-05-11/order_items.parquet,2018-05-11
8f79a0d3f0989f318565ef2aa28577fb,1,b8077b05c6b4d89a64114fd0c71d0097,f12ff17ad8bbf01ec5c33b17e506649b,2018-05-17 15:38:06,133.0,27.66,2018-05-11,2018-05-17 15:38:06.000000,2026-08-27T05:17:09.287600+00:00,D:/D drive recovery/Shiva JH/Projects/OneLake Medallion/data/landing/2018-05-11/order_items.parquet,2018-05-11
9734c61e70431951ceea6da4c1c2a063,1,3f1361100ad34281edf04ce745f62b89,0241d4d5d36f10f80c644447315af0bd,2018-05-16 15:51:37,249.0,84.44,2018-05-11,2018-05-16 15:51:37.000000,2026-08-27T05:17:09.287600+00:00,D:/D drive recovery/Shiva JH/Projects/OneLake Medallion/data/landing/2018-05-11/order_items.parquet,2018-05-11
131d8d336159b7912c323b1dcf578525,1,44a36ac829dfa2dace1d880985b71344,276677b5d08786d5dce7c2149dcce48b,2018-05-28 21:15:09,19.9,13.47,2018-05-23,2018-05-28 21:15:09.000000,2026-08-27T05:17:09.287600+00:00,D:/D drive recovery/Shiva JH/Projects/OneLake Medallion/data/landing/2018-05-23/order_items.parquet,2018-05-23
236c5c6711eb7864803f0f0c739e5c05,1,1c080978925cd796eb3f7bace4ef4239,4a3ccda38b2129705f3fb522db62ca31,2018-05-31 02:55:17,136.9,15.05,2018-05-23,2018-05-31 02:55:17.000000,2026-08-27T05:17:09.287600+00:00,D:/D drive recovery/Shiva JH/Projects/OneLake Medallion/data/landing/2018-05-23/order_items.parquet,2018-05-23
31ce9e3b5b94389a0b2597743083ff98,1,0f8977d115c52d93a05dd4eb7052baff,1e8b33f18b4f7598d87f5cbee2282cc2,2018-05-25 08:54:50,159.9,23.84,2018-05-23,2018-05-25 08:54:50.000000,2026-08-27T05:17:09.287600+00:00,D:/D drive recovery/Shiva JH/Projects/OneLake Medallion/data/landing/2018-05-23/order_items.parquet,2018-05-23
3af58300549c324fa418f079815fc952,1,3779f2d78a8cc041bcce56232d83befb,6338ea67c41078a46ad99cc009654956,2018-05-31 17:55:58,69.9,23.07,2018-05-23,2018-05-31 17:55:58.000000,2026-08-27T05:17:09.287600+00:00,D:/D drive recovery/Shiva JH/Projects/OneLake Medallion/data/landing/2018-05-23/order_items.parquet,2018-05-23
578e406b34a3ef878b509b9fe1813dda,1,cd48f265a63e13b762601f5f794c5fca,e9779976487b77c6d4ac45f75ec7afe9,2018-05-31 02:55:24,47.49,19.32,2018-05-23,2018-05-31 02:55:24.000000,2026-08-27T05:17:09.287600+00:00,D:/D drive recovery/Shiva JH/Projects/OneLake Medallion/data/landing/2018-05-23/order_items.parquet,2018-05-23
9e05956862c333308733e2155ca16950,1,7d490fb7ec6eac63302590beef157c10,4a3ccda38b2129705f3fb522db62ca31,2018-05-29 19:55:50,391.25,19.65,2018-05-23,2018-05-29 19:55:50.000000,2026-08-27T05:17:09.287600+00:00,D:/D drive recovery/Shiva JH/Projects/OneLake Medallion/data/landing/2018-05-23/order_items.parquet,2018-05-23
126da462f642d99483c0691ac474c783,1,b72e63f4630dcaded1689b28efa4c583,5f2684dab12e59f83bef73ae57724e45,2017-01-31 12:54:57,129.9,18.0,2017-01-27,2017-01-31 12:54:57.000000,2026-08-27T05:17:09.287600+00:00,D:/D drive recovery/Shiva JH/Projects/OneLake Medallion/data/landing/2017-01-27/order_items.parquet,2017-01-27
17028de7d02a1fca7c1d08221b859b77,1,2a5806f10d0f00e5ad032dd2e3c8806e,7c67e1448b00f6e969d365cea6b010ab,2017-02-17 21:06:37,169.99,43.6,2017-02-08,2017-02-17 21:06:37.000000,2026-08-27T05:17:09.287600+00:00,D:/D drive recovery/Shiva JH/Projects/OneLake Medallion/data/landing/2017-02-08/order_items.parquet,2017-02-08
f40d3749a6d621bb95be74a8ce79e06f,1,d248fe1e952b5b5d62572369cc23ac3c,7e93a43ef30c4f03f38b393420bc753a,2017-02-15 12:53:38,1323.0,24.96,2017-02-08,2017-02-15 12:53:38.000000,2026-08-27T05:17:09.287600+00:00,D:/D drive recovery/Shiva JH/Projects/OneLake Medallion/data/landing/2017-02-08/order_items.parquet,2017-02-08
5667af66694cc07bce46f7af2ed32ed6,1,f5c47e637a96fcf0de8c1c6baa75d856,70a12e78e608ac31179aea7f8422044b,2017-03-13 15:43:25,55.0,14.75,2017-03-04,2017-03-13 15:43:25.000000,2026-08-27T05:17:09.287600+00:00,D:/D drive recovery/Shiva JH/Projects/OneLake Medallion/data/landing/2017-03-04/order_items.parquet,2017-03-04
2c115ba9e25f2b8932ec710356d9eca9,1,da86f2cc2faf840b7b86390726b88905,0747d5bb69f0586cc869d8af4c50f93e,2017-04-04 02:22:38,22.0,10.96,2017-03-28,2017-04-04 02:22:38.000000,2026-08-27T05:17:09.287600+00:00,D:/D drive recovery/Shiva JH/Projects/OneLake Medallion/data/landing/2017-03-28/order_items.parquet,2017-03-28
c4f3b6a5e1b0cd332ac54136c94c5053,1,e251ebd2858be1aa7d9b2087a6992580,001cca7ae9ae17fb1caed9dfb1094831,2017-04-03 23:22:42,139.9,16.68,2017-03-28,2017-04-03 23:22:42.000000,2026-08-27T05:17:09.287600+00:00,D:/D drive recovery/Shiva JH/Projects/OneLake Medallion/data/landing/2017-03-28/order_items.parquet,2017-03-28
c583699ad331158897d9bf20f1a60004,1,243bb58796ed2164b831fb75e1241888,2138ccb85b11a4ec1e37afbd1c8eda1f,2017-04-03 11:10:23,27.99,8.72,2017-03-28,2017-04-03 11:10:23.000000,2026-08-27T05:17:09.287600+00:00,D:/D drive recovery/Shiva JH/Projects/OneLake Medallion/data/landing/2017-03-28/order_items.parquet,2017-03-28
fbbfacf696d50761d1947ab6fb641764,1,03d7ad0ce97624c931b3abde02b5d819,620c87c171fb2a6dd6e8bb4dec959fc6,2017-04-03 10:05:16,69.9,24.98,2017-03-28,2017-04-03 10:05:16.000000,2026-08-27T05:17:09.287600+00:00,D:/D drive recovery/Shiva JH/Projects/OneLake Medallion/data/landing/2017-03-28/order_items.parquet,2017-03-28
2228184e3773ea7d28d150ed03ef65dc,1,7cbe94f9b52c88ed1adf7a1300a7b3da,391fc6631aebcf3004804e51b40bcf1e,2017-04-13 17:30:11,49.9,15.56,2017-04-09,2017-04-13 17:30:11.000000,2026-08-27T05:17:09.287600+00:00,D:/D drive recovery/Shiva JH/Projects/OneLake Medallion/data/landing/2017-04-09/order_items.parquet,2017-04-09
6b62e435ad4cc81a538f9a279049f490,1,6ae38d49db7fc65ad1779828542aecba,eeb6de78f79159600292e314a77cbd18,2017-05-01 22:55:14,219.0,27.79,2017-04-09,2017-05-01 22:55:14.000000,2026-08-27T05:17:09.287600+00:00,D:/D drive recovery/Shiva JH/Projects/OneLake Medallion/data/landing/2017-04-09/order_items.parquet,2017-04-09
ecc6c5d76a4d38a9b95c0fe288b3f220,1,0152f69b6cf919bcdaf117aa8c43e5a2,d2374cbcbb3ca4ab1086534108cc3ab7,2017-04-28 17:35:17,13.9,10.96,2017-04-09,2017-04-28 17:35:17.000000,2026-08-27T05:17:09.287600+00:00,D:/D drive recovery/Shiva JH/Projects/OneLake Medallion/data/landing/2017-04-09/order_items.parquet,2017-04-09
fca7b989b55ec495fc04ef8344bdb7d9,1,56fa78f2a0c7d428e8aaa226dac0fbfb,a0415d9b25ede3c4b1e477e9916ffc03,2017-04-17 03:55:34,179.9,18.69,2017-04-09,2017-04-17 03:55:34.000000,2026-08-27T05:17:09.287600+00:00,D:/D drive recovery/Shiva JH/Projects/OneLake Medallion/data/landing/2017-04-09/order_items.parquet,2017-04-09
42113e78f28f6201edc22b1a9f50ca81,1,5cb1a29179d1883d7ab5424629fe67aa,0bf0150d5b9d60d9cd2906003332f085,2017-04-27 18:10:14,49.9,15.11,2017-04-21,2017-04-27 18:10:14.000000,2026-08-27T05:17:09.287600+00:00,D:/D drive recovery/Shiva JH/Projects/OneLake Medallion/data/landing/2017-04-21/order_items.parquet,2017-04-21
42113e78f28f6201edc22b1a9f50ca81,2,5cb1a29179d1883d7ab5424629fe67aa,0bf0150d5b9d60d9cd2906003332f085,2017-04-27 18:10:14,49.9,15.11,2017-04-21,2017-04-27 18:10:14.000000,2026-08-27T05:17:09.287600+00:00,D:/D drive recovery/Shiva JH/Projects/OneLake Medallion/data/landing/2017-04-21/order_items.parquet,2017-04-21
6064862631581009b8eb676bc264d91f,1,99a4788cb24856965c36a24e339b6058,4a3ca9315b744ce9f8e9374361493884,2017-04-28 11:41:38,89.9,25.12,2017-04-21,2017-04-28 11:41:38.000000,2026-08-27T05:17:09.287600+00:00,D:/D drive recovery/Shiva JH/Projects/OneLake Medallion/data/landing/2017-04-21/order_items.parquet,2017-04-21
6f1ea17aaf0660f7eea41df1f6fc9e27,1,8d99a7ed81f061ceed740d8900be880a,4a3ca9315b744ce9f8e9374361493884,2017-04-28 13:35:16,48.9,18.6,2017-04-21,2017-04-28 13:35:16.000000,2026-08-27T05:17:09.287600+00:00,D:/D drive recovery/Shiva JH/Projects/OneLake Medallion/data/landing/2017-04-21/order_items.parquet,2017-04-21
f0b2f79f97e12f27b91c3570c725a81c,1,c92f0e7b9d49a9543558d6532772441b,5dceca129747e92ff8ef7a997dc4f8ca,2017-04-27 20:15:07,139.9,40.41,2017-04-21,2017-04-27 20:15:07.000000,2026-08-27T05:17:09.287600+00:00,D:/D drive recovery/Shiva JH/Projects/OneLake Medallion/data/landing/2017-04-21/order_items.parquet,2017-04-21
89e954a7919e964597b60e9f016df7fd,1,45cfee87da128a8f939226bedd92a72d,718539d38d07dd351c76db862760e2e2,2017-05-24 19:15:11,32.64,15.1,2017-05-15,2017-05-24 19:15:11.000000,2026-08-27T05:17:09.287600+00:00,D:/D drive recovery/Shiva JH/Projects/OneLake Medallion/data/landing/2017-05-15/order_items.parquet,2017-05-15
b83427fcf80fd88d941541011ac876f8,1,0e621085968d9a9585ed3c2c204825e2,94144541854e298c2d976cb893b81343,2017-05-19 16:43:20,459.9,16.97,2017-05-15,2017-05-19 16:43:20.000000,2026-08-27T05:17:09.287600+00:00,D:/D drive recovery/Shiva JH/Projects/OneLake Medallion/data/landing/2017-05-15/order_items.parquet,2017-05-15
bd642c6155f02b3fb7eb4a527389fa64,1,c6dd917a0be2a704582055949915ab32,7a67c85e85bb2ce8582c35f2203ad736,2017-05-23 03:45:33,99.99,17.27,2017-05-15,2017-05-23 03:45:33.000000,2026-08-27T05:17:09.287600+00:00,D:/D drive recovery/Shiva JH/Projects/OneLake Medallion/data/landing/2017-05-15/order_items.parquet,2017-05-15
e85e15e26534991f32622474410df797,1,1750753e77dc38c4afe6fc90f02c39bc,f8db351d8c4c4c22c6835c19a46f01b0,2017-05-22 01:02:33,36.9,15.1,2017-05-15,2017-05-22 01:02:33.000000,2026-08-27T05:17:09.287600+00:00,D:/D drive recovery/Shiva JH/Projects/OneLake Medallion/data/landing/2017-05-15/order_items.parquet,2017-05-15
861fa2fc596992bd6ea8bbf16cce85a4,1,1e587ac160dfda2548e3517c33e7faf0,81a1104df0f08b59c68aa5b03cfe398e,2017-05-31 22:30:17,162.9,18.39,2017-05-27,2017-05-31 22:30:17.000000,2026-08-27T05:17:09.287600+00:00,D:/D drive recovery/Shiva JH/Projects/OneLake Medallion/data/landing/2017-05-27/order_items.parquet,2017-05-27
b92ef17170294d7b2fc093e20bd305c9,1,0d009643171aee696f4733340bc2fdd0,fe2032dab1a61af8794248c8196565c9,2017-06-05 13:55:10,339.0,17.12,2017-05-27,2017-06-05 13:55:10.000000,2026-08-27T05:17:09.287600+00:00,D:/D drive recovery/Shiva JH/Projects/OneLake Medallion/data/landing/2017-05-27/order_items.parquet,2017-05-27
56a699750378066e427e2feaaa048399,1,7c2d0df8e5fbfa71d54a400b33a8502e,7e1fb0a3ebfb01ffb3a7dae98bf3238d,2017-06-26 12:50:31,95.0,15.42,2017-06-20,2017-06-26 12:50:31.000000,2026-08-27T05:17:09.287600+00:00,D:/D drive recovery/Shiva JH/Projects/OneLake Medallion/data/landing/2017-06-20/order_items.parquet,2017-06-20
d0ecd96d0c6926c81ff571a7c21bfdca,1,0a57f7d2c983bcf8188589a5fea4a8da,4869f7a5dfa277a7dca6462dcf3b52b2,2017-06-28 14:03:57,180.0,16.01,2017-06-20,2017-06-28 14:03:57.000000,2026-08-27T05:17:09.287600+00:00,D:/D drive recovery/Shiva JH/Projects/OneLake Medallion/data/landing/2017-06-20/order_items.parquet,2017-06-20
75ceee59b8189aba5543675b806600ae,1,8d98dedc3c19de17f1a090195e85d6b6,fa40cc5b934574b62717c68f3d678b6d,2017-07-06 20:03:56,49.9,7.78,2017-07-02,2017-07-06 20:03:56.000000,2026-08-27T05:17:09.287600+00:00,D:/D drive recovery/Shiva JH/Projects/OneLake Medallion/data/landing/2017-07-02/order_items.parquet,2017-07-02
8647ff7e5f9536a33f5e6fd7f2c08d2a,1,d65b6607952f9e0d705b1cbdc92ac027,48436dade18ac8b2bce089ec2a041202,2017-07-10 04:05:27,44.9,23.52,2017-07-02,2017-07-10 04:05:27.000000,2026-08-27T05:17:09.287600+00:00,D:/D drive recovery/Shiva JH/Projects/OneLake Medallion/data/landing/2017-07-02/order_items.parquet,2017-07-02
8647ff7e5f9536a33f5e6fd7f2c08d2a,2,c43ab4269cbf91b373263db4c2973cad,48436dade18ac8b2bce089ec2a041202,2017-07-10 04:05:27,46.9,30.25,2017-07-02,2017-07-10 04:05:27.000000,2026-08-27T05:17:09.287600+00:00,D:/D drive recovery/Shiva JH/Projects/OneLake Medallion/data/landing/2017-07-02/order_items.parquet,2017-07-02
3d4369dcce579868d4629c19b96260c9,1,af51d485dc5255ba2e18b21b550156e6,5dceca129747e92ff8ef7a997dc4f8ca,2017-07-20 20:05:21,258.9,43.47,2017-07-14,2017-07-20 20:05:21.000000,2026-08-27T05:17:09.287600+00:00,D:/D drive recovery/Shiva JH/Projects/OneLake Medallion/data/landing/2017-07-14/order_items.parquet,2017-07-14
960de6b16b5ce4196d243baeb9d1a699,1,31a2f42a87890f87d77daebdfabc182e,4c03b9dd4c11ee2cb35c96c49efc9420,2017-07-20 09:45:13,149.0,29.44,2017-07-14,2017-07-20 09:45:13.000000,2026-08-27T05:17:09.287600+00:00,D:/D drive recovery/Shiva JH/Projects/OneLake Medallion/data/landing/2017-07-14/order_items.parquet,2017-07-14
9ccfe5d0484872e6df585a289fc12206,1,4a25fe90f6685b9fc991af9a796f74c3,4a3ca9315b744ce9f8e9374361493884,2017-07-20 07:35:12,153.0,12.57,2017-07-14,2017-07-20 07:35:12.000000,2026-08-27T05:17:09.287600+00:00,D:/D drive recovery/Shiva JH/Projects/OneLake Medallion/data/landing/2017-07-14/order_items.parquet,2017-07-14
b6fa3751148ad8ba139779f6543951d9,1,6e40985ec667ded54668d2b70a7aa0a2,95e03ca3d4146e4011985981aeb959b9,2017-07-24 21:25:08,39.9,7.94,2017-07-14,2017-07-24 21:25:08.000000,2026-08-27T05:17:09.287600+00:00,D:/D drive recovery/Shiva JH/Projects/OneLake Medallion/data/landing/2017-07-14/order_items.parquet,2017-07-14
cb589c751e6f002a96214f3a5c9284d4,1,2c930b64f2bd69c30cd3473b82653ae0,1554a68530182680ad5c8b042c3ab563,2017-08-02 09:55:29,62.9,12.48,2017-07-26,2017-08-02 09:55:29.000000,2026-08-27T05:17:09.287600+00:00,D:/D drive recovery/Shiva JH/Projects/OneLake Medallion/data/landing/2017-07-26/order_items.parquet,2017-07-26
cb589c751e6f002a96214f3a5c9284d4,2,2c930b64f2bd69c30cd3473b82653ae0,1554a68530182680ad5c8b042c3ab563,2017-08-02 09:55:29,62.9,12.48,2017-07-26,2017-08-02 09:55:29.000000,2026-08-27T05:17:09.287600+00:00,D:/D drive recovery/Shiva JH/Projects/OneLake Medallion/data/landing/2017-07-26/order_items.parquet,2017-07-26
0d6b94a6fbdff968503c0aa3e7bffdbf,1,6490b9f63b0b595e1c1402b46b0f50ad,99eaacc9e6046db1c82b163c5f84869f,2017-08-11 20:03:15,280.0,16.71,2017-08-07,2017-08-11 20:03:15.000000,2026-08-27T05:17:09.287600+00:00,D:/D drive recovery/Shiva JH/Projects/OneLake Medallion/data/landing/2017-08-07/order_items.parquet,2017-08-07
57f67475fb7b09eedaba20d1a7cc6097,1,53b36df67ebb7c41585e8d54d6772e08,4869f7a5dfa277a7dca6462dcf3b52b2,2017-08-14 15:43:32,159.9,15.87,2017-08-07,2017-08-14 15:43:32.000000,2026-08-27T05:17:09.287600+00:00,D:/D drive recovery/Shiva JH/Projects/OneLake Medallion/data/landing/2017-08-07/order_items.parquet,2017-08-07
6c589cce00692bb7fbd49d0eac280b17,1,99b89f140f651db441848081814dd1a1,9c0e69c7bf2619675bbadf47b43f655a,2017-08-15 02:55:22,190.0,17.09,2017-08-07,2017-08-15 02:55:22.000000,2026-08-27T05:17:09.287600+00:00,D:/D drive recovery/Shiva JH/Projects/OneLake Medallion/data/landing/2017-08-07/order_items.parquet,2017-08-07
72ba71ffcbc76a06e416c07d00d047f0,1,62d8daeee0db3a60c234c2d1bfd10651,d2374cbcbb3ca4ab1086534108cc3ab7,2017-08-15 01:45:06,24.9,11.85,2017-08-07,2017-08-15 01:45:06.000000,2026-08-27T05:17:09.287600+00:00,D:/D drive recovery/Shiva JH/Projects/OneLake Medallion/data/landing/2017-08-07/order_items.parquet,2017-08-07
72ba71ffcbc76a06e416c07d00d047f0,2,62d8daeee0db3a60c234c2d1bfd10651,d2374cbcbb3ca4ab1086534108cc3ab7,2017-08-15 01:45:06,24.9,11.85,2017-08-07,2017-08-15 01:45:06.000000,2026-08-27T05:17:09.287600+00:00,D:/D drive recovery/Shiva JH/Projects/OneLake Medallion/data/landing/2017-08-07/order_items.parquet,2017-08-07
9f101be6d0a10cb40cc622691e49714c,1,53759a2ecddad2bb87a079a1f1519f73,1f50f920176fa81dab994f9023523100,2017-08-11 12:03:20,59.9,13.44,2017-08-07,2017-08-11 12:03:20.000000,2026-08-27T05:17:09.287600+00:00,D:/D drive recovery/Shiva JH/Projects/OneLake Medallion/data/landing/2017-08-07/order_items.parquet,2017-08-07
9f101be6d0a10cb40cc622691e49714c,2,53759a2ecddad2bb87a079a1f1519f73,1f50f920176fa81dab994f9023523100,2017-08-11 12:03:20,59.9,13.44,2017-08-07,2017-08-11 12:03:20.000000,2026-08-27T05:17:09.287600+00:00,D:/D drive recovery/Shiva JH/Projects/OneLake Medallion/data/landing/2017-08-07/order_items.parquet,2017-08-07
e588764e20ea16aa323300b4b52de660,1,abe236a52dbc43e90bad00fe6d794582,6426d21aca402a131fc0a5d0960a3c90,2017-08-13 22:45:17,59.9,17.99,2017-08-07,2017-08-13 22:45:17.000000,2026-08-27T05:17:09.287600+00:00,D:/D drive recovery/Shiva JH/Projects/OneLake Medallion/data/landing/2017-08-07/order_items.parquet,2017-08-07
f2bb3a124d84782133f5aadabe42adca,1,94f3e00f8ea2e9bd4579796cb9e18e37,b2ba3715d723d245138f291a6fe42594,2017-08-11 14:45:16,109.9,9.58,2017-08-07,2017-08-11 14:45:16.000000,2026-08-27T05:17:09.287600+00:00,D:/D drive recovery/Shiva JH/Projects/OneLake Medallion/data/landing/2017-08-07/order_items.parquet,2017-08-07
fd22d0466cd7c6203111661f9efc93a1,1,e75eb9d7737188be4d7fd8b90b88803e,df560393f3a51e74553ab94004ba5c87,2017-08-11 19:23:28,45.49,16.11,2017-08-07,2017-08-11 19:23:28.000000,2026-08-27T05:17:09.287600+00:00,D:/D drive recovery/Shiva JH/Projects/OneLake Medallion/data/landing/2017-08-07/order_items.parquet,2017-08-07
aa07fc0f496d65986abc9044683b8800,1,77feb885b9ca6c9b64934b33e3c0e15e,2f73e04d12cdf0c945ded66bb3fcf6c7,2017-08-30 18:44:14,360.0,37.04,2017-08-19,2017-08-30 18:44:14.000000,2026-08-27T05:17:09.287600+00:00,D:/D drive recovery/Shiva JH/Projects/OneLake Medallion/data/landing/2017-08-19/order_items.parquet,2017-08-19
30f3565c987f787c24733cdb37313a0c,1,678f4b558147f3aaca424c13a1f89060,e333046ce6517bd8bb510291d44f0130,2017-09-06 13:35:26,65.0,17.7,2017-08-31,2017-09-06 13:35:26.000000,2026-08-27T05:17:09.287600+00:00,D:/D drive recovery/Shiva JH/Projects/OneLake Medallion/data/landing/2017-08-31/order_items.parquet,2017-08-31
572acae7da06b5b656a1b296d1fb131f,1,6c3effec7c8ddba466d4f03f982c7aa3,37515688008a7a40ac93e3b2e4ab203f,2017-09-08 02:15:39,19.9,15.1,2017-08-31,2017-09-08 02:15:39.000000,2026-08-27T05:17:09.287600+00:00,D:/D drive recovery/Shiva JH/Projects/OneLake Medallion/data/landing/2017-08-31/order_items.parquet,2017-08-31
be4c0eb384232a183463d7d7604842d3,1,7fab1a1472fdd934397068931f63f3ca,3d871de0142ce09b7081e2b9d1733cb1,2017-09-06 13:25:46,69.9,15.24,2017-08-31,2017-09-06 13:25:46.000000,2026-08-27T05:17:09.287600+00:00,D:/D drive recovery/Shiva JH/Projects/OneLake Medallion/data/landing/2017-08-31/order_items.parquet,2017-08-31
e972859dd2d7d7681b40ecd41a465361,1,389d119b48cf3043d311335e499d9c6b,1f50f920176fa81dab994f9023523100,2017-09-07 23:15:18,59.9,17.67,2017-08-31,2017-09-07 23:15:18.000000,2026-08-27T05:17:09.287600+00:00,D:/D drive recovery/Shiva JH/Projects/OneLake Medallion/data/landing/2017-08-31/order_items.parquet,2017-08-31
0896d006da3ad8dc1b39b408ea428eb0,1,5215505db2113a032810c3644c346a38,6560211a19b47992c3666cc44a7e94c0,2017-09-19 11:25:21,99.0,34.49,2017-09-12,2017-09-19 11:25:21.000000,2026-08-27T05:17:09.287600+00:00,D:/D drive recovery/Shiva JH/Projects/OneLake Medallion/data/landing/2017-09-12/order_items.parquet,2017-09-12
456e593fb7f3e6083eb5adf9a48290f8,1,edfbb2566914ddd223d3bd6fa1e9693c,8444e55c1f13cd5c179851e5ca5ebd00,2017-09-25 08:24:51,305.28,15.16,2017-09-12,2017-09-25 08:24:51.000000,2026-08-27T05:17:09.287600+00:00,D:/D drive recovery/Shiva JH/Projects/OneLake Medallion/data/landing/2017-09-12/order_items.parquet,2017-09-12
c8bb5e3a323ce2493a2a00f055b10f11,1,2741993686da5b94521e019e9181ed1b,376a891762bbdecbc02b4b6adec3fdda,2017-09-18 21:30:23,85.0,21.39,2017-09-12,2017-09-18 21:30:23.000000,2026-08-27T05:17:09.287600+00:00,D:/D drive recovery/Shiva JH/Projects/OneLake Medallion/data/landing/2017-09-12/order_items.parquet,2017-09-12
c9c0bd3b9db92cebece12e761bb8454c,1,3ec7c8f47e7cd1e67a54c90edf527b5f,41b39e28db005d9731d9d485a83b4c38,2017-09-18 08:50:22,54.9,17.63,2017-09-12,2017-09-18 08:50:22.000000,2026-08-27T05:17:09.287600+00:00,D:/D drive recovery/Shiva JH/Projects/OneLake Medallion/data/landing/2017-09-12/order_items.parquet,2017-09-12
ded9b5ad95de67a5c760e7941c8309c1,1,c028e45b1d245ae576fcf069f68265ed,282f23a9769b2690c5dda22e316f9941,2017-09-19 03:25:01,164.0,6.0,2017-09-12,2017-09-19 03:25:01.000000,2026-08-27T05:17:09.287600+00:00,D:/D drive recovery/Shiva JH/Projects/OneLake Medallion/data/landing/2017-09-12/order_items.parquet,2017-09-12
ded9b5ad95de67a5c760e7941c8309c1,2,c028e45b1d245ae576fcf069f68265ed,282f23a9769b2690c5dda22e316f9941,2017-09-19 03:25:01,164.0,6.0,2017-09-12,2017-09-19 03:25:01.000000,2026-08-27T05:17:09.287600+00:00,D:/D drive recovery/Shiva JH/Projects/OneLake Medallion/data/landing/2017-09-12/order_items.parquet,2017-09-12
ded9b5ad95de67a5c760e7941c8309c1,3,c028e45b1d245ae576fcf069f68265ed,282f23a9769b2690c5dda22e316f9941,2017-09-19 03:25:01,164.0,6.0,2017-09-12,2017-09-19 03:25:01.000000,2026-08-27T05:17:09.287600+00:00,D:/D drive recovery/Shiva JH/Projects/OneLake Medallion/data/landing/2017-09-12/order_items.parquet,2017-09-12
ded9b5ad95de67a5c760e7941c8309c1,4,c028e45b1d245ae576fcf069f68265ed,282f23a9769b2690c5dda22e316f9941,2017-09-19 03:25:01,164.0,6.0,2017-09-12,2017-09-19 03:25:01.000000,2026-08-27T05:17:09.287600+00:00,D:/D drive recovery/Shiva JH/Projects/OneLake Medallion/data/landing/2017-09-12/order_items.parquet,2017-09-12
ded9b5ad95de67a5c760e7941c8309c1,5,c028e45b1d245ae576fcf069f68265ed,282f23a9769b2690c5dda22e316f9941,2017-09-19 03:25:01,164.0,6.0,2017-09-12,2017-09-19 03:25:01.000000,2026-08-27T05:17:09.287600+00:00,D:/D drive recovery/Shiva JH/Projects/OneLake Medallion/data/landing/2017-09-12/order_items.parquet,2017-09-12
557cc2675910c4a6c9b54ad276f25097,1,30916403a2996c146b5598774d657c55,dbb9b48c841a0e39e21f98e1a6b2ec3e,2017-09-28 22:45:23,48.99,7.78,2017-09-24,2017-09-28 22:45:23.000000,2026-08-27T05:17:09.287600+00:00,D:/D drive recovery/Shiva JH/Projects/OneLake Medallion/data/landing/2017-09-24/order_items.parquet,2017-09-24
0ca8999f0176e37f35b6e49a9b2569da,1,ff6caf9340512b8bf6d2a2a6df032cfa,38e6dada03429a47197d5d584d793b41,2017-10-13 10:49:27,7.79,8.85,2017-10-06,2017-10-13 10:49:27.000000,2026-08-27T05:17:09.287600+00:00,D:/D drive recovery/Shiva JH/Projects/OneLake Medallion/data/landing/2017-10-06/order_items.parquet,2017-10-06
0ca8999f0176e37f35b6e49a9b2569da,2,b88d27345de2feed45475bb48cca74b1,38e6dada03429a47197d5d584d793b41,2017-10-13 10:49:27,14.01,8.86,2017-10-06,2017-10-13 10:49:27.000000,2026-08-27T05:17:09.287600+00:00,D:/D drive recovery/Shiva JH/Projects/OneLake Medallion/data/landing/2017-10-06/order_items.parquet,2017-10-06
0ca8999f0176e37f35b6e49a9b2569da,3,90a57d62c9b9f884fae33a10dff953b4,38e6dada03429a47197d5d584d793b41,2017-10-13 10:49:27,15.36,4.43,2017-10-06,2017-10-13 10:49:27.000000,2026-08-27T05:17:09.287600+00:00,D:/D drive recovery/Shiva JH/Projects/OneLake Medallion/data/landing/2017-10-06/order_items.parquet,2017-10-06
0ca8999f0176e37f35b6e49a9b2569da,4,b88d27345de2feed45475bb48cca74b1,38e6dada03429a47197d5d584d793b41,2017-10-13 10:49:27,14.01,8.86,2017-10-06,2017-10-13 10:49:27.000000,2026-08-27T05:17:09.287600+00:00,D:/D drive recovery/Shiva JH/Projects/OneLake Medallion/data/landing/2017-10-06/order_items.parquet,2017-10-06
0ca8999f0176e37f35b6e49a9b2569da,5,ff6caf9340512b8bf6d2a2a6df032cfa,38e6dada03429a47197d5d584d793b41,2017-10-13 10:49:27,7.79,8.85,2017-10-06,2017-10-13 10:49:27.000000,2026-08-27T05:17:09.287600+00:00,D:/D drive recovery/Shiva JH/Projects/OneLake Medallion/data/landing/2017-10-06/order_items.parquet,2017-10-06
48dcae389be2ddd6ad3ba930055ebe4f,1,a9fa0428bc677ac4d0a948fe2982ad1d,2e1c9f22be269ef4643f826c9e650a52,2017-10-13 11:07:10,40.49,17.63,2017-10-06,2017-10-13 11:07:10.000000,2026-08-27T05:17:09.287600+00:00,D:/D drive recovery/Shiva JH/Projects/OneLake Medallion/data/landing/2017-10-06/order_items.parquet,2017-10-06
d5aa77f5eed8acdd598a687ccc27cfa8,1,9798bc8585b031f32f0ba287ad22f334,855668e0971d4dfd7bef1b6a4133b41b,2017-10-13 15:56:21,159.99,13.67,2017-10-06,2017-10-13 15:56:21.000000,2026-08-27T05:17:09.287600+00:00,D:/D drive recovery/Shiva JH/Projects/OneLake Medallion/data/landing/2017-10-06/order_items.parquet,2017-10-06
ea87e1e6046149ed0257414f5021caa4,1,5d6bc77eb34fe7ec18a9fc50b845590c,1ce3ae5a399804d1a87e706f8a813c3e,2017-10-13 20:06:00,28.9,34.15,2017-10-06,2017-10-13 20:06:00.000000,2026-08-27T05:17:09.287600+00:00,D:/D drive recovery/Shiva JH/Projects/OneLake Medallion/data/landing/2017-10-06/order_items.parquet,2017-10-06
16a73b59c868ed5c7152b96b0ebc7693,1,1347d4320dcd0acd750e37bb3d94a918,ffeee66ac5d5a62fe688b9d26f83f534,2017-10-25 23:28:21,129.99,77.98,2017-10-18,2017-10-25 23:28:21.000000,2026-08-27T05:17:09.287600+00:00,D:/D drive recovery/Shiva JH/Projects/OneLake Medallion/data/landing/2017-10-18/order_items.parquet,2017-10-18
37e2f07d315a41d5a272a4bb61fa0b01,1,19a5dc57b9f69cff2321395f3c36f9d6,218d46b86c1881d022bce9c68a7d4b15,2017-10-24 07:56:17,337.0,22.85,2017-10-18,2017-10-24 07:56:17.000000,2026-08-27T05:17:09.287600+00:00,D:/D drive recovery/Shiva JH/Projects/OneLake Medallion/data/landing/2017-10-18/order_items.parquet,2017-10-18
61181b6edca2c3a0b58c77e58d91a8a3,1,ed2067a9c1f79553088a3c67b99a9f97,cbd996ad3c1b7dc71fd0e5f5df9087e2,2017-10-26 23:56:39,56.97,16.16,2017-10-18,2017-10-26 23:56:39.000000,2026-08-27T05:17:09.287600+00:00,D:/D drive recovery/Shiva JH/Projects/OneLake Medallion/data/landing/2017-10-18/order_items.parquet,2017-10-18
6c9fa8bfb266b4c7de3e162fb28f46d8,1,6dde44b4172999f35f08654d06bad633,7c67e1448b00f6e969d365cea6b010ab,2017-11-01 02:49:13,199.99,35.56,2017-10-18,2017-11-01 02:49:13.000000,2026-08-27T05:17:09.287600+00:00,D:/D drive recovery/Shiva JH/Projects/OneLake Medallion/data/landing/2017-10-18/order_items.parquet,2017-10-18
7c2aefdd602f9df2ae6eb835d3973974,1,6fb42788c5ef9affaa2fec30ca8b6053,1127b7f2594683f2510f1c2c834a486b,2017-10-24 05:14:13,16.17,15.1,2017-10-18,2017-10-24 05:14:13.000000,2026-08-27T05:17:09.287600+00:00,D:/D drive recovery/Shiva JH/Projects/OneLake Medallion/data/landing/2017-10-18/order_items.parquet,2017-10-18
88ed70c8a41eb5445e5221d691d08a7c,1,9b191ab94826390cd135c837fb7bc881,54965bbe3e4f07ae045b90b0b8541f52,2017-10-24 23:28:27,140.0,33.43,2017-10-18,2017-10-24 23:28:27.000000,2026-08-27T05:17:09.287600+00:00,D:/D drive recovery/Shiva JH/Projects/OneLake Medallion/data/landing/2017-10-18/order_items.parquet,2017-10-18
88ed70c8a41eb5445e5221d691d08a7c,2,9b191ab94826390cd135c837fb7bc881,54965bbe3e4f07ae045b90b0b8541f52,2017-10-24 23:28:27,140.0,33.43,2017-10-18,2017-10-24 23:28:27.000000,2026-08-27T05:17:09.287600+00:00,D:/D drive recovery/Shiva JH/Projects/OneLake Medallion/data/landing/2017-10-18/order_items.parquet,2017-10-18
a669137c06cc23b7962d63be3a2ad6d1,1,9c8c60eaae5f2f6bcb59a42e314cb400,46dc3b2cc0980fb8ec44634e21d2718e,2017-10-24 10:07:20,119.99,8.25,2017-10-18,2017-10-24 10:07:20.000000,2026-08-27T05:17:09.287600+00:00,D:/D drive recovery/Shiva JH/Projects/OneLake Medallion/data/landing/2017-10-18/order_items.parquet,2017-10-18
a669137c06cc23b7962d63be3a2ad6d1,2,9c8c60eaae5f2f6bcb59a42e314cb400,46dc3b2cc0980fb8ec44634e21d2718e,2017-10-24 10:07:20,119.99,8.25,2017-10-18,2017-10-24 10:07:20.000000,2026-08-27T05:17:09.287600+00:00,D:/D drive recovery/Shiva JH/Projects/OneLake Medallion/data/landing/2017-10-18/order_items.parquet,2017-10-18
a669137c06cc23b7962d63be3a2ad6d1,3,9c8c60eaae5f2f6bcb59a42e314cb400,46dc3b2cc0980fb8ec44634e21d2718e,2017-10-24 10:07:20,119.99,8.25,2017-10-18,2017-10-24 10:07:20.000000,2026-08-27T05:17:09.287600+00:00,D:/D drive recovery/Shiva JH/Projects/OneLake Medallion/data/landing/2017-10-18/order_items.parquet,2017-10-18
a669137c06cc23b7962d63be3a2ad6d1,4,9c8c60eaae5f2f6bcb59a42e314cb400,46dc3b2cc0980fb8ec44634e21d2718e,2017-10-24 10:07:20,119.99,8.25,2017-10-18,2017-10-24 10:07:20.000000,2026-08-27T05:17:09.287600+00:00,D:/D drive recovery/Shiva JH/Projects/OneLake Medallion/data/landing/2017-10-18/order_items.parquet,2017-10-18
a669137c06cc23b7962d63be3a2ad6d1,5,9c8c60eaae5f2f6bcb59a42e314cb400,46dc3b2cc0980fb8ec44634e21d2718e,2017-10-24 10:07:20,119.99,8.25,2017-10-18,2017-10-24 10:07:20.000000,2026-08-27T05:17:09.287600+00:00,D:/D drive recovery/Shiva JH/Projects/OneLake Medallion/data/landing/2017-10-18/order_items.parquet,2017-10-18
cf72ba515bbb8a0ee1723579cc7d0380,1,d9880e15196711e7f9fe7dabc5f74117,b2ba3715d723d245138f291a6fe42594,2017-10-24 17:06:35,69.9,8.72,2017-10-18,2017-10-24 17:06:35.000000,2026-08-27T05:17:09.287600+00:00,D:/D drive recovery/Shiva JH/Projects/OneLake Medallion/data/landing/2017-10-18/order_items.parquet,2017-10-18
d856e505d0de5e968c3b1dffca9c8940,1,7fb04722aba7a2b632bac8f9819796f3,f3b80352b986ab4d1057a4b724be19d0,2017-10-26 05:33:04,79.9,18.8,2017-10-18,2017-10-26 05:33:04.000000,2026-08-27T05:17:09.287600+00:00,D:/D drive recovery/Shiva JH/Projects/OneLake Medallion/data/landing/2017-10-18/order_items.parquet,2017-10-18
a68ddd6009f7c4914e2bc86567262d3b,1,4413a608a42bd21bbf9d5abbd58c249a,7ddcbb64b5bc1ef36ca8c151f6ec77df,2017-11-06 15:50:22,146.99,20.52,2017-10-30,2017-11-06 15:50:22.000000,2026-08-27T05:17:09.287600+00:00,D:/D drive recovery/Shiva JH/Projects/OneLake Medallion/data/landing/2017-10-30/order_items.parquet,2017-10-30
c269cce123fb9db14b5d2cbe52b36ea5,1,1b7ce992a80ac036dd9ab73d08289712,582d4f8675b945722eda7c0cb61ba4c7,2017-11-07 03:50:29,25.5,11.85,2017-10-30,2017-11-07 03:50:29.000000,2026-08-27T05:17:09.287600+00:00,D:/D drive recovery/Shiva JH/Projects/OneLake Medallion/data/landing/2017-10-30/order_items.parquet,2017-10-30
873950bfe2dcc227baea5f82f8f2a438,1,a92930c327948861c015c919a0bcb4a8,6560211a19b47992c3666cc44a7e94c0,2017-11-17 12:50:46,78.0,7.8,2017-11-11,2017-11-17 12:50:46.000000,2026-08-27T05:17:09.287600+00:00,D:/D drive recovery/Shiva JH/Projects/OneLake Medallion/data/landing/2017-11-11/order_items.parquet,2017-11-11
d124af20920be41458d0325b9827df31,1,264aad5ca689ed34e57633f78c5683b4,c8b0e2b0a7095e5d8219575d5e7e1181,2017-11-17 15:26:32,229.99,12.81,2017-11-11,2017-11-17 15:26:32.000000,2026-08-27T05:17:09.287600+00:00,D:/D drive recovery/Shiva JH/Projects/OneLake Medallion/data/landing/2017-11-11/order_items.parquet,2017-11-11
2e3d96522c8c378d4135c12a65c977aa,1,036734b5a58d5d4f46b0616ddc047ced,ea8482cd71df3c1969d7b9473ff13abc,2017-11-30 10:11:16,29.99,17.63,2017-11-23,2017-11-30 10:11:16.000000,2026-08-27T05:17:09.287600+00:00,D:/D drive recovery/Shiva JH/Projects/OneLake Medallion/data/landing/2017-11-23/order_items.parquet,2017-11-23
37106a52065add00bf3e59408c290323,1,aecc6705d25880a6fad90e305c32d875,9f505651f4a6abe901a56cdc21508025,2017-11-30 03:51:33,34.99,15.1,2017-11-23,2017-11-30 03:51:33.000000,2026-08-27T05:17:09.287600+00:00,D:/D drive recovery/Shiva JH/Projects/OneLake Medallion/data/landing/2017-11-23/order_items.parquet,2017-11-23
37106a52065add00bf3e59408c290323,2,aecc6705d25880a6fad90e305c32d875,9f505651f4a6abe901a56cdc21508025,2017-11-30 03:51:33,34.99,15.1,2017-11-23,2017-11-30 03:51:33.000000,2026-08-27T05:17:09.287600+00:00,D:/D drive recovery/Shiva JH/Projects/OneLake Medallion/data/landing/2017-11-23/order_items.parquet,2017-11-23
37106a52065add00bf3e59408c290323,3,aecc6705d25880a6fad90e305c32d875,9f505651f4a6abe901a56cdc21508025,2017-11-30 03:51:33,34.99,15.1,2017-11-23,2017-11-30 03:51:33.000000,2026-08-27T05:17:09.287600+00:00,D:/D drive recovery/Shiva JH/Projects/OneLake Medallion/data/landing/2017-11-23/order_items.parquet,2017-11-23
84e4486c820db46414cbfb1dbbe80889,1,389d119b48cf3043d311335e499d9c6b,1f50f920176fa81dab994f9023523100,2017-11-29 23:08:23,49.0,17.67,2017-11-23,2017-11-29 23:08:23.000000,2026-08-27T05:17:09.287600+00:00,D:/D drive recovery/Shiva JH/Projects/OneLake Medallion/data/landing/2017-11-23/order_items.parquet,2017-11-23
84e4486c820db46414cbfb1dbbe80889,2,389d119b48cf3043d311335e499d9c6b,1f50f920176fa81dab994f9023523100,2017-11-29 23:08:23,49.0,17.67,2017-11-23,2017-11-29 23:08:23.000000,2026-08-27T05:17:09.287600+00:00,D:/D drive recovery/Shiva JH/Projects/OneLake Medallion/data/landing/2017-11-23/order_items.parquet,2017-11-23
e271431ad37021b0e445c4f01a6ff83c,1,47ed478ee7b2696c2c49229fcad56e98,afe0067131b73e40875c9b6c10bd2e21,2017-11-30 05:18:35,104.9,43.14,2017-11-23,2017-11-30 05:18:35.000000,2026-08-27T05:17:09.287600+00:00,D:/D drive recovery/Shiva JH/Projects/OneLake Medallion/data/landing/2017-11-23/order_items.parquet,2017-11-23
061f2692f309a270bc04537e0a2508bb,1,98b22c1129886cbd7fcae69d1c93e442,da8622b14eb17ae2831f4ac5b9dab84a,2017-12-14 19:17:30,89.9,12.33,2017-12-05,2017-12-14 19:17:30.000000,2026-08-27T05:17:09.287600+00:00,D:/D drive recovery/Shiva JH/Projects/OneLake Medallion/data/landing/2017-12-05/order_items.parquet,2017-12-05
2f1a68671a42c4f1cb4dad01656333da,1,81a266bbf4c7aa3113db84e81ca899b8,391fc6631aebcf3004804e51b40bcf1e,2017-12-11 14:52:24,99.99,13.72,2017-12-05,2017-12-11 14:52:24.000000,2026-08-27T05:17:09.287600+00:00,D:/D drive recovery/Shiva JH/Projects/OneLake Medallion/data/landing/2017-12-05/order_items.parquet,2017-12-05
33333d8eea2fd73fef836145d8e725ea,1,154e7e31ebfa092203795c972e5804a6,cc419e0650a3c5ba77189a1882b7556a,2017-12-14 19:30:26,23.99,14.1,2017-12-05,2017-12-14 19:30:26.000000,2026-08-27T05:17:09.287600+00:00,D:/D drive recovery/Shiva JH/Projects/OneLake Medallion/data/landing/2017-12-05/order_items.parquet,2017-12-05
3a6bf12cb580b92b0d58b93fd1a35e17,1,84dd5aaecdb39b406c39de952b13f394,ef30892870c278497523264be1be2241,2017-12-11 21:29:30,230.0,9.35,2017-12-05,2017-12-11 21:29:30.000000,2026-08-27T05:17:09.287600+00:00,D:/D drive recovery/Shiva JH/Projects/OneLake Medallion/data/landing/2017-12-05/order_items.parquet,2017-12-05
53a72dbf29b3890aeae332e05c763169,1,d1c427060a0f73f6b889a5c7c61f2ac4,a1043bafd471dff536d0c462352beb48,2017-12-11 14:59:21,149.99,40.38,2017-12-05,2017-12-11 14:59:21.000000,2026-08-27T05:17:09.287600+00:00,D:/D drive recovery/Shiva JH/Projects/OneLake Medallion/data/landing/2017-12-05/order_items.parquet,2017-12-05
9d37b4cfbb7cf24c2397f41803927b9a,1,85fd14e978b92176dd210c046abc3540,4d6d651bd7684af3fffabd5f08d12e5a,2017-12-11 11:57:47,109.9,15.52,2017-12-05,2017-12-11 11:57:47.000000,2026-08-27T05:17:09.287600+00:00,D:/D drive recovery/Shiva JH/Projects/OneLake Medallion/data/landing/2017-12-05/order_items.parquet,2017-12-05
a3c3508e603e9411b2b69972993bd079,1,e4d325bd1eea550509bdbbc5c3301fc1,7178f9f4dd81dcef02f62acdf8151e01,2017-12-18 03:15:47,349.9,20.02,2017-12-05,2017-12-18 03:15:47.000000,2026-08-27T05:17:09.287600+00:00,D:/D drive recovery/Shiva JH/Projects/OneLake Medallion/data/landing/2017-12-05/order_items.parquet,2017-12-05
ba3c3f0a08fc618d7bee784ef3a1574e,1,19421075ae0b585f2dc13ff149e2119d,4c2b230173bb36f9b240f2b8ac11786e,2017-12-12 02:39:31,45.9,21.15,2017-12-05,2017-12-12 02:39:31.000000,2026-08-27T05:17:09.287600+00:00,D:/D drive recovery/Shiva JH/Projects/OneLake Medallion/data/landing/2017-12-05/order_items.parquet,2017-12-05
ba3c3f0a08fc618d7bee784ef3a1574e,2,19421075ae0b585f2dc13ff149e2119d,4c2b230173bb36f9b240f2b8ac11786e,2017-12-12 02:39:31,45.9,21.15,2017-12-05,2017-12-12 02:39:31.000000,2026-08-27T05:17:09.287600+00:00,D:/D drive recovery/Shiva JH/Projects/OneLake Medallion/data/landing/2017-12-05/order_items.parquet,2017-12-05
ba3c3f0a08fc618d7bee784ef3a1574e,3,19421075ae0b585f2dc13ff149e2119d,4c2b230173bb36f9b240f2b8ac11786e,2017-12-12 02:39:31,45.9,21.15,2017-12-05,2017-12-12 02:39:31.000000,2026-08-27T05:17:09.287600+00:00,D:/D drive recovery/Shiva JH/Projects/OneLake Medallion/data/landing/2017-12-05/order_items.parquet,2017-12-05
d4c58595bdf85c5e0faf0800e4ef4b94,1,92d5ae8e42c4599266f210bf0469ae9b,b33e7c55446eabf8fe1a42d037ac7d6d,2017-12-11 11:30:51,229.89,13.11,2017-12-05,2017-12-11 11:30:51.000000,2026-08-27T05:17:09.287600+00:00,D:/D drive recovery/Shiva JH/Projects/OneLake Medallion/data/landing/2017-12-05/order_items.parquet,2017-12-05
f1683f4bfd72d0680bb05961cde27a66,1,cd89ce90d4c33b04851f90bcf1ec521a,7142540dd4c91e2237acb7e911c4eba2,2017-12-13 03:11:12,129.9,18.16,2017-12-05,2017-12-13 03:11:12.000000,2026-08-27T05:17:09.287600+00:00,D:/D drive recovery/Shiva JH/Projects/OneLake Medallion/data/landing/2017-12-05/order_items.parquet,2017-12-05
633dd5a92f78d119e8d78b055c418fcd,1,8efa775719397f78f79c8e5c7b0afbd4,bd4889b5e9133b35b66e42a8665cea5c,2017-12-22 12:10:28,77.0,27.08,2017-12-17,2017-12-22 12:10:28.000000,2026-08-27T05:17:09.287600+00:00,D:/D drive recovery/Shiva JH/Projects/OneLake Medallion/data/landing/2017-12-17/order_items.parquet,2017-12-17
633dd5a92f78d119e8d78b055c418fcd,2,8efa775719397f78f79c8e5c7b0afbd4,bd4889b5e9133b35b66e42a8665cea5c,2017-12-22 12:10:28,77.0,27.08,2017-12-17,2017-12-22 12:10:28.000000,2026-08-27T05:17:09.287600+00:00,D:/D drive recovery/Shiva JH/Projects/OneLake Medallion/data/landing/2017-12-17/order_items.parquet,2017-12-17
633dd5a92f78d119e8d78b055c418fcd,3,8efa775719397f78f79c8e5c7b0afbd4,bd4889b5e9133b35b66e42a8665cea5c,2017-12-22 12:10:28,77.0,27.08,2017-12-17,2017-12-22 12:10:28.000000,2026-08-27T05:17:09.287600+00:00,D:/D drive recovery/Shiva JH/Projects/OneLake Medallion/data/landing/2017-12-17/order_items.parquet,2017-12-17
6cfe6353d8643785eeccb1f3378ba401,1,386eebb43722ab502f04f7900bd2451b,94144541854e298c2d976cb893b81343,2017-12-21 22:58:27,44.9,34.15,2017-12-17,2017-12-21 22:58:27.000000,2026-08-27T05:17:09.287600+00:00,D:/D drive recovery/Shiva JH/Projects/OneLake Medallion/data/landing/2017-12-17/order_items.parquet,2017-12-17
8ed3cf9546af963a08c97b1edfe352d2,1,2a2d22ae30e026f1893083c8405ca522,1a3df491d1c4f1589fc2b934ada68bf2,2017-12-26 19:29:54,148.9,17.69,2017-12-17,2017-12-26 19:29:54.000000,2026-08-27T05:17:09.287600+00:00,D:/D drive recovery/Shiva JH/Projects/OneLake Medallion/data/landing/2017-12-17/order_items.parquet,2017-12-17
122f89bf1364c998d4a766ff07d87b9b,1,f011deae0b381d8abd76d0ee747370fb,822166ed1e47908f7cfb49946d03c726,2018-01-05 17:07:49,24.9,16.79,2017-12-29,2018-01-05 17:07:49.000000,2026-08-27T05:17:09.287600+00:00,D:/D drive recovery/Shiva JH/Projects/OneLake Medallion/data/landing/2017-12-29/order_items.parquet,2017-12-29
122f89bf1364c998d4a766ff07d87b9b,2,f011deae0b381d8abd76d0ee747370fb,822166ed1e47908f7cfb49946d03c726,2018-01-05 17:07:49,24.9,16.79,2017-12-29,2018-01-05 17:07:49.000000,2026-08-27T05:17:09.287600+00:00,D:/D drive recovery/Shiva JH/Projects/OneLake Medallion/data/landing/2017-12-29/order_items.parquet,2017-12-29
47d4cec8efbcb39b6dad3398a957ae67,1,c4baedd846ed09b85f78a781b522f126,a1043bafd471dff536d0c462352beb48,2018-01-05 09:31:27,89.99,45.09,2017-12-29,2018-01-05 09:31:27.000000,2026-08-27T05:17:09.287600+00:00,D:/D drive recovery/Shiva JH/Projects/OneLake Medallion/data/landing/2017-12-29/order_items.parquet,2017-12-29
91a333766463bf60b5dcb78750da0f51,1,060f0122cdc8f25db4a0d7359fdae7b0,6560211a19b47992c3666cc44a7e94c0,2018-01-05 18:31:19,49.0,14.1,2017-12-29,2018-01-05 18:31:19.000000,2026-08-27T05:17:09.287600+00:00,D:/D drive recovery/Shiva JH/Projects/OneLake Medallion/data/landing/2017-12-29/order_items.parquet,2017-12-29
b86b409722c5a0526855d0df0076609b,1,eb9962da8bc1136b2c1492184723ce26,750303a20e9c56b2a6bc45cdce0b897d,2018-01-05 10:52:27,84.9,34.39,2017-12-29,2018-01-05 10:52:27.000000,2026-08-27T05:17:09.287600+00:00,D:/D drive recovery/Shiva JH/Projects/OneLake Medallion/data/landing/2017-12-29/order_items.parquet,2017-12-29
bb386dd878f0e22e224e88bf470d8bba,1,bc23e7ab33428b722eb04acc660423ad,3d871de0142ce09b7081e2b9d1733cb1,2018-01-05 09:47:49,159.0,64.69,2017-12-29,2018-01-05 09:47:49.000000,2026-08-27T05:17:09.287600+00:00,D:/D drive recovery/Shiva JH/Projects/OneLake Medallion/data/landing/2017-12-29/order_items.parquet,2017-12-29
f0d9a9e5ae6be6b5b74b1d58208e6261,1,53759a2ecddad2bb87a079a1f1519f73,1f50f920176fa81dab994f9023523100,2018-01-05 11:27:32,49.9,17.66,2017-12-29,2018-01-05 11:27:32.000000,2026-08-27T05:17:09.287600+00:00,D:/D drive recovery/Shiva JH/Projects/OneLake Medallion/data/landing/2017-12-29/order_items.parquet,2017-12-29
0fd2cbcb61ecd83360e6ba4f37059f11,1,aca2eb7d00ea1a7b8ebd4e68314663af,955fee9216a65b617aa5c0531780ce60,2018-01-17 19:34:30,69.9,13.08,2018-01-10,2018-01-17 19:34:30.000000,2026-08-27T05:17:09.287600+00:00,D:/D drive recovery/Shiva JH/Projects/OneLake Medallion/data/landing/2018-01-10/order_items.parquet,2018-01-10
424324b09cd7245a213d08d46272e9e6,1,10575a1b638283f7cc928d01f29416b2,8f2ce03f928b567e3d56181ae20ae952,2018-01-18 10:17:21,109.9,15.52,2018-01-10,2018-01-18 10:17:21.000000,2026-08-27T05:17:09.287600+00:00,D:/D drive recovery/Shiva JH/Projects/OneLake Medallion/data/landing/2018-01-10/order_items.parquet,2018-01-10
8f8634cbfb1b971fbea53d83c59105b0,1,e03102efbc2229024c89be731f0aedcb,2c9e548be18521d1c43cde1c582c6de8,2018-01-16 20:50:39,39.9,16.11,2018-01-10,2018-01-16 20:50:39.000000,2026-08-27T05:17:09.287600+00:00,D:/D drive recovery/Shiva JH/Projects/OneLake Medallion/data/landing/2018-01-10/order_items.parquet,2018-01-10
8f8634cbfb1b971fbea53d83c59105b0,2,e03102efbc2229024c89be731f0aedcb,2c9e548be18521d1c43cde1c582c6de8,2018-01-16 20:50:39,39.9,16.11,2018-01-10,2018-01-16 20:50:39.000000,2026-08-27T05:17:09.287600+00:00,D:/D drive recovery/Shiva JH/Projects/OneLake Medallion/data/landing/2018-01-10/order_items.parquet,2018-01-10
91151a1839749882e607fb8d0c0a2a71,1,0921c85f1ae48534995bff5348e3d9d7,50c9975695009e5e6473912e83a6d1da,2018-01-18 02:35:46,5.2,14.08,2018-01-10,2018-01-18 02:35:46.000000,2026-08-27T05:17:09.287600+00:00,D:/D drive recovery/Shiva JH/Projects/OneLake Medallion/data/landing/2018-01-10/order_items.parquet,2018-01-10
91151a1839749882e607fb8d0c0a2a71,2,0921c85f1ae48534995bff5348e3d9d7,50c9975695009e5e6473912e83a6d1da,2018-01-18 02:35:46,5.2,14.08,2018-01-10,2018-01-18 02:35:46.000000,2026-08-27T05:17:09.287600+00:00,D:/D drive recovery/Shiva JH/Projects/OneLake Medallion/data/landing/2018-01-10/order_items.parquet,2018-01-10
dbf950454e4e2ce02692d5a05aa7a304,1,6d9c13461ff3d5e84455aec235969d23,8b321bb669392f5163d04c59e235e066,2018-01-16 11:51:20,9.9,7.78,2018-01-10,2018-01-16 11:51:20.000000,2026-08-27T05:17:09.287600+00:00,D:/D drive recovery/Shiva JH/Projects/OneLake Medallion/data/landing/2018-01-10/order_items.parquet,2018-01-10
e22739f2795ccf571ea9b5634b5bef5f,1,b375da7781299a4e3ad98187c0bf4044,fe26f3ecb51a15e6d8335cd92da42562,2018-01-16 15:54:25,269.99,48.6,2018-01-10,2018-01-16 15:54:25.000000,2026-08-27T05:17:09.287600+00:00,D:/D drive recovery/Shiva JH/Projects/OneLake Medallion/data/landing/2018-01-10/order_items.parquet,2018-01-10
04bef466ed85bb9eca9a6165d765574c,1,0a07b2c989441aaec80191da39c79c99,fa1c13f2614d7b5c4749cbc52fecda94,2018-01-28 22:33:19,138.9,14.72,2018-01-22,2018-01-28 22:33:19.000000,2026-08-27T05:17:09.287600+00:00,D:/D drive recovery/Shiva JH/Projects/OneLake Medallion/data/landing/2018-01-22/order_items.parquet,2018-01-22
1c1f19ca40392b67aa5f9627ad2d1029,1,a659cb33082b851fb87a33af8f0fff29,817245bcc3badd82bbd222e0366951a6,2018-01-26 17:54:40,89.9,12.13,2018-01-22,2018-01-26 17:54:40.000000,2026-08-27T05:17:09.287600+00:00,D:/D drive recovery/Shiva JH/Projects/OneLake Medallion/data/landing/2018-01-22/order_items.parquet,2018-01-22
1c1f19ca40392b67aa5f9627ad2d1029,2,a659cb33082b851fb87a33af8f0fff29,817245bcc3badd82bbd222e0366951a6,2018-01-26 17:54:40,89.9,12.13,2018-01-22,2018-01-26 17:54:40.000000,2026-08-27T05:17:09.287600+00:00,D:/D drive recovery/Shiva JH/Projects/OneLake Medallion/data/landing/2018-01-22/order_items.parquet,2018-01-22
1c1f19ca40392b67aa5f9627ad2d1029,3,a659cb33082b851fb87a33af8f0fff29,817245bcc3badd82bbd222e0366951a6,2018-01-26 17:54:40,89.9,12.13,2018-01-22,2018-01-26 17:54:40.000000,2026-08-27T05:17:09.287600+00:00,D:/D drive recovery/Shiva JH/Projects/OneLake Medallion/data/landing/2018-01-22/order_items.parquet,2018-01-22
1c1f19ca40392b67aa5f9627ad2d1029,4,a659cb33082b851fb87a33af8f0fff29,817245bcc3badd82bbd222e0366951a6,2018-01-26 17:54:40,89.9,12.13,2018-01-22,2018-01-26 17:54:40.000000,2026-08-27T05:17:09.287600+00:00,D:/D drive recovery/Shiva JH/Projects/OneLake Medallion/data/landing/2018-01-22/order_items.parquet,2018-01-22
1d28af766063913e28a09606c0ee6fee,1,461f43be3bdf8844e65b62d9ac2c7a5a,b33e7c55446eabf8fe1a42d037ac7d6d,2018-01-26 18:57:11,149.0,12.54,2018-01-22,2018-01-26 18:57:11.000000,2026-08-27T05:17:09.287600+00:00,D:/D drive recovery/Shiva JH/Projects/OneLake Medallion/data/landing/2018-01-22/order_items.parquet,2018-01-22
2c3a5e5f5bc3ae78ed5748461e62d47d,1,d8de812ed5d981fc6a3984f4caa2aa05,54a1852d1b8f10312c55e906355666ee,2018-01-26 19:36:30,59.99,9.74,2018-01-22,2018-01-26 19:36:30.000000,2026-08-27T05:17:09.287600+00:00,D:/D drive recovery/Shiva JH/Projects/OneLake Medallion/data/landing/2018-01-22/order_items.parquet,2018-01-22
2cfd5a10761ea2f9ebe13e7204c54c37,1,60831f149488243f31618867accce8cd,406822777a0b9eb5c50e442dd4cd3ec5,2018-01-29 17:28:27,29.9,16.11,2018-01-22,2018-01-29 17:28:27.000000,2026-08-27T05:17:09.287600+00:00,D:/D drive recovery/Shiva JH/Projects/OneLake Medallion/data/landing/2018-01-22/order_items.parquet,2018-01-22
7f40591eeef659da2bc93d2735fa9476,1,1600dcf1cea8c0c83702e07b577ab231,6560211a19b47992c3666cc44a7e94c0,2018-01-28 23:38:23,44.0,7.78,2018-01-22,2018-01-28 23:38:23.000000,2026-08-27T05:17:09.287600+00:00,D:/D drive recovery/Shiva JH/Projects/OneLake Medallion/data/landing/2018-01-22/order_items.parquet,2018-01-22
7f40591eeef659da2bc93d2735fa9476,2,a214ec4881cfa50f718046bdc15c6a22,6560211a19b47992c3666cc44a7e94c0,2018-01-28 23:38:23,49.0,7.78,2018-01-22,2018-01-28 23:38:23.000000,2026-08-27T05:17:09.287600+00:00,D:/D drive recovery/Shiva JH/Projects/OneLake Medallion/data/landing/2018-01-22/order_items.parquet,2018-01-22
896a98eb2680bdc1b1f621e02c6b9d08,1,29fd9022374ff3fef2e8f82c39b4133e,4a3ca9315b744ce9f8e9374361493884,2018-01-30 10:16:27,69.9,16.25,2018-01-22,2018-01-30 10:16:27.000000,2026-08-27T05:17:09.287600+00:00,D:/D drive recovery/Shiva JH/Projects/OneLake Medallion/data/landing/2018-01-22/order_items.parquet,2018-01-22
28deb75c8cd00d9b37fc3376aca1cc09,1,7ac0d3f8ac5b60c13d74b02b8cbb4623,f27e33c6d29b5138fa9967bcd445b6d5,2018-02-08 14:30:21,94.9,17.91,2018-02-03,2018-02-08 14:30:21.000000,2026-08-27T05:17:09.287600+00:00,D:/D drive recovery/Shiva JH/Projects/OneLake Medallion/data/landing/2018-02-03/order_items.parquet,2018-02-03
28deb75c8cd00d9b37fc3376aca1cc09,2,7ac0d3f8ac5b60c13d74b02b8cbb4623,f27e33c6d29b5138fa9967bcd445b6d5,2018-02-08 14:30:21,94.9,17.91,2018-02-03,2018-02-08 14:30:21.000000,2026-08-27T05:17:09.287600+00:00,D:/D drive recovery/Shiva JH/Projects/OneLake Medallion/data/landing/2018-02-03/order_items.parquet,2018-02-03
30fb13279028a5d1ebc47f8ace9b041f,1,a963ea4d494221de09b70f1b4a70edbd,bd0389da23d89b726abf911cccc54596,2018-02-08 19:49:25,89.9,16.07,2018-02-03,2018-02-08 19:49:25.000000,2026-08-27T05:17:09.287600+00:00,D:/D drive recovery/Shiva JH/Projects/OneLake Medallion/data/landing/2018-02-03/order_items.parquet,2018-02-03
9bf7384574b699b32297382b5df68d09,1,44a34214a57dc373dcd80f54c919d006,7008613ea464bad5cb9b83456e1e6a8f,2018-02-08 17:15:38,29.5,17.92,2018-02-03,2018-02-08 17:15:38.000000,2026-08-27T05:17:09.287600+00:00,D:/D drive recovery/Shiva JH/Projects/OneLake Medallion/data/landing/2018-02-03/order_items.parquet,2018-02-03
1ded4213705262539b563c8f1a535044,1,c863f578eb77e9238bfc0db8d0ffa3c8,b4ffb71f0cb1b1c3d63fad021ecf93e1,2018-02-23 20:46:17,48.3,14.1,2018-02-15,2018-02-23 20:46:17.000000,2026-08-27T05:17:09.287600+00:00,D:/D drive recovery/Shiva JH/Projects/OneLake Medallion/data/landing/2018-02-15/order_items.parquet,2018-02-15
3e260a92ff50c19fbc36aa8a1d0970d1,1,566a4f2c4385f36d15c00dfcaae132d1,8b321bb669392f5163d04c59e235e066,2018-02-21 16:10:24,21.9,34.15,2018-02-15,2018-02-21 16:10:24.000000,2026-08-27T05:17:09.287600+00:00,D:/D drive recovery/Shiva JH/Projects/OneLake Medallion/data/landing/2018-02-15/order_items.parquet,2018-02-15
9acc95f3652577fb8a5c8b1a7ee9bd96,1,f6a4cf51bd4911bee9e0308879e005fd,e3e15e2c0b9700561efac21c6be48066,2018-02-23 13:06:37,23.75,17.63,2018-02-15,2018-02-23 13:06:37.000000,2026-08-27T05:17:09.287600+00:00,D:/D drive recovery/Shiva JH/Projects/OneLake Medallion/data/landing/2018-02-15/order_items.parquet,2018-02-15
a9884879d65dd954426915174ac439ad,1,652683d85a89f3b134e44989a601bc58,6e864f5c4669eff3d98140a07cc50202,2018-02-22 02:35:59,41.65,17.6,2018-02-15,2018-02-22 02:35:59.000000,2026-08-27T05:17:09.287600+00:00,D:/D drive recovery/Shiva JH/Projects/OneLake Medallion/data/landing/2018-02-15/order_items.parquet,2018-02-15
b2e21801242d20d3f1f17a2e99dbd5f7,1,ab1106e227a745836a0dc83b374e2575,cbd996ad3c1b7dc71fd0e5f5df9087e2,2018-02-23 13:07:34,19.99,15.1,2018-02-15,2018-02-23 13:07:34.000000,2026-08-27T05:17:09.287600+00:00,D:/D drive recovery/Shiva JH/Projects/OneLake Medallion/data/landing/2018-02-15/order_items.parquet,2018-02-15
cdc8b4ad3c6deb7fc303fb91abe7bc0f,1,f179d569401e7aea68f5b8c64367c796,71039d19d4303bf9054d69e9a9236699,2018-02-21 12:10:27,269.9,22.38,2018-02-15,2018-02-21 12:10:27.000000,2026-08-27T05:17:09.287600+00:00,D:/D drive recovery/Shiva JH/Projects/OneLake Medallion/data/landing/2018-02-15/order_items.parquet,2018-02-15
e61f15c94900d1cc4cebd96be96f3823,1,b40f2e02089486d971fe39108eacc283,974cf2cb8f4b7add98709c30df02fe10,2018-02-21 01:27:21,129.99,12.41,2018-02-15,2018-02-21 01:27:21.000000,2026-08-27T05:17:09.287600+00:00,D:/D drive recovery/Shiva JH/Projects/OneLake Medallion/data/landing/2018-02-15/order_items.parquet,2018-02-15
26cdf11da38117ed1bca961a210dd21d,1,78efe838c04bbc568be034082200ac20,0241d4d5d36f10f80c644447315af0bd,2018-03-06 09:30:55,99.9,43.11,2018-02-27,2018-03-06 09:30:55.000000,2026-08-27T05:17:09.287600+00:00,D:/D drive recovery/Shiva JH/Projects/OneLake Medallion/data/landing/2018-02-27/order_items.parquet,2018-02-27
4c1820d7f03f21dc27c9fc40eba8e860,1,cbc5b9bf8ef22d5d2fdc8aab94b47212,fa1c13f2614d7b5c4749cbc52fecda94,2018-03-05 17:10:17,199.9,15.15,2018-02-27,2018-03-05 17:10:17.000000,2026-08-27T05:17:09.287600+00:00,D:/D drive recovery/Shiva JH/Projects/OneLake Medallion/data/landing/2018-02-27/order_items.parquet,2018-02-27
589310d3d488112508a26f3e22ba30ca,1,762e9c384b4752bbcbea568e3d89856f,30a81d8cf85fb2ada1b1b094c9583a95,2018-03-05 12:29:33,57.99,11.91,2018-02-27,2018-03-05 12:29:33.000000,2026-08-27T05:17:09.287600+00:00,D:/D drive recovery/Shiva JH/Projects/OneLake Medallion/data/landing/2018-02-27/order_items.parquet,2018-02-27
58cd1eb79e3ed5abe07691143092d982,1,f89cd865cac300a9bf1320dd8f0fa223,8b321bb669392f5163d04c59e235e066,2018-03-05 18:10:30,11.55,14.1,2018-02-27,2018-03-05 18:10:30.000000,2026-08-27T05:17:09.287600+00:00,D:/D drive recovery/Shiva JH/Projects/OneLake Medallion/data/landing/2018-02-27/order_items.parquet,2018-02-27
59af26972d088bedece0eddac136ccd5,1,9e91c1a0603362cd90caa2e9f6580bb7,23d7c96d4a1160db1c726b248601b25a,2018-03-05 18:15:32,219.9,14.56,2018-02-27,2018-03-05 18:15:32.000000,2026-08-27T05:17:09.287600+00:00,D:/D drive recovery/Shiva JH/Projects/OneLake Medallion/data/landing/2018-02-27/order_items.parquet,2018-02-27
75e005e5bcbda5404c4c3f5dcb16f7ae,1,ab330e1b64fde92d3b4d4d6980a38576,e0878efa0e0b7e5313ac0b43bc04c081,2018-03-08 02:50:49,39.9,8.11,2018-02-27,2018-03-08 02:50:49.000000,2026-08-27T05:17:09.287600+00:00,D:/D drive recovery/Shiva JH/Projects/OneLake Medallion/data/landing/2018-02-27/order_items.parquet,2018-02-27
7b851c9a82166bba7e2bce7bc005a226,1,19421075ae0b585f2dc13ff149e2119d,4c2b230173bb36f9b240f2b8ac11786e,2018-03-05 20:09:25,45.9,7.78,2018-02-27,2018-03-05 20:09:25.000000,2026-08-27T05:17:09.287600+00:00,D:/D drive recovery/Shiva JH/Projects/OneLake Medallion/data/landing/2018-02-27/order_items.parquet,2018-02-27
9b95a53cadb5a007d0928bd00265ea08,1,d4a3b5aa064bf44e74f1e71862bea22a,57c764b4a836300be881e2ff86e449f9,2018-03-06 09:29:26,9.9,15.1,2018-02-27,2018-03-06 09:29:26.000000,2026-08-27T05:17:09.287600+00:00,D:/D drive recovery/Shiva JH/Projects/OneLake Medallion/data/landing/2018-02-27/order_items.parquet,2018-02-27
a3958d69eb857cd9af63d8f40948e64d,1,a62e25e09e05e6faf31d90c6ec1aa3d1,634964b17796e64304cadf1ad3050fb7,2018-03-06 09:31:21,108.0,16.52,2018-02-27,2018-03-06 09:31:21.000000,2026-08-27T05:17:09.287600+00:00,D:/D drive recovery/Shiva JH/Projects/OneLake Medallion/data/landing/2018-02-27/order_items.parquet,2018-02-27
ae168dfba236919411fe08f336fefa44,1,f5cb4f19ca215fb34aef190918d45f46,8e6d7754bc7e0f22c96d255ebda59eba,2018-03-05 09:30:27,88.89,15.37,2018-02-27,2018-03-05 09:30:27.000000,2026-08-27T05:17:09.287600+00:00,D:/D drive recovery/Shiva JH/Projects/OneLake Medallion/data/landing/2018-02-27/order_items.parquet,2018-02-27
ae168dfba236919411fe08f336fefa44,2,f5cb4f19ca215fb34aef190918d45f46,8e6d7754bc7e0f22c96d255ebda59eba,2018-03-05 09:30:27,88.89,15.37,2018-02-27,2018-03-05 09:30:27.000000,2026-08-27T05:17:09.287600+00:00,D:/D drive recovery/Shiva JH/Projects/OneLake Medallion/data/landing/2018-02-27/order_items.parquet,2018-02-27
ae168dfba236919411fe08f336fefa44,3,f5cb4f19ca215fb34aef190918d45f46,8e6d7754bc7e0f22c96d255ebda59eba,2018-03-05 09:30:27,88.89,15.37,2018-02-27,2018-03-05 09:30:27.000000,2026-08-27T05:17:09.287600+00:00,D:/D drive recovery/Shiva JH/Projects/OneLake Medallion/data/landing/2018-02-27/order_items.parquet,2018-02-27
b951bb66b451384026a3308f84f1eab9,1,22914988306f1235a3e5fff32403d205,5d0363b33554b373851fc1622e4d5f3c,2018-03-06 21:48:16,72.0,26.82,2018-02-27,2018-03-06 21:48:16.000000,2026-08-27T05:17:09.287600+00:00,D:/D drive recovery/Shiva JH/Projects/OneLake Medallion/data/landing/2018-02-27/order_items.parquet,2018-02-27
d22be2a4da2ca6e4cf8f164d63f5be02,1,aca2eb7d00ea1a7b8ebd4e68314663af,955fee9216a65b617aa5c0531780ce60,2018-03-06 21:31:40,69.9,20.98,2018-02-27,2018-03-06 21:31:40.000000,2026-08-27T05:17:09.287600+00:00,D:/D drive recovery/Shiva JH/Projects/OneLake Medallion/data/landing/2018-02-27/order_items.parquet,2018-02-27
0ee3384432be1cfa2a044251ca3ea3a4,1,937c825572d26b9e5a723527c6d625c6,391fc6631aebcf3004804e51b40bcf1e,2018-03-20 16:35:25,45.95,12.79,2018-03-11,2018-03-20 16:35:25.000000,2026-08-27T05:17:09.287600+00:00,D:/D drive recovery/Shiva JH/Projects/OneLake Medallion/data/landing/2018-03-11/order_items.parquet,2018-03-11
3e37861f5eeb4e7f465390b54c79bca7,1,d5365b4fc46af0e0679ce35e818b4b0a,e2aee0892199b1d92530e371abd825bf,2018-03-15 11:31:38,99.9,186.01,2018-03-11,2018-03-15 11:31:38.000000,2026-08-27T05:17:09.287600+00:00,D:/D drive recovery/Shiva JH/Projects/OneLake Medallion/data/landing/2018-03-11/order_items.parquet,2018-03-11
4de3ade587f6ec5d1bab54a9c831f1df,1,aa280035c50ba62c746480a59045eec4,fa40cc5b934574b62717c68f3d678b6d,2018-03-15 12:10:00,30.5,7.39,2018-03-11,2018-03-15 12:10:00.000000,2026-08-27T05:17:09.287600+00:00,D:/D drive recovery/Shiva JH/Projects/OneLake Medallion/data/landing/2018-03-11/order_items.parquet,2018-03-11
bd73b77940b4755971250ad4a3cd95b8,1,d48bacc1dcd9c86bf1ed4ed2a303336c,406822777a0b9eb5c50e442dd4cd3ec5,2018-03-19 04:15:39,44.9,22.93,2018-03-11,2018-03-19 04:15:39.000000,2026-08-27T05:17:09.287600+00:00,D:/D drive recovery/Shiva JH/Projects/OneLake Medallion/data/landing/2018-03-11/order_items.parquet,2018-03-11
4e01efb248c52ca8e83181032cf0bdab,1,ee57070aa3b24a06fdd0e02efd2d757d,f457c46070d02cadd8a68551231220dd,2018-03-28 23:35:23,74.9,13.63,2018-03-23,2018-03-28 23:35:23.000000,2026-08-27T05:17:09.287600+00:00,D:/D drive recovery/Shiva JH/Projects/OneLake Medallion/data/landing/2018-03-23/order_items.parquet,2018-03-23
4e01efb248c52ca8e83181032cf0bdab,2,0d85c435fd60b277ffb9e9b0f88f927a,f457c46070d02cadd8a68551231220dd,2018-03-28 23:35:23,72.0,13.63,2018-03-23,2018-03-28 23:35:23.000000,2026-08-27T05:17:09.287600+00:00,D:/D drive recovery/Shiva JH/Projects/OneLake Medallion/data/landing/2018-03-23/order_items.parquet,2018-03-23
57519b17e3776c2f4fa3a4e7fe69ccf8,1,0b0918a3b5efe0c8ea609a26b14e1bff,ea8482cd71df3c1969d7b9473ff13abc,2018-04-02 04:08:47,24.99,7.39,2018-03-23,2018-04-02 04:08:47.000000,2026-08-27T05:17:09.287600+00:00,D:/D drive recovery/Shiva JH/Projects/OneLake Medallion/data/landing/2018-03-23/order_items.parquet,2018-03-23
6518924bc9a484b955e621ee87bc2b60,1,704ef63ad0ac345842ea734060a83db2,da8622b14eb17ae2831f4ac5b9dab84a,2018-04-02 03:35:12,74.9,18.13,2018-03-23,2018-04-02 03:35:12.000000,2026-08-27T05:17:09.287600+00:00,D:/D drive recovery/Shiva JH/Projects/OneLake Medallion/data/landing/2018-03-23/order_items.parquet,2018-03-23
6b8c62c594c79c27167d9337676cd93a,1,97194fdae68fa163b7cc5c02bfedbf16,05f51e13da97139648b8125c31e5f51b,2018-03-29 10:55:31,499.9,78.93,2018-03-23,2018-03-29 10:55:31.000000,2026-08-27T05:17:09.287600+00:00,D:/D drive recovery/Shiva JH/Projects/OneLake Medallion/data/landing/2018-03-23/order_items.parquet,2018-03-23
6b8c62c594c79c27167d9337676cd93a,2,97194fdae68fa163b7cc5c02bfedbf16,05f51e13da97139648b8125c31e5f51b,2018-03-29 10:55:31,499.9,78.93,2018-03-23,2018-03-29 10:55:31.000000,2026-08-27T05:17:09.287600+00:00,D:/D drive recovery/Shiva JH/Projects/OneLake Medallion/data/landing/2018-03-23/order_items.parquet,2018-03-23
c9228d6b986db23662580682699083d2,1,b952d6773e9a3a9b86c9faded9ec3c86,897060da8b9a21f655304d50fd935913,2018-03-29 15:15:22,23.0,22.93,2018-03-23,2018-03-29 15:15:22.000000,2026-08-27T05:17:09.287600+00:00,D:/D drive recovery/Shiva JH/Projects/OneLake Medallion/data/landing/2018-03-23/order_items.parquet,2018-03-23
0921e6115b1fcc24d5dcf35570b68933,1,4fc5968ccd1881352d73d321e174df9a,099095b050cfe8eb1ddff5317587e96e,2018-04-10 10:55:17,529.99,33.96,2018-04-04,2018-04-10 10:55:17.000000,2026-08-27T05:17:09.287600+00:00,D:/D drive recovery/Shiva JH/Projects/OneLake Medallion/data/landing/2018-04-04/order_items.parquet,2018-04-04
a3e6b4dfa4c321071ce66af89c4903b8,1,4d0ec1e9b95fb62f9a1fbe21808bf3b1,8160255418d5aaa7dbdc9f4c64ebda44,2018-04-10 08:29:32,115.9,19.78,2018-04-04,2018-04-10 08:29:32.000000,2026-08-27T05:17:09.287600+00:00,D:/D drive recovery/Shiva JH/Projects/OneLake Medallion/data/landing/2018-04-04/order_items.parquet,2018-04-04
a836557bd25acb961f6381da4f877fd0,1,bf040689dafcd49899213b09595b9f2a,910a922b426b7ff95eaee129ad6c0e1f,2018-04-10 13:09:54,59.9,12.86,2018-04-04,2018-04-10 13:09:54.000000,2026-08-27T05:17:09.287600+00:00,D:/D drive recovery/Shiva JH/Projects/OneLake Medallion/data/landing/2018-04-04/order_items.parquet,2018-04-04
d8dbce6a7e7afb5ee03584eea5a61779,1,efcef300fe9b2c558a8ea258127f6e6f,070d165398b553f3b4b851c216b8a358,2018-04-10 08:30:20,59.99,19.39,2018-04-04,2018-04-10 08:30:20.000000,2026-08-27T05:17:09.287600+00:00,D:/D drive recovery/Shiva JH/Projects/OneLake Medallion/data/landing/2018-04-04/order_items.parquet,2018-04-04
dc93ba4cf47339046ee8035efb73e2d4,1,840621ddfa6fe5736e2d5b9e621caa68,34056b8b55c1775a22af2331670a799c,2018-04-10 00:48:51,124.7,19.84,2018-04-04,2018-04-10 00:48:51.000000,2026-08-27T05:17:09.287600+00:00,D:/D drive recovery/Shiva JH/Projects/OneLake Medallion/data/landing/2018-04-04/order_items.parquet,2018-04-04
6de5a0e5c8bf990d17c674d09fbaf1fb,1,a9dad2ea6b0cb39733febae5b7ec1dda,7d7d2b7a51328016102d4528c411d630,2018-04-23 00:11:49,49.9,19.32,2018-04-16,2018-04-23 00:11:49.000000,2026-08-27T05:17:09.287600+00:00,D:/D drive recovery/Shiva JH/Projects/OneLake Medallion/data/landing/2018-04-16/order_items.parquet,2018-04-16
7b2bc7c55531623ea7b22e2a191b21cd,1,3f994ee4a0b20760d1b173aa65037c95,ceaec5548eefc6e23e6607c5435102e7,2018-04-26 15:15:25,215.0,22.59,2018-04-16,2018-04-26 15:15:25.000000,2026-08-27T05:17:09.287600+00:00,D:/D drive recovery/Shiva JH/Projects/OneLake Medallion/data/landing/2018-04-16/order_items.parquet,2018-04-16
b7d7bac557fdaf041e274d8043d9c588,1,78119fbfa709d07b86f5ccf15043c6d6,4869f7a5dfa277a7dca6462dcf3b52b2,2018-04-20 08:50:59,189.9,19.21,2018-04-16,2018-04-20 08:50:59.000000,2026-08-27T05:17:09.287600+00:00,D:/D drive recovery/Shiva JH/Projects/OneLake Medallion/data/landing/2018-04-16/order_items.parquet,2018-04-16
af92edb8c53146e6ca0c2a62ecc288b5,1,ed2067a9c1f79553088a3c67b99a9f97,cbd996ad3c1b7dc71fd0e5f5df9087e2,2018-05-04 14:53:23,56.97,26.92,2018-04-28,2018-05-04 14:53:23.000000,2026-08-27T05:17:09.287600+00:00,D:/D drive recovery/Shiva JH/Projects/OneLake Medallion/data/landing/2018-04-28/order_items.parquet,2018-04-28
0f924038b00d1f102e4d09bea4fa666a,1,86999f823d7791c5796d506ae0ed44ea,eeb6de78f79159600292e314a77cbd18,2018-05-22 09:30:53,2689.0,70.95,2018-05-10,2018-05-22 09:30:53.000000,2026-08-27T05:17:09.287600+00:00,D:/D drive recovery/Shiva JH/Projects/OneLake Medallion/data/landing/2018-05-10/order_items.parquet,2018-05-10
29c56706d0442edbc19623391d958d7f,1,127c0cde3ea832c4c4901159cf902d0e,d5ba419e26d246a0719437cf37d9b46d,2018-05-17 03:10:37,129.9,9.26,2018-05-10,2018-05-17 03:10:37.000000,2026-08-27T05:17:09.287600+00:00,D:/D drive recovery/Shiva JH/Projects/OneLake Medallion/data/landing/2018-05-10/order_items.parquet,2018-05-10
4093e2a77fd359fe0046844307851f66,1,588ec31c89dea5de5dc87e15790df3f4,17ca9b9e9b9ef8fdb529001b49ebb50f,2018-05-16 19:55:19,59.97,18.0,2018-05-10,2018-05-16 19:55:19.000000,2026-08-27T05:17:09.287600+00:00,D:/D drive recovery/Shiva JH/Projects/OneLake Medallion/data/landing/2018-05-10/order_items.parquet,2018-05-10
e67519acd1370f173550a6cb2b994ca6,1,422879e10f46682990de24d770e7f83d,1f50f920176fa81dab994f9023523100,2018-05-17 03:35:16,53.9,22.96,2018-05-10,2018-05-17 03:35:16.000000,2026-08-27T05:17:09.287600+00:00,D:/D drive recovery/Shiva JH/Projects/OneLake Medallion/data/landing/2018-05-10/order_items.parquet,2018-05-10
1bbc88b68b941f9352e624b4ee9ae132,1,704ef63ad0ac345842ea734060a83db2,da8622b14eb17ae2831f4ac5b9dab84a,2018-05-24 05:12:51,79.9,9.29,2018-05-22,2018-05-24 05:12:51.000000,2026-08-27T05:17:09.287600+00:00,D:/D drive recovery/Shiva JH/Projects/OneLake Medallion/data/landing/2018-05-22/order_items.parquet,2018-05-22
1bbc88b68b941f9352e624b4ee9ae132,2,704ef63ad0ac345842ea734060a83db2,da8622b14eb17ae2831f4ac5b9dab84a,2018-05-24 05:12:51,79.9,9.29,2018-05-22,2018-05-24 05:12:51.000000,2026-08-27T05:17:09.287600+00:00,D:/D drive recovery/Shiva JH/Projects/OneLake Medallion/data/landing/2018-05-22/order_items.parquet,2018-05-22
7ea0da84e90dc5664dfa82a3ba9fff63,1,ab6ac334be05ff833a2e3973927dd83c,06a2c3af7b3aee5d69171b0e14f0ee87,2018-06-04 02:15:44,64.99,27.51,2018-05-22,2018-06-04 02:15:44.000000,2026-08-27T05:17:09.287600+00:00,D:/D drive recovery/Shiva JH/Projects/OneLake Medallion/data/landing/2018-05-22/order_items.parquet,2018-05-22
b11be1ce9a1f9812763eba8c91fc84bd,1,3dd2a17168ec895c781a9191c1e95ad7,de722cd6dad950a92b7d4f82673f8833,2018-05-24 14:56:22,149.9,10.06,2018-05-22,2018-05-24 14:56:22.000000,2026-08-27T05:17:09.287600+00:00,D:/D drive recovery/Shiva JH/Projects/OneLake Medallion/data/landing/2018-05-22/order_items.parquet,2018-05-22
c081663d30ea7be7a682297870e2ad02,1,1be6d38ae75d87f6ee74e1d8e7e5466d,2ba91c7ad80ff88b23b7db823b43c233,2018-05-28 16:36:56,59.9,18.3,2018-05-22,2018-05-28 16:36:56.000000,2026-08-27T05:17:09.287600+00:00,D:/D drive recovery/Shiva JH/Projects/OneLake Medallion/data/landing/2018-05-22/order_items.parquet,2018-05-22
3cbf16b8242e78d602909f15aaac29eb,1,72b253635b316f49e42e618d6e585ebc,fd386aa7bed2af3c7035c65506c9b4a3,2018-06-11 20:30:44,4.9,15.23,2018-06-03,2018-06-11 20:30:44.000000,2026-08-27T05:17:09.287600+00:00,D:/D drive recovery/Shiva JH/Projects/OneLake Medallion/data/landing/2018-06-03/order_items.parquet,2018-06-03
758d8c3ddeba66a2a9cad6c8b043dd2f,1,70eb8ec63fd4f2a0bf8607712407727c,903037660cf848a717166eb7a06d616e,2018-06-11 13:30:22,45.99,8.88,2018-06-03,2018-06-11 13:30:22.000000,2026-08-27T05:17:09.287600+00:00,D:/D drive recovery/Shiva JH/Projects/OneLake Medallion/data/landing/2018-06-03/order_items.parquet,2018-06-03
758d8c3ddeba66a2a9cad6c8b043dd2f,2,70eb8ec63fd4f2a0bf8607712407727c,903037660cf848a717166eb7a06d616e,2018-06-11 13:30:22,45.99,8.88,2018-06-03,2018-06-11 13:30:22.000000,2026-08-27T05:17:09.287600+00:00,D:/D drive recovery/Shiva JH/Projects/OneLake Medallion/data/landing/2018-06-03/order_items.parquet,2018-06-03
7c0c61f5d61aad026c439caf370a92f2,1,919b08607e72077425654ac5fc0b5528,2a261b5b644fa05f4f2700eb93544f2c,2018-06-11 16:30:50,70.0,45.35,2018-06-03,2018-06-11 16:30:50.000000,2026-08-27T05:17:09.287600+00:00,D:/D drive recovery/Shiva JH/Projects/OneLake Medallion/data/landing/2018-06-03/order_items.parquet,2018-06-03
7c0c61f5d61aad026c439caf370a92f2,2,919b08607e72077425654ac5fc0b5528,2a261b5b644fa05f4f2700eb93544f2c,2018-06-11 16:30:50,70.0,45.35,2018-06-03,2018-06-11 16:30:50.000000,2026-08-27T05:17:09.287600+00:00,D:/D drive recovery/Shiva JH/Projects/OneLake Medallion/data/landing/2018-06-03/order_items.parquet,2018-06-03
fd38d5793a4393e031ea8da57e094f88,1,b6bdb28b376292b83135644ff8d4d6a2,da8622b14eb17ae2831f4ac5b9dab84a,2018-06-11 16:50:40,179.9,13.69,2018-06-03,2018-06-11 16:50:40.000000,2026-08-27T05:17:09.287600+00:00,D:/D drive recovery/Shiva JH/Projects/OneLake Medallion/data/landing/2018-06-03/order_items.parquet,2018-06-03
95261f608a64bbbe760a212b4d48a4ee,1,99a4788cb24856965c36a24e339b6058,4a3ca9315b744ce9f8e9374361493884,2018-06-19 20:30:41,79.9,14.87,2018-06-15,2018-06-19 20:30:41.000000,2026-08-27T05:17:09.287600+00:00,D:/D drive recovery/Shiva JH/Projects/OneLake Medallion/data/landing/2018-06-15/order_items.parquet,2018-06-15
ad133696906f6a78826daa0911b7daec,1,bff381f7e26b290f53b9f5669eb7dfd5,5b85809efd0d0e4dea1a9544e1280ed9,2018-06-21 16:19:23,199.9,19.5,2018-06-15,2018-06-21 16:19:23.000000,2026-08-27T05:17:09.287600+00:00,D:/D drive recovery/Shiva JH/Projects/OneLake Medallion/data/landing/2018-06-15/order_items.parquet,2018-06-15
cc101c96c9b05fb5b3ed39f35a15995f,1,3f1a741cf5591384428c1cbb0ef07ec0,36a968b544695394e4e9d7572688598f,2018-06-20 11:02:23,14.9,18.23,2018-06-15,2018-06-20 11:02:23.000000,2026-08-27T05:17:09.287600+00:00,D:/D drive recovery/Shiva JH/Projects/OneLake Medallion/data/landing/2018-06-15/order_items.parquet,2018-06-15
1f9fa4b707b82f25dbf52e6695842e8c,1,6cdd53843498f92890544667809f1595,ccc4bbb5f32a6ab2b7066a4130f114e3,2017-02-07 12:33:44,349.9,28.71,2017-01-31,2017-02-07 12:33:44.000000,2026-08-27T05:17:09.287600+00:00,D:/D drive recovery/Shiva JH/Projects/OneLake Medallion/data/landing/2017-01-31/order_items.parquet,2017-01-31
5525c00bfd980bae1cac46f7dcf88224,1,811f973313e8219988a69cc140c447f0,dd2bdf855a9172734fbc3744021ae9b9,2017-02-04 11:22:14,69.9,17.37,2017-01-31,2017-02-04 11:22:14.000000,2026-08-27T05:17:09.287600+00:00,D:/D drive recovery/Shiva JH/Projects/OneLake Medallion/data/landing/2017-01-31/order_items.parquet,2017-01-31
77f8ac5734b5b2f8c1572102f854d329,1,a50acd33ba7a8da8e9db65094fa990a4,8581055ce74af1daba164fdbd55a40de,2017-03-14 15:37:38,117.3,16.97,2017-03-08,2017-03-14 15:37:38.000000,2026-08-27T05:17:09.287600+00:00,D:/D drive recovery/Shiva JH/Projects/OneLake Medallion/data/landing/2017-03-08/order_items.parquet,2017-03-08
d0d85933667e8a90939ca37947942b62,1,4bb4fb9c85785b75ab4f6559900c7ca1,ef506c96320abeedfb894c34db06f478,2017-03-14 19:55:23,37.99,10.96,2017-03-08,2017-03-14 19:55:23.000000,2026-08-27T05:17:09.287600+00:00,D:/D drive recovery/Shiva JH/Projects/OneLake Medallion/data/landing/2017-03-08/order_items.parquet,2017-03-08
1e5116c850ec5a9a3a83ff73bd06aef6,1,32a5dd316c0a5ff63e2bdbb820bc1506,c8660dcf9ba70575f45d80fe28c27713,2017-03-24 20:31:35,65.0,16.15,2017-03-20,2017-03-24 20:31:35.000000,2026-08-27T05:17:09.287600+00:00,D:/D drive recovery/Shiva JH/Projects/OneLake Medallion/data/landing/2017-03-20/order_items.parquet,2017-03-20
b4dc09cbd4cc735632779c738cda842b,1,f2af004352a06a99dca765596240cbc3,f4aba7c0bca51484c30ab7bdc34bcdd1,2017-03-24 14:10:45,44.9,10.96,2017-03-20,2017-03-24 14:10:45.000000,2026-08-27T05:17:09.287600+00:00,D:/D drive recovery/Shiva JH/Projects/OneLake Medallion/data/landing/2017-03-20/order_items.parquet,2017-03-20
9da02db988be4c6560597e90391a4cdc,1,591c08a1d9290193bd96d8c9e6e607ac,701938c450705b8ae65fc923b70f35c7,2017-04-06 13:50:17,103.97,24.01,2017-04-01,2017-04-06 13:50:17.000000,2026-08-27T05:17:09.287600+00:00,D:/D drive recovery/Shiva JH/Projects/OneLake Medallion/data/landing/2017-04-01/order_items.parquet,2017-04-01
ad9bcd26dc9183d66b36db87ffc26904,1,8c0935536ddc382900163bdbbd1975ff,83353a83fd769dfafa4f21a72b15e3e5,2017-04-07 17:42:43,79.9,18.31,2017-04-01,2017-04-07 17:42:43.000000,2026-08-27T05:17:09.287600+00:00,D:/D drive recovery/Shiva JH/Projects/OneLake Medallion/data/landing/2017-04-01/order_items.parquet,2017-04-01
813f8916cd12b887b0fa271f3263a4d3,1,a35a9f46dcee0a67c8c7ad8493eb4135,85d9eb9ddc5d00ca9336a2219c97bb13,2017-04-20 17:42:10,27.9,14.52,2017-04-13,2017-04-20 17:42:10.000000,2026-08-27T05:17:09.287600+00:00,D:/D drive recovery/Shiva JH/Projects/OneLake Medallion/data/landing/2017-04-13/order_items.parquet,2017-04-13
f0ab33ceba10623b929d52fe23fff27b,1,e9a69340883a438c3f91739d14d3a56d,1b4c3a6f53068f0b6944d2d005c9fc89,2017-04-19 14:55:14,169.9,38.15,2017-04-13,2017-04-19 14:55:14.000000,2026-08-27T05:17:09.287600+00:00,D:/D drive recovery/Shiva JH/Projects/OneLake Medallion/data/landing/2017-04-13/order_items.parquet,2017-04-13
0fb55482ffb326ed131c67051fe87192,1,2c190bcce66ae256e9aea5f13cf0f8fa,54a1852d1b8f10312c55e906355666ee,2017-05-02 21:22:34,99.99,17.44,2017-04-25,2017-05-02 21:22:34.000000,2026-08-27T05:17:09.287600+00:00,D:/D drive recovery/Shiva JH/Projects/OneLake Medallion/data/landing/2017-04-25/order_items.parquet,2017-04-25
50b8644a6f58db94a0d3beb21e0e9a01,1,de72ea95a1cd05b1a597d294a425be57,712e6ed8aa4aa1fa65dab41fed5737e4,2017-05-05 11:02:53,700.0,114.42,2017-04-25,2017-05-05 11:02:53.000000,2026-08-27T05:17:09.287600+00:00,D:/D drive recovery/Shiva JH/Projects/OneLake Medallion/data/landing/2017-04-25/order_items.parquet,2017-04-25
d8d0488eb1aa33a391551c5bbe00e93f,1,d1c427060a0f73f6b889a5c7c61f2ac4,a1043bafd471dff536d0c462352beb48,2017-05-03 02:25:17,129.99,33.19,2017-04-25,2017-05-03 02:25:17.000000,2026-08-27T05:17:09.287600+00:00,D:/D drive recovery/Shiva JH/Projects/OneLake Medallion/data/landing/2017-04-25/order_items.parquet,2017-04-25
ef59d8fd00ca64c9dea7310396e1bed2,1,3ef588bfd98e3e3a65ab2478b5b32824,fa1c13f2614d7b5c4749cbc52fecda94,2017-05-02 15:10:14,229.9,15.78,2017-04-25,2017-05-02 15:10:14.000000,2026-08-27T05:17:09.287600+00:00,D:/D drive recovery/Shiva JH/Projects/OneLake Medallion/data/landing/2017-04-25/order_items.parquet,2017-04-25
504d3fdb152668257245784f42c6fbc7,1,a24e985fc6dbd5f0e50b2a013fd72ed4,2a1348e9addc1af5aaa619b1a3679d6b,2017-05-11 14:41:56,44.5,12.48,2017-05-07,2017-05-11 14:41:56.000000,2026-08-27T05:17:09.287600+00:00,D:/D drive recovery/Shiva JH/Projects/OneLake Medallion/data/landing/2017-05-07/order_items.parquet,2017-05-07
635d6eda3af27d4cdcee17a82b7aca92,1,967ec52b0c55fe9ccde964df30cef64e,6edacfd9f9074789dad6d62ba7950b9c,2017-05-25 16:50:15,48.9,13.66,2017-05-19,2017-05-25 16:50:15.000000,2026-08-27T05:17:09.287600+00:00,D:/D drive recovery/Shiva JH/Projects/OneLake Medallion/data/landing/2017-05-19/order_items.parquet,2017-05-19
635d6eda3af27d4cdcee17a82b7aca92,2,6548c9763cc930450fb8b73c3353812f,6edacfd9f9074789dad6d62ba7950b9c,2017-05-25 16:50:15,41.9,16.56,2017-05-19,2017-05-25 16:50:15.000000,2026-08-27T05:17:09.287600+00:00,D:/D drive recovery/Shiva JH/Projects/OneLake Medallion/data/landing/2017-05-19/order_items.parquet,2017-05-19
8e350e1e4254bd7c68913b98bde7d3a7,1,35afc973633aaeb6b877ff57b2793310,4a3ca9315b744ce9f8e9374361493884,2017-05-26 15:50:07,89.9,15.38,2017-05-19,2017-05-26 15:50:07.000000,2026-08-27T05:17:09.287600+00:00,D:/D drive recovery/Shiva JH/Projects/OneLake Medallion/data/landing/2017-05-19/order_items.parquet,2017-05-19
8e350e1e4254bd7c68913b98bde7d3a7,2,99a4788cb24856965c36a24e339b6058,4a3ca9315b744ce9f8e9374361493884,2017-05-26 15:50:07,89.9,15.38,2017-05-19,2017-05-26 15:50:07.000000,2026-08-27T05:17:09.287600+00:00,D:/D drive recovery/Shiva JH/Projects/OneLake Medallion/data/landing/2017-05-19/order_items.parquet,2017-05-19
907b36ec45e03307bb335fc31304b66d,1,63de2743d05ab59d85caa49e49459ac1,cbd996ad3c1b7dc71fd0e5f5df9087e2,2017-05-26 15:02:34,19.9,15.1,2017-05-19,2017-05-26 15:02:34.000000,2026-08-27T05:17:09.287600+00:00,D:/D drive recovery/Shiva JH/Projects/OneLake Medallion/data/landing/2017-05-19/order_items.parquet,2017-05-19
d3d5d98dda9bb549d81a9b4b9e404bc2,1,32b2c8b108d24d0729982597ff9aa62c,dbc22125167c298ef99da25668e1011f,2017-06-06 22:02:19,49.9,15.1,2017-05-31,2017-06-06 22:02:19.000000,2026-08-27T05:17:09.287600+00:00,D:/D drive recovery/Shiva JH/Projects/OneLake Medallion/data/landing/2017-05-31/order_items.parquet,2017-05-31
7cd5af34e77c36b52c7af3c605135722,1,565a133f9141f4a8a1b51562afdf4c1e,17306570e772e7718c92a562d33f5f1d,2017-06-16 12:31:32,399.9,23.29,2017-06-12,2017-06-16 12:31:32.000000,2026-08-27T05:17:09.287600+00:00,D:/D drive recovery/Shiva JH/Projects/OneLake Medallion/data/landing/2017-06-12/order_items.parquet,2017-06-12
d15b470095fbc3ced455be6889f344fc,1,d86db9a9e478ff057c0541537639a10e,cca3071e3e9bb7d12640c9fbe2301306,2017-07-07 20:10:30,21.9,15.1,2017-06-24,2017-07-07 20:10:30.000000,2026-08-27T05:17:09.287600+00:00,D:/D drive recovery/Shiva JH/Projects/OneLake Medallion/data/landing/2017-06-24/order_items.parquet,2017-06-24
7d04189e83c072cfdde15bcd1deaa23b,1,5f504b3a1c75b73d6151be81eb05bdc9,834f3294fba9f932f56edc879193f925,2017-07-12 09:15:12,572.0,64.74,2017-07-06,2017-07-12 09:15:12.000000,2026-08-27T05:17:09.287600+00:00,D:/D drive recovery/Shiva JH/Projects/OneLake Medallion/data/landing/2017-07-06/order_items.parquet,2017-07-06
9dc7932b1c116c2d56c1a2c52442d0cb,1,401b500ac0cf49fd24047ba60015a7ae,48162d548f5b1b11b9d29d1e01f75a61,2017-07-26 17:15:15,552.5,21.12,2017-07-18,2017-07-26 17:15:15.000000,2026-08-27T05:17:09.287600+00:00,D:/D drive recovery/Shiva JH/Projects/OneLake Medallion/data/landing/2017-07-18/order_items.parquet,2017-07-18
b5ed14c14034b74bb0ae1c0427d72304,1,025dcf8f0a969c92d254bc425b380685,b4ffb71f0cb1b1c3d63fad021ecf93e1,2017-08-31 20:24:27,17.5,17.63,2017-08-23,2017-08-31 20:24:27.000000,2026-08-27T05:17:09.287600+00:00,D:/D drive recovery/Shiva JH/Projects/OneLake Medallion/data/landing/2017-08-23/order_items.parquet,2017-08-23
16a02781e79ebfb2354323d102e53b8a,1,4ae6163553190ab2897ecd7683eaafe2,4e922959ae960d389249c378d1c939f5,2017-09-14 12:03:53,59.9,15.17,2017-09-04,2017-09-14 12:03:53.000000,2026-08-27T05:17:09.287600+00:00,D:/D drive recovery/Shiva JH/Projects/OneLake Medallion/data/landing/2017-09-04/order_items.parquet,2017-09-04
46afec49491e4385870de60c96bc956e,1,1d3ecbda18167c766a3381fd16108e4a,dbc22125167c298ef99da25668e1011f,2017-09-15 11:15:20,97.9,21.18,2017-09-04,2017-09-15 11:15:20.000000,2026-08-27T05:17:09.287600+00:00,D:/D drive recovery/Shiva JH/Projects/OneLake Medallion/data/landing/2017-09-04/order_items.parquet,2017-09-04
99dde9a4d6ee5c602380551b002ddad7,1,c7a94c6dde9d81dc864941084dbdfe45,8f2ce03f928b567e3d56181ae20ae952,2017-09-11 13:10:12,85.9,20.09,2017-09-04,2017-09-11 13:10:12.000000,2026-08-27T05:17:09.287600+00:00,D:/D drive recovery/Shiva JH/Projects/OneLake Medallion/data/landing/2017-09-04/order_items.parquet,2017-09-04
aeebf4abbcfb9bac43b6a31399a3e93c,1,422879e10f46682990de24d770e7f83d,1f50f920176fa81dab994f9023523100,2017-09-11 11:15:18,59.9,13.44,2017-09-04,2017-09-11 11:15:18.000000,2026-08-27T05:17:09.287600+00:00,D:/D drive recovery/Shiva JH/Projects/OneLake Medallion/data/landing/2017-09-04/order_items.parquet,2017-09-04
0ea8f90c4ad8782358cbc97abcb2d013,1,829874309190054ac199e75205ad6b33,4e922959ae960d389249c378d1c939f5,2017-09-26 01:10:37,49.95,8.27,2017-09-16,2017-09-26 01:10:37.000000,2026-08-27T05:17:09.287600+00:00,D:/D drive recovery/Shiva JH/Projects/OneLake Medallion/data/landing/2017-09-16/order_items.parquet,2017-09-16
3bf5639554dc908f97a75a89878ad197,1,574597aaf385996112490308e37399ce,febab0275244b9a49a623f0bd613ca2f,2017-09-21 16:30:23,49.0,17.6,2017-09-16,2017-09-21 16:30:23.000000,2026-08-27T05:17:09.287600+00:00,D:/D drive recovery/Shiva JH/Projects/OneLake Medallion/data/landing/2017-09-16/order_items.parquet,2017-09-16
6b5a2cfa488fc5324f22cafe995bd8eb,1,f1c7f353075ce59d8a6f3cf58f419c9c,37be5a7c751166fbc5f8ccba4119e043,2017-09-25 17:55:17,157.0,14.7,2017-09-16,2017-09-25 17:55:17.000000,2026-08-27T05:17:09.287600+00:00,D:/D drive recovery/Shiva JH/Projects/OneLake Medallion/data/landing/2017-09-16/order_items.parquet,2017-09-16
1ab115802be10ff22d8907afe81ba5b0,1,1de74e63d630007567726953a4eb2b36,a49928bcdf77c55c6d6e05e09a9b4ca5,2017-10-05 02:28:36,79.9,16.81,2017-09-28,2017-10-05 02:28:36.000000,2026-08-27T05:17:09.287600+00:00,D:/D drive recovery/Shiva JH/Projects/OneLake Medallion/data/landing/2017-09-28/order_items.parquet,2017-09-28
a5d3d2b978722a86e82f2b7bd0567840,1,c354569eefd558bf201d0aedf35608ed,822166ed1e47908f7cfb49946d03c726,2017-10-05 02:30:47,49.9,23.19,2017-09-28,2017-10-05 02:30:47.000000,2026-08-27T05:17:09.287600+00:00,D:/D drive recovery/Shiva JH/Projects/OneLake Medallion/data/landing/2017-09-28/order_items.parquet,2017-09-28
a5d3d2b978722a86e82f2b7bd0567840,2,4cc8bfa581f41841ce5e24aba773a44a,1835b56ce799e6a4dc4eddc053f04066,2017-10-05 02:30:47,56.99,5.66,2017-09-28,2017-10-05 02:30:47.000000,2026-08-27T05:17:09.287600+00:00,D:/D drive recovery/Shiva JH/Projects/OneLake Medallion/data/landing/2017-09-28/order_items.parquet,2017-09-28
4cdf8813fc5f4c3d74041453f606868c,1,ba230fc7bcaa2f503c46d73098caeb66,13d058e4eeac2ce8217660b2f8a05812,2017-10-17 11:26:55,229.99,49.28,2017-10-10,2017-10-17 11:26:55.000000,2026-08-27T05:17:09.287600+00:00,D:/D drive recovery/Shiva JH/Projects/OneLake Medallion/data/landing/2017-10-10/order_items.parquet,2017-10-10
a33e332399ed231007a28d4fdac21158,1,11fd9d7ba552e1d28872e008acf1e050,cb8bcce248bb1fb274ba762d8b971456,2017-10-17 12:49:35,139.9,14.0,2017-10-10,2017-10-17 12:49:35.000000,2026-08-27T05:17:09.287600+00:00,D:/D drive recovery/Shiva JH/Projects/OneLake Medallion/data/landing/2017-10-10/order_items.parquet,2017-10-10
a8dcdaca6b71b71297497af76297b1d0,1,dbb9d74e911f8db0dd4d85878064ceb3,bfd27a966d91cfaafdb25d076585f0da,2017-10-17 17:56:27,59.0,16.17,2017-10-10,2017-10-17 17:56:27.000000,2026-08-27T05:17:09.287600+00:00,D:/D drive recovery/Shiva JH/Projects/OneLake Medallion/data/landing/2017-10-10/order_items.parquet,2017-10-10
e8e5d972d73d38807a474519f2f23658,1,4a69baa66a13d1adeb41cfe3bc0c27be,bbad7e518d7af88a0897397ffdca1979,2017-10-17 12:07:34,99.9,15.46,2017-10-10,2017-10-17 12:07:34.000000,2026-08-27T05:17:09.287600+00:00,D:/D drive recovery/Shiva JH/Projects/OneLake Medallion/data/landing/2017-10-10/order_items.parquet,2017-10-10
e985c8488218e5162cef0338ba6d5236,1,d285360f29ac7fd97640bf0baef03de0,fa1c13f2614d7b5c4749cbc52fecda94,2017-10-18 11:49:17,348.8,10.03,2017-10-10,2017-10-18 11:49:17.000000,2026-08-27T05:17:09.287600+00:00,D:/D drive recovery/Shiva JH/Projects/OneLake Medallion/data/landing/2017-10-10/order_items.parquet,2017-10-10
445f70d8cd0cc47a45c806cf81e37b61,1,3454a52c75a86e23aa6c2c2bfc330dc6,f8db351d8c4c4c22c6835c19a46f01b0,2017-10-26 09:49:13,15.9,15.1,2017-10-22,2017-10-26 09:49:13.000000,2026-08-27T05:17:09.287600+00:00,D:/D drive recovery/Shiva JH/Projects/OneLake Medallion/data/landing/2017-10-22/order_items.parquet,2017-10-22
7df5b9c1787d425d92ce5b4dacc70c34,1,19b25267e01c8587981e55ec96673eba,4e922959ae960d389249c378d1c939f5,2017-11-01 00:14:15,39.0,15.1,2017-10-22,2017-11-01 00:14:15.000000,2026-08-27T05:17:09.287600+00:00,D:/D drive recovery/Shiva JH/Projects/OneLake Medallion/data/landing/2017-10-22/order_items.parquet,2017-10-22
d000351234683484e2ef3ad59427bbba,1,f8ea5fcf9c628485e01b9c3cf52728c2,8a32e327fe2c1b3511609d81aaf9f042,2017-11-03 03:35:12,12.99,16.6,2017-10-22,2017-11-03 03:35:12.000000,2026-08-27T05:17:09.287600+00:00,D:/D drive recovery/Shiva JH/Projects/OneLake Medallion/data/landing/2017-10-22/order_items.parquet,2017-10-22
d000351234683484e2ef3ad59427bbba,2,f8ea5fcf9c628485e01b9c3cf52728c2,8a32e327fe2c1b3511609d81aaf9f042,2017-11-03 03:35:12,12.99,16.6,2017-10-22,2017-11-03 03:35:12.000000,2026-08-27T05:17:09.287600+00:00,D:/D drive recovery/Shiva JH/Projects/OneLake Medallion/data/landing/2017-10-22/order_items.parquet,2017-10-22
502b66ddeae1875100eae9074f5d189a,1,66870cddd12bb52a4bc95468f0bc9fa8,a938325a4b357fd23a6a4d5bb126408e,2017-11-09 21:35:23,169.0,21.67,2017-11-03,2017-11-09 21:35:23.000000,2026-08-27T05:17:09.287600+00:00,D:/D drive recovery/Shiva JH/Projects/OneLake Medallion/data/landing/2017-11-03/order_items.parquet,2017-11-03
f76887473f528c398659936663331251,1,67b0d38a61d8e4c1c1df7d56276302aa,0ea22c1cfbdc755f86b9b54b39c16043,2017-11-09 20:15:24,59.9,13.44,2017-11-03,2017-11-09 20:15:24.000000,2026-08-27T05:17:09.287600+00:00,D:/D drive recovery/Shiva JH/Projects/OneLake Medallion/data/landing/2017-11-03/order_items.parquet,2017-11-03
2e82ec02fd250aec723a595b1970500e,1,6cdd53843498f92890544667809f1595,ccc4bbb5f32a6ab2b7066a4130f114e3,2017-11-28 04:26:11,349.9,21.69,2017-11-15,2017-11-28 04:26:11.000000,2026-08-27T05:17:09.287600+00:00,D:/D drive recovery/Shiva JH/Projects/OneLake Medallion/data/landing/2017-11-15/order_items.parquet,2017-11-15
4579e3f6942a0728b34083a4e28bbb3d,1,40776699299c733bc0fdbbebdbe8b9cc,6560211a19b47992c3666cc44a7e94c0,2017-11-21 20:31:01,159.0,12.61,2017-11-15,2017-11-21 20:31:01.000000,2026-08-27T05:17:09.287600+00:00,D:/D drive recovery/Shiva JH/Projects/OneLake Medallion/data/landing/2017-11-15/order_items.parquet,2017-11-15
9c9d1799a0c105b12976da39ae431d1c,1,08922ac36480e00c6972216735d44693,6560211a19b47992c3666cc44a7e94c0,2017-11-21 20:30:29,29.0,11.85,2017-11-15,2017-11-21 20:30:29.000000,2026-08-27T05:17:09.287600+00:00,D:/D drive recovery/Shiva JH/Projects/OneLake Medallion/data/landing/2017-11-15/order_items.parquet,2017-11-15
ce9fc4b5d521bad32b0c3893b9b3788f,1,628bbcb76ac6c7d4abf432b345635f47,0bf0150d5b9d60d9cd2906003332f085,2017-11-23 03:35:48,108.9,10.62,2017-11-15,2017-11-23 03:35:48.000000,2026-08-27T05:17:09.287600+00:00,D:/D drive recovery/Shiva JH/Projects/OneLake Medallion/data/landing/2017-11-15/order_items.parquet,2017-11-15
ce9fc4b5d521bad32b0c3893b9b3788f,2,628bbcb76ac6c7d4abf432b345635f47,0bf0150d5b9d60d9cd2906003332f085,2017-11-23 03:35:48,108.9,10.62,2017-11-15,2017-11-23 03:35:48.000000,2026-08-27T05:17:09.287600+00:00,D:/D drive recovery/Shiva JH/Projects/OneLake Medallion/data/landing/2017-11-15/order_items.parquet,2017-11-15
f71915184c3ccd8f36251500f01de53a,1,8a268b8b0057a96777235e93d20ff37c,5721089ba9214e80074f27d5a03fc0eb,2017-11-23 03:35:41,25.99,7.78,2017-11-15,2017-11-23 03:35:41.000000,2026-08-27T05:17:09.287600+00:00,D:/D drive recovery/Shiva JH/Projects/OneLake Medallion/data/landing/2017-11-15/order_items.parquet,2017-11-15
104a388dc1207b546c35e97288953ef2,1,8c0fd3e89ebf51f2fcff46abbc4eca05,715bbd5ba4e6b74cb0d2f29eb45058b0,2017-12-01 14:21:33,34.9,17.92,2017-11-27,2017-12-01 14:21:33.000000,2026-08-27T05:17:09.287600+00:00,D:/D drive recovery/Shiva JH/Projects/OneLake Medallion/data/landing/2017-11-27/order_items.parquet,2017-11-27
1800f4a4362310d7eb38281634f6dfd1,1,01da7f08d8327e0b4fab7edaa0c417a4,4e922959ae960d389249c378d1c939f5,2017-12-03 22:56:32,298.0,27.37,2017-11-27,2017-12-03 22:56:32.000000,2026-08-27T05:17:09.287600+00:00,D:/D drive recovery/Shiva JH/Projects/OneLake Medallion/data/landing/2017-11-27/order_items.parquet,2017-11-27
3d7ee397cbe71826e767837af0d81c2a,1,e6b6e13cf71449a457269f425b89dc74,95b293867b5862941c9cd74f756a3c68,2017-12-01 11:54:56,108.9,14.51,2017-11-27,2017-12-01 11:54:56.000000,2026-08-27T05:17:09.287600+00:00,D:/D drive recovery/Shiva JH/Projects/OneLake Medallion/data/landing/2017-11-27/order_items.parquet,2017-11-27
5c6a84ff68eff6e372bf9529b864e4aa,1,af56e0203193f066ed64cbbbbf95ae6a,ef990a83bbea832f36ebe81376335aa8,2017-12-01 20:39:25,59.9,15.36,2017-11-27,2017-12-01 20:39:25.000000,2026-08-27T05:17:09.287600+00:00,D:/D drive recovery/Shiva JH/Projects/OneLake Medallion/data/landing/2017-11-27/order_items.parquet,2017-11-27
5c6a84ff68eff6e372bf9529b864e4aa,2,af56e0203193f066ed64cbbbbf95ae6a,ef990a83bbea832f36ebe81376335aa8,2017-12-01 20:39:25,59.9,15.36,2017-11-27,2017-12-01 20:39:25.000000,2026-08-27T05:17:09.287600+00:00,D:/D drive recovery/Shiva JH/Projects/OneLake Medallion/data/landing/2017-11-27/order_items.parquet,2017-11-27
6be09fd2c367b8fad5b25b1315c335bb,1,d92cda0cc0ce2758750a52b1a1dad05d,e8b3a3a38279a82f0e5d006d5e5b7d2c,2017-12-06 19:57:33,349.9,15.47,2017-11-27,2017-12-06 19:57:33.000000,2026-08-27T05:17:09.287600+00:00,D:/D drive recovery/Shiva JH/Projects/OneLake Medallion/data/landing/2017-11-27/order_items.parquet,2017-11-27
9cffda8a5be9e20be381cc47ef5e8e00,1,38560b1377928e08fecfe544848a0fb2,a513150f33f99a06569e9cd5c4bb889b,2017-12-01 14:27:29,128.65,14.65,2017-11-27,2017-12-01 14:27:29.000000,2026-08-27T05:17:09.287600+00:00,D:/D drive recovery/Shiva JH/Projects/OneLake Medallion/data/landing/2017-11-27/order_items.parquet,2017-11-27
adf6c7a4c57ba5caa49483326f12cd3f,1,1175dc374bce5c9d93c4d4281d8d85d7,8444e55c1f13cd5c179851e5ca5ebd00,2017-12-15 00:59:21,79.0,35.87,2017-11-27,2017-12-15 00:59:21.000000,2026-08-27T05:17:09.287600+00:00,D:/D drive recovery/Shiva JH/Projects/OneLake Medallion/data/landing/2017-11-27/order_items.parquet,2017-11-27
adf6c7a4c57ba5caa49483326f12cd3f,2,1175dc374bce5c9d93c4d4281d8d85d7,8444e55c1f13cd5c179851e5ca5ebd00,2017-12-15 00:59:21,79.0,35.87,2017-11-27,2017-12-15 00:59:21.000000,2026-08-27T05:17:09.287600+00:00,D:/D drive recovery/Shiva JH/Projects/OneLake Medallion/data/landing/2017-11-27/order_items.parquet,2017-11-27
c277b80337c0ca11cae04fe7280ed4eb,1,8f8cb7e4a7f16d339f87f8aa2711a003,850f4f8af5ea87287ac68de36e29107f,2017-12-04 03:24:11,79.9,9.37,2017-11-27,2017-12-04 03:24:11.000000,2026-08-27T05:17:09.287600+00:00,D:/D drive recovery/Shiva JH/Projects/OneLake Medallion/data/landing/2017-11-27/order_items.parquet,2017-11-27
d60f3552bae079e5ca539727400d118e,1,4c2394abfbac7ff59ec7a420918562fa,cc419e0650a3c5ba77189a1882b7556a,2017-12-04 19:56:59,84.99,35.91,2017-11-27,2017-12-04 19:56:59.000000,2026-08-27T05:17:09.287600+00:00,D:/D drive recovery/Shiva JH/Projects/OneLake Medallion/data/landing/2017-11-27/order_items.parquet,2017-11-27
ef9c3f4c087b655a9255b0c846640e7c,1,23bcd6822a33df5534f9b290216eec1f,ac3508719a1d8f5b7614b798f70af136,2017-12-01 07:56:22,129.8,24.47,2017-11-27,2017-12-01 07:56:22.000000,2026-08-27T05:17:09.287600+00:00,D:/D drive recovery/Shiva JH/Projects/OneLake Medallion/data/landing/2017-11-27/order_items.parquet,2017-11-27
5e126b0990d319279bcc8e8e8e5ba03c,1,ebf9bc6cd600eadd681384e3116fda85,822166ed1e47908f7cfb49946d03c726,2017-12-13 23:18:34,12.99,37.9,2017-12-09,2017-12-13 23:18:34.000000,2026-08-27T05:17:09.287600+00:00,D:/D drive recovery/Shiva JH/Projects/OneLake Medallion/data/landing/2017-12-09/order_items.parquet,2017-12-09
5e126b0990d319279bcc8e8e8e5ba03c,2,ebf9bc6cd600eadd681384e3116fda85,822166ed1e47908f7cfb49946d03c726,2017-12-13 23:18:34,12.99,37.9,2017-12-09,2017-12-13 23:18:34.000000,2026-08-27T05:17:09.287600+00:00,D:/D drive recovery/Shiva JH/Projects/OneLake Medallion/data/landing/2017-12-09/order_items.parquet,2017-12-09
91e154e25811db233145b3d5d9c3b29a,1,24c66f106f642621e524291a895c9032,620c87c171fb2a6dd6e8bb4dec959fc6,2017-12-18 12:51:07,159.9,18.37,2017-12-09,2017-12-18 12:51:07.000000,2026-08-27T05:17:09.287600+00:00,D:/D drive recovery/Shiva JH/Projects/OneLake Medallion/data/landing/2017-12-09/order_items.parquet,2017-12-09
505efa2eaeb145cfa984edf0efc092f2,1,3e5201fe0d1ba474d9b90152c83c706c,8160255418d5aaa7dbdc9f4c64ebda44,2017-12-29 02:15:32,122.9,16.62,2017-12-21,2017-12-29 02:15:32.000000,2026-08-27T05:17:09.287600+00:00,D:/D drive recovery/Shiva JH/Projects/OneLake Medallion/data/landing/2017-12-21/order_items.parquet,2017-12-21
b00bc9aa349637ff735625300d040f51,1,371c121dc86b3821f720e7dbe1928207,4830e40640734fc1c52cd21127c341d4,2017-12-29 02:39:31,15.99,7.78,2017-12-21,2017-12-29 02:39:31.000000,2026-08-27T05:17:09.287600+00:00,D:/D drive recovery/Shiva JH/Projects/OneLake Medallion/data/landing/2017-12-21/order_items.parquet,2017-12-21
0d3528428e45b7c383b746222c715332,1,6cbbcefd974f08f72023c05064d96f27,5d9dc90a686a8fddacffab6bab5653a3,2018-01-09 04:37:40,68.99,14.23,2018-01-02,2018-01-09 04:37:40.000000,2026-08-27T05:17:09.287600+00:00,D:/D drive recovery/Shiva JH/Projects/OneLake Medallion/data/landing/2018-01-02/order_items.parquet,2018-01-02
52cba627ccdd9b94ac5a9be42d31b58a,1,c4baedd846ed09b85f78a781b522f126,a1043bafd471dff536d0c462352beb48,2018-01-08 20:28:57,139.0,45.43,2018-01-02,2018-01-08 20:28:57.000000,2026-08-27T05:17:09.287600+00:00,D:/D drive recovery/Shiva JH/Projects/OneLake Medallion/data/landing/2018-01-02/order_items.parquet,2018-01-02
a294c654ef8ddfa4587ab732ff8aa101,1,e4ca5b20cfe1a020e15e36fe14e880ee,128639473a139ac0f3e5f5ade55873a5,2018-01-09 04:16:43,19.9,12.48,2018-01-02,2018-01-09 04:16:43.000000,2026-08-27T05:17:09.287600+00:00,D:/D drive recovery/Shiva JH/Projects/OneLake Medallion/data/landing/2018-01-02/order_items.parquet,2018-01-02
aee18d60fc803049a82d81af5f2a75ab,1,c61066ec039ab5de17a7d3151f8806c0,e5a3438891c0bfdb9394643f95273d8e,2018-01-08 11:33:25,20.3,15.1,2018-01-02,2018-01-08 11:33:25.000000,2026-08-27T05:17:09.287600+00:00,D:/D drive recovery/Shiva JH/Projects/OneLake Medallion/data/landing/2018-01-02/order_items.parquet,2018-01-02
aee18d60fc803049a82d81af5f2a75ab,2,ed506becc3430a3a6331df5b4c3eaed3,e5a3438891c0bfdb9394643f95273d8e,2018-01-08 11:33:25,27.3,15.1,2018-01-02,2018-01-08 11:33:25.000000,2026-08-27T05:17:09.287600+00:00,D:/D drive recovery/Shiva JH/Projects/OneLake Medallion/data/landing/2018-01-02/order_items.parquet,2018-01-02
55ff54e053fea20c279fe3c8b698bcca,1,2b0ee2d07306f7c9ac55a43166e9bb4b,1900267e848ceeba8fa32d80c1a5f5a8,2018-01-18 19:48:58,59.99,16.18,2018-01-14,2018-01-18 19:48:58.000000,2026-08-27T05:17:09.287600+00:00,D:/D drive recovery/Shiva JH/Projects/OneLake Medallion/data/landing/2018-01-14/order_items.parquet,2018-01-14
6b71838c4be9dce33810de87c333e365,1,fe9dfbe7f974621789683b7b78be2a16,900ba814c251a692506d7834c1218441,2018-01-21 22:30:47,326.16,19.02,2018-01-14,2018-01-21 22:30:47.000000,2026-08-27T05:17:09.287600+00:00,D:/D drive recovery/Shiva JH/Projects/OneLake Medallion/data/landing/2018-01-14/order_items.parquet,2018-01-14
8ac3b1365e8a70ae432b2a1ee0f68f23,1,f343690217692891e7a092d5c1e5eef7,7178f9f4dd81dcef02f62acdf8151e01,2018-01-23 08:59:38,28.9,34.15,2018-01-14,2018-01-23 08:59:38.000000,2026-08-27T05:17:09.287600+00:00,D:/D drive recovery/Shiva JH/Projects/OneLake Medallion/data/landing/2018-01-14/order_items.parquet,2018-01-14
f9b70a12018e8fc54ff01781ea794a6b,1,e878662b68e175a58b5951e44574d5c8,14ee35374a7876217954b5fa08e50463,2018-01-18 18:08:58,149.0,18.29,2018-01-14,2018-01-18 18:08:58.000000,2026-08-27T05:17:09.287600+00:00,D:/D drive recovery/Shiva JH/Projects/OneLake Medallion/data/landing/2018-01-14/order_items.parquet,2018-01-14
80ce2b07c4a46dfc98710e39bfe3bd26,1,75d542264c32b90489e15cac4892e076,ea8482cd71df3c1969d7b9473ff13abc,2018-02-01 12:21:28,21.94,14.1,2018-01-26,2018-02-01 12:21:28.000000,2026-08-27T05:17:09.287600+00:00,D:/D drive recovery/Shiva JH/Projects/OneLake Medallion/data/landing/2018-01-26/order_items.parquet,2018-01-26
b6bce07e667be9039b22c511e12bfc0f,1,e0cf79767c5b016251fe139915c59a26,da8622b14eb17ae2831f4ac5b9dab84a,2018-02-01 20:13:22,29.9,8.11,2018-01-26,2018-02-01 20:13:22.000000,2026-08-27T05:17:09.287600+00:00,D:/D drive recovery/Shiva JH/Projects/OneLake Medallion/data/landing/2018-01-26/order_items.parquet,2018-01-26
d58ee8a6ff29ae9de6d1c8037e0576fe,1,b80b06f3f098c07cd2c8116aa3f1a7ed,2e90cb1677d35cfe24eef47d441b7c87,2018-02-01 20:13:22,98.7,14.44,2018-01-26,2018-02-01 20:13:22.000000,2026-08-27T05:17:09.287600+00:00,D:/D drive recovery/Shiva JH/Projects/OneLake Medallion/data/landing/2018-01-26/order_items.parquet,2018-01-26
f28fdc3611b69cc93b0bbd8b1b3afc30,1,0e323ee8f8dc60a0b875e9ac4daf1337,e62b2d6ac10570a035a30bafcf01d263,2018-01-31 22:31:39,54.91,8.72,2018-01-26,2018-01-31 22:31:39.000000,2026-08-27T05:17:09.287600+00:00,D:/D drive recovery/Shiva JH/Projects/OneLake Medallion/data/landing/2018-01-26/order_items.parquet,2018-01-26
0646e0e4885dd8c69dddd6b2742b3b1b,1,d753d967faa594c1c4014dc58966e8e1,0b35c634521043bf4b47e21547b99ab5,2018-02-13 15:11:18,552.8,18.62,2018-02-07,2018-02-13 15:11:18.000000,2026-08-27T05:17:09.287600+00:00,D:/D drive recovery/Shiva JH/Projects/OneLake Medallion/data/landing/2018-02-07/order_items.parquet,2018-02-07
e7b8437c3c5f2441634448e5a2a3d8fb,1,ee6c49af1a2de55aa0e076257ab4ab99,1c68394e931a64f90ea236c5ea590300,2018-02-19 17:15:32,144.41,17.45,2018-02-07,2018-02-19 17:15:32.000000,2026-08-27T05:17:09.287600+00:00,D:/D drive recovery/Shiva JH/Projects/OneLake Medallion/data/landing/2018-02-07/order_items.parquet,2018-02-07
1d4e3c08acd5f70230aa904ef3cb86e3,1,87d780fa7d2cf3710aa02dc4ca8db985,da8622b14eb17ae2831f4ac5b9dab84a,2018-02-23 11:35:40,109.9,18.02,2018-02-19,2018-02-23 11:35:40.000000,2026-08-27T05:17:09.287600+00:00,D:/D drive recovery/Shiva JH/Projects/OneLake Medallion/data/landing/2018-02-19/order_items.parquet,2018-02-19
4334cbad2570eb17ab0f2be70bcc22b7,1,0fe922b7f7d43ef454bbc241416e7401,f7ba60f8c3f99e7ee4042fdef03b70c4,2018-02-27 03:31:13,16.0,7.78,2018-02-19,2018-02-27 03:31:13.000000,2026-08-27T05:17:09.287600+00:00,D:/D drive recovery/Shiva JH/Projects/OneLake Medallion/data/landing/2018-02-19/order_items.parquet,2018-02-19
4a473906f11c8fe0749d47d07c24d13f,1,1a2d00b771a438bee7055bbd0086e003,da8622b14eb17ae2831f4ac5b9dab84a,2018-02-23 20:10:25,79.9,9.77,2018-02-19,2018-02-23 20:10:25.000000,2026-08-27T05:17:09.287600+00:00,D:/D drive recovery/Shiva JH/Projects/OneLake Medallion/data/landing/2018-02-19/order_items.parquet,2018-02-19
4a473906f11c8fe0749d47d07c24d13f,2,b8fefc9c1f951969968e904d08bfa8cd,da8622b14eb17ae2831f4ac5b9dab84a,2018-02-23 20:10:25,79.9,9.77,2018-02-19,2018-02-23 20:10:25.000000,2026-08-27T05:17:09.287600+00:00,D:/D drive recovery/Shiva JH/Projects/OneLake Medallion/data/landing/2018-02-19/order_items.parquet,2018-02-19
59bc56d45d476a352332408dfd911694,1,2cf9ec82c2ca858baedfb2c2e5c06b6f,57c764b4a836300be881e2ff86e449f9,2018-02-23 11:25:28,9.9,34.15,2018-02-19,2018-02-23 11:25:28.000000,2026-08-27T05:17:09.287600+00:00,D:/D drive recovery/Shiva JH/Projects/OneLake Medallion/data/landing/2018-02-19/order_items.parquet,2018-02-19
c312c453f248b2bd69d3e18e2112214e,1,e53e557d5a159f5aa2c5e995dfdf244b,0b90b6df587eb83608a64ea8b390cf07,2018-03-01 22:07:09,84.0,12.72,2018-02-19,2018-03-01 22:07:09.000000,2026-08-27T05:17:09.287600+00:00,D:/D drive recovery/Shiva JH/Projects/OneLake Medallion/data/landing/2018-02-19/order_items.parquet,2018-02-19
d2978c1c5c6b9400dfa6a1c08f735314,1,acdd408fe971bbe29a81f8febb575ffc,128639473a139ac0f3e5f5ade55873a5,2018-02-25 22:07:31,18.9,16.79,2018-02-19,2018-02-25 22:07:31.000000,2026-08-27T05:17:09.287600+00:00,D:/D drive recovery/Shiva JH/Projects/OneLake Medallion/data/landing/2018-02-19/order_items.parquet,2018-02-19
e840db297233ce8300fa3cd91c595ba6,1,48633254f8b7b802b1ca8c4f4dcf3e33,8c16d1f32a54d92897cc437244442e1b,2018-02-26 07:30:48,48.9,12.6,2018-02-19,2018-02-26 07:30:48.000000,2026-08-27T05:17:09.287600+00:00,D:/D drive recovery/Shiva JH/Projects/OneLake Medallion/data/landing/2018-02-19/order_items.parquet,2018-02-19
fa5d14fa4f6dd2527b10d4d1dab415c4,1,f35927953ed82e19d06ad3aac2f06353,669ae81880e08f269a64487cfb287169,2018-02-23 17:50:23,115.0,15.56,2018-02-19,2018-02-23 17:50:23.000000,2026-08-27T05:17:09.287600+00:00,D:/D drive recovery/Shiva JH/Projects/OneLake Medallion/data/landing/2018-02-19/order_items.parquet,2018-02-19
1809a44d4cfef40b413aa8a35d87903e,1,eed58af018f022f0dbd193a8e81b9321,8d956fec2e4337affcb520f56fd8cbfd,2018-03-08 00:35:35,26.99,7.78,2018-03-03,2018-03-08 00:35:35.000000,2026-08-27T05:17:09.287600+00:00,D:/D drive recovery/Shiva JH/Projects/OneLake Medallion/data/landing/2018-03-03/order_items.parquet,2018-03-03
29fc23bcd9e04ac6a5919350404eb36c,1,85e8e8aad6ad12d67c21300379760196,d6b664fa0667064c6d76394e7848d790,2018-03-11 22:08:45,1186.0,60.9,2018-03-03,2018-03-11 22:08:45.000000,2026-08-27T05:17:09.287600+00:00,D:/D drive recovery/Shiva JH/Projects/OneLake Medallion/data/landing/2018-03-03/order_items.parquet,2018-03-03
65b776d1206b0677bbeb15704021af48,1,a02d0123079f4ae96001ba2010d1a2df,1025f0e2d44d7041d6cf58b6550e0bfa,2018-03-09 19:50:53,250.0,62.49,2018-03-03,2018-03-09 19:50:53.000000,2026-08-27T05:17:09.287600+00:00,D:/D drive recovery/Shiva JH/Projects/OneLake Medallion/data/landing/2018-03-03/order_items.parquet,2018-03-03
7284ecc4524ff324863b12456e842055,1,fe9dfbe7f974621789683b7b78be2a16,900ba814c251a692506d7834c1218441,2018-03-08 16:29:31,326.16,21.16,2018-03-03,2018-03-08 16:29:31.000000,2026-08-27T05:17:09.287600+00:00,D:/D drive recovery/Shiva JH/Projects/OneLake Medallion/data/landing/2018-03-03/order_items.parquet,2018-03-03
950f0e1bdbb03fb26f76d3373ad70e54,1,19f78d4a9dd029e7a9115a8e1d5ccd94,8160255418d5aaa7dbdc9f4c64ebda44,2018-03-08 17:29:12,142.9,14.02,2018-03-03,2018-03-08 17:29:12.000000,2026-08-27T05:17:09.287600+00:00,D:/D drive recovery/Shiva JH/Projects/OneLake Medallion/data/landing/2018-03-03/order_items.parquet,2018-03-03
ae647800f7009520d784c9c9ab2de7be,1,ecf9484703bdfb9cfcc1ac9c2084b567,59b22a78efb79a4797979612b885db36,2018-03-12 03:55:45,265.0,44.22,2018-03-03,2018-03-12 03:55:45.000000,2026-08-27T05:17:09.287600+00:00,D:/D drive recovery/Shiva JH/Projects/OneLake Medallion/data/landing/2018-03-03/order_items.parquet,2018-03-03
c7ecacd47d6d485595133ef36fc23570,1,aba92acbdc38cb3a656015d4fa601a23,db4350fd57ae30082dec7acbaacc17f9,2018-03-08 19:10:33,25.9,7.78,2018-03-03,2018-03-08 19:10:33.000000,2026-08-27T05:17:09.287600+00:00,D:/D drive recovery/Shiva JH/Projects/OneLake Medallion/data/landing/2018-03-03/order_items.parquet,2018-03-03
13d5066bb747cafa23f1bb6d1838eee4,1,002c6dab60557c48cfd6c2222ef7fd76,0be8ff43f22e456b4e0371b2245e4d01,2018-03-21 10:55:39,79.9,13.0,2018-03-15,2018-03-21 10:55:39.000000,2026-08-27T05:17:09.287600+00:00,D:/D drive recovery/Shiva JH/Projects/OneLake Medallion/data/landing/2018-03-15/order_items.parquet,2018-03-15
1ef47fb13ee9044b5e5aa3bd388755de,1,d63c71088e06ea00d66dc357cda91a30,4a3ca9315b744ce9f8e9374361493884,2018-03-21 11:10:29,119.9,18.72,2018-03-15,2018-03-21 11:10:29.000000,2026-08-27T05:17:09.287600+00:00,D:/D drive recovery/Shiva JH/Projects/OneLake Medallion/data/landing/2018-03-15/order_items.parquet,2018-03-15
2158e65196d4219c8f22cf686e1cc8de,1,80df62ce491a20d390c9f69402310f0a,85d9eb9ddc5d00ca9336a2219c97bb13,2018-04-02 09:50:52,38.9,18.23,2018-03-15,2018-04-02 09:50:52.000000,2026-08-27T05:17:09.287600+00:00,D:/D drive recovery/Shiva JH/Projects/OneLake Medallion/data/landing/2018-03-15/order_items.parquet,2018-03-15
4191fb72d0d41e2814969339894ec19e,1,0b4d2eb734bd8bb5001a145bf52fa5e2,d91fb3b7d041e83b64a00a3edfb37e4f,2018-03-21 17:10:25,110.6,18.65,2018-03-15,2018-03-21 17:10:25.000000,2026-08-27T05:17:09.287600+00:00,D:/D drive recovery/Shiva JH/Projects/OneLake Medallion/data/landing/2018-03-15/order_items.parquet,2018-03-15
4cb8dd7ed38c78241066cdaa289811ba,1,c452ed78936fa240d56b35bc146be876,4c8545742faaf58fafd5fd14d25d75cf,2018-03-21 22:30:56,1390.0,39.59,2018-03-15,2018-03-21 22:30:56.000000,2026-08-27T05:17:09.287600+00:00,D:/D drive recovery/Shiva JH/Projects/OneLake Medallion/data/landing/2018-03-15/order_items.parquet,2018-03-15
4f47419e65cf0a0ad0d769a6287fc6fa,1,a62e25e09e05e6faf31d90c6ec1aa3d1,634964b17796e64304cadf1ad3050fb7,2018-03-22 17:09:23,105.0,52.86,2018-03-15,2018-03-22 17:09:23.000000,2026-08-27T05:17:09.287600+00:00,D:/D drive recovery/Shiva JH/Projects/OneLake Medallion/data/landing/2018-03-15/order_items.parquet,2018-03-15
4f47419e65cf0a0ad0d769a6287fc6fa,2,a62e25e09e05e6faf31d90c6ec1aa3d1,634964b17796e64304cadf1ad3050fb7,2018-03-22 17:09:23,105.0,52.86,2018-03-15,2018-03-22 17:09:23.000000,2026-08-27T05:17:09.287600+00:00,D:/D drive recovery/Shiva JH/Projects/OneLake Medallion/data/landing/2018-03-15/order_items.parquet,2018-03-15
4f47419e65cf0a0ad0d769a6287fc6fa,3,a62e25e09e05e6faf31d90c6ec1aa3d1,634964b17796e64304cadf1ad3050fb7,2018-03-22 17:09:23,105.0,52.86,2018-03-15,2018-03-22 17:09:23.000000,2026-08-27T05:17:09.287600+00:00,D:/D drive recovery/Shiva JH/Projects/OneLake Medallion/data/landing/2018-03-15/order_items.parquet,2018-03-15
e30e1b2d38289d666f614ee04f5951ba,1,9d8a0e115e802d845b4ce1eb794d1260,d05ae8f7a5bd1d2a690a44cd079e4e27,2018-03-22 03:30:54,120.0,15.72,2018-03-15,2018-03-22 03:30:54.000000,2026-08-27T05:17:09.287600+00:00,D:/D drive recovery/Shiva JH/Projects/OneLake Medallion/data/landing/2018-03-15/order_items.parquet,2018-03-15
13f33384dcc1bd99cabcc96a491fe5e3,1,3949e64107312670dd261c3d6edbfcea,f8db351d8c4c4c22c6835c19a46f01b0,2018-04-02 15:55:18,89.9,26.71,2018-03-27,2018-04-02 15:55:18.000000,2026-08-27T05:17:09.287600+00:00,D:/D drive recovery/Shiva JH/Projects/OneLake Medallion/data/landing/2018-03-27/order_items.parquet,2018-03-27
2e9459cba62b0d848703c2c3d1c50abe,1,ed2067a9c1f79553088a3c67b99a9f97,cbd996ad3c1b7dc71fd0e5f5df9087e2,2018-04-02 15:08:05,56.97,18.02,2018-03-27,2018-04-02 15:08:05.000000,2026-08-27T05:17:09.287600+00:00,D:/D drive recovery/Shiva JH/Projects/OneLake Medallion/data/landing/2018-03-27/order_items.parquet,2018-03-27
30f0086bfe1b046a524f8acf1d3eaa11,1,a076986c6dbcb66fb479167aa5a1b68e,670c26e0f1bf8d0576271d5cfaec6d2b,2018-04-03 02:48:01,98.9,14.77,2018-03-27,2018-04-03 02:48:01.000000,2026-08-27T05:17:09.287600+00:00,D:/D drive recovery/Shiva JH/Projects/OneLake Medallion/data/landing/2018-03-27/order_items.parquet,2018-03-27
ba637aace31b817e0f186405ae78ccca,1,268a2d46f49d8d1007f0381bc8c1edcc,dee656f0f566ed1aa85bd137c943f08f,2018-04-02 14:48:00,42.9,12.79,2018-03-27,2018-04-02 14:48:00.000000,2026-08-27T05:17:09.287600+00:00,D:/D drive recovery/Shiva JH/Projects/OneLake Medallion/data/landing/2018-03-27/order_items.parquet,2018-03-27
fd042392e06a76d51f027c8659ff6815,1,4c2394abfbac7ff59ec7a420918562fa,cc419e0650a3c5ba77189a1882b7556a,2018-04-03 10:07:15,84.99,20.64,2018-03-27,2018-04-03 10:07:15.000000,2026-08-27T05:17:09.287600+00:00,D:/D drive recovery/Shiva JH/Projects/OneLake Medallion/data/landing/2018-03-27/order_items.parquet,2018-03-27
6c529370da5caa0a00a077160dc16b01,1,4673c83bbad0277b120ac3251d4b3633,8ff1a9df749e454105c55cda13e79143,2018-04-12 23:55:13,55.9,13.75,2018-04-08,2018-04-12 23:55:13.000000,2026-08-27T05:17:09.287600+00:00,D:/D drive recovery/Shiva JH/Projects/OneLake Medallion/data/landing/2018-04-08/order_items.parquet,2018-04-08
925ee6cfbb7a083de5384773197aa9f6,1,25c38557cf793876c5abdd5931f922db,5dceca129747e92ff8ef7a997dc4f8ca,2018-04-16 17:09:33,1106.99,31.4,2018-04-08,2018-04-16 17:09:33.000000,2026-08-27T05:17:09.287600+00:00,D:/D drive recovery/Shiva JH/Projects/OneLake Medallion/data/landing/2018-04-08/order_items.parquet,2018-04-08
a1cc6e60e142d31a699056328d83cf82,1,71e239fbeffa264767d6a1210b933e02,0ea22c1cfbdc755f86b9b54b39c16043,2018-04-12 12:15:17,34.9,20.08,2018-04-08,2018-04-12 12:15:17.000000,2026-08-27T05:17:09.287600+00:00,D:/D drive recovery/Shiva JH/Projects/OneLake Medallion/data/landing/2018-04-08/order_items.parquet,2018-04-08
b4d6bee8b34f0daf1309fc764051cce5,1,5fe7fd1b8ea02958b45106dcd79874e8,609e1a9a6c2539919b8205cf7c4e6ff0,2018-04-12 21:35:15,59.9,52.55,2018-04-08,2018-04-12 21:35:15.000000,2026-08-27T05:17:09.287600+00:00,D:/D drive recovery/Shiva JH/Projects/OneLake Medallion/data/landing/2018-04-08/order_items.parquet,2018-04-08
b4d6bee8b34f0daf1309fc764051cce5,2,5dcceb4689c06ac693117bc4296986ef,609e1a9a6c2539919b8205cf7c4e6ff0,2018-04-12 21:35:15,59.9,52.55,2018-04-08,2018-04-12 21:35:15.000000,2026-08-27T05:17:09.287600+00:00,D:/D drive recovery/Shiva JH/Projects/OneLake Medallion/data/landing/2018-04-08/order_items.parquet,2018-04-08
7ed69fbc79fbda50e09caa9c127026e5,1,1dceebcc5f23c02ea23e16d5bedca000,4e922959ae960d389249c378d1c939f5,2018-05-02 11:54:43,65.0,52.58,2018-04-20,2018-05-02 11:54:43.000000,2026-08-27T05:17:09.287600+00:00,D:/D drive recovery/Shiva JH/Projects/OneLake Medallion/data/landing/2018-04-20/order_items.parquet,2018-04-20
0547cd893959df1f7e54aeaee4368577,1,7f723c53515b44e16b93397c4149afdc,b39d7fe263ef469605dbb32608aee0af,2018-05-09 00:30:37,109.9,13.21,2018-05-02,2018-05-09 00:30:37.000000,2026-08-27T05:17:09.287600+00:00,D:/D drive recovery/Shiva JH/Projects/OneLake Medallion/data/landing/2018-05-02/order_items.parquet,2018-05-02
20b4a1345c31cae5591e4faccbba51e6,1,19c91ef95d509ea33eda93495c4d3481,06a2c3af7b3aee5d69171b0e14f0ee87,2018-05-08 19:15:29,119.99,52.97,2018-05-02,2018-05-08 19:15:29.000000,2026-08-27T05:17:09.287600+00:00,D:/D drive recovery/Shiva JH/Projects/OneLake Medallion/data/landing/2018-05-02/order_items.parquet,2018-05-02
33f11ddd5042dcc18008c3f804d67a7c,1,1dec4c88c685d5a07bf01dcb0f8bf9f8,712e6ed8aa4aa1fa65dab41fed5737e4,2018-05-08 12:14:47,569.0,92.43,2018-05-02,2018-05-08 12:14:47.000000,2026-08-27T05:17:09.287600+00:00,D:/D drive recovery/Shiva JH/Projects/OneLake Medallion/data/landing/2018-05-02/order_items.parquet,2018-05-02
426cb887d39c423e83e61bcc40e6c973,1,aef09d3b8be874a0a8b1706573a6c9b0,128639473a139ac0f3e5f5ade55873a5,2018-05-08 22:30:40,34.9,22.06,2018-05-02,2018-05-08 22:30:40.000000,2026-08-27T05:17:09.287600+00:00,D:/D drive recovery/Shiva JH/Projects/OneLake Medallion/data/landing/2018-05-02/order_items.parquet,2018-05-02
5bebe39740e4434a58d1fead1a4d854d,1,89e4362d74afa10ac57f8d67210132a6,dbc22125167c298ef99da25668e1011f,2018-05-08 11:31:04,89.9,18.51,2018-05-02,2018-05-08 11:31:04.000000,2026-08-27T05:17:09.287600+00:00,D:/D drive recovery/Shiva JH/Projects/OneLake Medallion/data/landing/2018-05-02/order_items.parquet,2018-05-02
707ce3d3698a90d1ab9d9c2dc47223c2,1,2948658cb6abc82847412be7201bfc4c,955fee9216a65b617aa5c0531780ce60,2018-05-08 20:53:25,110.0,18.85,2018-05-02,2018-05-08 20:53:25.000000,2026-08-27T05:17:09.287600+00:00,D:/D drive recovery/Shiva JH/Projects/OneLake Medallion/data/landing/2018-05-02/order_items.parquet,2018-05-02
715001949a42ea3ce6599c13f748dbb5,1,9936c3716215696c695cfc6e181b64f4,1bb2bdb95f4841f1bba2c0d2cd83d3c9,2018-05-11 11:13:41,24.0,7.39,2018-05-02,2018-05-11 11:13:41.000000,2026-08-27T05:17:09.287600+00:00,D:/D drive recovery/Shiva JH/Projects/OneLake Medallion/data/landing/2018-05-02/order_items.parquet,2018-05-02
93d02f5f55e689031c89bf0162e50fc9,1,216bb0e0cd43ffd832e0973d35e0377e,955fee9216a65b617aa5c0531780ce60,2018-05-08 04:30:23,45.0,7.39,2018-05-02,2018-05-08 04:30:23.000000,2026-08-27T05:17:09.287600+00:00,D:/D drive recovery/Shiva JH/Projects/OneLake Medallion/data/landing/2018-05-02/order_items.parquet,2018-05-02
ef6a08eb361817fe2908f1553b5d00f1,1,781afe929e3016a667f5f439afd55fce,08633c14ef2db992c11f840f04fad4cd,2018-05-08 09:14:57,107.7,8.52,2018-05-02,2018-05-08 09:14:57.000000,2026-08-27T05:17:09.287600+00:00,D:/D drive recovery/Shiva JH/Projects/OneLake Medallion/data/landing/2018-05-02/order_items.parquet,2018-05-02
ef6a08eb361817fe2908f1553b5d00f1,2,781afe929e3016a667f5f439afd55fce,08633c14ef2db992c11f840f04fad4cd,2018-05-08 09:14:57,107.7,8.52,2018-05-02,2018-05-08 09:14:57.000000,2026-08-27T05:17:09.287600+00:00,D:/D drive recovery/Shiva JH/Projects/OneLake Medallion/data/landing/2018-05-02/order_items.parquet,2018-05-02
21235c5a99a117c776a72a4de3276027,1,0a3d0e8c9d5c6e92b034ab390cda4a48,0f0c984a4a955310903b6b6008660bad,2018-05-20 22:10:34,82.76,26.66,2018-05-14,2018-05-20 22:10:34.000000,2026-08-27T05:17:09.287600+00:00,D:/D drive recovery/Shiva JH/Projects/OneLake Medallion/data/landing/2018-05-14/order_items.parquet,2018-05-14
7a571da00e7b58c32fce2e6eb560dbde,1,85d61a3f77ccf65416956689668d4bba,52454f90d4c30c016768db02f88c1a74,2018-05-22 03:30:25,9.9,7.39,2018-05-14,2018-05-22 03:30:25.000000,2026-08-27T05:17:09.287600+00:00,D:/D drive recovery/Shiva JH/Projects/OneLake Medallion/data/landing/2018-05-14/order_items.parquet,2018-05-14
7a571da00e7b58c32fce2e6eb560dbde,2,8daaaa541e5e7170db4188f93911ab3a,52454f90d4c30c016768db02f88c1a74,2018-05-22 03:30:25,9.9,7.39,2018-05-14,2018-05-22 03:30:25.000000,2026-08-27T05:17:09.287600+00:00,D:/D drive recovery/Shiva JH/Projects/OneLake Medallion/data/landing/2018-05-14/order_items.parquet,2018-05-14
7ad268e7217705092ee455d9bd8d3aad,1,3cb39171fd36c50097f2dedbbe0dfe6e,16090f2ca825584b5a147ab24aa30c86,2018-05-16 17:18:39,29.99,22.06,2018-05-14,2018-05-16 17:18:39.000000,2026-08-27T05:17:09.287600+00:00,D:/D drive recovery/Shiva JH/Projects/OneLake Medallion/data/landing/2018-05-14/order_items.parquet,2018-05-14
940e896188811aa2bf507e26b3af6f14,1,a8385505c3cdcbf7c6acdf0e946d89c8,966cb4760537b1404caedd472cc610a5,2018-05-21 22:30:35,728.0,26.81,2018-05-14,2018-05-21 22:30:35.000000,2026-08-27T05:17:09.287600+00:00,D:/D drive recovery/Shiva JH/Projects/OneLake Medallion/data/landing/2018-05-14/order_items.parquet,2018-05-14
9fb02202e7778ace9ab4c5bd3d1fc95d,1,57e089e3103f5cda6a4ce23b77399bdb,aafe36600ce604f205b86b5084d3d767,2018-05-17 17:18:37,47.9,19.32,2018-05-14,2018-05-17 17:18:37.000000,2026-08-27T05:17:09.287600+00:00,D:/D drive recovery/Shiva JH/Projects/OneLake Medallion/data/landing/2018-05-14/order_items.parquet,2018-05-14
c1ce7c20699d83bcfb424c8e800a1788,1,a076986c6dbcb66fb479167aa5a1b68e,670c26e0f1bf8d0576271d5cfaec6d2b,2018-05-16 15:56:58,98.9,23.62,2018-05-14,2018-05-16 15:56:58.000000,2026-08-27T05:17:09.287600+00:00,D:/D drive recovery/Shiva JH/Projects/OneLake Medallion/data/landing/2018-05-14/order_items.parquet,2018-05-14
765f62aa9ec878cf62b1533261ae8e87,1,aca2eb7d00ea1a7b8ebd4e68314663af,955fee9216a65b617aa5c0531780ce60,2018-06-04 09:15:12,69.9,0.0,2018-05-26,2018-06-04 09:15:12.000000,2026-08-27T05:17:09.287600+00:00,D:/D drive recovery/Shiva JH/Projects/OneLake Medallion/data/landing/2018-05-26/order_items.parquet,2018-05-26
a73d909b08c8058d8c1f42cdb2ada6ae,1,f62cbf4416c9ef8e1b4e8d5279891f24,8b321bb669392f5163d04c59e235e066,2018-06-04 12:30:16,13.65,7.39,2018-05-26,2018-06-04 12:30:16.000000,2026-08-27T05:17:09.287600+00:00,D:/D drive recovery/Shiva JH/Projects/OneLake Medallion/data/landing/2018-05-26/order_items.parquet,2018-05-26
f3863782b51a1c378f36a99845aacbe7,1,d2744565da36ef69f99ed42b0527dab6,2a5b78b41cd05baeac8df54c6606b92c,2018-06-04 17:09:50,99.97,18.58,2018-05-26,2018-06-04 17:09:50.000000,2026-08-27T05:17:09.287600+00:00,D:/D drive recovery/Shiva JH/Projects/OneLake Medallion/data/landing/2018-05-26/order_items.parquet,2018-05-26
824d9780d0313771024a0c70fe9dd9a7,1,ea45888166c303ff6ffc0abfcb52822f,f5a590cf36251cf1162ea35bef76fe84,2018-06-15 13:57:33,940.0,21.49,2018-06-07,2018-06-15 13:57:33.000000,2026-08-27T05:17:09.287600+00:00,D:/D drive recovery/Shiva JH/Projects/OneLake Medallion/data/landing/2018-06-07/order_items.parquet,2018-06-07
85c14f3be89a889592d53a5b8ff031bb,1,777d2e438a1b645f3aec9bd57e92672c,4a3ca9315b744ce9f8e9374361493884,2018-06-15 16:00:15,69.9,19.46,2018-06-07,2018-06-15 16:00:15.000000,2026-08-27T05:17:09.287600+00:00,D:/D drive recovery/Shiva JH/Projects/OneLake Medallion/data/landing/2018-06-07/order_items.parquet,2018-06-07
dcb36b511fcac050b97cd5c05de84dc3,1,009c09f439988bc06a93d6b8186dce73,89a51f50b8095ea78d5768f34c13a76f,2018-06-18 18:59:02,132.4,14.05,2018-06-07,2018-06-18 18:59:02.000000,2026-08-27T05:17:09.287600+00:00,D:/D drive recovery/Shiva JH/Projects/OneLake Medallion/data/landing/2018-06-07/order_items.parquet,2018-06-07
de0d5d6bf2003cc68cddbcbb3783b87d,1,553e0e7590d3116a072507a3635d2877,1c129092bf23f28a5930387c980c0dfc,2018-06-15 12:19:20,47.9,16.32,2018-06-07,2018-06-15 12:19:20.000000,2026-08-27T05:17:09.287600+00:00,D:/D drive recovery/Shiva JH/Projects/OneLake Medallion/data/landing/2018-06-07/order_items.parquet,2018-06-07
3a1f0844864136aa18f6710238f40e6e,1,9db0afe3dcd2942f8bef6f7195b9a2e1,b8114f2f589a6804810f04f99b36b498,2018-06-25 10:15:41,161.42,38.6,2018-06-19,2018-06-25 10:15:41.000000,2026-08-27T05:17:09.287600+00:00,D:/D drive recovery/Shiva JH/Projects/OneLake Medallion/data/landing/2018-06-19/order_items.parquet,2018-06-19
50c4d73707f3154c08eb85d0fd1e5149,1,9a4b54310a69c82a6773791c9099e109,7040e82f899a04d1b434b795a43b4617,2018-06-27 03:31:44,5.9,18.23,2018-06-19,2018-06-27 03:31:44.000000,2026-08-27T05:17:09.287600+00:00,D:/D drive recovery/Shiva JH/Projects/OneLake Medallion/data/landing/2018-06-19/order_items.parquet,2018-06-19
6d78521e00f69cd15f0a4f73f9f561e4,1,9565229244e9341fb8c8069879cf73cd,da8622b14eb17ae2831f4ac5b9dab84a,2018-06-25 03:31:46,149.9,15.36,2018-06-19,2018-06-25 03:31:46.000000,2026-08-27T05:17:09.287600+00:00,D:/D drive recovery/Shiva JH/Projects/OneLake Medallion/data/landing/2018-06-19/order_items.parquet,2018-06-19
bd7f8a8a67a2c07406735945fc28b4c7,1,7f457254a89d62960399e075711b3deb,ea8482cd71df3c1969d7b9473ff13abc,2018-06-22 14:57:22,24.99,7.44,2018-06-19,2018-06-22 14:57:22.000000,2026-08-27T05:17:09.287600+00:00,D:/D drive recovery/Shiva JH/Projects/OneLake Medallion/data/landing/2018-06-19/order_items.parquet,2018-06-19
f7b9821d83a86f942cd40560f3c06622,1,4a90b44b456e79e7a33435fdd36e551f,c9a06ece156bb057372c68718ec8909b,2017-01-17 17:53:10,380.0,39.06,2017-01-13,2017-01-17 17:53:10.000000,2026-08-27T05:17:09.287600+00:00,D:/D drive recovery/Shiva JH/Projects/OneLake Medallion/data/landing/2017-01-13/order_items.parquet,2017-01-13
8f359a870a6206af39d54ab82c99619d,1,55ebae49cf4c0963d5738a39e1e79750,2be17df1c49978426251562096c3cc09,2017-01-29 06:31:50,139.0,21.42,2017-01-25,2017-01-29 06:31:50.000000,2026-08-27T05:17:09.287600+00:00,D:/D drive recovery/Shiva JH/Projects/OneLake Medallion/data/landing/2017-01-25/order_items.parquet,2017-01-25
a50d16f8c24acdc0c3d2fe0af2cd5c87,1,e2b9252181ddde232e0bfb68df262610,e24fc9fcd865784fb25705606fe3dfe7,2017-01-29 20:17:33,192.0,18.08,2017-01-25,2017-01-29 20:17:33.000000,2026-08-27T05:17:09.287600+00:00,D:/D drive recovery/Shiva JH/Projects/OneLake Medallion/data/landing/2017-01-25/order_items.parquet,2017-01-25
bc7bc14f585b1879f63e89cb0e4cfa17,1,9ce4603565c839785b24a7e95e28f4eb,59fb871bf6f4522a87ba567b42dafecf,2017-01-29 10:41:24,119.99,19.54,2017-01-25,2017-01-29 10:41:24.000000,2026-08-27T05:17:09.287600+00:00,D:/D drive recovery/Shiva JH/Projects/OneLake Medallion/data/landing/2017-01-25/order_items.parquet,2017-01-25
61792640e5c6bc477b960e28fff4d779,1,1b1c78225aa5601414a8c09020ee1803,066a6914e1ebf3ea95a216c73a986b91,2017-02-22 13:33:57,32.99,14.52,2017-02-18,2017-02-22 13:33:57.000000,2026-08-27T05:17:09.287600+00:00,D:/D drive recovery/Shiva JH/Projects/OneLake Medallion/data/landing/2017-02-18/order_items.parquet,2017-02-18
d77031d6a3c8a52f019764e68f211c69,1,02a79d79e818ad0be36cfc843a6af7ad,cb3dd9ce66268c7a3ca7241ac70ab58c,2017-02-25 10:04:19,28.99,10.96,2017-02-18,2017-02-25 10:04:19.000000,2026-08-27T05:17:09.287600+00:00,D:/D drive recovery/Shiva JH/Projects/OneLake Medallion/data/landing/2017-02-18/order_items.parquet,2017-02-18
6d5e1e480d92f1bde5e9eb187fa388d5,1,12587360502d12268a9841080015d52a,fa1c13f2614d7b5c4749cbc52fecda94,2017-03-10 09:01:53,119.9,16.54,2017-03-02,2017-03-10 09:01:53.000000,2026-08-27T05:17:09.287600+00:00,D:/D drive recovery/Shiva JH/Projects/OneLake Medallion/data/landing/2017-03-02/order_items.parquet,2017-03-02
72da473ce9c065b6b7120da52ad4ac02,1,f08c59bc335a381d2b015c4efdc6dae3,cca3071e3e9bb7d12640c9fbe2301306,2017-03-16 19:22:06,50.9,10.47,2017-03-02,2017-03-16 19:22:06.000000,2026-08-27T05:17:09.287600+00:00,D:/D drive recovery/Shiva JH/Projects/OneLake Medallion/data/landing/2017-03-02/order_items.parquet,2017-03-02
72da473ce9c065b6b7120da52ad4ac02,2,496f6bd86011e5a9ddea8dc96e802340,cca3071e3e9bb7d12640c9fbe2301306,2017-03-16 19:22:06,72.9,13.18,2017-03-02,2017-03-16 19:22:06.000000,2026-08-27T05:17:09.287600+00:00,D:/D drive recovery/Shiva JH/Projects/OneLake Medallion/data/landing/2017-03-02/order_items.parquet,2017-03-02
bdbb8c171bf0fe78ba7607be04099506,1,99a4788cb24856965c36a24e339b6058,4a3ca9315b744ce9f8e9374361493884,2017-03-09 22:22:14,89.9,14.8,2017-03-02,2017-03-09 22:22:14.000000,2026-08-27T05:17:09.287600+00:00,D:/D drive recovery/Shiva JH/Projects/OneLake Medallion/data/landing/2017-03-02/order_items.parquet,2017-03-02
153e41d2dbed0732e8c41f472d912453,1,c7b3cf9de7be95b3e09e7a63315685eb,5dceca129747e92ff8ef7a997dc4f8ca,2017-03-20 22:22:06,69.9,22.78,2017-03-14,2017-03-20 22:22:06.000000,2026-08-27T05:17:09.287600+00:00,D:/D drive recovery/Shiva JH/Projects/OneLake Medallion/data/landing/2017-03-14/order_items.parquet,2017-03-14
cdfc8d98469b5469527223fa4d487882,1,be4f6fe1a36e3a7abc3c966be0925070,d20b021d3efdf267a402c402a48ea64b,2017-03-20 12:25:25,22.9,14.52,2017-03-14,2017-03-20 12:25:25.000000,2026-08-27T05:17:09.287600+00:00,D:/D drive recovery/Shiva JH/Projects/OneLake Medallion/data/landing/2017-03-14/order_items.parquet,2017-03-14
0ee0c320d2ceda401e28f8bc01e2fde2,1,5f24849289916bf82378a061a131fde9,be9a160a9011f627c3e121d076c1ec7b,2017-03-31 11:45:13,289.0,40.65,2017-03-26,2017-03-31 11:45:13.000000,2026-08-27T05:17:09.287600+00:00,D:/D drive recovery/Shiva JH/Projects/OneLake Medallion/data/landing/2017-03-26/order_items.parquet,2017-03-26
707b67c6036569d9eba912e2c8609ee4,1,f7e0fa615b386bc9a8b9eb52bc1fff76,87142160b41353c4e5fca2360caf6f92,2017-03-30 08:32:29,85.0,18.02,2017-03-26,2017-03-30 08:32:29.000000,2026-08-27T05:17:09.287600+00:00,D:/D drive recovery/Shiva JH/Projects/OneLake Medallion/data/landing/2017-03-26/order_items.parquet,2017-03-26
2217b5983c4fe87f26639368401a2f6c,1,336cfb12a5468070795ae4c964f4ce47,7008613ea464bad5cb9b83456e1e6a8f,2017-04-13 16:35:26,89.0,17.36,2017-04-07,2017-04-13 16:35:26.000000,2026-08-27T05:17:09.287600+00:00,D:/D drive recovery/Shiva JH/Projects/OneLake Medallion/data/landing/2017-04-07/order_items.parquet,2017-04-07
36f03c686bcee7c593f6227fb80b7109,1,1fde73e6b6d28627ff16e222b0044b10,1352e06ae67b410cdae0b2a22361167b,2017-04-13 19:45:11,89.0,18.05,2017-04-07,2017-04-13 19:45:11.000000,2026-08-27T05:17:09.287600+00:00,D:/D drive recovery/Shiva JH/Projects/OneLake Medallion/data/landing/2017-04-07/order_items.parquet,2017-04-07
5cf5cdef34e1a2488666267e4eda1792,1,f79d8b06296298b788c13ecf27b9a9c1,7aa4334be125fcdd2ba64b3180029f14,2017-04-12 22:30:15,142.9,17.74,2017-04-07,2017-04-12 22:30:15.000000,2026-08-27T05:17:09.287600+00:00,D:/D drive recovery/Shiva JH/Projects/OneLake Medallion/data/landing/2017-04-07/order_items.parquet,2017-04-07
73d609151d68d82b9e930d9e14458b61,1,098c8d862a494bb5926e558a87687768,7a67c85e85bb2ce8582c35f2203ad736,2017-04-13 17:05:20,199.99,30.33,2017-04-07,2017-04-13 17:05:20.000000,2026-08-27T05:17:09.287600+00:00,D:/D drive recovery/Shiva JH/Projects/OneLake Medallion/data/landing/2017-04-07/order_items.parquet,2017-04-07
2e1bbcd435bc99b41a07959ef2c3965e,1,11875b30b49585209e608f40e8082e65,669ae81880e08f269a64487cfb287169,2017-04-27 17:22:43,65.0,14.62,2017-04-19,2017-04-27 17:22:43.000000,2026-08-27T05:17:09.287600+00:00,D:/D drive recovery/Shiva JH/Projects/OneLake Medallion/data/landing/2017-04-19/order_items.parquet,2017-04-19
7bfe238bd2ede94073ec8c6c64509b90,1,ef8856db4e302ad33dc4d91e40f7593c,dbc22125167c298ef99da25668e1011f,2017-04-26 21:25:14,119.99,17.58,2017-04-19,2017-04-26 21:25:14.000000,2026-08-27T05:17:09.287600+00:00,D:/D drive recovery/Shiva JH/Projects/OneLake Medallion/data/landing/2017-04-19/order_items.parquet,2017-04-19
a14932a44ab80c8a470ee1786eda7573,1,4247b4b7b6026cb234f47c0b95193997,4a3ca9315b744ce9f8e9374361493884,2017-04-26 16:02:15,189.9,15.5,2017-04-19,2017-04-26 16:02:15.000000,2026-08-27T05:17:09.287600+00:00,D:/D drive recovery/Shiva JH/Projects/OneLake Medallion/data/landing/2017-04-19/order_items.parquet,2017-04-19
36fc3a00019db8f893021f9508f695c8,1,d986e4bd747ca20b348abcd013cd1303,440dd6ab244315c632130ecfb63827b1,2017-05-05 16:50:13,154.9,30.01,2017-05-01,2017-05-05 16:50:13.000000,2026-08-27T05:17:09.287600+00:00,D:/D drive recovery/Shiva JH/Projects/OneLake Medallion/data/landing/2017-05-01/order_items.parquet,2017-05-01
70b746f6d25c9df56e8e41bc05da3f1c,1,45986044725e448e85eb0d81251a8892,cfb1a033743668a192316f3c6d1d2671,2017-05-08 10:50:16,189.0,36.31,2017-05-01,2017-05-08 10:50:16.000000,2026-08-27T05:17:09.287600+00:00,D:/D drive recovery/Shiva JH/Projects/OneLake Medallion/data/landing/2017-05-01/order_items.parquet,2017-05-01
e3d211011fde3f5b8aaf8ecd42c4eed0,1,86f8507285c074360ac0969d4a664895,0ea22c1cfbdc755f86b9b54b39c16043,2017-05-05 18:35:13,39.9,10.96,2017-05-01,2017-05-05 18:35:13.000000,2026-08-27T05:17:09.287600+00:00,D:/D drive recovery/Shiva JH/Projects/OneLake Medallion/data/landing/2017-05-01/order_items.parquet,2017-05-01
0168a7f186c1f066748d15d8c51f489a,1,521a361808bedd9fffb32181e501e09b,5b179e9e8cc7ab6fd113a46ca584da81,2017-05-22 03:25:21,149.9,8.3,2017-05-13,2017-05-22 03:25:21.000000,2026-08-27T05:17:09.287600+00:00,D:/D drive recovery/Shiva JH/Projects/OneLake Medallion/data/landing/2017-05-13/order_items.parquet,2017-05-13
d9c7d6586555e3adb3709a7047e36c11,1,ab9cf155f8280c3739b09fe341a185e8,92eb0f42c21942b6552362b9b114707d,2017-05-18 17:02:36,13.98,15.1,2017-05-13,2017-05-18 17:02:36.000000,2026-08-27T05:17:09.287600+00:00,D:/D drive recovery/Shiva JH/Projects/OneLake Medallion/data/landing/2017-05-13/order_items.parquet,2017-05-13
357773e5b110f8f600e99720f07ac480,1,8509049c56caff468e3f35c4eefb6035,ca3bd7cd9f149df75950150d010fe4a2,2017-06-08 11:10:21,11.5,9.34,2017-05-25,2017-06-08 11:10:21.000000,2026-08-27T05:17:09.287600+00:00,D:/D drive recovery/Shiva JH/Projects/OneLake Medallion/data/landing/2017-05-25/order_items.parquet,2017-05-25
ac809d1a80a159ae8a440c726f579700,1,bf8df11db5850b8590e3cb397f18a916,1771297ac436903d1dd6b0e9279aa505,2017-05-31 10:35:22,28.18,16.11,2017-05-25,2017-05-31 10:35:22.000000,2026-08-27T05:17:09.287600+00:00,D:/D drive recovery/Shiva JH/Projects/OneLake Medallion/data/landing/2017-05-25/order_items.parquet,2017-05-25
01bb52d7a8dffb8bef5b79268487cd10,1,d84895a804248d73a16480c0b2e18604,218d46b86c1881d022bce9c68a7d4b15,2017-06-13 13:41:22,158.0,18.36,2017-06-06,2017-06-13 13:41:22.000000,2026-08-27T05:17:09.287600+00:00,D:/D drive recovery/Shiva JH/Projects/OneLake Medallion/data/landing/2017-06-06/order_items.parquet,2017-06-06
16e4c23dc1892082c649911189c18f27,1,a50acd33ba7a8da8e9db65094fa990a4,8581055ce74af1daba164fdbd55a40de,2017-06-12 18:02:56,117.3,25.66,2017-06-06,2017-06-12 18:02:56.000000,2026-08-27T05:17:09.287600+00:00,D:/D drive recovery/Shiva JH/Projects/OneLake Medallion/data/landing/2017-06-06/order_items.parquet,2017-06-06
423a4ec1579258ccf1267d7414246c52,1,b1acb7e8152c90c9619897753a75c973,cc419e0650a3c5ba77189a1882b7556a,2017-06-15 14:25:22,34.99,14.1,2017-06-06,2017-06-15 14:25:22.000000,2026-08-27T05:17:09.287600+00:00,D:/D drive recovery/Shiva JH/Projects/OneLake Medallion/data/landing/2017-06-06/order_items.parquet,2017-06-06
acf439da18812b2e710a2e7abe7f0ab2,1,209fa5709fd95c3fac1edddca1d6c505,004c9cd9d87a3c30c522c48c4fc07416,2017-06-16 03:03:55,82.99,17.83,2017-06-06,2017-06-16 03:03:55.000000,2026-08-27T05:17:09.287600+00:00,D:/D drive recovery/Shiva JH/Projects/OneLake Medallion/data/landing/2017-06-06/order_items.parquet,2017-06-06
f38becfd5e80f3d9d988ecab0b0a8d41,1,1600dcf1cea8c0c83702e07b577ab231,6560211a19b47992c3666cc44a7e94c0,2017-06-12 20:45:16,44.0,15.1,2017-06-06,2017-06-12 20:45:16.000000,2026-08-27T05:17:09.287600+00:00,D:/D drive recovery/Shiva JH/Projects/OneLake Medallion/data/landing/2017-06-06/order_items.parquet,2017-06-06
4a335c9b6c47353962fc6f0b1911eb03,1,d696750e550fd0f733979dd7e5dff921,9de4643a8dbde634fe55621059d92273,2017-06-22 13:15:26,167.99,16.94,2017-06-18,2017-06-22 13:15:26.000000,2026-08-27T05:17:09.287600+00:00,D:/D drive recovery/Shiva JH/Projects/OneLake Medallion/data/landing/2017-06-18/order_items.parquet,2017-06-18
773fd1a45866c4100d7cc2b770f08901,1,4ebab6a2135a2477b657bda38646b64b,7aa4334be125fcdd2ba64b3180029f14,2017-07-05 21:10:15,25.6,12.69,2017-06-30,2017-07-05 21:10:15.000000,2026-08-27T05:17:09.287600+00:00,D:/D drive recovery/Shiva JH/Projects/OneLake Medallion/data/landing/2017-06-30/order_items.parquet,2017-06-30
c0a1dc99f45387972d7c24cb3ffb3727,1,f081174cf4cde1e4f75cd45b4518bbe6,fa1c13f2614d7b5c4749cbc52fecda94,2017-07-06 14:45:07,139.9,34.78,2017-06-30,2017-07-06 14:45:07.000000,2026-08-27T05:17:09.287600+00:00,D:/D drive recovery/Shiva JH/Projects/OneLake Medallion/data/landing/2017-06-30/order_items.parquet,2017-06-30
70de7b6034bc0e9a1f6074627ffab810,1,fcbb2b8c6eb8c27d15790d9834b253b4,77530e9772f57a62c906e1c21538ab82,2017-07-18 23:35:19,49.0,16.79,2017-07-12,2017-07-18 23:35:19.000000,2026-08-27T05:17:09.287600+00:00,D:/D drive recovery/Shiva JH/Projects/OneLake Medallion/data/landing/2017-07-12/order_items.parquet,2017-07-12
1527c3b9bc481583f9752e89841e4686,1,52e9413ed0d3e64b796aac2bc2291d50,7f2617c58d5d06806987308b45654351,2017-07-28 18:03:52,149.9,14.8,2017-07-24,2017-07-28 18:03:52.000000,2026-08-27T05:17:09.287600+00:00,D:/D drive recovery/Shiva JH/Projects/OneLake Medallion/data/landing/2017-07-24/order_items.parquet,2017-07-24
59a0441d0335d0179d1077e2dcb46cdc,1,0693bcecfea57f2ad547d1ff56c7d9ea,cfb1a033743668a192316f3c6d1d2671,2017-07-31 13:50:09,15.9,9.94,2017-07-24,2017-07-31 13:50:09.000000,2026-08-27T05:17:09.287600+00:00,D:/D drive recovery/Shiva JH/Projects/OneLake Medallion/data/landing/2017-07-24/order_items.parquet,2017-07-24
bf92c69b7cc70f7fc2c37de43e366173,1,e01bc2ad5c6f46c0f53f73379fcd602e,a3a38f4affed601eb87a97788c949667,2017-07-30 22:25:14,149.9,16.81,2017-07-24,2017-07-30 22:25:14.000000,2026-08-27T05:17:09.287600+00:00,D:/D drive recovery/Shiva JH/Projects/OneLake Medallion/data/landing/2017-07-24/order_items.parquet,2017-07-24
9baa1fea77be1dc7d5ef2ad847110a14,1,ade405a562b15f95950b65eaccb3f0bb,17a053fcb14bd219540cbde0df490be0,2017-08-21 13:45:16,259.98,117.44,2017-08-05,2017-08-21 13:45:16.000000,2026-08-27T05:17:09.287600+00:00,D:/D drive recovery/Shiva JH/Projects/OneLake Medallion/data/landing/2017-08-05/order_items.parquet,2017-08-05
ae3e8160dfb11ba7791e416b096d2525,1,4ac50dbde931c0a5ed8c33d3dc047351,2e1c9f22be269ef4643f826c9e650a52,2017-08-10 00:30:18,33.49,14.1,2017-08-05,2017-08-10 00:30:18.000000,2026-08-27T05:17:09.287600+00:00,D:/D drive recovery/Shiva JH/Projects/OneLake Medallion/data/landing/2017-08-05/order_items.parquet,2017-08-05
cab587eb398be7856799cbd4f9f57b28,1,95c40b993a22463c83beb5c51a03d46c,85d9eb9ddc5d00ca9336a2219c97bb13,2017-08-14 03:55:24,31.9,16.79,2017-08-05,2017-08-14 03:55:24.000000,2026-08-27T05:17:09.287600+00:00,D:/D drive recovery/Shiva JH/Projects/OneLake Medallion/data/landing/2017-08-05/order_items.parquet,2017-08-05
e81f9367113fbd126f1b01da8b50f0f3,1,ed2c05310cf23e947151d937c2571831,77530e9772f57a62c906e1c21538ab82,2017-08-10 17:04:08,49.0,15.79,2017-08-05,2017-08-10 17:04:08.000000,2026-08-27T05:17:09.287600+00:00,D:/D drive recovery/Shiva JH/Projects/OneLake Medallion/data/landing/2017-08-05/order_items.parquet,2017-08-05
e81f9367113fbd126f1b01da8b50f0f3,2,ed2c05310cf23e947151d937c2571831,77530e9772f57a62c906e1c21538ab82,2017-08-10 17:04:08,49.0,15.79,2017-08-05,2017-08-10 17:04:08.000000,2026-08-27T05:17:09.287600+00:00,D:/D drive recovery/Shiva JH/Projects/OneLake Medallion/data/landing/2017-08-05/order_items.parquet,2017-08-05
761d2a6c3fc081b13c3cbfa01c4a8c37,1,fecf6223a3494f35362f670e571d2a04,3db66a856d18a9cba7c9241fc5221c50,2017-08-24 00:30:15,69.9,16.25,2017-08-17,2017-08-24 00:30:15.000000,2026-08-27T05:17:09.287600+00:00,D:/D drive recovery/Shiva JH/Projects/OneLake Medallion/data/landing/2017-08-17/order_items.parquet,2017-08-17
9d7b5f17627d128b343baf0300b45c7f,1,9a6fea01f6d5bfc01c9ac539f93da5ac,63b464dbf392c7b80d12d932fa7cafed,2017-08-30 22:50:21,169.0,16.89,2017-08-17,2017-08-30 22:50:21.000000,2026-08-27T05:17:09.287600+00:00,D:/D drive recovery/Shiva JH/Projects/OneLake Medallion/data/landing/2017-08-17/order_items.parquet,2017-08-17
a59e5a3085765eccf13872b4529fba3c,1,6eb6c5cb7df0f863538b61a47fcce962,fe2032dab1a61af8794248c8196565c9,2017-08-24 02:30:28,145.0,9.21,2017-08-17,2017-08-24 02:30:28.000000,2026-08-27T05:17:09.287600+00:00,D:/D drive recovery/Shiva JH/Projects/OneLake Medallion/data/landing/2017-08-17/order_items.parquet,2017-08-17
1e48c52ecdb582b211ad22ae74ad2247,1,b4e319cb48642fd748a387fb88c31c35,42bde9fef835393bb8a8849cb6b7f245,2017-09-04 19:15:15,499.0,18.25,2017-08-29,2017-09-04 19:15:15.000000,2026-08-27T05:17:09.287600+00:00,D:/D drive recovery/Shiva JH/Projects/OneLake Medallion/data/landing/2017-08-29/order_items.parquet,2017-08-29
d2881983257f5db81d89259c7d0c6012,1,3425c37e6772b3913480d0333e0beebf,670a9dda115b5a88b18cfadee8de2332,2017-09-08 20:30:23,79.9,25.84,2017-08-29,2017-09-08 20:30:23.000000,2026-08-27T05:17:09.287600+00:00,D:/D drive recovery/Shiva JH/Projects/OneLake Medallion/data/landing/2017-08-29/order_items.parquet,2017-08-29
9b1d71b20edcf15ab15e0bb4a932f23f,1,ed9b924bdbd0fd22c60aba6dddfbb6e5,70a12e78e608ac31179aea7f8422044b,2017-09-15 20:43:27,79.0,16.31,2017-09-10,2017-09-15 20:43:27.000000,2026-08-27T05:17:09.287600+00:00,D:/D drive recovery/Shiva JH/Projects/OneLake Medallion/data/landing/2017-09-10/order_items.parquet,2017-09-10
e3a83a19707a6f27e4fde8d6b13d43f4,1,9a36241ab9d33e23d58b50eddb5097c9,1acde099eb406aa220b1169b188b42da,2017-09-18 04:50:37,159.0,18.36,2017-09-10,2017-09-18 04:50:37.000000,2026-08-27T05:17:09.287600+00:00,D:/D drive recovery/Shiva JH/Projects/OneLake Medallion/data/landing/2017-09-10/order_items.parquet,2017-09-10
9d83ef2eae9001ced10bfc373722a184,1,1b06c90f0a31f14d0f505323b5723a80,f8db351d8c4c4c22c6835c19a46f01b0,2017-09-28 15:29:09,55.9,16.15,2017-09-22,2017-09-28 15:29:09.000000,2026-08-27T05:17:09.287600+00:00,D:/D drive recovery/Shiva JH/Projects/OneLake Medallion/data/landing/2017-09-22/order_items.parquet,2017-09-22
2301a0f5629f3d66f880849265f50515,1,5115d8cd6438c0c4d8abdf38d5d41ebd,6560211a19b47992c3666cc44a7e94c0,2017-10-10 10:14:25,69.0,15.23,2017-10-04,2017-10-10 10:14:25.000000,2026-08-27T05:17:09.287600+00:00,D:/D drive recovery/Shiva JH/Projects/OneLake Medallion/data/landing/2017-10-04/order_items.parquet,2017-10-04
59a9185f4ae4b284bf06962763f4317d,1,c201a862c6018d402222594d5229c613,c8b0e2b0a7095e5d8219575d5e7e1181,2017-10-10 09:07:24,117.99,18.08,2017-10-04,2017-10-10 09:07:24.000000,2026-08-27T05:17:09.287600+00:00,D:/D drive recovery/Shiva JH/Projects/OneLake Medallion/data/landing/2017-10-04/order_items.parquet,2017-10-04
06ebe0964f3c6ad099d9117fb1e66980,1,cc971e0365873137b8bef2ebad633e6f,7a67c85e85bb2ce8582c35f2203ad736,2017-10-23 23:06:26,239.99,22.17,2017-10-16,2017-10-23 23:06:26.000000,2026-08-27T05:17:09.287600+00:00,D:/D drive recovery/Shiva JH/Projects/OneLake Medallion/data/landing/2017-10-16/order_items.parquet,2017-10-16
ac28921ef185c0a4f81b4fbbdf4d645e,1,a6621d4ee609f3f917d04c11ca8f0161,7aa4334be125fcdd2ba64b3180029f14,2017-11-06 21:50:20,86.99,29.01,2017-10-28,2017-11-06 21:50:20.000000,2026-08-27T05:17:09.287600+00:00,D:/D drive recovery/Shiva JH/Projects/OneLake Medallion/data/landing/2017-10-28/order_items.parquet,2017-10-28
d3762703e4549c646c1f000b5094abea,1,20992273fc264d0a559e37c346090fe6,ec8879960bd2221d5c32f8e12f7da711,2017-11-06 20:50:18,34.9,9.34,2017-10-28,2017-11-06 20:50:18.000000,2026-08-27T05:17:09.287600+00:00,D:/D drive recovery/Shiva JH/Projects/OneLake Medallion/data/landing/2017-10-28/order_items.parquet,2017-10-28
42c43329be23eae70ca32f087617feef,1,f8328e9125f089a968fc6b36116c4bb9,218d46b86c1881d022bce9c68a7d4b15,2017-11-16 13:55:30,112.0,13.12,2017-11-09,2017-11-16 13:55:30.000000,2026-08-27T05:17:09.287600+00:00,D:/D drive recovery/Shiva JH/Projects/OneLake Medallion/data/landing/2017-11-09/order_items.parquet,2017-11-09
448632769b45cb2d1dfce6b88fb4bf88,1,cc59cf334461196527f790e5c9191ece,1987cd4be10fe09ee50454f9c354d1c6,2017-11-21 03:07:00,148.0,17.48,2017-11-09,2017-11-21 03:07:00.000000,2026-08-27T05:17:09.287600+00:00,D:/D drive recovery/Shiva JH/Projects/OneLake Medallion/data/landing/2017-11-09/order_items.parquet,2017-11-09
a1eca0e86d2739a6adeb18015e4bc249,1,163e6400e6dadd0fe04775c5e9331fda,855668e0971d4dfd7bef1b6a4133b41b,2017-11-16 20:56:01,50.0,16.11,2017-11-09,2017-11-16 20:56:01.000000,2026-08-27T05:17:09.287600+00:00,D:/D drive recovery/Shiva JH/Projects/OneLake Medallion/data/landing/2017-11-09/order_items.parquet,2017-11-09
a43da589ba6d3c9eb959a36699088162,1,22c5ddc22ea8cae84fc9917def682dc6,cc419e0650a3c5ba77189a1882b7556a,2017-11-21 23:06:32,56.99,11.9,2017-11-09,2017-11-21 23:06:32.000000,2026-08-27T05:17:09.287600+00:00,D:/D drive recovery/Shiva JH/Projects/OneLake Medallion/data/landing/2017-11-09/order_items.parquet,2017-11-09
b4c80521e552d11e209d1388067ce814,1,a5215a7a9f46c4185b12f38e9ddf2abc,53243585a1d6dc2643021fd1853d8905,2017-11-16 22:30:50,1340.0,44.74,2017-11-09,2017-11-16 22:30:50.000000,2026-08-27T05:17:09.287600+00:00,D:/D drive recovery/Shiva JH/Projects/OneLake Medallion/data/landing/2017-11-09/order_items.parquet,2017-11-09
b94e0a48d1692a46852bfce35ac0bea9,1,14dffa241a078aeaebaef48a49e807ca,fa40cc5b934574b62717c68f3d678b6d,2017-11-16 20:50:36,64.9,7.78,2017-11-09,2017-11-16 20:50:36.000000,2026-08-27T05:17:09.287600+00:00,D:/D drive recovery/Shiva JH/Projects/OneLake Medallion/data/landing/2017-11-09/order_items.parquet,2017-11-09
d9a2b5f65a8710b7b169d27db28c5d26,1,1fa784d8744e3ed625d8651ddb15e33b,afe0067131b73e40875c9b6c10bd2e21,2017-11-16 19:10:29,104.9,17.21,2017-11-09,2017-11-16 19:10:29.000000,2026-08-27T05:17:09.287600+00:00,D:/D drive recovery/Shiva JH/Projects/OneLake Medallion/data/landing/2017-11-09/order_items.parquet,2017-11-09
1c596aea2c7f298b4ccafe3b88d7dfeb,1,e840aad8112818661548fda5d12653f2,dc4a0fc896dc34b0d5bfec8438291c80,2017-11-27 15:06:14,75.27,21.02,2017-11-21,2017-11-27 15:06:14.000000,2026-08-27T05:17:09.287600+00:00,D:/D drive recovery/Shiva JH/Projects/OneLake Medallion/data/landing/2017-11-21/order_items.parquet,2017-11-21
34f7af5479dd2e19cb5e205d6cc40bc1,1,88d6c305d09a6fdc1c34cb51942a280c,e5a3438891c0bfdb9394643f95273d8e,2017-11-27 22:07:14,34.3,8.11,2017-11-21,2017-11-27 22:07:14.000000,2026-08-27T05:17:09.287600+00:00,D:/D drive recovery/Shiva JH/Projects/OneLake Medallion/data/landing/2017-11-21/order_items.parquet,2017-11-21
6e8a97f227260b48b2c8e8eacc87d2fb,1,db04654a0a48dbdc74c877e6a3964df1,5f1dc28029d2c244352a68107ec2b542,2017-11-27 19:52:20,47.5,8.72,2017-11-21,2017-11-27 19:52:20.000000,2026-08-27T05:17:09.287600+00:00,D:/D drive recovery/Shiva JH/Projects/OneLake Medallion/data/landing/2017-11-21/order_items.parquet,2017-11-21
9bb64540c8b861abd76559cbf18a9230,1,f1fe595ee7ef768b41bd9b246d13432d,81a1104df0f08b59c68aa5b03cfe398e,2017-11-27 08:31:24,99.9,17.95,2017-11-21,2017-11-27 08:31:24.000000,2026-08-27T05:17:09.287600+00:00,D:/D drive recovery/Shiva JH/Projects/OneLake Medallion/data/landing/2017-11-21/order_items.parquet,2017-11-21
be0d916fb5cf8a5dddcd98ad4905678e,1,671d1f1a67e731435bc7a91569004038,0509040ea3fe50071181bbc359eb7738,2017-11-29 02:38:30,41.5,13.37,2017-11-21,2017-11-29 02:38:30.000000,2026-08-27T05:17:09.287600+00:00,D:/D drive recovery/Shiva JH/Projects/OneLake Medallion/data/landing/2017-11-21/order_items.parquet,2017-11-21
da5d566236538abb69c83b6283383b60,1,dc6217e7f9d8c15039ca95b702ce7e02,855668e0971d4dfd7bef1b6a4133b41b,2017-11-27 16:07:31,34.0,16.92,2017-11-21,2017-11-27 16:07:31.000000,2026-08-27T05:17:09.287600+00:00,D:/D drive recovery/Shiva JH/Projects/OneLake Medallion/data/landing/2017-11-21/order_items.parquet,2017-11-21
12a6df267536bb8c253d9e7bb8b9e4aa,1,165f86fe8b799a708a20ee4ba125c289,7ddcbb64b5bc1ef36ca8c151f6ec77df,2017-12-07 19:51:27,166.99,15.92,2017-12-03,2017-12-07 19:51:27.000000,2026-08-27T05:17:09.287600+00:00,D:/D drive recovery/Shiva JH/Projects/OneLake Medallion/data/landing/2017-12-03/order_items.parquet,2017-12-03
58d29b7e20a6fd9ece06ae3981c5e1e4,1,7a10781637204d8d10485c71a6108a2e,4869f7a5dfa277a7dca6462dcf3b52b2,2017-12-11 04:12:09,219.9,14.56,2017-12-03,2017-12-11 04:12:09.000000,2026-08-27T05:17:09.287600+00:00,D:/D drive recovery/Shiva JH/Projects/OneLake Medallion/data/landing/2017-12-03/order_items.parquet,2017-12-03
9ef5ae9f2a3b5c7cd4858cf4ffdc1b9c,1,bb50f2e236e5eea0100680137654686c,f7ba60f8c3f99e7ee4042fdef03b70c4,2017-12-07 01:51:20,325.0,36.07,2017-12-03,2017-12-07 01:51:20.000000,2026-08-27T05:17:09.287600+00:00,D:/D drive recovery/Shiva JH/Projects/OneLake Medallion/data/landing/2017-12-03/order_items.parquet,2017-12-03
b67c30c269ecce5a92826b392f1749e5,1,d1b8f5983d9573c8e523b8c56a59497d,0ea22c1cfbdc755f86b9b54b39c16043,2017-12-07 09:52:50,79.9,11.31,2017-12-03,2017-12-07 09:52:50.000000,2026-08-27T05:17:09.287600+00:00,D:/D drive recovery/Shiva JH/Projects/OneLake Medallion/data/landing/2017-12-03/order_items.parquet,2017-12-03
b67c30c269ecce5a92826b392f1749e5,2,e3a23a99f074226ad690393a840c3244,efcd8d2104f1a05d028af7bad20d974b,2017-12-07 09:52:50,50.0,18.1,2017-12-03,2017-12-07 09:52:50.000000,2026-08-27T05:17:09.287600+00:00,D:/D drive recovery/Shiva JH/Projects/OneLake Medallion/data/landing/2017-12-03/order_items.parquet,2017-12-03
bc8e669b7c085a9d09f9c2b94c7693ab,1,bfbb69c5813c20a95466cc03a1274efd,4a3ca9315b744ce9f8e9374361493884,2017-12-07 20:32:21,144.9,12.51,2017-12-03,2017-12-07 20:32:21.000000,2026-08-27T05:17:09.287600+00:00,D:/D drive recovery/Shiva JH/Projects/OneLake Medallion/data/landing/2017-12-03/order_items.parquet,2017-12-03
be8b50c8a24a137dbed81d6c202e8d64,1,6f842ad54a86bf94d9254744d910ec56,7c67e1448b00f6e969d365cea6b010ab,2017-12-13 23:31:38,76.99,24.85,2017-12-03,2017-12-13 23:31:38.000000,2026-08-27T05:17:09.287600+00:00,D:/D drive recovery/Shiva JH/Projects/OneLake Medallion/data/landing/2017-12-03/order_items.parquet,2017-12-03
be8b50c8a24a137dbed81d6c202e8d64,2,6f842ad54a86bf94d9254744d910ec56,7c67e1448b00f6e969d365cea6b010ab,2017-12-13 23:31:38,76.99,24.85,2017-12-03,2017-12-13 23:31:38.000000,2026-08-27T05:17:09.287600+00:00,D:/D drive recovery/Shiva JH/Projects/OneLake Medallion/data/landing/2017-12-03/order_items.parquet,2017-12-03
be8b50c8a24a137dbed81d6c202e8d64,3,6f842ad54a86bf94d9254744d910ec56,7c67e1448b00f6e969d365cea6b010ab,2017-12-13 23:31:38,76.99,24.85,2017-12-03,2017-12-13 23:31:38.000000,2026-08-27T05:17:09.287600+00:00,D:/D drive recovery/Shiva JH/Projects/OneLake Medallion/data/landing/2017-12-03/order_items.parquet,2017-12-03
be8b50c8a24a137dbed81d6c202e8d64,4,6f842ad54a86bf94d9254744d910ec56,7c67e1448b00f6e969d365cea6b010ab,2017-12-13 23:31:38,76.99,24.85,2017-12-03,2017-12-13 23:31:38.000000,2026-08-27T05:17:09.287600+00:00,D:/D drive recovery/Shiva JH/Projects/OneLake Medallion/data/landing/2017-12-03/order_items.parquet,2017-12-03
dc1e38158c000863ec33ac43a40c3366,1,ec1faa2edc27ce32372fee59d1f9e969,cc419e0650a3c5ba77189a1882b7556a,2017-12-08 02:31:28,29.99,15.1,2017-12-03,2017-12-08 02:31:28.000000,2026-08-27T05:17:09.287600+00:00,D:/D drive recovery/Shiva JH/Projects/OneLake Medallion/data/landing/2017-12-03/order_items.parquet,2017-12-03
4b23422a153d74fd8d5b29e7fd978a4e,1,cda286f50f4576f72f1028b38870aedb,1d4587203296c8f4ad134dc286fa6db0,2017-12-21 12:11:15,53.9,11.73,2017-12-15,2017-12-21 12:11:15.000000,2026-08-27T05:17:09.287600+00:00,D:/D drive recovery/Shiva JH/Projects/OneLake Medallion/data/landing/2017-12-15/order_items.parquet,2017-12-15
80039f1a61066974579290461478b384,1,1a405418406359cc2b8815f93bf359c2,4d6d651bd7684af3fffabd5f08d12e5a,2017-12-26 09:51:48,129.9,27.23,2017-12-15,2017-12-26 09:51:48.000000,2026-08-27T05:17:09.287600+00:00,D:/D drive recovery/Shiva JH/Projects/OneLake Medallion/data/landing/2017-12-15/order_items.parquet,2017-12-15
91d9a72e928a84866b4d506c0398b723,1,87ae34a2e6f971a135f8bea5ae7949a9,ea8482cd71df3c1969d7b9473ff13abc,2018-01-05 02:09:23,39.99,11.85,2017-12-27,2018-01-05 02:09:23.000000,2026-08-27T05:17:09.287600+00:00,D:/D drive recovery/Shiva JH/Projects/OneLake Medallion/data/landing/2017-12-27/order_items.parquet,2017-12-27
47032972f71019cd453baab392482f5d,1,8f7ae8d7845cdabafb4b6f20d8bc5a43,3c03b12bab54d8b37d79d914bfdb1aa0,2018-01-14 22:31:37,167.68,14.92,2018-01-08,2018-01-14 22:31:37.000000,2026-08-27T05:17:09.287600+00:00,D:/D drive recovery/Shiva JH/Projects/OneLake Medallion/data/landing/2018-01-08/order_items.parquet,2018-01-08
478f2ae691d27c91c581c47b8e9f61d4,1,51250f90d798d377a1928e8a4e2e9ae1,3c7c4a49ec3c6550809089c6a2ca9370,2018-01-16 03:37:03,13.99,11.85,2018-01-08,2018-01-16 03:37:03.000000,2026-08-27T05:17:09.287600+00:00,D:/D drive recovery/Shiva JH/Projects/OneLake Medallion/data/landing/2018-01-08/order_items.parquet,2018-01-08
8a8d4a399c6ef91d4c20458be5048c3b,1,633a2a64a6478966e0b6805ea708de58,4830e40640734fc1c52cd21127c341d4,2018-01-12 14:18:49,39.0,15.1,2018-01-08,2018-01-12 14:18:49.000000,2026-08-27T05:17:09.287600+00:00,D:/D drive recovery/Shiva JH/Projects/OneLake Medallion/data/landing/2018-01-08/order_items.parquet,2018-01-08
8cee1e77f3ff782a0f7fc304065941b6,1,4c6aa2718ddd58a52cf181ad9e7ab24a,87d30a6a0cbf89356e49324971ab1d24,2018-01-16 03:35:23,99.9,9.51,2018-01-08,2018-01-16 03:35:23.000000,2026-08-27T05:17:09.287600+00:00,D:/D drive recovery/Shiva JH/Projects/OneLake Medallion/data/landing/2018-01-08/order_items.parquet,2018-01-08
d2f55c412b906bd31c6a464fcd59ee26,1,8c292ca193d326152e335d77176746f0,7e1fb0a3ebfb01ffb3a7dae98bf3238d,2018-01-12 13:31:55,150.0,15.8,2018-01-08,2018-01-12 13:31:55.000000,2026-08-27T05:17:09.287600+00:00,D:/D drive recovery/Shiva JH/Projects/OneLake Medallion/data/landing/2018-01-08/order_items.parquet,2018-01-08
d6be19fade8df35d46c377eaeb737f67,1,c50795b5c94dd185b2cee1d28a41d752,7c1fea10b5b006671d608b1d7c446ec4,2018-01-16 03:38:06,19.9,34.15,2018-01-08,2018-01-16 03:38:06.000000,2026-08-27T05:17:09.287600+00:00,D:/D drive recovery/Shiva JH/Projects/OneLake Medallion/data/landing/2018-01-08/order_items.parquet,2018-01-08
f7c666a64887124db742dd9a8a4e300d,1,4011494d902f1075a502ffe9432186b3,f5a590cf36251cf1162ea35bef76fe84,2018-01-12 15:27:54,49.0,8.72,2018-01-08,2018-01-12 15:27:54.000000,2026-08-27T05:17:09.287600+00:00,D:/D drive recovery/Shiva JH/Projects/OneLake Medallion/data/landing/2018-01-08/order_items.parquet,2018-01-08
fafd2c21c936debfbe975488ded4667a,1,90f39a309a8c05fa7aa4ef02178059cb,b2ba3715d723d245138f291a6fe42594,2018-01-12 14:36:24,289.9,19.6,2018-01-08,2018-01-12 14:36:24.000000,2026-08-27T05:17:09.287600+00:00,D:/D drive recovery/Shiva JH/Projects/OneLake Medallion/data/landing/2018-01-08/order_items.parquet,2018-01-08
08733fad8b29896d4920d381cd3f7cf1,1,b84ee1832bd494a163f0a8315efde95c,87142160b41353c4e5fca2360caf6f92,2018-01-29 03:36:50,36.9,33.24,2018-01-20,2018-01-29 03:36:50.000000,2026-08-27T05:17:09.287600+00:00,D:/D drive recovery/Shiva JH/Projects/OneLake Medallion/data/landing/2018-01-20/order_items.parquet,2018-01-20
c46172d2acb91b47e43297edd9d8b3ed,1,154e7e31ebfa092203795c972e5804a6,cc419e0650a3c5ba77189a1882b7556a,2018-01-29 22:41:05,23.99,7.78,2018-01-20,2018-01-29 22:41:05.000000,2026-08-27T05:17:09.287600+00:00,D:/D drive recovery/Shiva JH/Projects/OneLake Medallion/data/landing/2018-01-20/order_items.parquet,2018-01-20
cad0978e6d52213f4c78b26626fc40c0,1,ce3e4366349f6a16dd3732471e3c2697,0b18d63d0cd1d723567903fd34a07df2,2018-01-25 20:20:13,85.99,8.8,2018-01-20,2018-01-25 20:20:13.000000,2026-08-27T05:17:09.287600+00:00,D:/D drive recovery/Shiva JH/Projects/OneLake Medallion/data/landing/2018-01-20/order_items.parquet,2018-01-20
cad0978e6d52213f4c78b26626fc40c0,2,ce3e4366349f6a16dd3732471e3c2697,0b18d63d0cd1d723567903fd34a07df2,2018-01-25 20:20:13,85.99,8.8,2018-01-20,2018-01-25 20:20:13.000000,2026-08-27T05:17:09.287600+00:00,D:/D drive recovery/Shiva JH/Projects/OneLake Medallion/data/landing/2018-01-20/order_items.parquet,2018-01-20
1000fd60c36051932866242b91c5ef43,1,af3741580aab9876533f1c3e08aca7bb,9c3a1c416c765687bc79a04113269929,2018-02-08 02:52:39,74.9,58.9,2018-02-01,2018-02-08 02:52:39.000000,2026-08-27T05:17:09.287600+00:00,D:/D drive recovery/Shiva JH/Projects/OneLake Medallion/data/landing/2018-02-01/order_items.parquet,2018-02-01
183ee0e3ebd4c1c995e5f9ac2d950ee8,1,474bb6b54fc608ca71059a6c4f7ecda3,8b321bb669392f5163d04c59e235e066,2018-02-07 20:14:08,21.9,11.85,2018-02-01,2018-02-07 20:14:08.000000,2026-08-27T05:17:09.287600+00:00,D:/D drive recovery/Shiva JH/Projects/OneLake Medallion/data/landing/2018-02-01/order_items.parquet,2018-02-01
183ee0e3ebd4c1c995e5f9ac2d950ee8,2,566a4f2c4385f36d15c00dfcaae132d1,8b321bb669392f5163d04c59e235e066,2018-02-07 20:14:08,21.9,11.85,2018-02-01,2018-02-07 20:14:08.000000,2026-08-27T05:17:09.287600+00:00,D:/D drive recovery/Shiva JH/Projects/OneLake Medallion/data/landing/2018-02-01/order_items.parquet,2018-02-01
207fcb4ce4deeff5a3ec9db8f38acff0,1,b249cf5fcf68f70e13515489f0fcb627,df560393f3a51e74553ab94004ba5c87,2018-02-14 19:11:10,79.9,17.81,2018-02-01,2018-02-14 19:11:10.000000,2026-08-27T05:17:09.287600+00:00,D:/D drive recovery/Shiva JH/Projects/OneLake Medallion/data/landing/2018-02-01/order_items.parquet,2018-02-01
fc662bafa52d2ef16078f6f6141009d6,1,a334304f952399f2161225628a9d2891,d3f39f05462b79a4562d35893a28f159,2018-02-08 02:54:18,78.0,12.05,2018-02-01,2018-02-08 02:54:18.000000,2026-08-27T05:17:09.287600+00:00,D:/D drive recovery/Shiva JH/Projects/OneLake Medallion/data/landing/2018-02-01/order_items.parquet,2018-02-01
1c2d22c1d55459e10c141fba4eed75be,1,ce066f4a83649651549d717c9b566816,4d6d651bd7684af3fffabd5f08d12e5a,2018-02-19 13:32:20,69.9,23.36,2018-02-13,2018-02-19 13:32:20.000000,2026-08-27T05:17:09.287600+00:00,D:/D drive recovery/Shiva JH/Projects/OneLake Medallion/data/landing/2018-02-13/order_items.parquet,2018-02-13
1c2d22c1d55459e10c141fba4eed75be,2,ce066f4a83649651549d717c9b566816,4d6d651bd7684af3fffabd5f08d12e5a,2018-02-19 13:32:20,69.9,23.36,2018-02-13,2018-02-19 13:32:20.000000,2026-08-27T05:17:09.287600+00:00,D:/D drive recovery/Shiva JH/Projects/OneLake Medallion/data/landing/2018-02-13/order_items.parquet,2018-02-13
7787175cbb70f20d210824b01d4225d9,1,5a848e4ab52fd5445cdc07aab1c40e48,c826c40d7b19f62a09e2d7c5e7295ee2,2018-02-19 15:55:49,122.99,15.61,2018-02-13,2018-02-19 15:55:49.000000,2026-08-27T05:17:09.287600+00:00,D:/D drive recovery/Shiva JH/Projects/OneLake Medallion/data/landing/2018-02-13/order_items.parquet,2018-02-13
9d01fa0e65583ec53f3864ee0e73d015,1,aca2eb7d00ea1a7b8ebd4e68314663af,955fee9216a65b617aa5c0531780ce60,2018-02-21 20:50:28,69.9,19.98,2018-02-13,2018-02-21 20:50:28.000000,2026-08-27T05:17:09.287600+00:00,D:/D drive recovery/Shiva JH/Projects/OneLake Medallion/data/landing/2018-02-13/order_items.parquet,2018-02-13
faf18cecda32bcf685059fb419574421,1,c68fdf078b3ec0596bbc5c7ac409e458,d2374cbcbb3ca4ab1086534108cc3ab7,2018-02-19 20:47:23,36.9,16.11,2018-02-13,2018-02-19 20:47:23.000000,2026-08-27T05:17:09.287600+00:00,D:/D drive recovery/Shiva JH/Projects/OneLake Medallion/data/landing/2018-02-13/order_items.parquet,2018-02-13
faf18cecda32bcf685059fb419574421,2,c68fdf078b3ec0596bbc5c7ac409e458,d2374cbcbb3ca4ab1086534108cc3ab7,2018-02-19 20:47:23,36.9,16.11,2018-02-13,2018-02-19 20:47:23.000000,2026-08-27T05:17:09.287600+00:00,D:/D drive recovery/Shiva JH/Projects/OneLake Medallion/data/landing/2018-02-13/order_items.parquet,2018-02-13
2383d9fafbf6a8af2c96b3ffd0c70280,1,bfa3278e134f379b6be461cc463009e3,5656537e588803a555b8eb41f07a944b,2018-03-01 20:08:12,26.89,17.63,2018-02-25,2018-03-01 20:08:12.000000,2026-08-27T05:17:09.287600+00:00,D:/D drive recovery/Shiva JH/Projects/OneLake Medallion/data/landing/2018-02-25/order_items.parquet,2018-02-25
2ccca1fe20c84ea4cb95b191e260cf16,1,acdd408fe971bbe29a81f8febb575ffc,128639473a139ac0f3e5f5ade55873a5,2018-03-05 03:32:34,18.9,12.48,2018-02-25,2018-03-05 03:32:34.000000,2026-08-27T05:17:09.287600+00:00,D:/D drive recovery/Shiva JH/Projects/OneLake Medallion/data/landing/2018-02-25/order_items.parquet,2018-02-25
bdabf4d21213c2844d0b672d8fd72054,1,216ac797639b7734f0b125861ea845ae,b561927807645834b59ef0d16ba55a24,2018-03-01 15:07:38,44.0,15.1,2018-02-25,2018-03-01 15:07:38.000000,2026-08-27T05:17:09.287600+00:00,D:/D drive recovery/Shiva JH/Projects/OneLake Medallion/data/landing/2018-02-25/order_items.parquet,2018-02-25
ecab90c9933c58908d3d6add7c6f5ae3,1,c0db539123a403f670c50237d970b215,f7720c4fa8e3aba4546301ab80ea1f1b,2018-03-01 14:28:03,30.1,33.24,2018-02-25,2018-03-01 14:28:03.000000,2026-08-27T05:17:09.287600+00:00,D:/D drive recovery/Shiva JH/Projects/OneLake Medallion/data/landing/2018-02-25/order_items.parquet,2018-02-25
505a00852bc2f5b6d0b53b7a04c2fbad,1,99a4788cb24856965c36a24e339b6058,4a3ca9315b744ce9f8e9374361493884,2018-03-15 10:29:24,86.9,17.52,2018-03-09,2018-03-15 10:29:24.000000,2026-08-27T05:17:09.287600+00:00,D:/D drive recovery/Shiva JH/Projects/OneLake Medallion/data/landing/2018-03-09/order_items.parquet,2018-03-09
de96144dc55ce453b7dd9b5995a87c6a,1,c384e8f1f1c380ef1dbafaf080ba25fc,33ac3e28642ab8bda860a2f693000e78,2018-03-15 15:35:28,89.99,15.51,2018-03-09,2018-03-15 15:35:28.000000,2026-08-27T05:17:09.287600+00:00,D:/D drive recovery/Shiva JH/Projects/OneLake Medallion/data/landing/2018-03-09/order_items.parquet,2018-03-09
e1fba0870a0b10ccd04d57ed78831c13,1,2ab3937e84ae4f7c4b6549b05c95df0b,f25e239052084705e17a982bc600ab2a,2018-03-15 18:31:18,79.0,15.43,2018-03-09,2018-03-15 18:31:18.000000,2026-08-27T05:17:09.287600+00:00,D:/D drive recovery/Shiva JH/Projects/OneLake Medallion/data/landing/2018-03-09/order_items.parquet,2018-03-09
f190884813097fe74073188f97302e98,1,87a71ae93900ab55fcf685c8040769b3,8b321bb669392f5163d04c59e235e066,2018-03-15 09:30:37,12.9,17.06,2018-03-09,2018-03-15 09:30:37.000000,2026-08-27T05:17:09.287600+00:00,D:/D drive recovery/Shiva JH/Projects/OneLake Medallion/data/landing/2018-03-09/order_items.parquet,2018-03-09
f190884813097fe74073188f97302e98,2,87a71ae93900ab55fcf685c8040769b3,8b321bb669392f5163d04c59e235e066,2018-03-15 09:30:37,12.9,17.06,2018-03-09,2018-03-15 09:30:37.000000,2026-08-27T05:17:09.287600+00:00,D:/D drive recovery/Shiva JH/Projects/OneLake Medallion/data/landing/2018-03-09/order_items.parquet,2018-03-09
f190884813097fe74073188f97302e98,3,87a71ae93900ab55fcf685c8040769b3,8b321bb669392f5163d04c59e235e066,2018-03-15 09:30:37,12.9,17.06,2018-03-09,2018-03-15 09:30:37.000000,2026-08-27T05:17:09.287600+00:00,D:/D drive recovery/Shiva JH/Projects/OneLake Medallion/data/landing/2018-03-09/order_items.parquet,2018-03-09
0e2d7ec6702478f04fd7b14b55b906b0,1,bfc0d01be79d9038c7720f983bf954e0,634964b17796e64304cadf1ad3050fb7,2018-03-28 02:49:49,137.0,18.84,2018-03-21,2018-03-28 02:49:49.000000,2026-08-27T05:17:09.287600+00:00,D:/D drive recovery/Shiva JH/Projects/OneLake Medallion/data/landing/2018-03-21/order_items.parquet,2018-03-21
25f2336ad64d9dfaf347d85bca407b44,1,c1aaab8bfc16d73c6829b879f558fad4,d2374cbcbb3ca4ab1086534108cc3ab7,2018-03-28 11:30:58,29.9,42.41,2018-03-21,2018-03-28 11:30:58.000000,2026-08-27T05:17:09.287600+00:00,D:/D drive recovery/Shiva JH/Projects/OneLake Medallion/data/landing/2018-03-21/order_items.parquet,2018-03-21
48c35042cb072a8ed4da07c418f0b125,1,437c05a395e9e47f9762e677a7068ce7,f84fa566034f5e8e880a07ec624c56af,2018-03-27 13:47:56,47.65,7.39,2018-03-21,2018-03-27 13:47:56.000000,2026-08-27T05:17:09.287600+00:00,D:/D drive recovery/Shiva JH/Projects/OneLake Medallion/data/landing/2018-03-21/order_items.parquet,2018-03-21
48c35042cb072a8ed4da07c418f0b125,2,437c05a395e9e47f9762e677a7068ce7,f84fa566034f5e8e880a07ec624c56af,2018-03-27 13:47:56,47.65,7.39,2018-03-21,2018-03-27 13:47:56.000000,2026-08-27T05:17:09.287600+00:00,D:/D drive recovery/Shiva JH/Projects/OneLake Medallion/data/landing/2018-03-21/order_items.parquet,2018-03-21
4f940e976473a0facd3c6def01f9fc19,1,bb50f2e236e5eea0100680137654686c,f7ba60f8c3f99e7ee4042fdef03b70c4,2018-03-27 23:10:29,330.0,19.53,2018-03-21,2018-03-27 23:10:29.000000,2026-08-27T05:17:09.287600+00:00,D:/D drive recovery/Shiva JH/Projects/OneLake Medallion/data/landing/2018-03-21/order_items.parquet,2018-03-21
84b91dcef1e21e8151a9618564095dae,1,0152f69b6cf919bcdaf117aa8c43e5a2,d2374cbcbb3ca4ab1086534108cc3ab7,2018-04-10 22:35:26,17.9,18.23,2018-03-21,2018-04-10 22:35:26.000000,2026-08-27T05:17:09.287600+00:00,D:/D drive recovery/Shiva JH/Projects/OneLake Medallion/data/landing/2018-03-21/order_items.parquet,2018-03-21
fd9ee5b912fcbd8a218a3c7cf6fb4f0d,1,859c76e39d1772297ad710c70f15cf34,1336efc61c316ddf92c899eb817f7cae,2018-03-27 11:10:40,49.0,13.71,2018-03-21,2018-03-27 11:10:40.000000,2026-08-27T05:17:09.287600+00:00,D:/D drive recovery/Shiva JH/Projects/OneLake Medallion/data/landing/2018-03-21/order_items.parquet,2018-03-21
fd9ee5b912fcbd8a218a3c7cf6fb4f0d,2,859c76e39d1772297ad710c70f15cf34,1336efc61c316ddf92c899eb817f7cae,2018-03-27 11:10:40,49.0,13.71,2018-03-21,2018-03-27 11:10:40.000000,2026-08-27T05:17:09.287600+00:00,D:/D drive recovery/Shiva JH/Projects/OneLake Medallion/data/landing/2018-03-21/order_items.parquet,2018-03-21
01c7b08f0c05952ce15edb928bb63d2d,1,edd087ed331c3ce178ec3489b9ecf117,1bb2bdb95f4841f1bba2c0d2cd83d3c9,2018-04-06 17:10:25,274.95,26.04,2018-04-02,2018-04-06 17:10:25.000000,2026-08-27T05:17:09.287600+00:00,D:/D drive recovery/Shiva JH/Projects/OneLake Medallion/data/landing/2018-04-02/order_items.parquet,2018-04-02
45c5fceca4f4409e9b086fff7c29e6bb,1,a370599bb36b6aa53a8a4f428440f860,3d871de0142ce09b7081e2b9d1733cb1,2018-04-08 22:09:43,69.0,23.06,2018-04-02,2018-04-08 22:09:43.000000,2026-08-27T05:17:09.287600+00:00,D:/D drive recovery/Shiva JH/Projects/OneLake Medallion/data/landing/2018-04-02/order_items.parquet,2018-04-02
c633811fc9f385653545e0f903b60fe5,1,363a742635cc645c207ce8102de9b837,6c7d50c24b3ccd2fd83b44d8bb34e073,2018-04-08 22:35:31,126.69,33.5,2018-04-02,2018-04-08 22:35:31.000000,2026-08-27T05:17:09.287600+00:00,D:/D drive recovery/Shiva JH/Projects/OneLake Medallion/data/landing/2018-04-02/order_items.parquet,2018-04-02
d74f695d00f9997798afe64684937fff,1,09f6dccfebfa0688abfc1af640b69e61,7c4618c82226628831613e95e9c22f44,2018-04-09 14:30:50,29.99,18.23,2018-04-02,2018-04-09 14:30:50.000000,2026-08-27T05:17:09.287600+00:00,D:/D drive recovery/Shiva JH/Projects/OneLake Medallion/data/landing/2018-04-02/order_items.parquet,2018-04-02
dc20710a4582a12ed1eb1504bd916272,1,e5eadf9be70a4a9fa514019542fc330a,4559697a8f7e637227c2eeaed843baff,2018-04-06 16:53:02,69.9,13.56,2018-04-02,2018-04-06 16:53:02.000000,2026-08-27T05:17:09.287600+00:00,D:/D drive recovery/Shiva JH/Projects/OneLake Medallion/data/landing/2018-04-02/order_items.parquet,2018-04-02
05f9e5c577faa3a272454a2ceed5c64d,1,437773d07b1edcb634d4f4a2ad377be2,7f7b8245c336066a1f9933c359f11d77,2018-04-19 20:30:36,39.9,50.85,2018-04-14,2018-04-19 20:30:36.000000,2026-08-27T05:17:09.287600+00:00,D:/D drive recovery/Shiva JH/Projects/OneLake Medallion/data/landing/2018-04-14/order_items.parquet,2018-04-14
41b0c346ca595e5a94067d231e4106af,1,fed5c40c27e1c88560a9e92d82ee0825,128639473a139ac0f3e5f5ade55873a5,2018-04-19 10:50:56,19.9,22.06,2018-04-14,2018-04-19 10:50:56.000000,2026-08-27T05:17:09.287600+00:00,D:/D drive recovery/Shiva JH/Projects/OneLake Medallion/data/landing/2018-04-14/order_items.parquet,2018-04-14
90d4fd66e34f42131ae8035b8c32a862,1,2e513e110e3f95926fa3d1ac44444ff4,8b321bb669392f5163d04c59e235e066,2018-04-23 05:35:13,17.99,15.23,2018-04-14,2018-04-23 05:35:13.000000,2026-08-27T05:17:09.287600+00:00,D:/D drive recovery/Shiva JH/Projects/OneLake Medallion/data/landing/2018-04-14/order_items.parquet,2018-04-14
9c462c053ec072efcaa5186110cf96b8,1,369dfa384d5ad2a0cb97cb4cda846c47,e9779976487b77c6d4ac45f75ec7afe9,2018-04-19 12:31:36,191.0,19.22,2018-04-14,2018-04-19 12:31:36.000000,2026-08-27T05:17:09.287600+00:00,D:/D drive recovery/Shiva JH/Projects/OneLake Medallion/data/landing/2018-04-14/order_items.parquet,2018-04-14
a5a8f79e024db5dd26d9b264c2aacb26,1,081cac4fc215928a462eb2c06a14dffe,a2deecd5398f5df4987110c80a1972a3,2018-04-19 14:51:58,29.0,18.23,2018-04-14,2018-04-19 14:51:58.000000,2026-08-27T05:17:09.287600+00:00,D:/D drive recovery/Shiva JH/Projects/OneLake Medallion/data/landing/2018-04-14/order_items.parquet,2018-04-14
c92ef068e2628ab736ea295a7d536c7d,1,2a5806f10d0f00e5ad032dd2e3c8806e,7c67e1448b00f6e969d365cea6b010ab,2018-05-02 05:50:18,169.99,62.83,2018-04-14,2018-05-02 05:50:18.000000,2026-08-27T05:17:09.287600+00:00,D:/D drive recovery/Shiva JH/Projects/OneLake Medallion/data/landing/2018-04-14/order_items.parquet,2018-04-14
2c8574e8710a496641d98e80143c7b98,1,c3ba4e8d3cb30049213b682e751e9d00,6560211a19b47992c3666cc44a7e94c0,2018-05-03 11:52:42,95.0,15.55,2018-04-26,2018-05-03 11:52:42.000000,2026-08-27T05:17:09.287600+00:00,D:/D drive recovery/Shiva JH/Projects/OneLake Medallion/data/landing/2018-04-26/order_items.parquet,2018-04-26
3de337ef9b7afb31444752b9b6383b1f,1,53b36df67ebb7c41585e8d54d6772e08,7d13fca15225358621be4086e1eb0964,2018-05-03 17:30:43,99.9,0.0,2018-04-26,2018-05-03 17:30:43.000000,2026-08-27T05:17:09.287600+00:00,D:/D drive recovery/Shiva JH/Projects/OneLake Medallion/data/landing/2018-04-26/order_items.parquet,2018-04-26
168a385694949b4ff7b62fba2f7cd23c,1,1b6033cbf12974cf79c1cccbf8592ffd,6e13dd869aa7185f601c941423abcc8f,2018-05-15 03:11:38,78.0,7.41,2018-05-08,2018-05-15 03:11:38.000000,2026-08-27T05:17:09.287600+00:00,D:/D drive recovery/Shiva JH/Projects/OneLake Medallion/data/landing/2018-05-08/order_items.parquet,2018-05-08
499973f14af890d0e5c08bc600590ec4,1,ae52eeb8383b94455f0a08b1f88ad002,1c68394e931a64f90ea236c5ea590300,2018-05-22 03:31:31,89.9,13.75,2018-05-08,2018-05-22 03:31:31.000000,2026-08-27T05:17:09.287600+00:00,D:/D drive recovery/Shiva JH/Projects/OneLake Medallion/data/landing/2018-05-08/order_items.parquet,2018-05-08
68a688be62a4e82e6f8450c215d3fdae,1,1427b126f61597524866770b05d4eed2,0b90b6df587eb83608a64ea8b390cf07,2018-05-16 21:31:21,98.81,13.81,2018-05-08,2018-05-16 21:31:21.000000,2026-08-27T05:17:09.287600+00:00,D:/D drive recovery/Shiva JH/Projects/OneLake Medallion/data/landing/2018-05-08/order_items.parquet,2018-05-08
68a688be62a4e82e6f8450c215d3fdae,2,5526b1ae9ab2688cf600783cece249df,0b90b6df587eb83608a64ea8b390cf07,2018-05-16 21:31:21,98.44,13.81,2018-05-08,2018-05-16 21:31:21.000000,2026-08-27T05:17:09.287600+00:00,D:/D drive recovery/Shiva JH/Projects/OneLake Medallion/data/landing/2018-05-08/order_items.parquet,2018-05-08
6ca82d9e4eb3effeb9ad7d3a592d3cc4,1,5cbca81261e661159b5a3e6025bffba8,ef0ace09169ac090589d85746e3e036f,2018-05-14 19:12:14,134.4,23.44,2018-05-08,2018-05-14 19:12:14.000000,2026-08-27T05:17:09.287600+00:00,D:/D drive recovery/Shiva JH/Projects/OneLake Medallion/data/landing/2018-05-08/order_items.parquet,2018-05-08
9893da51f6d1ad5bf15a1756e3b8c9b3,1,b5661cf46c147805adc83695fb04f487,c6381d2d013342748761e906d45aff76,2018-05-14 16:18:17,69.0,16.45,2018-05-08,2018-05-14 16:18:17.000000,2026-08-27T05:17:09.287600+00:00,D:/D drive recovery/Shiva JH/Projects/OneLake Medallion/data/landing/2018-05-08/order_items.parquet,2018-05-08
9f7acee13d271fc4082692dd7d0485c5,1,82029e5d2411cd3a74021d94ee87d457,20b54c376b794ed028df09a3cd88e8dc,2018-05-14 22:14:49,104.2,13.17,2018-05-08,2018-05-14 22:14:49.000000,2026-08-27T05:17:09.287600+00:00,D:/D drive recovery/Shiva JH/Projects/OneLake Medallion/data/landing/2018-05-08/order_items.parquet,2018-05-08
ff40f38705c95a8eceea1a0db29bff66,1,461f43be3bdf8844e65b62d9ac2c7a5a,7d13fca15225358621be4086e1eb0964,2018-05-14 12:56:47,118.0,4.88,2018-05-08,2018-05-14 12:56:47.000000,2026-08-27T05:17:09.287600+00:00,D:/D drive recovery/Shiva JH/Projects/OneLake Medallion/data/landing/2018-05-08/order_items.parquet,2018-05-08
ff40f38705c95a8eceea1a0db29bff66,2,6eb70dfb283dc3f645ed7b03c990dc72,7d13fca15225358621be4086e1eb0964,2018-05-14 12:56:47,55.0,32.09,2018-05-08,2018-05-14 12:56:47.000000,2026-08-27T05:17:09.287600+00:00,D:/D drive recovery/Shiva JH/Projects/OneLake Medallion/data/landing/2018-05-08/order_items.parquet,2018-05-08
22393c9bb58fd23ba0aaf68dab5094cc,1,0a57f7d2c983bcf8188589a5fea4a8da,4869f7a5dfa277a7dca6462dcf3b52b2,2018-05-23 11:15:18,99.0,6.57,2018-05-20,2018-05-23 11:15:18.000000,2026-08-27T05:17:09.287600+00:00,D:/D drive recovery/Shiva JH/Projects/OneLake Medallion/data/landing/2018-05-20/order_items.parquet,2018-05-20
3f98a80c882c8294f35d35a4667490c4,1,c1b555c58d48d228480072f1492cc14f,41b39e28db005d9731d9d485a83b4c38,2018-05-31 16:31:34,54.9,14.47,2018-05-20,2018-05-31 16:31:34.000000,2026-08-27T05:17:09.287600+00:00,D:/D drive recovery/Shiva JH/Projects/OneLake Medallion/data/landing/2018-05-20/order_items.parquet,2018-05-20
5ba66b05da23d680e9f6ab20a3ae5bc6,1,dbaee28f4ee64465838a229582d77520,8daab2245ebdc277c51098d01c5ad8ef,2018-05-24 18:58:54,55.9,8.29,2018-05-20,2018-05-24 18:58:54.000000,2026-08-27T05:17:09.287600+00:00,D:/D drive recovery/Shiva JH/Projects/OneLake Medallion/data/landing/2018-05-20/order_items.parquet,2018-05-20
887c5d8c7e26394fd67b1ba6f1c72c7a,1,d3e1006ba3735c0d44160026b6e0ced3,c003204e1ab016dfa150abc119207b24,2018-05-22 11:51:09,108.9,11.39,2018-05-20,2018-05-22 11:51:09.000000,2026-08-27T05:17:09.287600+00:00,D:/D drive recovery/Shiva JH/Projects/OneLake Medallion/data/landing/2018-05-20/order_items.parquet,2018-05-20
a92e6290657082950fa4ebb6fe8141a6,1,2b4609f8948be18874494203496bc318,cc419e0650a3c5ba77189a1882b7556a,2018-05-22 16:30:10,79.99,10.36,2018-05-20,2018-05-22 16:30:10.000000,2026-08-27T05:17:09.287600+00:00,D:/D drive recovery/Shiva JH/Projects/OneLake Medallion/data/landing/2018-05-20/order_items.parquet,2018-05-20
f1aae2e4d1a714c4204f8fbfa09ea9b1,1,09b0d15a8cc9a84e7af7e0225f67dc45,1025f0e2d44d7041d6cf58b6550e0bfa,2018-05-25 02:15:44,67.0,23.05,2018-05-20,2018-05-25 02:15:44.000000,2026-08-27T05:17:09.287600+00:00,D:/D drive recovery/Shiva JH/Projects/OneLake Medallion/data/landing/2018-05-20/order_items.parquet,2018-05-20
f1aae2e4d1a714c4204f8fbfa09ea9b1,2,09b0d15a8cc9a84e7af7e0225f67dc45,1025f0e2d44d7041d6cf58b6550e0bfa,2018-05-25 02:15:44,67.0,23.05,2018-05-20,2018-05-25 02:15:44.000000,2026-08-27T05:17:09.287600+00:00,D:/D drive recovery/Shiva JH/Projects/OneLake Medallion/data/landing/2018-05-20/order_items.parquet,2018-05-20
f1aae2e4d1a714c4204f8fbfa09ea9b1,3,09b0d15a8cc9a84e7af7e0225f67dc45,1025f0e2d44d7041d6cf58b6550e0bfa,2018-05-25 02:15:44,67.0,23.05,2018-05-20,2018-05-25 02:15:44.000000,2026-08-27T05:17:09.287600+00:00,D:/D drive recovery/Shiva JH/Projects/OneLake Medallion/data/landing/2018-05-20/order_items.parquet,2018-05-20
f30149f4a8882a08895b6a242aa0d612,1,00066f42aeeb9f3007548bb9d3f33c38,5670f4db5b62c43d542e1b2d56b0cf7c,2018-05-24 18:58:59,101.65,18.59,2018-05-20,2018-05-24 18:58:59.000000,2026-08-27T05:17:09.287600+00:00,D:/D drive recovery/Shiva JH/Projects/OneLake Medallion/data/landing/2018-05-20/order_items.parquet,2018-05-20
05bdb94211a1ae1e3734545262f50da3,1,c3ba4e8d3cb30049213b682e751e9d00,6560211a19b47992c3666cc44a7e94c0,2018-06-11 16:35:19,95.0,7.53,2018-06-01,2018-06-11 16:35:19.000000,2026-08-27T05:17:09.287600+00:00,D:/D drive recovery/Shiva JH/Projects/OneLake Medallion/data/landing/2018-06-01/order_items.parquet,2018-06-01
6553bc307b0ce8eded2609f0008ae2bd,1,cac9e5692471a0700418aa3400b9b2b1,7ea5bfa6c340f58f8e71fc1f0412b0d6,2018-06-11 12:55:31,99.49,22.41,2018-06-01,2018-06-11 12:55:31.000000,2026-08-27T05:17:09.287600+00:00,D:/D drive recovery/Shiva JH/Projects/OneLake Medallion/data/landing/2018-06-01/order_items.parquet,2018-06-01
d245d1728ad7cc2081cb50838d7d6fcb,1,10ab16a7860f0bf18ed851ca94ab90a5,709e16e2b25c7474d980076c6bfc4806,2018-06-11 08:30:33,25.9,18.23,2018-06-01,2018-06-11 08:30:33.000000,2026-08-27T05:17:09.287600+00:00,D:/D drive recovery/Shiva JH/Projects/OneLake Medallion/data/landing/2018-06-01/order_items.parquet,2018-06-01
e6e4672e14ca0ff3cbdf2e23e1d6cc30,1,2d6dfe6841db8445d145a67913aec9d2,788e857f317e53de488d393e65a80f45,2018-06-13 04:12:41,110.0,15.65,2018-06-01,2018-06-13 04:12:41.000000,2026-08-27T05:17:09.287600+00:00,D:/D drive recovery/Shiva JH/Projects/OneLake Medallion/data/landing/2018-06-01/order_items.parquet,2018-06-01
ea639b1119b066a5966041d2367ce1e7,1,5a4ad40b009d7b9aed160df860afffec,34056b8b55c1775a22af2331670a799c,2018-06-11 20:11:23,64.8,27.18,2018-06-01,2018-06-11 20:11:23.000000,2026-08-27T05:17:09.287600+00:00,D:/D drive recovery/Shiva JH/Projects/OneLake Medallion/data/landing/2018-06-01/order_items.parquet,2018-06-01
048741d7885a7fded1de887eb956fff3,1,3e19791ee3fa124c96da5a87616794ac,e2c92f9c1c7746d899d18f2e158bbff7,2018-06-19 17:20:44,137.0,21.6,2018-06-13,2018-06-19 17:20:44.000000,2026-08-27T05:17:09.287600+00:00,D:/D drive recovery/Shiva JH/Projects/OneLake Medallion/data/landing/2018-06-13/order_items.parquet,2018-06-13
138922735946aa65c66ca7e7bd4e5980,1,c6336fa91fbd87c359e44f5dca5a90ed,4c2b230173bb36f9b240f2b8ac11786e,2018-06-19 19:59:58,39.0,15.37,2018-06-13,2018-06-19 19:59:58.000000,2026-08-27T05:17:09.287600+00:00,D:/D drive recovery/Shiva JH/Projects/OneLake Medallion/data/landing/2018-06-13/order_items.parquet,2018-06-13
3391274af8aa8372225f9c42c63d853e,1,e0d64dcfaa3b6db5c54ca298ae101d05,7d13fca15225358621be4086e1eb0964,2018-06-20 13:01:24,144.0,14.59,2018-06-13,2018-06-20 13:01:24.000000,2026-08-27T05:17:09.287600+00:00,D:/D drive recovery/Shiva JH/Projects/OneLake Medallion/data/landing/2018-06-13/order_items.parquet,2018-06-13
4fa933d3af1ace6329bd375b0be6398b,1,3c6435ca19d6b17c048cdde0abc55ba7,4c18691b6037662be2df78a765d98ab5,2018-06-19 10:20:06,44.5,8.47,2018-06-13,2018-06-19 10:20:06.000000,2026-08-27T05:17:09.287600+00:00,D:/D drive recovery/Shiva JH/Projects/OneLake Medallion/data/landing/2018-06-13/order_items.parquet,2018-06-13
5c3daac471748ba7152bf6760e8c12b8,1,e398924df814f49525ebf68af637b1bc,8fd3b4468f6425810648177996c14cbd,2018-06-20 11:55:25,354.9,21.67,2018-06-13,2018-06-20 11:55:25.000000,2026-08-27T05:17:09.287600+00:00,D:/D drive recovery/Shiva JH/Projects/OneLake Medallion/data/landing/2018-06-13/order_items.parquet,2018-06-13
af18c8b9b0890d5387074340f9d39cc7,1,82291b3a952e46978d916dc09dfecc2d,594f9aaa48e5bf431f011ddc5669b0d5,2018-06-19 10:21:21,35.9,23.4,2018-06-13,2018-06-19 10:21:21.000000,2026-08-27T05:17:09.287600+00:00,D:/D drive recovery/Shiva JH/Projects/OneLake Medallion/data/landing/2018-06-13/order_items.parquet,2018-06-13
d318b798f415b925411c4b1158c2ca9a,1,979a52ea2c0c4e9e7e7e4a766d4eeda4,640e21a7d01df7614a3b4923e990d40c,2018-06-18 19:32:45,62.0,14.74,2018-06-13,2018-06-18 19:32:45.000000,2026-08-27T05:17:09.287600+00:00,D:/D drive recovery/Shiva JH/Projects/OneLake Medallion/data/landing/2018-06-13/order_items.parquet,2018-06-13
e92f3505810692cd4a0350b19e2d9045,1,65fd9b358b7ee029fba34839e9c35fdf,9f505651f4a6abe901a56cdc21508025,2018-06-17 23:18:38,29.99,22.93,2018-06-13,2018-06-17 23:18:38.000000,2026-08-27T05:17:09.287600+00:00,D:/D drive recovery/Shiva JH/Projects/OneLake Medallion/data/landing/2018-06-13/order_items.parquet,2018-06-13
f51de224914539ecac4ad066fcaa5a1e,1,3a7d90845985f39048815a6939c56be4,e9779976487b77c6d4ac45f75ec7afe9,2018-06-20 02:39:54,36.49,8.0,2018-06-13,2018-06-20 02:39:54.000000,2026-08-27T05:17:09.287600+00:00,D:/D drive recovery/Shiva JH/Projects/OneLake Medallion/data/landing/2018-06-13/order_items.parquet,2018-06-13
1d74feccf8381303587104e6f647a189,1,ac44def10e24998cdee20a208d691127,8160255418d5aaa7dbdc9f4c64ebda44,2018-06-28 01:30:36,89.9,23.43,2018-06-25,2018-06-28 01:30:36.000000,2026-08-27T05:17:09.287600+00:00,D:/D drive recovery/Shiva JH/Projects/OneLake Medallion/data/landing/2018-06-25/order_items.parquet,2018-06-25
b7af6b8813fa3bb23a67f2fd8284db1e,1,bb50f2e236e5eea0100680137654686c,f7ba60f8c3f99e7ee4042fdef03b70c4,2018-06-28 11:32:36,330.0,10.47,2018-06-25,2018-06-28 11:32:36.000000,2026-08-27T05:17:09.287600+00:00,D:/D drive recovery/Shiva JH/Projects/OneLake Medallion/data/landing/2018-06-25/order_items.parquet,2018-06-25
d9137c81bf939fd8a1934f77b701422c,1,28bc7d95951d962dd5cdda791e07b56f,17ca9b9e9b9ef8fdb529001b49ebb50f,2018-06-27 21:13:05,39.97,13.62,2018-06-25,2018-06-27 21:13:05.000000,2026-08-27T05:17:09.287600+00:00,D:/D drive recovery/Shiva JH/Projects/OneLake Medallion/data/landing/2018-06-25/order_items.parquet,2018-06-25
2f9d4ee8ca77fe0951ebfe9064cad953,1,cd2c03056720c7de4d6a59c1167bdee0,0ea22c1cfbdc755f86b9b54b39c16043,2016-10-15 12:03:03,79.9,11.17,2016-10-09,2016-10-15 12:03:03.000000,2026-08-27T05:17:09.287600+00:00,D:/D drive recovery/Shiva JH/Projects/OneLake Medallion/data/landing/2016-10-09/order_items.parquet,2016-10-09
671c1562854f03c1d68f6d48e1fa4c7d,1,0ed343b480193b11dbe4dfa81ac98ff1,0c8380b62e38e8a1e6adbeba7eb9688c,2017-03-09 08:45:14,59.5,17.16,2017-03-03,2017-03-09 08:45:14.000000,2026-08-27T05:17:09.287600+00:00,D:/D drive recovery/Shiva JH/Projects/OneLake Medallion/data/landing/2017-03-03/order_items.parquet,2017-03-03
9ecc63b839c404ca47e48f1af1f54702,1,c4baedd846ed09b85f78a781b522f126,a1043bafd471dff536d0c462352beb48,2017-03-13 16:55:13,99.99,28.89,2017-03-03,2017-03-13 16:55:13.000000,2026-08-27T05:17:09.287600+00:00,D:/D drive recovery/Shiva JH/Projects/OneLake Medallion/data/landing/2017-03-03/order_items.parquet,2017-03-03
0928b1d58fe76f5a1e63be5a47ea6253,1,e28fdc5f658be194523b68dfbeb186cb,7e26c750b4cb9f6766f58265ff9ebe95,2017-03-21 21:52:58,50.0,14.52,2017-03-15,2017-03-21 21:52:58.000000,2026-08-27T05:17:09.287600+00:00,D:/D drive recovery/Shiva JH/Projects/OneLake Medallion/data/landing/2017-03-15/order_items.parquet,2017-03-15
4b9a2fcf7058ab9f5609fc6556941297,1,0e6e319f54e663147c771705ab5dec67,96493fab2fbb13a14d0c0e8772eef5c3,2017-03-23 16:43:06,89.0,15.38,2017-03-15,2017-03-23 16:43:06.000000,2026-08-27T05:17:09.287600+00:00,D:/D drive recovery/Shiva JH/Projects/OneLake Medallion/data/landing/2017-03-15/order_items.parquet,2017-03-15
63c9a278e2db31d8f1c92babe1b0ae5d,1,5a6e53c3b4e8684b13388d6aa4afdf12,7299e27ed73d2ad986de7f7c77d919fa,2017-03-21 18:08:19,14.99,14.52,2017-03-15,2017-03-21 18:08:19.000000,2026-08-27T05:17:09.287600+00:00,D:/D drive recovery/Shiva JH/Projects/OneLake Medallion/data/landing/2017-03-15/order_items.parquet,2017-03-15
e316d17cafee5024c175ba56fc437d56,1,b5b5a82ce5f1987b7e670f37629be51b,8b28d096634035667e8263d57ba3368c,2017-04-03 11:42:36,59.9,14.59,2017-03-27,2017-04-03 11:42:36.000000,2026-08-27T05:17:09.287600+00:00,D:/D drive recovery/Shiva JH/Projects/OneLake Medallion/data/landing/2017-03-27/order_items.parquet,2017-03-27
e9781329bbd9648bc8c210acc30c130c,1,9ac3f8f66132539cb797c44296f1fa27,3d871de0142ce09b7081e2b9d1733cb1,2017-04-03 03:51:27,149.0,21.67,2017-03-27,2017-04-03 03:51:27.000000,2026-08-27T05:17:09.287600+00:00,D:/D drive recovery/Shiva JH/Projects/OneLake Medallion/data/landing/2017-03-27/order_items.parquet,2017-03-27
1006246e3feed80b0a2f83d8364240f7,1,fda2e10316a83bcf6ffa52fc891642f2,44073f8b7e41514de3b7815dd0237f4f,2017-04-25 12:32:54,120.0,17.27,2017-04-08,2017-04-25 12:32:54.000000,2026-08-27T05:17:09.287600+00:00,D:/D drive recovery/Shiva JH/Projects/OneLake Medallion/data/landing/2017-04-08/order_items.parquet,2017-04-08
64d5bb1764f742cbecaed917d384da32,1,0fe09f32709c79ba4bf19d43c4e49515,0ea22c1cfbdc755f86b9b54b39c16043,2017-05-02 05:15:25,24.9,14.52,2017-04-20,2017-05-02 05:15:25.000000,2026-08-27T05:17:09.287600+00:00,D:/D drive recovery/Shiva JH/Projects/OneLake Medallion/data/landing/2017-04-20/order_items.parquet,2017-04-20
fa65dad1b0e818e3ccc5cb0e39231352,1,1aecdb5fa3add74e385f25c6c527a462,06532f10282704ef4c69168b914b77be,2017-04-27 09:10:13,392.55,65.44,2017-04-20,2017-04-27 09:10:13.000000,2026-08-27T05:17:09.287600+00:00,D:/D drive recovery/Shiva JH/Projects/OneLake Medallion/data/landing/2017-04-20/order_items.parquet,2017-04-20
cb61f25ed186c04d0a96e8830a3078d2,1,a58add0d4b913cb2fe2542b77bac6dc8,eeb6de78f79159600292e314a77cbd18,2017-05-09 23:30:11,379.0,31.69,2017-05-02,2017-05-09 23:30:11.000000,2026-08-27T05:17:09.287600+00:00,D:/D drive recovery/Shiva JH/Projects/OneLake Medallion/data/landing/2017-05-02/order_items.parquet,2017-05-02
1930118fbe694636a60c0d5f97c32597,1,6bb50785f82871dde37ed1666da54bf3,4c2b230173bb36f9b240f2b8ac11786e,2017-05-18 22:45:19,39.9,4.66,2017-05-14,2017-05-18 22:45:19.000000,2026-08-27T05:17:09.287600+00:00,D:/D drive recovery/Shiva JH/Projects/OneLake Medallion/data/landing/2017-05-14/order_items.parquet,2017-05-14
1930118fbe694636a60c0d5f97c32597,2,6bb50785f82871dde37ed1666da54bf3,4c2b230173bb36f9b240f2b8ac11786e,2017-05-18 22:45:19,39.9,4.66,2017-05-14,2017-05-18 22:45:19.000000,2026-08-27T05:17:09.287600+00:00,D:/D drive recovery/Shiva JH/Projects/OneLake Medallion/data/landing/2017-05-14/order_items.parquet,2017-05-14
1930118fbe694636a60c0d5f97c32597,3,337c81a0f9e751b6cbdf56680a33c365,a17f621c590ea0fab3d5d883e1630ec6,2017-05-18 22:45:19,26.33,27.92,2017-05-14,2017-05-18 22:45:19.000000,2026-08-27T05:17:09.287600+00:00,D:/D drive recovery/Shiva JH/Projects/OneLake Medallion/data/landing/2017-05-14/order_items.parquet,2017-05-14
1930118fbe694636a60c0d5f97c32597,4,337c81a0f9e751b6cbdf56680a33c365,a17f621c590ea0fab3d5d883e1630ec6,2017-05-18 22:45:19,26.33,27.92,2017-05-14,2017-05-18 22:45:19.000000,2026-08-27T05:17:09.287600+00:00,D:/D drive recovery/Shiva JH/Projects/OneLake Medallion/data/landing/2017-05-14/order_items.parquet,2017-05-14
66a8d9453b15cd3fe5a7322ad363ad7f,1,03bca689857bd64cc5c022221113db7e,e5e33c0d8e7e002f398f5dc4cbbb338f,2017-05-18 18:31:13,101.9,16.34,2017-05-14,2017-05-18 18:31:13.000000,2026-08-27T05:17:09.287600+00:00,D:/D drive recovery/Shiva JH/Projects/OneLake Medallion/data/landing/2017-05-14/order_items.parquet,2017-05-14
71d33900d3db33c09ceff19ffc7ec460,1,9575c58d6ba5856589c410cef0b3f0e0,f0e103c63864d5405b958d984b6e94c9,2017-05-18 11:55:10,159.8,14.87,2017-05-14,2017-05-18 11:55:10.000000,2026-08-27T05:17:09.287600+00:00,D:/D drive recovery/Shiva JH/Projects/OneLake Medallion/data/landing/2017-05-14/order_items.parquet,2017-05-14
255111c7355b48e49add6f5a16c22483,1,ca169d8dceee80e88508bc636a2aac96,da8622b14eb17ae2831f4ac5b9dab84a,2017-06-07 01:25:10,114.9,18.05,2017-05-26,2017-06-07 01:25:10.000000,2026-08-27T05:17:09.287600+00:00,D:/D drive recovery/Shiva JH/Projects/OneLake Medallion/data/landing/2017-05-26/order_items.parquet,2017-05-26
7cbc65f44f89c2a106408220f92ee3c7,1,1bef08f119466a85a83919d5b80facd3,d2374cbcbb3ca4ab1086534108cc3ab7,2017-06-14 23:25:12,15.9,15.1,2017-05-26,2017-06-14 23:25:12.000000,2026-08-27T05:17:09.287600+00:00,D:/D drive recovery/Shiva JH/Projects/OneLake Medallion/data/landing/2017-05-26/order_items.parquet,2017-05-26
9f6fd425786e354166bb381926773047,1,8b199a0f183f8011403f53356c564d80,4e7c18b98d84e05cbae3ff0ff03846c2,2017-06-01 13:42:04,178.0,74.2,2017-05-26,2017-06-01 13:42:04.000000,2026-08-27T05:17:09.287600+00:00,D:/D drive recovery/Shiva JH/Projects/OneLake Medallion/data/landing/2017-05-26/order_items.parquet,2017-05-26
f443ec3003e193944b796356e1d62f8f,1,0c3305267c17b542aecbc2385f5f0794,fe2032dab1a61af8794248c8196565c9,2017-06-02 13:50:16,219.9,15.29,2017-05-26,2017-06-02 13:50:16.000000,2026-08-27T05:17:09.287600+00:00,D:/D drive recovery/Shiva JH/Projects/OneLake Medallion/data/landing/2017-05-26/order_items.parquet,2017-05-26
f443ec3003e193944b796356e1d62f8f,2,0c3305267c17b542aecbc2385f5f0794,fe2032dab1a61af8794248c8196565c9,2017-06-02 13:50:16,219.9,15.29,2017-05-26,2017-06-02 13:50:16.000000,2026-08-27T05:17:09.287600+00:00,D:/D drive recovery/Shiva JH/Projects/OneLake Medallion/data/landing/2017-05-26/order_items.parquet,2017-05-26
5ca29c3c00080a507890c89a0323f06d,1,778c4dffd777dbe97f26efe02565df49,4dbd95a08b31ede5c82d3f861cb1ce1a,2017-06-13 09:02:13,139.9,21.47,2017-06-07,2017-06-13 09:02:13.000000,2026-08-27T05:17:09.287600+00:00,D:/D drive recovery/Shiva JH/Projects/OneLake Medallion/data/landing/2017-06-07/order_items.parquet,2017-06-07
217fa6305f49722c5712365fa9fb7685,1,d4548e7ab697993ec51d864766a8ea4f,4869f7a5dfa277a7dca6462dcf3b52b2,2017-06-27 15:05:27,200.0,16.15,2017-06-19,2017-06-27 15:05:27.000000,2026-08-27T05:17:09.287600+00:00,D:/D drive recovery/Shiva JH/Projects/OneLake Medallion/data/landing/2017-06-19/order_items.parquet,2017-06-19
27dfe580597e36bfdb283184aa96a201,1,4a96de21ccfb22ebe1c56992acbbd7fc,7a241947449cc45dbfda4f9d0798d9d0,2017-06-26 10:25:14,99.0,17.94,2017-06-19,2017-06-26 10:25:14.000000,2026-08-27T05:17:09.287600+00:00,D:/D drive recovery/Shiva JH/Projects/OneLake Medallion/data/landing/2017-06-19/order_items.parquet,2017-06-19
47d051e89cf6490245136694a26a4395,1,66122b7ff167774803377cb2b1af7799,7c67e1448b00f6e969d365cea6b010ab,2017-06-25 23:55:12,89.99,17.36,2017-06-19,2017-06-25 23:55:12.000000,2026-08-27T05:17:09.287600+00:00,D:/D drive recovery/Shiva JH/Projects/OneLake Medallion/data/landing/2017-06-19/order_items.parquet,2017-06-19
680e610535fa4d02ce2d6a820946afb8,1,b77ae16cc8f67cd1c0ec781d5bf4da2b,7a67c85e85bb2ce8582c35f2203ad736,2017-06-26 21:43:59,219.99,39.09,2017-06-19,2017-06-26 21:43:59.000000,2026-08-27T05:17:09.287600+00:00,D:/D drive recovery/Shiva JH/Projects/OneLake Medallion/data/landing/2017-06-19/order_items.parquet,2017-06-19
2ccc4ef33a6274500f8eb7b10c5f4b39,1,a5a6a6f715af9f3f16761c445f932103,aafe36600ce604f205b86b5084d3d767,2017-07-05 23:10:13,59.9,9.94,2017-07-01,2017-07-05 23:10:13.000000,2026-08-27T05:17:09.287600+00:00,D:/D drive recovery/Shiva JH/Projects/OneLake Medallion/data/landing/2017-07-01/order_items.parquet,2017-07-01
0c77e9308e3c15bbeb6c16405a2da080,1,c73628b1c3144b2e0c9c88072f21a213,3f995f07c49d0d55a99d5c54957f7d81,2017-07-19 18:30:16,99.0,13.71,2017-07-13,2017-07-19 18:30:16.000000,2026-08-27T05:17:09.287600+00:00,D:/D drive recovery/Shiva JH/Projects/OneLake Medallion/data/landing/2017-07-13/order_items.parquet,2017-07-13
12788f3056c6392e73afcd37df5482ad,1,71a033537c0b1b79fc26e6d0bb3bb1a2,391fc6631aebcf3004804e51b40bcf1e,2017-07-19 12:23:48,73.35,16.27,2017-07-13,2017-07-19 12:23:48.000000,2026-08-27T05:17:09.287600+00:00,D:/D drive recovery/Shiva JH/Projects/OneLake Medallion/data/landing/2017-07-13/order_items.parquet,2017-07-13
73d34a2bf529090b8e28797f2169823c,1,f1c7f353075ce59d8a6f3cf58f419c9c,37be5a7c751166fbc5f8ccba4119e043,2017-07-21 16:45:09,205.0,26.27,2017-07-13,2017-07-21 16:45:09.000000,2026-08-27T05:17:09.287600+00:00,D:/D drive recovery/Shiva JH/Projects/OneLake Medallion/data/landing/2017-07-13/order_items.parquet,2017-07-13
109b43dc12d67a5107cbbfb7fe98d0ae,1,4298b7e67dc399c200662b569563a2b2,9c0e69c7bf2619675bbadf47b43f655a,2017-07-31 15:55:15,179.9,16.01,2017-07-25,2017-07-31 15:55:15.000000,2026-08-27T05:17:09.287600+00:00,D:/D drive recovery/Shiva JH/Projects/OneLake Medallion/data/landing/2017-07-25/order_items.parquet,2017-07-25
5b0290e4420f938665a61fda8ee5ced6,1,2ddf9184f8aad1f832fdf5ecd1e53a17,0c7533c71df861ec58ad7ff999ed0e8d,2017-07-31 08:45:11,45.9,15.1,2017-07-25,2017-07-31 08:45:11.000000,2026-08-27T05:17:09.287600+00:00,D:/D drive recovery/Shiva JH/Projects/OneLake Medallion/data/landing/2017-07-25/order_items.parquet,2017-07-25
cd02db25220d623f419da3b1fa2921ff,1,6b3de4cb14325f3a0dafa939520f514e,6560211a19b47992c3666cc44a7e94c0,2017-07-31 16:23:20,69.0,11.98,2017-07-25,2017-07-31 16:23:20.000000,2026-08-27T05:17:09.287600+00:00,D:/D drive recovery/Shiva JH/Projects/OneLake Medallion/data/landing/2017-07-25/order_items.parquet,2017-07-25
e462b9c1dbe3c306a5b7b78d72dd7f79,1,b92a7304ebad1ca5b393b53b2de5c70a,7c67e1448b00f6e969d365cea6b010ab,2017-08-07 02:23:18,144.99,38.85,2017-07-25,2017-08-07 02:23:18.000000,2026-08-27T05:17:09.287600+00:00,D:/D drive recovery/Shiva JH/Projects/OneLake Medallion/data/landing/2017-07-25/order_items.parquet,2017-07-25
5ea0a482c758f0cbbcc6b10b0962a6a9,1,f1c7f353075ce59d8a6f3cf58f419c9c,37be5a7c751166fbc5f8ccba4119e043,2017-08-14 11:35:16,200.0,48.84,2017-08-06,2017-08-14 11:35:16.000000,2026-08-27T05:17:09.287600+00:00,D:/D drive recovery/Shiva JH/Projects/OneLake Medallion/data/landing/2017-08-06/order_items.parquet,2017-08-06
297dfeab4cdd5749b9d6485e13e89877,1,f81cb4720a94848a6c7627ae0473bcd3,98e164d549402270247f3c96a1a158ef,2017-08-23 23:45:25,84.6,9.41,2017-08-18,2017-08-23 23:45:25.000000,2026-08-27T05:17:09.287600+00:00,D:/D drive recovery/Shiva JH/Projects/OneLake Medallion/data/landing/2017-08-18/order_items.parquet,2017-08-18
90cd8e765a696947ccb0afa686c933fd,1,42faf2e98f0486405f5dfac48e5cba7d,1127b7f2594683f2510f1c2c834a486b,2017-08-24 02:10:35,14.46,7.78,2017-08-18,2017-08-24 02:10:35.000000,2026-08-27T05:17:09.287600+00:00,D:/D drive recovery/Shiva JH/Projects/OneLake Medallion/data/landing/2017-08-18/order_items.parquet,2017-08-18
f5469d54daa9f43486f2d4ab2b154406,1,c349071c40ca2919f27bd3d6a2fb6fea,9596c870880d900012f2e8e6e30d06d7,2017-08-28 04:07:08,489.9,66.85,2017-08-18,2017-08-28 04:07:08.000000,2026-08-27T05:17:09.287600+00:00,D:/D drive recovery/Shiva JH/Projects/OneLake Medallion/data/landing/2017-08-18/order_items.parquet,2017-08-18
4187eb76c2b3b265e55590002bd353bd,1,fb09c649a144a9dfd4546612891e1f11,92c8bc6e8f925792247656fed09aad65,2017-09-05 18:07:49,82.9,7.84,2017-08-30,2017-09-05 18:07:49.000000,2026-08-27T05:17:09.287600+00:00,D:/D drive recovery/Shiva JH/Projects/OneLake Medallion/data/landing/2017-08-30/order_items.parquet,2017-08-30
5ddf0e8fc807d25c638fe981189bb8db,1,1de1332e38dc2f575edfeae165edea4e,4a3ca9315b744ce9f8e9374361493884,2017-09-08 04:35:43,135.0,12.45,2017-08-30,2017-09-08 04:35:43.000000,2026-08-27T05:17:09.287600+00:00,D:/D drive recovery/Shiva JH/Projects/OneLake Medallion/data/landing/2017-08-30/order_items.parquet,2017-08-30
642bbe453ce83b61eda0dcb53d3339d8,1,149e60a7a51b85a834c055f8025ae3e5,95e03ca3d4146e4011985981aeb959b9,2017-09-12 18:11:00,25.0,7.94,2017-08-30,2017-09-12 18:11:00.000000,2026-08-27T05:17:09.287600+00:00,D:/D drive recovery/Shiva JH/Projects/OneLake Medallion/data/landing/2017-08-30/order_items.parquet,2017-08-30
90dea0577f835cee1385c71345f7a1d9,1,0e8455af924fb157b26a4ab95f28bb10,385799a1cddbd26dfeb9157356a42282,2017-09-05 16:15:23,81.99,7.83,2017-08-30,2017-09-05 16:15:23.000000,2026-08-27T05:17:09.287600+00:00,D:/D drive recovery/Shiva JH/Projects/OneLake Medallion/data/landing/2017-08-30/order_items.parquet,2017-08-30
a218ea1ed05e2375702ed63c94625b06,1,7fb04722aba7a2b632bac8f9819796f3,f3b80352b986ab4d1057a4b724be19d0,2017-09-05 22:55:15,79.0,18.79,2017-08-30,2017-09-05 22:55:15.000000,2026-08-27T05:17:09.287600+00:00,D:/D drive recovery/Shiva JH/Projects/OneLake Medallion/data/landing/2017-08-30/order_items.parquet,2017-08-30
e0f04a1acc50a7daf0cbb0654d438725,1,fc40fe8ca610260f036ecf18dd8d3b24,f5f2ab9bdb6b30c14c61be68c5ed37da,2017-09-05 18:45:18,118.9,21.32,2017-08-30,2017-09-05 18:45:18.000000,2026-08-27T05:17:09.287600+00:00,D:/D drive recovery/Shiva JH/Projects/OneLake Medallion/data/landing/2017-08-30/order_items.parquet,2017-08-30
f8d5d7ba22e58d80d291b95ac9de9f8b,1,8ee57a1f636eb2e009706bbdb0818ecc,431af27f296bc6519d890aa5a05fdb11,2017-09-05 20:04:36,39.9,3.17,2017-08-30,2017-09-05 20:04:36.000000,2026-08-27T05:17:09.287600+00:00,D:/D drive recovery/Shiva JH/Projects/OneLake Medallion/data/landing/2017-08-30/order_items.parquet,2017-08-30
f8d5d7ba22e58d80d291b95ac9de9f8b,2,3e7d7087ff8bbc0e9568b56ba3504a34,431af27f296bc6519d890aa5a05fdb11,2017-09-05 20:04:36,39.9,22.2,2017-08-30,2017-09-05 20:04:36.000000,2026-08-27T05:17:09.287600+00:00,D:/D drive recovery/Shiva JH/Projects/OneLake Medallion/data/landing/2017-08-30/order_items.parquet,2017-08-30
0ae449254770bfec75a99b8d804e5b10,1,d1c427060a0f73f6b889a5c7c61f2ac4,a1043bafd471dff536d0c462352beb48,2017-09-19 03:24:49,149.99,23.85,2017-09-11,2017-09-19 03:24:49.000000,2026-08-27T05:17:09.287600+00:00,D:/D drive recovery/Shiva JH/Projects/OneLake Medallion/data/landing/2017-09-11/order_items.parquet,2017-09-11
c2b0a01a95828a432d2f335db23e23b6,1,fcdb929c70287379ce31deed3f733d72,dd2bdf855a9172734fbc3744021ae9b9,2017-09-24 21:33:31,209.9,17.91,2017-09-11,2017-09-24 21:33:31.000000,2026-08-27T05:17:09.287600+00:00,D:/D drive recovery/Shiva JH/Projects/OneLake Medallion/data/landing/2017-09-11/order_items.parquet,2017-09-11
e169b880e5f68fbd4500941ac7107168,1,90fe2fe298ee4705129235c33958fea2,1430239a858e7682bbc43b20758af153,2017-09-15 13:35:26,39.9,14.1,2017-09-11,2017-09-15 13:35:26.000000,2026-08-27T05:17:09.287600+00:00,D:/D drive recovery/Shiva JH/Projects/OneLake Medallion/data/landing/2017-09-11/order_items.parquet,2017-09-11
ef4927f51923ddcf7b75fb84f51126b7,1,57f2bc497c1a3ebe41ba7a06d78ed159,6560211a19b47992c3666cc44a7e94c0,2017-09-17 23:43:23,55.0,7.78,2017-09-11,2017-09-17 23:43:23.000000,2026-08-27T05:17:09.287600+00:00,D:/D drive recovery/Shiva JH/Projects/OneLake Medallion/data/landing/2017-09-11/order_items.parquet,2017-09-11
fb8f03cec06678a33b2782cb3f5a9942,1,d8de812ed5d981fc6a3984f4caa2aa05,54a1852d1b8f10312c55e906355666ee,2017-09-15 14:50:32,59.99,26.96,2017-09-11,2017-09-15 14:50:32.000000,2026-08-27T05:17:09.287600+00:00,D:/D drive recovery/Shiva JH/Projects/OneLake Medallion/data/landing/2017-09-11/order_items.parquet,2017-09-11
fdafcfbadd88c33d4798432d3bcf6004,1,4b6b3a7072d549354c3743dedbf4170a,6560211a19b47992c3666cc44a7e94c0,2017-09-15 12:25:12,55.0,7.78,2017-09-11,2017-09-15 12:25:12.000000,2026-08-27T05:17:09.287600+00:00,D:/D drive recovery/Shiva JH/Projects/OneLake Medallion/data/landing/2017-09-11/order_items.parquet,2017-09-11
157b4fe03013e7a9db562091a12c2f8d,1,31596cc4bf31a702bc34ab7223a827da,4917cee8d902e13428c3ec4b1ca6f315,2017-10-04 22:30:09,139.0,28.35,2017-09-23,2017-10-04 22:30:09.000000,2026-08-27T05:17:09.287600+00:00,D:/D drive recovery/Shiva JH/Projects/OneLake Medallion/data/landing/2017-09-23/order_items.parquet,2017-09-23
4258b5bedf2331953c0b974849dd7b24,1,9df634af5c467f3b07f3d92f7765aa64,8bd0f31cf0a614c658f6763bd02dea69,2017-10-24 03:07:39,82.0,16.82,2017-10-17,2017-10-24 03:07:39.000000,2026-08-27T05:17:09.287600+00:00,D:/D drive recovery/Shiva JH/Projects/OneLake Medallion/data/landing/2017-10-17/order_items.parquet,2017-10-17
eaa99789a47020b46cb0effbc0db5c52,1,6c3effec7c8ddba466d4f03f982c7aa3,37515688008a7a40ac93e3b2e4ab203f,2017-10-25 16:35:38,19.9,15.1,2017-10-17,2017-10-25 16:35:38.000000,2026-08-27T05:17:09.287600+00:00,D:/D drive recovery/Shiva JH/Projects/OneLake Medallion/data/landing/2017-10-17/order_items.parquet,2017-10-17
f4644597165c84bebe72a057c53a0698,1,36efd30e7c14e8ed3a6557e9104112b3,96804ea39d96eb908e7c3afdb671bb9e,2017-10-23 19:35:13,49.95,25.63,2017-10-17,2017-10-23 19:35:13.000000,2026-08-27T05:17:09.287600+00:00,D:/D drive recovery/Shiva JH/Projects/OneLake Medallion/data/landing/2017-10-17/order_items.parquet,2017-10-17
f4644597165c84bebe72a057c53a0698,2,36efd30e7c14e8ed3a6557e9104112b3,96804ea39d96eb908e7c3afdb671bb9e,2017-10-23 19:35:13,49.95,25.63,2017-10-17,2017-10-23 19:35:13.000000,2026-08-27T05:17:09.287600+00:00,D:/D drive recovery/Shiva JH/Projects/OneLake Medallion/data/landing/2017-10-17/order_items.parquet,2017-10-17
f4644597165c84bebe72a057c53a0698,3,36efd30e7c14e8ed3a6557e9104112b3,96804ea39d96eb908e7c3afdb671bb9e,2017-10-23 19:35:13,49.95,25.63,2017-10-17,2017-10-23 19:35:13.000000,2026-08-27T05:17:09.287600+00:00,D:/D drive recovery/Shiva JH/Projects/OneLake Medallion/data/landing/2017-10-17/order_items.parquet,2017-10-17
f9d90a312f7c442297e418dbf9564475,1,0f1734abf5ee5d3b99353b7ccb117426,08d2d642cf72b622b14dde1d2f5eb2f5,2017-10-24 03:14:41,17.9,15.1,2017-10-17,2017-10-24 03:14:41.000000,2026-08-27T05:17:09.287600+00:00,D:/D drive recovery/Shiva JH/Projects/OneLake Medallion/data/landing/2017-10-17/order_items.parquet,2017-10-17
0286c83491d80e29a5f16c150abb76b2,1,e19ddcc85537b41f22116c8d5425ef46,8a32e327fe2c1b3511609d81aaf9f042,2017-11-03 17:06:08,29.99,7.78,2017-10-29,2017-11-03 17:06:08.000000,2026-08-27T05:17:09.287600+00:00,D:/D drive recovery/Shiva JH/Projects/OneLake Medallion/data/landing/2017-10-29/order_items.parquet,2017-10-29
418cd8f1328f8746e2483646f1d1b250,1,6fa3c1e1bd22cd9f9c3d07f0be351d38,0432ead42b6c8a0bdf68154add917fdf,2017-11-03 21:25:50,89.9,15.38,2017-10-29,2017-11-03 21:25:50.000000,2026-08-27T05:17:09.287600+00:00,D:/D drive recovery/Shiva JH/Projects/OneLake Medallion/data/landing/2017-10-29/order_items.parquet,2017-10-29
0ff7d7a45a6dc4220eab2b7aac2367d6,1,e3263eb093d88b95abce97fe0c864421,f7720c4fa8e3aba4546301ab80ea1f1b,2017-11-17 14:55:48,29.9,16.11,2017-11-10,2017-11-17 14:55:48.000000,2026-08-27T05:17:09.287600+00:00,D:/D drive recovery/Shiva JH/Projects/OneLake Medallion/data/landing/2017-11-10/order_items.parquet,2017-11-10
10444bce3a6e45509282fc392e7d7c14,1,f7cef2f234f46c6bbe98b435f9766584,2d50d6282f8aa2257819a77bfaa0efe0,2017-11-17 13:50:28,49.0,12.69,2017-11-10,2017-11-17 13:50:28.000000,2026-08-27T05:17:09.287600+00:00,D:/D drive recovery/Shiva JH/Projects/OneLake Medallion/data/landing/2017-11-10/order_items.parquet,2017-11-10
3a3b0394c09dbf1c3f658c1fbe9adc31,1,b249cf5fcf68f70e13515489f0fcb627,df560393f3a51e74553ab94004ba5c87,2017-11-24 21:50:22,79.9,17.81,2017-11-10,2017-11-24 21:50:22.000000,2026-08-27T05:17:09.287600+00:00,D:/D drive recovery/Shiva JH/Projects/OneLake Medallion/data/landing/2017-11-10/order_items.parquet,2017-11-10
53b3e2250cde35f4d38113ae5e3b8055,1,aaa09cd0acd316f7816145408dd73449,cab85505710c7cb9b720bceb52b01cee,2017-11-17 13:55:26,69.9,28.36,2017-11-10,2017-11-17 13:55:26.000000,2026-08-27T05:17:09.287600+00:00,D:/D drive recovery/Shiva JH/Projects/OneLake Medallion/data/landing/2017-11-10/order_items.parquet,2017-11-10
53b3e2250cde35f4d38113ae5e3b8055,2,2ac6c3f94b62b0d60ac5b907bdb42cd4,e5a3438891c0bfdb9394643f95273d8e,2017-11-17 13:55:26,20.3,1.98,2017-11-10,2017-11-17 13:55:26.000000,2026-08-27T05:17:09.287600+00:00,D:/D drive recovery/Shiva JH/Projects/OneLake Medallion/data/landing/2017-11-10/order_items.parquet,2017-11-10
8667d8b065b72f775a46212c6170fde2,1,96569e968da124eb728f96aa8700b75b,41b39e28db005d9731d9d485a83b4c38,2017-11-17 19:50:34,39.9,28.75,2017-11-10,2017-11-17 19:50:34.000000,2026-08-27T05:17:09.287600+00:00,D:/D drive recovery/Shiva JH/Projects/OneLake Medallion/data/landing/2017-11-10/order_items.parquet,2017-11-10
a54f35a6dfb350a13c6410aa276e52d8,1,53b36df67ebb7c41585e8d54d6772e08,4869f7a5dfa277a7dca6462dcf3b52b2,2017-11-17 10:46:50,133.0,16.56,2017-11-10,2017-11-17 10:46:50.000000,2026-08-27T05:17:09.287600+00:00,D:/D drive recovery/Shiva JH/Projects/OneLake Medallion/data/landing/2017-11-10/order_items.parquet,2017-11-10
63d0e1d41c99fb9deaabffa058aeeace,1,bace90a7338e9d31371ad47811cf4c7d,1a3df491d1c4f1589fc2b934ada68bf2,2017-11-30 02:37:28,89.0,14.49,2017-11-22,2017-11-30 02:37:28.000000,2026-08-27T05:17:09.287600+00:00,D:/D drive recovery/Shiva JH/Projects/OneLake Medallion/data/landing/2017-11-22/order_items.parquet,2017-11-22
968cb4fb4acbc42bc8ad87fc3caba34d,1,e6d3e381889aa6e9d222ad50cb30ac43,4869f7a5dfa277a7dca6462dcf3b52b2,2017-11-30 10:26:27,210.9,17.24,2017-11-22,2017-11-30 10:26:27.000000,2026-08-27T05:17:09.287600+00:00,D:/D drive recovery/Shiva JH/Projects/OneLake Medallion/data/landing/2017-11-22/order_items.parquet,2017-11-22
dbfc85111e9812da1a864f78aaf6d282,1,9e10eb05d9f369d5c38c475425cc2ee9,1ca7077d890b907f89be8c954a02686a,2017-11-28 12:06:30,35.0,7.78,2017-11-22,2017-11-28 12:06:30.000000,2026-08-27T05:17:09.287600+00:00,D:/D drive recovery/Shiva JH/Projects/OneLake Medallion/data/landing/2017-11-22/order_items.parquet,2017-11-22
f907eb5eddb04b68f52bbba38b075e8d,1,fdde5bfe43004cc06f12152870b951f4,620c87c171fb2a6dd6e8bb4dec959fc6,2017-11-28 08:06:50,369.9,18.35,2017-11-22,2017-11-28 08:06:50.000000,2026-08-27T05:17:09.287600+00:00,D:/D drive recovery/Shiva JH/Projects/OneLake Medallion/data/landing/2017-11-22/order_items.parquet,2017-11-22
11da60acfcd7ff313e1ef9c2f86029b9,1,e53e557d5a159f5aa2c5e995dfdf244b,88460e8ebdecbfecb5f9601833981930,2017-12-08 16:06:14,109.9,12.9,2017-12-04,2017-12-08 16:06:14.000000,2026-08-27T05:17:09.287600+00:00,D:/D drive recovery/Shiva JH/Projects/OneLake Medallion/data/landing/2017-12-04/order_items.parquet,2017-12-04
1cfb210fdaf81f98065605323fe31fa3,1,fb55982be901439613a95940feefd9ee,3d871de0142ce09b7081e2b9d1733cb1,2017-12-08 17:08:29,79.0,17.8,2017-12-04,2017-12-08 17:08:29.000000,2026-08-27T05:17:09.287600+00:00,D:/D drive recovery/Shiva JH/Projects/OneLake Medallion/data/landing/2017-12-04/order_items.parquet,2017-12-04
32246337a2acef34f1c9b793e13032d5,1,30ac6df06dc59ad72cf2f158fc2d904c,0dd184061fb0eaa7ca37932c68ab91c5,2017-12-08 19:30:18,94.0,14.26,2017-12-04,2017-12-08 19:30:18.000000,2026-08-27T05:17:09.287600+00:00,D:/D drive recovery/Shiva JH/Projects/OneLake Medallion/data/landing/2017-12-04/order_items.parquet,2017-12-04
6ea1f20d81136864e6e10ac9cce17901,1,7c1bd920dbdf22470b68bde975dd3ccf,cc419e0650a3c5ba77189a1882b7556a,2017-12-13 07:13:52,58.99,20.81,2017-12-04,2017-12-13 07:13:52.000000,2026-08-27T05:17:09.287600+00:00,D:/D drive recovery/Shiva JH/Projects/OneLake Medallion/data/landing/2017-12-04/order_items.parquet,2017-12-04
774398c3ac79463f502a2fff60e2518f,1,5a848e4ab52fd5445cdc07aab1c40e48,c826c40d7b19f62a09e2d7c5e7295ee2,2017-12-12 02:39:31,122.99,9.06,2017-12-04,2017-12-12 02:39:31.000000,2026-08-27T05:17:09.287600+00:00,D:/D drive recovery/Shiva JH/Projects/OneLake Medallion/data/landing/2017-12-04/order_items.parquet,2017-12-04
78ff4e2150a4d62c899729924518c667,1,95b5840b09c3e9adc94a0f6bc783f4ef,113e3a788b935f48aad63e1c41dac1bd,2017-12-12 17:07:57,9.32,15.1,2017-12-04,2017-12-12 17:07:57.000000,2026-08-27T05:17:09.287600+00:00,D:/D drive recovery/Shiva JH/Projects/OneLake Medallion/data/landing/2017-12-04/order_items.parquet,2017-12-04
9dc439a9d732ca991174a53f114c3cde,1,41150780d8eb1857e9575c5e3c23c0f0,2528513dd95219a6013d4d05176e391a,2017-12-12 02:50:37,199.0,12.6,2017-12-04,2017-12-12 02:50:37.000000,2026-08-27T05:17:09.287600+00:00,D:/D drive recovery/Shiva JH/Projects/OneLake Medallion/data/landing/2017-12-04/order_items.parquet,2017-12-04
ac9c563c1293db37e4a035f8ee3763db,1,fc5c33cddd49638580cfe9fec90aa943,a425f92c199eb576938df686728acd20,2017-12-14 16:48:39,85.0,15.34,2017-12-04,2017-12-14 16:48:39.000000,2026-08-27T05:17:09.287600+00:00,D:/D drive recovery/Shiva JH/Projects/OneLake Medallion/data/landing/2017-12-04/order_items.parquet,2017-12-04
fbf9b050c89a7d7447452338455c8c0b,1,90f97298579cd20412fdcc9b7a2d4b6b,a3dd39f583bc80bd8c5901c95878921e,2017-12-08 17:41:19,119.9,27.69,2017-12-04,2017-12-08 17:41:19.000000,2026-08-27T05:17:09.287600+00:00,D:/D drive recovery/Shiva JH/Projects/OneLake Medallion/data/landing/2017-12-04/order_items.parquet,2017-12-04
fe9eb7fc7765ab4b09f817fda0b63089,1,11c3ff6555092bf425ea842a023a7809,bfd27a966d91cfaafdb25d076585f0da,2017-12-08 17:07:11,99.0,21.18,2017-12-04,2017-12-08 17:07:11.000000,2026-08-27T05:17:09.287600+00:00,D:/D drive recovery/Shiva JH/Projects/OneLake Medallion/data/landing/2017-12-04/order_items.parquet,2017-12-04
0374e57efce00e3004e93acd6310c58f,1,5b226d7c52f86ac72457617f78cff95d,1835b56ce799e6a4dc4eddc053f04066,2017-12-21 12:31:39,56.99,9.94,2017-12-16,2017-12-21 12:31:39.000000,2026-08-27T05:17:09.287600+00:00,D:/D drive recovery/Shiva JH/Projects/OneLake Medallion/data/landing/2017-12-16/order_items.parquet,2017-12-16
274a1c50ff2991f27b21bd8465c43882,1,317a06884480d645d7f0bc82455ec277,974cf2cb8f4b7add98709c30df02fe10,2017-12-26 09:50:56,79.99,16.32,2017-12-16,2017-12-26 09:50:56.000000,2026-08-27T05:17:09.287600+00:00,D:/D drive recovery/Shiva JH/Projects/OneLake Medallion/data/landing/2017-12-16/order_items.parquet,2017-12-16
4faeccf035f43d918905b68a474d4c47,1,e6609e94d7b022fd6abf6142401618f9,e5a3438891c0bfdb9394643f95273d8e,2017-12-21 21:15:23,33.6,11.85,2017-12-16,2017-12-21 21:15:23.000000,2026-08-27T05:17:09.287600+00:00,D:/D drive recovery/Shiva JH/Projects/OneLake Medallion/data/landing/2017-12-16/order_items.parquet,2017-12-16
2718df8b2c0fc264750dd28232e31eff,1,83d199d296c44101c8c3b5c9c0cce9ea,850f4f8af5ea87287ac68de36e29107f,2018-01-05 02:09:32,69.99,15.25,2017-12-28,2018-01-05 02:09:32.000000,2026-08-27T05:17:09.287600+00:00,D:/D drive recovery/Shiva JH/Projects/OneLake Medallion/data/landing/2017-12-28/order_items.parquet,2017-12-28
62f85456fc470d391e292c649d8f0124,1,487fb870bc96e50a68b9428f30649c72,e49c26c3edfa46d227d5121a6b6e4d37,2018-01-05 08:27:31,109.99,34.57,2017-12-28,2018-01-05 08:27:31.000000,2026-08-27T05:17:09.287600+00:00,D:/D drive recovery/Shiva JH/Projects/OneLake Medallion/data/landing/2017-12-28/order_items.parquet,2017-12-28
ca5806ea7cd456a6c3ec4e7591331402,1,2515eea3c60c67ecbb38b2f6b72733a3,aafe36600ce604f205b86b5084d3d767,2018-01-04 17:08:20,100.0,17.95,2017-12-28,2018-01-04 17:08:20.000000,2026-08-27T05:17:09.287600+00:00,D:/D drive recovery/Shiva JH/Projects/OneLake Medallion/data/landing/2017-12-28/order_items.parquet,2017-12-28
01015fb6493ea5b9ba105c80b5452da1,1,93a99b40878c0d888fa4f44459fcac05,f61c63d13f7cd800549d5acdd390ae72,2018-01-15 21:12:21,8.0,11.85,2018-01-09,2018-01-15 21:12:21.000000,2026-08-27T05:17:09.287600+00:00,D:/D drive recovery/Shiva JH/Projects/OneLake Medallion/data/landing/2018-01-09/order_items.parquet,2018-01-09
359015301bc32c8897957246a4b11621,1,54d9ac713e253fa1fae9c8003b011c2a,955fee9216a65b617aa5c0531780ce60,2018-01-16 03:37:55,29.5,13.08,2018-01-09,2018-01-16 03:37:55.000000,2026-08-27T05:17:09.287600+00:00,D:/D drive recovery/Shiva JH/Projects/OneLake Medallion/data/landing/2018-01-09/order_items.parquet,2018-01-09
5678a93db2ffe2111a1b3224911aa1c2,1,72d3bf1d3a790f8874096fcf860e3eff,0bae85eb84b9fb3bd773911e89288d54,2018-01-16 03:32:34,38.25,16.11,2018-01-09,2018-01-16 03:32:34.000000,2026-08-27T05:17:09.287600+00:00,D:/D drive recovery/Shiva JH/Projects/OneLake Medallion/data/landing/2018-01-09/order_items.parquet,2018-01-09
d79ddb434f71cfac3f5307ba5bed7fa4,1,5411e9269501a870cabf632f05655131,3d871de0142ce09b7081e2b9d1733cb1,2018-01-18 09:48:56,129.0,13.92,2018-01-09,2018-01-18 09:48:56.000000,2026-08-27T05:17:09.287600+00:00,D:/D drive recovery/Shiva JH/Projects/OneLake Medallion/data/landing/2018-01-09/order_items.parquet,2018-01-09
fc85b94eb688b0abb29954cf6354c1bc,1,f3c5707e7c539ab6533e3611da02b648,d1c281d3ae149232351cd8c8cc885f0d,2018-01-18 09:31:21,160.99,21.62,2018-01-09,2018-01-18 09:31:21.000000,2026-08-27T05:17:09.287600+00:00,D:/D drive recovery/Shiva JH/Projects/OneLake Medallion/data/landing/2018-01-09/order_items.parquet,2018-01-09
12c35cf2a5171b0fb8e19d60abcb9353,1,0f398da178a64533d9576940656d23cb,41b39e28db005d9731d9d485a83b4c38,2018-01-26 14:03:12,139.9,13.6,2018-01-21,2018-01-26 14:03:12.000000,2026-08-27T05:17:09.287600+00:00,D:/D drive recovery/Shiva JH/Projects/OneLake Medallion/data/landing/2018-01-21/order_items.parquet,2018-01-21
689338a5ff7fc20c596ee2695dfac8c3,1,389d119b48cf3043d311335e499d9c6b,1f50f920176fa81dab994f9023523100,2018-01-30 08:31:52,49.9,13.37,2018-01-21,2018-01-30 08:31:52.000000,2026-08-27T05:17:09.287600+00:00,D:/D drive recovery/Shiva JH/Projects/OneLake Medallion/data/landing/2018-01-21/order_items.parquet,2018-01-21
7897a2eebb3941ae97159cb88f65cb1c,1,b36f3c918c91478c4559160022d3f14e,1ca7077d890b907f89be8c954a02686a,2018-01-26 14:03:02,150.0,8.3,2018-01-21,2018-01-26 14:03:02.000000,2026-08-27T05:17:09.287600+00:00,D:/D drive recovery/Shiva JH/Projects/OneLake Medallion/data/landing/2018-01-21/order_items.parquet,2018-01-21
f2fe1323701bf698117de51d28425ee2,1,2e0ce433616916840a405d0853407af8,897060da8b9a21f655304d50fd935913,2018-01-26 21:14:23,25.9,15.1,2018-01-21,2018-01-26 21:14:23.000000,2026-08-27T05:17:09.287600+00:00,D:/D drive recovery/Shiva JH/Projects/OneLake Medallion/data/landing/2018-01-21/order_items.parquet,2018-01-21
2f313baa6fdec2fc305719ee717b26a2,1,b497d0032ea073dd58bbd2d7809d25b3,4e922959ae960d389249c378d1c939f5,2018-02-08 11:15:30,99.0,16.45,2018-02-02,2018-02-08 11:15:30.000000,2026-08-27T05:17:09.287600+00:00,D:/D drive recovery/Shiva JH/Projects/OneLake Medallion/data/landing/2018-02-02/order_items.parquet,2018-02-02
14fa05104e2d0b8b2fc25c074c5740fb,1,385a33a408e9c35c9fbc2025c12f3784,1c68394e931a64f90ea236c5ea590300,2018-02-26 13:20:23,95.15,12.8,2018-02-14,2018-02-26 13:20:23.000000,2026-08-27T05:17:09.287600+00:00,D:/D drive recovery/Shiva JH/Projects/OneLake Medallion/data/landing/2018-02-14/order_items.parquet,2018-02-14
69ab938f05d407e090b2620357ad4103,1,1046440f587e8b22c047de8ab39095dc,a420f60ff1aa9acc80d0e42959f2b313,2018-02-22 14:30:37,74.5,17.77,2018-02-14,2018-02-22 14:30:37.000000,2026-08-27T05:17:09.287600+00:00,D:/D drive recovery/Shiva JH/Projects/OneLake Medallion/data/landing/2018-02-14/order_items.parquet,2018-02-14
adc82913f73b2513bb3e1d039abac600,1,1a4231697a4cb8eda8d5f1eb97e85733,8d956fec2e4337affcb520f56fd8cbfd,2018-02-20 23:09:04,39.99,14.1,2018-02-14,2018-02-20 23:09:04.000000,2026-08-27T05:17:09.287600+00:00,D:/D drive recovery/Shiva JH/Projects/OneLake Medallion/data/landing/2018-02-14/order_items.parquet,2018-02-14
ea8458d25568c5313d501ba2b21c68f0,1,16bf176650a888512655cc94f61860e3,6560211a19b47992c3666cc44a7e94c0,2018-02-20 14:08:10,39.0,7.78,2018-02-14,2018-02-20 14:08:10.000000,2026-08-27T05:17:09.287600+00:00,D:/D drive recovery/Shiva JH/Projects/OneLake Medallion/data/landing/2018-02-14/order_items.parquet,2018-02-14
f280cc89e43c0261d95d1ee72a78cb8b,1,422879e10f46682990de24d770e7f83d,1f50f920176fa81dab994f9023523100,2018-02-20 23:31:44,49.9,17.6,2018-02-14,2018-02-20 23:31:44.000000,2026-08-27T05:17:09.287600+00:00,D:/D drive recovery/Shiva JH/Projects/OneLake Medallion/data/landing/2018-02-14/order_items.parquet,2018-02-14
397fc3f6922c5bc66bbb9701bd117b6d,1,a22e92e1c32bdf3db91e0170a8b18408,b32be1695eb7ec5f10f72d9610a12527,2018-03-02 13:49:44,299.0,30.49,2018-02-26,2018-03-02 13:49:44.000000,2026-08-27T05:17:09.287600+00:00,D:/D drive recovery/Shiva JH/Projects/OneLake Medallion/data/landing/2018-02-26/order_items.parquet,2018-02-26
66f590d82872f3771232770be92a8d0d,1,167b4b8c4bd0c401bea62f5e050d70a4,25c5c91f63607446a97b143d2d535d31,2018-03-14 04:11:33,149.0,16.8,2018-02-26,2018-03-14 04:11:33.000000,2026-08-27T05:17:09.287600+00:00,D:/D drive recovery/Shiva JH/Projects/OneLake Medallion/data/landing/2018-02-26/order_items.parquet,2018-02-26
6c9931ec5709dc11de12410eb483b101,1,722dc14e0848efdb771dca6de2929c41,7178f9f4dd81dcef02f62acdf8151e01,2018-03-07 17:15:38,79.0,16.99,2018-02-26,2018-03-07 17:15:38.000000,2026-08-27T05:17:09.287600+00:00,D:/D drive recovery/Shiva JH/Projects/OneLake Medallion/data/landing/2018-02-26/order_items.parquet,2018-02-26
6fb61aa0a0b7b2095b397d85d36693c5,1,7614c62b86a81021243e438cfde78ccc,900ba814c251a692506d7834c1218441,2018-03-02 10:31:12,503.34,47.98,2018-02-26,2018-03-02 10:31:12.000000,2026-08-27T05:17:09.287600+00:00,D:/D drive recovery/Shiva JH/Projects/OneLake Medallion/data/landing/2018-02-26/order_items.parquet,2018-02-26
a67c02dc9c53a5bae76418bff0a534cf,1,f49e985b4cb2d0543890d6dd00077663,f62d7bb4a613ec758a03342d46b580b2,2018-03-05 19:15:20,750.0,43.09,2018-02-26,2018-03-05 19:15:20.000000,2026-08-27T05:17:09.287600+00:00,D:/D drive recovery/Shiva JH/Projects/OneLake Medallion/data/landing/2018-02-26/order_items.parquet,2018-02-26
e842dc26adcaa67fb96f4e32c2cf97cc,1,473795a355d29305c3ea6b156833adf5,620c87c171fb2a6dd6e8bb4dec959fc6,2018-03-02 14:00:27,55.9,16.83,2018-02-26,2018-03-02 14:00:27.000000,2026-08-27T05:17:09.287600+00:00,D:/D drive recovery/Shiva JH/Projects/OneLake Medallion/data/landing/2018-02-26/order_items.parquet,2018-02-26
eb28e3c93a2ce51b1e6a9a92b3f032bf,1,f7b39dca4a425dcfd4a8b0b0aac4b7c0,2a7dc43cecabf23403078e2188437d1d,2018-03-02 19:30:54,59.9,17.0,2018-02-26,2018-03-02 19:30:54.000000,2026-08-27T05:17:09.287600+00:00,D:/D drive recovery/Shiva JH/Projects/OneLake Medallion/data/landing/2018-02-26/order_items.parquet,2018-02-26
ef161f48adcaeede5920308df1c280b6,1,59b47581b7ba51a62bf9c3dd4fef36fd,955fee9216a65b617aa5c0531780ce60,2018-03-02 11:55:58,180.0,18.51,2018-02-26,2018-03-02 11:55:58.000000,2026-08-27T05:17:09.287600+00:00,D:/D drive recovery/Shiva JH/Projects/OneLake Medallion/data/landing/2018-02-26/order_items.parquet,2018-02-26
0032d07457ae9c806c79368d7d9ce96b,1,08279c494018541f71443c07d77560f8,e333046ce6517bd8bb510291d44f0130,2018-03-15 19:28:51,159.0,27.19,2018-03-10,2018-03-15 19:28:51.000000,2026-08-27T05:17:09.287600+00:00,D:/D drive recovery/Shiva JH/Projects/OneLake Medallion/data/landing/2018-03-10/order_items.parquet,2018-03-10
3e227762960a48c16959bed012a17b30,1,16cb37c8d7713ae295b4c1a92a3f338c,2f4b0d3b9634b647d4edee577d7ebb7e,2018-03-15 10:28:16,34.9,7.39,2018-03-10,2018-03-15 10:28:16.000000,2026-08-27T05:17:09.287600+00:00,D:/D drive recovery/Shiva JH/Projects/OneLake Medallion/data/landing/2018-03-10/order_items.parquet,2018-03-10
68a6bc33c20d0ac617d2ebc6bba91b60,1,2ffdf10e724b958c0f7ea69e97d32f64,4869f7a5dfa277a7dca6462dcf3b52b2,2018-03-15 18:15:25,224.0,19.45,2018-03-10,2018-03-15 18:15:25.000000,2026-08-27T05:17:09.287600+00:00,D:/D drive recovery/Shiva JH/Projects/OneLake Medallion/data/landing/2018-03-10/order_items.parquet,2018-03-10
76098ff18bad7555c2d85340e82b8941,1,37116a322ceabbe82c30430000af0db3,d1c281d3ae149232351cd8c8cc885f0d,2018-03-16 00:27:54,17.99,19.32,2018-03-10,2018-03-16 00:27:54.000000,2026-08-27T05:17:09.287600+00:00,D:/D drive recovery/Shiva JH/Projects/OneLake Medallion/data/landing/2018-03-10/order_items.parquet,2018-03-10
d2f4bbcf8e2d36f9e13fba6a75c7269a,1,030f129f7f4681d3996e2531840057af,1dfe5347016252a7884b694d4f10f5c4,2018-03-15 20:31:16,60.0,13.78,2018-03-10,2018-03-15 20:31:16.000000,2026-08-27T05:17:09.287600+00:00,D:/D drive recovery/Shiva JH/Projects/OneLake Medallion/data/landing/2018-03-10/order_items.parquet,2018-03-10
f0c53ca3e5e7561fb1ff79116340d113,1,4fcb3d9a5f4871e8362dfedbdb02b064,8581055ce74af1daba164fdbd55a40de,2018-03-14 23:30:22,143.8,15.91,2018-03-10,2018-03-14 23:30:22.000000,2026-08-27T05:17:09.287600+00:00,D:/D drive recovery/Shiva JH/Projects/OneLake Medallion/data/landing/2018-03-10/order_items.parquet,2018-03-10
226dbf042352f0f381239e29ddcb301e,1,05d0558798a718f6f4658acd8b0e65e1,17908cf9b444ee34047cadd5c0f4a516,2018-03-29 11:35:25,115.0,47.25,2018-03-22,2018-03-29 11:35:25.000000,2026-08-27T05:17:09.287600+00:00,D:/D drive recovery/Shiva JH/Projects/OneLake Medallion/data/landing/2018-03-22/order_items.parquet,2018-03-22
7421a871e3fe41d29fd7dcc9b3be5544,1,8b3fe8c89624abf9d932b87faae6b587,32b8764b4ef628b53608fc34011fcc13,2018-03-28 23:50:22,149.0,18.92,2018-03-22,2018-03-28 23:50:22.000000,2026-08-27T05:17:09.287600+00:00,D:/D drive recovery/Shiva JH/Projects/OneLake Medallion/data/landing/2018-03-22/order_items.parquet,2018-03-22
a3196fcf306076770911dcf50b642454,1,437c05a395e9e47f9762e677a7068ce7,f84fa566034f5e8e880a07ec624c56af,2018-03-28 22:10:46,47.65,18.23,2018-03-22,2018-03-28 22:10:46.000000,2026-08-27T05:17:09.287600+00:00,D:/D drive recovery/Shiva JH/Projects/OneLake Medallion/data/landing/2018-03-22/order_items.parquet,2018-03-22
a3196fcf306076770911dcf50b642454,2,437c05a395e9e47f9762e677a7068ce7,f84fa566034f5e8e880a07ec624c56af,2018-03-28 22:10:46,47.65,18.23,2018-03-22,2018-03-28 22:10:46.000000,2026-08-27T05:17:09.287600+00:00,D:/D drive recovery/Shiva JH/Projects/OneLake Medallion/data/landing/2018-03-22/order_items.parquet,2018-03-22
342f80dffbb78439bbdb1d94b8ee09da,1,d4e8f0258fc25c199ade899a87a8f664,17a053fcb14bd219540cbde0df490be0,2018-04-11 02:30:15,499.9,38.64,2018-04-03,2018-04-11 02:30:15.000000,2026-08-27T05:17:09.287600+00:00,D:/D drive recovery/Shiva JH/Projects/OneLake Medallion/data/landing/2018-04-03/order_items.parquet,2018-04-03
363db2084f02a7975229da39cd0ca573,1,7f4e034245e45549110139d1de248f83,4b9750c8ad28220fe6702d4ecb7c898f,2018-04-10 23:10:15,48.9,9.26,2018-04-03,2018-04-10 23:10:15.000000,2026-08-27T05:17:09.287600+00:00,D:/D drive recovery/Shiva JH/Projects/OneLake Medallion/data/landing/2018-04-03/order_items.parquet,2018-04-03
3eaf0488f419dab6c6d582b1d28ab37e,1,423a6644f0aa529e8828ff1f91003690,e59aa562b9f8076dd550fcddf0e73491,2018-04-09 20:29:09,465.0,34.64,2018-04-03,2018-04-09 20:29:09.000000,2026-08-27T05:17:09.287600+00:00,D:/D drive recovery/Shiva JH/Projects/OneLake Medallion/data/landing/2018-04-03/order_items.parquet,2018-04-03
3f319eb09e31aa1ea2a4079bdd655c62,1,a26401cdab37b65e545c1d3c6cf78829,d9a84e1403de8da0c3aa531d6d108ba6,2018-04-09 22:35:13,36.3,7.39,2018-04-03,2018-04-09 22:35:13.000000,2026-08-27T05:17:09.287600+00:00,D:/D drive recovery/Shiva JH/Projects/OneLake Medallion/data/landing/2018-04-03/order_items.parquet,2018-04-03
875e51f9d6e1c16b9c8efd34fce58b13,1,5f4717c32cb957e5faf8d9271dce3fd5,e9779976487b77c6d4ac45f75ec7afe9,2018-04-09 20:49:10,23.49,7.87,2018-04-03,2018-04-09 20:49:10.000000,2026-08-27T05:17:09.287600+00:00,D:/D drive recovery/Shiva JH/Projects/OneLake Medallion/data/landing/2018-04-03/order_items.parquet,2018-04-03
895e066de0072faddf0044db8e490353,1,b2e22c958b453a43a650a579dcac2e43,d650b663c3b5f6fb392b6326366efa9a,2018-04-10 09:48:58,359.0,17.39,2018-04-03,2018-04-10 09:48:58.000000,2026-08-27T05:17:09.287600+00:00,D:/D drive recovery/Shiva JH/Projects/OneLake Medallion/data/landing/2018-04-03/order_items.parquet,2018-04-03
ce8cdf8291104b56565b8e6c6fb62901,1,cac9e5692471a0700418aa3400b9b2b1,7ea5bfa6c340f58f8e71fc1f0412b0d6,2018-04-09 20:49:16,115.0,15.69,2018-04-03,2018-04-09 20:49:16.000000,2026-08-27T05:17:09.287600+00:00,D:/D drive recovery/Shiva JH/Projects/OneLake Medallion/data/landing/2018-04-03/order_items.parquet,2018-04-03
0fec5b52f7f6c1e7b725c742a8bdf7d4,1,b0e3993f15923db74f7aea09b8043717,9596c870880d900012f2e8e6e30d06d7,2018-04-23 05:50:27,121.9,111.38,2018-04-15,2018-04-23 05:50:27.000000,2026-08-27T05:17:09.287600+00:00,D:/D drive recovery/Shiva JH/Projects/OneLake Medallion/data/landing/2018-04-15/order_items.parquet,2018-04-15
0fec5b52f7f6c1e7b725c742a8bdf7d4,2,b0e3993f15923db74f7aea09b8043717,9596c870880d900012f2e8e6e30d06d7,2018-04-23 05:50:27,121.9,111.38,2018-04-15,2018-04-23 05:50:27.000000,2026-08-27T05:17:09.287600+00:00,D:/D drive recovery/Shiva JH/Projects/OneLake Medallion/data/landing/2018-04-15/order_items.parquet,2018-04-15
0fec5b52f7f6c1e7b725c742a8bdf7d4,3,b0e3993f15923db74f7aea09b8043717,9596c870880d900012f2e8e6e30d06d7,2018-04-23 05:50:27,121.9,111.38,2018-04-15,2018-04-23 05:50:27.000000,2026-08-27T05:17:09.287600+00:00,D:/D drive recovery/Shiva JH/Projects/OneLake Medallion/data/landing/2018-04-15/order_items.parquet,2018-04-15
1c11b1c44ff1f6059f4fdf48bacf3e82,1,87a71ae93900ab55fcf685c8040769b3,8b321bb669392f5163d04c59e235e066,2018-04-19 17:15:11,12.9,7.39,2018-04-15,2018-04-19 17:15:11.000000,2026-08-27T05:17:09.287600+00:00,D:/D drive recovery/Shiva JH/Projects/OneLake Medallion/data/landing/2018-04-15/order_items.parquet,2018-04-15
2b7737f7accfb9e2ee360963a202eaf3,1,d7d5562fce331ad958ca6f57057b3526,7a67c85e85bb2ce8582c35f2203ad736,2018-04-23 05:55:46,65.99,23.04,2018-04-15,2018-04-23 05:55:46.000000,2026-08-27T05:17:09.287600+00:00,D:/D drive recovery/Shiva JH/Projects/OneLake Medallion/data/landing/2018-04-15/order_items.parquet,2018-04-15
b5946695c1837e21323da65699b4e187,1,ae28fd7a149b08a60309551e235d56f4,b18dc380845b24038cfc48006478f099,2018-04-20 18:50:58,44.89,20.4,2018-04-15,2018-04-20 18:50:58.000000,2026-08-27T05:17:09.287600+00:00,D:/D drive recovery/Shiva JH/Projects/OneLake Medallion/data/landing/2018-04-15/order_items.parquet,2018-04-15
b6fbeeba8ce77342619aa0311aff42d3,1,94475071013412139f862c0bd7e3bb37,955fee9216a65b617aa5c0531780ce60,2018-04-19 17:50:53,39.99,14.16,2018-04-15,2018-04-19 17:50:53.000000,2026-08-27T05:17:09.287600+00:00,D:/D drive recovery/Shiva JH/Projects/OneLake Medallion/data/landing/2018-04-15/order_items.parquet,2018-04-15
c96fbf82fa852856858765ef154a0918,1,a59fb60fddcc72a9878b7ed5cb69d8e4,7040e82f899a04d1b434b795a43b4617,2018-04-19 20:55:37,14.9,15.23,2018-04-15,2018-04-19 20:55:37.000000,2026-08-27T05:17:09.287600+00:00,D:/D drive recovery/Shiva JH/Projects/OneLake Medallion/data/landing/2018-04-15/order_items.parquet,2018-04-15
d4ccce5bb74fa1b913fefb501f0d63b5,1,aca2eb7d00ea1a7b8ebd4e68314663af,955fee9216a65b617aa5c0531780ce60,2018-04-19 20:30:26,69.9,20.06,2018-04-15,2018-04-19 20:30:26.000000,2026-08-27T05:17:09.287600+00:00,D:/D drive recovery/Shiva JH/Projects/OneLake Medallion/data/landing/2018-04-15/order_items.parquet,2018-04-15
0487e06921e4ff31dd6c111294e130fa,1,f67ad6b3366ae186b8d29087e6d5ebd0,16090f2ca825584b5a147ab24aa30c86,2018-05-07 05:55:17,28.0,7.87,2018-04-27,2018-05-07 05:55:17.000000,2026-08-27T05:17:09.287600+00:00,D:/D drive recovery/Shiva JH/Projects/OneLake Medallion/data/landing/2018-04-27/order_items.parquet,2018-04-27
1edb4efa70d2b132ba169e874a344588,1,ce64708328e978e92d475585d394d9dd,d566c37fa119d5e66c4e9052e83ee4ea,2018-05-03 22:30:37,295.9,10.43,2018-04-27,2018-05-03 22:30:37.000000,2026-08-27T05:17:09.287600+00:00,D:/D drive recovery/Shiva JH/Projects/OneLake Medallion/data/landing/2018-04-27/order_items.parquet,2018-04-27
50089a9784f34a308dc31a939b4b6b1b,1,461f43be3bdf8844e65b62d9ac2c7a5a,7d13fca15225358621be4086e1eb0964,2018-05-03 23:30:48,115.0,18.69,2018-04-27,2018-05-03 23:30:48.000000,2026-08-27T05:17:09.287600+00:00,D:/D drive recovery/Shiva JH/Projects/OneLake Medallion/data/landing/2018-04-27/order_items.parquet,2018-04-27
bcff2428bc8dfd4dc25021c9b39ac885,1,4487261e208ce5d3a8d1a997ccd99dcf,259f7b5e6e482c230e5bfaa670b6bb8f,2018-05-03 22:55:14,57.9,11.15,2018-04-27,2018-05-03 22:55:14.000000,2026-08-27T05:17:09.287600+00:00,D:/D drive recovery/Shiva JH/Projects/OneLake Medallion/data/landing/2018-04-27/order_items.parquet,2018-04-27
c4013cb5a6fe10b85e1483166d5ce1dc,1,91846781ef75057e134949400768e272,530ec6109d11eaaf87999465c6afee01,2018-05-04 03:11:13,129.9,27.64,2018-04-27,2018-05-04 03:11:13.000000,2026-08-27T05:17:09.287600+00:00,D:/D drive recovery/Shiva JH/Projects/OneLake Medallion/data/landing/2018-04-27/order_items.parquet,2018-04-27
25273b22ff54701a1030f32669e15d07,1,928dde0ef8b516ca002e8fd8ff0d8e17,95e03ca3d4146e4011985981aeb959b9,2018-05-13 22:30:42,29.9,7.55,2018-05-09,2018-05-13 22:30:42.000000,2026-08-27T05:17:09.287600+00:00,D:/D drive recovery/Shiva JH/Projects/OneLake Medallion/data/landing/2018-05-09/order_items.parquet,2018-05-09
31757b95c65bd61af1af6d30103b64cf,1,7fb04722aba7a2b632bac8f9819796f3,f3b80352b986ab4d1057a4b724be19d0,2018-05-16 14:30:51,90.0,14.05,2018-05-09,2018-05-16 14:30:51.000000,2026-08-27T05:17:09.287600+00:00,D:/D drive recovery/Shiva JH/Projects/OneLake Medallion/data/landing/2018-05-09/order_items.parquet,2018-05-09
6a89044b7b034fd457b29972e9c1de95,1,562970ce0462981e1699d50878a10450,0bae85eb84b9fb3bd773911e89288d54,2018-05-11 18:54:13,49.99,23.28,2018-05-09,2018-05-11 18:54:13.000000,2026-08-27T05:17:09.287600+00:00,D:/D drive recovery/Shiva JH/Projects/OneLake Medallion/data/landing/2018-05-09/order_items.parquet,2018-05-09
6aee55e0d891d50d5235891f90c938c8,1,5f0a49e6e539d4e186eeddfd69db9863,c9e5ad1f6647f5dbd1172adf6ae3cada,2018-05-16 03:49:54,68.85,7.71,2018-05-09,2018-05-16 03:49:54.000000,2026-08-27T05:17:09.287600+00:00,D:/D drive recovery/Shiva JH/Projects/OneLake Medallion/data/landing/2018-05-09/order_items.parquet,2018-05-09
920660e6627be7877e8f70d72c8e398e,1,ecab3fa721d1b06c225f23c30f02eb5e,e9779976487b77c6d4ac45f75ec7afe9,2018-05-16 14:15:08,159.49,13.56,2018-05-09,2018-05-16 14:15:08.000000,2026-08-27T05:17:09.287600+00:00,D:/D drive recovery/Shiva JH/Projects/OneLake Medallion/data/landing/2018-05-09/order_items.parquet,2018-05-09
a3a97bc6e236d5351537c8f466c34dad,1,7c77aa8ae608782aac8e7728acff92fb,dd7ddc04e1b6c2c614352b383efe2d36,2018-05-15 15:31:32,19.99,14.44,2018-05-09,2018-05-15 15:31:32.000000,2026-08-27T05:17:09.287600+00:00,D:/D drive recovery/Shiva JH/Projects/OneLake Medallion/data/landing/2018-05-09/order_items.parquet,2018-05-09
c4b9744b03d4c89b98b6847ef0b04321,1,dab2413ead0edda9967edbc9bda2a64e,562fc2f2c2863ab7e79a9e4388a58a14,2018-05-15 09:35:27,29.99,12.76,2018-05-09,2018-05-15 09:35:27.000000,2026-08-27T05:17:09.287600+00:00,D:/D drive recovery/Shiva JH/Projects/OneLake Medallion/data/landing/2018-05-09/order_items.parquet,2018-05-09
cbcd88d04afac8b9bfc8e6d7a7f6e491,1,ec72556b5da399d24fe06338e816a9ac,fd386aa7bed2af3c7035c65506c9b4a3,2018-05-15 03:31:56,68.0,8.29,2018-05-09,2018-05-15 03:31:56.000000,2026-08-27T05:17:09.287600+00:00,D:/D drive recovery/Shiva JH/Projects/OneLake Medallion/data/landing/2018-05-09/order_items.parquet,2018-05-09
cbcd88d04afac8b9bfc8e6d7a7f6e491,2,ec72556b5da399d24fe06338e816a9ac,fd386aa7bed2af3c7035c65506c9b4a3,2018-05-15 03:31:56,68.0,8.29,2018-05-09,2018-05-15 03:31:56.000000,2026-08-27T05:17:09.287600+00:00,D:/D drive recovery/Shiva JH/Projects/OneLake Medallion/data/landing/2018-05-09/order_items.parquet,2018-05-09
e5cefdab54d9844f44c6d68f3611f145,1,8ceb6a29cf065f382c7b8cbc9fea3a84,c70c1b0d8ca86052f45a432a38b73958,2018-05-11 11:11:40,110.32,7.64,2018-05-09,2018-05-11 11:11:40.000000,2026-08-27T05:17:09.287600+00:00,D:/D drive recovery/Shiva JH/Projects/OneLake Medallion/data/landing/2018-05-09/order_items.parquet,2018-05-09
e8e4b07d5ef7b47ef02076c4e41f3cb3,1,f8bb2d19e05c6738d6a11ace3936b153,ceaec5548eefc6e23e6607c5435102e7,2018-05-21 16:57:43,39.0,15.23,2018-05-09,2018-05-21 16:57:43.000000,2026-08-27T05:17:09.287600+00:00,D:/D drive recovery/Shiva JH/Projects/OneLake Medallion/data/landing/2018-05-09/order_items.parquet,2018-05-09
fe522211f91ead8530eaf08d45cdbe7e,1,4f5459b07e4a3e0897228ccfe3aa474d,2ff97219cb8622eaf3cd89b7d9c09824,2018-05-16 14:31:17,99.9,23.31,2018-05-09,2018-05-16 14:31:17.000000,2026-08-27T05:17:09.287600+00:00,D:/D drive recovery/Shiva JH/Projects/OneLake Medallion/data/landing/2018-05-09/order_items.parquet,2018-05-09
270876310226d967a79f278abd5eebdb,1,c4defdb2bce4d658abde5891e3be4bb3,c3f5668699a1b04c0fa61ecea1e2bff6,2018-05-25 17:17:57,155.06,25.74,2018-05-21,2018-05-25 17:17:57.000000,2026-08-27T05:17:09.287600+00:00,D:/D drive recovery/Shiva JH/Projects/OneLake Medallion/data/landing/2018-05-21/order_items.parquet,2018-05-21
4b78a3c3971b83606a959d5c98208c66,1,d0ebd9098ec2b2b0c93cc1dfdb4865cf,1025f0e2d44d7041d6cf58b6550e0bfa,2018-05-25 09:15:34,225.0,19.35,2018-05-21,2018-05-25 09:15:34.000000,2026-08-27T05:17:09.287600+00:00,D:/D drive recovery/Shiva JH/Projects/OneLake Medallion/data/landing/2018-05-21/order_items.parquet,2018-05-21
68ba0b1bfcbf8d877ba255499b0853cb,1,146fed9eb1d0f9db43dad0c7c96fc6e8,a673821011d0cec28146ea42f5ab767f,2018-05-28 13:39:03,74.99,14.22,2018-05-21,2018-05-28 13:39:03.000000,2026-08-27T05:17:09.287600+00:00,D:/D drive recovery/Shiva JH/Projects/OneLake Medallion/data/landing/2018-05-21/order_items.parquet,2018-05-21
68ba0b1bfcbf8d877ba255499b0853cb,2,2827ebfb043a328a13a06ca9165cad0a,1900267e848ceeba8fa32d80c1a5f5a8,2018-05-25 13:39:03,69.0,14.22,2018-05-21,2018-05-25 13:39:03.000000,2026-08-27T05:17:09.287600+00:00,D:/D drive recovery/Shiva JH/Projects/OneLake Medallion/data/landing/2018-05-21/order_items.parquet,2018-05-21
699ff12900168a9020bb2487be684cc0,1,bc137217dc0cb0559a1f46e0500f50b6,d673a59aac7a70d8b01e6902bf090a11,2018-06-06 09:30:51,29.99,25.58,2018-05-21,2018-06-06 09:30:51.000000,2026-08-27T05:17:09.287600+00:00,D:/D drive recovery/Shiva JH/Projects/OneLake Medallion/data/landing/2018-05-21/order_items.parquet,2018-05-21
74003ffbdb30d86975836aa572b73fea,1,bd0ced5367f8750ffbeaa23d1d2ddf33,9596c870880d900012f2e8e6e30d06d7,2018-05-24 14:01:59,49.9,14.43,2018-05-21,2018-05-24 14:01:59.000000,2026-08-27T05:17:09.287600+00:00,D:/D drive recovery/Shiva JH/Projects/OneLake Medallion/data/landing/2018-05-21/order_items.parquet,2018-05-21
aca32a744ead78cb64a902170bf3147e,1,c3602326cc2e91dc18ad2ae9a575b5e7,70c27847eca8195c983ed7e798c56743,2018-05-25 15:12:17,124.99,13.86,2018-05-21,2018-05-25 15:12:17.000000,2026-08-27T05:17:09.287600+00:00,D:/D drive recovery/Shiva JH/Projects/OneLake Medallion/data/landing/2018-05-21/order_items.parquet,2018-05-21
bcdbb3b243d4e882503b919785e2343f,1,1454b29e83ab2f8bf6b4102736498ff5,18a349e75d307f4b4cc646a691ed4216,2018-05-31 09:30:45,125.0,14.23,2018-05-21,2018-05-31 09:30:45.000000,2026-08-27T05:17:09.287600+00:00,D:/D drive recovery/Shiva JH/Projects/OneLake Medallion/data/landing/2018-05-21/order_items.parquet,2018-05-21
bcdbb3b243d4e882503b919785e2343f,2,1454b29e83ab2f8bf6b4102736498ff5,18a349e75d307f4b4cc646a691ed4216,2018-05-31 09:30:45,125.0,14.23,2018-05-21,2018-05-31 09:30:45.000000,2026-08-27T05:17:09.287600+00:00,D:/D drive recovery/Shiva JH/Projects/OneLake Medallion/data/landing/2018-05-21/order_items.parquet,2018-05-21
bcdbb3b243d4e882503b919785e2343f,3,1454b29e83ab2f8bf6b4102736498ff5,18a349e75d307f4b4cc646a691ed4216,2018-05-31 09:30:45,125.0,14.23,2018-05-21,2018-05-31 09:30:45.000000,2026-08-27T05:17:09.287600+00:00,D:/D drive recovery/Shiva JH/Projects/OneLake Medallion/data/landing/2018-05-21/order_items.parquet,2018-05-21
bcdbb3b243d4e882503b919785e2343f,4,1454b29e83ab2f8bf6b4102736498ff5,18a349e75d307f4b4cc646a691ed4216,2018-05-31 09:30:45,125.0,14.23,2018-05-21,2018-05-31 09:30:45.000000,2026-08-27T05:17:09.287600+00:00,D:/D drive recovery/Shiva JH/Projects/OneLake Medallion/data/landing/2018-05-21/order_items.parquet,2018-05-21
bcdbb3b243d4e882503b919785e2343f,5,1454b29e83ab2f8bf6b4102736498ff5,18a349e75d307f4b4cc646a691ed4216,2018-05-31 09:30:45,125.0,14.23,2018-05-21,2018-05-31 09:30:45.000000,2026-08-27T05:17:09.287600+00:00,D:/D drive recovery/Shiva JH/Projects/OneLake Medallion/data/landing/2018-05-21/order_items.parquet,2018-05-21
d8da851ab137ba5e72352b665d2ea6e8,1,183c95ad186f48c320bbac4643829d3f,cab85505710c7cb9b720bceb52b01cee,2018-05-24 03:15:27,49.9,7.39,2018-05-21,2018-05-24 03:15:27.000000,2026-08-27T05:17:09.287600+00:00,D:/D drive recovery/Shiva JH/Projects/OneLake Medallion/data/landing/2018-05-21/order_items.parquet,2018-05-21
1630676be03651738ab38bdd77ce6e67,1,af2d506fb01b724e03591349ad36b67e,4b9750c8ad28220fe6702d4ecb7c898f,2018-06-10 22:11:36,48.9,13.71,2018-06-02,2018-06-10 22:11:36.000000,2026-08-27T05:17:09.287600+00:00,D:/D drive recovery/Shiva JH/Projects/OneLake Medallion/data/landing/2018-06-02/order_items.parquet,2018-06-02
633ab17bf4665666fdef150a01469e84,1,16c4e87b98a9370a9cbc3a4658a3f45b,d23019c84ffae2d5ef2270367b8605fc,2018-06-11 13:51:21,1899.0,284.6,2018-06-02,2018-06-11 13:51:21.000000,2026-08-27T05:17:09.287600+00:00,D:/D drive recovery/Shiva JH/Projects/OneLake Medallion/data/landing/2018-06-02/order_items.parquet,2018-06-02
874eef9a84653f570656bdb0f8519151,1,3d3c4219b64b1a968490e7bdfa43bf1f,0bae85eb84b9fb3bd773911e89288d54,2018-06-11 19:15:17,49.9,26.43,2018-06-02,2018-06-11 19:15:17.000000,2026-08-27T05:17:09.287600+00:00,D:/D drive recovery/Shiva JH/Projects/OneLake Medallion/data/landing/2018-06-02/order_items.parquet,2018-06-02
fe8522d905daf1e2c69dd128d7e0f81b,1,1131505c80690c39fe3696048a24fc2d,b452cb0ae35044c4a53179c39f49fb06,2018-06-08 13:31:39,23.9,11.86,2018-06-02,2018-06-08 13:31:39.000000,2026-08-27T05:17:09.287600+00:00,D:/D drive recovery/Shiva JH/Projects/OneLake Medallion/data/landing/2018-06-02/order_items.parquet,2018-06-02
2f781724d497e0d63c12e8ece70977e1,1,65266b2da20d04dbe00c5c2d3bb7859e,2c9e548be18521d1c43cde1c582c6de8,2018-06-19 02:17:25,23.9,7.43,2018-06-14,2018-06-19 02:17:25.000000,2026-08-27T05:17:09.287600+00:00,D:/D drive recovery/Shiva JH/Projects/OneLake Medallion/data/landing/2018-06-14/order_items.parquet,2018-06-14
7c204785100c09c72acb28ef9a1f2fe2,1,b3cf0a98f31b76ed0cec13d9c77102c4,1bb2bdb95f4841f1bba2c0d2cd83d3c9,2018-06-22 11:01:45,27.93,8.36,2018-06-14,2018-06-22 11:01:45.000000,2026-08-27T05:17:09.287600+00:00,D:/D drive recovery/Shiva JH/Projects/OneLake Medallion/data/landing/2018-06-14/order_items.parquet,2018-06-14
84a5898c018be5c7ee3e45969708ebbe,1,ce6f74096c84567f22728c84f3d6e7fc,8160255418d5aaa7dbdc9f4c64ebda44,2018-06-20 02:17:29,114.9,21.55,2018-06-14,2018-06-20 02:17:29.000000,2026-08-27T05:17:09.287600+00:00,D:/D drive recovery/Shiva JH/Projects/OneLake Medallion/data/landing/2018-06-14/order_items.parquet,2018-06-14
84a5898c018be5c7ee3e45969708ebbe,2,1ebde342c905182ffc07333fc569c590,640e21a7d01df7614a3b4923e990d40c,2018-06-21 02:17:29,44.85,21.55,2018-06-14,2018-06-21 02:17:29.000000,2026-08-27T05:17:09.287600+00:00,D:/D drive recovery/Shiva JH/Projects/OneLake Medallion/data/landing/2018-06-14/order_items.parquet,2018-06-14
a40874087359fab9b2c8a3aef56a97ad,1,4f81e9ee3504409c3c3b4a79b8a80332,6ddc28b61be28373b4503a1f61cf98a9,2018-06-20 18:18:35,241.9,16.79,2018-06-14,2018-06-20 18:18:35.000000,2026-08-27T05:17:09.287600+00:00,D:/D drive recovery/Shiva JH/Projects/OneLake Medallion/data/landing/2018-06-14/order_items.parquet,2018-06-14
c1c06053c21d197688b79b2dddbc0560,1,5d3a28908289035ee6394b67a15a2687,0cbcee27c791afa0cdcb08587a2013a8,2018-06-20 00:40:06,115.0,57.58,2018-06-14,2018-06-20 00:40:06.000000,2026-08-27T05:17:09.287600+00:00,D:/D drive recovery/Shiva JH/Projects/OneLake Medallion/data/landing/2018-06-14/order_items.parquet,2018-06-14
825df75b7a4b5c436b9d2443f653cab2,1,336cfb12a5468070795ae4c964f4ce47,7008613ea464bad5cb9b83456e1e6a8f,2017-02-14 16:05:24,94.9,17.4,2017-02-10,2017-02-14 16:05:24.000000,2026-08-27T05:17:09.287600+00:00,D:/D drive recovery/Shiva JH/Projects/OneLake Medallion/data/landing/2017-02-10/order_items.parquet,2017-02-10
de81104d0d1d1a5d4dd09e89a7ea4cd1,1,66a0a6e02b7f543e5b021ce361f267d4,7a67c85e85bb2ce8582c35f2203ad736,2017-02-14 16:37:55,119.99,16.05,2017-02-10,2017-02-14 16:37:55.000000,2026-08-27T05:17:09.287600+00:00,D:/D drive recovery/Shiva JH/Projects/OneLake Medallion/data/landing/2017-02-10/order_items.parquet,2017-02-10
1d0e8770169496e47622b6cbc0d10bda,1,3fc0f58c51fcd02161542e0320c4dbe7,82e0a475a88cc9595229d8029273f045,2017-02-26 14:08:00,99.8,9.69,2017-02-22,2017-02-26 14:08:00.000000,2026-08-27T05:17:09.287600+00:00,D:/D drive recovery/Shiva JH/Projects/OneLake Medallion/data/landing/2017-02-22/order_items.parquet,2017-02-22
5e22038cfe14c065388be1dd0a85ba77,1,20518c6950587eb5e8f02dad2fa0d685,aae3bfea055532c57fb453ed3ec80b30,2017-02-26 12:26:37,77.08,11.15,2017-02-22,2017-02-26 12:26:37.000000,2026-08-27T05:17:09.287600+00:00,D:/D drive recovery/Shiva JH/Projects/OneLake Medallion/data/landing/2017-02-22/order_items.parquet,2017-02-22
8b8c17015e5e5bea026c24e0f03c9dcf,1,9e2d3a8d8ffad53e2e35282a2020221c,1da366cade6d8276e7d8beea7af5d4bf,2017-03-10 02:30:17,29.9,22.28,2017-03-06,2017-03-10 02:30:17.000000,2026-08-27T05:17:09.287600+00:00,D:/D drive recovery/Shiva JH/Projects/OneLake Medallion/data/landing/2017-03-06/order_items.parquet,2017-03-06
8b8c17015e5e5bea026c24e0f03c9dcf,2,9e2d3a8d8ffad53e2e35282a2020221c,1da366cade6d8276e7d8beea7af5d4bf,2017-03-10 02:30:17,29.9,22.28,2017-03-06,2017-03-10 02:30:17.000000,2026-08-27T05:17:09.287600+00:00,D:/D drive recovery/Shiva JH/Projects/OneLake Medallion/data/landing/2017-03-06/order_items.parquet,2017-03-06
b6d9ea292226815b57dc2034dcc70a91,1,7124ca1f9c1598c0ad3166988e93d5c1,a7c53f6b3b61adbdaa99dda97e8cbd56,2017-03-10 20:45:14,99.0,11.3,2017-03-06,2017-03-10 20:45:14.000000,2026-08-27T05:17:09.287600+00:00,D:/D drive recovery/Shiva JH/Projects/OneLake Medallion/data/landing/2017-03-06/order_items.parquet,2017-03-06
60b8f5496f3fa2d3dbe08692dc63b4b3,1,cf9255e77d3ca4b5d560e28b2b5185c6,57c764b4a836300be881e2ff86e449f9,2017-03-23 09:39:29,24.9,20.8,2017-03-18,2017-03-23 09:39:29.000000,2026-08-27T05:17:09.287600+00:00,D:/D drive recovery/Shiva JH/Projects/OneLake Medallion/data/landing/2017-03-18/order_items.parquet,2017-03-18
632ec9368030a0679acafa0d23b7be2c,1,386486367c1f9d4f587a8864ccb6902b,cca3071e3e9bb7d12640c9fbe2301306,2017-03-27 11:10:54,109.9,29.7,2017-03-18,2017-03-27 11:10:54.000000,2026-08-27T05:17:09.287600+00:00,D:/D drive recovery/Shiva JH/Projects/OneLake Medallion/data/landing/2017-03-18/order_items.parquet,2017-03-18
b5106eeb869b64ba86ab9d880e31c0bb,1,5ab7d10303d38da7a0ed5c1a534490f0,cca3071e3e9bb7d12640c9fbe2301306,2017-03-27 09:33:43,79.9,17.3,2017-03-18,2017-03-27 09:33:43.000000,2026-08-27T05:17:09.287600+00:00,D:/D drive recovery/Shiva JH/Projects/OneLake Medallion/data/landing/2017-03-18/order_items.parquet,2017-03-18
bf43328103299ae529116e4521e82191,1,b781cf30a200b5eff2787c2074d67045,7c67e1448b00f6e969d365cea6b010ab,2017-04-12 16:42:32,174.99,24.5,2017-03-30,2017-04-12 16:42:32.000000,2026-08-27T05:17:09.287600+00:00,D:/D drive recovery/Shiva JH/Projects/OneLake Medallion/data/landing/2017-03-30/order_items.parquet,2017-03-30
ebf89b8a3abd6ac66f597f269e84c3dd,1,0705b33fb285827a578fce4899f1b921,318f287a62ab7ac10b703ac37435a231,2017-04-17 17:45:17,22.5,15.11,2017-04-11,2017-04-17 17:45:17.000000,2026-08-27T05:17:09.287600+00:00,D:/D drive recovery/Shiva JH/Projects/OneLake Medallion/data/landing/2017-04-11/order_items.parquet,2017-04-11
ef0db33f981ff522a3a3ad0212e9148e,1,e67307ff0f15ade43fcb6e670be7a74c,f4aba7c0bca51484c30ab7bdc34bcdd1,2017-04-27 17:35:16,18.99,14.52,2017-04-23,2017-04-27 17:35:16.000000,2026-08-27T05:17:09.287600+00:00,D:/D drive recovery/Shiva JH/Projects/OneLake Medallion/data/landing/2017-04-23/order_items.parquet,2017-04-23
6c30b488cb5cc67b2731e01894825ed6,1,c94d19d021d4a8fbae5a45f904aeea90,701938c450705b8ae65fc923b70f35c7,2017-05-11 02:15:21,103.97,23.63,2017-05-05,2017-05-11 02:15:21.000000,2026-08-27T05:17:09.287600+00:00,D:/D drive recovery/Shiva JH/Projects/OneLake Medallion/data/landing/2017-05-05/order_items.parquet,2017-05-05
9794a238ab3d4acf86002d2f0ddb2890,1,583f23b0484747654c01a98021608a89,b2ba3715d723d245138f291a6fe42594,2017-05-18 11:35:36,184.9,19.42,2017-05-05,2017-05-18 11:35:36.000000,2026-08-27T05:17:09.287600+00:00,D:/D drive recovery/Shiva JH/Projects/OneLake Medallion/data/landing/2017-05-05/order_items.parquet,2017-05-05
a9e7b797dd41979738e86a33cc9e8520,1,f614b080b510187124d5e964cb35584a,5a8e7d5003a1f221f9e1d6e411de7c23,2017-05-11 20:22:21,59.9,15.56,2017-05-05,2017-05-11 20:22:21.000000,2026-08-27T05:17:09.287600+00:00,D:/D drive recovery/Shiva JH/Projects/OneLake Medallion/data/landing/2017-05-05/order_items.parquet,2017-05-05
a9e7b797dd41979738e86a33cc9e8520,2,f614b080b510187124d5e964cb35584a,5a8e7d5003a1f221f9e1d6e411de7c23,2017-05-11 20:22:21,59.9,15.56,2017-05-05,2017-05-11 20:22:21.000000,2026-08-27T05:17:09.287600+00:00,D:/D drive recovery/Shiva JH/Projects/OneLake Medallion/data/landing/2017-05-05/order_items.parquet,2017-05-05
b9df3ba1cd5cd93a66fa5f902ab0dbc5,1,0bb7cb61f1957f79dac582ab66ccdc1f,e26901d5ab434ce92fd9b5c256820a4e,2017-05-12 14:25:24,23.9,14.52,2017-05-05,2017-05-12 14:25:24.000000,2026-08-27T05:17:09.287600+00:00,D:/D drive recovery/Shiva JH/Projects/OneLake Medallion/data/landing/2017-05-05/order_items.parquet,2017-05-05
4886bdc3d38b4558a42cca69e30e0808,1,11bbef4e2a44601d9dd471aa1fb433e6,5c243662ce92d84573bfaff24c3e3700,2017-05-25 18:15:11,299.99,10.29,2017-05-17,2017-05-25 18:15:11.000000,2026-08-27T05:17:09.287600+00:00,D:/D drive recovery/Shiva JH/Projects/OneLake Medallion/data/landing/2017-05-17/order_items.parquet,2017-05-17
8176c11ca059602f1a7b1615f4cebbd6,1,bbedc8efc6fad7cf1c7f7725b75cd356,28ea411b354f14b1a494be4e79f0ce02,2017-05-24 23:10:16,160.0,9.94,2017-05-17,2017-05-24 23:10:16.000000,2026-08-27T05:17:09.287600+00:00,D:/D drive recovery/Shiva JH/Projects/OneLake Medallion/data/landing/2017-05-17/order_items.parquet,2017-05-17
094960a25bb327dca31de0e2b9a788f9,1,a8949536a84721e346d7814fd81aafbe,729f06993dac8e860d4f02d7088ca48a,2017-06-04 23:15:11,164.9,16.78,2017-05-29,2017-06-04 23:15:11.000000,2026-08-27T05:17:09.287600+00:00,D:/D drive recovery/Shiva JH/Projects/OneLake Medallion/data/landing/2017-05-29/order_items.parquet,2017-05-29
36c5444b254b4f1810d3ece9523fca71,1,15416967b480fca6c3ceac3335e57c36,53e4c6e0f4312d4d2107a8c9cddf45cd,2017-06-02 20:30:28,47.99,11.85,2017-05-29,2017-06-02 20:30:28.000000,2026-08-27T05:17:09.287600+00:00,D:/D drive recovery/Shiva JH/Projects/OneLake Medallion/data/landing/2017-05-29/order_items.parquet,2017-05-29
36c5444b254b4f1810d3ece9523fca71,2,15416967b480fca6c3ceac3335e57c36,53e4c6e0f4312d4d2107a8c9cddf45cd,2017-06-02 20:30:28,47.99,11.85,2017-05-29,2017-06-02 20:30:28.000000,2026-08-27T05:17:09.287600+00:00,D:/D drive recovery/Shiva JH/Projects/OneLake Medallion/data/landing/2017-05-29/order_items.parquet,2017-05-29
58911a5b99a60d9f2f64485528c69a84,1,e706d603c40437249cea9606699273a7,5f2684dab12e59f83bef73ae57724e45,2017-06-04 21:45:09,119.9,15.6,2017-05-29,2017-06-04 21:45:09.000000,2026-08-27T05:17:09.287600+00:00,D:/D drive recovery/Shiva JH/Projects/OneLake Medallion/data/landing/2017-05-29/order_items.parquet,2017-05-29
ad3653ed7fa95d0e6ed3c9748c66e86e,1,35afc973633aaeb6b877ff57b2793310,4a3ca9315b744ce9f8e9374361493884,2017-06-05 23:25:16,89.9,12.13,2017-05-29,2017-06-05 23:25:16.000000,2026-08-27T05:17:09.287600+00:00,D:/D drive recovery/Shiva JH/Projects/OneLake Medallion/data/landing/2017-05-29/order_items.parquet,2017-05-29
cb54c9069dc123fa6cfca4b4cf94eb9c,1,fedccbd5e370e8ddb7aae6fb4cb70347,520b493b57809f446cb0a233bb3e25c7,2017-06-06 11:05:10,51.5,17.61,2017-05-29,2017-06-06 11:05:10.000000,2026-08-27T05:17:09.287600+00:00,D:/D drive recovery/Shiva JH/Projects/OneLake Medallion/data/landing/2017-05-29/order_items.parquet,2017-05-29
cb54c9069dc123fa6cfca4b4cf94eb9c,2,fedccbd5e370e8ddb7aae6fb4cb70347,520b493b57809f446cb0a233bb3e25c7,2017-06-06 11:05:10,51.5,17.61,2017-05-29,2017-06-06 11:05:10.000000,2026-08-27T05:17:09.287600+00:00,D:/D drive recovery/Shiva JH/Projects/OneLake Medallion/data/landing/2017-05-29/order_items.parquet,2017-05-29
e302764b4fa6c74b926997b8b171f5d7,1,5b394e3d290882de22e0207c7027fdb5,e627629ba868740e287800f1a9be81c2,2017-06-05 04:55:16,25.9,7.78,2017-05-29,2017-06-05 04:55:16.000000,2026-08-27T05:17:09.287600+00:00,D:/D drive recovery/Shiva JH/Projects/OneLake Medallion/data/landing/2017-05-29/order_items.parquet,2017-05-29
f11fbb27b667b259485343a1ad29b609,1,06c6e01186af8b98ee1fc9e01f9471e9,fc906263ca5083d09dce42fe02247800,2017-06-15 15:45:13,39.9,16.79,2017-06-10,2017-06-15 15:45:13.000000,2026-08-27T05:17:09.287600+00:00,D:/D drive recovery/Shiva JH/Projects/OneLake Medallion/data/landing/2017-06-10/order_items.parquet,2017-06-10
f11fbb27b667b259485343a1ad29b609,2,06c6e01186af8b98ee1fc9e01f9471e9,fc906263ca5083d09dce42fe02247800,2017-06-15 15:45:13,39.9,16.79,2017-06-10,2017-06-15 15:45:13.000000,2026-08-27T05:17:09.287600+00:00,D:/D drive recovery/Shiva JH/Projects/OneLake Medallion/data/landing/2017-06-10/order_items.parquet,2017-06-10
2ee460773e708be4e0208745a3864b8c,1,6bda6606bb4db26fb219523d6fd40869,cab85505710c7cb9b720bceb52b01cee,2017-06-28 22:50:09,59.9,21.22,2017-06-22,2017-06-28 22:50:09.000000,2026-08-27T05:17:09.287600+00:00,D:/D drive recovery/Shiva JH/Projects/OneLake Medallion/data/landing/2017-06-22/order_items.parquet,2017-06-22
03e1f719ea43e7eb59344cf78cd99ff4,1,9fe172fa8e662ca8572cf12abf8bce23,cab85505710c7cb9b720bceb52b01cee,2017-07-11 17:18:58,49.9,7.78,2017-07-04,2017-07-11 17:18:58.000000,2026-08-27T05:17:09.287600+00:00,D:/D drive recovery/Shiva JH/Projects/OneLake Medallion/data/landing/2017-07-04/order_items.parquet,2017-07-04
14f478070db62f51c33367debce4f1d1,1,473795a355d29305c3ea6b156833adf5,620c87c171fb2a6dd6e8bb4dec959fc6,2017-07-11 17:20:58,56.9,15.15,2017-07-04,2017-07-11 17:20:58.000000,2026-08-27T05:17:09.287600+00:00,D:/D drive recovery/Shiva JH/Projects/OneLake Medallion/data/landing/2017-07-04/order_items.parquet,2017-07-04
4509ce51e5c9ab113add9aac39e97512,1,37bc5c7b7dca15cfcbe282fb0dd0bab3,7722b1df1b0e383e000397b2c11e3e19,2017-07-11 11:10:22,13.99,14.1,2017-07-04,2017-07-11 11:10:22.000000,2026-08-27T05:17:09.287600+00:00,D:/D drive recovery/Shiva JH/Projects/OneLake Medallion/data/landing/2017-07-04/order_items.parquet,2017-07-04
876ccdbffe8b9e0d081dd74f449ba339,1,9c7bdf67b06b419aefb93cfdfc96c55d,e9779976487b77c6d4ac45f75ec7afe9,2017-07-11 02:43:44,15.0,15.1,2017-07-04,2017-07-11 02:43:44.000000,2026-08-27T05:17:09.287600+00:00,D:/D drive recovery/Shiva JH/Projects/OneLake Medallion/data/landing/2017-07-04/order_items.parquet,2017-07-04
33c00e6b5e5d1f829753828969590a33,1,99a4788cb24856965c36a24e339b6058,4a3ca9315b744ce9f8e9374361493884,2017-07-20 09:30:12,89.9,12.13,2017-07-16,2017-07-20 09:30:12.000000,2026-08-27T05:17:09.287600+00:00,D:/D drive recovery/Shiva JH/Projects/OneLake Medallion/data/landing/2017-07-16/order_items.parquet,2017-07-16
631252ac24a799cf8f1c7823248527d5,1,1fa968aa921dd9cdf625d5caf8f96654,cb3dd9ce66268c7a3ca7241ac70ab58c,2017-07-25 22:05:49,21.99,12.69,2017-07-16,2017-07-25 22:05:49.000000,2026-08-27T05:17:09.287600+00:00,D:/D drive recovery/Shiva JH/Projects/OneLake Medallion/data/landing/2017-07-16/order_items.parquet,2017-07-16
631252ac24a799cf8f1c7823248527d5,2,1fa968aa921dd9cdf625d5caf8f96654,cb3dd9ce66268c7a3ca7241ac70ab58c,2017-07-25 22:05:49,21.99,12.69,2017-07-16,2017-07-25 22:05:49.000000,2026-08-27T05:17:09.287600+00:00,D:/D drive recovery/Shiva JH/Projects/OneLake Medallion/data/landing/2017-07-16/order_items.parquet,2017-07-16
edf0616bd376b3416b676c10dffad049,1,2b7aa376a6e728560bddb5558cc48e89,7c67e1448b00f6e969d365cea6b010ab,2017-07-26 02:43:19,119.99,45.52,2017-07-16,2017-07-26 02:43:19.000000,2026-08-27T05:17:09.287600+00:00,D:/D drive recovery/Shiva JH/Projects/OneLake Medallion/data/landing/2017-07-16/order_items.parquet,2017-07-16
60e8b42fc95ec83d1e3bc2c7f7b4350d,1,ea17b2137544a3b0a3eaf107887472d9,0bae85eb84b9fb3bd773911e89288d54,2017-08-07 04:24:00,129.9,18.16,2017-07-28,2017-08-07 04:24:00.000000,2026-08-27T05:17:09.287600+00:00,D:/D drive recovery/Shiva JH/Projects/OneLake Medallion/data/landing/2017-07-28/order_items.parquet,2017-07-28
47c5b42ecbd216813dc0dbcdfb964a9e,1,f2844deda444d0208297c6d614d1493f,d91fb3b7d041e83b64a00a3edfb37e4f,2017-08-15 13:05:18,225.75,16.33,2017-08-09,2017-08-15 13:05:18.000000,2026-08-27T05:17:09.287600+00:00,D:/D drive recovery/Shiva JH/Projects/OneLake Medallion/data/landing/2017-08-09/order_items.parquet,2017-08-09
b0ca5afc6c53a1b2bd7c6af809913f9e,1,11dcc970f7a5581e1bf777b6da3f7096,06579cb253ecd5a3a12a9e6eb6bf8f47,2017-08-15 14:35:11,69.9,11.73,2017-08-09,2017-08-15 14:35:11.000000,2026-08-27T05:17:09.287600+00:00,D:/D drive recovery/Shiva JH/Projects/OneLake Medallion/data/landing/2017-08-09/order_items.parquet,2017-08-09
1335770a97f98c72818680ee3ff1d00a,1,88dd63919fc9ab693803578a04a20209,7ddcbb64b5bc1ef36ca8c151f6ec77df,2017-08-25 12:30:25,34.99,7.78,2017-08-21,2017-08-25 12:30:25.000000,2026-08-27T05:17:09.287600+00:00,D:/D drive recovery/Shiva JH/Projects/OneLake Medallion/data/landing/2017-08-21/order_items.parquet,2017-08-21
33ca67f12b946d8830eb3805cc63761b,1,d189fbf8b5d79a670cebcaaad68d77b2,0d85bbda9889ce1f7e63778d24f346eb,2017-08-25 13:25:11,59.9,27.8,2017-08-21,2017-08-25 13:25:11.000000,2026-08-27T05:17:09.287600+00:00,D:/D drive recovery/Shiva JH/Projects/OneLake Medallion/data/landing/2017-08-21/order_items.parquet,2017-08-21
5f77756df7ee84e204c730c024312542,1,4ac218f276a40201c282dd01401e9bd8,e9bc59e7b60fc3063eb2290deda4cced,2017-08-25 17:25:35,195.9,14.39,2017-08-21,2017-08-25 17:25:35.000000,2026-08-27T05:17:09.287600+00:00,D:/D drive recovery/Shiva JH/Projects/OneLake Medallion/data/landing/2017-08-21/order_items.parquet,2017-08-21
5f77756df7ee84e204c730c024312542,2,4ac218f276a40201c282dd01401e9bd8,e9bc59e7b60fc3063eb2290deda4cced,2017-08-25 17:25:35,195.9,14.39,2017-08-21,2017-08-25 17:25:35.000000,2026-08-27T05:17:09.287600+00:00,D:/D drive recovery/Shiva JH/Projects/OneLake Medallion/data/landing/2017-08-21/order_items.parquet,2017-08-21
845741b02081020193c3b7ea4dbe1a23,1,071f9a2b7591f2e8a2a59a50ecc5a297,1d8dbc4f32378d715c717c1c1fc57bae,2017-08-25 19:50:17,139.0,14.7,2017-08-21,2017-08-25 19:50:17.000000,2026-08-27T05:17:09.287600+00:00,D:/D drive recovery/Shiva JH/Projects/OneLake Medallion/data/landing/2017-08-21/order_items.parquet,2017-08-21
8ac6c055babd36dbe48009daf04f005c,1,cec09725da5ed01471d9a505e7389d37,4d6d651bd7684af3fffabd5f08d12e5a,2017-08-25 11:46:34,69.9,20.98,2017-08-21,2017-08-25 11:46:34.000000,2026-08-27T05:17:09.287600+00:00,D:/D drive recovery/Shiva JH/Projects/OneLake Medallion/data/landing/2017-08-21/order_items.parquet,2017-08-21
a7a0c8ebf2557ea4b30103fbff81e64d,1,1e41618bcaf005d9f4cba13fb70915bf,3a734b715d333a2588a3d54a0c9b8746,2017-08-25 10:30:11,249.0,19.31,2017-08-21,2017-08-25 10:30:11.000000,2026-08-27T05:17:09.287600+00:00,D:/D drive recovery/Shiva JH/Projects/OneLake Medallion/data/landing/2017-08-21/order_items.parquet,2017-08-21
e9e856785fb0793e8ebc749b65858a89,1,f48b7a74ac33f4a15d4dcf0b549ec7a8,7142540dd4c91e2237acb7e911c4eba2,2017-08-25 18:06:40,59.9,13.44,2017-08-21,2017-08-25 18:06:40.000000,2026-08-27T05:17:09.287600+00:00,D:/D drive recovery/Shiva JH/Projects/OneLake Medallion/data/landing/2017-08-21/order_items.parquet,2017-08-21
4b723c793fead9a09146174b94577802,1,98b22c1129886cbd7fcae69d1c93e442,da8622b14eb17ae2831f4ac5b9dab84a,2017-09-08 10:45:18,89.9,17.88,2017-09-02,2017-09-08 10:45:18.000000,2026-08-27T05:17:09.287600+00:00,D:/D drive recovery/Shiva JH/Projects/OneLake Medallion/data/landing/2017-09-02/order_items.parquet,2017-09-02
578ef9ed2638d4e10337e50e37566344,1,f5f0e64686adaf487590fbb8a75a1d2c,c3867b4666c7d76867627c2f7fb22e21,2017-09-11 06:30:16,193.0,38.9,2017-09-02,2017-09-11 06:30:16.000000,2026-08-27T05:17:09.287600+00:00,D:/D drive recovery/Shiva JH/Projects/OneLake Medallion/data/landing/2017-09-02/order_items.parquet,2017-09-02
5942bd3a8502a95cab0655d31eb2c6fc,1,07c055536ebf10dfbb6c6db6dbfc36e5,cca3071e3e9bb7d12640c9fbe2301306,2017-09-08 10:30:20,45.9,16.11,2017-09-02,2017-09-08 10:30:20.000000,2026-08-27T05:17:09.287600+00:00,D:/D drive recovery/Shiva JH/Projects/OneLake Medallion/data/landing/2017-09-02/order_items.parquet,2017-09-02
6878dd8f91f3b3ee7fa8edbea6c3af45,1,562f0027bf0b43b487536b01b2002a3e,6426d21aca402a131fc0a5d0960a3c90,2017-09-12 04:25:48,79.9,13.58,2017-09-02,2017-09-12 04:25:48.000000,2026-08-27T05:17:09.287600+00:00,D:/D drive recovery/Shiva JH/Projects/OneLake Medallion/data/landing/2017-09-02/order_items.parquet,2017-09-02
ef29d8249c4f5670c259bda87461e3e4,1,41fe836a60674d3d25645e3698651f6b,eeb6de78f79159600292e314a77cbd18,2017-09-20 19:04:52,209.0,18.71,2017-09-14,2017-09-20 19:04:52.000000,2026-08-27T05:17:09.287600+00:00,D:/D drive recovery/Shiva JH/Projects/OneLake Medallion/data/landing/2017-09-14/order_items.parquet,2017-09-14
7b9346f5875f5ba40aa2f851365d3daf,1,f3ef6902655917c2db06698cc2d765a0,10076e5788b8ee532724bcd460baf762,2017-10-02 15:07:22,24.0,11.85,2017-09-26,2017-10-02 15:07:22.000000,2026-08-27T05:17:09.287600+00:00,D:/D drive recovery/Shiva JH/Projects/OneLake Medallion/data/landing/2017-09-26/order_items.parquet,2017-09-26
c439a063d60f29fa2a257b40cef5c379,1,faa69a3ce59a6d1484410df55a93444b,aafe36600ce604f205b86b5084d3d767,2017-10-02 22:35:17,59.9,27.27,2017-09-26,2017-10-02 22:35:17.000000,2026-08-27T05:17:09.287600+00:00,D:/D drive recovery/Shiva JH/Projects/OneLake Medallion/data/landing/2017-09-26/order_items.parquet,2017-09-26
de983bdf0e92645dd32e0ba39d8e7dd8,1,84412fdf17ffe7f7b52913a82e73b5b2,c3cfdc648177fdbbbb35635a37472c53,2017-10-06 02:56:10,169.9,21.59,2017-09-26,2017-10-06 02:56:10.000000,2026-08-27T05:17:09.287600+00:00,D:/D drive recovery/Shiva JH/Projects/OneLake Medallion/data/landing/2017-09-26/order_items.parquet,2017-09-26
3ef9cbaa0a848de9dd30b1953d31a730,1,03566b85189259c49476f004ad2afd08,cc419e0650a3c5ba77189a1882b7556a,2017-10-18 01:14:20,44.99,52.13,2017-10-08,2017-10-18 01:14:20.000000,2026-08-27T05:17:09.287600+00:00,D:/D drive recovery/Shiva JH/Projects/OneLake Medallion/data/landing/2017-10-08/order_items.parquet,2017-10-08
3ef9cbaa0a848de9dd30b1953d31a730,2,7c1bd920dbdf22470b68bde975dd3ccf,cc419e0650a3c5ba77189a1882b7556a,2017-10-18 01:14:20,58.99,62.55,2017-10-08,2017-10-18 01:14:20.000000,2026-08-27T05:17:09.287600+00:00,D:/D drive recovery/Shiva JH/Projects/OneLake Medallion/data/landing/2017-10-08/order_items.parquet,2017-10-08
75cc0defdf90cda65066ce0ac171e2ab,1,369dfa384d5ad2a0cb97cb4cda846c47,e9779976487b77c6d4ac45f75ec7afe9,2017-10-13 16:56:27,171.0,15.95,2017-10-08,2017-10-13 16:56:27.000000,2026-08-27T05:17:09.287600+00:00,D:/D drive recovery/Shiva JH/Projects/OneLake Medallion/data/landing/2017-10-08/order_items.parquet,2017-10-08
d5adb7496b40cf5ac248505008ba61d5,1,ee406bf28024d97771c4b1e8b7e8e219,7a67c85e85bb2ce8582c35f2203ad736,2017-10-13 15:34:27,149.99,12.25,2017-10-08,2017-10-13 15:34:27.000000,2026-08-27T05:17:09.287600+00:00,D:/D drive recovery/Shiva JH/Projects/OneLake Medallion/data/landing/2017-10-08/order_items.parquet,2017-10-08
eeb03bd554e175a6c6ae5cdc2e86d841,1,ffd4bf4306745865e5692f69bd237893,d98eec89afa3380e14463da2aabaea72,2017-10-13 18:30:36,29.99,12.48,2017-10-08,2017-10-13 18:30:36.000000,2026-08-27T05:17:09.287600+00:00,D:/D drive recovery/Shiva JH/Projects/OneLake Medallion/data/landing/2017-10-08/order_items.parquet,2017-10-08
8b54ad5dd057cd34a1308553e2bba5dd,1,66a0a6e02b7f543e5b021ce361f267d4,7a67c85e85bb2ce8582c35f2203ad736,2017-10-26 09:28:15,119.99,12.04,2017-10-20,2017-10-26 09:28:15.000000,2026-08-27T05:17:09.287600+00:00,D:/D drive recovery/Shiva JH/Projects/OneLake Medallion/data/landing/2017-10-20/order_items.parquet,2017-10-20
e97af7fcb2f185b68e1ef48e5c5ebb8c,1,f0f25035bed5ba1a75a678c0f9f09190,1554a68530182680ad5c8b042c3ab563,2017-10-30 03:35:30,62.9,17.69,2017-10-20,2017-10-30 03:35:30.000000,2026-08-27T05:17:09.287600+00:00,D:/D drive recovery/Shiva JH/Projects/OneLake Medallion/data/landing/2017-10-20/order_items.parquet,2017-10-20
2f4ed6d6a154e53f5593682472f8e6ea,1,8cd9fd2917c6e1b0f29acae309d564fe,dbc22125167c298ef99da25668e1011f,2017-11-07 22:35:51,43.9,19.59,2017-11-01,2017-11-07 22:35:51.000000,2026-08-27T05:17:09.287600+00:00,D:/D drive recovery/Shiva JH/Projects/OneLake Medallion/data/landing/2017-11-01/order_items.parquet,2017-11-01
6ec283e06546387eaab356a4764d8298,1,78bef8d05453a2ecd72281bcf2dcbcdc,f0b47fbbc6dee9aafe415a6e33051b3f,2017-11-08 02:15:37,35.0,21.15,2017-11-01,2017-11-08 02:15:37.000000,2026-08-27T05:17:09.287600+00:00,D:/D drive recovery/Shiva JH/Projects/OneLake Medallion/data/landing/2017-11-01/order_items.parquet,2017-11-01
038345c4a9d21c17180f2f77e1701c69,1,08574b074924071f4e201e151b152b4e,001cca7ae9ae17fb1caed9dfb1094831,2017-11-20 20:07:41,99.0,33.08,2017-11-13,2017-11-20 20:07:41.000000,2026-08-27T05:17:09.287600+00:00,D:/D drive recovery/Shiva JH/Projects/OneLake Medallion/data/landing/2017-11-13/order_items.parquet,2017-11-13
0a89bc2ec7e822a78b0cef45518d6217,1,4dc44f95ece9249f0e50d10542ca6c03,fa1c13f2614d7b5c4749cbc52fecda94,2017-11-20 23:55:29,399.9,28.08,2017-11-13,2017-11-20 23:55:29.000000,2026-08-27T05:17:09.287600+00:00,D:/D drive recovery/Shiva JH/Projects/OneLake Medallion/data/landing/2017-11-13/order_items.parquet,2017-11-13
0c2b0060d3c030936fff3266c4224733,1,d3c044bd42d84a79e3b0c42662806a48,4c2b230173bb36f9b240f2b8ac11786e,2017-11-21 04:15:45,35.9,7.78,2017-11-13,2017-11-21 04:15:45.000000,2026-08-27T05:17:09.287600+00:00,D:/D drive recovery/Shiva JH/Projects/OneLake Medallion/data/landing/2017-11-13/order_items.parquet,2017-11-13
0c2b0060d3c030936fff3266c4224733,2,d3c044bd42d84a79e3b0c42662806a48,4c2b230173bb36f9b240f2b8ac11786e,2017-11-21 04:15:45,35.9,7.78,2017-11-13,2017-11-21 04:15:45.000000,2026-08-27T05:17:09.287600+00:00,D:/D drive recovery/Shiva JH/Projects/OneLake Medallion/data/landing/2017-11-13/order_items.parquet,2017-11-13
30941734c8d62ce23498ca4758409a29,1,4ebab6a2135a2477b657bda38646b64b,406822777a0b9eb5c50e442dd4cd3ec5,2017-11-21 20:35:40,24.6,15.1,2017-11-13,2017-11-21 20:35:40.000000,2026-08-27T05:17:09.287600+00:00,D:/D drive recovery/Shiva JH/Projects/OneLake Medallion/data/landing/2017-11-13/order_items.parquet,2017-11-13
4e5eb92b77d7214fc3587113fd8374d7,1,d97cfa719a6198d4a66453e0c6ed596c,e5a3438891c0bfdb9394643f95273d8e,2017-11-21 02:50:36,34.3,8.11,2017-11-13,2017-11-21 02:50:36.000000,2026-08-27T05:17:09.287600+00:00,D:/D drive recovery/Shiva JH/Projects/OneLake Medallion/data/landing/2017-11-13/order_items.parquet,2017-11-13
de3a93f2df895a8b77a7e947b56a1af5,1,7d33844ffd50c5fb265a1e0ba03d9470,7299e27ed73d2ad986de7f7c77d919fa,2017-11-20 16:10:45,40.0,15.1,2017-11-13,2017-11-20 16:10:45.000000,2026-08-27T05:17:09.287600+00:00,D:/D drive recovery/Shiva JH/Projects/OneLake Medallion/data/landing/2017-11-13/order_items.parquet,2017-11-13
f3753df1e0c5a22ca7c2ff5722387739,1,d86a6c48f83b045cbba6df84926a1f25,a3a38f4affed601eb87a97788c949667,2017-11-20 12:06:41,39.9,17.6,2017-11-13,2017-11-20 12:06:41.000000,2026-08-27T05:17:09.287600+00:00,D:/D drive recovery/Shiva JH/Projects/OneLake Medallion/data/landing/2017-11-13/order_items.parquet,2017-11-13
05e2ab8de37670d9d0524473585092ec,1,d1c427060a0f73f6b889a5c7c61f2ac4,a1043bafd471dff536d0c462352beb48,2017-12-04 03:23:37,149.99,23.85,2017-11-25,2017-12-04 03:23:37.000000,2026-08-27T05:17:09.287600+00:00,D:/D drive recovery/Shiva JH/Projects/OneLake Medallion/data/landing/2017-11-25/order_items.parquet,2017-11-25
115a21a6b20efa52b4f92b81bfe0ef62,1,52c80cedd4e90108bf4fa6a206ef6b03,a1043bafd471dff536d0c462352beb48,2017-11-29 22:31:20,179.99,26.88,2017-11-25,2017-11-29 22:31:20.000000,2026-08-27T05:17:09.287600+00:00,D:/D drive recovery/Shiva JH/Projects/OneLake Medallion/data/landing/2017-11-25/order_items.parquet,2017-11-25
53ba9277abd171947b33bd9073297827,1,154e7e31ebfa092203795c972e5804a6,cc419e0650a3c5ba77189a1882b7556a,2017-12-05 17:31:24,23.99,15.1,2017-11-25,2017-12-05 17:31:24.000000,2026-08-27T05:17:09.287600+00:00,D:/D drive recovery/Shiva JH/Projects/OneLake Medallion/data/landing/2017-11-25/order_items.parquet,2017-11-25
567818fc7d9f84b0f5eac47aef90658e,1,2805706c5fde90cdec740394a68ee707,b33e7c55446eabf8fe1a42d037ac7d6d,2017-11-30 14:36:27,679.0,19.5,2017-11-25,2017-11-30 14:36:27.000000,2026-08-27T05:17:09.287600+00:00,D:/D drive recovery/Shiva JH/Projects/OneLake Medallion/data/landing/2017-11-25/order_items.parquet,2017-11-25
73cafc0c127f9cee457b39b5c0e3fc16,1,401b5632c06c51319df083f1245a96ca,5656537e588803a555b8eb41f07a944b,2017-11-30 16:52:35,76.89,17.82,2017-11-25,2017-11-30 16:52:35.000000,2026-08-27T05:17:09.287600+00:00,D:/D drive recovery/Shiva JH/Projects/OneLake Medallion/data/landing/2017-11-25/order_items.parquet,2017-11-25
7dc4ac6da71948249ca79f45c9de13b1,1,5f76fa92c238431e69b3f294ec7db04a,0db783cfcd3b73998abc6e10e59a102f,2017-11-30 12:56:24,35.0,15.1,2017-11-25,2017-11-30 12:56:24.000000,2026-08-27T05:17:09.287600+00:00,D:/D drive recovery/Shiva JH/Projects/OneLake Medallion/data/landing/2017-11-25/order_items.parquet,2017-11-25
9950e10864fad6c02ade4829884ebd39,1,368c6c730842d78016ad823897a372db,1f50f920176fa81dab994f9023523100,2017-11-30 03:17:23,49.0,17.67,2017-11-25,2017-11-30 03:17:23.000000,2026-08-27T05:17:09.287600+00:00,D:/D drive recovery/Shiva JH/Projects/OneLake Medallion/data/landing/2017-11-25/order_items.parquet,2017-11-25
c0a15de26f8add28b3ebed18a13e6831,1,8615de1fb2a899d19d56e5ce1fd92312,95f83f51203c626648c875dd41874c7f,2017-11-30 03:51:42,39.9,17.97,2017-11-25,2017-11-30 03:51:42.000000,2026-08-27T05:17:09.287600+00:00,D:/D drive recovery/Shiva JH/Projects/OneLake Medallion/data/landing/2017-11-25/order_items.parquet,2017-11-25
cae916a392d51a600dd6d7b5eb9b8106,1,cc9b3b28eb0de60b7ab0294b1f8b70ca,6d803cb79cc31c41c4c789a75933b3c7,2017-12-01 12:59:17,49.9,13.37,2017-11-25,2017-12-01 12:59:17.000000,2026-08-27T05:17:09.287600+00:00,D:/D drive recovery/Shiva JH/Projects/OneLake Medallion/data/landing/2017-11-25/order_items.parquet,2017-11-25
cae916a392d51a600dd6d7b5eb9b8106,2,cc9b3b28eb0de60b7ab0294b1f8b70ca,6d803cb79cc31c41c4c789a75933b3c7,2017-12-01 12:59:17,49.9,13.37,2017-11-25,2017-12-01 12:59:17.000000,2026-08-27T05:17:09.287600+00:00,D:/D drive recovery/Shiva JH/Projects/OneLake Medallion/data/landing/2017-11-25/order_items.parquet,2017-11-25
cb4591b9a09b86b55be10a9ea234de8c,1,ee0c1cf2fbeae95205b4aa506f1469f0,cc419e0650a3c5ba77189a1882b7556a,2017-12-01 09:31:03,53.99,17.66,2017-11-25,2017-12-01 09:31:03.000000,2026-08-27T05:17:09.287600+00:00,D:/D drive recovery/Shiva JH/Projects/OneLake Medallion/data/landing/2017-11-25/order_items.parquet,2017-11-25
d4a4641b9e4409b16a31dd61760e89cc,1,53759a2ecddad2bb87a079a1f1519f73,1f50f920176fa81dab994f9023523100,2017-11-30 03:11:52,49.0,17.67,2017-11-25,2017-11-30 03:11:52.000000,2026-08-27T05:17:09.287600+00:00,D:/D drive recovery/Shiva JH/Projects/OneLake Medallion/data/landing/2017-11-25/order_items.parquet,2017-11-25
e723fd90e2d095c2762e5e800d759bfa,1,99b5175198369d12de8feee13dafac16,08d2d642cf72b622b14dde1d2f5eb2f5,2017-12-01 17:31:28,5.0,15.1,2017-11-25,2017-12-01 17:31:28.000000,2026-08-27T05:17:09.287600+00:00,D:/D drive recovery/Shiva JH/Projects/OneLake Medallion/data/landing/2017-11-25/order_items.parquet,2017-11-25
ec9a51782b5483ba996ab13bc3bbc30d,1,95203adc728bc74fbd99afc9e303db9f,bd0389da23d89b726abf911cccc54596,2017-11-30 00:20:36,62.4,15.88,2017-11-25,2017-11-30 00:20:36.000000,2026-08-27T05:17:09.287600+00:00,D:/D drive recovery/Shiva JH/Projects/OneLake Medallion/data/landing/2017-11-25/order_items.parquet,2017-11-25
ed3d229ff5daade6f2f99efc36a7fd05,1,a237de12bdf0bfe4fe220bae65a89731,6c7d50c24b3ccd2fd83b44d8bb34e073,2017-11-30 16:16:40,37.5,17.6,2017-11-25,2017-11-30 16:16:40.000000,2026-08-27T05:17:09.287600+00:00,D:/D drive recovery/Shiva JH/Projects/OneLake Medallion/data/landing/2017-11-25/order_items.parquet,2017-11-25
ff36cbc44b8f228e0449c92ef089c843,1,43944a8f8f0b7ae86b6c3d3c2f257375,0adac9fbd9a2b63cccaac4f8756c1ca8,2017-11-30 20:51:36,699.0,57.49,2017-11-25,2017-11-30 20:51:36.000000,2026-08-27T05:17:09.287600+00:00,D:/D drive recovery/Shiva JH/Projects/OneLake Medallion/data/landing/2017-11-25/order_items.parquet,2017-11-25
1150c73ca4c9c78e59170256f8b93e16,1,51f34083de64e6e8bd820c7e05a5a0d6,863d2ebcd347ce4922de7a0f9a5581d6,2017-12-13 10:17:27,57.12,7.94,2017-12-07,2017-12-13 10:17:27.000000,2026-08-27T05:17:09.287600+00:00,D:/D drive recovery/Shiva JH/Projects/OneLake Medallion/data/landing/2017-12-07/order_items.parquet,2017-12-07
1391644298485796a935f0422f8989e8,1,20090bcd0d43eb49feb63d53d387780b,05ff92fedb5be47920fea08e501238b9,2017-12-13 06:50:59,158.4,15.86,2017-12-07,2017-12-13 06:50:59.000000,2026-08-27T05:17:09.287600+00:00,D:/D drive recovery/Shiva JH/Projects/OneLake Medallion/data/landing/2017-12-07/order_items.parquet,2017-12-07
4b2b9a77b0645d1efdf00bc2ac1ba023,1,32b3bc24ea45a74dfa67d9cb1886a37e,de23c3b98a88888289c6f5cc1209054a,2017-12-14 02:54:34,69.99,12.83,2017-12-07,2017-12-14 02:54:34.000000,2026-08-27T05:17:09.287600+00:00,D:/D drive recovery/Shiva JH/Projects/OneLake Medallion/data/landing/2017-12-07/order_items.parquet,2017-12-07
7e7e487c8215464b81d26682798ee38c,1,fad824f446c61e0e6e1e8644c17a9f59,53e4c6e0f4312d4d2107a8c9cddf45cd,2017-12-18 03:57:33,18.99,9.34,2017-12-07,2017-12-18 03:57:33.000000,2026-08-27T05:17:09.287600+00:00,D:/D drive recovery/Shiva JH/Projects/OneLake Medallion/data/landing/2017-12-07/order_items.parquet,2017-12-07
de5a57660fb17fcd0cb97f5874739ddd,1,a916a0b56448758409cb1147fa3d1f8b,4830e40640734fc1c52cd21127c341d4,2017-12-13 15:01:27,149.99,15.8,2017-12-07,2017-12-13 15:01:27.000000,2026-08-27T05:17:09.287600+00:00,D:/D drive recovery/Shiva JH/Projects/OneLake Medallion/data/landing/2017-12-07/order_items.parquet,2017-12-07
7d0e17bbcb31318fdc2390ad7cfc7399,1,eab2445325c49cfae34289f4a56342e3,9d7a1d34a5052409006425275ba1c2b4,2017-12-28 02:12:43,49.99,16.11,2017-12-19,2017-12-28 02:12:43.000000,2026-08-27T05:17:09.287600+00:00,D:/D drive recovery/Shiva JH/Projects/OneLake Medallion/data/landing/2017-12-19/order_items.parquet,2017-12-19
8ff3300441375a48890e65ad8d06233b,1,726b4e18f00255e2e63491bcba3f60b8,00ee68308b45bc5e2660cd833c3f81cc,2017-12-26 20:48:28,85.0,36.69,2017-12-19,2017-12-26 20:48:28.000000,2026-08-27T05:17:09.287600+00:00,D:/D drive recovery/Shiva JH/Projects/OneLake Medallion/data/landing/2017-12-19/order_items.parquet,2017-12-19
b01e3ee0b1aa883fb12d7161e3d979fc,1,f71f42e2381752836563b70beb542f80,85d9eb9ddc5d00ca9336a2219c97bb13,2018-01-19 04:28:32,31.9,14.1,2017-12-31,2018-01-19 04:28:32.000000,2026-08-27T05:17:09.287600+00:00,D:/D drive recovery/Shiva JH/Projects/OneLake Medallion/data/landing/2017-12-31/order_items.parquet,2017-12-31
28c35e27d64425be0368e275997f7779,1,0b1b6ca8b113c570aa56916becb81192,77530e9772f57a62c906e1c21538ab82,2018-01-18 10:49:45,299.0,21.58,2018-01-12,2018-01-18 10:49:45.000000,2026-08-27T05:17:09.287600+00:00,D:/D drive recovery/Shiva JH/Projects/OneLake Medallion/data/landing/2018-01-12/order_items.parquet,2018-01-12
2a4afa0d6cc69510f96d2a3e8fae85cd,1,6968d8e58726cfe8f9677155ffc6b251,11bfa66332777660bd0640ee84d47006,2018-01-18 13:39:20,132.0,25.76,2018-01-12,2018-01-18 13:39:20.000000,2026-08-27T05:17:09.287600+00:00,D:/D drive recovery/Shiva JH/Projects/OneLake Medallion/data/landing/2018-01-12/order_items.parquet,2018-01-12
6cb7111806a9b07928d2623e7708e8c6,1,b3f46a64b6f6d0091c2001f5a82cc927,897060da8b9a21f655304d50fd935913,2018-01-22 15:50:24,19.79,15.1,2018-01-12,2018-01-22 15:50:24.000000,2026-08-27T05:17:09.287600+00:00,D:/D drive recovery/Shiva JH/Projects/OneLake Medallion/data/landing/2018-01-12/order_items.parquet,2018-01-12
b6dbd61bb13118766af40ef6a325e303,1,b26309a170c13aac40126a8ef3400e07,4ebdc7e6cd6102a022dadc49156d4ea8,2018-01-18 18:48:50,34.0,15.1,2018-01-12,2018-01-18 18:48:50.000000,2026-08-27T05:17:09.287600+00:00,D:/D drive recovery/Shiva JH/Projects/OneLake Medallion/data/landing/2018-01-12/order_items.parquet,2018-01-12
0762fe35b71987563f8771eb6d14938f,1,70825a84db489dd1ab3f3cd35bb67604,70a12e78e608ac31179aea7f8422044b,2018-01-30 18:19:29,75.0,12.03,2018-01-24,2018-01-30 18:19:29.000000,2026-08-27T05:17:09.287600+00:00,D:/D drive recovery/Shiva JH/Projects/OneLake Medallion/data/landing/2018-01-24/order_items.parquet,2018-01-24
a49f05cadcb7f056c2725a1463b7d7db,1,7b32b1b87594b60dced8abb4531d2986,c9c7905cffc4ef9ff9f113554423e671,2018-01-30 18:31:54,119.99,14.59,2018-01-24,2018-01-30 18:31:54.000000,2026-08-27T05:17:09.287600+00:00,D:/D drive recovery/Shiva JH/Projects/OneLake Medallion/data/landing/2018-01-24/order_items.parquet,2018-01-24
e599e00118212fd3f10f88ef85587204,1,bf5d132b4d30a18970b8ee7798725af1,955fee9216a65b617aa5c0531780ce60,2018-01-30 21:18:14,140.0,57.65,2018-01-24,2018-01-30 21:18:14.000000,2026-08-27T05:17:09.287600+00:00,D:/D drive recovery/Shiva JH/Projects/OneLake Medallion/data/landing/2018-01-24/order_items.parquet,2018-01-24
005059edee63c8c708ba61910793b31b,1,84f456958365164420cfc80fbe4c7fab,4a3ca9315b744ce9f8e9374361493884,2018-02-12 18:30:33,92.0,17.89,2018-02-05,2018-02-12 18:30:33.000000,2026-08-27T05:17:09.287600+00:00,D:/D drive recovery/Shiva JH/Projects/OneLake Medallion/data/landing/2018-02-05/order_items.parquet,2018-02-05
005059edee63c8c708ba61910793b31b,2,84f456958365164420cfc80fbe4c7fab,4a3ca9315b744ce9f8e9374361493884,2018-02-12 18:30:33,92.0,17.89,2018-02-05,2018-02-12 18:30:33.000000,2026-08-27T05:17:09.287600+00:00,D:/D drive recovery/Shiva JH/Projects/OneLake Medallion/data/landing/2018-02-05/order_items.parquet,2018-02-05
3df54c9248f6d2eef8f08ad39f422abd,1,7c6ae4d12d2754ca0826ad17792c554e,e9779976487b77c6d4ac45f75ec7afe9,2018-02-09 21:15:25,180.49,9.01,2018-02-05,2018-02-09 21:15:25.000000,2026-08-27T05:17:09.287600+00:00,D:/D drive recovery/Shiva JH/Projects/OneLake Medallion/data/landing/2018-02-05/order_items.parquet,2018-02-05
41edd5d27833b73b29761df99f146624,1,54bb3470c28291c7252832f0437ca469,da8622b14eb17ae2831f4ac5b9dab84a,2018-02-12 03:50:58,39.9,16.11,2018-02-05,2018-02-12 03:50:58.000000,2026-08-27T05:17:09.287600+00:00,D:/D drive recovery/Shiva JH/Projects/OneLake Medallion/data/landing/2018-02-05/order_items.parquet,2018-02-05
4cd5aded458b2bb658108cfe0f705ab5,1,2e511b5741ab14e7f5294df6f1310b03,00fc707aaaad2d31347cf883cd2dfe10,2018-02-15 15:31:24,136.0,15.47,2018-02-05,2018-02-15 15:31:24.000000,2026-08-27T05:17:09.287600+00:00,D:/D drive recovery/Shiva JH/Projects/OneLake Medallion/data/landing/2018-02-05/order_items.parquet,2018-02-05
4cd5aded458b2bb658108cfe0f705ab5,2,70906e04da1eebf3d1b8791bd09ffe85,f457c46070d02cadd8a68551231220dd,2018-02-09 15:31:24,69.9,15.47,2018-02-05,2018-02-09 15:31:24.000000,2026-08-27T05:17:09.287600+00:00,D:/D drive recovery/Shiva JH/Projects/OneLake Medallion/data/landing/2018-02-05/order_items.parquet,2018-02-05
96bfce289cf4a045ce6adad34b55a912,1,812f428f6757ab16c46cffc68f2e90c5,eed78ac17f7f795a19a709745f00cd4e,2018-02-12 19:11:20,59.8,17.67,2018-02-05,2018-02-12 19:11:20.000000,2026-08-27T05:17:09.287600+00:00,D:/D drive recovery/Shiva JH/Projects/OneLake Medallion/data/landing/2018-02-05/order_items.parquet,2018-02-05
96bfce289cf4a045ce6adad34b55a912,2,812f428f6757ab16c46cffc68f2e90c5,eed78ac17f7f795a19a709745f00cd4e,2018-02-12 19:11:20,59.8,17.67,2018-02-05,2018-02-12 19:11:20.000000,2026-08-27T05:17:09.287600+00:00,D:/D drive recovery/Shiva JH/Projects/OneLake Medallion/data/landing/2018-02-05/order_items.parquet,2018-02-05
a95c742fa7426798396959c1bd1d6ab8,1,99a4788cb24856965c36a24e339b6058,4a3ca9315b744ce9f8e9374361493884,2018-02-12 00:50:04,86.9,21.1,2018-02-05,2018-02-12 00:50:04.000000,2026-08-27T05:17:09.287600+00:00,D:/D drive recovery/Shiva JH/Projects/OneLake Medallion/data/landing/2018-02-05/order_items.parquet,2018-02-05
bef79681fbe33b2789095e966c159563,1,d3f466b2502b985d472e7f0fb60eb678,4a3ca9315b744ce9f8e9374361493884,2018-02-09 10:50:06,58.0,12.75,2018-02-05,2018-02-09 10:50:06.000000,2026-08-27T05:17:09.287600+00:00,D:/D drive recovery/Shiva JH/Projects/OneLake Medallion/data/landing/2018-02-05/order_items.parquet,2018-02-05
dfa82c0d8cadaa36975ca3f856251e6c,1,e44f675b60b3a3a2453ec36421e06f0f,218d46b86c1881d022bce9c68a7d4b15,2018-02-09 14:15:33,107.0,12.25,2018-02-05,2018-02-09 14:15:33.000000,2026-08-27T05:17:09.287600+00:00,D:/D drive recovery/Shiva JH/Projects/OneLake Medallion/data/landing/2018-02-05/order_items.parquet,2018-02-05
fa3d745324c8a96e112e217b025689f1,1,48e82f62f499350869ac7529efd9fcbd,cca3071e3e9bb7d12640c9fbe2301306,2018-02-12 15:56:02,54.9,16.14,2018-02-05,2018-02-12 15:56:02.000000,2026-08-27T05:17:09.287600+00:00,D:/D drive recovery/Shiva JH/Projects/OneLake Medallion/data/landing/2018-02-05/order_items.parquet,2018-02-05
237f9d2cdf1d87f8b252ad4e11bb42a7,1,a91c1a94d83d36316c44e00e738607b1,634964b17796e64304cadf1ad3050fb7,2018-02-22 20:10:31,90.0,21.43,2018-02-17,2018-02-22 20:10:31.000000,2026-08-27T05:17:09.287600+00:00,D:/D drive recovery/Shiva JH/Projects/OneLake Medallion/data/landing/2018-02-17/order_items.parquet,2018-02-17
3bece71a0ce79d5d8945d9d665e5164e,1,1e8c9a649b9c92a2acf771c3168e15b8,00ee68308b45bc5e2660cd833c3f81cc,2018-02-21 22:06:51,450.0,16.9,2018-02-17,2018-02-21 22:06:51.000000,2026-08-27T05:17:09.287600+00:00,D:/D drive recovery/Shiva JH/Projects/OneLake Medallion/data/landing/2018-02-17/order_items.parquet,2018-02-17
4c3cc41d9fad33476cbf842592458f36,1,8c292ca193d326152e335d77176746f0,7e1fb0a3ebfb01ffb3a7dae98bf3238d,2018-02-22 15:26:30,150.0,34.85,2018-02-17,2018-02-22 15:26:30.000000,2026-08-27T05:17:09.287600+00:00,D:/D drive recovery/Shiva JH/Projects/OneLake Medallion/data/landing/2018-02-17/order_items.parquet,2018-02-17
82532c4ff0d663ca01d2a9fb7d7123bd,1,ae17f8265a23421715164ab420b62b36,53e4c6e0f4312d4d2107a8c9cddf45cd,2018-02-22 08:30:25,26.0,16.11,2018-02-17,2018-02-22 08:30:25.000000,2026-08-27T05:17:09.287600+00:00,D:/D drive recovery/Shiva JH/Projects/OneLake Medallion/data/landing/2018-02-17/order_items.parquet,2018-02-17
b466442834849de831692c9474402ba7,1,532d7f19b8005e415f5b98a1cf4a8690,6d988d6174a2c27441597174f8905515,2018-02-27 19:50:34,18.95,12.48,2018-02-17,2018-02-27 19:50:34.000000,2026-08-27T05:17:09.287600+00:00,D:/D drive recovery/Shiva JH/Projects/OneLake Medallion/data/landing/2018-02-17/order_items.parquet,2018-02-17
fc66d84250e23153ad4d3424f01388d6,1,c319f453652bff80bc8f9f71d87e56c1,f680f85bee2d253556ac91be391d2c82,2018-02-22 18:46:31,39.99,15.11,2018-02-17,2018-02-22 18:46:31.000000,2026-08-27T05:17:09.287600+00:00,D:/D drive recovery/Shiva JH/Projects/OneLake Medallion/data/landing/2018-02-17/order_items.parquet,2018-02-17
16288edc7382ecd4230909d0907fb939,1,78018501054dd80dc909eee2f22ddbd4,7a67c85e85bb2ce8582c35f2203ad736,2018-03-07 11:29:15,139.99,17.23,2018-03-01,2018-03-07 11:29:15.000000,2026-08-27T05:17:09.287600+00:00,D:/D drive recovery/Shiva JH/Projects/OneLake Medallion/data/landing/2018-03-01/order_items.parquet,2018-03-01
23fd789ce06f3c54f212b3b9d358579f,1,138d7037b59dcee052810952c983033b,218d46b86c1881d022bce9c68a7d4b15,2018-03-07 12:15:36,148.0,18.29,2018-03-01,2018-03-07 12:15:36.000000,2026-08-27T05:17:09.287600+00:00,D:/D drive recovery/Shiva JH/Projects/OneLake Medallion/data/landing/2018-03-01/order_items.parquet,2018-03-01
498e066f76ea893807edbcf498e2cac7,1,08bcc2d85da3a9c0e2ac1cc28b67418d,5f3ae9136c875522250f8184f253413a,2018-03-07 15:30:56,19.9,14.1,2018-03-01,2018-03-07 15:30:56.000000,2026-08-27T05:17:09.287600+00:00,D:/D drive recovery/Shiva JH/Projects/OneLake Medallion/data/landing/2018-03-01/order_items.parquet,2018-03-01
4c9ad1ec8d135d9f6cda60ba64fdc5bf,1,e1ecd7384e97b1ca3f7b1601c78728c9,4830e40640734fc1c52cd21127c341d4,2018-03-07 17:15:33,30.0,52.36,2018-03-01,2018-03-07 17:15:33.000000,2026-08-27T05:17:09.287600+00:00,D:/D drive recovery/Shiva JH/Projects/OneLake Medallion/data/landing/2018-03-01/order_items.parquet,2018-03-01
7501e0d79e115a1491674e6154b47bd4,1,e0d64dcfaa3b6db5c54ca298ae101d05,4869f7a5dfa277a7dca6462dcf3b52b2,2018-03-19 20:20:23,151.9,27.14,2018-03-13,2018-03-19 20:20:23.000000,2026-08-27T05:17:09.287600+00:00,D:/D drive recovery/Shiva JH/Projects/OneLake Medallion/data/landing/2018-03-13/order_items.parquet,2018-03-13
9a71f055d972d1ebacec9df7376ff1e3,1,6c712952b8ef62f8d06a0314917400c8,620c87c171fb2a6dd6e8bb4dec959fc6,2018-03-19 13:30:29,69.9,15.19,2018-03-13,2018-03-19 13:30:29.000000,2026-08-27T05:17:09.287600+00:00,D:/D drive recovery/Shiva JH/Projects/OneLake Medallion/data/landing/2018-03-13/order_items.parquet,2018-03-13
9a71f055d972d1ebacec9df7376ff1e3,2,6c712952b8ef62f8d06a0314917400c8,620c87c171fb2a6dd6e8bb4dec959fc6,2018-03-19 13:30:29,69.9,15.19,2018-03-13,2018-03-19 13:30:29.000000,2026-08-27T05:17:09.287600+00:00,D:/D drive recovery/Shiva JH/Projects/OneLake Medallion/data/landing/2018-03-13/order_items.parquet,2018-03-13
b0e07744a89c97ec7dc4be61ddf6a5ac,1,c89267ee22b330121259fdd56cee5696,0c8380b62e38e8a1e6adbeba7eb9688c,2018-03-19 22:50:33,149.9,62.85,2018-03-13,2018-03-19 22:50:33.000000,2026-08-27T05:17:09.287600+00:00,D:/D drive recovery/Shiva JH/Projects/OneLake Medallion/data/landing/2018-03-13/order_items.parquet,2018-03-13
b5572b1a9c58d00d3ad345667cd3a0de,1,bee2e070c39f3dd2f6883a17a5f0da45,4e922959ae960d389249c378d1c939f5,2018-03-23 02:48:21,180.0,19.14,2018-03-13,2018-03-23 02:48:21.000000,2026-08-27T05:17:09.287600+00:00,D:/D drive recovery/Shiva JH/Projects/OneLake Medallion/data/landing/2018-03-13/order_items.parquet,2018-03-13
4a91f42df2d4a84668e0c30d7880c7c0,1,3fd97d8c7b16543086520039b5c7267a,febab0275244b9a49a623f0bd613ca2f,2018-03-29 21:08:29,49.9,14.44,2018-03-25,2018-03-29 21:08:29.000000,2026-08-27T05:17:09.287600+00:00,D:/D drive recovery/Shiva JH/Projects/OneLake Medallion/data/landing/2018-03-25/order_items.parquet,2018-03-25
cc7dfc8992e6aaa96f3248ff602ee264,1,bda14a918da6a4fa9168277a57d59578,6a0cbc8af2e8abd1bdfb777943d174c6,2018-03-29 10:47:55,115.0,17.72,2018-03-25,2018-03-29 10:47:55.000000,2026-08-27T05:17:09.287600+00:00,D:/D drive recovery/Shiva JH/Projects/OneLake Medallion/data/landing/2018-03-25/order_items.parquet,2018-03-25
e32d9626a1453e6287c515aac985098f,1,3ffc8b6c3ae2afbf307cbd802bfb5e4c,977f9f63dd360c2a32ece2f93ad6d306,2018-03-29 19:30:31,90.9,67.01,2018-03-25,2018-03-29 19:30:31.000000,2026-08-27T05:17:09.287600+00:00,D:/D drive recovery/Shiva JH/Projects/OneLake Medallion/data/landing/2018-03-25/order_items.parquet,2018-03-25
efade7725d5dfe59a8c281511cea69e2,1,5dee2c14e1989141e15d341d4c62d72a,670c26e0f1bf8d0576271d5cfaec6d2b,2018-03-29 14:08:19,89.5,22.34,2018-03-25,2018-03-29 14:08:19.000000,2026-08-27T05:17:09.287600+00:00,D:/D drive recovery/Shiva JH/Projects/OneLake Medallion/data/landing/2018-03-25/order_items.parquet,2018-03-25
f3e7fae1e0a6001047deeefa288f96a9,1,ecbe1ef7e2903ff8b1d704ba78fa264d,6b3bd31ad8fcda4b2635ec9f3ff2ecdf,2018-03-29 11:47:42,89.1,19.59,2018-03-25,2018-03-29 11:47:42.000000,2026-08-27T05:17:09.287600+00:00,D:/D drive recovery/Shiva JH/Projects/OneLake Medallion/data/landing/2018-03-25/order_items.parquet,2018-03-25
111cad04d7595482f30e12764539fcbc,1,c695342500b74ff952db47b541726de1,1eade46fba20122dc4aefb379f8c636b,2018-04-12 18:29:20,13.99,7.39,2018-04-06,2018-04-12 18:29:20.000000,2026-08-27T05:17:09.287600+00:00,D:/D drive recovery/Shiva JH/Projects/OneLake Medallion/data/landing/2018-04-06/order_items.parquet,2018-04-06
79b690847d556fdcccfe7dfdd9d77dd4,1,3ba2b0de14984ce8f072c58be8d701dd,406822777a0b9eb5c50e442dd4cd3ec5,2018-04-12 19:28:46,99.99,47.14,2018-04-06,2018-04-12 19:28:46.000000,2026-08-27T05:17:09.287600+00:00,D:/D drive recovery/Shiva JH/Projects/OneLake Medallion/data/landing/2018-04-06/order_items.parquet,2018-04-06
aba40f06818d2d5bd3590b335352fd3f,1,8e5f38754987574b781aebd5a7d4d33e,9d4db00d65d7760644ac0c14edb5fd86,2018-04-12 17:30:26,22.9,7.87,2018-04-06,2018-04-12 17:30:26.000000,2026-08-27T05:17:09.287600+00:00,D:/D drive recovery/Shiva JH/Projects/OneLake Medallion/data/landing/2018-04-06/order_items.parquet,2018-04-06
d5fbbc2e51c9e93de3502e15b4159d46,1,7088744b00831b410bd17716cb578f39,41b14765bd56c8ad10971074380f9c0c,2018-04-12 02:50:13,34.5,15.23,2018-04-06,2018-04-12 02:50:13.000000,2026-08-27T05:17:09.287600+00:00,D:/D drive recovery/Shiva JH/Projects/OneLake Medallion/data/landing/2018-04-06/order_items.parquet,2018-04-06
396ecd66e534ab22f8c11be648298286,1,7c898e0b8ea203dd94ba846627fc34d1,7c67e1448b00f6e969d365cea6b010ab,2018-05-04 08:15:33,149.94,33.31,2018-04-18,2018-05-04 08:15:33.000000,2026-08-27T05:17:09.287600+00:00,D:/D drive recovery/Shiva JH/Projects/OneLake Medallion/data/landing/2018-04-18/order_items.parquet,2018-04-18
0c31953b008c5e98882d436f4298cde0,1,cac9e5692471a0700418aa3400b9b2b1,7ea5bfa6c340f58f8e71fc1f0412b0d6,2018-05-07 02:15:40,99.49,8.81,2018-04-30,2018-05-07 02:15:40.000000,2026-08-27T05:17:09.287600+00:00,D:/D drive recovery/Shiva JH/Projects/OneLake Medallion/data/landing/2018-04-30/order_items.parquet,2018-04-30
41467837b8621b5014b5a91e78ab3747,1,f77dd338d9f75229a09cbb9a18fd0c9a,1c129092bf23f28a5930387c980c0dfc,2018-05-07 11:11:13,27.5,22.06,2018-04-30,2018-05-07 11:11:13.000000,2026-08-27T05:17:09.287600+00:00,D:/D drive recovery/Shiva JH/Projects/OneLake Medallion/data/landing/2018-04-30/order_items.parquet,2018-04-30
610d2254a191363a1f87185789c63231,1,33f17ed3c6906f7a7ae17a0843536db4,ea8482cd71df3c1969d7b9473ff13abc,2018-05-09 04:52:36,27.99,12.79,2018-04-30,2018-05-09 04:52:36.000000,2026-08-27T05:17:09.287600+00:00,D:/D drive recovery/Shiva JH/Projects/OneLake Medallion/data/landing/2018-04-30/order_items.parquet,2018-04-30
9ec76eb1505d29c81d9bfadf8c2e3afa,1,19c91ef95d509ea33eda93495c4d3481,06a2c3af7b3aee5d69171b0e14f0ee87,2018-05-07 02:53:11,119.99,62.87,2018-04-30,2018-05-07 02:53:11.000000,2026-08-27T05:17:09.287600+00:00,D:/D drive recovery/Shiva JH/Projects/OneLake Medallion/data/landing/2018-04-30/order_items.parquet,2018-04-30
c7eceb983991b7e80256afc58a39d0aa,1,8e7a3ee016b12c87b5e3e7e717620758,955fee9216a65b617aa5c0531780ce60,2018-05-08 09:31:04,110.0,14.13,2018-04-30,2018-05-08 09:31:04.000000,2026-08-27T05:17:09.287600+00:00,D:/D drive recovery/Shiva JH/Projects/OneLake Medallion/data/landing/2018-04-30/order_items.parquet,2018-04-30
cd6f283a1308f75b894c315359b521d7,1,b42c05a477c94b52587fa47d777928df,cfb1a033743668a192316f3c6d1d2671,2018-05-07 10:15:44,94.5,12.0,2018-04-30,2018-05-07 10:15:44.000000,2026-08-27T05:17:09.287600+00:00,D:/D drive recovery/Shiva JH/Projects/OneLake Medallion/data/landing/2018-04-30/order_items.parquet,2018-04-30
21babe33a62ea8ca20539175f5f77dd2,1,641a45900528e8324c4848dda4e0a3fa,4830e40640734fc1c52cd21127c341d4,2018-05-15 23:16:33,25.99,8.88,2018-05-12,2018-05-15 23:16:33.000000,2026-08-27T05:17:09.287600+00:00,D:/D drive recovery/Shiva JH/Projects/OneLake Medallion/data/landing/2018-05-12/order_items.parquet,2018-05-12
7d8f5bfd5aff648220374a2df62e84d5,1,bf1a9a02e2160143755052e6bf59740f,0b35c634521043bf4b47e21547b99ab5,2018-05-20 22:50:11,89.0,0.48,2018-05-12,2018-05-20 22:50:11.000000,2026-08-27T05:17:09.287600+00:00,D:/D drive recovery/Shiva JH/Projects/OneLake Medallion/data/landing/2018-05-12/order_items.parquet,2018-05-12
7d8f5bfd5aff648220374a2df62e84d5,2,507914b4af243e0589c389ac50545ef6,0b35c634521043bf4b47e21547b99ab5,2018-05-20 22:50:11,69.0,6.01,2018-05-12,2018-05-20 22:50:11.000000,2026-08-27T05:17:09.287600+00:00,D:/D drive recovery/Shiva JH/Projects/OneLake Medallion/data/landing/2018-05-12/order_items.parquet,2018-05-12
7d8f5bfd5aff648220374a2df62e84d5,3,5b1f3328a2c6f837ecce21bca1489939,0b35c634521043bf4b47e21547b99ab5,2018-05-20 22:50:11,69.0,6.0,2018-05-12,2018-05-20 22:50:11.000000,2026-08-27T05:17:09.287600+00:00,D:/D drive recovery/Shiva JH/Projects/OneLake Medallion/data/landing/2018-05-12/order_items.parquet,2018-05-12
7d8f5bfd5aff648220374a2df62e84d5,4,d6fa8b99ed80bff9dcddd3fdefa6e68d,0b35c634521043bf4b47e21547b99ab5,2018-05-20 22:50:11,89.0,0.48,2018-05-12,2018-05-20 22:50:11.000000,2026-08-27T05:17:09.287600+00:00,D:/D drive recovery/Shiva JH/Projects/OneLake Medallion/data/landing/2018-05-12/order_items.parquet,2018-05-12
7d8f5bfd5aff648220374a2df62e84d5,5,26facbccf840188b92bcc8cb89fe1f64,0b35c634521043bf4b47e21547b99ab5,2018-05-20 22:50:11,69.0,0.48,2018-05-12,2018-05-20 22:50:11.000000,2026-08-27T05:17:09.287600+00:00,D:/D drive recovery/Shiva JH/Projects/OneLake Medallion/data/landing/2018-05-12/order_items.parquet,2018-05-12
7d8f5bfd5aff648220374a2df62e84d5,6,678c229b41c0e497d35a25a8be1cc631,0b35c634521043bf4b47e21547b99ab5,2018-05-20 22:50:11,89.0,6.01,2018-05-12,2018-05-20 22:50:11.000000,2026-08-27T05:17:09.287600+00:00,D:/D drive recovery/Shiva JH/Projects/OneLake Medallion/data/landing/2018-05-12/order_items.parquet,2018-05-12
7d8f5bfd5aff648220374a2df62e84d5,7,5dae498eff2d80057f56122235a36aff,0b35c634521043bf4b47e21547b99ab5,2018-05-20 22:50:11,89.0,0.48,2018-05-12,2018-05-20 22:50:11.000000,2026-08-27T05:17:09.287600+00:00,D:/D drive recovery/Shiva JH/Projects/OneLake Medallion/data/landing/2018-05-12/order_items.parquet,2018-05-12
c7f9a63be296b2be1bb5ad47c7d61dd2,1,0983cd4a5cabf1099659ce461511963c,3d2531eccfbde1d7c8db7a3a12fb267a,2018-05-21 12:31:40,99.99,16.67,2018-05-12,2018-05-21 12:31:40.000000,2026-08-27T05:17:09.287600+00:00,D:/D drive recovery/Shiva JH/Projects/OneLake Medallion/data/landing/2018-05-12/order_items.parquet,2018-05-12
e14ffd08eda953986d92a6cf45978ad3,1,0cf41187284d7f099adc8415a743ebbd,bbad7e518d7af88a0897397ffdca1979,2018-05-17 13:14:29,35.9,19.32,2018-05-12,2018-05-17 13:14:29.000000,2026-08-27T05:17:09.287600+00:00,D:/D drive recovery/Shiva JH/Projects/OneLake Medallion/data/landing/2018-05-12/order_items.parquet,2018-05-12
7dae8e764e7cce9b6197c024b802e5d9,1,a5e537da8376b8623758e0186bfa400f,e883aa812c37a7413226856f4579fe91,2018-05-30 02:31:23,69.9,19.46,2018-05-24,2018-05-30 02:31:23.000000,2026-08-27T05:17:09.287600+00:00,D:/D drive recovery/Shiva JH/Projects/OneLake Medallion/data/landing/2018-05-24/order_items.parquet,2018-05-24
2feb60b66471f9985b3f06df1f360f34,1,3a8023f6ae79b6b7da36d630f2ee1658,e8b4225284fbb02d16f200513f1f395d,2018-06-15 02:54:34,180.4,23.84,2018-06-05,2018-06-15 02:54:34.000000,2026-08-27T05:17:09.287600+00:00,D:/D drive recovery/Shiva JH/Projects/OneLake Medallion/data/landing/2018-06-05/order_items.parquet,2018-06-05
4ee512b414a41f8ed0239751fc1d77bf,1,909b87db6cb3a7ab26bd03cc59860136,de722cd6dad950a92b7d4f82673f8833,2018-06-13 20:32:12,40.0,13.61,2018-06-05,2018-06-13 20:32:12.000000,2026-08-27T05:17:09.287600+00:00,D:/D drive recovery/Shiva JH/Projects/OneLake Medallion/data/landing/2018-06-05/order_items.parquet,2018-06-05
9979adea9a6e9beb05f965201bfe6e5b,1,57ba617c4fc4ceef2df5f1574e906320,fa1c13f2614d7b5c4749cbc52fecda94,2018-06-13 13:35:25,539.89,10.64,2018-06-05,2018-06-13 13:35:25.000000,2026-08-27T05:17:09.287600+00:00,D:/D drive recovery/Shiva JH/Projects/OneLake Medallion/data/landing/2018-06-05/order_items.parquet,2018-06-05
b2b22e6b8ad71ac3e8d2242b8f49c910,1,d04857e7b4b708ee8b8b9921163edba3,9f505651f4a6abe901a56cdc21508025,2018-06-13 21:31:14,67.99,16.45,2018-06-05,2018-06-13 21:31:14.000000,2026-08-27T05:17:09.287600+00:00,D:/D drive recovery/Shiva JH/Projects/OneLake Medallion/data/landing/2018-06-05/order_items.parquet,2018-06-05
ec65679b4c5a964591180c6066177c5d,1,431fd984f18cf930e301e4815be65ca4,0b35c634521043bf4b47e21547b99ab5,2018-06-13 12:55:40,94.0,34.2,2018-06-05,2018-06-13 12:55:40.000000,2026-08-27T05:17:09.287600+00:00,D:/D drive recovery/Shiva JH/Projects/OneLake Medallion/data/landing/2018-06-05/order_items.parquet,2018-06-05
9139babf733ce09659b1ed642a48d227,1,d2744565da36ef69f99ed42b0527dab6,2a5b78b41cd05baeac8df54c6606b92c,2018-06-21 18:31:39,99.97,18.8,2018-06-17,2018-06-21 18:31:39.000000,2026-08-27T05:17:09.287600+00:00,D:/D drive recovery/Shiva JH/Projects/OneLake Medallion/data/landing/2018-06-17/order_items.parquet,2018-06-17
b97ba3fb5b212d01ef75f4f4131c1207,1,a92930c327948861c015c919a0bcb4a8,6560211a19b47992c3666cc44a7e94c0,2018-06-19 21:55:11,78.0,7.81,2018-06-17,2018-06-19 21:55:11.000000,2026-08-27T05:17:09.287600+00:00,D:/D drive recovery/Shiva JH/Projects/OneLake Medallion/data/landing/2018-06-17/order_items.parquet,2018-06-17
04221a4eb2e1a30903ffaaa72f8b268c,1,f20a14d45e85b05ef554d10d7283f7da,2138ccb85b11a4ec1e37afbd1c8eda1f,2018-07-04 20:15:10,39.99,12.94,2018-06-29,2018-07-04 20:15:10.000000,2026-08-27T05:17:09.287600+00:00,D:/D drive recovery/Shiva JH/Projects/OneLake Medallion/data/landing/2018-06-29/order_items.parquet,2018-06-29
0e9f9f05e9d249728b37d577ce0661da,1,ca5c923962558430573f83661dbe36d6,66922902710d126a0e7d26b0e3805106,2018-07-03 02:52:24,105.0,12.23,2018-06-29,2018-07-03 02:52:24.000000,2026-08-27T05:17:09.287600+00:00,D:/D drive recovery/Shiva JH/Projects/OneLake Medallion/data/landing/2018-06-29/order_items.parquet,2018-06-29
1e89e2312f1a1fd948c615602f200480,1,1c21c1ed398eae61184065889ca3d4b0,a3e9a2c700480d9bb01fba070ba80a0e,2018-07-06 08:32:47,69.0,14.06,2018-06-29,2018-07-06 08:32:47.000000,2026-08-27T05:17:09.287600+00:00,D:/D drive recovery/Shiva JH/Projects/OneLake Medallion/data/landing/2018-06-29/order_items.parquet,2018-06-29
77c34615b2963e4bf4b48d59da0eb5e1,1,a50acd33ba7a8da8e9db65094fa990a4,8581055ce74af1daba164fdbd55a40de,2017-01-22 17:44:05,117.3,22.29,2017-01-18,2017-01-22 17:44:05.000000,2026-08-27T05:17:09.287600+00:00,D:/D drive recovery/Shiva JH/Projects/OneLake Medallion/data/landing/2017-01-18/order_items.parquet,2017-01-18
4eb2ac97a426c7f771f8bb1ef6ba5771,1,4135a8c6b588263879a627ed27a2a3c3,8cc6a0e5738e61a87b03c78b2ba9db4b,2017-02-15 18:33:28,89.9,21.11,2017-02-11,2017-02-15 18:33:28.000000,2026-08-27T05:17:09.287600+00:00,D:/D drive recovery/Shiva JH/Projects/OneLake Medallion/data/landing/2017-02-11/order_items.parquet,2017-02-11
0af96849112c968e7764ac7f17e4f9f7,1,ca349c4d87c594b4995fcc4fa9c0b77b,b499c00f28f4b7069ff6550af8c1348a,2017-02-27 16:55:51,39.99,10.96,2017-02-23,2017-02-27 16:55:51.000000,2026-08-27T05:17:09.287600+00:00,D:/D drive recovery/Shiva JH/Projects/OneLake Medallion/data/landing/2017-02-23/order_items.parquet,2017-02-23
29a3f9363409cd00a7860cb0e8d5c460,1,4039be757013ccb66cb41d683261dece,c731d18cea9bf687ffee82a241c25b11,2017-02-27 12:20:44,142.0,21.07,2017-02-23,2017-02-27 12:20:44.000000,2026-08-27T05:17:09.287600+00:00,D:/D drive recovery/Shiva JH/Projects/OneLake Medallion/data/landing/2017-02-23/order_items.parquet,2017-02-23
7829c222faf130ddecd0a997d677da22,1,0705b33fb285827a578fce4899f1b921,318f287a62ab7ac10b703ac37435a231,2017-03-02 02:22:30,22.5,9.34,2017-02-23,2017-03-02 02:22:30.000000,2026-08-27T05:17:09.287600+00:00,D:/D drive recovery/Shiva JH/Projects/OneLake Medallion/data/landing/2017-02-23/order_items.parquet,2017-02-23
dd5ebf00c3d8b88a41ec9c8450ec59db,1,357a9e8a4b691ffbb0f855b23d490c4e,432c37c9dfba871172ec162e20118b8c,2017-04-18 14:55:20,31.0,8.72,2017-04-12,2017-04-18 14:55:20.000000,2026-08-27T05:17:09.287600+00:00,D:/D drive recovery/Shiva JH/Projects/OneLake Medallion/data/landing/2017-04-12/order_items.parquet,2017-04-12
21e37650ff5769ef4eaa10725322d871,1,a6a4a3de57effbbec7c478c6a03fa074,7b07b3c7487f0ea825fc6df75abd658b,2017-05-03 02:15:22,258.0,15.98,2017-04-24,2017-05-03 02:15:22.000000,2026-08-27T05:17:09.287600+00:00,D:/D drive recovery/Shiva JH/Projects/OneLake Medallion/data/landing/2017-04-24/order_items.parquet,2017-04-24
2dc8ae13ff86f4dcefb60ddfbaf43df8,1,90f83991bae254d0fd02bdddaa20b340,cca3071e3e9bb7d12640c9fbe2301306,2017-05-03 22:22:20,139.9,19.57,2017-04-24,2017-05-03 22:22:20.000000,2026-08-27T05:17:09.287600+00:00,D:/D drive recovery/Shiva JH/Projects/OneLake Medallion/data/landing/2017-04-24/order_items.parquet,2017-04-24
a4d63c74eb133a700461000c2e8df158,1,0067f97995b0c3a86739734dc87ee6b6,6560211a19b47992c3666cc44a7e94c0,2017-04-28 19:15:12,79.0,14.31,2017-04-24,2017-04-28 19:15:12.000000,2026-08-27T05:17:09.287600+00:00,D:/D drive recovery/Shiva JH/Projects/OneLake Medallion/data/landing/2017-04-24/order_items.parquet,2017-04-24
af2adc7e31b52bdfe068cf60426b54b2,1,3be495aa2bea5ca3041d723c2db13209,abc015ebac1d283a323ca9db35ede4b9,2017-05-03 02:25:18,89.0,11.23,2017-04-24,2017-05-03 02:25:18.000000,2026-08-27T05:17:09.287600+00:00,D:/D drive recovery/Shiva JH/Projects/OneLake Medallion/data/landing/2017-04-24/order_items.parquet,2017-04-24
41e4e97a46cf14b6cfef187c00668efd,1,f264c1d9b20b5e4a340254d0405e613b,7a67c85e85bb2ce8582c35f2203ad736,2017-05-11 17:22:01,69.99,16.74,2017-05-06,2017-05-11 17:22:01.000000,2026-08-27T05:17:09.287600+00:00,D:/D drive recovery/Shiva JH/Projects/OneLake Medallion/data/landing/2017-05-06/order_items.parquet,2017-05-06
badff059f06914594e6477d1273478db,1,a1e9b0d76a76ff474f4a4374fcfb8c42,7008613ea464bad5cb9b83456e1e6a8f,2017-05-11 16:05:09,42.0,17.19,2017-05-06,2017-05-11 16:05:09.000000,2026-08-27T05:17:09.287600+00:00,D:/D drive recovery/Shiva JH/Projects/OneLake Medallion/data/landing/2017-05-06/order_items.parquet,2017-05-06
badff059f06914594e6477d1273478db,2,a1e9b0d76a76ff474f4a4374fcfb8c42,7008613ea464bad5cb9b83456e1e6a8f,2017-05-11 16:05:09,42.0,17.19,2017-05-06,2017-05-11 16:05:09.000000,2026-08-27T05:17:09.287600+00:00,D:/D drive recovery/Shiva JH/Projects/OneLake Medallion/data/landing/2017-05-06/order_items.parquet,2017-05-06
badff059f06914594e6477d1273478db,3,a1e9b0d76a76ff474f4a4374fcfb8c42,7008613ea464bad5cb9b83456e1e6a8f,2017-05-11 16:05:09,42.0,17.19,2017-05-06,2017-05-11 16:05:09.000000,2026-08-27T05:17:09.287600+00:00,D:/D drive recovery/Shiva JH/Projects/OneLake Medallion/data/landing/2017-05-06/order_items.parquet,2017-05-06
badff059f06914594e6477d1273478db,4,a1e9b0d76a76ff474f4a4374fcfb8c42,7008613ea464bad5cb9b83456e1e6a8f,2017-05-11 16:05:09,42.0,17.19,2017-05-06,2017-05-11 16:05:09.000000,2026-08-27T05:17:09.287600+00:00,D:/D drive recovery/Shiva JH/Projects/OneLake Medallion/data/landing/2017-05-06/order_items.parquet,2017-05-06
ca8302550f63d763f285c7465c651803,1,1b06c90f0a31f14d0f505323b5723a80,f8db351d8c4c4c22c6835c19a46f01b0,2017-05-11 16:25:16,61.9,12.77,2017-05-06,2017-05-11 16:25:16.000000,2026-08-27T05:17:09.287600+00:00,D:/D drive recovery/Shiva JH/Projects/OneLake Medallion/data/landing/2017-05-06/order_items.parquet,2017-05-06
4307e89df5cb485b0b67e0f91025703f,1,89427567da9c9b075c9dca131535104d,3d871de0142ce09b7081e2b9d1733cb1,2017-05-24 15:42:35,25.0,15.1,2017-05-18,2017-05-24 15:42:35.000000,2026-08-27T05:17:09.287600+00:00,D:/D drive recovery/Shiva JH/Projects/OneLake Medallion/data/landing/2017-05-18/order_items.parquet,2017-05-18
b82b1a7017f4c904921dd5c6c6da8804,1,e68e475e0e1fa8744c2aef0f9864d679,b2ba3715d723d245138f291a6fe42594,2017-06-12 22:55:17,214.9,17.75,2017-05-30,2017-06-12 22:55:17.000000,2026-08-27T05:17:09.287600+00:00,D:/D drive recovery/Shiva JH/Projects/OneLake Medallion/data/landing/2017-05-30/order_items.parquet,2017-05-30
5433a0ef395e151f154279cd3fcde661,1,54405df05005a5933a1a2851d1c69c86,3f8247d0f772ffa58560e5c682521ad5,2017-06-15 05:15:15,139.9,18.55,2017-06-11,2017-06-15 05:15:15.000000,2026-08-27T05:17:09.287600+00:00,D:/D drive recovery/Shiva JH/Projects/OneLake Medallion/data/landing/2017-06-11/order_items.parquet,2017-06-11
b0e26123a9efc3ad3ef191e50b262084,1,ed6fbe9d8190ee9110b95ce820fc9f02,41b39e28db005d9731d9d485a83b4c38,2017-06-16 14:50:22,37.9,15.1,2017-06-11,2017-06-16 14:50:22.000000,2026-08-27T05:17:09.287600+00:00,D:/D drive recovery/Shiva JH/Projects/OneLake Medallion/data/landing/2017-06-11/order_items.parquet,2017-06-11
dda40954d6373d50d10f2b761c69ac7e,1,f422d0d9f8b5f7c27289382b14b61248,1554a68530182680ad5c8b042c3ab563,2017-06-26 18:25:09,66.99,17.72,2017-06-11,2017-06-26 18:25:09.000000,2026-08-27T05:17:09.287600+00:00,D:/D drive recovery/Shiva JH/Projects/OneLake Medallion/data/landing/2017-06-11/order_items.parquet,2017-06-11
50c71607b83f5edc9a65e7c7d9910b1a,1,99a4788cb24856965c36a24e339b6058,4a3ca9315b744ce9f8e9374361493884,2017-06-29 11:35:14,89.9,15.38,2017-06-23,2017-06-29 11:35:14.000000,2026-08-27T05:17:09.287600+00:00,D:/D drive recovery/Shiva JH/Projects/OneLake Medallion/data/landing/2017-06-23/order_items.parquet,2017-06-23
1f32e76e92fc0ebf756639dad26ebaa9,1,952670bc019a73f0933157ec82ff6e4f,37be5a7c751166fbc5f8ccba4119e043,2017-07-14 02:46:03,205.0,15.04,2017-07-05,2017-07-14 02:46:03.000000,2026-08-27T05:17:09.287600+00:00,D:/D drive recovery/Shiva JH/Projects/OneLake Medallion/data/landing/2017-07-05/order_items.parquet,2017-07-05
6631941f15912a0be1a1951cfbfaf3f3,1,9d09afe70e3f77b5999d6199ab66e98f,570d4583587a5fe2d47c7be89b91ad27,2017-07-11 22:05:25,37.29,11.85,2017-07-05,2017-07-11 22:05:25.000000,2026-08-27T05:17:09.287600+00:00,D:/D drive recovery/Shiva JH/Projects/OneLake Medallion/data/landing/2017-07-05/order_items.parquet,2017-07-05
b60cb82db24efcb2f5d0df26426c3af2,1,80df62ce491a20d390c9f69402310f0a,85d9eb9ddc5d00ca9336a2219c97bb13,2017-07-11 22:25:28,38.9,15.1,2017-07-05,2017-07-11 22:25:28.000000,2026-08-27T05:17:09.287600+00:00,D:/D drive recovery/Shiva JH/Projects/OneLake Medallion/data/landing/2017-07-05/order_items.parquet,2017-07-05
3087da82d2601b8b5d7eb062012632b3,1,558180406ec5ec2f77e01f2807180c20,431af27f296bc6519d890aa5a05fdb11,2017-07-25 03:55:28,82.9,12.08,2017-07-17,2017-07-25 03:55:28.000000,2026-08-27T05:17:09.287600+00:00,D:/D drive recovery/Shiva JH/Projects/OneLake Medallion/data/landing/2017-07-17/order_items.parquet,2017-07-17
c70715c3111d10111116543cfc29f3ca,1,07c055536ebf10dfbb6c6db6dbfc36e5,cca3071e3e9bb7d12640c9fbe2301306,2017-07-23 21:03:31,45.9,12.69,2017-07-17,2017-07-23 21:03:31.000000,2026-08-27T05:17:09.287600+00:00,D:/D drive recovery/Shiva JH/Projects/OneLake Medallion/data/landing/2017-07-17/order_items.parquet,2017-07-17
e4bed70dad1c8ff6bfb51ce87e9df866,1,dd927d4f29ebb0702657ffc71c17c2d4,cca3071e3e9bb7d12640c9fbe2301306,2017-07-21 15:15:14,227.07,30.38,2017-07-17,2017-07-21 15:15:14.000000,2026-08-27T05:17:09.287600+00:00,D:/D drive recovery/Shiva JH/Projects/OneLake Medallion/data/landing/2017-07-17/order_items.parquet,2017-07-17
e760cfb29c60e22956a48ad4c4e6a639,1,0705b33fb285827a578fce4899f1b921,318f287a62ab7ac10b703ac37435a231,2017-07-24 05:55:16,22.5,9.34,2017-07-17,2017-07-24 05:55:16.000000,2026-08-27T05:17:09.287600+00:00,D:/D drive recovery/Shiva JH/Projects/OneLake Medallion/data/landing/2017-07-17/order_items.parquet,2017-07-17
645d89884725deda9a632a1cd0658149,1,726e355b119d1f8186283de59fc5b702,dbc22125167c298ef99da25668e1011f,2017-08-03 13:34:56,80.9,14.3,2017-07-29,2017-08-03 13:34:56.000000,2026-08-27T05:17:09.287600+00:00,D:/D drive recovery/Shiva JH/Projects/OneLake Medallion/data/landing/2017-07-29/order_items.parquet,2017-07-29
e69bfb5eb88e0ed6a785585b27e16dbf,1,9a78fb9862b10749a117f7fc3c31f051,7c67e1448b00f6e969d365cea6b010ab,2017-08-11 12:05:32,149.99,19.77,2017-07-29,2017-08-11 12:05:32.000000,2026-08-27T05:17:09.287600+00:00,D:/D drive recovery/Shiva JH/Projects/OneLake Medallion/data/landing/2017-07-29/order_items.parquet,2017-07-29
5fbf3a364c57e553f502c5ee2a388da1,1,d017a2151d543a9885604dc62a3d9dcc,6560211a19b47992c3666cc44a7e94c0,2017-08-17 12:04:07,49.0,14.1,2017-08-10,2017-08-17 12:04:07.000000,2026-08-27T05:17:09.287600+00:00,D:/D drive recovery/Shiva JH/Projects/OneLake Medallion/data/landing/2017-08-10/order_items.parquet,2017-08-10
783c795ca45c01ac1ebe459d8c26751d,1,73258e01fadbaf7648577beb152e1320,87142160b41353c4e5fca2360caf6f92,2017-08-18 06:43:31,30.0,17.92,2017-08-10,2017-08-18 06:43:31.000000,2026-08-27T05:17:09.287600+00:00,D:/D drive recovery/Shiva JH/Projects/OneLake Medallion/data/landing/2017-08-10/order_items.parquet,2017-08-10
783c795ca45c01ac1ebe459d8c26751d,2,73258e01fadbaf7648577beb152e1320,87142160b41353c4e5fca2360caf6f92,2017-08-18 06:43:31,30.0,17.92,2017-08-10,2017-08-18 06:43:31.000000,2026-08-27T05:17:09.287600+00:00,D:/D drive recovery/Shiva JH/Projects/OneLake Medallion/data/landing/2017-08-10/order_items.parquet,2017-08-10
783c795ca45c01ac1ebe459d8c26751d,3,73258e01fadbaf7648577beb152e1320,87142160b41353c4e5fca2360caf6f92,2017-08-18 06:43:31,30.0,17.92,2017-08-10,2017-08-18 06:43:31.000000,2026-08-27T05:17:09.287600+00:00,D:/D drive recovery/Shiva JH/Projects/OneLake Medallion/data/landing/2017-08-10/order_items.parquet,2017-08-10
35c16e53e67eb73077166edd4aa57fd7,1,7d50930301709838d8e90dcac5cfaa84,9616352088dcf83a7c06637f4ebf1c80,2017-08-30 20:46:35,59.9,17.99,2017-08-22,2017-08-30 20:46:35.000000,2026-08-27T05:17:09.287600+00:00,D:/D drive recovery/Shiva JH/Projects/OneLake Medallion/data/landing/2017-08-22/order_items.parquet,2017-08-22
3deeaa4d253d9612fe55428163839325,1,c6336fa91fbd87c359e44f5dca5a90ed,4c2b230173bb36f9b240f2b8ac11786e,2017-08-28 15:27:10,45.9,8.72,2017-08-22,2017-08-28 15:27:10.000000,2026-08-27T05:17:09.287600+00:00,D:/D drive recovery/Shiva JH/Projects/OneLake Medallion/data/landing/2017-08-22/order_items.parquet,2017-08-22
e37400ea2216206cb88f2d8c87b4aa35,1,f71973c922ccaab05514a36a8bc741b8,5dceca129747e92ff8ef7a997dc4f8ca,2017-08-28 21:15:25,108.9,56.04,2017-08-22,2017-08-28 21:15:25.000000,2026-08-27T05:17:09.287600+00:00,D:/D drive recovery/Shiva JH/Projects/OneLake Medallion/data/landing/2017-08-22/order_items.parquet,2017-08-22
f6d0018789810848d254ef989ed2108c,1,a237de12bdf0bfe4fe220bae65a89731,6c7d50c24b3ccd2fd83b44d8bb34e073,2017-08-29 02:46:55,37.5,13.37,2017-08-22,2017-08-29 02:46:55.000000,2026-08-27T05:17:09.287600+00:00,D:/D drive recovery/Shiva JH/Projects/OneLake Medallion/data/landing/2017-08-22/order_items.parquet,2017-08-22
b2831c53b9a182b11c1f4c1ffd6aa8e6,1,7ada7bee4052075cf6310885da8c4392,3d871de0142ce09b7081e2b9d1733cb1,2017-09-08 18:50:20,79.0,13.57,2017-09-03,2017-09-08 18:50:20.000000,2026-08-27T05:17:09.287600+00:00,D:/D drive recovery/Shiva JH/Projects/OneLake Medallion/data/landing/2017-09-03/order_items.parquet,2017-09-03
fcaf5f5131e3480217cfa4c664cc8875,1,7ace8e994998f636a12d3cdc71c6b942,897060da8b9a21f655304d50fd935913,2017-09-08 12:04:03,29.9,15.1,2017-09-03,2017-09-08 12:04:03.000000,2026-08-27T05:17:09.287600+00:00,D:/D drive recovery/Shiva JH/Projects/OneLake Medallion/data/landing/2017-09-03/order_items.parquet,2017-09-03
fcaf5f5131e3480217cfa4c664cc8875,2,7ace8e994998f636a12d3cdc71c6b942,897060da8b9a21f655304d50fd935913,2017-09-08 12:04:03,29.9,15.1,2017-09-03,2017-09-08 12:04:03.000000,2026-08-27T05:17:09.287600+00:00,D:/D drive recovery/Shiva JH/Projects/OneLake Medallion/data/landing/2017-09-03/order_items.parquet,2017-09-03
fcaf5f5131e3480217cfa4c664cc8875,3,7ace8e994998f636a12d3cdc71c6b942,897060da8b9a21f655304d50fd935913,2017-09-08 12:04:03,29.9,15.1,2017-09-03,2017-09-08 12:04:03.000000,2026-08-27T05:17:09.287600+00:00,D:/D drive recovery/Shiva JH/Projects/OneLake Medallion/data/landing/2017-09-03/order_items.parquet,2017-09-03
8712dadcec00a4826a72ac3431a3ced1,1,2a2d22ae30e026f1893083c8405ca522,1a3df491d1c4f1589fc2b934ada68bf2,2017-09-25 02:55:54,159.0,23.98,2017-09-15,2017-09-25 02:55:54.000000,2026-08-27T05:17:09.287600+00:00,D:/D drive recovery/Shiva JH/Projects/OneLake Medallion/data/landing/2017-09-15/order_items.parquet,2017-09-15
8989fdd29d2925c7e819138db8e2ef90,1,154e7e31ebfa092203795c972e5804a6,cc419e0650a3c5ba77189a1882b7556a,2017-09-26 12:25:08,23.99,15.1,2017-09-15,2017-09-26 12:25:08.000000,2026-08-27T05:17:09.287600+00:00,D:/D drive recovery/Shiva JH/Projects/OneLake Medallion/data/landing/2017-09-15/order_items.parquet,2017-09-15
9e50d6711cd120b8b6fecc98aca9d306,1,e0f33a3329af6716a0bb47fd7a664439,7e26c750b4cb9f6766f58265ff9ebe95,2017-09-21 07:50:08,49.8,12.48,2017-09-15,2017-09-21 07:50:08.000000,2026-08-27T05:17:09.287600+00:00,D:/D drive recovery/Shiva JH/Projects/OneLake Medallion/data/landing/2017-09-15/order_items.parquet,2017-09-15
e2b405ccb5839931cae6f89767eada9b,1,eaaedcf6f1fee559b27b286e16afdf88,18a349e75d307f4b4cc646a691ed4216,2017-09-26 06:45:08,47.7,15.79,2017-09-15,2017-09-26 06:45:08.000000,2026-08-27T05:17:09.287600+00:00,D:/D drive recovery/Shiva JH/Projects/OneLake Medallion/data/landing/2017-09-15/order_items.parquet,2017-09-15
4671212f0e4f559c957baffa7a97aec5,1,e29f2f8197f332ab172ad9ea6566853d,e9bc59e7b60fc3063eb2290deda4cced,2017-10-04 03:05:17,98.9,17.13,2017-09-27,2017-10-04 03:05:17.000000,2026-08-27T05:17:09.287600+00:00,D:/D drive recovery/Shiva JH/Projects/OneLake Medallion/data/landing/2017-09-27/order_items.parquet,2017-09-27
4671212f0e4f559c957baffa7a97aec5,2,e29f2f8197f332ab172ad9ea6566853d,e9bc59e7b60fc3063eb2290deda4cced,2017-10-04 03:05:17,98.9,17.13,2017-09-27,2017-10-04 03:05:17.000000,2026-08-27T05:17:09.287600+00:00,D:/D drive recovery/Shiva JH/Projects/OneLake Medallion/data/landing/2017-09-27/order_items.parquet,2017-09-27
8365dc5dc298b24c2dfa22b90c5df20e,1,f5caa36f71f444c6508c84818cab5641,dd533b429f380718b70ad9922c294bae,2017-10-03 01:14:14,21.9,17.6,2017-09-27,2017-10-03 01:14:14.000000,2026-08-27T05:17:09.287600+00:00,D:/D drive recovery/Shiva JH/Projects/OneLake Medallion/data/landing/2017-09-27/order_items.parquet,2017-09-27
232a2ccad012f3cb2ebe4ea479e0b1af,1,0649f548e3fa70d40eb8fd98ecfe6322,2138ccb85b11a4ec1e37afbd1c8eda1f,2017-10-18 04:49:34,19.99,14.1,2017-10-09,2017-10-18 04:49:34.000000,2026-08-27T05:17:09.287600+00:00,D:/D drive recovery/Shiva JH/Projects/OneLake Medallion/data/landing/2017-10-09/order_items.parquet,2017-10-09
99d9290d68f3a7252778d4cfda7cd872,1,1975ce374d56d707bd8b88065779de72,b499c00f28f4b7069ff6550af8c1348a,2017-10-18 22:49:37,167.99,17.91,2017-10-09,2017-10-18 22:49:37.000000,2026-08-27T05:17:09.287600+00:00,D:/D drive recovery/Shiva JH/Projects/OneLake Medallion/data/landing/2017-10-09/order_items.parquet,2017-10-09
e235f2f2440fa2abd4c0777a2fda1026,1,dd735a55e6c75fb8fbe93e14d1c3bf07,8f78f0903005064036736c7173a5c2ed,2017-10-16 20:49:23,26.9,15.1,2017-10-09,2017-10-16 20:49:23.000000,2026-08-27T05:17:09.287600+00:00,D:/D drive recovery/Shiva JH/Projects/OneLake Medallion/data/landing/2017-10-09/order_items.parquet,2017-10-09
e235f2f2440fa2abd4c0777a2fda1026,2,b22be29b1a6f923436642bb5fe433071,8f78f0903005064036736c7173a5c2ed,2017-10-16 20:49:23,26.9,15.1,2017-10-09,2017-10-16 20:49:23.000000,2026-08-27T05:17:09.287600+00:00,D:/D drive recovery/Shiva JH/Projects/OneLake Medallion/data/landing/2017-10-09/order_items.parquet,2017-10-09
189a53cf93264d51ff7b5a92601c7a34,1,cd6efbd49aaf6ab8c3eb9605aae7e942,1da3aeb70d7989d1e6d9b0e887f97c23,2017-10-26 12:07:16,19.99,7.78,2017-10-21,2017-10-26 12:07:16.000000,2026-08-27T05:17:09.287600+00:00,D:/D drive recovery/Shiva JH/Projects/OneLake Medallion/data/landing/2017-10-21/order_items.parquet,2017-10-21
189a53cf93264d51ff7b5a92601c7a34,2,cd6efbd49aaf6ab8c3eb9605aae7e942,1da3aeb70d7989d1e6d9b0e887f97c23,2017-10-26 12:07:16,19.99,7.78,2017-10-21,2017-10-26 12:07:16.000000,2026-08-27T05:17:09.287600+00:00,D:/D drive recovery/Shiva JH/Projects/OneLake Medallion/data/landing/2017-10-21/order_items.parquet,2017-10-21
3cf35e66383eac0fa651e99728d09c8c,1,24c66f106f642621e524291a895c9032,620c87c171fb2a6dd6e8bb4dec959fc6,2017-10-26 00:07:19,149.9,18.3,2017-10-21,2017-10-26 00:07:19.000000,2026-08-27T05:17:09.287600+00:00,D:/D drive recovery/Shiva JH/Projects/OneLake Medallion/data/landing/2017-10-21/order_items.parquet,2017-10-21
718db37c9161a7d6124c332ea8780b19,1,3831462c36ead78cff9e8fb704dbb879,3d871de0142ce09b7081e2b9d1733cb1,2017-10-26 10:49:29,120.0,13.86,2017-10-21,2017-10-26 10:49:29.000000,2026-08-27T05:17:09.287600+00:00,D:/D drive recovery/Shiva JH/Projects/OneLake Medallion/data/landing/2017-10-21/order_items.parquet,2017-10-21
5683975334cf0cbd77e90d11c940b257,1,5f4f9900058f5deda33d748e733a5292,38e679b9e0064cd94c6f035707344dae,2017-11-08 20:05:16,49.9,12.48,2017-11-02,2017-11-08 20:05:16.000000,2026-08-27T05:17:09.287600+00:00,D:/D drive recovery/Shiva JH/Projects/OneLake Medallion/data/landing/2017-11-02/order_items.parquet,2017-11-02
935e2b59d8831e7e158e0a2bbf8f91c3,1,7a9cf133da2a6494259ffeeab11b6276,db4350fd57ae30082dec7acbaacc17f9,2017-11-08 12:10:21,21.99,15.1,2017-11-02,2017-11-08 12:10:21.000000,2026-08-27T05:17:09.287600+00:00,D:/D drive recovery/Shiva JH/Projects/OneLake Medallion/data/landing/2017-11-02/order_items.parquet,2017-11-02
a82922658c32130591989ddab7111ed6,1,6a162a899a815ed15db1689e8efc976c,b94cc9f10ddc85e4ba73a6f7974e7101,2017-11-08 09:45:18,599.9,17.79,2017-11-02,2017-11-08 09:45:18.000000,2026-08-27T05:17:09.287600+00:00,D:/D drive recovery/Shiva JH/Projects/OneLake Medallion/data/landing/2017-11-02/order_items.parquet,2017-11-02
be05142bba741bcf0fde07b5c9c40f48,1,e22a9f25f31fca1777a128c2655bbdda,da8622b14eb17ae2831f4ac5b9dab84a,2017-11-09 13:30:23,219.9,18.25,2017-11-02,2017-11-09 13:30:23.000000,2026-08-27T05:17:09.287600+00:00,D:/D drive recovery/Shiva JH/Projects/OneLake Medallion/data/landing/2017-11-02/order_items.parquet,2017-11-02
14129c568e62c007ad8d334de62aca31,1,f9eb3d4735a873ed48d15dea16183664,6338ea67c41078a46ad99cc009654956,2017-11-21 02:46:35,114.0,38.35,2017-11-14,2017-11-21 02:46:35.000000,2026-08-27T05:17:09.287600+00:00,D:/D drive recovery/Shiva JH/Projects/OneLake Medallion/data/landing/2017-11-14/order_items.parquet,2017-11-14
b34eea540a919377d376dccd30ce2ac8,1,82c3ea364e5480f335f6743ee725a921,70a12e78e608ac31179aea7f8422044b,2017-11-22 18:35:31,49.0,11.38,2017-11-14,2017-11-22 18:35:31.000000,2026-08-27T05:17:09.287600+00:00,D:/D drive recovery/Shiva JH/Projects/OneLake Medallion/data/landing/2017-11-14/order_items.parquet,2017-11-14
b34eea540a919377d376dccd30ce2ac8,2,82c3ea364e5480f335f6743ee725a921,70a12e78e608ac31179aea7f8422044b,2017-11-22 18:35:31,49.0,11.38,2017-11-14,2017-11-22 18:35:31.000000,2026-08-27T05:17:09.287600+00:00,D:/D drive recovery/Shiva JH/Projects/OneLake Medallion/data/landing/2017-11-14/order_items.parquet,2017-11-14
b34eea540a919377d376dccd30ce2ac8,3,82c3ea364e5480f335f6743ee725a921,70a12e78e608ac31179aea7f8422044b,2017-11-22 18:35:31,49.0,11.38,2017-11-14,2017-11-22 18:35:31.000000,2026-08-27T05:17:09.287600+00:00,D:/D drive recovery/Shiva JH/Projects/OneLake Medallion/data/landing/2017-11-14/order_items.parquet,2017-11-14
e9f195e6586d8b704b5bd727b1a2f5dc,1,005030ef108f58b46b78116f754d8d38,3c7c4a49ec3c6550809089c6a2ca9370,2017-11-21 20:50:29,13.99,7.78,2017-11-14,2017-11-21 20:50:29.000000,2026-08-27T05:17:09.287600+00:00,D:/D drive recovery/Shiva JH/Projects/OneLake Medallion/data/landing/2017-11-14/order_items.parquet,2017-11-14
340a0613ed37b5748a4b7b676676ca26,1,9e10eb05d9f369d5c38c475425cc2ee9,1ca7077d890b907f89be8c954a02686a,2017-11-30 22:52:58,35.0,15.1,2017-11-26,2017-11-30 22:52:58.000000,2026-08-27T05:17:09.287600+00:00,D:/D drive recovery/Shiva JH/Projects/OneLake Medallion/data/landing/2017-11-26/order_items.parquet,2017-11-26
725c8fc9683d4ff47be7ba7dd796d979,1,640dcd3e549f736cd39e1f943ff14c3b,f214d28e8d8e3ef068748498ccc2f813,2017-11-30 12:51:41,15.99,7.78,2017-11-26,2017-11-30 12:51:41.000000,2026-08-27T05:17:09.287600+00:00,D:/D drive recovery/Shiva JH/Projects/OneLake Medallion/data/landing/2017-11-26/order_items.parquet,2017-11-26
b8ed89bd3f1fe72244f0f616acdc7da1,1,3e5201fe0d1ba474d9b90152c83c706c,8160255418d5aaa7dbdc9f4c64ebda44,2017-11-30 09:39:31,116.9,16.58,2017-11-26,2017-11-30 09:39:31.000000,2026-08-27T05:17:09.287600+00:00,D:/D drive recovery/Shiva JH/Projects/OneLake Medallion/data/landing/2017-11-26/order_items.parquet,2017-11-26
b8ed89bd3f1fe72244f0f616acdc7da1,2,4f88323d03ffaf090b8fb0116b33c95e,8160255418d5aaa7dbdc9f4c64ebda44,2017-11-30 09:39:31,116.9,16.58,2017-11-26,2017-11-30 09:39:31.000000,2026-08-27T05:17:09.287600+00:00,D:/D drive recovery/Shiva JH/Projects/OneLake Medallion/data/landing/2017-11-26/order_items.parquet,2017-11-26
b8ed89bd3f1fe72244f0f616acdc7da1,3,592962829d5a715304344e656e39108a,8160255418d5aaa7dbdc9f4c64ebda44,2017-11-30 09:39:31,116.9,16.58,2017-11-26,2017-11-30 09:39:31.000000,2026-08-27T05:17:09.287600+00:00,D:/D drive recovery/Shiva JH/Projects/OneLake Medallion/data/landing/2017-11-26/order_items.parquet,2017-11-26
3313dc446abbe2a29ae4ae064320b334,1,f102842fbe436027eeeb7fc76d3063aa,87142160b41353c4e5fca2360caf6f92,2017-12-14 13:12:21,34.9,17.92,2017-12-08,2017-12-14 13:12:21.000000,2026-08-27T05:17:09.287600+00:00,D:/D drive recovery/Shiva JH/Projects/OneLake Medallion/data/landing/2017-12-08/order_items.parquet,2017-12-08
6b0bd2c2e59c7fb169874fbfeed4441a,1,27e16487e531314a52b2c29f94ce1231,d12c926d74ceff0a90a21184466ce161,2017-12-14 16:53:25,39.9,11.85,2017-12-08,2017-12-14 16:53:25.000000,2026-08-27T05:17:09.287600+00:00,D:/D drive recovery/Shiva JH/Projects/OneLake Medallion/data/landing/2017-12-08/order_items.parquet,2017-12-08
6fa44c0aa6e74a2ded90c2657778e81d,1,b60856ce32d90658dbf99b9485327c25,8b321bb669392f5163d04c59e235e066,2017-12-14 02:49:49,9.0,14.1,2017-12-08,2017-12-14 02:49:49.000000,2026-08-27T05:17:09.287600+00:00,D:/D drive recovery/Shiva JH/Projects/OneLake Medallion/data/landing/2017-12-08/order_items.parquet,2017-12-08
8ac2ceafa1fab841f94e5bf768847e0b,1,b83ba81552d0748b45288e7e57c62888,edb1ef5e36e0c8cd84eb3c9b003e486d,2017-12-14 10:10:48,599.65,18.95,2017-12-08,2017-12-14 10:10:48.000000,2026-08-27T05:17:09.287600+00:00,D:/D drive recovery/Shiva JH/Projects/OneLake Medallion/data/landing/2017-12-08/order_items.parquet,2017-12-08
a35b086d9dfac1991ee12dd08387c3df,1,e52fa0c1b61bfc1db27ed2beec83f801,7c67e1448b00f6e969d365cea6b010ab,2017-12-19 23:18:24,279.99,73.59,2017-12-08,2017-12-19 23:18:24.000000,2026-08-27T05:17:09.287600+00:00,D:/D drive recovery/Shiva JH/Projects/OneLake Medallion/data/landing/2017-12-08/order_items.parquet,2017-12-08
b760bf468b4938da338e68c1b8dde052,1,a92930c327948861c015c919a0bcb4a8,6560211a19b47992c3666cc44a7e94c0,2017-12-13 22:30:28,78.0,7.8,2017-12-08,2017-12-13 22:30:28.000000,2026-08-27T05:17:09.287600+00:00,D:/D drive recovery/Shiva JH/Projects/OneLake Medallion/data/landing/2017-12-08/order_items.parquet,2017-12-08
ea5b2c0d002d415e1c5e7d7f39c831f5,1,e89672a9d3b43c622e5301b36eb87cda,8160255418d5aaa7dbdc9f4c64ebda44,2017-12-14 19:52:13,289.9,41.26,2017-12-08,2017-12-14 19:52:13.000000,2026-08-27T05:17:09.287600+00:00,D:/D drive recovery/Shiva JH/Projects/OneLake Medallion/data/landing/2017-12-08/order_items.parquet,2017-12-08
ea5b2c0d002d415e1c5e7d7f39c831f5,2,3c95f0e78d88cdfb8af7f72dd586a4a0,a3e9a2c700480d9bb01fba070ba80a0e,2017-12-14 19:52:13,75.0,41.26,2017-12-08,2017-12-14 19:52:13.000000,2026-08-27T05:17:09.287600+00:00,D:/D drive recovery/Shiva JH/Projects/OneLake Medallion/data/landing/2017-12-08/order_items.parquet,2017-12-08
fa48ce5f6c4499293eecc423fde54476,1,e482ad963bfb9a9abc51b9850aca97b7,c2d70ce2c5d0a2eb75e78668236e6dc8,2017-12-14 14:31:09,49.0,7.78,2017-12-08,2017-12-14 14:31:09.000000,2026-08-27T05:17:09.287600+00:00,D:/D drive recovery/Shiva JH/Projects/OneLake Medallion/data/landing/2017-12-08/order_items.parquet,2017-12-08
fa48ce5f6c4499293eecc423fde54476,2,e482ad963bfb9a9abc51b9850aca97b7,c2d70ce2c5d0a2eb75e78668236e6dc8,2017-12-14 14:31:09,49.0,7.78,2017-12-08,2017-12-14 14:31:09.000000,2026-08-27T05:17:09.287600+00:00,D:/D drive recovery/Shiva JH/Projects/OneLake Medallion/data/landing/2017-12-08/order_items.parquet,2017-12-08
1c0f9417f551a547f89b1451b15d1756,1,86aa61695c6b6cbf8dbbd986e04f673c,dd2bdf855a9172734fbc3744021ae9b9,2017-12-27 12:57:35,39.9,9.74,2017-12-20,2017-12-27 12:57:35.000000,2026-08-27T05:17:09.287600+00:00,D:/D drive recovery/Shiva JH/Projects/OneLake Medallion/data/landing/2017-12-20/order_items.parquet,2017-12-20
cb61ea5ecf3a762ee7460dc23d50fffd,1,0b5c6dd6ca91fd2a318e99749b0ea57d,b499c00f28f4b7069ff6550af8c1348a,2017-12-27 15:31:24,34.99,9.09,2017-12-20,2017-12-27 15:31:24.000000,2026-08-27T05:17:09.287600+00:00,D:/D drive recovery/Shiva JH/Projects/OneLake Medallion/data/landing/2017-12-20/order_items.parquet,2017-12-20
4bd03dd6a8e45ca2f88013cf71bd22f8,1,1d2d3b19f5c3d093d4dbccd3cd963a8f,7ddcbb64b5bc1ef36ca8c151f6ec77df,2018-01-22 03:34:48,194.99,27.68,2018-01-13,2018-01-22 03:34:48.000000,2026-08-27T05:17:09.287600+00:00,D:/D drive recovery/Shiva JH/Projects/OneLake Medallion/data/landing/2018-01-13/order_items.parquet,2018-01-13
b1503f3f344c66cf0a3bdc1e2a6e3fcb,1,cac9e5692471a0700418aa3400b9b2b1,7ea5bfa6c340f58f8e71fc1f0412b0d6,2018-01-17 22:39:24,124.99,17.31,2018-01-13,2018-01-17 22:39:24.000000,2026-08-27T05:17:09.287600+00:00,D:/D drive recovery/Shiva JH/Projects/OneLake Medallion/data/landing/2018-01-13/order_items.parquet,2018-01-13
c12a7300c1fdbd202faf783e3010203e,1,abad2a82d0a25653323cec918ba3e54c,900ba814c251a692506d7834c1218441,2018-01-22 03:38:53,141.64,14.39,2018-01-13,2018-01-22 03:38:53.000000,2026-08-27T05:17:09.287600+00:00,D:/D drive recovery/Shiva JH/Projects/OneLake Medallion/data/landing/2018-01-13/order_items.parquet,2018-01-13
dacce96767ea2ce331e38a5ebcac5f25,1,14a174908a08ad7cfb56d3814d8e0ea5,972d0f9cf61b499a4812cf0bfa3ad3c4,2018-01-18 18:49:53,84.0,19.83,2018-01-13,2018-01-18 18:49:53.000000,2026-08-27T05:17:09.287600+00:00,D:/D drive recovery/Shiva JH/Projects/OneLake Medallion/data/landing/2018-01-13/order_items.parquet,2018-01-13
3be8a1f84b766b7847d066e09de464c7,1,33f17ed3c6906f7a7ae17a0843536db4,ea8482cd71df3c1969d7b9473ff13abc,2018-02-01 14:39:27,27.99,14.1,2018-01-25,2018-02-01 14:39:27.000000,2026-08-27T05:17:09.287600+00:00,D:/D drive recovery/Shiva JH/Projects/OneLake Medallion/data/landing/2018-01-25/order_items.parquet,2018-01-25
6010e18fb4f51bda7cdf59826fb9157e,1,8c292ca193d326152e335d77176746f0,7e1fb0a3ebfb01ffb3a7dae98bf3238d,2018-01-31 00:53:18,150.0,12.55,2018-01-25,2018-01-31 00:53:18.000000,2026-08-27T05:17:09.287600+00:00,D:/D drive recovery/Shiva JH/Projects/OneLake Medallion/data/landing/2018-01-25/order_items.parquet,2018-01-25
9706ebea892b263fa7c4c09c658ff5fb,1,fa3bea10a666ef8afb1557f5e866b719,7c4618c82226628831613e95e9c22f44,2018-02-02 19:31:28,10.49,8.27,2018-01-25,2018-02-02 19:31:28.000000,2026-08-27T05:17:09.287600+00:00,D:/D drive recovery/Shiva JH/Projects/OneLake Medallion/data/landing/2018-01-25/order_items.parquet,2018-01-25
a146dffb3f8c4214018779b35f997a91,1,59fc88d07b8100b80600e42f3e5ac79d,06579cb253ecd5a3a12a9e6eb6bf8f47,2018-01-31 14:19:52,61.9,11.73,2018-01-25,2018-01-31 14:19:52.000000,2026-08-27T05:17:09.287600+00:00,D:/D drive recovery/Shiva JH/Projects/OneLake Medallion/data/landing/2018-01-25/order_items.parquet,2018-01-25
a146dffb3f8c4214018779b35f997a91,2,59fc88d07b8100b80600e42f3e5ac79d,06579cb253ecd5a3a12a9e6eb6bf8f47,2018-01-31 14:19:52,61.9,11.73,2018-01-25,2018-01-31 14:19:52.000000,2026-08-27T05:17:09.287600+00:00,D:/D drive recovery/Shiva JH/Projects/OneLake Medallion/data/landing/2018-01-25/order_items.parquet,2018-01-25
01cf88c5fb4298435526a5995720807a,1,ce6f74096c84567f22728c84f3d6e7fc,8160255418d5aaa7dbdc9f4c64ebda44,2018-02-12 10:11:45,109.9,12.72,2018-02-06,2018-02-12 10:11:45.000000,2026-08-27T05:17:09.287600+00:00,D:/D drive recovery/Shiva JH/Projects/OneLake Medallion/data/landing/2018-02-06/order_items.parquet,2018-02-06
4f0db42a25e38b5376a4e33b5cd42687,1,7945bb528c42095fccdf46321742afce,0adac9fbd9a2b63cccaac4f8756c1ca8,2018-02-12 18:55:02,44.9,16.11,2018-02-06,2018-02-12 18:55:02.000000,2026-08-27T05:17:09.287600+00:00,D:/D drive recovery/Shiva JH/Projects/OneLake Medallion/data/landing/2018-02-06/order_items.parquet,2018-02-06
4f0db42a25e38b5376a4e33b5cd42687,2,7945bb528c42095fccdf46321742afce,0adac9fbd9a2b63cccaac4f8756c1ca8,2018-02-12 18:55:02,44.9,16.11,2018-02-06,2018-02-12 18:55:02.000000,2026-08-27T05:17:09.287600+00:00,D:/D drive recovery/Shiva JH/Projects/OneLake Medallion/data/landing/2018-02-06/order_items.parquet,2018-02-06
ae0851574e3bcaba4df53c0b546b470e,1,07f381c65e8e66460c07781b9b1b8834,7c67e1448b00f6e969d365cea6b010ab,2018-02-20 19:50:39,192.99,70.23,2018-02-06,2018-02-20 19:50:39.000000,2026-08-27T05:17:09.287600+00:00,D:/D drive recovery/Shiva JH/Projects/OneLake Medallion/data/landing/2018-02-06/order_items.parquet,2018-02-06
c93d6b0cbd51a29939f48107e4a7425e,1,8c591ab0ca519558779df02023177f44,a1043bafd471dff536d0c462352beb48,2018-02-13 03:10:47,120.0,26.46,2018-02-06,2018-02-13 03:10:47.000000,2026-08-27T05:17:09.287600+00:00,D:/D drive recovery/Shiva JH/Projects/OneLake Medallion/data/landing/2018-02-06/order_items.parquet,2018-02-06
e154274f8d5b5bcef8bb9f51a54b218a,1,6cd51331a07b84149502aa6c9c5b536e,c33a5c3c983090c8b78a28e65052a20d,2018-02-12 17:11:17,69.9,15.24,2018-02-06,2018-02-12 17:11:17.000000,2026-08-27T05:17:09.287600+00:00,D:/D drive recovery/Shiva JH/Projects/OneLake Medallion/data/landing/2018-02-06/order_items.parquet,2018-02-06
e48b8d245a4e83db60a76367fe7ffad2,1,c6336fa91fbd87c359e44f5dca5a90ed,4c2b230173bb36f9b240f2b8ac11786e,2018-02-12 10:11:42,45.9,11.85,2018-02-06,2018-02-12 10:11:42.000000,2026-08-27T05:17:09.287600+00:00,D:/D drive recovery/Shiva JH/Projects/OneLake Medallion/data/landing/2018-02-06/order_items.parquet,2018-02-06
e48b8d245a4e83db60a76367fe7ffad2,2,c6336fa91fbd87c359e44f5dca5a90ed,4c2b230173bb36f9b240f2b8ac11786e,2018-02-12 10:11:42,45.9,11.85,2018-02-06,2018-02-12 10:11:42.000000,2026-08-27T05:17:09.287600+00:00,D:/D drive recovery/Shiva JH/Projects/OneLake Medallion/data/landing/2018-02-06/order_items.parquet,2018-02-06
e48b8d245a4e83db60a76367fe7ffad2,3,c6336fa91fbd87c359e44f5dca5a90ed,4c2b230173bb36f9b240f2b8ac11786e,2018-02-12 10:11:42,45.9,11.85,2018-02-06,2018-02-12 10:11:42.000000,2026-08-27T05:17:09.287600+00:00,D:/D drive recovery/Shiva JH/Projects/OneLake Medallion/data/landing/2018-02-06/order_items.parquet,2018-02-06
f5370142612f3aa9c1a437ba6eb45b97,1,e9b3cf27d68caa64832c4a7c460abcb9,7d456afc660226829370f3173d14520c,2018-02-12 21:29:43,160.0,17.98,2018-02-06,2018-02-12 21:29:43.000000,2026-08-27T05:17:09.287600+00:00,D:/D drive recovery/Shiva JH/Projects/OneLake Medallion/data/landing/2018-02-06/order_items.parquet,2018-02-06
f5370142612f3aa9c1a437ba6eb45b97,2,61b82c5df7252c3a4484943ebadd2a4d,7d456afc660226829370f3173d14520c,2018-02-12 21:29:43,25.0,2.02,2018-02-06,2018-02-12 21:29:43.000000,2026-08-27T05:17:09.287600+00:00,D:/D drive recovery/Shiva JH/Projects/OneLake Medallion/data/landing/2018-02-06/order_items.parquet,2018-02-06
4f8a2144278d625038f8d55d5a334d93,1,817e1c2d22418c36386406ccacfa53e8,624f4ece8da4aafb77699233d480f8ef,2018-03-08 02:35:37,159.0,29.63,2018-03-02,2018-03-08 02:35:37.000000,2026-08-27T05:17:09.287600+00:00,D:/D drive recovery/Shiva JH/Projects/OneLake Medallion/data/landing/2018-03-02/order_items.parquet,2018-03-02
531abf2d5cc78f7a49d9ba560cbbfe7a,1,e53e557d5a159f5aa2c5e995dfdf244b,88460e8ebdecbfecb5f9601833981930,2018-03-08 16:31:37,76.25,12.66,2018-03-02,2018-03-08 16:31:37.000000,2026-08-27T05:17:09.287600+00:00,D:/D drive recovery/Shiva JH/Projects/OneLake Medallion/data/landing/2018-03-02/order_items.parquet,2018-03-02
621de62735eae3ffa4affa5e73d860db,1,44c2454898f2a54b488fbbd767589cbe,de23c3b98a88888289c6f5cc1209054a,2018-03-08 18:09:31,139.99,16.74,2018-03-02,2018-03-08 18:09:31.000000,2026-08-27T05:17:09.287600+00:00,D:/D drive recovery/Shiva JH/Projects/OneLake Medallion/data/landing/2018-03-02/order_items.parquet,2018-03-02
84ca1ce0b502782387a2afcd5a8e9356,1,0129d1e9b29d3fe6833cc922374cd252,080102cd0a76b09e0dcf55fcacc60e05,2018-03-08 02:51:11,7.78,14.1,2018-03-02,2018-03-08 02:51:11.000000,2026-08-27T05:17:09.287600+00:00,D:/D drive recovery/Shiva JH/Projects/OneLake Medallion/data/landing/2018-03-02/order_items.parquet,2018-03-02
89fa4e94189a9acfa88b8d22f4513035,1,a2d0bc51c6731d860c169cc9f18b2b7a,4b9750c8ad28220fe6702d4ecb7c898f,2018-03-08 12:30:38,41.9,12.23,2018-03-02,2018-03-08 12:30:38.000000,2026-08-27T05:17:09.287600+00:00,D:/D drive recovery/Shiva JH/Projects/OneLake Medallion/data/landing/2018-03-02/order_items.parquet,2018-03-02
98118a946846ed39501f78fef6ff3ea7,1,2b4609f8948be18874494203496bc318,cc419e0650a3c5ba77189a1882b7556a,2018-03-11 22:55:34,89.99,9.44,2018-03-02,2018-03-11 22:55:34.000000,2026-08-27T05:17:09.287600+00:00,D:/D drive recovery/Shiva JH/Projects/OneLake Medallion/data/landing/2018-03-02/order_items.parquet,2018-03-02
aaa4688b6d2e4d20b2ffc6d97723ea63,1,c354569eefd558bf201d0aedf35608ed,822166ed1e47908f7cfb49946d03c726,2018-03-08 09:55:24,59.99,16.18,2018-03-02,2018-03-08 09:55:24.000000,2026-08-27T05:17:09.287600+00:00,D:/D drive recovery/Shiva JH/Projects/OneLake Medallion/data/landing/2018-03-02/order_items.parquet,2018-03-02
bf61d525b7c099d79f6e3bbbd7a4aec9,1,8aa6223e400af9c97b07c75993142721,1f9ab4708f3056ede07124aad39a2554,2018-03-08 17:10:48,169.9,31.94,2018-03-02,2018-03-08 17:10:48.000000,2026-08-27T05:17:09.287600+00:00,D:/D drive recovery/Shiva JH/Projects/OneLake Medallion/data/landing/2018-03-02/order_items.parquet,2018-03-02
cd664e197521a82f89b34d1af4af7aa0,1,437c05a395e9e47f9762e677a7068ce7,f84fa566034f5e8e880a07ec624c56af,2018-03-08 10:10:51,49.9,7.78,2018-03-02,2018-03-08 10:10:51.000000,2026-08-27T05:17:09.287600+00:00,D:/D drive recovery/Shiva JH/Projects/OneLake Medallion/data/landing/2018-03-02/order_items.parquet,2018-03-02
6c3b9813e98d409d3af5da143efbd2d7,1,43f88c8353708451babf9bcdd1fda92a,cab85505710c7cb9b720bceb52b01cee,2018-03-22 03:30:57,64.9,18.33,2018-03-14,2018-03-22 03:30:57.000000,2026-08-27T05:17:09.287600+00:00,D:/D drive recovery/Shiva JH/Projects/OneLake Medallion/data/landing/2018-03-14/order_items.parquet,2018-03-14
4810bc72b32b9b06d7962b3c645faea2,1,183c95ad186f48c320bbac4643829d3f,cab85505710c7cb9b720bceb52b01cee,2018-03-30 18:47:25,49.9,37.04,2018-03-26,2018-03-30 18:47:25.000000,2026-08-27T05:17:09.287600+00:00,D:/D drive recovery/Shiva JH/Projects/OneLake Medallion/data/landing/2018-03-26/order_items.parquet,2018-03-26
6e984cc45e3698b95c45d087ca569b62,1,eafd9a0449e971ceb703ad2275e0fcba,c716e0b86ed568878475b60fbb6323ad,2018-03-30 14:15:10,35.0,15.23,2018-03-26,2018-03-30 14:15:10.000000,2026-08-27T05:17:09.287600+00:00,D:/D drive recovery/Shiva JH/Projects/OneLake Medallion/data/landing/2018-03-26/order_items.parquet,2018-03-26
97f5d9e6ef81b10425e390ed53165124,1,e3f154094d70c797fdb364c6f7160252,a44fb5a447105f8469bdf16bf9159f25,2018-04-03 21:50:22,139.0,23.55,2018-03-26,2018-04-03 21:50:22.000000,2026-08-27T05:17:09.287600+00:00,D:/D drive recovery/Shiva JH/Projects/OneLake Medallion/data/landing/2018-03-26/order_items.parquet,2018-03-26
d9bb91a82e6e6e885f8509496e458d53,1,d7c2baa900206125473075048a2a39ea,95e03ca3d4146e4011985981aeb959b9,2018-04-05 16:15:17,62.5,16.41,2018-03-26,2018-04-05 16:15:17.000000,2026-08-27T05:17:09.287600+00:00,D:/D drive recovery/Shiva JH/Projects/OneLake Medallion/data/landing/2018-03-26/order_items.parquet,2018-03-26
e519605fdd48a30db0db34bd66f8502e,1,2e28aba9bf605653018f0635e10bc949,276677b5d08786d5dce7c2149dcce48b,2018-03-30 14:35:29,59.9,7.71,2018-03-26,2018-03-30 14:35:29.000000,2026-08-27T05:17:09.287600+00:00,D:/D drive recovery/Shiva JH/Projects/OneLake Medallion/data/landing/2018-03-26/order_items.parquet,2018-03-26
056905f3e09ca68fc9ed4780498db866,1,71f2ce4ae5dfdd3b55a51c7a2d3c4da8,72c5da29406b4234927b81855e7b64f6,2018-04-12 17:10:20,579.99,37.6,2018-04-07,2018-04-12 17:10:20.000000,2026-08-27T05:17:09.287600+00:00,D:/D drive recovery/Shiva JH/Projects/OneLake Medallion/data/landing/2018-04-07/order_items.parquet,2018-04-07
08921fc98ee1dc54454ae8af90493c44,1,aca2eb7d00ea1a7b8ebd4e68314663af,955fee9216a65b617aa5c0531780ce60,2018-04-25 01:30:15,69.9,12.43,2018-04-19,2018-04-25 01:30:15.000000,2026-08-27T05:17:09.287600+00:00,D:/D drive recovery/Shiva JH/Projects/OneLake Medallion/data/landing/2018-04-19/order_items.parquet,2018-04-19
438dad6fa6e9ce3c50e4497b4232c7ce,1,5dbf50af9485478b933f1028e108640d,582d4f8675b945722eda7c0cb61ba4c7,2018-04-25 16:31:47,5.99,19.32,2018-04-19,2018-04-25 16:31:47.000000,2026-08-27T05:17:09.287600+00:00,D:/D drive recovery/Shiva JH/Projects/OneLake Medallion/data/landing/2018-04-19/order_items.parquet,2018-04-19
438dad6fa6e9ce3c50e4497b4232c7ce,2,5dbf50af9485478b933f1028e108640d,582d4f8675b945722eda7c0cb61ba4c7,2018-04-25 16:31:47,5.99,19.32,2018-04-19,2018-04-25 16:31:47.000000,2026-08-27T05:17:09.287600+00:00,D:/D drive recovery/Shiva JH/Projects/OneLake Medallion/data/landing/2018-04-19/order_items.parquet,2018-04-19
438dad6fa6e9ce3c50e4497b4232c7ce,3,5dbf50af9485478b933f1028e108640d,582d4f8675b945722eda7c0cb61ba4c7,2018-04-25 16:31:47,5.99,19.32,2018-04-19,2018-04-25 16:31:47.000000,2026-08-27T05:17:09.287600+00:00,D:/D drive recovery/Shiva JH/Projects/OneLake Medallion/data/landing/2018-04-19/order_items.parquet,2018-04-19
438dad6fa6e9ce3c50e4497b4232c7ce,4,5dbf50af9485478b933f1028e108640d,582d4f8675b945722eda7c0cb61ba4c7,2018-04-25 16:31:47,5.99,19.32,2018-04-19,2018-04-25 16:31:47.000000,2026-08-27T05:17:09.287600+00:00,D:/D drive recovery/Shiva JH/Projects/OneLake Medallion/data/landing/2018-04-19/order_items.parquet,2018-04-19
7df4a1e4f63494920c5e53da93a08183,1,bb7a5793447637a7bb096f75dd7e5dbe,a416b6a846a11724393025641d4edd5e,2018-04-25 12:31:34,99.0,23.27,2018-04-19,2018-04-25 12:31:34.000000,2026-08-27T05:17:09.287600+00:00,D:/D drive recovery/Shiva JH/Projects/OneLake Medallion/data/landing/2018-04-19/order_items.parquet,2018-04-19
7fb4133c98efb5fcb56807cb759420b2,1,17865682ce7cccfe7dec02d1f74a8f86,253f95b3a0e6983ae18aed49fbc2b845,2018-04-25 14:35:41,129.9,23.49,2018-04-19,2018-04-25 14:35:41.000000,2026-08-27T05:17:09.287600+00:00,D:/D drive recovery/Shiva JH/Projects/OneLake Medallion/data/landing/2018-04-19/order_items.parquet,2018-04-19
acd45245723df7cb52772a34416b41b1,1,30ccf4724f5227265f837e9ba0246278,dbc22125167c298ef99da25668e1011f,2018-04-25 20:10:40,79.6,15.41,2018-04-19,2018-04-25 20:10:40.000000,2026-08-27T05:17:09.287600+00:00,D:/D drive recovery/Shiva JH/Projects/OneLake Medallion/data/landing/2018-04-19/order_items.parquet,2018-04-19
c20fa8783cbf98de30a8cc0dc7b99bd1,1,a5e537da8376b8623758e0186bfa400f,e883aa812c37a7413226856f4579fe91,2018-04-26 07:30:48,69.9,8.88,2018-04-19,2018-04-26 07:30:48.000000,2026-08-27T05:17:09.287600+00:00,D:/D drive recovery/Shiva JH/Projects/OneLake Medallion/data/landing/2018-04-19/order_items.parquet,2018-04-19
ffa2d919ed5fc1b6661b89904ef71b88,1,236c8998f9a6e6150cdfb75fed83c15d,d05ae8f7a5bd1d2a690a44cd079e4e27,2018-04-25 14:57:41,252.0,18.47,2018-04-19,2018-04-25 14:57:41.000000,2026-08-27T05:17:09.287600+00:00,D:/D drive recovery/Shiva JH/Projects/OneLake Medallion/data/landing/2018-04-19/order_items.parquet,2018-04-19
073180167c8aee312e8be08892989244,1,a4f283ca7a807cf3ff056abf3ca9a621,fd386aa7bed2af3c7035c65506c9b4a3,2018-05-09 04:12:55,15.0,8.29,2018-05-01,2018-05-09 04:12:55.000000,2026-08-27T05:17:09.287600+00:00,D:/D drive recovery/Shiva JH/Projects/OneLake Medallion/data/landing/2018-05-01/order_items.parquet,2018-05-01
43d8b54629756a38a418dfef248957c2,1,474bb6b54fc608ca71059a6c4f7ecda3,8b321bb669392f5163d04c59e235e066,2018-05-07 22:55:25,21.9,18.23,2018-05-01,2018-05-07 22:55:25.000000,2026-08-27T05:17:09.287600+00:00,D:/D drive recovery/Shiva JH/Projects/OneLake Medallion/data/landing/2018-05-01/order_items.parquet,2018-05-01
96e9519c799bb41c1cf7b3992b63219e,1,0885f25e5b69df855382efbb7308b8d2,2ff97219cb8622eaf3cd89b7d9c09824,2018-05-07 21:30:40,29.9,19.32,2018-05-01,2018-05-07 21:30:40.000000,2026-08-27T05:17:09.287600+00:00,D:/D drive recovery/Shiva JH/Projects/OneLake Medallion/data/landing/2018-05-01/order_items.parquet,2018-05-01
02b089f5e85ee9c52935ede2207b13e7,1,e0cf79767c5b016251fe139915c59a26,da8622b14eb17ae2831f4ac5b9dab84a,2018-05-16 13:30:58,29.9,7.71,2018-05-13,2018-05-16 13:30:58.000000,2026-08-27T05:17:09.287600+00:00,D:/D drive recovery/Shiva JH/Projects/OneLake Medallion/data/landing/2018-05-13/order_items.parquet,2018-05-13
088858a852d62de0c175c9cc4bc0ddb6,1,bfc275f6de912665e4dcd8da32f43c10,71271995e85f5b8530be99ed54a91b89,2018-05-17 13:52:16,97.0,14.76,2018-05-13,2018-05-17 13:52:16.000000,2026-08-27T05:17:09.287600+00:00,D:/D drive recovery/Shiva JH/Projects/OneLake Medallion/data/landing/2018-05-13/order_items.parquet,2018-05-13
76ce04fb3a0994fef44ec461d940f026,1,4298b7e67dc399c200662b569563a2b2,88460e8ebdecbfecb5f9601833981930,2018-05-25 00:30:45,134.9,14.06,2018-05-13,2018-05-25 00:30:45.000000,2026-08-27T05:17:09.287600+00:00,D:/D drive recovery/Shiva JH/Projects/OneLake Medallion/data/landing/2018-05-13/order_items.parquet,2018-05-13
a98012aa8c697f2bcff9f8c2183e0f2b,1,c5cb254d666e4420d56b5dc67ff59d29,52f0fe436a347ddad7ed5f9aa4e27eaa,2018-05-17 23:11:49,8.99,23.51,2018-05-13,2018-05-17 23:11:49.000000,2026-08-27T05:17:09.287600+00:00,D:/D drive recovery/Shiva JH/Projects/OneLake Medallion/data/landing/2018-05-13/order_items.parquet,2018-05-13
a98012aa8c697f2bcff9f8c2183e0f2b,2,c5cb254d666e4420d56b5dc67ff59d29,52f0fe436a347ddad7ed5f9aa4e27eaa,2018-05-17 23:11:49,8.99,23.51,2018-05-13,2018-05-17 23:11:49.000000,2026-08-27T05:17:09.287600+00:00,D:/D drive recovery/Shiva JH/Projects/OneLake Medallion/data/landing/2018-05-13/order_items.parquet,2018-05-13
a98012aa8c697f2bcff9f8c2183e0f2b,3,c6e513054b982283c1cbbb2a45d02d83,f8db351d8c4c4c22c6835c19a46f01b0,2018-05-15 23:11:49,22.9,0.78,2018-05-13,2018-05-15 23:11:49.000000,2026-08-27T05:17:09.287600+00:00,D:/D drive recovery/Shiva JH/Projects/OneLake Medallion/data/landing/2018-05-13/order_items.parquet,2018-05-13
a98012aa8c697f2bcff9f8c2183e0f2b,4,c5cb254d666e4420d56b5dc67ff59d29,52f0fe436a347ddad7ed5f9aa4e27eaa,2018-05-17 23:11:49,8.99,23.51,2018-05-13,2018-05-17 23:11:49.000000,2026-08-27T05:17:09.287600+00:00,D:/D drive recovery/Shiva JH/Projects/OneLake Medallion/data/landing/2018-05-13/order_items.parquet,2018-05-13
a98012aa8c697f2bcff9f8c2183e0f2b,5,643a66b1dc5dad3de6cb5a41549e72f1,cb6c9f5888a7a090c75beaf615925792,2018-05-17 23:11:49,29.95,7.84,2018-05-13,2018-05-17 23:11:49.000000,2026-08-27T05:17:09.287600+00:00,D:/D drive recovery/Shiva JH/Projects/OneLake Medallion/data/landing/2018-05-13/order_items.parquet,2018-05-13
f771f4b3d070d0621bf89b9b66dbe8f1,1,60f61a8c9946c02343e43b76bd909a86,d673a59aac7a70d8b01e6902bf090a11,2018-05-17 11:52:31,229.9,34.47,2018-05-13,2018-05-17 11:52:31.000000,2026-08-27T05:17:09.287600+00:00,D:/D drive recovery/Shiva JH/Projects/OneLake Medallion/data/landing/2018-05-13/order_items.parquet,2018-05-13
954432a2b2661b54eac000446dfde330,1,368c6c730842d78016ad823897a372db,1f50f920176fa81dab994f9023523100,2018-05-30 18:18:33,49.9,9.6,2018-05-25,2018-05-30 18:18:33.000000,2026-08-27T05:17:09.287600+00:00,D:/D drive recovery/Shiva JH/Projects/OneLake Medallion/data/landing/2018-05-25/order_items.parquet,2018-05-25
e130d3f737127ae52681b9338aea9b64,1,b008888e5e01a5c9da36306228e900d1,7681ef142fd2c19048da7430856b5588,2018-05-29 10:19:15,790.0,32.39,2018-05-25,2018-05-29 10:19:15.000000,2026-08-27T05:17:09.287600+00:00,D:/D drive recovery/Shiva JH/Projects/OneLake Medallion/data/landing/2018-05-25/order_items.parquet,2018-05-25
e130d3f737127ae52681b9338aea9b64,2,b008888e5e01a5c9da36306228e900d1,7681ef142fd2c19048da7430856b5588,2018-05-29 10:19:15,790.0,32.39,2018-05-25,2018-05-29 10:19:15.000000,2026-08-27T05:17:09.287600+00:00,D:/D drive recovery/Shiva JH/Projects/OneLake Medallion/data/landing/2018-05-25/order_items.parquet,2018-05-25
e130d3f737127ae52681b9338aea9b64,3,b008888e5e01a5c9da36306228e900d1,7681ef142fd2c19048da7430856b5588,2018-05-29 10:19:15,790.0,32.39,2018-05-25,2018-05-29 10:19:15.000000,2026-08-27T05:17:09.287600+00:00,D:/D drive recovery/Shiva JH/Projects/OneLake Medallion/data/landing/2018-05-25/order_items.parquet,2018-05-25
523f24867a34e6e564dda4898935e05e,1,3c883b9d3fd2d0ce448d4136349dc0a4,b39d7fe263ef469605dbb32608aee0af,2018-06-19 11:55:35,55.0,12.83,2018-06-06,2018-06-19 11:55:35.000000,2026-08-27T05:17:09.287600+00:00,D:/D drive recovery/Shiva JH/Projects/OneLake Medallion/data/landing/2018-06-06/order_items.parquet,2018-06-06
523f24867a34e6e564dda4898935e05e,2,3c883b9d3fd2d0ce448d4136349dc0a4,b39d7fe263ef469605dbb32608aee0af,2018-06-19 11:55:35,55.0,12.83,2018-06-06,2018-06-19 11:55:35.000000,2026-08-27T05:17:09.287600+00:00,D:/D drive recovery/Shiva JH/Projects/OneLake Medallion/data/landing/2018-06-06/order_items.parquet,2018-06-06
52dad0f7bc913b9f6bee5df584adeffb,1,060c17562f97e5bb60bc0dfa4dd5b3f2,9f505651f4a6abe901a56cdc21508025,2018-06-15 13:57:46,24.99,18.23,2018-06-06,2018-06-15 13:57:46.000000,2026-08-27T05:17:09.287600+00:00,D:/D drive recovery/Shiva JH/Projects/OneLake Medallion/data/landing/2018-06-06/order_items.parquet,2018-06-06
52dad0f7bc913b9f6bee5df584adeffb,2,060c17562f97e5bb60bc0dfa4dd5b3f2,9f505651f4a6abe901a56cdc21508025,2018-06-15 13:57:46,24.99,18.23,2018-06-06,2018-06-15 13:57:46.000000,2026-08-27T05:17:09.287600+00:00,D:/D drive recovery/Shiva JH/Projects/OneLake Medallion/data/landing/2018-06-06/order_items.parquet,2018-06-06
07f970754e737efe221e6349eeb5a8e7,1,ccab0a345f7929a38c73b0f978107e74,f46490624488d3ff7ce78613913a7711,2018-06-25 03:30:59,114.9,83.72,2018-06-18,2018-06-25 03:30:59.000000,2026-08-27T05:17:09.287600+00:00,D:/D drive recovery/Shiva JH/Projects/OneLake Medallion/data/landing/2018-06-18/order_items.parquet,2018-06-18
0a2de338241b69893fc167f8d0970349,1,b0dda79e79fdc30a862d527ffffdf4bc,a3a38f4affed601eb87a97788c949667,2018-06-21 12:31:15,95.0,23.82,2018-06-18,2018-06-21 12:31:15.000000,2026-08-27T05:17:09.287600+00:00,D:/D drive recovery/Shiva JH/Projects/OneLake Medallion/data/landing/2018-06-18/order_items.parquet,2018-06-18
2806d068f5d3e46b89e663cb5e53236d,1,962a6951154f98f2c8e9a5b8b2bcf4a9,1025f0e2d44d7041d6cf58b6550e0bfa,2018-06-25 03:30:56,75.0,27.51,2018-06-18,2018-06-25 03:30:56.000000,2026-08-27T05:17:09.287600+00:00,D:/D drive recovery/Shiva JH/Projects/OneLake Medallion/data/landing/2018-06-18/order_items.parquet,2018-06-18
559d0bdf2fe83764fb89edea1516599a,1,ffb530bd30bcc1bd903e4da723faa5e6,6860153b69cc696d5dcfe1cdaaafcf62,2018-06-22 02:55:39,45.97,13.42,2018-06-18,2018-06-22 02:55:39.000000,2026-08-27T05:17:09.287600+00:00,D:/D drive recovery/Shiva JH/Projects/OneLake Medallion/data/landing/2018-06-18/order_items.parquet,2018-06-18
87ca9106c9cd25cfd5d85ee98d29d0fc,1,cd46fbff1f4a0d9b923f70e332add4b5,d9bd94811c3338dceb4181f3dbc0c73e,2018-06-22 18:02:47,150.82,13.72,2018-06-18,2018-06-22 18:02:47.000000,2026-08-27T05:17:09.287600+00:00,D:/D drive recovery/Shiva JH/Projects/OneLake Medallion/data/landing/2018-06-18/order_items.parquet,2018-06-18
c926bd8d23b10840238793adf349b2e5,1,99a4788cb24856965c36a24e339b6058,4a3ca9315b744ce9f8e9374361493884,2018-06-20 17:20:34,79.9,14.87,2018-06-18,2018-06-20 17:20:34.000000,2026-08-27T05:17:09.287600+00:00,D:/D drive recovery/Shiva JH/Projects/OneLake Medallion/data/landing/2018-06-18/order_items.parquet,2018-06-18
ceefe38963a74828ec008a3985a2c517,1,b5c2e3185fe0e385c9b5f1a0a4397930,fd386aa7bed2af3c7035c65506c9b4a3,2018-06-22 20:31:04,24.89,7.43,2018-06-18,2018-06-22 20:31:04.000000,2026-08-27T05:17:09.287600+00:00,D:/D drive recovery/Shiva JH/Projects/OneLake Medallion/data/landing/2018-06-18/order_items.parquet,2018-06-18
1bfb2199760a3d5c410cf4fab44e868c,1,fbc1488c1a1e72ba175f53ab29a248e8,289cdb325fb7e7f891c38608bf9e0962,2018-07-03 17:29:58,119.4,22.77,2018-06-30,2018-07-03 17:29:58.000000,2026-08-27T05:17:09.287600+00:00,D:/D drive recovery/Shiva JH/Projects/OneLake Medallion/data/landing/2018-06-30/order_items.parquet,2018-06-30
2ef3c9464dba683f9e1375f7b3416465,1,1fb344134cd7164d32dea4d87ba3ec5a,23c38debaffe4a25a30fdbd9b586a13f,2018-07-06 10:15:13,127.27,10.02,2018-06-30,2018-07-06 10:15:13.000000,2026-08-27T05:17:09.287600+00:00,D:/D drive recovery/Shiva JH/Projects/OneLake Medallion/data/landing/2018-06-30/order_items.parquet,2018-06-30
af045d3e5d7082db57d5b5dde3c0c97b,1,89f055104adb9365d7f7b5c475f77742,6b15924333bd1a741595fe981ea04822,2017-02-06 11:13:37,26.9,14.52,2017-02-01,2017-02-06 11:13:37.000000,2026-08-27T05:17:09.287600+00:00,D:/D drive recovery/Shiva JH/Projects/OneLake Medallion/data/landing/2017-02-01/order_items.parquet,2017-02-01
a303f65e39cc18fa50d33767fd278543,1,83a1778b0d5b20c0724c97e35f083082,a3a38f4affed601eb87a97788c949667,2017-02-17 14:28:35,59.9,11.81,2017-02-13,2017-02-17 14:28:35.000000,2026-08-27T05:17:09.287600+00:00,D:/D drive recovery/Shiva JH/Projects/OneLake Medallion/data/landing/2017-02-13/order_items.parquet,2017-02-13
bea5dc01a53188cc309de4fc1f309025,1,64051126507bdb875c1baf5b3b5a9a98,9646c3513289980f17226a2fc4720dbd,2017-02-19 16:16:43,48.0,11.74,2017-02-13,2017-02-19 16:16:43.000000,2026-08-27T05:17:09.287600+00:00,D:/D drive recovery/Shiva JH/Projects/OneLake Medallion/data/landing/2017-02-13/order_items.parquet,2017-02-13
e5476d1c0a9bcc909b2f4bc24559bdde,1,4a90b44b456e79e7a33435fdd36e551f,c9a06ece156bb057372c68718ec8909b,2017-02-17 17:17:36,380.0,45.07,2017-02-13,2017-02-17 17:17:36.000000,2026-08-27T05:17:09.287600+00:00,D:/D drive recovery/Shiva JH/Projects/OneLake Medallion/data/landing/2017-02-13/order_items.parquet,2017-02-13
fdfe08dafc921baeeb1bd5258728837b,1,65650c84064ff1a79e4a05988f4c3e9f,aced59e9b31ef866a94f9e7f29d8d418,2017-02-21 10:50:50,35.0,15.56,2017-02-13,2017-02-21 10:50:50.000000,2026-08-27T05:17:09.287600+00:00,D:/D drive recovery/Shiva JH/Projects/OneLake Medallion/data/landing/2017-02-13/order_items.parquet,2017-02-13
2f0bf599e06ae4fcb639c0acaac2f0ee,1,1b7384e0f9f5e4cb914cd3f5535a4cab,325f3178fb58e2a9778334621eecdbf9,2017-03-20 10:24:00,23.8,14.52,2017-03-09,2017-03-20 10:24:00.000000,2026-08-27T05:17:09.287600+00:00,D:/D drive recovery/Shiva JH/Projects/OneLake Medallion/data/landing/2017-03-09/order_items.parquet,2017-03-09
7743f1958c77de9ebc175860fd1773a6,1,fc1d8637c0268af3db482c14b7ef8e75,da8622b14eb17ae2831f4ac5b9dab84a,2017-03-21 17:35:46,129.9,13.49,2017-03-09,2017-03-21 17:35:46.000000,2026-08-27T05:17:09.287600+00:00,D:/D drive recovery/Shiva JH/Projects/OneLake Medallion/data/landing/2017-03-09/order_items.parquet,2017-03-09
a651dd7999c6a879cc25638f0cc36c54,1,ca0ee6f66727726ab8ffefd5ded60390,aaed1309374718fdd995ee4c58c9dfcd,2017-03-27 21:34:15,23.2,16.05,2017-03-21,2017-03-27 21:34:15.000000,2026-08-27T05:17:09.287600+00:00,D:/D drive recovery/Shiva JH/Projects/OneLake Medallion/data/landing/2017-03-21/order_items.parquet,2017-03-21
21508e950b0edd39774e72dadfd809b1,1,9a78fb9862b10749a117f7fc3c31f051,a7f13822ceb966b076af67121f87b063,2017-04-13 06:02:22,179.96,34.63,2017-04-02,2017-04-13 06:02:22.000000,2026-08-27T05:17:09.287600+00:00,D:/D drive recovery/Shiva JH/Projects/OneLake Medallion/data/landing/2017-04-02/order_items.parquet,2017-04-02
24cfb770f308b181cc3ae36ca3d573ad,1,056193fc88b3f131fae751356896b168,7a241947449cc45dbfda4f9d0798d9d0,2017-04-06 01:22:40,129.99,26.41,2017-04-02,2017-04-06 01:22:40.000000,2026-08-27T05:17:09.287600+00:00,D:/D drive recovery/Shiva JH/Projects/OneLake Medallion/data/landing/2017-04-02/order_items.parquet,2017-04-02
82383d6d5aa835a4c02cf0c9d56895ce,1,9df7a56fa4352899fa6976c54a35ae3a,fa1c13f2614d7b5c4749cbc52fecda94,2017-04-07 17:15:08,295.9,12.68,2017-04-02,2017-04-07 17:15:08.000000,2026-08-27T05:17:09.287600+00:00,D:/D drive recovery/Shiva JH/Projects/OneLake Medallion/data/landing/2017-04-02/order_items.parquet,2017-04-02
7f93d00f6512fe25e73b5de688cd5677,1,601a360bd2a916ecef0e88de72a6531a,7a67c85e85bb2ce8582c35f2203ad736,2017-04-19 22:10:16,129.99,13.49,2017-04-14,2017-04-19 22:10:16.000000,2026-08-27T05:17:09.287600+00:00,D:/D drive recovery/Shiva JH/Projects/OneLake Medallion/data/landing/2017-04-14/order_items.parquet,2017-04-14
3ddfb3c5858191cc1e798ac13e6ef582,1,c6dd917a0be2a704582055949915ab32,7a67c85e85bb2ce8582c35f2203ad736,2017-05-03 15:22:34,99.99,9.69,2017-04-26,2017-05-03 15:22:34.000000,2026-08-27T05:17:09.287600+00:00,D:/D drive recovery/Shiva JH/Projects/OneLake Medallion/data/landing/2017-04-26/order_items.parquet,2017-04-26
75090e5cd5378d0ed281964a43e7bca9,1,ae17f8265a23421715164ab420b62b36,53e4c6e0f4312d4d2107a8c9cddf45cd,2017-05-04 12:34:12,35.99,19.05,2017-04-26,2017-05-04 12:34:12.000000,2026-08-27T05:17:09.287600+00:00,D:/D drive recovery/Shiva JH/Projects/OneLake Medallion/data/landing/2017-04-26/order_items.parquet,2017-04-26
cfdf81381a8bc683d8905713f2ed6614,1,31639956e7fac87ecfd9d608040638bd,aac29b1b99776be73c3049939652091d,2017-05-03 21:50:22,64.9,15.66,2017-04-26,2017-05-03 21:50:22.000000,2026-08-27T05:17:09.287600+00:00,D:/D drive recovery/Shiva JH/Projects/OneLake Medallion/data/landing/2017-04-26/order_items.parquet,2017-04-26
1ffb9dc91fdfd3d86671c5dc2a94dab1,1,71040c7f50609abf6865f4429f8b1035,ebd2d60905fb58271facef5596b620d3,2017-05-14 22:25:15,169.9,28.57,2017-05-08,2017-05-14 22:25:15.000000,2026-08-27T05:17:09.287600+00:00,D:/D drive recovery/Shiva JH/Projects/OneLake Medallion/data/landing/2017-05-08/order_items.parquet,2017-05-08
c820d5fbb72e2b0a48074c0f7f08a295,1,76914818a87f9b6b320e136e17e6ae06,1554a68530182680ad5c8b042c3ab563,2017-05-12 08:22:16,329.9,71.02,2017-05-08,2017-05-12 08:22:16.000000,2026-08-27T05:17:09.287600+00:00,D:/D drive recovery/Shiva JH/Projects/OneLake Medallion/data/landing/2017-05-08/order_items.parquet,2017-05-08
3e1d096455531309ff1f946ed0f580cc,1,539025c69ca8d9160f0ae5190741ed74,1554a68530182680ad5c8b042c3ab563,2017-05-29 03:45:11,72.9,14.24,2017-05-20,2017-05-29 03:45:11.000000,2026-08-27T05:17:09.287600+00:00,D:/D drive recovery/Shiva JH/Projects/OneLake Medallion/data/landing/2017-05-20/order_items.parquet,2017-05-20
510c373425eabae593ad4cb8953d60f0,1,dbb4ce89c8ed5fb6fd901e2e51093179,91f848e9f4be368f4318775aac733370,2017-05-29 04:10:29,89.99,16.88,2017-05-20,2017-05-29 04:10:29.000000,2026-08-27T05:17:09.287600+00:00,D:/D drive recovery/Shiva JH/Projects/OneLake Medallion/data/landing/2017-05-20/order_items.parquet,2017-05-20
75769af508ae5e105845b3b4813fa07a,1,5c973b4202aac5c372a483e712306f4f,391fc6631aebcf3004804e51b40bcf1e,2017-05-30 10:05:10,49.95,11.85,2017-05-20,2017-05-30 10:05:10.000000,2026-08-27T05:17:09.287600+00:00,D:/D drive recovery/Shiva JH/Projects/OneLake Medallion/data/landing/2017-05-20/order_items.parquet,2017-05-20
8e8f66d7e07a38eded748a76f43cff5f,1,1fa4ef78e1b8f0afea31e4ae9578affd,8a32e327fe2c1b3511609d81aaf9f042,2017-06-01 11:30:29,59.99,11.73,2017-05-20,2017-06-01 11:30:29.000000,2026-08-27T05:17:09.287600+00:00,D:/D drive recovery/Shiva JH/Projects/OneLake Medallion/data/landing/2017-05-20/order_items.parquet,2017-05-20
c94aabd5205ddd8647579a7bdebd6992,1,23ed7a10a36c6f88a757a9c83df9ea20,a888faf2d1baececa6baf9c3d603ee1f,2017-05-26 10:42:55,449.9,18.91,2017-05-20,2017-05-26 10:42:55.000000,2026-08-27T05:17:09.287600+00:00,D:/D drive recovery/Shiva JH/Projects/OneLake Medallion/data/landing/2017-05-20/order_items.parquet,2017-05-20
0d50b2840102f8cec365fffa6d42a690,1,d2e1eee81b5ff42f0f1f4693e1182349,0adac9fbd9a2b63cccaac4f8756c1ca8,2017-06-07 19:25:16,29.9,11.85,2017-06-01,2017-06-07 19:25:16.000000,2026-08-27T05:17:09.287600+00:00,D:/D drive recovery/Shiva JH/Projects/OneLake Medallion/data/landing/2017-06-01/order_items.parquet,2017-06-01
236636425340d1fcd5ba19f6b9a38319,1,b729707d65939e62985873eed7ebced8,855668e0971d4dfd7bef1b6a4133b41b,2017-06-13 16:25:19,240.0,76.58,2017-06-01,2017-06-13 16:25:19.000000,2026-08-27T05:17:09.287600+00:00,D:/D drive recovery/Shiva JH/Projects/OneLake Medallion/data/landing/2017-06-01/order_items.parquet,2017-06-01
8cf161212f0485db7a520d56b5cc724e,1,99a4788cb24856965c36a24e339b6058,4a3ca9315b744ce9f8e9374361493884,2017-06-08 01:31:18,89.9,12.13,2017-06-01,2017-06-08 01:31:18.000000,2026-08-27T05:17:09.287600+00:00,D:/D drive recovery/Shiva JH/Projects/OneLake Medallion/data/landing/2017-06-01/order_items.parquet,2017-06-01
dbc3ca1d6537663640e36dc83a097a68,1,70d17ed46123e5b68dff23e113415d5a,3d871de0142ce09b7081e2b9d1733cb1,2017-06-07 13:35:16,54.9,12.72,2017-06-01,2017-06-07 13:35:16.000000,2026-08-27T05:17:09.287600+00:00,D:/D drive recovery/Shiva JH/Projects/OneLake Medallion/data/landing/2017-06-01/order_items.parquet,2017-06-01
45f4469896c24f0ab44900f3bc3eac3b,1,15bb6bb477d5bbfe167f6dc44b6846a8,8a32e327fe2c1b3511609d81aaf9f042,2017-06-19 12:30:32,12.99,15.11,2017-06-13,2017-06-19 12:30:32.000000,2026-08-27T05:17:09.287600+00:00,D:/D drive recovery/Shiva JH/Projects/OneLake Medallion/data/landing/2017-06-13/order_items.parquet,2017-06-13
45f4469896c24f0ab44900f3bc3eac3b,2,15bb6bb477d5bbfe167f6dc44b6846a8,8a32e327fe2c1b3511609d81aaf9f042,2017-06-19 12:30:32,12.99,15.11,2017-06-13,2017-06-19 12:30:32.000000,2026-08-27T05:17:09.287600+00:00,D:/D drive recovery/Shiva JH/Projects/OneLake Medallion/data/landing/2017-06-13/order_items.parquet,2017-06-13
45f4469896c24f0ab44900f3bc3eac3b,3,15bb6bb477d5bbfe167f6dc44b6846a8,8a32e327fe2c1b3511609d81aaf9f042,2017-06-19 12:30:32,12.99,15.11,2017-06-13,2017-06-19 12:30:32.000000,2026-08-27T05:17:09.287600+00:00,D:/D drive recovery/Shiva JH/Projects/OneLake Medallion/data/landing/2017-06-13/order_items.parquet,2017-06-13
45f4469896c24f0ab44900f3bc3eac3b,4,15bb6bb477d5bbfe167f6dc44b6846a8,8a32e327fe2c1b3511609d81aaf9f042,2017-06-19 12:30:32,12.99,15.11,2017-06-13,2017-06-19 12:30:32.000000,2026-08-27T05:17:09.287600+00:00,D:/D drive recovery/Shiva JH/Projects/OneLake Medallion/data/landing/2017-06-13/order_items.parquet,2017-06-13
77dc1b33326d12cbce03cfda27efafda,1,c6dd917a0be2a704582055949915ab32,7a67c85e85bb2ce8582c35f2203ad736,2017-06-21 02:45:22,99.99,16.46,2017-06-13,2017-06-21 02:45:22.000000,2026-08-27T05:17:09.287600+00:00,D:/D drive recovery/Shiva JH/Projects/OneLake Medallion/data/landing/2017-06-13/order_items.parquet,2017-06-13
01b6bbf0a9ac5d54dfebb11ddcd8fa8e,1,f7a17d2c51d9df89a4f1711c4ac17f33,f8db351d8c4c4c22c6835c19a46f01b0,2017-06-29 22:30:14,52.9,11.87,2017-06-25,2017-06-29 22:30:14.000000,2026-08-27T05:17:09.287600+00:00,D:/D drive recovery/Shiva JH/Projects/OneLake Medallion/data/landing/2017-06-25/order_items.parquet,2017-06-25
a7b5e82b294d8eac1109824b0194abb9,1,b93ce2bec0961862bd811f643e704566,4917cee8d902e13428c3ec4b1ca6f315,2017-06-30 11:55:08,149.0,31.79,2017-06-25,2017-06-30 11:55:08.000000,2026-08-27T05:17:09.287600+00:00,D:/D drive recovery/Shiva JH/Projects/OneLake Medallion/data/landing/2017-06-25/order_items.parquet,2017-06-25
aba142e1b0636b0e443cbe4ce0a93e43,1,a4bc24bcb44abb54f2f6214991dcdab0,8e6cc767478edae941d9bd9eb778d77a,2017-06-29 20:23:10,76.9,17.79,2017-06-25,2017-06-29 20:23:10.000000,2026-08-27T05:17:09.287600+00:00,D:/D drive recovery/Shiva JH/Projects/OneLake Medallion/data/landing/2017-06-25/order_items.parquet,2017-06-25
c334df2de33b1fe163046d893b2cc28d,1,d1040cea3114b6e9f7e2170dc39af1db,2709af9587499e95e803a6498a5a56e9,2017-06-29 15:02:52,44.0,7.78,2017-06-25,2017-06-29 15:02:52.000000,2026-08-27T05:17:09.287600+00:00,D:/D drive recovery/Shiva JH/Projects/OneLake Medallion/data/landing/2017-06-25/order_items.parquet,2017-06-25
c3ea5c5d0f6da616026d4cee6df674a5,1,d26580768894ea0cdc9f19dc672956c2,d50d79cb34e38265a8649c383dcffd48,2017-06-29 23:10:07,169.99,34.85,2017-06-25,2017-06-29 23:10:07.000000,2026-08-27T05:17:09.287600+00:00,D:/D drive recovery/Shiva JH/Projects/OneLake Medallion/data/landing/2017-06-25/order_items.parquet,2017-06-25
2117b238b6ae0929164d1cf41f3ecb87,1,c92f0e7b9d49a9543558d6532772441b,5dceca129747e92ff8ef7a997dc4f8ca,2017-07-13 17:55:21,139.9,62.8,2017-07-07,2017-07-13 17:55:21.000000,2026-08-27T05:17:09.287600+00:00,D:/D drive recovery/Shiva JH/Projects/OneLake Medallion/data/landing/2017-07-07/order_items.parquet,2017-07-07
29d81f9fcfa8f77ad68afa83d9fbf83b,1,3516632e8f52b679ff83d1665ecc990e,e9bc59e7b60fc3063eb2290deda4cced,2017-07-13 12:10:14,75.9,17.07,2017-07-07,2017-07-13 12:10:14.000000,2026-08-27T05:17:09.287600+00:00,D:/D drive recovery/Shiva JH/Projects/OneLake Medallion/data/landing/2017-07-07/order_items.parquet,2017-07-07
800c2d74bc71b0e27ce365ad43cf16dc,1,d3ffe9c4be46e47d76545011a7b37a05,1da3aeb70d7989d1e6d9b0e887f97c23,2017-07-13 14:45:16,12.99,14.1,2017-07-07,2017-07-13 14:45:16.000000,2026-08-27T05:17:09.287600+00:00,D:/D drive recovery/Shiva JH/Projects/OneLake Medallion/data/landing/2017-07-07/order_items.parquet,2017-07-07
e236416fb32f25eb00a7da9097cf36a4,1,87c91527351ebab1c422be0f4738480b,c3cfdc648177fdbbbb35635a37472c53,2017-07-17 12:10:21,94.9,20.15,2017-07-07,2017-07-17 12:10:21.000000,2026-08-27T05:17:09.287600+00:00,D:/D drive recovery/Shiva JH/Projects/OneLake Medallion/data/landing/2017-07-07/order_items.parquet,2017-07-07
7263686303ac0eabc2a7fc96d65405cf,1,2a2d22ae30e026f1893083c8405ca522,1a3df491d1c4f1589fc2b934ada68bf2,2017-07-27 14:10:16,134.9,53.3,2017-07-19,2017-07-27 14:10:16.000000,2026-08-27T05:17:09.287600+00:00,D:/D drive recovery/Shiva JH/Projects/OneLake Medallion/data/landing/2017-07-19/order_items.parquet,2017-07-19
799236014ffd7f07bb4ab4172f2f9a56,1,5411e9269501a870cabf632f05655131,3d871de0142ce09b7081e2b9d1733cb1,2017-07-25 21:15:28,99.0,13.71,2017-07-19,2017-07-25 21:15:28.000000,2026-08-27T05:17:09.287600+00:00,D:/D drive recovery/Shiva JH/Projects/OneLake Medallion/data/landing/2017-07-19/order_items.parquet,2017-07-19
93e66102f38a99ee0f9f24af6d0ce1d8,1,7686fe49c98ae1c537b5cc51992f5d20,9d5a9018aee56acb367ba9c3f05d1d6a,2017-07-25 18:03:30,166.33,18.44,2017-07-19,2017-07-25 18:03:30.000000,2026-08-27T05:17:09.287600+00:00,D:/D drive recovery/Shiva JH/Projects/OneLake Medallion/data/landing/2017-07-19/order_items.parquet,2017-07-19
99f10393ec3328b3b416a154afd5d714,1,53759a2ecddad2bb87a079a1f1519f73,1f50f920176fa81dab994f9023523100,2017-07-26 00:45:20,59.9,17.67,2017-07-19,2017-07-26 00:45:20.000000,2026-08-27T05:17:09.287600+00:00,D:/D drive recovery/Shiva JH/Projects/OneLake Medallion/data/landing/2017-07-19/order_items.parquet,2017-07-19
99f10393ec3328b3b416a154afd5d714,2,53759a2ecddad2bb87a079a1f1519f73,1f50f920176fa81dab994f9023523100,2017-07-26 00:45:20,59.9,17.67,2017-07-19,2017-07-26 00:45:20.000000,2026-08-27T05:17:09.287600+00:00,D:/D drive recovery/Shiva JH/Projects/OneLake Medallion/data/landing/2017-07-19/order_items.parquet,2017-07-19
f392f7aa851a5da079d2a4fb24357b46,1,bace90a7338e9d31371ad47811cf4c7d,1a3df491d1c4f1589fc2b934ada68bf2,2017-07-27 22:35:09,99.9,27.31,2017-07-19,2017-07-27 22:35:09.000000,2026-08-27T05:17:09.287600+00:00,D:/D drive recovery/Shiva JH/Projects/OneLake Medallion/data/landing/2017-07-19/order_items.parquet,2017-07-19
4ed2338dc000b3d9acaf348a1fc6a395,1,717ce88f14ebb225f2c395c8c41cde09,ad420dd0c4f92f8af951ac24b86d0cf5,2017-08-04 12:23:11,27.5,12.48,2017-07-31,2017-08-04 12:23:11.000000,2026-08-27T05:17:09.287600+00:00,D:/D drive recovery/Shiva JH/Projects/OneLake Medallion/data/landing/2017-07-31/order_items.parquet,2017-07-31
71ccac4998b863217b4480c50294b465,1,36b9f40522d1eee3f0240111792fac18,fffd5413c0700ac820c7069d66d98c89,2017-08-07 04:35:29,39.8,12.69,2017-07-31,2017-08-07 04:35:29.000000,2026-08-27T05:17:09.287600+00:00,D:/D drive recovery/Shiva JH/Projects/OneLake Medallion/data/landing/2017-07-31/order_items.parquet,2017-07-31
8d7c561ff34d8fb665da2d7cd9eea5ea,1,f1c7f353075ce59d8a6f3cf58f419c9c,37be5a7c751166fbc5f8ccba4119e043,2017-08-08 14:10:16,205.0,22.27,2017-07-31,2017-08-08 14:10:16.000000,2026-08-27T05:17:09.287600+00:00,D:/D drive recovery/Shiva JH/Projects/OneLake Medallion/data/landing/2017-07-31/order_items.parquet,2017-07-31
c8fc63e28cfdb28172db4303396499ed,1,b97114b2893e68400ae867459b491bcd,41b39e28db005d9731d9d485a83b4c38,2017-08-04 12:25:18,34.9,9.34,2017-07-31,2017-08-04 12:25:18.000000,2026-08-27T05:17:09.287600+00:00,D:/D drive recovery/Shiva JH/Projects/OneLake Medallion/data/landing/2017-07-31/order_items.parquet,2017-07-31
c8fc63e28cfdb28172db4303396499ed,2,b97114b2893e68400ae867459b491bcd,41b39e28db005d9731d9d485a83b4c38,2017-08-04 12:25:18,34.9,9.34,2017-07-31,2017-08-04 12:25:18.000000,2026-08-27T05:17:09.287600+00:00,D:/D drive recovery/Shiva JH/Projects/OneLake Medallion/data/landing/2017-07-31/order_items.parquet,2017-07-31
601aeff176a15b40925c874c87b0cc16,1,bbaef2eadf31fe3ea6702077398be06c,cc419e0650a3c5ba77189a1882b7556a,2017-08-18 09:43:45,56.99,11.9,2017-08-12,2017-08-18 09:43:45.000000,2026-08-27T05:17:09.287600+00:00,D:/D drive recovery/Shiva JH/Projects/OneLake Medallion/data/landing/2017-08-12/order_items.parquet,2017-08-12
1c9383e11b19c66a7655bf8a31dd0ad3,1,93c601273c90caca6b37d54b0e6f1ead,cfb1a033743668a192316f3c6d1d2671,2017-08-30 10:44:23,99.0,17.94,2017-08-24,2017-08-30 10:44:23.000000,2026-08-27T05:17:09.287600+00:00,D:/D drive recovery/Shiva JH/Projects/OneLake Medallion/data/landing/2017-08-24/order_items.parquet,2017-08-24
680f4f731eeef8098bb1e587bb0c3363,1,ae61923c5593e8c2f7063cf4ffaac4fb,5b67882648febfb6e1225e6ad7164f6b,2017-08-30 22:08:03,69.99,44.34,2017-08-24,2017-08-30 22:08:03.000000,2026-08-27T05:17:09.287600+00:00,D:/D drive recovery/Shiva JH/Projects/OneLake Medallion/data/landing/2017-08-24/order_items.parquet,2017-08-24
b24b30b2680c0388fd18c9175271a8cb,1,72c4ed817b3980cf86101f5fa7b234f7,c24173065483e421f9e5e7f599de101d,2017-08-31 15:05:40,31.99,7.78,2017-08-24,2017-08-31 15:05:40.000000,2026-08-27T05:17:09.287600+00:00,D:/D drive recovery/Shiva JH/Projects/OneLake Medallion/data/landing/2017-08-24/order_items.parquet,2017-08-24
bd1d2815016a0d22c926101c1c99d140,1,a92930c327948861c015c919a0bcb4a8,6560211a19b47992c3666cc44a7e94c0,2017-08-31 02:16:19,78.0,16.99,2017-08-24,2017-08-31 02:16:19.000000,2026-08-27T05:17:09.287600+00:00,D:/D drive recovery/Shiva JH/Projects/OneLake Medallion/data/landing/2017-08-24/order_items.parquet,2017-08-24
457714bcb907cac0b11252276a09f406,1,418d8bb517562fb8e8a2f1c5de0afa70,9646c3513289980f17226a2fc4720dbd,2017-09-13 14:55:24,19.9,16.11,2017-09-05,2017-09-13 14:55:24.000000,2026-08-27T05:17:09.287600+00:00,D:/D drive recovery/Shiva JH/Projects/OneLake Medallion/data/landing/2017-09-05/order_items.parquet,2017-09-05
8053c8b6bcfa27de650bb879815c3835,1,e9f4db3edb652e8ae0afcdcf04c17b39,abcd2cb37d46c2c8fb1bf071c859fc5b,2017-09-13 02:45:30,34.9,25.63,2017-09-05,2017-09-13 02:45:30.000000,2026-08-27T05:17:09.287600+00:00,D:/D drive recovery/Shiva JH/Projects/OneLake Medallion/data/landing/2017-09-05/order_items.parquet,2017-09-05
2791f136b9474da2f7f56a8366675b0e,1,7b35be468d9795a7529f65c50ec87668,7e93a43ef30c4f03f38b393420bc753a,2017-09-22 15:44:06,645.99,16.86,2017-09-17,2017-09-22 15:44:06.000000,2026-08-27T05:17:09.287600+00:00,D:/D drive recovery/Shiva JH/Projects/OneLake Medallion/data/landing/2017-09-17/order_items.parquet,2017-09-17
99a29a0878f41a8dd8d2e20b2aa621c6,1,1e618d311a1b7f88a9d96ec50aa85582,d94a40fd42351c259927028d163af842,2017-09-22 20:45:42,139.0,25.81,2017-09-17,2017-09-22 20:45:42.000000,2026-08-27T05:17:09.287600+00:00,D:/D drive recovery/Shiva JH/Projects/OneLake Medallion/data/landing/2017-09-17/order_items.parquet,2017-09-17
d8b5d1ea87d75046c7b453b1b128fcc3,1,848064637fb2f160e5456e94f1f58d5c,a3e9a2c700480d9bb01fba070ba80a0e,2017-09-21 15:05:09,65.0,16.08,2017-09-17,2017-09-21 15:05:09.000000,2026-08-27T05:17:09.287600+00:00,D:/D drive recovery/Shiva JH/Projects/OneLake Medallion/data/landing/2017-09-17/order_items.parquet,2017-09-17
408bba49e507e2efa9fbb77966ca4697,1,03613e666b3919a3e807eac45a8f2731,edd066cd02126d7800f9b66e980e9931,2017-10-05 20:49:25,147.0,31.78,2017-09-29,2017-10-05 20:49:25.000000,2026-08-27T05:17:09.287600+00:00,D:/D drive recovery/Shiva JH/Projects/OneLake Medallion/data/landing/2017-09-29/order_items.parquet,2017-09-29
4b3a605942f29d490cb74bd6ace6b9f0,1,ffd4bf4306745865e5692f69bd237893,d98eec89afa3380e14463da2aabaea72,2017-10-05 09:44:12,29.99,8.11,2017-09-29,2017-10-05 09:44:12.000000,2026-08-27T05:17:09.287600+00:00,D:/D drive recovery/Shiva JH/Projects/OneLake Medallion/data/landing/2017-09-29/order_items.parquet,2017-09-29
fc355d449ceaea8f858ef33c4eba83fa,1,4cc8bfa581f41841ce5e24aba773a44a,1835b56ce799e6a4dc4eddc053f04066,2017-10-09 04:07:20,56.99,12.74,2017-09-29,2017-10-09 04:07:20.000000,2026-08-27T05:17:09.287600+00:00,D:/D drive recovery/Shiva JH/Projects/OneLake Medallion/data/landing/2017-09-29/order_items.parquet,2017-09-29
05ad33706a0ad42482ba7f17236d4bba,1,27672da99215b426dc0ced05731bccc6,6560211a19b47992c3666cc44a7e94c0,2017-10-18 10:46:17,79.0,15.3,2017-10-11,2017-10-18 10:46:17.000000,2026-08-27T05:17:09.287600+00:00,D:/D drive recovery/Shiva JH/Projects/OneLake Medallion/data/landing/2017-10-11/order_items.parquet,2017-10-11
366e36538aace156a4d280994494b604,1,481aad97c80d6786a7c6096991003274,95e03ca3d4146e4011985981aeb959b9,2017-10-25 04:37:06,29.99,16.79,2017-10-11,2017-10-25 04:37:06.000000,2026-08-27T05:17:09.287600+00:00,D:/D drive recovery/Shiva JH/Projects/OneLake Medallion/data/landing/2017-10-11/order_items.parquet,2017-10-11
8875c81503e02bc22eae5a31637d6db1,1,167b946cfe5de05aadc151871edf7bb9,f682e0f848abafc6f41e0d4e868c66ef,2017-10-19 11:09:01,169.99,18.44,2017-10-11,2017-10-19 11:09:01.000000,2026-08-27T05:17:09.287600+00:00,D:/D drive recovery/Shiva JH/Projects/OneLake Medallion/data/landing/2017-10-11/order_items.parquet,2017-10-11
b6bfbeea1b933b34c91ec0b216a50347,1,431d674f9a4fbd0957ecf6ba3fcb6899,53243585a1d6dc2643021fd1853d8905,2017-10-18 18:14:13,289.0,19.3,2017-10-11,2017-10-18 18:14:13.000000,2026-08-27T05:17:09.287600+00:00,D:/D drive recovery/Shiva JH/Projects/OneLake Medallion/data/landing/2017-10-11/order_items.parquet,2017-10-11
ff07e8cf368d59bc41752e3648994b36,1,a0ef8572cd061badd81ffc48dc04d1fa,cca3071e3e9bb7d12640c9fbe2301306,2017-10-18 20:07:13,113.0,21.28,2017-10-11,2017-10-18 20:07:13.000000,2026-08-27T05:17:09.287600+00:00,D:/D drive recovery/Shiva JH/Projects/OneLake Medallion/data/landing/2017-10-11/order_items.parquet,2017-10-11
980b9aef670d4659912793b2fffdea29,1,0388b93e2992639ef7de7b35b2ba91b2,0ea22c1cfbdc755f86b9b54b39c16043,2017-11-08 22:25:27,34.9,12.48,2017-11-04,2017-11-08 22:25:27.000000,2026-08-27T05:17:09.287600+00:00,D:/D drive recovery/Shiva JH/Projects/OneLake Medallion/data/landing/2017-11-04/order_items.parquet,2017-11-04
fbee1784fcce86e1c120a0b525750e57,1,846145e9b8d412bd1c9bb478a52ab4a0,432c37c9dfba871172ec162e20118b8c,2017-11-09 17:10:32,25.0,15.79,2017-11-04,2017-11-09 17:10:32.000000,2026-08-27T05:17:09.287600+00:00,D:/D drive recovery/Shiva JH/Projects/OneLake Medallion/data/landing/2017-11-04/order_items.parquet,2017-11-04
2299befc86b7b31fc23dcba911582355,1,610c673331ac3c4fa0f393ce5af9aa2e,8b321bb669392f5163d04c59e235e066,2017-11-22 23:00:46,13.65,11.85,2017-11-16,2017-11-22 23:00:46.000000,2026-08-27T05:17:09.287600+00:00,D:/D drive recovery/Shiva JH/Projects/OneLake Medallion/data/landing/2017-11-16/order_items.parquet,2017-11-16
bac5252be9b1269976695ebd118ef43d,1,014a8a503291921f7b004a5215bb3c36,fa40cc5b934574b62717c68f3d678b6d,2017-11-22 17:50:13,36.9,7.78,2017-11-16,2017-11-22 17:50:13.000000,2026-08-27T05:17:09.287600+00:00,D:/D drive recovery/Shiva JH/Projects/OneLake Medallion/data/landing/2017-11-16/order_items.parquet,2017-11-16
c28916da587551ac4d1de7970fc929c8,1,47ed478ee7b2696c2c49229fcad56e98,afe0067131b73e40875c9b6c10bd2e21,2017-11-22 19:30:59,104.9,23.6,2017-11-16,2017-11-22 19:30:59.000000,2026-08-27T05:17:09.287600+00:00,D:/D drive recovery/Shiva JH/Projects/OneLake Medallion/data/landing/2017-11-16/order_items.parquet,2017-11-16
32064cd340eabfc585488b852e90efaf,1,c4baedd846ed09b85f78a781b522f126,a1043bafd471dff536d0c462352beb48,2017-12-04 12:14:51,89.99,26.25,2017-11-28,2017-12-04 12:14:51.000000,2026-08-27T05:17:09.287600+00:00,D:/D drive recovery/Shiva JH/Projects/OneLake Medallion/data/landing/2017-11-28/order_items.parquet,2017-11-28
42c99d4e378b852657e71d810ef1858c,1,c4d92c32b2e02363d3f087c7156a523c,d5c530f4884a75ae0dba9c148718d278,2017-12-04 15:18:52,13.45,16.11,2017-11-28,2017-12-04 15:18:52.000000,2026-08-27T05:17:09.287600+00:00,D:/D drive recovery/Shiva JH/Projects/OneLake Medallion/data/landing/2017-11-28/order_items.parquet,2017-11-28
453b1d86b22e9fdb0d1da9c446dd2828,1,389d119b48cf3043d311335e499d9c6b,1f50f920176fa81dab994f9023523100,2017-12-04 16:17:30,59.0,13.43,2017-11-28,2017-12-04 16:17:30.000000,2026-08-27T05:17:09.287600+00:00,D:/D drive recovery/Shiva JH/Projects/OneLake Medallion/data/landing/2017-11-28/order_items.parquet,2017-11-28
48ae434efdce6ee8ed43531400f53bb6,1,bdb4be6ce2f7f2b5be0a16088028c7fc,955fee9216a65b617aa5c0531780ce60,2017-12-05 12:07:28,85.0,17.3,2017-11-28,2017-12-05 12:07:28.000000,2026-08-27T05:17:09.287600+00:00,D:/D drive recovery/Shiva JH/Projects/OneLake Medallion/data/landing/2017-11-28/order_items.parquet,2017-11-28
51ee2d580bfba3ac0ba884a8bb098468,1,53b36df67ebb7c41585e8d54d6772e08,4869f7a5dfa277a7dca6462dcf3b52b2,2017-12-04 21:59:29,133.0,15.75,2017-11-28,2017-12-04 21:59:29.000000,2026-08-27T05:17:09.287600+00:00,D:/D drive recovery/Shiva JH/Projects/OneLake Medallion/data/landing/2017-11-28/order_items.parquet,2017-11-28
5536d8682e25ee3f39ed444105996fee,1,53b36df67ebb7c41585e8d54d6772e08,4869f7a5dfa277a7dca6462dcf3b52b2,2017-12-04 22:30:28,133.0,9.26,2017-11-28,2017-12-04 22:30:28.000000,2026-08-27T05:17:09.287600+00:00,D:/D drive recovery/Shiva JH/Projects/OneLake Medallion/data/landing/2017-11-28/order_items.parquet,2017-11-28
9c27a49a6afffd10bd25a5990a02c1e1,1,0a1902453c06a6bb74a24a4fc60d1611,59b22a78efb79a4797979612b885db36,2017-12-05 02:19:08,39.9,12.48,2017-11-28,2017-12-05 02:19:08.000000,2026-08-27T05:17:09.287600+00:00,D:/D drive recovery/Shiva JH/Projects/OneLake Medallion/data/landing/2017-11-28/order_items.parquet,2017-11-28
f5e3df1b6d4ee5b4e795cbd56705d35b,1,99f5b2240b82bf9387e5cf2fc0335b08,1c68394e931a64f90ea236c5ea590300,2017-12-06 14:20:15,135.91,13.97,2017-11-28,2017-12-06 14:20:15.000000,2026-08-27T05:17:09.287600+00:00,D:/D drive recovery/Shiva JH/Projects/OneLake Medallion/data/landing/2017-11-28/order_items.parquet,2017-11-28
f5e3df1b6d4ee5b4e795cbd56705d35b,2,99f5b2240b82bf9387e5cf2fc0335b08,1c68394e931a64f90ea236c5ea590300,2017-12-06 14:20:15,135.91,13.97,2017-11-28,2017-12-06 14:20:15.000000,2026-08-27T05:17:09.287600+00:00,D:/D drive recovery/Shiva JH/Projects/OneLake Medallion/data/landing/2017-11-28/order_items.parquet,2017-11-28
35e8b6cc47f7c18667028737368a1d8e,1,422879e10f46682990de24d770e7f83d,1f50f920176fa81dab994f9023523100,2017-12-14 16:09:18,59.0,13.43,2017-12-10,2017-12-14 16:09:18.000000,2026-08-27T05:17:09.287600+00:00,D:/D drive recovery/Shiva JH/Projects/OneLake Medallion/data/landing/2017-12-10/order_items.parquet,2017-12-10
92403e7845bd4b2d3d51719fcdde71ca,1,6bbe55cf8f85c87b6eebb775a53402f4,0db783cfcd3b73998abc6e10e59a102f,2017-12-14 20:32:43,69.9,9.27,2017-12-10,2017-12-14 20:32:43.000000,2026-08-27T05:17:09.287600+00:00,D:/D drive recovery/Shiva JH/Projects/OneLake Medallion/data/landing/2017-12-10/order_items.parquet,2017-12-10
c37588362e2c244b0994c310bcf37393,1,380b4664ba5bb18cc9db78ee6bac3558,6560211a19b47992c3666cc44a7e94c0,2017-12-14 12:30:20,29.0,11.85,2017-12-10,2017-12-14 12:30:20.000000,2026-08-27T05:17:09.287600+00:00,D:/D drive recovery/Shiva JH/Projects/OneLake Medallion/data/landing/2017-12-10/order_items.parquet,2017-12-10
d2e35975e8fe7c281515b3d1175d03bf,1,7a10781637204d8d10485c71a6108a2e,4869f7a5dfa277a7dca6462dcf3b52b2,2017-12-18 14:55:28,219.9,18.79,2017-12-10,2017-12-18 14:55:28.000000,2026-08-27T05:17:09.287600+00:00,D:/D drive recovery/Shiva JH/Projects/OneLake Medallion/data/landing/2017-12-10/order_items.parquet,2017-12-10
d68f3a6decbb8a868a1a87c33c9f50cd,1,629e019a6f298a83aeecc7877964f935,c003204e1ab016dfa150abc119207b24,2017-12-14 12:19:26,93.9,14.26,2017-12-10,2017-12-14 12:19:26.000000,2026-08-27T05:17:09.287600+00:00,D:/D drive recovery/Shiva JH/Projects/OneLake Medallion/data/landing/2017-12-10/order_items.parquet,2017-12-10
ec3537b6b3607220dc74b6ca4f505e03,1,4d5bb93bfa70f67cda10b1428f2a252c,8bb48dc19fccaa8613b6229bf7f452a2,2017-12-14 09:56:18,130.8,15.67,2017-12-10,2017-12-14 09:56:18.000000,2026-08-27T05:17:09.287600+00:00,D:/D drive recovery/Shiva JH/Projects/OneLake Medallion/data/landing/2017-12-10/order_items.parquet,2017-12-10
0b13a698a0b7a62e8ec891081558b7aa,1,bc3df33d80a595ba6d8bfe2212182bee,6d66611d7c44cc30ce351abc49a68421,2017-12-29 13:36:26,39.9,22.67,2017-12-22,2017-12-29 13:36:26.000000,2026-08-27T05:17:09.287600+00:00,D:/D drive recovery/Shiva JH/Projects/OneLake Medallion/data/landing/2017-12-22/order_items.parquet,2017-12-22
0521b661c320287be1f5a92a52760c8b,1,165f86fe8b799a708a20ee4ba125c289,7ddcbb64b5bc1ef36ca8c151f6ec77df,2018-01-09 19:11:24,166.99,27.49,2018-01-03,2018-01-09 19:11:24.000000,2026-08-27T05:17:09.287600+00:00,D:/D drive recovery/Shiva JH/Projects/OneLake Medallion/data/landing/2018-01-03/order_items.parquet,2018-01-03
2efa8cad37f73bd607920b772a59b715,1,2b6668f997fdf67b759b63fa849b0b39,004c9cd9d87a3c30c522c48c4fc07416,2018-01-11 23:31:19,154.9,18.33,2018-01-03,2018-01-11 23:31:19.000000,2026-08-27T05:17:09.287600+00:00,D:/D drive recovery/Shiva JH/Projects/OneLake Medallion/data/landing/2018-01-03/order_items.parquet,2018-01-03
6e4eb025aa5ac0a41d80958001accfaf,1,6a2909ac21d16b721e4795e7e8ff3e68,0509040ea3fe50071181bbc359eb7738,2018-01-09 22:14:24,23.8,15.79,2018-01-03,2018-01-09 22:14:24.000000,2026-08-27T05:17:09.287600+00:00,D:/D drive recovery/Shiva JH/Projects/OneLake Medallion/data/landing/2018-01-03/order_items.parquet,2018-01-03
6fd8d29c2aba16768615748086578d34,1,5c31001a08d64b7c60a58f6e5a9604b5,17a053fcb14bd219540cbde0df490be0,2018-01-09 22:38:27,289.9,66.84,2018-01-03,2018-01-09 22:38:27.000000,2026-08-27T05:17:09.287600+00:00,D:/D drive recovery/Shiva JH/Projects/OneLake Medallion/data/landing/2018-01-03/order_items.parquet,2018-01-03
82aef313910460a7cef56d256d1c30af,1,f4fb1fcc46bdd61b314fe0292175e5db,12b9676b00f60f3b700e83af21824c0e,2018-01-16 11:58:26,199.0,18.96,2018-01-03,2018-01-16 11:58:26.000000,2026-08-27T05:17:09.287600+00:00,D:/D drive recovery/Shiva JH/Projects/OneLake Medallion/data/landing/2018-01-03/order_items.parquet,2018-01-03
c2036cc87daa31d91f63b204717a9602,1,f4fb1fcc46bdd61b314fe0292175e5db,12b9676b00f60f3b700e83af21824c0e,2018-01-18 02:35:30,199.0,18.96,2018-01-03,2018-01-18 02:35:30.000000,2026-08-27T05:17:09.287600+00:00,D:/D drive recovery/Shiva JH/Projects/OneLake Medallion/data/landing/2018-01-03/order_items.parquet,2018-01-03
e68888548de4c863a78ae2de41ec0215,1,6766f04fea82c46bd3001e969a5ba795,82e0a475a88cc9595229d8029273f045,2018-01-10 16:37:23,284.9,39.54,2018-01-03,2018-01-10 16:37:23.000000,2026-08-27T05:17:09.287600+00:00,D:/D drive recovery/Shiva JH/Projects/OneLake Medallion/data/landing/2018-01-03/order_items.parquet,2018-01-03
f62e1cc968992b573558a1406edc8ccc,1,6803077179d24889430188e03fafd31a,128639473a139ac0f3e5f5ade55873a5,2018-01-11 02:33:39,19.9,15.1,2018-01-03,2018-01-11 02:33:39.000000,2026-08-27T05:17:09.287600+00:00,D:/D drive recovery/Shiva JH/Projects/OneLake Medallion/data/landing/2018-01-03/order_items.parquet,2018-01-03
0d82956d17aa687909a59706168bfe98,1,cd935d283d47f1050c505e1c39c48b67,a3a38f4affed601eb87a97788c949667,2018-01-19 13:57:24,69.9,15.24,2018-01-15,2018-01-19 13:57:24.000000,2026-08-27T05:17:09.287600+00:00,D:/D drive recovery/Shiva JH/Projects/OneLake Medallion/data/landing/2018-01-15/order_items.parquet,2018-01-15
1250f8fc1f64f9c63ea3cd35c0a36a85,1,5411e9269501a870cabf632f05655131,3d871de0142ce09b7081e2b9d1733cb1,2018-01-24 09:50:03,129.0,29.3,2018-01-15,2018-01-24 09:50:03.000000,2026-08-27T05:17:09.287600+00:00,D:/D drive recovery/Shiva JH/Projects/OneLake Medallion/data/landing/2018-01-15/order_items.parquet,2018-01-15
8304cd42545c641d13b9165c7028c85a,1,563d3acc8617b83d2db122e43905a17d,1835b56ce799e6a4dc4eddc053f04066,2018-01-19 01:37:20,143.9,16.91,2018-01-15,2018-01-19 01:37:20.000000,2026-08-27T05:17:09.287600+00:00,D:/D drive recovery/Shiva JH/Projects/OneLake Medallion/data/landing/2018-01-15/order_items.parquet,2018-01-15
8304cd42545c641d13b9165c7028c85a,2,f98f1e2ce655ba8f88a8593e80243cca,dc4a0fc896dc34b0d5bfec8438291c80,2018-01-19 01:37:20,116.59,16.91,2018-01-15,2018-01-19 01:37:20.000000,2026-08-27T05:17:09.287600+00:00,D:/D drive recovery/Shiva JH/Projects/OneLake Medallion/data/landing/2018-01-15/order_items.parquet,2018-01-15
961a477711141b3811b897eb49216db1,1,cc1b0e67ffb98a08c886e8c3c27a915f,3d871de0142ce09b7081e2b9d1733cb1,2018-01-19 10:58:32,89.0,13.64,2018-01-15,2018-01-19 10:58:32.000000,2026-08-27T05:17:09.287600+00:00,D:/D drive recovery/Shiva JH/Projects/OneLake Medallion/data/landing/2018-01-15/order_items.parquet,2018-01-15
cbc28da5a607b870e7129df9121366a2,1,2b4609f8948be18874494203496bc318,cc419e0650a3c5ba77189a1882b7556a,2018-01-25 04:31:17,89.99,16.39,2018-01-15,2018-01-25 04:31:17.000000,2026-08-27T05:17:09.287600+00:00,D:/D drive recovery/Shiva JH/Projects/OneLake Medallion/data/landing/2018-01-15/order_items.parquet,2018-01-15
1d309784fd7cb2fc8c74ef03c942426c,1,017692475c1c954ff597feda05131d73,3c7c4a49ec3c6550809089c6a2ca9370,2018-02-01 10:36:23,13.99,7.78,2018-01-27,2018-02-01 10:36:23.000000,2026-08-27T05:17:09.287600+00:00,D:/D drive recovery/Shiva JH/Projects/OneLake Medallion/data/landing/2018-01-27/order_items.parquet,2018-01-27
2365573dec3c55b420a248893b61d168,1,9c8d68903b5106018c797e0e862ae55d,8b321bb669392f5163d04c59e235e066,2018-02-01 21:17:12,12.3,7.78,2018-01-27,2018-02-01 21:17:12.000000,2026-08-27T05:17:09.287600+00:00,D:/D drive recovery/Shiva JH/Projects/OneLake Medallion/data/landing/2018-01-27/order_items.parquet,2018-01-27
2b44f8afc9f2df6a6090d45db68f9162,1,32272e8a9336baf4548671ac811f4f14,57e632711dec9ec14ca7546769483e7e,2018-02-01 16:13:15,199.9,17.16,2018-01-27,2018-02-01 16:13:15.000000,2026-08-27T05:17:09.287600+00:00,D:/D drive recovery/Shiva JH/Projects/OneLake Medallion/data/landing/2018-01-27/order_items.parquet,2018-01-27
37ce40447807e0d3e58cc474ce549881,1,c5c619629da44fcdd8303458a5557fde,2a84855fd20af891be03bc5924d2b453,2018-02-01 11:32:10,99.9,17.14,2018-01-27,2018-02-01 11:32:10.000000,2026-08-27T05:17:09.287600+00:00,D:/D drive recovery/Shiva JH/Projects/OneLake Medallion/data/landing/2018-01-27/order_items.parquet,2018-01-27
9c9471a2e1b2cb608b22437f51cbe184,1,1cf4209f5358de32c5cae2c2dbb84aed,ea8482cd71df3c1969d7b9473ff13abc,2018-01-31 22:53:05,39.9,7.78,2018-01-27,2018-01-31 22:53:05.000000,2026-08-27T05:17:09.287600+00:00,D:/D drive recovery/Shiva JH/Projects/OneLake Medallion/data/landing/2018-01-27/order_items.parquet,2018-01-27
b1b6c6679301e883c54342f1610a5360,1,2a5806f10d0f00e5ad032dd2e3c8806e,7c67e1448b00f6e969d365cea6b010ab,2018-02-09 19:19:42,169.99,36.85,2018-01-27,2018-02-09 19:19:42.000000,2026-08-27T05:17:09.287600+00:00,D:/D drive recovery/Shiva JH/Projects/OneLake Medallion/data/landing/2018-01-27/order_items.parquet,2018-01-27
8a9b30ac80da3860f049247b7464596f,1,6d3bb44f9f7c05fcf46bee6a24ec1117,e5a3438891c0bfdb9394643f95273d8e,2018-02-14 09:10:36,27.3,8.11,2018-02-08,2018-02-14 09:10:36.000000,2026-08-27T05:17:09.287600+00:00,D:/D drive recovery/Shiva JH/Projects/OneLake Medallion/data/landing/2018-02-08/order_items.parquet,2018-02-08
a04b614ebff4852b2d63c655c1588654,1,8afd99798fadd878e37b5bca830e6525,4a3ca9315b744ce9f8e9374361493884,2018-02-14 11:10:51,254.4,37.1,2018-02-08,2018-02-14 11:10:51.000000,2026-08-27T05:17:09.287600+00:00,D:/D drive recovery/Shiva JH/Projects/OneLake Medallion/data/landing/2018-02-08/order_items.parquet,2018-02-08
a7e30722ecb34ffbeb0fb198ff547677,1,8eb72e039f7857d796c5afe824d0c64c,218d46b86c1881d022bce9c68a7d4b15,2018-02-14 23:08:31,149.0,14.06,2018-02-08,2018-02-14 23:08:31.000000,2026-08-27T05:17:09.287600+00:00,D:/D drive recovery/Shiva JH/Projects/OneLake Medallion/data/landing/2018-02-08/order_items.parquet,2018-02-08
ae6892262d72790a9568fd4f4ac198f3,1,53759a2ecddad2bb87a079a1f1519f73,1f50f920176fa81dab994f9023523100,2018-02-14 17:06:44,49.9,17.6,2018-02-08,2018-02-14 17:06:44.000000,2026-08-27T05:17:09.287600+00:00,D:/D drive recovery/Shiva JH/Projects/OneLake Medallion/data/landing/2018-02-08/order_items.parquet,2018-02-08
1218b7b8dcee5607631650cd962f6436,1,617186c3d97ea56c9c683a8a3974e8c1,cc419e0650a3c5ba77189a1882b7556a,2018-03-01 11:31:33,79.99,19.1,2018-02-20,2018-03-01 11:31:33.000000,2026-08-27T05:17:09.287600+00:00,D:/D drive recovery/Shiva JH/Projects/OneLake Medallion/data/landing/2018-02-20/order_items.parquet,2018-02-20
19ad2d72d688eca2dc11bf19bc9ffcf2,1,46a44fef61c4835cb2cc8f39f0ce0752,1554a68530182680ad5c8b042c3ab563,2018-02-26 20:55:52,34.9,16.79,2018-02-20,2018-02-26 20:55:52.000000,2026-08-27T05:17:09.287600+00:00,D:/D drive recovery/Shiva JH/Projects/OneLake Medallion/data/landing/2018-02-20/order_items.parquet,2018-02-20
46300fb44bc5e5cc05d54d33cbc243fc,1,3dd2a17168ec895c781a9191c1e95ad7,de722cd6dad950a92b7d4f82673f8833,2018-02-27 03:31:11,149.9,23.37,2018-02-20,2018-02-27 03:31:11.000000,2026-08-27T05:17:09.287600+00:00,D:/D drive recovery/Shiva JH/Projects/OneLake Medallion/data/landing/2018-02-20/order_items.parquet,2018-02-20
6482a6de4a9253a18abae1bc97af64aa,1,a694f2632fae82ef419fd71587103dc9,989becdce12ebc39863c2bceab6f3ca1,2018-02-27 09:31:14,138.0,28.96,2018-02-20,2018-02-27 09:31:14.000000,2026-08-27T05:17:09.287600+00:00,D:/D drive recovery/Shiva JH/Projects/OneLake Medallion/data/landing/2018-02-20/order_items.parquet,2018-02-20
64cfbc6d10f3a5091889f0fab6233167,1,b9454f6cd728a6e0510e3c4ba8c25263,ea8482cd71df3c1969d7b9473ff13abc,2018-02-26 13:28:07,27.99,7.78,2018-02-20,2018-02-26 13:28:07.000000,2026-08-27T05:17:09.287600+00:00,D:/D drive recovery/Shiva JH/Projects/OneLake Medallion/data/landing/2018-02-20/order_items.parquet,2018-02-20
fbf9ac61453ac646ce8ad9783d7d0af6,1,7b717060aa783eb7f23a747a3a733dd7,c0563dd588b775f2e37747ef6ad6c92c,2018-02-28 02:30:44,109.9,15.53,2018-02-20,2018-02-28 02:30:44.000000,2026-08-27T05:17:09.287600+00:00,D:/D drive recovery/Shiva JH/Projects/OneLake Medallion/data/landing/2018-02-20/order_items.parquet,2018-02-20
50ed8128c8b7ee1458b9961d8b100a23,1,576604f94c1358b5113eba7ad6b6724d,dee656f0f566ed1aa85bd137c943f08f,2018-03-08 15:10:34,35.9,15.1,2018-03-04,2018-03-08 15:10:34.000000,2026-08-27T05:17:09.287600+00:00,D:/D drive recovery/Shiva JH/Projects/OneLake Medallion/data/landing/2018-03-04/order_items.parquet,2018-03-04
7e460703dd3adb450213b20170a237f6,1,9b1e33523029f6bde0a3fbe99d793cf4,3e8bd881d92466e63ba9e3e809cd3c50,2018-03-08 13:29:23,34.9,12.35,2018-03-04,2018-03-08 13:29:23.000000,2026-08-27T05:17:09.287600+00:00,D:/D drive recovery/Shiva JH/Projects/OneLake Medallion/data/landing/2018-03-04/order_items.parquet,2018-03-04
ad71054dc5d178fd3d92e89a84f5edcc,1,bb50f2e236e5eea0100680137654686c,f7ba60f8c3f99e7ee4042fdef03b70c4,2018-03-09 13:29:21,325.0,16.02,2018-03-04,2018-03-09 13:29:21.000000,2026-08-27T05:17:09.287600+00:00,D:/D drive recovery/Shiva JH/Projects/OneLake Medallion/data/landing/2018-03-04/order_items.parquet,2018-03-04
e2f80e58aa7bb597859b1b01b6bc366d,1,87a71ae93900ab55fcf685c8040769b3,8b321bb669392f5163d04c59e235e066,2018-03-08 19:15:40,12.9,34.15,2018-03-04,2018-03-08 19:15:40.000000,2026-08-27T05:17:09.287600+00:00,D:/D drive recovery/Shiva JH/Projects/OneLake Medallion/data/landing/2018-03-04/order_items.parquet,2018-03-04
eedcf6db339a0b2ce303e615dceaee65,1,368c6c730842d78016ad823897a372db,1f50f920176fa81dab994f9023523100,2018-03-08 22:30:40,53.9,17.3,2018-03-04,2018-03-08 22:30:40.000000,2026-08-27T05:17:09.287600+00:00,D:/D drive recovery/Shiva JH/Projects/OneLake Medallion/data/landing/2018-03-04/order_items.parquet,2018-03-04
eedcf6db339a0b2ce303e615dceaee65,2,368c6c730842d78016ad823897a372db,1f50f920176fa81dab994f9023523100,2018-03-08 22:30:40,53.9,17.3,2018-03-04,2018-03-08 22:30:40.000000,2026-08-27T05:17:09.287600+00:00,D:/D drive recovery/Shiva JH/Projects/OneLake Medallion/data/landing/2018-03-04/order_items.parquet,2018-03-04
eedcf6db339a0b2ce303e615dceaee65,3,cec09725da5ed01471d9a505e7389d37,4d6d651bd7684af3fffabd5f08d12e5a,2018-03-08 22:30:40,69.9,21.63,2018-03-04,2018-03-08 22:30:40.000000,2026-08-27T05:17:09.287600+00:00,D:/D drive recovery/Shiva JH/Projects/OneLake Medallion/data/landing/2018-03-04/order_items.parquet,2018-03-04
09cd0ef00759c25af3a62b31366074bb,1,6503fb999235a191e5256051244c627c,53e4c6e0f4312d4d2107a8c9cddf45cd,2018-03-22 09:07:15,82.0,27.12,2018-03-16,2018-03-22 09:07:15.000000,2026-08-27T05:17:09.287600+00:00,D:/D drive recovery/Shiva JH/Projects/OneLake Medallion/data/landing/2018-03-16/order_items.parquet,2018-03-16
65dcb85abbb41e3ece2afabaacad1d2d,1,c3fa41b1f851451aaea66f41ebf170d1,26af45f5dfd967225a832838aa4e24a3,2018-03-22 20:10:30,36.0,22.85,2018-03-16,2018-03-22 20:10:30.000000,2026-08-27T05:17:09.287600+00:00,D:/D drive recovery/Shiva JH/Projects/OneLake Medallion/data/landing/2018-03-16/order_items.parquet,2018-03-16
84040a45ab0e33cc43b8c196aad15732,1,7cabdd3cd47d37e33d2c6eabff08c1a6,85d9eb9ddc5d00ca9336a2219c97bb13,2018-03-30 19:28:20,27.9,17.06,2018-03-16,2018-03-30 19:28:20.000000,2026-08-27T05:17:09.287600+00:00,D:/D drive recovery/Shiva JH/Projects/OneLake Medallion/data/landing/2018-03-16/order_items.parquet,2018-03-16
a4d782cea9ad01e830a3603bc4e7a716,1,bee2e070c39f3dd2f6883a17a5f0da45,4e922959ae960d389249c378d1c939f5,2018-03-26 21:50:22,180.0,17.8,2018-03-16,2018-03-26 21:50:22.000000,2026-08-27T05:17:09.287600+00:00,D:/D drive recovery/Shiva JH/Projects/OneLake Medallion/data/landing/2018-03-16/order_items.parquet,2018-03-16
c136ccb91ace39bbcdd1012fe2002d8d,1,a36f2cdee6906fae885c6258e824308c,a2fa0bdc798ee84cdb08281337cf4fb6,2018-03-22 04:31:39,19.99,17.06,2018-03-16,2018-03-22 04:31:39.000000,2026-08-27T05:17:09.287600+00:00,D:/D drive recovery/Shiva JH/Projects/OneLake Medallion/data/landing/2018-03-16/order_items.parquet,2018-03-16
cca5e85092bfd9c1cb6c4d936cd86ecd,1,8562e2c780a345b609e1b802d7e3e4ae,8160255418d5aaa7dbdc9f4c64ebda44,2018-03-22 16:29:23,79.9,19.53,2018-03-16,2018-03-22 16:29:23.000000,2026-08-27T05:17:09.287600+00:00,D:/D drive recovery/Shiva JH/Projects/OneLake Medallion/data/landing/2018-03-16/order_items.parquet,2018-03-16
e9df66519c360c741bedc488149685e9,1,f29675e9d91d8e0451ced31708497904,d5b9a084373da994a6e37f732169a853,2018-03-22 02:40:26,290.0,24.57,2018-03-16,2018-03-22 02:40:26.000000,2026-08-27T05:17:09.287600+00:00,D:/D drive recovery/Shiva JH/Projects/OneLake Medallion/data/landing/2018-03-16/order_items.parquet,2018-03-16
fef89b64a9e94a0533f8c0afa152f524,1,6d7d853286dac8449c42146f8ce5dedf,3be634553519fb6536a03e1358e9fdc7,2018-03-22 11:49:11,18.5,12.79,2018-03-16,2018-03-22 11:49:11.000000,2026-08-27T05:17:09.287600+00:00,D:/D drive recovery/Shiva JH/Projects/OneLake Medallion/data/landing/2018-03-16/order_items.parquet,2018-03-16
3d1a23961fdfd767d8596bd2851bdb5a,1,7bd043584ab4b147b9b19d9e97b299a9,79ebd9a61bac3eaf882805ed4ecfa12a,2018-04-03 09:35:16,129.9,23.49,2018-03-28,2018-04-03 09:35:16.000000,2026-08-27T05:17:09.287600+00:00,D:/D drive recovery/Shiva JH/Projects/OneLake Medallion/data/landing/2018-03-28/order_items.parquet,2018-03-28
edca1e6e5049a09e73c18ba943979a84,1,d23a564a7cd43e5169246cc8d2c8c5db,0e982cff76cc0579f632cea8a0e38c9d,2018-04-04 12:50:31,338.52,26.61,2018-03-28,2018-04-04 12:50:31.000000,2026-08-27T05:17:09.287600+00:00,D:/D drive recovery/Shiva JH/Projects/OneLake Medallion/data/landing/2018-03-28/order_items.parquet,2018-03-28
0464277e582666bde336336fd5fb9ff8,1,62e2471b884366ac7e2f2b28c3ed62a5,46dc3b2cc0980fb8ec44634e21d2718e,2018-04-13 10:30:41,149.99,8.99,2018-04-09,2018-04-13 10:30:41.000000,2026-08-27T05:17:09.287600+00:00,D:/D drive recovery/Shiva JH/Projects/OneLake Medallion/data/landing/2018-04-09/order_items.parquet,2018-04-09
341703185940265471b257c17af4790d,1,93a12c289ca2b78e7069e469f5053ef2,88460e8ebdecbfecb5f9601833981930,2018-04-13 17:29:19,129.9,18.79,2018-04-09,2018-04-13 17:29:19.000000,2026-08-27T05:17:09.287600+00:00,D:/D drive recovery/Shiva JH/Projects/OneLake Medallion/data/landing/2018-04-09/order_items.parquet,2018-04-09
717903b4b996a7ae799b0c76b779fa0c,1,4b703444923b5e57bb73ba343f5ebab7,42b729f859728f5079499127a9c2ef37,2018-04-13 18:50:00,35.9,7.39,2018-04-09,2018-04-13 18:50:00.000000,2026-08-27T05:17:09.287600+00:00,D:/D drive recovery/Shiva JH/Projects/OneLake Medallion/data/landing/2018-04-09/order_items.parquet,2018-04-09
d7dd7b5a139c49fb68a6977797599973,1,4c8056caed5757810b9a68b83c3759e6,b1a81260566c1bac3114a6d124413f27,2018-04-13 17:51:31,169.9,19.07,2018-04-09,2018-04-13 17:51:31.000000,2026-08-27T05:17:09.287600+00:00,D:/D drive recovery/Shiva JH/Projects/OneLake Medallion/data/landing/2018-04-09/order_items.parquet,2018-04-09
d7dd7b5a139c49fb68a6977797599973,2,c68252426f70e1434cf6e465d7cae869,b1a81260566c1bac3114a6d124413f27,2018-04-13 17:51:31,169.9,19.07,2018-04-09,2018-04-13 17:51:31.000000,2026-08-27T05:17:09.287600+00:00,D:/D drive recovery/Shiva JH/Projects/OneLake Medallion/data/landing/2018-04-09/order_items.parquet,2018-04-09
29bf861fea8df0d2df2b141d46aea6a5,1,b69eb25e3a4def8e9cddee18712e0c5e,8ed8ea9a57c862f2c18c2fe41f601d56,2018-04-26 17:30:47,199.0,42.15,2018-04-21,2018-04-26 17:30:47.000000,2026-08-27T05:17:09.287600+00:00,D:/D drive recovery/Shiva JH/Projects/OneLake Medallion/data/landing/2018-04-21/order_items.parquet,2018-04-21
4d482023bb4e9eed15c299bf7c88d7a0,1,19f9a0f38a553e626086e4f0dee261c9,3d871de0142ce09b7081e2b9d1733cb1,2018-04-26 18:31:33,49.0,18.23,2018-04-21,2018-04-26 18:31:33.000000,2026-08-27T05:17:09.287600+00:00,D:/D drive recovery/Shiva JH/Projects/OneLake Medallion/data/landing/2018-04-21/order_items.parquet,2018-04-21
adff109236fcf060cf7989c67c4280a5,1,1ec3e93251df2e23babb7daa30c52496,8b28d096634035667e8263d57ba3368c,2018-04-30 03:32:01,19.9,18.23,2018-04-21,2018-04-30 03:32:01.000000,2026-08-27T05:17:09.287600+00:00,D:/D drive recovery/Shiva JH/Projects/OneLake Medallion/data/landing/2018-04-21/order_items.parquet,2018-04-21
ca7fc2f0ccaa981c829f79898f513337,1,37470d84427730445b3b251bb796d528,d91fb3b7d041e83b64a00a3edfb37e4f,2018-04-26 18:32:39,52.0,19.33,2018-04-21,2018-04-26 18:32:39.000000,2026-08-27T05:17:09.287600+00:00,D:/D drive recovery/Shiva JH/Projects/OneLake Medallion/data/landing/2018-04-21/order_items.parquet,2018-04-21
cdf44e8d562b9d32c7efe051c5cb71dd,1,9663cf1ff5c7ff603be0a27b1cf2dde2,95f83f51203c626648c875dd41874c7f,2018-04-25 23:31:05,29.99,14.43,2018-04-21,2018-04-25 23:31:05.000000,2026-08-27T05:17:09.287600+00:00,D:/D drive recovery/Shiva JH/Projects/OneLake Medallion/data/landing/2018-04-21/order_items.parquet,2018-04-21
e9136cf586a5b6aecf6fcd804542772c,1,0a82c5e3af23bf02899280c8e1f4eea9,d91fb3b7d041e83b64a00a3edfb37e4f,2018-04-26 15:30:40,39.6,8.82,2018-04-21,2018-04-26 15:30:40.000000,2026-08-27T05:17:09.287600+00:00,D:/D drive recovery/Shiva JH/Projects/OneLake Medallion/data/landing/2018-04-21/order_items.parquet,2018-04-21
2d8b7efa1e3e13012f43533582104eae,1,c475e0af586d200a52fcfa1dee11d1b2,080102cd0a76b09e0dcf55fcacc60e05,2018-05-09 23:50:46,54.85,13.5,2018-05-03,2018-05-09 23:50:46.000000,2026-08-27T05:17:09.287600+00:00,D:/D drive recovery/Shiva JH/Projects/OneLake Medallion/data/landing/2018-05-03/order_items.parquet,2018-05-03
332dbacb7e4b30fa11983953ea356627,1,dddeb2ee7ac86f0b08c51249f8f329ec,4a1f694197d05fe70026b016a7316b41,2018-05-10 00:12:45,39.99,11.62,2018-05-03,2018-05-10 00:12:45.000000,2026-08-27T05:17:09.287600+00:00,D:/D drive recovery/Shiva JH/Projects/OneLake Medallion/data/landing/2018-05-03/order_items.parquet,2018-05-03
6f4c22d6819340866bb330c97cb45c81,1,026ddfe4a1a29002815e6da024d6128e,b499c00f28f4b7069ff6550af8c1348a,2018-05-09 23:10:47,79.99,18.44,2018-05-03,2018-05-09 23:10:47.000000,2026-08-27T05:17:09.287600+00:00,D:/D drive recovery/Shiva JH/Projects/OneLake Medallion/data/landing/2018-05-03/order_items.parquet,2018-05-03
76dd6b675eeba81086553a3c272e0423,1,d1f8238b6028d483af2329cb63cc9bfd,1554a68530182680ad5c8b042c3ab563,2018-05-10 00:12:45,189.9,41.4,2018-05-03,2018-05-10 00:12:45.000000,2026-08-27T05:17:09.287600+00:00,D:/D drive recovery/Shiva JH/Projects/OneLake Medallion/data/landing/2018-05-03/order_items.parquet,2018-05-03
7e33051b148132bd0c823915b8863e35,1,330144665b875c2b4555f88d9f4ed7c1,620c87c171fb2a6dd6e8bb4dec959fc6,2018-05-09 07:55:14,159.9,20.09,2018-05-03,2018-05-09 07:55:14.000000,2026-08-27T05:17:09.287600+00:00,D:/D drive recovery/Shiva JH/Projects/OneLake Medallion/data/landing/2018-05-03/order_items.parquet,2018-05-03
8fb11f0652ca9a1fc2a32dd1b792fabf,1,af144ed65466a16118af719a57053c95,e333046ce6517bd8bb510291d44f0130,2018-05-09 21:30:46,289.0,28.1,2018-05-03,2018-05-09 21:30:46.000000,2026-08-27T05:17:09.287600+00:00,D:/D drive recovery/Shiva JH/Projects/OneLake Medallion/data/landing/2018-05-03/order_items.parquet,2018-05-03
c745c678c9834e0c537732afa099248a,1,99b5252f661c113b53ca9fbaae9dd3fd,abe42c5d03695b4257b5c6cbf4e6784e,2018-05-09 11:54:42,279.0,16.83,2018-05-03,2018-05-09 11:54:42.000000,2026-08-27T05:17:09.287600+00:00,D:/D drive recovery/Shiva JH/Projects/OneLake Medallion/data/landing/2018-05-03/order_items.parquet,2018-05-03
db6b63568221b91ede8c733e175bcb0f,1,bad9d1329b763d5a67f2d5d6b0a5f94d,79a679c36c08d606b3fd47ead9de109b,2018-05-09 18:15:25,85.0,18.17,2018-05-03,2018-05-09 18:15:25.000000,2026-08-27T05:17:09.287600+00:00,D:/D drive recovery/Shiva JH/Projects/OneLake Medallion/data/landing/2018-05-03/order_items.parquet,2018-05-03
db6b63568221b91ede8c733e175bcb0f,2,bad9d1329b763d5a67f2d5d6b0a5f94d,79a679c36c08d606b3fd47ead9de109b,2018-05-09 18:15:25,85.0,18.17,2018-05-03,2018-05-09 18:15:25.000000,2026-08-27T05:17:09.287600+00:00,D:/D drive recovery/Shiva JH/Projects/OneLake Medallion/data/landing/2018-05-03/order_items.parquet,2018-05-03
efd36975d7d35f5e51dc4e13aabc0f2d,1,a94db861b4ea1c79704586f07c8cdbc3,32b8764b4ef628b53608fc34011fcc13,2018-05-10 03:31:11,349.0,20.32,2018-05-03,2018-05-10 03:31:11.000000,2026-08-27T05:17:09.287600+00:00,D:/D drive recovery/Shiva JH/Projects/OneLake Medallion/data/landing/2018-05-03/order_items.parquet,2018-05-03
efd36975d7d35f5e51dc4e13aabc0f2d,2,a94db861b4ea1c79704586f07c8cdbc3,32b8764b4ef628b53608fc34011fcc13,2018-05-10 03:31:11,349.0,20.32,2018-05-03,2018-05-10 03:31:11.000000,2026-08-27T05:17:09.287600+00:00,D:/D drive recovery/Shiva JH/Projects/OneLake Medallion/data/landing/2018-05-03/order_items.parquet,2018-05-03
efd36975d7d35f5e51dc4e13aabc0f2d,3,a94db861b4ea1c79704586f07c8cdbc3,32b8764b4ef628b53608fc34011fcc13,2018-05-10 03:31:11,349.0,20.32,2018-05-03,2018-05-10 03:31:11.000000,2026-08-27T05:17:09.287600+00:00,D:/D drive recovery/Shiva JH/Projects/OneLake Medallion/data/landing/2018-05-03/order_items.parquet,2018-05-03
4b9cf74b2132266bf6d3342a77342433,1,0c7ec2b24166d57ac38a9db523711782,bd4889b5e9133b35b66e42a8665cea5c,2018-05-21 17:55:28,61.2,11.15,2018-05-15,2018-05-21 17:55:28.000000,2026-08-27T05:17:09.287600+00:00,D:/D drive recovery/Shiva JH/Projects/OneLake Medallion/data/landing/2018-05-15/order_items.parquet,2018-05-15
516b0fe870022210bab4e170fbf10ec1,1,f6255ba641ecb52b580793c20b7d728d,8b321bb669392f5163d04c59e235e066,2018-05-21 16:15:19,14.99,22.85,2018-05-15,2018-05-21 16:15:19.000000,2026-08-27T05:17:09.287600+00:00,D:/D drive recovery/Shiva JH/Projects/OneLake Medallion/data/landing/2018-05-15/order_items.parquet,2018-05-15
5d111a2da7b316aa34aadd1fb06b483a,1,8317b177579dd27ff068b83205e2169b,4869f7a5dfa277a7dca6462dcf3b52b2,2018-05-21 16:14:59,157.0,18.98,2018-05-15,2018-05-21 16:14:59.000000,2026-08-27T05:17:09.287600+00:00,D:/D drive recovery/Shiva JH/Projects/OneLake Medallion/data/landing/2018-05-15/order_items.parquet,2018-05-15
835dcecf534791041554b984434d72a0,1,08c63555bbee955cad9c6a9feab9e9d4,117cfc326c6d50da67ca858ff5c0c852,2018-05-21 01:16:10,94.9,15.36,2018-05-15,2018-05-21 01:16:10.000000,2026-08-27T05:17:09.287600+00:00,D:/D drive recovery/Shiva JH/Projects/OneLake Medallion/data/landing/2018-05-15/order_items.parquet,2018-05-15
c4606ff4ac2ce55892c33ab655ee5562,1,9d0bb30eed80184666c8acad23921283,1bb2bdb95f4841f1bba2c0d2cd83d3c9,2018-05-23 21:53:47,19.95,8.29,2018-05-15,2018-05-23 21:53:47.000000,2026-08-27T05:17:09.287600+00:00,D:/D drive recovery/Shiva JH/Projects/OneLake Medallion/data/landing/2018-05-15/order_items.parquet,2018-05-15
1b5616e7176516b92c005cf30da4dd69,1,f788dd44fc883f0664693a6dea50437f,3d871de0142ce09b7081e2b9d1733cb1,2018-06-13 20:32:07,39.0,22.93,2018-06-08,2018-06-13 20:32:07.000000,2026-08-27T05:17:09.287600+00:00,D:/D drive recovery/Shiva JH/Projects/OneLake Medallion/data/landing/2018-06-08/order_items.parquet,2018-06-08
1c05a65d4250595c0369fe2e5771f5a1,1,287aafe80d2beee0ac805deb436fdd89,7ad32824caee82087b3e2e5f33b1bf32,2018-06-18 11:17:16,50.0,19.32,2018-06-08,2018-06-18 11:17:16.000000,2026-08-27T05:17:09.287600+00:00,D:/D drive recovery/Shiva JH/Projects/OneLake Medallion/data/landing/2018-06-08/order_items.parquet,2018-06-08
46756e8b057947b9f69b5a70f084817f,1,55b71bf300a2765a382eaec566df531f,e8dba4d70f7f2b20e775d09cae01142d,2018-06-18 05:16:39,74.99,31.35,2018-06-08,2018-06-18 05:16:39.000000,2026-08-27T05:17:09.287600+00:00,D:/D drive recovery/Shiva JH/Projects/OneLake Medallion/data/landing/2018-06-08/order_items.parquet,2018-06-08
67237faa0d1a15c51811b4888270a4c2,1,5c61329e1b7e18310bbc294c17cd47bb,caa9bc43a9fe8cf9c564ddd8a03cc4a6,2018-06-14 20:31:51,99.99,18.58,2018-06-08,2018-06-14 20:31:51.000000,2026-08-27T05:17:09.287600+00:00,D:/D drive recovery/Shiva JH/Projects/OneLake Medallion/data/landing/2018-06-08/order_items.parquet,2018-06-08
7d9bcfa3311de116da3d91d20236b5c5,1,c7b3b8509e06ae21abdd78b541215cda,620c87c171fb2a6dd6e8bb4dec959fc6,2018-06-18 07:54:35,119.9,18.72,2018-06-08,2018-06-18 07:54:35.000000,2026-08-27T05:17:09.287600+00:00,D:/D drive recovery/Shiva JH/Projects/OneLake Medallion/data/landing/2018-06-08/order_items.parquet,2018-06-08
34b426d7bae7fa280beff9a3cda190da,1,d2f5484cbffe4ca766301b21ab9246dd,36a968b544695394e4e9d7572688598f,2018-06-25 01:30:57,12.88,18.23,2018-06-20,2018-06-25 01:30:57.000000,2026-08-27T05:17:09.287600+00:00,D:/D drive recovery/Shiva JH/Projects/OneLake Medallion/data/landing/2018-06-20/order_items.parquet,2018-06-20
51122623ee1ccdaadbb6fcd95f077d8a,1,fbce4c4cb307679d89a3bf3d3bb353b9,c33847515fa6305ce6feb1e818569f13,2018-06-26 10:31:30,149.0,41.33,2018-06-20,2018-06-26 10:31:30.000000,2026-08-27T05:17:09.287600+00:00,D:/D drive recovery/Shiva JH/Projects/OneLake Medallion/data/landing/2018-06-20/order_items.parquet,2018-06-20
719beedd6c2193b3e1e1ea1d2706eaf1,1,fd7d446e2582c5bbc8be63f9179e98ac,99cd94252748d2bdde08e17858233602,2018-06-26 14:18:42,79.9,8.3,2018-06-20,2018-06-26 14:18:42.000000,2026-08-27T05:17:09.287600+00:00,D:/D drive recovery/Shiva JH/Projects/OneLake Medallion/data/landing/2018-06-20/order_items.parquet,2018-06-20
977f92d98cab7bb13fedbec436375f8d,1,b1bd2eebcf90443f4f17e71bb89468a2,41da412d33e8da4f22baf55cb1bde82c,2018-06-26 09:20:20,29.9,18.31,2018-06-20,2018-06-26 09:20:20.000000,2026-08-27T05:17:09.287600+00:00,D:/D drive recovery/Shiva JH/Projects/OneLake Medallion/data/landing/2018-06-20/order_items.parquet,2018-06-20
ae24b4bd36760cf8c026d52448d408f1,1,23bcd6822a33df5534f9b290216eec1f,ac3508719a1d8f5b7614b798f70af136,2018-06-22 19:00:42,120.9,33.33,2018-06-20,2018-06-22 19:00:42.000000,2026-08-27T05:17:09.287600+00:00,D:/D drive recovery/Shiva JH/Projects/OneLake Medallion/data/landing/2018-06-20/order_items.parquet,2018-06-20
3308880e8f58b1d2c21bd5b1bf64aad4,1,d42869d5edf603eb87c4b4cb40d11ca1,af3ef48d0e13835e529c29ac573c63e5,2018-06-10 23:50:23,53.0,18.25,2018-06-04,2018-06-10 23:50:23.000000,2026-08-27T05:17:09.287600+00:00,D:/D drive recovery/Shiva JH/Projects/OneLake Medallion/data/landing/2018-06-04/order_items.parquet,2018-06-04
8b7b9c6bbef1d12f004035806f43996a,1,83b92639fffd1d55c9e04c77c86d8d2c,00fc707aaaad2d31347cf883cd2dfe10,2018-06-12 10:50:55,45.5,20.16,2018-06-04,2018-06-12 10:50:55.000000,2026-08-27T05:17:09.287600+00:00,D:/D drive recovery/Shiva JH/Projects/OneLake Medallion/data/landing/2018-06-04/order_items.parquet,2018-06-04
8b7b9c6bbef1d12f004035806f43996a,2,b0c8da302d49498d2ce6be8c631e4e20,88460e8ebdecbfecb5f9601833981930,2018-06-12 10:50:55,59.9,16.36,2018-06-04,2018-06-12 10:50:55.000000,2026-08-27T05:17:09.287600+00:00,D:/D drive recovery/Shiva JH/Projects/OneLake Medallion/data/landing/2018-06-04/order_items.parquet,2018-06-04
903bf628219e968e070f205a97500735,1,2d063994ae4667cff3d6841e9d441d1d,13d058e4eeac2ce8217660b2f8a05812,2018-06-12 16:15:22,119.99,18.92,2018-06-04,2018-06-12 16:15:22.000000,2026-08-27T05:17:09.287600+00:00,D:/D drive recovery/Shiva JH/Projects/OneLake Medallion/data/landing/2018-06-04/order_items.parquet,2018-06-04
ab87dc5a5f1856a10640d5f42e4c2fd9,1,f8b624d4e475bb8d1bddf1b65c6a64f6,b410bdd36d5db7a65dcd42b7ead933b8,2018-06-12 12:50:47,179.0,31.9,2018-06-04,2018-06-12 12:50:47.000000,2026-08-27T05:17:09.287600+00:00,D:/D drive recovery/Shiva JH/Projects/OneLake Medallion/data/landing/2018-06-04/order_items.parquet,2018-06-04
2a03326bc3dd548e425fafa5c7be54ed,1,0640a217fe729c5b8f61fd475f1fc22c,ea8482cd71df3c1969d7b9473ff13abc,2018-06-20 13:59:35,49.99,15.45,2018-06-16,2018-06-20 13:59:35.000000,2026-08-27T05:17:09.287600+00:00,D:/D drive recovery/Shiva JH/Projects/OneLake Medallion/data/landing/2018-06-16/order_items.parquet,2018-06-16
9b21d7e7e61740911f0008fc81681e63,1,b37a8cda46313ac91d79f16601ca5253,955fee9216a65b617aa5c0531780ce60,2018-06-21 06:56:59,105.0,19.93,2018-06-16,2018-06-21 06:56:59.000000,2026-08-27T05:17:09.287600+00:00,D:/D drive recovery/Shiva JH/Projects/OneLake Medallion/data/landing/2018-06-16/order_items.parquet,2018-06-16
b865bf62fce1552218ba53aaa950e1cc,1,2c2f3f30558d17cb6427b4b1991cb2a7,e067ad2c1c0b48758eb1b5228bcf7a68,2018-06-22 10:57:03,265.0,59.94,2018-06-16,2018-06-22 10:57:03.000000,2026-08-27T05:17:09.287600+00:00,D:/D drive recovery/Shiva JH/Projects/OneLake Medallion/data/landing/2018-06-16/order_items.parquet,2018-06-16
7063524166dbe4d1f15029bafcd95070,1,d017a2151d543a9885604dc62a3d9dcc,6560211a19b47992c3666cc44a7e94c0,2018-07-03 02:53:28,49.0,18.44,2018-06-28,2018-07-03 02:53:28.000000,2026-08-27T05:17:09.287600+00:00,D:/D drive recovery/Shiva JH/Projects/OneLake Medallion/data/landing/2018-06-28/order_items.parquet,2018-06-28
8f82857f5a738c96bb40a551c4c0bb40,1,8279f484b70cb6fb2a87f36e766bd559,7ad32824caee82087b3e2e5f33b1bf32,2018-07-02 01:11:09,59.9,25.28,2018-06-28,2018-07-02 01:11:09.000000,2026-08-27T05:17:09.287600+00:00,D:/D drive recovery/Shiva JH/Projects/OneLake Medallion/data/landing/2018-06-28/order_items.parquet,2018-06-28
8f82857f5a738c96bb40a551c4c0bb40,2,8e6774f213b2625176287ad6c3d38be6,ea67327e24487bdfac5fbfa37ea124df,2018-07-04 01:11:09,148.69,25.28,2018-06-28,2018-07-04 01:11:09.000000,2026-08-27T05:17:09.287600+00:00,D:/D drive recovery/Shiva JH/Projects/OneLake Medallion/data/landing/2018-06-28/order_items.parquet,2018-06-28
b70c2a4797319570dbecddc366fb25c0,1,2c4930c4b284c7b99db2a4c52071a45e,2a261b5b644fa05f4f2700eb93544f2c,2018-07-02 19:29:51,45.0,40.44,2018-06-28,2018-07-02 19:29:51.000000,2026-08-27T05:17:09.287600+00:00,D:/D drive recovery/Shiva JH/Projects/OneLake Medallion/data/landing/2018-06-28/order_items.parquet,2018-06-28
b70c2a4797319570dbecddc366fb25c0,2,cdbcde669141ea6af7193857333db4ff,2a261b5b644fa05f4f2700eb93544f2c,2018-07-02 19:29:51,60.0,40.44,2018-06-28,2018-07-02 19:29:51.000000,2026-08-27T05:17:09.287600+00:00,D:/D drive recovery/Shiva JH/Projects/OneLake Medallion/data/landing/2018-06-28/order_items.parquet,2018-06-28
b70c2a4797319570dbecddc366fb25c0,3,919b08607e72077425654ac5fc0b5528,2a261b5b644fa05f4f2700eb93544f2c,2018-07-02 19:29:51,70.0,40.46,2018-06-28,2018-07-02 19:29:51.000000,2026-08-27T05:17:09.287600+00:00,D:/D drive recovery/Shiva JH/Projects/OneLake Medallion/data/landing/2018-06-28/order_items.parquet,2018-06-28
b70c2a4797319570dbecddc366fb25c0,4,b0ff78dc1b5fdca6b5d9ec76cfe4cc3b,2a261b5b644fa05f4f2700eb93544f2c,2018-07-02 19:29:51,70.0,40.44,2018-06-28,2018-07-02 19:29:51.000000,2026-08-27T05:17:09.287600+00:00,D:/D drive recovery/Shiva JH/Projects/OneLake Medallion/data/landing/2018-06-28/order_items.parquet,2018-06-28
dd7bd4b50d554cf0c41fb4c0cfccdedc,1,5999995b8f64d769dbc6f592b86d6f8a,c013e57c075a06e5b5c48ee03c525719,2018-06-20 11:02:34,36.99,14.57,2018-06-15,2018-06-20 11:02:34.000000,2026-08-27T05:17:09.287600+00:00,D:/D drive recovery/Shiva JH/Projects/OneLake Medallion/data/landing/2018-06-15/order_items.parquet,2018-06-15
1c7c202a0cbbdb86b7613a8f2b0931e7,1,1b2a140e2ec204144f52c2d74eafbd98,b274baf5bbd142410eb2958cf685d684,2018-07-04 10:30:58,99.9,33.18,2018-06-27,2018-07-04 10:30:58.000000,2026-08-27T05:17:09.287600+00:00,D:/D drive recovery/Shiva JH/Projects/OneLake Medallion/data/landing/2018-06-27/order_items.parquet,2018-06-27
4024e82961bfcec0a71869767cf923e9,1,1342c0533d30a76542a5697aed78039f,d6b1ce66b035a475f00c017792ff9769,2018-07-03 12:11:04,113.3,57.56,2018-06-27,2018-07-03 12:11:04.000000,2026-08-27T05:17:09.287600+00:00,D:/D drive recovery/Shiva JH/Projects/OneLake Medallion/data/landing/2018-06-27/order_items.parquet,2018-06-27
5a395f4b4dcbc42442cc6c5945c6ee0a,1,84f5c4f480ad6c9998d6a6860f1a2e41,282f23a9769b2690c5dda22e316f9941,2018-07-03 09:10:39,44.06,18.11,2018-06-27,2018-07-03 09:10:39.000000,2026-08-27T05:17:09.287600+00:00,D:/D drive recovery/Shiva JH/Projects/OneLake Medallion/data/landing/2018-06-27/order_items.parquet,2018-06-27
64811ed51b1fed65cc4c71da8a19a826,1,063daeb82f41e36a160549515ef28e75,4a3ca9315b744ce9f8e9374361493884,2018-06-29 12:08:32,173.0,24.01,2018-06-27,2018-06-29 12:08:32.000000,2026-08-27T05:17:09.287600+00:00,D:/D drive recovery/Shiva JH/Projects/OneLake Medallion/data/landing/2018-06-27/order_items.parquet,2018-06-27
c8190ec25152e9e725de81876f1b9125,1,8fcc1d90544dc9032e38da313cd5d278,26785a546900236d66f2e4197c211158,2018-07-10 20:11:51,49.9,7.61,2018-06-27,2018-07-10 20:11:51.000000,2026-08-27T05:17:09.287600+00:00,D:/D drive recovery/Shiva JH/Projects/OneLake Medallion/data/landing/2018-06-27/order_items.parquet,2018-06-27
dafe7fe42ee9fb39d4c5f957e0799cf4,1,91442659f31ec0f0fc73215e77854fac,6560211a19b47992c3666cc44a7e94c0,2018-07-02 01:11:20,55.0,15.49,2018-06-27,2018-07-02 01:11:20.000000,2026-08-27T05:17:09.287600+00:00,D:/D drive recovery/Shiva JH/Projects/OneLake Medallion/data/landing/2018-06-27/order_items.parquet,2018-06-27
fdad9ac63eb92d4413a159106156cab1,1,cde6874b9722e3220ecedf04958dcd4c,06a2c3af7b3aee5d69171b0e14f0ee87,2018-06-28 20:16:17,119.99,30.09,2018-06-19,2018-06-28 20:16:17.000000,2026-08-27T05:17:09.287600+00:00,D:/D drive recovery/Shiva JH/Projects/OneLake Medallion/data/landing/2018-06-19/order_items.parquet,2018-06-19
ff014de83d667807820e68d8ea975281,1,97df097e327bdfd11f7a1061fda6b89d,5cbbd5a299cab112b7bf23862255e43e,2018-06-25 20:31:38,19.87,15.24,2018-06-19,2018-06-25 20:31:38.000000,2026-08-27T05:17:09.287600+00:00,D:/D drive recovery/Shiva JH/Projects/OneLake Medallion/data/landing/2018-06-19/order_items.parquet,2018-06-19
c13f61a17915a48e0741b02a6b7a3fe8,1,592dcb7933e5bf8d04d6b80a6c6312a2,cca3071e3e9bb7d12640c9fbe2301306,2017-01-28 15:01:29,59.9,13.0,2017-01-21,2017-01-28 15:01:29.000000,2026-08-27T05:17:09.287600+00:00,D:/D drive recovery/Shiva JH/Projects/OneLake Medallion/data/landing/2017-01-21/order_items.parquet,2017-01-21
ec63c198f700051fb0a74c40a757af0e,1,9d3bc872d8bb405d3cd5e7a8deaf4fa9,4e922959ae960d389249c378d1c939f5,2017-01-25 14:00:52,19.0,14.52,2017-01-21,2017-01-25 14:00:52.000000,2026-08-27T05:17:09.287600+00:00,D:/D drive recovery/Shiva JH/Projects/OneLake Medallion/data/landing/2017-01-21/order_items.parquet,2017-01-21
1282867904225d219a5ec3f1251a5fce,1,3dacb3ae011b40803a508b23392e15a0,41c9d3997dd3c072c31139dc5bb5761f,2017-02-07 19:17:18,299.9,34.84,2017-02-02,2017-02-07 19:17:18.000000,2026-08-27T05:17:09.287600+00:00,D:/D drive recovery/Shiva JH/Projects/OneLake Medallion/data/landing/2017-02-02/order_items.parquet,2017-02-02
d4d52a6470ea8a7ee5d1fba74508bf15,1,a703f5ade6e4fae527357132230ea778,f4aba7c0bca51484c30ab7bdc34bcdd1,2017-02-06 11:42:50,23.9,14.52,2017-02-02,2017-02-06 11:42:50.000000,2026-08-27T05:17:09.287600+00:00,D:/D drive recovery/Shiva JH/Projects/OneLake Medallion/data/landing/2017-02-02/order_items.parquet,2017-02-02
530e59f0f148ec0029b49a2cbc1ce2ce,1,28ea12eefe401cceb76c6026abfbcd71,54a1852d1b8f10312c55e906355666ee,2017-02-18 20:57:52,74.99,13.1,2017-02-14,2017-02-18 20:57:52.000000,2026-08-27T05:17:09.287600+00:00,D:/D drive recovery/Shiva JH/Projects/OneLake Medallion/data/landing/2017-02-14/order_items.parquet,2017-02-14
e706d614326b76f48f24d82f86c0b2ed,1,56d7faef0f7d847eea91b3302698bcc4,da8622b14eb17ae2831f4ac5b9dab84a,2017-02-22 17:12:12,219.9,16.65,2017-02-14,2017-02-22 17:12:12.000000,2026-08-27T05:17:09.287600+00:00,D:/D drive recovery/Shiva JH/Projects/OneLake Medallion/data/landing/2017-02-14/order_items.parquet,2017-02-14
e706d614326b76f48f24d82f86c0b2ed,2,56d7faef0f7d847eea91b3302698bcc4,da8622b14eb17ae2831f4ac5b9dab84a,2017-02-22 17:12:12,219.9,16.65,2017-02-14,2017-02-22 17:12:12.000000,2026-08-27T05:17:09.287600+00:00,D:/D drive recovery/Shiva JH/Projects/OneLake Medallion/data/landing/2017-02-14/order_items.parquet,2017-02-14
4537fa33050632b53247df7983dddff3,1,25179680ecacb54a036e9cdd27459da3,b7cc6c5e001441ae8cdd5c69a480cbe4,2017-03-02 23:45:12,199.0,75.82,2017-02-26,2017-03-02 23:45:12.000000,2026-08-27T05:17:09.287600+00:00,D:/D drive recovery/Shiva JH/Projects/OneLake Medallion/data/landing/2017-02-26/order_items.parquet,2017-02-26
7cc694b62dcc67d5cf680cb035f217c9,1,2d857ab2a090c784ad9de4c8dedac0e8,afe0067131b73e40875c9b6c10bd2e21,2017-03-16 10:36:26,99.9,19.29,2017-03-10,2017-03-16 10:36:26.000000,2026-08-27T05:17:09.287600+00:00,D:/D drive recovery/Shiva JH/Projects/OneLake Medallion/data/landing/2017-03-10/order_items.parquet,2017-03-10
94bc8ddcff97b273c27ce96992e0425d,1,11bbef4e2a44601d9dd471aa1fb433e6,5c243662ce92d84573bfaff24c3e3700,2017-03-20 09:50:27,339.99,12.99,2017-03-10,2017-03-20 09:50:27.000000,2026-08-27T05:17:09.287600+00:00,D:/D drive recovery/Shiva JH/Projects/OneLake Medallion/data/landing/2017-03-10/order_items.parquet,2017-03-10
c7b627d407eee2ec488c07e03e2b8c16,1,081088b5ca67de215fa103434690cedc,d66c305afaec317ebee552073a674429,2017-03-28 09:07:17,139.0,16.67,2017-03-22,2017-03-28 09:07:17.000000,2026-08-27T05:17:09.287600+00:00,D:/D drive recovery/Shiva JH/Projects/OneLake Medallion/data/landing/2017-03-22/order_items.parquet,2017-03-22
dad4cbac8f3bc660ef43f4b4d75260c8,1,7b3b38b62de0edfa802192d5c18d5489,da8622b14eb17ae2831f4ac5b9dab84a,2017-04-03 14:59:15,89.9,13.21,2017-03-22,2017-04-03 14:59:15.000000,2026-08-27T05:17:09.287600+00:00,D:/D drive recovery/Shiva JH/Projects/OneLake Medallion/data/landing/2017-03-22/order_items.parquet,2017-03-22
81939d40c8467167b0946455d61ca8a7,1,aa8dbe0ebad6906e9253479e1027185e,dc4a0fc896dc34b0d5bfec8438291c80,2017-04-12 16:05:25,54.9,11.77,2017-04-03,2017-04-12 16:05:25.000000,2026-08-27T05:17:09.287600+00:00,D:/D drive recovery/Shiva JH/Projects/OneLake Medallion/data/landing/2017-04-03/order_items.parquet,2017-04-03
10c8dc196ef9940faeef9fb9e6790abd,1,99a4788cb24856965c36a24e339b6058,4a3ca9315b744ce9f8e9374361493884,2017-04-24 16:05:19,89.9,14.8,2017-04-15,2017-04-24 16:05:19.000000,2026-08-27T05:17:09.287600+00:00,D:/D drive recovery/Shiva JH/Projects/OneLake Medallion/data/landing/2017-04-15/order_items.parquet,2017-04-15
fa28bd97430eae2d2b4f9441a25749c1,1,5886e73bff96ae18d2fe525021ac4563,4e922959ae960d389249c378d1c939f5,2017-05-03 04:10:47,180.0,12.65,2017-04-15,2017-05-03 04:10:47.000000,2026-08-27T05:17:09.287600+00:00,D:/D drive recovery/Shiva JH/Projects/OneLake Medallion/data/landing/2017-04-15/order_items.parquet,2017-04-15
31aac8ab69f5fdbc7c0ae9b6e1beee30,1,91b08d34d0ba4db44da2dc382867ba49,b76dba6c951ab00dc4edf0a1aa88037e,2017-05-05 05:33:38,10.99,17.78,2017-04-27,2017-05-05 05:33:38.000000,2026-08-27T05:17:09.287600+00:00,D:/D drive recovery/Shiva JH/Projects/OneLake Medallion/data/landing/2017-04-27/order_items.parquet,2017-04-27
7200817edfaf24464cd06cc29bc40827,1,0b035ff3ab8827ae8c56022c16712e9c,86ccac0b835037332a596a33b6949ee1,2017-05-16 02:50:34,218.99,18.78,2017-05-09,2017-05-16 02:50:34.000000,2026-08-27T05:17:09.287600+00:00,D:/D drive recovery/Shiva JH/Projects/OneLake Medallion/data/landing/2017-05-09/order_items.parquet,2017-05-09
d3af2af4c9e5b37fbf3379cfd6d45b01,1,fb1f078a066428f00c1d71d6b9df3ff8,eebb3372362aa9a46975164bed19a7e7,2017-05-15 21:02:49,73.99,8.72,2017-05-09,2017-05-15 21:02:49.000000,2026-08-27T05:17:09.287600+00:00,D:/D drive recovery/Shiva JH/Projects/OneLake Medallion/data/landing/2017-05-09/order_items.parquet,2017-05-09
1dcb1b82de3a13d219b6c84a8ca45b8c,1,0527af46c46b7a345d2086ea304ae8d7,ad87df7699e83b8a91822a4a0b765c3a,2017-06-02 04:15:27,40.0,15.1,2017-05-21,2017-06-02 04:15:27.000000,2026-08-27T05:17:09.287600+00:00,D:/D drive recovery/Shiva JH/Projects/OneLake Medallion/data/landing/2017-05-21/order_items.parquet,2017-05-21
2699d27682691fa4f6be5cfde364a833,1,7c1bd920dbdf22470b68bde975dd3ccf,cc419e0650a3c5ba77189a1882b7556a,2017-05-30 09:31:47,64.99,15.2,2017-05-21,2017-05-30 09:31:47.000000,2026-08-27T05:17:09.287600+00:00,D:/D drive recovery/Shiva JH/Projects/OneLake Medallion/data/landing/2017-05-21/order_items.parquet,2017-05-21
ad6e2d7ca4c63441edb8d4ca6d5c2b21,1,35ebf08a93899d44e756809e11b14754,128639473a139ac0f3e5f5ade55873a5,2017-05-25 20:45:12,12.9,15.1,2017-05-21,2017-05-25 20:45:12.000000,2026-08-27T05:17:09.287600+00:00,D:/D drive recovery/Shiva JH/Projects/OneLake Medallion/data/landing/2017-05-21/order_items.parquet,2017-05-21
0bcaff63441802dfa8dd292f453c3635,1,d5991653e037ccb7af6ed7d94246b249,25c5c91f63607446a97b143d2d535d31,2017-06-08 10:55:21,149.87,18.3,2017-06-02,2017-06-08 10:55:21.000000,2026-08-27T05:17:09.287600+00:00,D:/D drive recovery/Shiva JH/Projects/OneLake Medallion/data/landing/2017-06-02/order_items.parquet,2017-06-02
0c228f37770f365a3d0e1f7493595e09,1,687865b021641ba258e6967af27301ff,cb5df0dcb9e280b1780e9d589889f2c7,2017-07-12 03:10:24,89.99,12.13,2017-06-14,2017-07-12 03:10:24.000000,2026-08-27T05:17:09.287600+00:00,D:/D drive recovery/Shiva JH/Projects/OneLake Medallion/data/landing/2017-06-14/order_items.parquet,2017-06-14
34b04c30d0f21489e3871bb9083582f6,1,952670bc019a73f0933157ec82ff6e4f,37be5a7c751166fbc5f8ccba4119e043,2017-06-21 20:35:16,214.99,15.11,2017-06-14,2017-06-21 20:35:16.000000,2026-08-27T05:17:09.287600+00:00,D:/D drive recovery/Shiva JH/Projects/OneLake Medallion/data/landing/2017-06-14/order_items.parquet,2017-06-14
6312fe819ee5e06c67b72c308c97ae91,1,a79c0d179a6de79b23a81b64b3980c04,4a3ca9315b744ce9f8e9374361493884,2017-06-20 12:15:33,54.9,15.13,2017-06-14,2017-06-20 12:15:33.000000,2026-08-27T05:17:09.287600+00:00,D:/D drive recovery/Shiva JH/Projects/OneLake Medallion/data/landing/2017-06-14/order_items.parquet,2017-06-14
b8f82235baaa1a837797d86544239b5c,1,fe2f0ff75805728378c6a8fdc5be7724,1f1bb1f0859883505541bdd6606193e5,2017-06-27 11:42:54,189.99,19.87,2017-06-14,2017-06-27 11:42:54.000000,2026-08-27T05:17:09.287600+00:00,D:/D drive recovery/Shiva JH/Projects/OneLake Medallion/data/landing/2017-06-14/order_items.parquet,2017-06-14
c8eab0ccabe8cdfc2afce66c1c554ae2,1,800f75019492a0d9ffb2483ae65b59f1,efcd8d2104f1a05d028af7bad20d974b,2017-06-22 09:10:10,39.99,15.1,2017-06-14,2017-06-22 09:10:10.000000,2026-08-27T05:17:09.287600+00:00,D:/D drive recovery/Shiva JH/Projects/OneLake Medallion/data/landing/2017-06-14/order_items.parquet,2017-06-14
3b217ebe4d179dfb38b00c9047569dd9,1,bbaef2eadf31fe3ea6702077398be06c,cc419e0650a3c5ba77189a1882b7556a,2017-07-05 02:25:26,56.99,15.15,2017-06-26,2017-07-05 02:25:26.000000,2026-08-27T05:17:09.287600+00:00,D:/D drive recovery/Shiva JH/Projects/OneLake Medallion/data/landing/2017-06-26/order_items.parquet,2017-06-26
3b217ebe4d179dfb38b00c9047569dd9,2,bbaef2eadf31fe3ea6702077398be06c,cc419e0650a3c5ba77189a1882b7556a,2017-07-05 02:25:26,56.99,15.15,2017-06-26,2017-07-05 02:25:26.000000,2026-08-27T05:17:09.287600+00:00,D:/D drive recovery/Shiva JH/Projects/OneLake Medallion/data/landing/2017-06-26/order_items.parquet,2017-06-26
7762cd5ec1084b412956b01811bc553c,1,389d119b48cf3043d311335e499d9c6b,1f50f920176fa81dab994f9023523100,2017-06-30 14:43:35,59.9,17.67,2017-06-26,2017-06-30 14:43:35.000000,2026-08-27T05:17:09.287600+00:00,D:/D drive recovery/Shiva JH/Projects/OneLake Medallion/data/landing/2017-06-26/order_items.parquet,2017-06-26
92c10d3fad01ec9df6ccf1fc0461ac60,1,4a69baa66a13d1adeb41cfe3bc0c27be,bbad7e518d7af88a0897397ffdca1979,2017-06-30 15:25:23,99.9,15.46,2017-06-26,2017-06-30 15:25:23.000000,2026-08-27T05:17:09.287600+00:00,D:/D drive recovery/Shiva JH/Projects/OneLake Medallion/data/landing/2017-06-26/order_items.parquet,2017-06-26
d78c16f09da03410837a551a09a4bf64,1,8205c48f13a36d0c377f69ae56f84e3d,827f8f69dfa529c561901c4f2e0f332f,2017-06-30 11:55:24,29.9,14.1,2017-06-26,2017-06-30 11:55:24.000000,2026-08-27T05:17:09.287600+00:00,D:/D drive recovery/Shiva JH/Projects/OneLake Medallion/data/landing/2017-06-26/order_items.parquet,2017-06-26
0203892ed7a2b76401830f4b82a5a34c,1,c6336fa91fbd87c359e44f5dca5a90ed,4c2b230173bb36f9b240f2b8ac11786e,2017-07-13 20:35:16,39.9,8.72,2017-07-08,2017-07-13 20:35:16.000000,2026-08-27T05:17:09.287600+00:00,D:/D drive recovery/Shiva JH/Projects/OneLake Medallion/data/landing/2017-07-08/order_items.parquet,2017-07-08
29354cb2b4aa066762853d685a2b224d,1,a50acd33ba7a8da8e9db65094fa990a4,8581055ce74af1daba164fdbd55a40de,2017-07-13 16:35:12,117.3,21.66,2017-07-08,2017-07-13 16:35:12.000000,2026-08-27T05:17:09.287600+00:00,D:/D drive recovery/Shiva JH/Projects/OneLake Medallion/data/landing/2017-07-08/order_items.parquet,2017-07-08
5664fde64525f1c1c6a8ef23aa35dc22,1,d8fc369e0b2d17b856119ff03276f198,70a12e78e608ac31179aea7f8422044b,2017-07-13 11:50:17,65.0,31.78,2017-07-08,2017-07-13 11:50:17.000000,2026-08-27T05:17:09.287600+00:00,D:/D drive recovery/Shiva JH/Projects/OneLake Medallion/data/landing/2017-07-08/order_items.parquet,2017-07-08
5664fde64525f1c1c6a8ef23aa35dc22,2,8b27cbcf8e5472830ab6ec2bd7a6b867,33a17d60c64393351ebf1ef860f4e0f2,2017-07-13 11:50:17,150.97,0.2,2017-07-08,2017-07-13 11:50:17.000000,2026-08-27T05:17:09.287600+00:00,D:/D drive recovery/Shiva JH/Projects/OneLake Medallion/data/landing/2017-07-08/order_items.parquet,2017-07-08
453d23c01dc7a572130a7bd307202429,1,e9a69340883a438c3f91739d14d3a56d,1b4c3a6f53068f0b6944d2d005c9fc89,2017-07-27 02:25:17,149.9,58.84,2017-07-20,2017-07-27 02:25:17.000000,2026-08-27T05:17:09.287600+00:00,D:/D drive recovery/Shiva JH/Projects/OneLake Medallion/data/landing/2017-07-20/order_items.parquet,2017-07-20
a129b99db0bdcd92c62d71279de0670c,1,bb90206fa281c20f0b4c42a2393b54dd,e9bc59e7b60fc3063eb2290deda4cced,2017-07-27 02:25:32,195.9,18.94,2017-07-20,2017-07-27 02:25:32.000000,2026-08-27T05:17:09.287600+00:00,D:/D drive recovery/Shiva JH/Projects/OneLake Medallion/data/landing/2017-07-20/order_items.parquet,2017-07-20
a129b99db0bdcd92c62d71279de0670c,2,bb90206fa281c20f0b4c42a2393b54dd,e9bc59e7b60fc3063eb2290deda4cced,2017-07-27 02:25:32,195.9,18.94,2017-07-20,2017-07-27 02:25:32.000000,2026-08-27T05:17:09.287600+00:00,D:/D drive recovery/Shiva JH/Projects/OneLake Medallion/data/landing/2017-07-20/order_items.parquet,2017-07-20
a129b99db0bdcd92c62d71279de0670c,3,bb90206fa281c20f0b4c42a2393b54dd,e9bc59e7b60fc3063eb2290deda4cced,2017-07-27 02:25:32,195.9,18.94,2017-07-20,2017-07-27 02:25:32.000000,2026-08-27T05:17:09.287600+00:00,D:/D drive recovery/Shiva JH/Projects/OneLake Medallion/data/landing/2017-07-20/order_items.parquet,2017-07-20
a129b99db0bdcd92c62d71279de0670c,4,bb90206fa281c20f0b4c42a2393b54dd,e9bc59e7b60fc3063eb2290deda4cced,2017-07-27 02:25:32,195.9,18.94,2017-07-20,2017-07-27 02:25:32.000000,2026-08-27T05:17:09.287600+00:00,D:/D drive recovery/Shiva JH/Projects/OneLake Medallion/data/landing/2017-07-20/order_items.parquet,2017-07-20
ae8978d20234f0da191a909faba05574,1,f7a17d2c51d9df89a4f1711c4ac17f33,f8db351d8c4c4c22c6835c19a46f01b0,2017-07-26 18:10:13,52.9,9.27,2017-07-20,2017-07-26 18:10:13.000000,2026-08-27T05:17:09.287600+00:00,D:/D drive recovery/Shiva JH/Projects/OneLake Medallion/data/landing/2017-07-20/order_items.parquet,2017-07-20
0373763807c25ce94a4b85c7c0f47062,1,a314a62cff3e5725f545fa263aed7a7b,d2374cbcbb3ca4ab1086534108cc3ab7,2017-08-07 20:27:37,22.9,11.85,2017-08-01,2017-08-07 20:27:37.000000,2026-08-27T05:17:09.287600+00:00,D:/D drive recovery/Shiva JH/Projects/OneLake Medallion/data/landing/2017-08-01/order_items.parquet,2017-08-01
58293f63cf0304768ab4811c0f4dbe17,1,4a96de21ccfb22ebe1c56992acbbd7fc,7a241947449cc45dbfda4f9d0798d9d0,2017-08-07 22:25:17,99.0,14.42,2017-08-01,2017-08-07 22:25:17.000000,2026-08-27T05:17:09.287600+00:00,D:/D drive recovery/Shiva JH/Projects/OneLake Medallion/data/landing/2017-08-01/order_items.parquet,2017-08-01
fc24b77521e400e8290a902026efcc85,1,102977ffbec43473f129d2e77b019475,01cf7e3d21494c41fb86034f2e714fa1,2017-08-07 15:35:30,80.52,17.81,2017-08-01,2017-08-07 15:35:30.000000,2026-08-27T05:17:09.287600+00:00,D:/D drive recovery/Shiva JH/Projects/OneLake Medallion/data/landing/2017-08-01/order_items.parquet,2017-08-01
fc24b77521e400e8290a902026efcc85,2,102977ffbec43473f129d2e77b019475,01cf7e3d21494c41fb86034f2e714fa1,2017-08-07 15:35:30,80.52,17.81,2017-08-01,2017-08-07 15:35:30.000000,2026-08-27T05:17:09.287600+00:00,D:/D drive recovery/Shiva JH/Projects/OneLake Medallion/data/landing/2017-08-01/order_items.parquet,2017-08-01
0775e96080c552251cd76472d32e0c83,1,6a1a04054158fe995e1688d8f79605b2,9616352088dcf83a7c06637f4ebf1c80,2017-09-15 01:44:00,59.9,12.55,2017-09-06,2017-09-15 01:44:00.000000,2026-08-27T05:17:09.287600+00:00,D:/D drive recovery/Shiva JH/Projects/OneLake Medallion/data/landing/2017-09-06/order_items.parquet,2017-09-06
c41052b3d56ec6a841c5b54af9845a32,1,29c131c43e662b738339aafcc0ba00fc,3df020b72d3d44b3af9d110fa3940b65,2017-09-13 12:50:18,49.9,12.69,2017-09-06,2017-09-13 12:50:18.000000,2026-08-27T05:17:09.287600+00:00,D:/D drive recovery/Shiva JH/Projects/OneLake Medallion/data/landing/2017-09-06/order_items.parquet,2017-09-06
c41052b3d56ec6a841c5b54af9845a32,2,29c131c43e662b738339aafcc0ba00fc,3df020b72d3d44b3af9d110fa3940b65,2017-09-13 12:50:18,49.9,12.69,2017-09-06,2017-09-13 12:50:18.000000,2026-08-27T05:17:09.287600+00:00,D:/D drive recovery/Shiva JH/Projects/OneLake Medallion/data/landing/2017-09-06/order_items.parquet,2017-09-06
39ab7695b7b3ea8282b3e9b10f0dae4f,1,9cf9eb93f5d26169e4ced03e1ae55697,f5b44895715ddfe3087dc414f30268f3,2017-09-22 12:30:26,19.0,8.27,2017-09-18,2017-09-22 12:30:26.000000,2026-08-27T05:17:09.287600+00:00,D:/D drive recovery/Shiva JH/Projects/OneLake Medallion/data/landing/2017-09-18/order_items.parquet,2017-09-18
637143b11a1b8c86d9e349f19ee9a1f5,1,362b773250263786dd58670d2df42c3b,4c2b230173bb36f9b240f2b8ac11786e,2017-09-26 02:36:34,39.9,14.1,2017-09-18,2017-09-26 02:36:34.000000,2026-08-27T05:17:09.287600+00:00,D:/D drive recovery/Shiva JH/Projects/OneLake Medallion/data/landing/2017-09-18/order_items.parquet,2017-09-18
9827a7b79fe79be87d4d845fbe1e16e4,1,915c18c67d0b3cd469475eccc0d1a7bb,128639473a139ac0f3e5f5ade55873a5,2017-09-26 02:24:01,18.9,12.48,2017-09-18,2017-09-26 02:24:01.000000,2026-08-27T05:17:09.287600+00:00,D:/D drive recovery/Shiva JH/Projects/OneLake Medallion/data/landing/2017-09-18/order_items.parquet,2017-09-18
c501bcc74df5ad09bcabd7774b6ae383,1,3d4784f9a07ca5de370c86800589c860,c826c40d7b19f62a09e2d7c5e7295ee2,2017-09-24 21:55:11,142.9,15.75,2017-09-18,2017-09-24 21:55:11.000000,2026-08-27T05:17:09.287600+00:00,D:/D drive recovery/Shiva JH/Projects/OneLake Medallion/data/landing/2017-09-18/order_items.parquet,2017-09-18
46c940200f4d91b4cf260d705849bbe2,1,b7605b5b483063d12bd90a772bff9d21,4a3ca9315b744ce9f8e9374361493884,2017-10-18 21:27:51,48.0,11.85,2017-10-12,2017-10-18 21:27:51.000000,2026-08-27T05:17:09.287600+00:00,D:/D drive recovery/Shiva JH/Projects/OneLake Medallion/data/landing/2017-10-12/order_items.parquet,2017-10-12
7a242c07bdf25150ab522513760d6b8b,1,a72209f6ea270769cecf0ed4168d3893,42bde9fef835393bb8a8849cb6b7f245,2017-10-18 20:00:09,59.0,15.85,2017-10-12,2017-10-18 20:00:09.000000,2026-08-27T05:17:09.287600+00:00,D:/D drive recovery/Shiva JH/Projects/OneLake Medallion/data/landing/2017-10-12/order_items.parquet,2017-10-12
7a242c07bdf25150ab522513760d6b8b,2,a72209f6ea270769cecf0ed4168d3893,42bde9fef835393bb8a8849cb6b7f245,2017-10-18 20:00:09,59.0,15.85,2017-10-12,2017-10-18 20:00:09.000000,2026-08-27T05:17:09.287600+00:00,D:/D drive recovery/Shiva JH/Projects/OneLake Medallion/data/landing/2017-10-12/order_items.parquet,2017-10-12
a9d0ac57129ce34681afa30e779f3466,1,228f57b1acb5bdce9401c58653c8cc14,7e93a43ef30c4f03f38b393420bc753a,2017-10-18 12:26:09,169.99,16.95,2017-10-12,2017-10-18 12:26:09.000000,2026-08-27T05:17:09.287600+00:00,D:/D drive recovery/Shiva JH/Projects/OneLake Medallion/data/landing/2017-10-12/order_items.parquet,2017-10-12
4b9359b6bad98027f7a428063413d090,1,015e04445dedbd5da301ef29cbb03f83,dc4a0fc896dc34b0d5bfec8438291c80,2017-11-06 02:56:44,62.7,16.2,2017-10-24,2017-11-06 02:56:44.000000,2026-08-27T05:17:09.287600+00:00,D:/D drive recovery/Shiva JH/Projects/OneLake Medallion/data/landing/2017-10-24/order_items.parquet,2017-10-24
557de3912df820904b9204e0d1879256,1,c075b8e131353552218860f1c421e4ef,f80edd2c5aaa505cc4b0a3b219abf4b8,2017-10-30 13:07:20,58.9,24.96,2017-10-24,2017-10-30 13:07:20.000000,2026-08-27T05:17:09.287600+00:00,D:/D drive recovery/Shiva JH/Projects/OneLake Medallion/data/landing/2017-10-24/order_items.parquet,2017-10-24
6e717532e0002abd1bdb69428673bbce,1,53759a2ecddad2bb87a079a1f1519f73,1f50f920176fa81dab994f9023523100,2017-10-30 10:07:13,59.9,28.82,2017-10-24,2017-10-30 10:07:13.000000,2026-08-27T05:17:09.287600+00:00,D:/D drive recovery/Shiva JH/Projects/OneLake Medallion/data/landing/2017-10-24/order_items.parquet,2017-10-24
bf1451bab7a54578f219c009aa286263,1,39c0f867b8567f91295186c270767552,2be17df1c49978426251562096c3cc09,2017-11-09 20:10:22,139.9,13.23,2017-10-24,2017-11-09 20:10:22.000000,2026-08-27T05:17:09.287600+00:00,D:/D drive recovery/Shiva JH/Projects/OneLake Medallion/data/landing/2017-10-24/order_items.parquet,2017-10-24
dc8db01e3bbdf8eae34d6509752ddc88,1,0aabfb375647d9738ad0f7b4ea3653b1,37515688008a7a40ac93e3b2e4ab203f,2017-10-30 14:14:22,24.5,15.1,2017-10-24,2017-10-30 14:14:22.000000,2026-08-27T05:17:09.287600+00:00,D:/D drive recovery/Shiva JH/Projects/OneLake Medallion/data/landing/2017-10-24/order_items.parquet,2017-10-24
131497483f8457541cf92c467b847c39,1,7f9fb61955b696d843259a8cbdb2261d,70a12e78e608ac31179aea7f8422044b,2017-11-09 22:10:50,88.0,15.37,2017-11-05,2017-11-09 22:10:50.000000,2026-08-27T05:17:09.287600+00:00,D:/D drive recovery/Shiva JH/Projects/OneLake Medallion/data/landing/2017-11-05/order_items.parquet,2017-11-05
956057c9959fe111349c59bf929f5c7b,1,a2a1d57880bb40e60b59530ba0177ccf,6fd52c528dcb38be2eea044946b811f8,2017-11-22 11:46:07,58.67,15.17,2017-11-05,2017-11-22 11:46:07.000000,2026-08-27T05:17:09.287600+00:00,D:/D drive recovery/Shiva JH/Projects/OneLake Medallion/data/landing/2017-11-05/order_items.parquet,2017-11-05
ffc22f2404e3490516c9a03e88da4507,1,d363e421b1d15376b299089946fed127,870d0118f7a9d85960f29ad89d5d989a,2017-11-09 23:46:11,46.99,18.0,2017-11-05,2017-11-09 23:46:11.000000,2026-08-27T05:17:09.287600+00:00,D:/D drive recovery/Shiva JH/Projects/OneLake Medallion/data/landing/2017-11-05/order_items.parquet,2017-11-05
f3b592ea0db671d3d1977e043d2a1b10,1,a4d44eb9f68b301db3a15c9a346f395c,bfd27a966d91cfaafdb25d076585f0da,2017-11-22 22:50:50,229.0,38.74,2017-11-17,2017-11-22 22:50:50.000000,2026-08-27T05:17:09.287600+00:00,D:/D drive recovery/Shiva JH/Projects/OneLake Medallion/data/landing/2017-11-17/order_items.parquet,2017-11-17
f4b046c0db54b6435a13f37ccdaf5fda,1,261244fc4d0197d8772346872f5b0f5e,6c7d50c24b3ccd2fd83b44d8bb34e073,2017-11-22 22:35:27,35.9,31.1,2017-11-17,2017-11-22 22:35:27.000000,2026-08-27T05:17:09.287600+00:00,D:/D drive recovery/Shiva JH/Projects/OneLake Medallion/data/landing/2017-11-17/order_items.parquet,2017-11-17
f5dadfc0f0df0edb5369672f81eb7095,1,29c9a765d2ce9ee6d6ee72d6c316b9ef,244c2f1bff6afe1f2eaf9bfe9b2aed38,2017-11-28 02:31:15,99.0,31.0,2017-11-17,2017-11-28 02:31:15.000000,2026-08-27T05:17:09.287600+00:00,D:/D drive recovery/Shiva JH/Projects/OneLake Medallion/data/landing/2017-11-17/order_items.parquet,2017-11-17
08427834d148946950a3fe92a596e1e4,1,242edc6b84c00f0d48c664a020a92c52,6cd68b3ed6d59aaa9fece558ad360c0a,2017-12-05 14:31:18,54.9,26.92,2017-11-29,2017-12-05 14:31:18.000000,2026-08-27T05:17:09.287600+00:00,D:/D drive recovery/Shiva JH/Projects/OneLake Medallion/data/landing/2017-11-29/order_items.parquet,2017-11-29
27c49582f6db334767487df0646edb04,1,2efe79c475e4c22430aedf7eacc830ee,cb3dd9ce66268c7a3ca7241ac70ab58c,2017-12-08 13:53:29,89.9,13.65,2017-11-29,2017-12-08 13:53:29.000000,2026-08-27T05:17:09.287600+00:00,D:/D drive recovery/Shiva JH/Projects/OneLake Medallion/data/landing/2017-11-29/order_items.parquet,2017-11-29
3d435ea4c7b8ac007710c6aa2e6da685,1,7b07e5afce1bb1e6fa3ffcdc718d7e69,70a12e78e608ac31179aea7f8422044b,2017-12-05 10:59:57,39.95,15.1,2017-11-29,2017-12-05 10:59:57.000000,2026-08-27T05:17:09.287600+00:00,D:/D drive recovery/Shiva JH/Projects/OneLake Medallion/data/landing/2017-11-29/order_items.parquet,2017-11-29
52128ec39ceae0d14af6c5779c4173cd,1,7a10781637204d8d10485c71a6108a2e,4869f7a5dfa277a7dca6462dcf3b52b2,2017-12-05 13:14:26,219.9,14.56,2017-11-29,2017-12-05 13:14:26.000000,2026-08-27T05:17:09.287600+00:00,D:/D drive recovery/Shiva JH/Projects/OneLake Medallion/data/landing/2017-11-29/order_items.parquet,2017-11-29
848963795b4b330df0a7c238b12f76ce,1,76f71ec385ad031b06d5ad8be0440260,013900e863eace745d3ec7614cab5b1a,2017-12-05 01:28:01,56.8,16.16,2017-11-29,2017-12-05 01:28:01.000000,2026-08-27T05:17:09.287600+00:00,D:/D drive recovery/Shiva JH/Projects/OneLake Medallion/data/landing/2017-11-29/order_items.parquet,2017-11-29
8678b97b317b045765dcbdf85bcb74fb,1,5d0a7cb413c5b59233c57177fe2f20b0,fa40cc5b934574b62717c68f3d678b6d,2017-12-05 14:31:20,49.9,11.85,2017-11-29,2017-12-05 14:31:20.000000,2026-08-27T05:17:09.287600+00:00,D:/D drive recovery/Shiva JH/Projects/OneLake Medallion/data/landing/2017-11-29/order_items.parquet,2017-11-29
8f95199a6809023bbfabcd9759bd04a1,1,d29534bc8c74cd3d91e0f175a5c9b366,c731d18cea9bf687ffee82a241c25b11,2017-12-05 18:12:31,137.0,0.11,2017-11-29,2017-12-05 18:12:31.000000,2026-08-27T05:17:09.287600+00:00,D:/D drive recovery/Shiva JH/Projects/OneLake Medallion/data/landing/2017-11-29/order_items.parquet,2017-11-29
8f95199a6809023bbfabcd9759bd04a1,2,a8075470f960215ffb67624782f80fec,ff063b022a9a0aab91bad2c9088760b7,2017-12-05 18:12:31,99.0,63.43,2017-11-29,2017-12-05 18:12:31.000000,2026-08-27T05:17:09.287600+00:00,D:/D drive recovery/Shiva JH/Projects/OneLake Medallion/data/landing/2017-11-29/order_items.parquet,2017-11-29
a494244817c043c16eb0c72c5d0384ad,1,3a3f0628722b2f548673a2f7f5fa5605,4bf2f4ee540798a61f9636d12cd9cc80,2017-12-05 11:00:14,155.0,17.53,2017-11-29,2017-12-05 11:00:14.000000,2026-08-27T05:17:09.287600+00:00,D:/D drive recovery/Shiva JH/Projects/OneLake Medallion/data/landing/2017-11-29/order_items.parquet,2017-11-29
a9fa7ea99c0724de00e9d31f2a39a723,1,f4d450a6163f21cf9db8bcdf8c7e50f8,67bf6941ba2f1fa1d02c375766bc3e53,2017-12-05 15:16:32,274.0,58.07,2017-11-29,2017-12-05 15:16:32.000000,2026-08-27T05:17:09.287600+00:00,D:/D drive recovery/Shiva JH/Projects/OneLake Medallion/data/landing/2017-11-29/order_items.parquet,2017-11-29
be5c91507e2c4ef294ee991d22b2d8e2,1,d97a2cd1d784e47c2ff7e14b54ebb6e2,116ccb1a1604bc88e4d234a8c23f33de,2017-12-05 18:12:34,67.5,7.78,2017-11-29,2017-12-05 18:12:34.000000,2026-08-27T05:17:09.287600+00:00,D:/D drive recovery/Shiva JH/Projects/OneLake Medallion/data/landing/2017-11-29/order_items.parquet,2017-11-29
ed8e9faf1b75f43ee027103957135663,1,bdeb69e094c42de582310fffad126d77,6a8b085f816a1f75f92dbac6eb545f8f,2017-12-07 04:39:05,73.8,12.02,2017-11-29,2017-12-07 04:39:05.000000,2026-08-27T05:17:09.287600+00:00,D:/D drive recovery/Shiva JH/Projects/OneLake Medallion/data/landing/2017-11-29/order_items.parquet,2017-11-29
17290263a090bbef4685f5b23f355104,1,5a848e4ab52fd5445cdc07aab1c40e48,c826c40d7b19f62a09e2d7c5e7295ee2,2017-12-15 17:10:56,122.99,15.61,2017-12-11,2017-12-15 17:10:56.000000,2026-08-27T05:17:09.287600+00:00,D:/D drive recovery/Shiva JH/Projects/OneLake Medallion/data/landing/2017-12-11/order_items.parquet,2017-12-11
19a8ddfef7a411a196509d51ee14b776,1,a060f64556f311d428c3589617d2db14,4c8b8048e33af2bf94f2eb547746a916,2018-01-02 18:51:03,23.1,15.1,2017-12-11,2018-01-02 18:51:03.000000,2026-08-27T05:17:09.287600+00:00,D:/D drive recovery/Shiva JH/Projects/OneLake Medallion/data/landing/2017-12-11/order_items.parquet,2017-12-11
25247d0d0e85887c565090cc16ff0255,1,9fcc521cfe8074cbd26206bcb2e92f55,ea566164622c6b439516ab18062c42cd,2017-12-15 00:15:24,139.0,14.72,2017-12-11,2017-12-15 00:15:24.000000,2026-08-27T05:17:09.287600+00:00,D:/D drive recovery/Shiva JH/Projects/OneLake Medallion/data/landing/2017-12-11/order_items.parquet,2017-12-11
4a45f9f66971302cf881ecfa142f42ba,1,26644690fde745fc4654719c3904e1db,1835b56ce799e6a4dc4eddc053f04066,2017-12-29 19:13:20,80.0,16.32,2017-12-23,2017-12-29 19:13:20.000000,2026-08-27T05:17:09.287600+00:00,D:/D drive recovery/Shiva JH/Projects/OneLake Medallion/data/landing/2017-12-23/order_items.parquet,2017-12-23
96874d51b07a419abc3260ea8e854fbc,1,389d119b48cf3043d311335e499d9c6b,1f50f920176fa81dab994f9023523100,2017-12-29 21:30:03,49.9,17.6,2017-12-23,2017-12-29 21:30:03.000000,2026-08-27T05:17:09.287600+00:00,D:/D drive recovery/Shiva JH/Projects/OneLake Medallion/data/landing/2017-12-23/order_items.parquet,2017-12-23
e3254323dd511d109978d37345cdcbae,1,1dec4c88c685d5a07bf01dcb0f8bf9f8,712e6ed8aa4aa1fa65dab41fed5737e4,2018-01-04 19:30:26,659.0,42.13,2017-12-23,2018-01-04 19:30:26.000000,2026-08-27T05:17:09.287600+00:00,D:/D drive recovery/Shiva JH/Projects/OneLake Medallion/data/landing/2017-12-23/order_items.parquet,2017-12-23
08ade2fc02096cf490d463016e5ee02e,1,12dc5e5d178b930cf87cf16e812fc2d5,11bfa66332777660bd0640ee84d47006,2018-01-10 22:50:30,10.6,15.1,2018-01-04,2018-01-10 22:50:30.000000,2026-08-27T05:17:09.287600+00:00,D:/D drive recovery/Shiva JH/Projects/OneLake Medallion/data/landing/2018-01-04/order_items.parquet,2018-01-04
6fa8043bdb80a1aed9ed56be51399cfe,1,e5eadf9be70a4a9fa514019542fc330a,4559697a8f7e637227c2eeaed843baff,2018-01-10 15:47:21,69.9,17.74,2018-01-04,2018-01-10 15:47:21.000000,2026-08-27T05:17:09.287600+00:00,D:/D drive recovery/Shiva JH/Projects/OneLake Medallion/data/landing/2018-01-04/order_items.parquet,2018-01-04
d725835898fee2ec8063d4aa035bf2dc,1,f303e2cdf0967ef1a153d12f2685d280,1900267e848ceeba8fa32d80c1a5f5a8,2018-01-11 02:36:44,56.99,17.65,2018-01-04,2018-01-11 02:36:44.000000,2026-08-27T05:17:09.287600+00:00,D:/D drive recovery/Shiva JH/Projects/OneLake Medallion/data/landing/2018-01-04/order_items.parquet,2018-01-04
1dc6b058a15ea2fd8d58612bba662ab5,1,4c92e541a1ebcea93b97d490990df18a,f262cbc1c910c83959f849465454ddd3,2018-01-22 13:12:21,69.99,16.25,2018-01-16,2018-01-22 13:12:21.000000,2026-08-27T05:17:09.287600+00:00,D:/D drive recovery/Shiva JH/Projects/OneLake Medallion/data/landing/2018-01-16/order_items.parquet,2018-01-16
3fef122997c747784882689e6e812b2f,1,8b45810da2ef9860496d56f62435fc40,1900267e848ceeba8fa32d80c1a5f5a8,2018-01-22 20:14:26,49.99,12.69,2018-01-16,2018-01-22 20:14:26.000000,2026-08-27T05:17:09.287600+00:00,D:/D drive recovery/Shiva JH/Projects/OneLake Medallion/data/landing/2018-01-16/order_items.parquet,2018-01-16
3fef122997c747784882689e6e812b2f,2,8b45810da2ef9860496d56f62435fc40,1900267e848ceeba8fa32d80c1a5f5a8,2018-01-22 20:14:26,49.99,12.69,2018-01-16,2018-01-22 20:14:26.000000,2026-08-27T05:17:09.287600+00:00,D:/D drive recovery/Shiva JH/Projects/OneLake Medallion/data/landing/2018-01-16/order_items.parquet,2018-01-16
7a00da9515dc144e302458e696d61943,1,0c5bb07e9638a9c1f2616db08eb0318f,7299e27ed73d2ad986de7f7c77d919fa,2018-01-23 13:50:06,200.0,16.15,2018-01-16,2018-01-23 13:50:06.000000,2026-08-27T05:17:09.287600+00:00,D:/D drive recovery/Shiva JH/Projects/OneLake Medallion/data/landing/2018-01-16/order_items.parquet,2018-01-16
9eff8d5a7b05aeaa583c225de3b134de,1,e6c281e2c53db0da44ecb84c5451d25e,6560211a19b47992c3666cc44a7e94c0,2018-01-22 07:36:22,45.0,21.15,2018-01-16,2018-01-22 07:36:22.000000,2026-08-27T05:17:09.287600+00:00,D:/D drive recovery/Shiva JH/Projects/OneLake Medallion/data/landing/2018-01-16/order_items.parquet,2018-01-16
d1e0427b410886678a52f73caa44e264,1,36f60d45225e60c7da4558b070ce4b60,f457c46070d02cadd8a68551231220dd,2018-01-22 01:31:34,89.9,17.07,2018-01-16,2018-01-22 01:31:34.000000,2026-08-27T05:17:09.287600+00:00,D:/D drive recovery/Shiva JH/Projects/OneLake Medallion/data/landing/2018-01-16/order_items.parquet,2018-01-16
f760916b8d3de2f236dc4c6f103b5a19,1,6803077179d24889430188e03fafd31a,128639473a139ac0f3e5f5ade55873a5,2018-01-23 03:35:32,19.9,15.1,2018-01-16,2018-01-23 03:35:32.000000,2026-08-27T05:17:09.287600+00:00,D:/D drive recovery/Shiva JH/Projects/OneLake Medallion/data/landing/2018-01-16/order_items.parquet,2018-01-16
7916fec582cddf20c22b688451f880f8,1,906b11f3bc3c98f883afa0eb67b0fac7,440dd6ab244315c632130ecfb63827b1,2018-02-01 17:59:40,139.9,16.61,2018-01-28,2018-02-01 17:59:40.000000,2026-08-27T05:17:09.287600+00:00,D:/D drive recovery/Shiva JH/Projects/OneLake Medallion/data/landing/2018-01-28/order_items.parquet,2018-01-28
14ef2221cc3570aa6ce512fc353529b3,1,cf6514025ef5d3a93d69d2a7bfa4036b,d2374cbcbb3ca4ab1086534108cc3ab7,2018-03-02 11:15:51,17.9,11.85,2018-02-09,2018-03-02 11:15:51.000000,2026-08-27T05:17:09.287600+00:00,D:/D drive recovery/Shiva JH/Projects/OneLake Medallion/data/landing/2018-02-09/order_items.parquet,2018-02-09
2f82268fc803f315fbe873e96f48a60f,1,5a848e4ab52fd5445cdc07aab1c40e48,c826c40d7b19f62a09e2d7c5e7295ee2,2018-02-15 10:55:45,122.99,15.61,2018-02-09,2018-02-15 10:55:45.000000,2026-08-27T05:17:09.287600+00:00,D:/D drive recovery/Shiva JH/Projects/OneLake Medallion/data/landing/2018-02-09/order_items.parquet,2018-02-09
3a8b1e565c498e2688ae1e60745544d8,1,c784a651cf319526cc7cf854f83cb941,3d871de0142ce09b7081e2b9d1733cb1,2018-02-15 15:29:27,59.0,11.91,2018-02-09,2018-02-15 15:29:27.000000,2026-08-27T05:17:09.287600+00:00,D:/D drive recovery/Shiva JH/Projects/OneLake Medallion/data/landing/2018-02-09/order_items.parquet,2018-02-09
83962168dce2d06a69a7e27082962069,1,6a8631b72a2f8729b91514db87e771c0,128639473a139ac0f3e5f5ade55873a5,2018-02-15 11:08:41,25.9,16.79,2018-02-09,2018-02-15 11:08:41.000000,2026-08-27T05:17:09.287600+00:00,D:/D drive recovery/Shiva JH/Projects/OneLake Medallion/data/landing/2018-02-09/order_items.parquet,2018-02-09
96caea89f911608c4d05f012e3c4efa9,1,6cdd53843498f92890544667809f1595,ccc4bbb5f32a6ab2b7066a4130f114e3,2018-02-20 16:30:24,349.9,19.7,2018-02-09,2018-02-20 16:30:24.000000,2026-08-27T05:17:09.287600+00:00,D:/D drive recovery/Shiva JH/Projects/OneLake Medallion/data/landing/2018-02-09/order_items.parquet,2018-02-09
c8f8f9f5df7a6ce2beaa9de85fbf8ca1,1,99a4788cb24856965c36a24e339b6058,4a3ca9315b744ce9f8e9374361493884,2018-02-15 14:49:07,86.9,21.1,2018-02-09,2018-02-15 14:49:07.000000,2026-08-27T05:17:09.287600+00:00,D:/D drive recovery/Shiva JH/Projects/OneLake Medallion/data/landing/2018-02-09/order_items.parquet,2018-02-09
cdc165621bae221dc3a5f8788166a412,1,af739e00ca90db9e164a8ee27237445a,0509040ea3fe50071181bbc359eb7738,2018-02-15 19:48:02,42.9,14.1,2018-02-09,2018-02-15 19:48:02.000000,2026-08-27T05:17:09.287600+00:00,D:/D drive recovery/Shiva JH/Projects/OneLake Medallion/data/landing/2018-02-09/order_items.parquet,2018-02-09
cdc165621bae221dc3a5f8788166a412,2,6e74e16f5dc9add0502c7f68c1258f95,0509040ea3fe50071181bbc359eb7738,2018-02-15 19:48:02,42.9,14.1,2018-02-09,2018-02-15 19:48:02.000000,2026-08-27T05:17:09.287600+00:00,D:/D drive recovery/Shiva JH/Projects/OneLake Medallion/data/landing/2018-02-09/order_items.parquet,2018-02-09
e82a48563b753b7df504aba7e01f9faf,1,9749139e09929de55d37e68e64b89706,cbd996ad3c1b7dc71fd0e5f5df9087e2,2018-02-19 20:15:24,59.7,15.17,2018-02-09,2018-02-19 20:15:24.000000,2026-08-27T05:17:09.287600+00:00,D:/D drive recovery/Shiva JH/Projects/OneLake Medallion/data/landing/2018-02-09/order_items.parquet,2018-02-09
542d558d7cd9f734858beabe2622b2bd,1,519909332323abec396b19dddaebde3b,e4ebd3f87bf70440014f07ddda7fbe03,2018-02-27 13:35:42,93.5,17.09,2018-02-21,2018-02-27 13:35:42.000000,2026-08-27T05:17:09.287600+00:00,D:/D drive recovery/Shiva JH/Projects/OneLake Medallion/data/landing/2018-02-21/order_items.parquet,2018-02-21
5b8b540b5934e4af4790f609af380cf8,1,42e3e1a52d783ace62d11a17c88c1324,897060da8b9a21f655304d50fd935913,2018-03-02 12:48:38,19.69,16.11,2018-02-21,2018-03-02 12:48:38.000000,2026-08-27T05:17:09.287600+00:00,D:/D drive recovery/Shiva JH/Projects/OneLake Medallion/data/landing/2018-02-21/order_items.parquet,2018-02-21
5b8b540b5934e4af4790f609af380cf8,2,42e3e1a52d783ace62d11a17c88c1324,897060da8b9a21f655304d50fd935913,2018-03-02 12:48:38,19.69,16.11,2018-02-21,2018-03-02 12:48:38.000000,2026-08-27T05:17:09.287600+00:00,D:/D drive recovery/Shiva JH/Projects/OneLake Medallion/data/landing/2018-02-21/order_items.parquet,2018-02-21
5b8b540b5934e4af4790f609af380cf8,3,42e3e1a52d783ace62d11a17c88c1324,897060da8b9a21f655304d50fd935913,2018-03-02 12:48:38,19.69,16.11,2018-02-21,2018-03-02 12:48:38.000000,2026-08-27T05:17:09.287600+00:00,D:/D drive recovery/Shiva JH/Projects/OneLake Medallion/data/landing/2018-02-21/order_items.parquet,2018-02-21
5b8b540b5934e4af4790f609af380cf8,4,42e3e1a52d783ace62d11a17c88c1324,897060da8b9a21f655304d50fd935913,2018-03-02 12:48:38,19.69,16.11,2018-02-21,2018-03-02 12:48:38.000000,2026-08-27T05:17:09.287600+00:00,D:/D drive recovery/Shiva JH/Projects/OneLake Medallion/data/landing/2018-02-21/order_items.parquet,2018-02-21
d9274f2e0c7860b038f3f05c0cdc6a45,1,8db97c571a61d830930cf029a34c33ef,f3da5b2ff499efb8d4a6d371d175d7dd,2018-02-27 11:31:21,100.79,19.95,2018-02-21,2018-02-27 11:31:21.000000,2026-08-27T05:17:09.287600+00:00,D:/D drive recovery/Shiva JH/Projects/OneLake Medallion/data/landing/2018-02-21/order_items.parquet,2018-02-21
dea1e695f08ba5ff543ac1f0132f6db3,1,3dd2a17168ec895c781a9191c1e95ad7,de722cd6dad950a92b7d4f82673f8833,2018-02-27 18:15:24,149.9,10.26,2018-02-21,2018-02-27 18:15:24.000000,2026-08-27T05:17:09.287600+00:00,D:/D drive recovery/Shiva JH/Projects/OneLake Medallion/data/landing/2018-02-21/order_items.parquet,2018-02-21
808c4b75909ba91f23c1ef928f396822,1,3626035966a7aaee90d68108caebd386,41b39e28db005d9731d9d485a83b4c38,2018-03-11 22:55:33,124.9,18.75,2018-03-05,2018-03-11 22:55:33.000000,2026-08-27T05:17:09.287600+00:00,D:/D drive recovery/Shiva JH/Projects/OneLake Medallion/data/landing/2018-03-05/order_items.parquet,2018-03-05
bcaa9390e85fe694eefdf1e33f77b3b5,1,ac22fcbcbea874d9ad03849f997ffa27,e5a3438891c0bfdb9394643f95273d8e,2018-03-09 15:49:41,48.3,15.1,2018-03-05,2018-03-09 15:49:41.000000,2026-08-27T05:17:09.287600+00:00,D:/D drive recovery/Shiva JH/Projects/OneLake Medallion/data/landing/2018-03-05/order_items.parquet,2018-03-05
cbbadd3919b803b6cdeaa2e7811bc47b,1,e6407038bf83e03733094f3d6e3f92f6,c864036feaab8c1659f65ea4faebe1da,2018-03-09 13:09:43,199.9,48.32,2018-03-05,2018-03-09 13:09:43.000000,2026-08-27T05:17:09.287600+00:00,D:/D drive recovery/Shiva JH/Projects/OneLake Medallion/data/landing/2018-03-05/order_items.parquet,2018-03-05
ee88bb223301673ac86437df9974b25d,1,692b73430b9ae22f1dc67cc83722707f,0176f73cc1195f367f7b32db1e5b3aa8,2018-03-09 18:31:03,54.9,13.74,2018-03-05,2018-03-09 18:31:03.000000,2026-08-27T05:17:09.287600+00:00,D:/D drive recovery/Shiva JH/Projects/OneLake Medallion/data/landing/2018-03-05/order_items.parquet,2018-03-05
6719ad7e3fe40d976c5db31f716bb5ec,1,642369377615febc7fa89e4c8df5110e,4371b634e0efc0e22b09b52907d9d469,2018-03-22 12:09:04,42.0,7.39,2018-03-17,2018-03-22 12:09:04.000000,2026-08-27T05:17:09.287600+00:00,D:/D drive recovery/Shiva JH/Projects/OneLake Medallion/data/landing/2018-03-17/order_items.parquet,2018-03-17
8700ae81d9071593f13e448c1918b447,1,b65b2a89b987d90577d40783232a49c2,c8b0e2b0a7095e5d8219575d5e7e1181,2018-03-22 16:10:30,119.99,16.81,2018-03-17,2018-03-22 16:10:30.000000,2026-08-27T05:17:09.287600+00:00,D:/D drive recovery/Shiva JH/Projects/OneLake Medallion/data/landing/2018-03-17/order_items.parquet,2018-03-17
bbc82e918e96057462aa6983e7035fe5,1,c3097e07a0a5de0d4b4c836d90c5a284,5656537e588803a555b8eb41f07a944b,2018-03-22 16:31:14,13.69,19.04,2018-03-17,2018-03-22 16:31:14.000000,2026-08-27T05:17:09.287600+00:00,D:/D drive recovery/Shiva JH/Projects/OneLake Medallion/data/landing/2018-03-17/order_items.parquet,2018-03-17
05c8ada178f3ab074886530731749bd5,1,d24c7932a5182750c209db9a91d209a0,ceaec5548eefc6e23e6607c5435102e7,2018-04-10 23:30:15,179.99,18.84,2018-03-29,2018-04-10 23:30:15.000000,2026-08-27T05:17:09.287600+00:00,D:/D drive recovery/Shiva JH/Projects/OneLake Medallion/data/landing/2018-03-29/order_items.parquet,2018-03-29
917d8fa5446854ac034de2f57c82bbee,1,eab67bf937aaadc19f83383a331d2dd9,7c67e1448b00f6e969d365cea6b010ab,2018-04-12 19:27:54,149.99,16.92,2018-03-29,2018-04-12 19:27:54.000000,2026-08-27T05:17:09.287600+00:00,D:/D drive recovery/Shiva JH/Projects/OneLake Medallion/data/landing/2018-03-29/order_items.parquet,2018-03-29
93acdf7d3ef9f5c049ab02e97d1c6158,1,827c4a77226a3e7ef259d61eaa775df9,b14db04aa7881970e83ffa9426897925,2018-04-05 03:15:41,39.9,11.86,2018-03-29,2018-04-05 03:15:41.000000,2026-08-27T05:17:09.287600+00:00,D:/D drive recovery/Shiva JH/Projects/OneLake Medallion/data/landing/2018-03-29/order_items.parquet,2018-03-29
93d00ae1e20d553e6b5bee7a7d898996,1,a925c2de748323d87a9a854884672e03,2ff97219cb8622eaf3cd89b7d9c09824,2018-04-04 20:30:16,19.9,7.39,2018-03-29,2018-04-04 20:30:16.000000,2026-08-27T05:17:09.287600+00:00,D:/D drive recovery/Shiva JH/Projects/OneLake Medallion/data/landing/2018-03-29/order_items.parquet,2018-03-29
989c8bed4ad2e187516317b3e12f44c0,1,4fcb3d9a5f4871e8362dfedbdb02b064,8581055ce74af1daba164fdbd55a40de,2018-04-04 14:10:05,143.8,25.82,2018-03-29,2018-04-04 14:10:05.000000,2026-08-27T05:17:09.287600+00:00,D:/D drive recovery/Shiva JH/Projects/OneLake Medallion/data/landing/2018-03-29/order_items.parquet,2018-03-29
b8fbd8a0c07410289ec91234a8ad69c9,1,c3e275e10cfd7f3b56f7f657699cfafe,da8622b14eb17ae2831f4ac5b9dab84a,2018-04-04 09:07:40,129.9,12.0,2018-03-29,2018-04-04 09:07:40.000000,2026-08-27T05:17:09.287600+00:00,D:/D drive recovery/Shiva JH/Projects/OneLake Medallion/data/landing/2018-03-29/order_items.parquet,2018-03-29
e43062fd260607596c8e02e5c12081e5,1,f5a7d79f27ac4b76ffb13c8ee63d4f07,f12ff17ad8bbf01ec5c33b17e506649b,2018-04-05 03:10:38,180.0,13.17,2018-03-29,2018-04-05 03:10:38.000000,2026-08-27T05:17:09.287600+00:00,D:/D drive recovery/Shiva JH/Projects/OneLake Medallion/data/landing/2018-03-29/order_items.parquet,2018-03-29
f05c1aa49a54cd865ee8ac61c2b15473,1,e8e2e3a2e72afdb46b919f47023740e2,77530e9772f57a62c906e1c21538ab82,2018-04-04 00:35:20,148.0,18.62,2018-03-29,2018-04-04 00:35:20.000000,2026-08-27T05:17:09.287600+00:00,D:/D drive recovery/Shiva JH/Projects/OneLake Medallion/data/landing/2018-03-29/order_items.parquet,2018-03-29
f387eb734dc3346d68ecfdaf4f0ab0ee,1,621dce691c2ff3f99e21c21057ddc0ba,6fd52c528dcb38be2eea044946b811f8,2018-04-16 15:29:51,129.89,9.26,2018-03-29,2018-04-16 15:29:51.000000,2026-08-27T05:17:09.287600+00:00,D:/D drive recovery/Shiva JH/Projects/OneLake Medallion/data/landing/2018-03-29/order_items.parquet,2018-03-29
21b6d1e7385572036e50357aacbddf0d,1,5c92f9ec6027c92a5293a46e9175e817,6a8a889bde935bafa76d7848782dfaf9,2018-04-16 19:49:51,32.0,8.29,2018-04-10,2018-04-16 19:49:51.000000,2026-08-27T05:17:09.287600+00:00,D:/D drive recovery/Shiva JH/Projects/OneLake Medallion/data/landing/2018-04-10/order_items.parquet,2018-04-10
6b1e226ba2512e424031208f6caffdca,1,3f4a7c8646dfebf0d04ed19adab8e9cb,da8622b14eb17ae2831f4ac5b9dab84a,2018-04-16 14:09:56,149.9,15.14,2018-04-10,2018-04-16 14:09:56.000000,2026-08-27T05:17:09.287600+00:00,D:/D drive recovery/Shiva JH/Projects/OneLake Medallion/data/landing/2018-04-10/order_items.parquet,2018-04-10
6b1e226ba2512e424031208f6caffdca,2,3f4a7c8646dfebf0d04ed19adab8e9cb,da8622b14eb17ae2831f4ac5b9dab84a,2018-04-16 14:09:56,149.9,15.14,2018-04-10,2018-04-16 14:09:56.000000,2026-08-27T05:17:09.287600+00:00,D:/D drive recovery/Shiva JH/Projects/OneLake Medallion/data/landing/2018-04-10/order_items.parquet,2018-04-10
7954fe1680493c893c4ec14df43ebb73,1,8c292ca193d326152e335d77176746f0,7e1fb0a3ebfb01ffb3a7dae98bf3238d,2018-04-16 13:10:37,152.0,21.18,2018-04-10,2018-04-16 13:10:37.000000,2026-08-27T05:17:09.287600+00:00,D:/D drive recovery/Shiva JH/Projects/OneLake Medallion/data/landing/2018-04-10/order_items.parquet,2018-04-10
8fc359cc10f3ab99032248ef5f152d4f,1,a0ab96e461d74537772b84950f26a257,128639473a139ac0f3e5f5ade55873a5,2018-04-16 14:55:20,34.9,13.47,2018-04-10,2018-04-16 14:55:20.000000,2026-08-27T05:17:09.287600+00:00,D:/D drive recovery/Shiva JH/Projects/OneLake Medallion/data/landing/2018-04-10/order_items.parquet,2018-04-10
ed9b3b9e44dcd0fdbe1bffbdeaf4d2ce,1,d6062a139383f9f749121e67262ce7d3,b561927807645834b59ef0d16ba55a24,2018-04-16 09:51:04,177.0,9.0,2018-04-10,2018-04-16 09:51:04.000000,2026-08-27T05:17:09.287600+00:00,D:/D drive recovery/Shiva JH/Projects/OneLake Medallion/data/landing/2018-04-10/order_items.parquet,2018-04-10
3910ae71e82730e3c560049e7637b3c2,1,92d2d88b37a70060bd536b8790d9edaa,59b22a78efb79a4797979612b885db36,2018-04-26 23:30:52,199.0,42.15,2018-04-22,2018-04-26 23:30:52.000000,2026-08-27T05:17:09.287600+00:00,D:/D drive recovery/Shiva JH/Projects/OneLake Medallion/data/landing/2018-04-22/order_items.parquet,2018-04-22
7344c860833e7ea5b676e4575b225d6c,1,868b3136c5b206f91b8208fbfdf2cb7c,4a3ca9315b744ce9f8e9374361493884,2018-04-26 14:30:42,93.0,19.62,2018-04-22,2018-04-26 14:30:42.000000,2026-08-27T05:17:09.287600+00:00,D:/D drive recovery/Shiva JH/Projects/OneLake Medallion/data/landing/2018-04-22/order_items.parquet,2018-04-22
a62ca1ecd2ebb5a76f2df38e3024c324,1,a842674062d24231d49b8a938c6bb439,0adac9fbd9a2b63cccaac4f8756c1ca8,2018-04-26 03:30:58,28.82,19.32,2018-04-22,2018-04-26 03:30:58.000000,2026-08-27T05:17:09.287600+00:00,D:/D drive recovery/Shiva JH/Projects/OneLake Medallion/data/landing/2018-04-22/order_items.parquet,2018-04-22
d54bea5ba90238aa83323565749538a1,1,cda8b19a05af621d957a97a979b6fa9a,c510bc1718f0f2961eaa42a23330681a,2018-04-26 18:30:53,2110.0,154.9,2018-04-22,2018-04-26 18:30:53.000000,2026-08-27T05:17:09.287600+00:00,D:/D drive recovery/Shiva JH/Projects/OneLake Medallion/data/landing/2018-04-22/order_items.parquet,2018-04-22
dda3e0dbde3a2cd09432650b3634582d,1,177d3d5bb9d4d29222a222e3b3554f41,3d871de0142ce09b7081e2b9d1733cb1,2018-04-26 20:31:37,109.0,13.81,2018-04-22,2018-04-26 20:31:37.000000,2026-08-27T05:17:09.287600+00:00,D:/D drive recovery/Shiva JH/Projects/OneLake Medallion/data/landing/2018-04-22/order_items.parquet,2018-04-22
1bbda6dbb533293df7320c4f62b6e897,1,dab2413ead0edda9967edbc9bda2a64e,562fc2f2c2863ab7e79a9e4388a58a14,2018-05-10 19:30:23,29.99,18.23,2018-05-04,2018-05-10 19:30:23.000000,2026-08-27T05:17:09.287600+00:00,D:/D drive recovery/Shiva JH/Projects/OneLake Medallion/data/landing/2018-05-04/order_items.parquet,2018-05-04
1bbda6dbb533293df7320c4f62b6e897,2,dab2413ead0edda9967edbc9bda2a64e,562fc2f2c2863ab7e79a9e4388a58a14,2018-05-10 19:30:23,29.99,18.23,2018-05-04,2018-05-10 19:30:23.000000,2026-08-27T05:17:09.287600+00:00,D:/D drive recovery/Shiva JH/Projects/OneLake Medallion/data/landing/2018-05-04/order_items.parquet,2018-05-04
3a56d0fa36b997b13c3e9eee5128b7fa,1,b42c05a477c94b52587fa47d777928df,cfb1a033743668a192316f3c6d1d2671,2018-05-10 04:35:17,94.5,12.0,2018-05-04,2018-05-10 04:35:17.000000,2026-08-27T05:17:09.287600+00:00,D:/D drive recovery/Shiva JH/Projects/OneLake Medallion/data/landing/2018-05-04/order_items.parquet,2018-05-04
660a02c58e33a4d888a10733703398a5,1,668627d7997bde540866a91f02484ae6,729b2d09b2a0bdab221076327f13d050,2018-05-10 13:50:38,49.89,18.23,2018-05-04,2018-05-10 13:50:38.000000,2026-08-27T05:17:09.287600+00:00,D:/D drive recovery/Shiva JH/Projects/OneLake Medallion/data/landing/2018-05-04/order_items.parquet,2018-05-04
8af354896f0ed90b19d368003ac83254,1,84c79830527ae823029ee6b904cf948c,2bf28e311bba65237358230cabac3f15,2018-05-10 18:35:25,35.0,31.0,2018-05-04,2018-05-10 18:35:25.000000,2026-08-27T05:17:09.287600+00:00,D:/D drive recovery/Shiva JH/Projects/OneLake Medallion/data/landing/2018-05-04/order_items.parquet,2018-05-04
5ba8503668408d9c4b89795726cb7f4e,1,89b121bee266dcd25688a1ba72eefb61,2eb70248d66e0e3ef83659f71b244378,2018-05-28 22:30:51,79.9,18.44,2018-05-16,2018-05-28 22:30:51.000000,2026-08-27T05:17:09.287600+00:00,D:/D drive recovery/Shiva JH/Projects/OneLake Medallion/data/landing/2018-05-16/order_items.parquet,2018-05-16
7d00af7c23ec65f8e98e9d7a348130f4,1,2043cae78c8b731c405c7329a05154b2,4830e40640734fc1c52cd21127c341d4,2018-05-18 18:16:29,69.0,19.45,2018-05-16,2018-05-18 18:16:29.000000,2026-08-27T05:17:09.287600+00:00,D:/D drive recovery/Shiva JH/Projects/OneLake Medallion/data/landing/2018-05-16/order_items.parquet,2018-05-16
9093d1fda3e04c4f34b2cd7b0fc18549,1,dfbeadbb1840417400f0c7683889a585,744dac408745240a2c2528fb1b6028f3,2018-05-20 21:13:57,199.0,51.89,2018-05-16,2018-05-20 21:13:57.000000,2026-08-27T05:17:09.287600+00:00,D:/D drive recovery/Shiva JH/Projects/OneLake Medallion/data/landing/2018-05-16/order_items.parquet,2018-05-16
9d56875afa926ef0d9263eb003dba6e0,1,fbb05e4acf9348440b40d667795c057e,a663d9c3797e90eac99ff60939416a56,2018-05-22 13:59:36,235.0,14.08,2018-05-16,2018-05-22 13:59:36.000000,2026-08-27T05:17:09.287600+00:00,D:/D drive recovery/Shiva JH/Projects/OneLake Medallion/data/landing/2018-05-16/order_items.parquet,2018-05-16
cab33fc76d60b48dd6a512e892c54437,1,703d742887bb9267f89b675608ba7aa0,640e21a7d01df7614a3b4923e990d40c,2018-05-21 21:13:59,56.1,8.83,2018-05-16,2018-05-21 21:13:59.000000,2026-08-27T05:17:09.287600+00:00,D:/D drive recovery/Shiva JH/Projects/OneLake Medallion/data/landing/2018-05-16/order_items.parquet,2018-05-16
eb6ab30cb30bdde1094fc3b0ee26a2d9,1,4178e16324fd0c9a8e18463caf390cc6,ceaec5548eefc6e23e6607c5435102e7,2018-05-22 17:57:32,265.0,41.51,2018-05-16,2018-05-22 17:57:32.000000,2026-08-27T05:17:09.287600+00:00,D:/D drive recovery/Shiva JH/Projects/OneLake Medallion/data/landing/2018-05-16/order_items.parquet,2018-05-16
f175c06d9a1a1c98a7ba8dd83950718f,1,83aae8023b8feda53259f63e0ec06390,715bbd5ba4e6b74cb0d2f29eb45058b0,2018-05-18 13:59:41,89.9,41.39,2018-05-16,2018-05-18 13:59:41.000000,2026-08-27T05:17:09.287600+00:00,D:/D drive recovery/Shiva JH/Projects/OneLake Medallion/data/landing/2018-05-16/order_items.parquet,2018-05-16
558eca1d22374a40aa35c2d9f88573a3,1,29ed7e120478b8a6ab3aeb253c6c7220,e6a69c4a27dfdd98ffe5aa757ad744bc,2018-06-10 22:50:35,12.84,19.32,2018-05-28,2018-06-10 22:50:35.000000,2026-08-27T05:17:09.287600+00:00,D:/D drive recovery/Shiva JH/Projects/OneLake Medallion/data/landing/2018-05-28/order_items.parquet,2018-05-28
c5f30bdd01bc931c09429dc3bba5ac58,1,0e2d365a247d105fefc31b17ab8706d9,1c40343cc5d18c2d8248ac2f3366de34,2018-06-03 21:56:18,116.5,8.0,2018-05-28,2018-06-03 21:56:18.000000,2026-08-27T05:17:09.287600+00:00,D:/D drive recovery/Shiva JH/Projects/OneLake Medallion/data/landing/2018-05-28/order_items.parquet,2018-05-28
da9713f62e0d54668895dd0ca6ddbb64,1,d04857e7b4b708ee8b8b9921163edba3,9f505651f4a6abe901a56cdc21508025,2018-06-06 09:56:12,67.99,15.36,2018-05-28,2018-06-06 09:56:12.000000,2026-08-27T05:17:09.287600+00:00,D:/D drive recovery/Shiva JH/Projects/OneLake Medallion/data/landing/2018-05-28/order_items.parquet,2018-05-28
169ab175fb915582d84c0c5c95bb0fe3,1,92ff4701412588ba89562a5da013c537,e882b2a25a10b9c057cc49695f222c19,2018-06-14 09:11:28,662.73,78.37,2018-06-09,2018-06-14 09:11:28.000000,2026-08-27T05:17:09.287600+00:00,D:/D drive recovery/Shiva JH/Projects/OneLake Medallion/data/landing/2018-06-09/order_items.parquet,2018-06-09
69253c0e2ec746a1f5a1ab71985605ba,1,87283a98b24f9f1ac3a31b631073cf47,cab85505710c7cb9b720bceb52b01cee,2018-06-12 18:19:09,49.9,14.78,2018-06-09,2018-06-12 18:19:09.000000,2026-08-27T05:17:09.287600+00:00,D:/D drive recovery/Shiva JH/Projects/OneLake Medallion/data/landing/2018-06-09/order_items.parquet,2018-06-09
d9c720e3a638349cc85d8f2f1eff6ab7,1,1f75be631e988bb0ad750e60e18d043b,fd386aa7bed2af3c7035c65506c9b4a3,2018-06-12 19:15:20,13.99,7.39,2018-06-09,2018-06-12 19:15:20.000000,2026-08-27T05:17:09.287600+00:00,D:/D drive recovery/Shiva JH/Projects/OneLake Medallion/data/landing/2018-06-09/order_items.parquet,2018-06-09
f9030dd093087acc37d712775c8797a6,1,e4ca5b20cfe1a020e15e36fe14e880ee,a8739afb32aaa45e01815ca76f76f54b,2018-06-14 20:19:00,19.86,15.23,2018-06-09,2018-06-14 20:19:00.000000,2026-08-27T05:17:09.287600+00:00,D:/D drive recovery/Shiva JH/Projects/OneLake Medallion/data/landing/2018-06-09/order_items.parquet,2018-06-09
4141a4d0188de2c856950810c9a5e52c,1,7039b86e688d15677bdccc14562801dc,bc39d8938f90a3a2b98193723ed59774,2018-06-29 15:31:19,153.4,14.37,2018-06-21,2018-06-29 15:31:19.000000,2026-08-27T05:17:09.287600+00:00,D:/D drive recovery/Shiva JH/Projects/OneLake Medallion/data/landing/2018-06-21/order_items.parquet,2018-06-21
415163634b075446172210d1b9717e2a,1,154e7e31ebfa092203795c972e5804a6,cc419e0650a3c5ba77189a1882b7556a,2018-06-25 12:22:05,23.99,15.27,2018-06-21,2018-06-25 12:22:05.000000,2026-08-27T05:17:09.287600+00:00,D:/D drive recovery/Shiva JH/Projects/OneLake Medallion/data/landing/2018-06-21/order_items.parquet,2018-06-21
41683ad54cbd17bd932eb623e0ff7257,1,41db6d8062fcd38410c699743ccc0265,92eb0f42c21942b6552362b9b114707d,2018-06-28 10:19:05,12.47,18.23,2018-06-21,2018-06-28 10:19:05.000000,2026-08-27T05:17:09.287600+00:00,D:/D drive recovery/Shiva JH/Projects/OneLake Medallion/data/landing/2018-06-21/order_items.parquet,2018-06-21
c46b48abd599551232324a6e9077bf19,1,eba7488e1c67729f045ab43fac426f2e,620c87c171fb2a6dd6e8bb4dec959fc6,2016-10-10 15:49:48,249.9,20.85,2016-10-05,2016-10-10 15:49:48.000000,2026-08-27T05:17:09.287600+00:00,D:/D drive recovery/Shiva JH/Projects/OneLake Medallion/data/landing/2016-10-05/order_items.parquet,2016-10-05
bb2dfe6031f35f7abc9a3c7dad5e4467,1,b68cf84ede4fd1e14b1740de5b727d55,e24fc9fcd865784fb25705606fe3dfe7,2017-01-26 14:09:03,636.0,15.84,2017-01-22,2017-01-26 14:09:03.000000,2026-08-27T05:17:09.287600+00:00,D:/D drive recovery/Shiva JH/Projects/OneLake Medallion/data/landing/2017-01-22/order_items.parquet,2017-01-22
3c5edc9665595ab8ab9bdd6c5c4a961a,1,68f3adaef1620e7b0c4c7cd9f78d7ed0,7b0df942f46435babab05d49b744b2c4,2017-02-07 10:09:40,1297.25,20.11,2017-02-03,2017-02-07 10:09:40.000000,2026-08-27T05:17:09.287600+00:00,D:/D drive recovery/Shiva JH/Projects/OneLake Medallion/data/landing/2017-02-03/order_items.parquet,2017-02-03
603e15b90edc4dbafc68def34a24d4a7,1,473795a355d29305c3ea6b156833adf5,620c87c171fb2a6dd6e8bb4dec959fc6,2017-02-07 11:05:08,59.9,16.12,2017-02-03,2017-02-07 11:05:08.000000,2026-08-27T05:17:09.287600+00:00,D:/D drive recovery/Shiva JH/Projects/OneLake Medallion/data/landing/2017-02-03/order_items.parquet,2017-02-03
4a95fefb52a7a5a0d882ba840d33954d,1,f1e297029531521190bb2312a90df567,8a32e327fe2c1b3511609d81aaf9f042,2017-02-19 17:47:48,29.99,14.52,2017-02-15,2017-02-19 17:47:48.000000,2026-08-27T05:17:09.287600+00:00,D:/D drive recovery/Shiva JH/Projects/OneLake Medallion/data/landing/2017-02-15/order_items.parquet,2017-02-15
d48c000420ecc626fa621ab2f206fd85,1,9281e35939ed4db9a1ff7001d673e510,d91fb3b7d041e83b64a00a3edfb37e4f,2017-02-19 10:43:37,45.0,10.96,2017-02-15,2017-02-19 10:43:37.000000,2026-08-27T05:17:09.287600+00:00,D:/D drive recovery/Shiva JH/Projects/OneLake Medallion/data/landing/2017-02-15/order_items.parquet,2017-02-15
e70564a3b448dd6f6d5ca53b0f8222b1,1,2029248294c186017ecfc48cecd47bbd,d50d79cb34e38265a8649c383dcffd48,2017-02-19 15:04:53,126.99,17.04,2017-02-15,2017-02-19 15:04:53.000000,2026-08-27T05:17:09.287600+00:00,D:/D drive recovery/Shiva JH/Projects/OneLake Medallion/data/landing/2017-02-15/order_items.parquet,2017-02-15
522edeff08426375a7001e01034c289b,1,e9f5285945cb79bc9dd00821fff79138,33ac3e28642ab8bda860a2f693000e78,2017-03-03 19:50:16,104.9,11.34,2017-02-27,2017-03-03 19:50:16.000000,2026-08-27T05:17:09.287600+00:00,D:/D drive recovery/Shiva JH/Projects/OneLake Medallion/data/landing/2017-02-27/order_items.parquet,2017-02-27
89fd0af8914b1f149a531f98a183a860,1,f20a0bbd61ffeff9d684961e2d9a5be0,bb135baca94c82fcb731335ad5b04a03,2017-03-05 23:33:51,35.5,24.84,2017-02-27,2017-03-05 23:33:51.000000,2026-08-27T05:17:09.287600+00:00,D:/D drive recovery/Shiva JH/Projects/OneLake Medallion/data/landing/2017-02-27/order_items.parquet,2017-02-27
af6ed18f03a877659659ed9467c7cd9e,1,61f892cad282d3059bd33ae0eef5b02d,8a32e327fe2c1b3511609d81aaf9f042,2017-03-05 23:32:42,29.99,8.72,2017-02-27,2017-03-05 23:32:42.000000,2026-08-27T05:17:09.287600+00:00,D:/D drive recovery/Shiva JH/Projects/OneLake Medallion/data/landing/2017-02-27/order_items.parquet,2017-02-27
af6ed18f03a877659659ed9467c7cd9e,2,61f892cad282d3059bd33ae0eef5b02d,8a32e327fe2c1b3511609d81aaf9f042,2017-03-05 23:32:42,29.99,8.72,2017-02-27,2017-03-05 23:32:42.000000,2026-08-27T05:17:09.287600+00:00,D:/D drive recovery/Shiva JH/Projects/OneLake Medallion/data/landing/2017-02-27/order_items.parquet,2017-02-27
e52c07a2a833bd6f6033795e8fec6286,1,a6e0877ffaf0725d90e31e4350a3276e,9bcdfa7b615b3abb9461d9e3ad9886ae,2017-03-03 14:33:24,27.68,20.8,2017-02-27,2017-03-03 14:33:24.000000,2026-08-27T05:17:09.287600+00:00,D:/D drive recovery/Shiva JH/Projects/OneLake Medallion/data/landing/2017-02-27/order_items.parquet,2017-02-27
4ea0ef9a772da79c6afd8ebc69ee008c,1,6875b883a18364bf04f16698a335df55,3d871de0142ce09b7081e2b9d1733cb1,2017-03-16 15:24:51,69.0,15.69,2017-03-11,2017-03-16 15:24:51.000000,2026-08-27T05:17:09.287600+00:00,D:/D drive recovery/Shiva JH/Projects/OneLake Medallion/data/landing/2017-03-11/order_items.parquet,2017-03-11
82ff294d1970490323910cdd6c463977,1,99a4788cb24856965c36a24e339b6058,4a3ca9315b744ce9f8e9374361493884,2017-03-17 08:18:51,89.9,16.33,2017-03-11,2017-03-17 08:18:51.000000,2026-08-27T05:17:09.287600+00:00,D:/D drive recovery/Shiva JH/Projects/OneLake Medallion/data/landing/2017-03-11/order_items.parquet,2017-03-11
d7b749382b06fe2551235b118a962dfa,1,372645c7439f9661fbbacfd129aa92ec,da8622b14eb17ae2831f4ac5b9dab84a,2017-03-28 18:46:30,89.9,17.37,2017-03-11,2017-03-28 18:46:30.000000,2026-08-27T05:17:09.287600+00:00,D:/D drive recovery/Shiva JH/Projects/OneLake Medallion/data/landing/2017-03-11/order_items.parquet,2017-03-11
9d7a3ee5e3aeb43589c049d8940e9ba9,1,b5b5a82ce5f1987b7e670f37629be51b,8b28d096634035667e8263d57ba3368c,2017-03-31 19:35:09,59.9,14.59,2017-03-23,2017-03-31 19:35:09.000000,2026-08-27T05:17:09.287600+00:00,D:/D drive recovery/Shiva JH/Projects/OneLake Medallion/data/landing/2017-03-23/order_items.parquet,2017-03-23
9d7bda1d8caaa92f82edb8e4559852a8,1,f0c39c49847d1eab4dae5245694acd3e,99eaacc9e6046db1c82b163c5f84869f,2017-04-12 02:50:31,349.0,13.05,2017-04-04,2017-04-12 02:50:31.000000,2026-08-27T05:17:09.287600+00:00,D:/D drive recovery/Shiva JH/Projects/OneLake Medallion/data/landing/2017-04-04/order_items.parquet,2017-04-04
1ea1fb68cd910d7d689029bb60ebca1e,1,fcf6ad274391aea29f5d6e5ef9da5050,5cf13accae3222c70a9cac40818ae839,2017-05-05 10:33:03,79.7,11.17,2017-04-28,2017-05-05 10:33:03.000000,2026-08-27T05:17:09.287600+00:00,D:/D drive recovery/Shiva JH/Projects/OneLake Medallion/data/landing/2017-04-28/order_items.parquet,2017-04-28
cd746a0e172f3aac198180760cc21a8e,1,50805a148492a9e871186240363cd2e8,004c9cd9d87a3c30c522c48c4fc07416,2017-05-10 12:31:05,133.99,16.05,2017-04-28,2017-05-10 12:31:05.000000,2026-08-27T05:17:09.287600+00:00,D:/D drive recovery/Shiva JH/Projects/OneLake Medallion/data/landing/2017-04-28/order_items.parquet,2017-04-28
385bc274c4cbac59c0bb866c770588dc,1,89f055104adb9365d7f7b5c475f77742,6b15924333bd1a741595fe981ea04822,2017-05-16 12:32:00,26.9,7.78,2017-05-10,2017-05-16 12:32:00.000000,2026-08-27T05:17:09.287600+00:00,D:/D drive recovery/Shiva JH/Projects/OneLake Medallion/data/landing/2017-05-10/order_items.parquet,2017-05-10
44558a1547e448b41c48c4087fe32ddd,1,7ac6cda1ec564b21b2daa9dc0973c1df,de23c3b98a88888289c6f5cc1209054a,2017-05-16 20:55:21,199.99,10.21,2017-05-10,2017-05-16 20:55:21.000000,2026-08-27T05:17:09.287600+00:00,D:/D drive recovery/Shiva JH/Projects/OneLake Medallion/data/landing/2017-05-10/order_items.parquet,2017-05-10
9125faac1b379b7b9ab4665189739e31,1,fe59a1e006df3ac42bf0ceb876d70969,25c5c91f63607446a97b143d2d535d31,2017-05-26 13:15:15,809.1,36.41,2017-05-10,2017-05-26 13:15:15.000000,2026-08-27T05:17:09.287600+00:00,D:/D drive recovery/Shiva JH/Projects/OneLake Medallion/data/landing/2017-05-10/order_items.parquet,2017-05-10
b0934c7d9368624b044fc218c11776e9,1,389d119b48cf3043d311335e499d9c6b,1f50f920176fa81dab994f9023523100,2017-05-16 22:55:16,59.9,19.66,2017-05-10,2017-05-16 22:55:16.000000,2026-08-27T05:17:09.287600+00:00,D:/D drive recovery/Shiva JH/Projects/OneLake Medallion/data/landing/2017-05-10/order_items.parquet,2017-05-10
b194904b5bf02c6fc117d73c33cbb728,1,e0bfab1a66b1f0fb4b1cbf7273121a6a,c3867b4666c7d76867627c2f7fb22e21,2017-05-17 01:25:20,54.0,11.88,2017-05-10,2017-05-17 01:25:20.000000,2026-08-27T05:17:09.287600+00:00,D:/D drive recovery/Shiva JH/Projects/OneLake Medallion/data/landing/2017-05-10/order_items.parquet,2017-05-10
c4980a38f3fc3aaa233e01aad10e6bc8,1,5ca414808a1673669317d56dd0fd6b1b,82bd0703a4aefd6b599e5bfdaed378fb,2017-05-18 02:55:32,199.9,17.16,2017-05-10,2017-05-18 02:55:32.000000,2026-08-27T05:17:09.287600+00:00,D:/D drive recovery/Shiva JH/Projects/OneLake Medallion/data/landing/2017-05-10/order_items.parquet,2017-05-10
222c6bc1698aec767223c052bf66327d,1,a5e66fadbb9b49dffdbf63675436a332,e9779976487b77c6d4ac45f75ec7afe9,2017-05-28 22:03:01,79.99,8.3,2017-05-22,2017-05-28 22:03:01.000000,2026-08-27T05:17:09.287600+00:00,D:/D drive recovery/Shiva JH/Projects/OneLake Medallion/data/landing/2017-05-22/order_items.parquet,2017-05-22
589795a183cebb8c0023a76a44447747,1,753de82a096285dc21658d87c4933771,16090f2ca825584b5a147ab24aa30c86,2017-05-26 17:25:21,89.99,15.38,2017-05-22,2017-05-26 17:25:21.000000,2026-08-27T05:17:09.287600+00:00,D:/D drive recovery/Shiva JH/Projects/OneLake Medallion/data/landing/2017-05-22/order_items.parquet,2017-05-22
863211f4868ae3a9ed08ffcf86768db3,1,9453bde60c4ee52155c963641736cfc5,5c243662ce92d84573bfaff24c3e3700,2017-05-30 19:35:11,467.0,18.02,2017-05-22,2017-05-30 19:35:11.000000,2026-08-27T05:17:09.287600+00:00,D:/D drive recovery/Shiva JH/Projects/OneLake Medallion/data/landing/2017-05-22/order_items.parquet,2017-05-22
ca7a62dce548a9bd31b4fd4f12af30d8,1,2b87ded5c8c2c971d4d5a2e4bd7b85bc,a3a38f4affed601eb87a97788c949667,2017-05-26 15:35:16,64.9,15.2,2017-05-22,2017-05-26 15:35:16.000000,2026-08-27T05:17:09.287600+00:00,D:/D drive recovery/Shiva JH/Projects/OneLake Medallion/data/landing/2017-05-22/order_items.parquet,2017-05-22
3c20f6cdfc62556d4c0ee421cbff6d76,1,bfd4d65a528678737bcb523e5a3c5f58,d50d79cb34e38265a8649c383dcffd48,2017-06-08 14:50:09,105.99,21.23,2017-06-03,2017-06-08 14:50:09.000000,2026-08-27T05:17:09.287600+00:00,D:/D drive recovery/Shiva JH/Projects/OneLake Medallion/data/landing/2017-06-03/order_items.parquet,2017-06-03
67f8f676db053a060da849e36ee9da6e,1,a5b601f57c1fe288e77100429a1f1b7a,f307937c1bb287c3efc2a514b94b0d1d,2017-06-08 01:22:09,189.99,26.61,2017-06-03,2017-06-08 01:22:09.000000,2026-08-27T05:17:09.287600+00:00,D:/D drive recovery/Shiva JH/Projects/OneLake Medallion/data/landing/2017-06-03/order_items.parquet,2017-06-03
afd2be9f021ab713651e41c2eaff1d04,1,d7b6379f142a6f28f8fc5af7b33d4b70,e9bc59e7b60fc3063eb2290deda4cced,2017-06-08 19:55:13,199.1,14.41,2017-06-03,2017-06-08 19:55:13.000000,2026-08-27T05:17:09.287600+00:00,D:/D drive recovery/Shiva JH/Projects/OneLake Medallion/data/landing/2017-06-03/order_items.parquet,2017-06-03
da0270ce1d44a68ad7f23a00aaa066a2,1,9d014dd97b32b1631dbbf5b35c4c36a1,94e93ce877be27a515118dbfd2c2be41,2017-06-08 15:10:14,79.9,21.05,2017-06-03,2017-06-08 15:10:14.000000,2026-08-27T05:17:09.287600+00:00,D:/D drive recovery/Shiva JH/Projects/OneLake Medallion/data/landing/2017-06-03/order_items.parquet,2017-06-03
27c4d9f3a2a28d3e687e6700e34e959d,1,d4fa7c305b2ffd07d12ae5a886b6cb0f,391fc6631aebcf3004804e51b40bcf1e,2017-06-21 14:05:12,44.35,13.37,2017-06-15,2017-06-21 14:05:12.000000,2026-08-27T05:17:09.287600+00:00,D:/D drive recovery/Shiva JH/Projects/OneLake Medallion/data/landing/2017-06-15/order_items.parquet,2017-06-15
b0645176abf1df25bb73ba0afcc20be3,1,a4052f2adbcfe3e5dcf30229fa0f7c68,1900267e848ceeba8fa32d80c1a5f5a8,2017-06-22 03:32:41,21.99,11.85,2017-06-15,2017-06-22 03:32:41.000000,2026-08-27T05:17:09.287600+00:00,D:/D drive recovery/Shiva JH/Projects/OneLake Medallion/data/landing/2017-06-15/order_items.parquet,2017-06-15
1a74dcdf4a4d7bfd88e94110479fa484,1,23365beed316535b4105bd800c46670e,92eb0f42c21942b6552362b9b114707d,2017-07-04 20:05:22,14.5,25.63,2017-06-27,2017-07-04 20:05:22.000000,2026-08-27T05:17:09.287600+00:00,D:/D drive recovery/Shiva JH/Projects/OneLake Medallion/data/landing/2017-06-27/order_items.parquet,2017-06-27
f6c4a5c791463c73a7b292929c88ecab,1,ebee6703e867082f455a058a8bd04092,fc906263ca5083d09dce42fe02247800,2017-07-03 11:45:45,39.0,14.1,2017-06-27,2017-07-03 11:45:45.000000,2026-08-27T05:17:09.287600+00:00,D:/D drive recovery/Shiva JH/Projects/OneLake Medallion/data/landing/2017-06-27/order_items.parquet,2017-06-27
eafabcffc7f9fa583030d9cc7210741c,1,7307a453add3ce026e86d325ff2d60cd,f5f2ab9bdb6b30c14c61be68c5ed37da,2017-07-13 22:03:30,89.99,17.93,2017-07-09,2017-07-13 22:03:30.000000,2026-08-27T05:17:09.287600+00:00,D:/D drive recovery/Shiva JH/Projects/OneLake Medallion/data/landing/2017-07-09/order_items.parquet,2017-07-09
054316a4a3afc149108b6b1431d11274,1,c6336fa91fbd87c359e44f5dca5a90ed,4c2b230173bb36f9b240f2b8ac11786e,2017-07-27 09:02:54,39.9,14.1,2017-07-21,2017-07-27 09:02:54.000000,2026-08-27T05:17:09.287600+00:00,D:/D drive recovery/Shiva JH/Projects/OneLake Medallion/data/landing/2017-07-21/order_items.parquet,2017-07-21
b221f4ca79ae394f43b4fec8815e4b92,1,8bad0b03a701f851b31594eb2eb758b8,7a67c85e85bb2ce8582c35f2203ad736,2017-07-31 03:30:36,20.99,17.6,2017-07-21,2017-07-31 03:30:36.000000,2026-08-27T05:17:09.287600+00:00,D:/D drive recovery/Shiva JH/Projects/OneLake Medallion/data/landing/2017-07-21/order_items.parquet,2017-07-21
b4db538b7e17b5575cfdc4566a7f36d6,1,4d38a4daf13a87012b73156f834afec0,41b39e28db005d9731d9d485a83b4c38,2017-08-17 19:15:09,29.9,9.34,2017-07-21,2017-08-17 19:15:09.000000,2026-08-27T05:17:09.287600+00:00,D:/D drive recovery/Shiva JH/Projects/OneLake Medallion/data/landing/2017-07-21/order_items.parquet,2017-07-21
4af5a8a71daf651bf0a9d449d3d1a27b,1,0da9ffd92214425d880de3f94e74ce39,001cca7ae9ae17fb1caed9dfb1094831,2017-08-08 20:05:31,112.0,40.11,2017-08-02,2017-08-08 20:05:31.000000,2026-08-27T05:17:09.287600+00:00,D:/D drive recovery/Shiva JH/Projects/OneLake Medallion/data/landing/2017-08-02/order_items.parquet,2017-08-02
83356f1b8d875976b75b83c623f73546,1,14aa8b2c8709b5e12cf97b252e111a59,c8417879a15366a17c30af34c798c332,2017-08-08 13:15:15,57.7,15.16,2017-08-02,2017-08-08 13:15:15.000000,2026-08-27T05:17:09.287600+00:00,D:/D drive recovery/Shiva JH/Projects/OneLake Medallion/data/landing/2017-08-02/order_items.parquet,2017-08-02
17b129bc47ae24191ca5670deaa170f5,1,422879e10f46682990de24d770e7f83d,1f50f920176fa81dab994f9023523100,2017-08-21 00:05:10,59.9,17.67,2017-08-14,2017-08-21 00:05:10.000000,2026-08-27T05:17:09.287600+00:00,D:/D drive recovery/Shiva JH/Projects/OneLake Medallion/data/landing/2017-08-14/order_items.parquet,2017-08-14
1e73093ee708ed2b782f359056925208,1,d2bea3c01e172037caa99b2d138f39d0,9674754b5a0cb32b638cec001178f799,2017-08-18 19:30:12,18.9,16.92,2017-08-14,2017-08-18 19:30:12.000000,2026-08-27T05:17:09.287600+00:00,D:/D drive recovery/Shiva JH/Projects/OneLake Medallion/data/landing/2017-08-14/order_items.parquet,2017-08-14
731adfc56466bffeb31938efd036b0c6,1,a0c39dee6817bb443090f9248eeafa4c,7c67e1448b00f6e969d365cea6b010ab,2017-08-24 19:44:21,189.99,39.35,2017-08-14,2017-08-24 19:44:21.000000,2026-08-27T05:17:09.287600+00:00,D:/D drive recovery/Shiva JH/Projects/OneLake Medallion/data/landing/2017-08-14/order_items.parquet,2017-08-14
927eda1d91913116e94535f4120dc578,1,d8bf954d364f9ed61bcb3af7fd78a70d,cce6ab8d1682639fe45ab70234f1665f,2017-08-25 00:50:06,40.0,16.6,2017-08-14,2017-08-25 00:50:06.000000,2026-08-27T05:17:09.287600+00:00,D:/D drive recovery/Shiva JH/Projects/OneLake Medallion/data/landing/2017-08-14/order_items.parquet,2017-08-14
a1ec5525a1aa69f0b16cc94e94b421ad,1,fd60771c56d987cda1dc0169f4452e65,6a8b085f816a1f75f92dbac6eb545f8f,2017-08-18 20:30:24,54.9,34.18,2017-08-14,2017-08-18 20:30:24.000000,2026-08-27T05:17:09.287600+00:00,D:/D drive recovery/Shiva JH/Projects/OneLake Medallion/data/landing/2017-08-14/order_items.parquet,2017-08-14
0e9615b2e47df6cf349b4e458b056289,1,389d119b48cf3043d311335e499d9c6b,1f50f920176fa81dab994f9023523100,2017-09-04 04:30:22,59.9,17.67,2017-08-26,2017-09-04 04:30:22.000000,2026-08-27T05:17:09.287600+00:00,D:/D drive recovery/Shiva JH/Projects/OneLake Medallion/data/landing/2017-08-26/order_items.parquet,2017-08-26
3a218a39b942ae0341fb1d65dd5874df,1,c329abd2a10fad4a2f83377956328c67,adbe70ab2c97442046d393988c8d1d27,2017-09-13 13:15:14,59.9,9.34,2017-09-07,2017-09-13 13:15:14.000000,2026-08-27T05:17:09.287600+00:00,D:/D drive recovery/Shiva JH/Projects/OneLake Medallion/data/landing/2017-09-07/order_items.parquet,2017-09-07
7c46b5ee3a6b6152b85d5d245784bc25,1,15b3d4c8373cd64166af5504b49d289d,0c8380b62e38e8a1e6adbeba7eb9688c,2017-09-13 10:50:07,49.9,17.6,2017-09-07,2017-09-13 10:50:07.000000,2026-08-27T05:17:09.287600+00:00,D:/D drive recovery/Shiva JH/Projects/OneLake Medallion/data/landing/2017-09-07/order_items.parquet,2017-09-07
86dfa937c43f021fdd93264d20c8537b,1,516a7c0b152777ac153b6ff568582222,a1544b9ea0b2390e020537d4daa89049,2017-09-14 05:04:13,49.9,15.1,2017-09-07,2017-09-14 05:04:13.000000,2026-08-27T05:17:09.287600+00:00,D:/D drive recovery/Shiva JH/Projects/OneLake Medallion/data/landing/2017-09-07/order_items.parquet,2017-09-07
9f58353e16353e64bf57e32e6dae9e45,1,422879e10f46682990de24d770e7f83d,1f50f920176fa81dab994f9023523100,2017-09-14 04:50:20,59.9,17.67,2017-09-07,2017-09-14 04:50:20.000000,2026-08-27T05:17:09.287600+00:00,D:/D drive recovery/Shiva JH/Projects/OneLake Medallion/data/landing/2017-09-07/order_items.parquet,2017-09-07
08dae4aaedc034ee67385e739d42d0a8,1,9686ff1a707a2d304c547f82535c5ee5,6560211a19b47992c3666cc44a7e94c0,2017-10-05 17:28:20,85.0,7.85,2017-10-01,2017-10-05 17:28:20.000000,2026-08-27T05:17:09.287600+00:00,D:/D drive recovery/Shiva JH/Projects/OneLake Medallion/data/landing/2017-10-01/order_items.parquet,2017-10-01
163ad1666638554c03eff2545773c4b3,1,892198c42c50014fa460d71bed876d7b,7d76b645482be4a332374e8223836592,2017-10-09 03:49:16,29.9,14.1,2017-10-01,2017-10-09 03:49:16.000000,2026-08-27T05:17:09.287600+00:00,D:/D drive recovery/Shiva JH/Projects/OneLake Medallion/data/landing/2017-10-01/order_items.parquet,2017-10-01
379608a8412e127ea99752f0ae297408,1,0e10dd7cc1cc793351f0a259df91cdfa,2953ce3a88f5e3c3b696d77fc9e4c8eb,2017-10-05 10:28:15,35.0,15.1,2017-10-01,2017-10-05 10:28:15.000000,2026-08-27T05:17:09.287600+00:00,D:/D drive recovery/Shiva JH/Projects/OneLake Medallion/data/landing/2017-10-01/order_items.parquet,2017-10-01
80c86e92eef37052119cf0e9a402000a,1,f908d3bf313a1308bfb2a46ea2685347,25e6ffe976bd75618accfe16cefcbd0d,2017-10-09 04:04:38,35.0,7.78,2017-10-01,2017-10-09 04:04:38.000000,2026-08-27T05:17:09.287600+00:00,D:/D drive recovery/Shiva JH/Projects/OneLake Medallion/data/landing/2017-10-01/order_items.parquet,2017-10-01
ca057e5d6b72a0fc19eb40cd99c188c8,1,9e4a852f41aff52bafff133d9deb5eee,3d871de0142ce09b7081e2b9d1733cb1,2017-10-09 04:14:21,99.0,13.71,2017-10-01,2017-10-09 04:14:21.000000,2026-08-27T05:17:09.287600+00:00,D:/D drive recovery/Shiva JH/Projects/OneLake Medallion/data/landing/2017-10-01/order_items.parquet,2017-10-01
188368c093f06fe58e813bd61137b3e1,1,1a3ed2c0aa5c7beccd817b6b71282e99,7178f9f4dd81dcef02f62acdf8151e01,2017-10-23 23:07:07,59.9,25.7,2017-10-13,2017-10-23 23:07:07.000000,2026-08-27T05:17:09.287600+00:00,D:/D drive recovery/Shiva JH/Projects/OneLake Medallion/data/landing/2017-10-13/order_items.parquet,2017-10-13
0b50bea7ba1e8ba7a21b01b7c9d1350b,1,3db75f31b76375c502f64d550dcd1166,85d9eb9ddc5d00ca9336a2219c97bb13,2017-11-13 10:14:27,31.9,42.38,2017-10-25,2017-11-13 10:14:27.000000,2026-08-27T05:17:09.287600+00:00,D:/D drive recovery/Shiva JH/Projects/OneLake Medallion/data/landing/2017-10-25/order_items.parquet,2017-10-25
18dcad31c503873cc41e0ed48581b80c,1,4db04f1ae830079ac83e0fc9c63216a3,7e93a43ef30c4f03f38b393420bc753a,2017-10-31 17:35:18,150.0,9.24,2017-10-25,2017-10-31 17:35:18.000000,2026-08-27T05:17:09.287600+00:00,D:/D drive recovery/Shiva JH/Projects/OneLake Medallion/data/landing/2017-10-25/order_items.parquet,2017-10-25
3b68e7d1f8cbedb79ef05647835dcd6c,1,9fc0c73ce4d0eaaead44e81eeefebeb0,c3867b4666c7d76867627c2f7fb22e21,2017-10-31 17:49:25,68.0,15.23,2017-10-25,2017-10-31 17:49:25.000000,2026-08-27T05:17:09.287600+00:00,D:/D drive recovery/Shiva JH/Projects/OneLake Medallion/data/landing/2017-10-25/order_items.parquet,2017-10-25
4296801e936343a5f6a38e29143c0f88,1,67fe44191fffe358dc237a228fe96430,82e0a475a88cc9595229d8029273f045,2017-11-13 08:50:26,75.9,15.28,2017-11-06,2017-11-13 08:50:26.000000,2026-08-27T05:17:09.287600+00:00,D:/D drive recovery/Shiva JH/Projects/OneLake Medallion/data/landing/2017-11-06/order_items.parquet,2017-11-06
8242b086009bdffe2eb081b77d4ca7de,1,f1fe595ee7ef768b41bd9b246d13432d,81a1104df0f08b59c68aa5b03cfe398e,2017-11-10 13:30:45,99.9,17.95,2017-11-06,2017-11-10 13:30:45.000000,2026-08-27T05:17:09.287600+00:00,D:/D drive recovery/Shiva JH/Projects/OneLake Medallion/data/landing/2017-11-06/order_items.parquet,2017-11-06
93e41e75d4dfc53553b20b0087738e4d,1,4e25c62ad96711705df0968522524b7c,aba1721a889e04decc910aa13b768ef4,2017-11-27 03:33:26,34.0,7.78,2017-11-18,2017-11-27 03:33:26.000000,2026-08-27T05:17:09.287600+00:00,D:/D drive recovery/Shiva JH/Projects/OneLake Medallion/data/landing/2017-11-18/order_items.parquet,2017-11-18
9b9e08cb1a66ae45d2a91815cd8f4426,1,98a8c2fa16d7239c606640f5555768e4,001cca7ae9ae17fb1caed9dfb1094831,2017-11-23 15:50:26,110.0,71.9,2017-11-18,2017-11-23 15:50:26.000000,2026-08-27T05:17:09.287600+00:00,D:/D drive recovery/Shiva JH/Projects/OneLake Medallion/data/landing/2017-11-18/order_items.parquet,2017-11-18
9b9e08cb1a66ae45d2a91815cd8f4426,2,98a8c2fa16d7239c606640f5555768e4,001cca7ae9ae17fb1caed9dfb1094831,2017-11-23 15:50:26,110.0,71.9,2017-11-18,2017-11-23 15:50:26.000000,2026-08-27T05:17:09.287600+00:00,D:/D drive recovery/Shiva JH/Projects/OneLake Medallion/data/landing/2017-11-18/order_items.parquet,2017-11-18
030e558867da892772c999f60d09e854,1,5b3b5f9ae84ca9ead3138b199420cc94,adbc26658d6c7b4b6219f9d934598091,2017-12-06 23:35:24,139.0,20.21,2017-11-30,2017-12-06 23:35:24.000000,2026-08-27T05:17:09.287600+00:00,D:/D drive recovery/Shiva JH/Projects/OneLake Medallion/data/landing/2017-11-30/order_items.parquet,2017-11-30
2a8cb6405aee52f3b246ccae8bd4fe11,1,2960262e3809a91a7908e9b5c5562e8a,abcd2cb37d46c2c8fb1bf071c859fc5b,2017-12-06 21:38:21,72.9,27.36,2017-11-30,2017-12-06 21:38:21.000000,2026-08-27T05:17:09.287600+00:00,D:/D drive recovery/Shiva JH/Projects/OneLake Medallion/data/landing/2017-11-30/order_items.parquet,2017-11-30
341ec2709ac1eea8f492c24d31a06942,1,3904e66405ea8ec8d104534682a38c6d,e8b3a3a38279a82f0e5d006d5e5b7d2c,2017-12-08 15:53:15,15.9,42.38,2017-11-30,2017-12-08 15:53:15.000000,2026-08-27T05:17:09.287600+00:00,D:/D drive recovery/Shiva JH/Projects/OneLake Medallion/data/landing/2017-11-30/order_items.parquet,2017-11-30
3858a71b117aa9a3c509cc87fe9c8960,1,b4f9530c931398e215242293c2c8ba4c,4e922959ae960d389249c378d1c939f5,2017-12-08 11:11:13,90.0,8.37,2017-11-30,2017-12-08 11:11:13.000000,2026-08-27T05:17:09.287600+00:00,D:/D drive recovery/Shiva JH/Projects/OneLake Medallion/data/landing/2017-11-30/order_items.parquet,2017-11-30
506b766a5636c21756e8026fea871ec7,1,2028bf1b01cafb2d2b1901fca4083222,cc419e0650a3c5ba77189a1882b7556a,2017-12-11 20:39:22,56.99,15.15,2017-11-30,2017-12-11 20:39:22.000000,2026-08-27T05:17:09.287600+00:00,D:/D drive recovery/Shiva JH/Projects/OneLake Medallion/data/landing/2017-11-30/order_items.parquet,2017-11-30
6006d946799bcba9a9fd13e50c442213,1,389d119b48cf3043d311335e499d9c6b,1f50f920176fa81dab994f9023523100,2017-12-06 21:57:25,59.0,17.66,2017-11-30,2017-12-06 21:57:25.000000,2026-08-27T05:17:09.287600+00:00,D:/D drive recovery/Shiva JH/Projects/OneLake Medallion/data/landing/2017-11-30/order_items.parquet,2017-11-30
6006d946799bcba9a9fd13e50c442213,2,389d119b48cf3043d311335e499d9c6b,1f50f920176fa81dab994f9023523100,2017-12-06 21:57:25,59.0,17.66,2017-11-30,2017-12-06 21:57:25.000000,2026-08-27T05:17:09.287600+00:00,D:/D drive recovery/Shiva JH/Projects/OneLake Medallion/data/landing/2017-11-30/order_items.parquet,2017-11-30
6ae2e8b8fac02522481d2a2f4ca4412c,1,96a5ff4a6e07ebe2f09a6ee132303df3,d03698c2efd04a549382afa6623e27fb,2017-12-06 22:36:50,395.34,38.09,2017-11-30,2017-12-06 22:36:50.000000,2026-08-27T05:17:09.287600+00:00,D:/D drive recovery/Shiva JH/Projects/OneLake Medallion/data/landing/2017-11-30/order_items.parquet,2017-11-30
6b353bba58520d286313c6f64cc078ff,1,937a43407f2cf75f612cef2795160860,fffd5413c0700ac820c7069d66d98c89,2017-12-06 19:32:28,174.9,94.52,2017-11-30,2017-12-06 19:32:28.000000,2026-08-27T05:17:09.287600+00:00,D:/D drive recovery/Shiva JH/Projects/OneLake Medallion/data/landing/2017-11-30/order_items.parquet,2017-11-30
6b353bba58520d286313c6f64cc078ff,2,937a43407f2cf75f612cef2795160860,fffd5413c0700ac820c7069d66d98c89,2017-12-06 19:32:28,174.9,94.52,2017-11-30,2017-12-06 19:32:28.000000,2026-08-27T05:17:09.287600+00:00,D:/D drive recovery/Shiva JH/Projects/OneLake Medallion/data/landing/2017-11-30/order_items.parquet,2017-11-30
e08ebbd3a910e30ccb05aa241e9243fb,1,2d9034164be45fea72a91641a3874c33,59b22a78efb79a4797979612b885db36,2017-12-06 11:52:41,449.0,37.66,2017-11-30,2017-12-06 11:52:41.000000,2026-08-27T05:17:09.287600+00:00,D:/D drive recovery/Shiva JH/Projects/OneLake Medallion/data/landing/2017-11-30/order_items.parquet,2017-11-30
ef71772d55431467890fda2f45c7bdde,1,8474d936fee23f0c45620cc2022871cc,2528513dd95219a6013d4d05176e391a,2017-12-06 22:31:25,599.0,30.64,2017-11-30,2017-12-06 22:31:25.000000,2026-08-27T05:17:09.287600+00:00,D:/D drive recovery/Shiva JH/Projects/OneLake Medallion/data/landing/2017-11-30/order_items.parquet,2017-11-30
0b05441635d9a251f9865b985bf985de,1,62644f19deb898e43ebdcd29ff3d9361,dd55f1bb788714a40e7954c3be6df745,2017-12-19 22:18:33,243.89,16.47,2017-12-12,2017-12-19 22:18:33.000000,2026-08-27T05:17:09.287600+00:00,D:/D drive recovery/Shiva JH/Projects/OneLake Medallion/data/landing/2017-12-12/order_items.parquet,2017-12-12
20059d45d5d6464cbf4fa0515c3830a4,1,9fa1e97015f5c5e76add50079bb0ab44,8931a84a914b3fe9b1ddaa4d704947ca,2017-12-19 02:33:31,369.0,17.33,2017-12-12,2017-12-19 02:33:31.000000,2026-08-27T05:17:09.287600+00:00,D:/D drive recovery/Shiva JH/Projects/OneLake Medallion/data/landing/2017-12-12/order_items.parquet,2017-12-12
2ed75ffbf396fcdc6341f17d1a16ef5d,1,fcf41b0fb1a95c8f66330d698d55a532,850f4f8af5ea87287ac68de36e29107f,2017-12-18 21:11:32,79.0,9.37,2017-12-12,2017-12-18 21:11:32.000000,2026-08-27T05:17:09.287600+00:00,D:/D drive recovery/Shiva JH/Projects/OneLake Medallion/data/landing/2017-12-12/order_items.parquet,2017-12-12
3bdebe4ea3f450a5d8f6c50f1771c9ef,1,08574b074924071f4e201e151b152b4e,001cca7ae9ae17fb1caed9dfb1094831,2017-12-18 22:10:50,99.0,41.08,2017-12-12,2017-12-18 22:10:50.000000,2026-08-27T05:17:09.287600+00:00,D:/D drive recovery/Shiva JH/Projects/OneLake Medallion/data/landing/2017-12-12/order_items.parquet,2017-12-12
9da6e3bacbae9dfb6f886b2fcdd80bcd,1,25b6dee1ad3c218c030f73d5acac19cc,a3a38f4affed601eb87a97788c949667,2017-12-18 01:47:12,239.9,14.83,2017-12-12,2017-12-18 01:47:12.000000,2026-08-27T05:17:09.287600+00:00,D:/D drive recovery/Shiva JH/Projects/OneLake Medallion/data/landing/2017-12-12/order_items.parquet,2017-12-12
aa04ee4542e835a3e6f4da876dc654c6,1,f89cd865cac300a9bf1320dd8f0fa223,8b321bb669392f5163d04c59e235e066,2017-12-18 15:50:48,11.55,7.78,2017-12-12,2017-12-18 15:50:48.000000,2026-08-27T05:17:09.287600+00:00,D:/D drive recovery/Shiva JH/Projects/OneLake Medallion/data/landing/2017-12-12/order_items.parquet,2017-12-12
676ad3c00d76971326e0e1a03f976e2c,1,5570e58fb62fc2a83e5bda3974e35be5,da8622b14eb17ae2831f4ac5b9dab84a,2017-12-29 13:38:19,99.9,12.4,2017-12-24,2017-12-29 13:38:19.000000,2026-08-27T05:17:09.287600+00:00,D:/D drive recovery/Shiva JH/Projects/OneLake Medallion/data/landing/2017-12-24/order_items.parquet,2017-12-24
773f350ab7f485f0d4aa1a095820fedd,1,6d7a4492be45dfb8e38e762efe6614a4,ea8482cd71df3c1969d7b9473ff13abc,2018-01-03 04:07:00,27.99,15.1,2017-12-24,2018-01-03 04:07:00.000000,2026-08-27T05:17:09.287600+00:00,D:/D drive recovery/Shiva JH/Projects/OneLake Medallion/data/landing/2017-12-24/order_items.parquet,2017-12-24
c274a2e17f75d6af15fc30bbdb0aa44c,1,f71a7c95a86564873cd996896b2976f6,955fee9216a65b617aa5c0531780ce60,2018-01-11 10:07:54,90.0,9.44,2018-01-05,2018-01-11 10:07:54.000000,2026-08-27T05:17:09.287600+00:00,D:/D drive recovery/Shiva JH/Projects/OneLake Medallion/data/landing/2018-01-05/order_items.parquet,2018-01-05
d42df8c4038c10f915f4b699279980c6,1,aabc408823496d430c4b0b85561403ad,bd0389da23d89b726abf911cccc54596,2018-01-12 18:37:25,59.9,12.55,2018-01-05,2018-01-12 18:37:25.000000,2026-08-27T05:17:09.287600+00:00,D:/D drive recovery/Shiva JH/Projects/OneLake Medallion/data/landing/2018-01-05/order_items.parquet,2018-01-05
3b98cf066d0d2a5121f8c95bd97816c0,1,52e9413ed0d3e64b796aac2bc2291d50,7f2617c58d5d06806987308b45654351,2018-01-25 02:37:14,149.9,14.8,2018-01-17,2018-01-25 02:37:14.000000,2026-08-27T05:17:09.287600+00:00,D:/D drive recovery/Shiva JH/Projects/OneLake Medallion/data/landing/2018-01-17/order_items.parquet,2018-01-17
45942e54bf1edb4b2c481b77f7f8486c,1,9456cf1bbafac590a3b7698a06cb190f,4e06067cc08b3f41d837768d392c3ee3,2018-01-23 19:10:39,7.0,14.1,2018-01-17,2018-01-23 19:10:39.000000,2026-08-27T05:17:09.287600+00:00,D:/D drive recovery/Shiva JH/Projects/OneLake Medallion/data/landing/2018-01-17/order_items.parquet,2018-01-17
6fac3b0946f1bea16dc2cd1cb032aa92,1,36ea81e90d1292dcdc3ad8abb09c20fe,a420f60ff1aa9acc80d0e42959f2b313,2018-01-25 09:30:52,73.5,17.76,2018-01-17,2018-01-25 09:30:52.000000,2026-08-27T05:17:09.287600+00:00,D:/D drive recovery/Shiva JH/Projects/OneLake Medallion/data/landing/2018-01-17/order_items.parquet,2018-01-17
d29eca3633b0b60adf268cae9133cd93,1,dc52f0f5d3ec37a93eaf956cde4e5d2c,6560211a19b47992c3666cc44a7e94c0,2018-01-23 23:50:02,49.0,7.78,2018-01-17,2018-01-23 23:50:02.000000,2026-08-27T05:17:09.287600+00:00,D:/D drive recovery/Shiva JH/Projects/OneLake Medallion/data/landing/2018-01-17/order_items.parquet,2018-01-17
6ac13251ad16b89d0610936bbe6a4d18,1,0efe972876d70927f5099b77f387c6c7,4a3ca9315b744ce9f8e9374361493884,2018-02-05 00:35:25,83.9,17.84,2018-01-29,2018-02-05 00:35:25.000000,2026-08-27T05:17:09.287600+00:00,D:/D drive recovery/Shiva JH/Projects/OneLake Medallion/data/landing/2018-01-29/order_items.parquet,2018-01-29
6d9288f26eeaab3874c5fd755cbfd448,1,e9775f87bb8e7d4b82128c9adda40669,2a84855fd20af891be03bc5924d2b453,2018-02-02 15:35:32,59.9,15.17,2018-01-29,2018-02-02 15:35:32.000000,2026-08-27T05:17:09.287600+00:00,D:/D drive recovery/Shiva JH/Projects/OneLake Medallion/data/landing/2018-01-29/order_items.parquet,2018-01-29
d99ec4acbeb86fccf934f257ebd6baa3,1,acdff5faea9652b2230cbcf4d475a220,ef0ace09169ac090589d85746e3e036f,2018-02-02 09:18:39,109.9,15.52,2018-01-29,2018-02-02 09:18:39.000000,2026-08-27T05:17:09.287600+00:00,D:/D drive recovery/Shiva JH/Projects/OneLake Medallion/data/landing/2018-01-29/order_items.parquet,2018-01-29
eae6a3184617bf13d153139ea39ba3a7,1,fc1d8637c0268af3db482c14b7ef8e75,da8622b14eb17ae2831f4ac5b9dab84a,2018-02-05 20:15:30,149.9,18.3,2018-01-29,2018-02-05 20:15:30.000000,2026-08-27T05:17:09.287600+00:00,D:/D drive recovery/Shiva JH/Projects/OneLake Medallion/data/landing/2018-01-29/order_items.parquet,2018-01-29
f9bec732ab454a0aa8d04a38af127a23,1,368c6c730842d78016ad823897a372db,1f50f920176fa81dab994f9023523100,2018-02-05 04:31:10,49.9,17.6,2018-01-29,2018-02-05 04:31:10.000000,2026-08-27T05:17:09.287600+00:00,D:/D drive recovery/Shiva JH/Projects/OneLake Medallion/data/landing/2018-01-29/order_items.parquet,2018-01-29
4103cb8c02ddae6eff9f233ba22ae0ad,1,815ab08327dd05cc75b2b67311f83239,1da3aeb70d7989d1e6d9b0e887f97c23,2018-02-15 19:05:29,10.99,14.1,2018-02-10,2018-02-15 19:05:29.000000,2026-08-27T05:17:09.287600+00:00,D:/D drive recovery/Shiva JH/Projects/OneLake Medallion/data/landing/2018-02-10/order_items.parquet,2018-02-10
50cc8ba47fc38dfed74c9482ff949a46,1,0b63f1722fa0d70cbe07b4ef00a5a544,0691148aee60ca47977c187804f935ae,2018-02-15 18:35:25,94.6,13.68,2018-02-10,2018-02-15 18:35:25.000000,2026-08-27T05:17:09.287600+00:00,D:/D drive recovery/Shiva JH/Projects/OneLake Medallion/data/landing/2018-02-10/order_items.parquet,2018-02-10
9914efa57f1a52e1c0a2735c0f927bbf,1,a67265ec07daf7b3d86238c34721f702,da8622b14eb17ae2831f4ac5b9dab84a,2018-02-15 21:50:31,169.9,25.63,2018-02-10,2018-02-15 21:50:31.000000,2026-08-27T05:17:09.287600+00:00,D:/D drive recovery/Shiva JH/Projects/OneLake Medallion/data/landing/2018-02-10/order_items.parquet,2018-02-10
9914efa57f1a52e1c0a2735c0f927bbf,2,7e33f4a1c59f89da30a335b2dc2de187,582d4f8675b945722eda7c0cb61ba4c7,2018-02-15 21:50:31,27.99,11.14,2018-02-10,2018-02-15 21:50:31.000000,2026-08-27T05:17:09.287600+00:00,D:/D drive recovery/Shiva JH/Projects/OneLake Medallion/data/landing/2018-02-10/order_items.parquet,2018-02-10
d5f958ee0f7fd3c31de97a5316655292,1,06f442515f5159d999a684dfdb881917,66922902710d126a0e7d26b0e3805106,2018-02-15 08:50:30,105.0,30.57,2018-02-10,2018-02-15 08:50:30.000000,2026-08-27T05:17:09.287600+00:00,D:/D drive recovery/Shiva JH/Projects/OneLake Medallion/data/landing/2018-02-10/order_items.parquet,2018-02-10
0799d89dedaf5ef08f3a90b967cb2ccd,1,cef9d587c2c31442c9b95eef617db1f4,822bad9bc42b51213ba522fe87b7ab5d,2018-02-28 18:55:31,219.0,17.97,2018-02-22,2018-02-28 18:55:31.000000,2026-08-27T05:17:09.287600+00:00,D:/D drive recovery/Shiva JH/Projects/OneLake Medallion/data/landing/2018-02-22/order_items.parquet,2018-02-22
12307610cd2009ccf90a8a4911bb14a8,1,ecf9484703bdfb9cfcc1ac9c2084b567,59b22a78efb79a4797979612b885db36,2018-02-28 02:10:46,265.0,44.22,2018-02-22,2018-02-28 02:10:46.000000,2026-08-27T05:17:09.287600+00:00,D:/D drive recovery/Shiva JH/Projects/OneLake Medallion/data/landing/2018-02-22/order_items.parquet,2018-02-22
2b8b7636f69e8dca87850024171a19fa,1,ac64ddbb3d1489f826dd59104c6b023f,7178f9f4dd81dcef02f62acdf8151e01,2018-03-05 22:08:21,99.0,17.13,2018-02-22,2018-03-05 22:08:21.000000,2026-08-27T05:17:09.287600+00:00,D:/D drive recovery/Shiva JH/Projects/OneLake Medallion/data/landing/2018-02-22/order_items.parquet,2018-02-22
661daf8e46d57f5f1b916c80f4129049,1,3c794d260ad4b5f507a5d90df23523bf,1bb2bdb95f4841f1bba2c0d2cd83d3c9,2018-02-28 10:09:47,24.95,15.1,2018-02-22,2018-02-28 10:09:47.000000,2026-08-27T05:17:09.287600+00:00,D:/D drive recovery/Shiva JH/Projects/OneLake Medallion/data/landing/2018-02-22/order_items.parquet,2018-02-22
6ca834e14df3fb5924d4e7fe551c80d9,1,7b5889ae43453cce7e93e2e32f97afc6,116ccb1a1604bc88e4d234a8c23f33de,2018-02-28 12:35:40,49.0,12.69,2018-02-22,2018-02-28 12:35:40.000000,2026-08-27T05:17:09.287600+00:00,D:/D drive recovery/Shiva JH/Projects/OneLake Medallion/data/landing/2018-02-22/order_items.parquet,2018-02-22
7a93a948d1378fc5fcfd0a09f00136c7,1,f264c1d9b20b5e4a340254d0405e613b,7a67c85e85bb2ce8582c35f2203ad736,2018-03-01 02:55:29,72.99,17.76,2018-02-22,2018-03-01 02:55:29.000000,2026-08-27T05:17:09.287600+00:00,D:/D drive recovery/Shiva JH/Projects/OneLake Medallion/data/landing/2018-02-22/order_items.parquet,2018-02-22
a940a94fdec511a582a6da00ff8520c7,1,848064637fb2f160e5456e94f1f58d5c,a3e9a2c700480d9bb01fba070ba80a0e,2018-02-28 20:56:06,65.0,23.32,2018-02-22,2018-02-28 20:56:06.000000,2026-08-27T05:17:09.287600+00:00,D:/D drive recovery/Shiva JH/Projects/OneLake Medallion/data/landing/2018-02-22/order_items.parquet,2018-02-22
d98e1bbea27add1b46f2f78aa0a3517b,1,53759a2ecddad2bb87a079a1f1519f73,1f50f920176fa81dab994f9023523100,2018-02-28 20:10:46,53.9,13.4,2018-02-22,2018-02-28 20:10:46.000000,2026-08-27T05:17:09.287600+00:00,D:/D drive recovery/Shiva JH/Projects/OneLake Medallion/data/landing/2018-02-22/order_items.parquet,2018-02-22
144c41d3111c8d2b0bdbf9232f2e0a78,1,f1fe595ee7ef768b41bd9b246d13432d,81a1104df0f08b59c68aa5b03cfe398e,2018-03-12 21:32:05,99.9,27.43,2018-03-06,2018-03-12 21:32:05.000000,2026-08-27T05:17:09.287600+00:00,D:/D drive recovery/Shiva JH/Projects/OneLake Medallion/data/landing/2018-03-06/order_items.parquet,2018-03-06
89ecd7cdfb061d3d0f81b26af772c80f,1,0e2d52789a024cfd6f9204778320a8e5,f181738b150df1f37cb0bd72e705b193,2018-03-14 02:16:06,225.0,27.0,2018-03-06,2018-03-14 02:16:06.000000,2026-08-27T05:17:09.287600+00:00,D:/D drive recovery/Shiva JH/Projects/OneLake Medallion/data/landing/2018-03-06/order_items.parquet,2018-03-06
92dfa5f3acdce1071906427ba5ee3c4f,1,943c812216923e4244e83099e0c62a08,5b8154610ebb21fb90eb587365e673df,2018-03-12 18:20:37,149.99,20.02,2018-03-06,2018-03-12 18:20:37.000000,2026-08-27T05:17:09.287600+00:00,D:/D drive recovery/Shiva JH/Projects/OneLake Medallion/data/landing/2018-03-06/order_items.parquet,2018-03-06
23a2d8b0357730d4f9c50aa48773e9e9,1,b43ceb87eafb3eb7ceab88d9dd8645af,83f2b4881141ce3fcd4e985125d3279e,2018-03-23 15:08:04,34.9,12.79,2018-03-18,2018-03-23 15:08:04.000000,2026-08-27T05:17:09.287600+00:00,D:/D drive recovery/Shiva JH/Projects/OneLake Medallion/data/landing/2018-03-18/order_items.parquet,2018-03-18
672171439e56578d2c9370fe77345a50,1,1b1e7f96bdba2a29b52f73065b193c26,7142540dd4c91e2237acb7e911c4eba2,2018-03-22 01:28:48,99.9,23.28,2018-03-18,2018-03-22 01:28:48.000000,2026-08-27T05:17:09.287600+00:00,D:/D drive recovery/Shiva JH/Projects/OneLake Medallion/data/landing/2018-03-18/order_items.parquet,2018-03-18
782b00205051ed11c71726e9554e788e,1,b8a0d73b2a06e7910d9864dccdb0cda2,620c87c171fb2a6dd6e8bb4dec959fc6,2018-03-22 23:07:44,59.9,17.02,2018-03-18,2018-03-22 23:07:44.000000,2026-08-27T05:17:09.287600+00:00,D:/D drive recovery/Shiva JH/Projects/OneLake Medallion/data/landing/2018-03-18/order_items.parquet,2018-03-18
84992c4145bf78ab42c0e997506e8ecf,1,f0606ca7e8022a81e0fa25ea3e334717,1da3aeb70d7989d1e6d9b0e887f97c23,2018-03-22 10:50:28,39.99,18.28,2018-03-18,2018-03-22 10:50:28.000000,2026-08-27T05:17:09.287600+00:00,D:/D drive recovery/Shiva JH/Projects/OneLake Medallion/data/landing/2018-03-18/order_items.parquet,2018-03-18
890e966b2b72ba13da8c01387874afee,1,0da9ffd92214425d880de3f94e74ce39,001cca7ae9ae17fb1caed9dfb1094831,2018-03-22 19:47:36,112.0,38.21,2018-03-18,2018-03-22 19:47:36.000000,2026-08-27T05:17:09.287600+00:00,D:/D drive recovery/Shiva JH/Projects/OneLake Medallion/data/landing/2018-03-18/order_items.parquet,2018-03-18
b1526a2bd67c99a417bbd10df7904bb0,1,389d119b48cf3043d311335e499d9c6b,1f50f920176fa81dab994f9023523100,2018-03-22 19:47:37,53.9,52.95,2018-03-18,2018-03-22 19:47:37.000000,2026-08-27T05:17:09.287600+00:00,D:/D drive recovery/Shiva JH/Projects/OneLake Medallion/data/landing/2018-03-18/order_items.parquet,2018-03-18
b29c6fe4cbadff8b38f96806127dfc53,1,ce6f74096c84567f22728c84f3d6e7fc,8160255418d5aaa7dbdc9f4c64ebda44,2018-03-22 15:15:32,109.9,14.86,2018-03-18,2018-03-22 15:15:32.000000,2026-08-27T05:17:09.287600+00:00,D:/D drive recovery/Shiva JH/Projects/OneLake Medallion/data/landing/2018-03-18/order_items.parquet,2018-03-18
93b9173d182af83f59074baf05d8c13e,1,5a42a6cbafa85310c1b2b0fa7dc6a8f6,0c7533c71df861ec58ad7ff999ed0e8d,2018-04-05 14:08:01,54.9,15.26,2018-03-30,2018-04-05 14:08:01.000000,2026-08-27T05:17:09.287600+00:00,D:/D drive recovery/Shiva JH/Projects/OneLake Medallion/data/landing/2018-03-30/order_items.parquet,2018-03-30
a7d69ce9d8cad8e7d9b48cbdfe236bff,1,4724ffa427f315c485e39b02e21859b2,955fee9216a65b617aa5c0531780ce60,2018-04-05 13:15:19,12.0,7.39,2018-03-30,2018-04-05 13:15:19.000000,2026-08-27T05:17:09.287600+00:00,D:/D drive recovery/Shiva JH/Projects/OneLake Medallion/data/landing/2018-03-30/order_items.parquet,2018-03-30
42eb921de62fe52db1e8954ac9971384,1,a88124e0b1d42ca7b0813a78ff630437,0b35c634521043bf4b47e21547b99ab5,2018-04-18 08:35:31,99.9,18.58,2018-04-11,2018-04-18 08:35:31.000000,2026-08-27T05:17:09.287600+00:00,D:/D drive recovery/Shiva JH/Projects/OneLake Medallion/data/landing/2018-04-11/order_items.parquet,2018-04-11
77b6edd13efe99269ef9b78006e133a3,1,3f3ea3e2bf902e8fa6748737a84f3c36,99002261c568a84cce14d43fcffb43ea,2018-04-19 15:52:26,110.0,24.9,2018-04-11,2018-04-19 15:52:26.000000,2026-08-27T05:17:09.287600+00:00,D:/D drive recovery/Shiva JH/Projects/OneLake Medallion/data/landing/2018-04-11/order_items.parquet,2018-04-11
8a1bc477742faefa8ff9f614dc582244,1,cb31577aa7edab333780a1a0cc41d94e,d566c37fa119d5e66c4e9052e83ee4ea,2018-04-17 13:50:41,67.9,8.88,2018-04-11,2018-04-17 13:50:41.000000,2026-08-27T05:17:09.287600+00:00,D:/D drive recovery/Shiva JH/Projects/OneLake Medallion/data/landing/2018-04-11/order_items.parquet,2018-04-11
ef121c337009d84eeb960c0890bf4666,1,89321f94e35fc6d7903d36f74e351d40,16090f2ca825584b5a147ab24aa30c86,2018-04-17 18:31:10,27.9,12.79,2018-04-11,2018-04-17 18:31:10.000000,2026-08-27T05:17:09.287600+00:00,D:/D drive recovery/Shiva JH/Projects/OneLake Medallion/data/landing/2018-04-11/order_items.parquet,2018-04-11
faef665b7a0746076cdba7746c217cb0,1,d5e448e00fb7c59b31e0f3e43c2de0d7,850f4f8af5ea87287ac68de36e29107f,2018-04-17 11:50:21,129.0,25.53,2018-04-11,2018-04-17 11:50:21.000000,2026-08-27T05:17:09.287600+00:00,D:/D drive recovery/Shiva JH/Projects/OneLake Medallion/data/landing/2018-04-11/order_items.parquet,2018-04-11
04105b54650921ca3246f52e6f175f46,1,aca2eb7d00ea1a7b8ebd4e68314663af,955fee9216a65b617aa5c0531780ce60,2018-04-27 09:31:35,69.9,0.0,2018-04-23,2018-04-27 09:31:35.000000,2026-08-27T05:17:09.287600+00:00,D:/D drive recovery/Shiva JH/Projects/OneLake Medallion/data/landing/2018-04-23/order_items.parquet,2018-04-23
27a0c2a00aa85ff8202e8bd9c7dbd829,1,fb0467f650186a474da44003e623a3c4,6edacfd9f9074789dad6d62ba7950b9c,2018-04-27 17:31:08,9.9,7.39,2018-04-23,2018-04-27 17:31:08.000000,2026-08-27T05:17:09.287600+00:00,D:/D drive recovery/Shiva JH/Projects/OneLake Medallion/data/landing/2018-04-23/order_items.parquet,2018-04-23
2ab340837ecacc1da5c088346b0d873b,1,8bf16c54c7994478e4df5de5baf54e2f,8931a84a914b3fe9b1ddaa4d704947ca,2018-04-27 08:32:01,249.0,8.61,2018-04-23,2018-04-27 08:32:01.000000,2026-08-27T05:17:09.287600+00:00,D:/D drive recovery/Shiva JH/Projects/OneLake Medallion/data/landing/2018-04-23/order_items.parquet,2018-04-23
a31f5683a88deb4bf8e6bb729d94a2c6,1,7fb7c9580222a2af9eb7a95a6ce85fc5,688756f717c462a206ad854c5027a64a,2018-04-30 16:31:38,28.99,18.23,2018-04-23,2018-04-30 16:31:38.000000,2026-08-27T05:17:09.287600+00:00,D:/D drive recovery/Shiva JH/Projects/OneLake Medallion/data/landing/2018-04-23/order_items.parquet,2018-04-23
b7e1823a1a3137ba666bef3dfbca19dd,1,ddb9028236525b8ab493fc24f99e8d1a,da8622b14eb17ae2831f4ac5b9dab84a,2018-04-27 08:31:28,149.9,12.24,2018-04-23,2018-04-27 08:31:28.000000,2026-08-27T05:17:09.287600+00:00,D:/D drive recovery/Shiva JH/Projects/OneLake Medallion/data/landing/2018-04-23/order_items.parquet,2018-04-23
b7e1823a1a3137ba666bef3dfbca19dd,2,e61c78a7343d82c0539d27df0f7dfc31,da8622b14eb17ae2831f4ac5b9dab84a,2018-04-27 08:31:28,199.9,21.21,2018-04-23,2018-04-27 08:31:28.000000,2026-08-27T05:17:09.287600+00:00,D:/D drive recovery/Shiva JH/Projects/OneLake Medallion/data/landing/2018-04-23/order_items.parquet,2018-04-23
b9f5ca0dd8ac07db0b02705dc2be4d21,1,4bdcd91fcab0b7401865fa7d7f916253,f918546be4bec7104d117789ba758b2b,2018-04-27 11:31:49,129.0,17.42,2018-04-23,2018-04-27 11:31:49.000000,2026-08-27T05:17:09.287600+00:00,D:/D drive recovery/Shiva JH/Projects/OneLake Medallion/data/landing/2018-04-23/order_items.parquet,2018-04-23
b9f5ca0dd8ac07db0b02705dc2be4d21,2,0654d3c1e3efc7e7cd9dbde9cb743df2,f918546be4bec7104d117789ba758b2b,2018-04-27 11:31:49,55.0,17.42,2018-04-23,2018-04-27 11:31:49.000000,2026-08-27T05:17:09.287600+00:00,D:/D drive recovery/Shiva JH/Projects/OneLake Medallion/data/landing/2018-04-23/order_items.parquet,2018-04-23
f80bab3b47910373b5d3a4a4963192e6,1,617186c3d97ea56c9c683a8a3974e8c1,cc419e0650a3c5ba77189a1882b7556a,2018-05-02 03:30:34,79.99,13.67,2018-04-23,2018-05-02 03:30:34.000000,2026-08-27T05:17:09.287600+00:00,D:/D drive recovery/Shiva JH/Projects/OneLake Medallion/data/landing/2018-04-23/order_items.parquet,2018-04-23
6aec640ac5495838d57e1f3009f99898,1,696c39c44288187022347dcb177ac304,97512d3fc193b2d1dfcdba0f9d1f0f8a,2018-05-14 03:52:12,63.99,23.03,2018-05-05,2018-05-14 03:52:12.000000,2026-08-27T05:17:09.287600+00:00,D:/D drive recovery/Shiva JH/Projects/OneLake Medallion/data/landing/2018-05-05/order_items.parquet,2018-05-05
bf0b0091259a3839db4a335aa1b4c8dd,1,595fac2a385ac33a80bd5114aec74eb8,ef0ace09169ac090589d85746e3e036f,2018-05-10 16:29:58,119.9,8.78,2018-05-05,2018-05-10 16:29:58.000000,2026-08-27T05:17:09.287600+00:00,D:/D drive recovery/Shiva JH/Projects/OneLake Medallion/data/landing/2018-05-05/order_items.parquet,2018-05-05
c7cf98eae37902869c4e92aeb9db5c72,1,595fac2a385ac33a80bd5114aec74eb8,ef0ace09169ac090589d85746e3e036f,2018-05-10 17:10:26,119.9,18.72,2018-05-05,2018-05-10 17:10:26.000000,2026-08-27T05:17:09.287600+00:00,D:/D drive recovery/Shiva JH/Projects/OneLake Medallion/data/landing/2018-05-05/order_items.parquet,2018-05-05
31bdd4abc4fb5fec0a5fa2a92af376b5,1,aadff88486740e0b0ebe2be6c09476ae,da8622b14eb17ae2831f4ac5b9dab84a,2018-05-23 00:55:31,29.9,18.23,2018-05-17,2018-05-23 00:55:31.000000,2026-08-27T05:17:09.287600+00:00,D:/D drive recovery/Shiva JH/Projects/OneLake Medallion/data/landing/2018-05-17/order_items.parquet,2018-05-17
387ab69cd89bb3ed95402ff3d7f50b94,1,84f456958365164420cfc80fbe4c7fab,4a3ca9315b744ce9f8e9374361493884,2018-05-24 00:15:15,92.0,11.6,2018-05-17,2018-05-24 00:15:15.000000,2026-08-27T05:17:09.287600+00:00,D:/D drive recovery/Shiva JH/Projects/OneLake Medallion/data/landing/2018-05-17/order_items.parquet,2018-05-17
9842c98fba6a3e74b785776cc72136f5,1,3e8dfc6cfd5a615318051a93140c0286,985c92cc412091f8529c12d7f23d3fef,2018-05-24 00:31:14,119.9,18.72,2018-05-17,2018-05-24 00:31:14.000000,2026-08-27T05:17:09.287600+00:00,D:/D drive recovery/Shiva JH/Projects/OneLake Medallion/data/landing/2018-05-17/order_items.parquet,2018-05-17
17c7d18b95217b2fbbc15a88ef4f564f,1,5ff6f5d729e40306d114d501700a838b,77e4abfd739aed9c46480f90f81c0eb4,2018-06-06 20:31:11,139.0,17.68,2018-05-29,2018-06-06 20:31:11.000000,2026-08-27T05:17:09.287600+00:00,D:/D drive recovery/Shiva JH/Projects/OneLake Medallion/data/landing/2018-05-29/order_items.parquet,2018-05-29
44a4b28fae9dd152c7102f54dcd723b9,1,a291cc846d74d97f01611894f983073b,de722cd6dad950a92b7d4f82673f8833,2018-06-07 14:52:27,189.9,82.49,2018-05-29,2018-06-07 14:52:27.000000,2026-08-27T05:17:09.287600+00:00,D:/D drive recovery/Shiva JH/Projects/OneLake Medallion/data/landing/2018-05-29/order_items.parquet,2018-05-29
a5016f72057fe780772bd4c88fa95951,1,2b104f2d1b2c3cc5a0cc98c1212e29c9,7040e82f899a04d1b434b795a43b4617,2018-06-07 02:31:55,34.9,13.71,2018-05-29,2018-06-07 02:31:55.000000,2026-08-27T05:17:09.287600+00:00,D:/D drive recovery/Shiva JH/Projects/OneLake Medallion/data/landing/2018-05-29/order_items.parquet,2018-05-29
c2b416c2ac6019a220bca3ef9ac48682,1,5db30faf301625dca549c9153f7499ec,516e7738bd8f735ac19a010ee5450d8d,2018-06-04 18:11:22,118.0,19.8,2018-05-29,2018-06-04 18:11:22.000000,2026-08-27T05:17:09.287600+00:00,D:/D drive recovery/Shiva JH/Projects/OneLake Medallion/data/landing/2018-05-29/order_items.parquet,2018-05-29
305117a349bea514f1b57f0d17aa7055,1,bb1c37586716dba1a3734d9137031e1e,213b25e6f54661939f11710a6fddb871,2018-06-19 20:57:49,41.95,12.79,2018-06-10,2018-06-19 20:57:49.000000,2026-08-27T05:17:09.287600+00:00,D:/D drive recovery/Shiva JH/Projects/OneLake Medallion/data/landing/2018-06-10/order_items.parquet,2018-06-10
305117a349bea514f1b57f0d17aa7055,2,bb1c37586716dba1a3734d9137031e1e,213b25e6f54661939f11710a6fddb871,2018-06-19 20:57:49,41.95,12.79,2018-06-10,2018-06-19 20:57:49.000000,2026-08-27T05:17:09.287600+00:00,D:/D drive recovery/Shiva JH/Projects/OneLake Medallion/data/landing/2018-06-10/order_items.parquet,2018-06-10
305117a349bea514f1b57f0d17aa7055,3,bb1c37586716dba1a3734d9137031e1e,213b25e6f54661939f11710a6fddb871,2018-06-19 20:57:49,41.95,12.79,2018-06-10,2018-06-19 20:57:49.000000,2026-08-27T05:17:09.287600+00:00,D:/D drive recovery/Shiva JH/Projects/OneLake Medallion/data/landing/2018-06-10/order_items.parquet,2018-06-10
38ef39ee8ebc5f492b0253bcd1213dcc,1,db8416b29581dc9ccea5e43e59fda317,afe0067131b73e40875c9b6c10bd2e21,2018-06-14 23:11:08,114.9,57.35,2018-06-10,2018-06-14 23:11:08.000000,2026-08-27T05:17:09.287600+00:00,D:/D drive recovery/Shiva JH/Projects/OneLake Medallion/data/landing/2018-06-10/order_items.parquet,2018-06-10
464903700caac1e06ce732afb660cfe2,1,cfb79bfbdaf59cfe2e9ae0a071451f32,f7ccf836d21b2fb1de37564105216cc1,2018-06-12 19:12:10,39.0,13.71,2018-06-10,2018-06-12 19:12:10.000000,2026-08-27T05:17:09.287600+00:00,D:/D drive recovery/Shiva JH/Projects/OneLake Medallion/data/landing/2018-06-10/order_items.parquet,2018-06-10
464903700caac1e06ce732afb660cfe2,2,29ed7e120478b8a6ab3aeb253c6c7220,e6a69c4a27dfdd98ffe5aa757ad744bc,2018-06-19 19:12:10,12.84,13.71,2018-06-10,2018-06-19 19:12:10.000000,2026-08-27T05:17:09.287600+00:00,D:/D drive recovery/Shiva JH/Projects/OneLake Medallion/data/landing/2018-06-10/order_items.parquet,2018-06-10
852d24d230e0038f83e1337c4ab06147,1,cc28e7bdcc3ea1721d32acf3724d99d0,af3ef48d0e13835e529c29ac573c63e5,2018-06-15 16:00:45,102.62,24.11,2018-06-10,2018-06-15 16:00:45.000000,2026-08-27T05:17:09.287600+00:00,D:/D drive recovery/Shiva JH/Projects/OneLake Medallion/data/landing/2018-06-10/order_items.parquet,2018-06-10
cdbce2d8fe4479ce0b9bbb32e0656e4a,1,e934947ca6b64f5a6d864e21dca13b73,640e21a7d01df7614a3b4923e990d40c,2018-06-13 19:51:42,52.58,22.95,2018-06-10,2018-06-13 19:51:42.000000,2026-08-27T05:17:09.287600+00:00,D:/D drive recovery/Shiva JH/Projects/OneLake Medallion/data/landing/2018-06-10/order_items.parquet,2018-06-10
046022868cf3fa04a308811fd6b0b282,1,6f62dd1f280a651e3334c84c4f1d96b6,2a84855fd20af891be03bc5924d2b453,2018-06-26 04:18:38,35.0,16.44,2018-06-22,2018-06-26 04:18:38.000000,2026-08-27T05:17:09.287600+00:00,D:/D drive recovery/Shiva JH/Projects/OneLake Medallion/data/landing/2018-06-22/order_items.parquet,2018-06-22
2966209e856b37a6b9be138d6d7910b5,1,ac8d637154b9a2717786c0f933d4c7da,c9c7905cffc4ef9ff9f113554423e671,2018-06-25 22:30:51,79.99,9.31,2018-06-22,2018-06-25 22:30:51.000000,2026-08-27T05:17:09.287600+00:00,D:/D drive recovery/Shiva JH/Projects/OneLake Medallion/data/landing/2018-06-22/order_items.parquet,2018-06-22
505f19ae28f4c808af9275206b5b7c49,1,7ccb753a501e816bd678657918276574,955fee9216a65b617aa5c0531780ce60,2018-06-25 21:17:43,99.99,17.91,2018-06-22,2018-06-25 21:17:43.000000,2026-08-27T05:17:09.287600+00:00,D:/D drive recovery/Shiva JH/Projects/OneLake Medallion/data/landing/2018-06-22/order_items.parquet,2018-06-22
517764046d20478235016a57ee3d7f4f,1,f9f8bd8b40b145240563d5e05ac4c75d,70c27847eca8195c983ed7e798c56743,2018-06-28 15:30:49,43.0,7.72,2018-06-22,2018-06-28 15:30:49.000000,2026-08-27T05:17:09.287600+00:00,D:/D drive recovery/Shiva JH/Projects/OneLake Medallion/data/landing/2018-06-22/order_items.parquet,2018-06-22
fd7d4eb658279656ec6fa1ff66620925,1,39678bc6ddb608fa59c306b78f51efe8,8b321bb669392f5163d04c59e235e066,2018-06-28 05:12:47,12.9,7.39,2018-06-22,2018-06-28 05:12:47.000000,2026-08-27T05:17:09.287600+00:00,D:/D drive recovery/Shiva JH/Projects/OneLake Medallion/data/landing/2018-06-22/order_items.parquet,2018-06-22
50f357099566f1be7abfaf8d9dc5b004,1,bcaa4355b2521984b94978febf3f2b10,bd4ff04377f974574f7f0bf9d6ce7dde,2016-10-21 16:34:06,39.99,11.81,2016-10-07,2016-10-21 16:34:06.000000,2026-08-27T05:17:09.287600+00:00,D:/D drive recovery/Shiva JH/Projects/OneLake Medallion/data/landing/2016-10-07/order_items.parquet,2016-10-07
95d31d53ccc53bca2c13fcd535d67526,1,d5f4f441812a9a67cf8fa6d6019192c8,b1fecf4da1fa2689bccffa0121953643,2016-10-11 14:52:27,174.9,17.65,2016-10-07,2016-10-11 14:52:27.000000,2026-08-27T05:17:09.287600+00:00,D:/D drive recovery/Shiva JH/Projects/OneLake Medallion/data/landing/2016-10-07/order_items.parquet,2016-10-07
fd4b04818375a4ba579a80c8d37f1b24,1,34239894e175b17d8c84edc6c73b4dad,827f8f69dfa529c561901c4f2e0f332f,2016-10-11 14:31:44,27.9,14.52,2016-10-07,2016-10-11 14:31:44.000000,2026-08-27T05:17:09.287600+00:00,D:/D drive recovery/Shiva JH/Projects/OneLake Medallion/data/landing/2016-10-07/order_items.parquet,2016-10-07
6f748695717d537b882406da58acefec,1,05fca08b4d54ab5d1d371db7d5534136,d03698c2efd04a549382afa6623e27fb,2017-01-16 20:28:10,161.55,21.58,2017-01-12,2017-01-16 20:28:10.000000,2026-08-27T05:17:09.287600+00:00,D:/D drive recovery/Shiva JH/Projects/OneLake Medallion/data/landing/2017-01-12/order_items.parquet,2017-01-12
6f748695717d537b882406da58acefec,2,05fca08b4d54ab5d1d371db7d5534136,d03698c2efd04a549382afa6623e27fb,2017-01-16 20:28:10,161.55,21.58,2017-01-12,2017-01-16 20:28:10.000000,2026-08-27T05:17:09.287600+00:00,D:/D drive recovery/Shiva JH/Projects/OneLake Medallion/data/landing/2017-01-12/order_items.parquet,2017-01-12
591634e3db632b8d5a60099a1b81cf7a,1,154e7e31ebfa092203795c972e5804a6,cc419e0650a3c5ba77189a1882b7556a,2017-02-12 19:47:13,19.99,14.52,2017-02-05,2017-02-12 19:47:13.000000,2026-08-27T05:17:09.287600+00:00,D:/D drive recovery/Shiva JH/Projects/OneLake Medallion/data/landing/2017-02-05/order_items.parquet,2017-02-05
6a38a689d8240ba6b2e79f89a9ecf5c2,1,ef79ec374ba852bbced7662285946619,6560211a19b47992c3666cc44a7e94c0,2017-02-22 06:39:19,199.0,16.69,2017-02-17,2017-02-22 06:39:19.000000,2026-08-27T05:17:09.287600+00:00,D:/D drive recovery/Shiva JH/Projects/OneLake Medallion/data/landing/2017-02-17/order_items.parquet,2017-02-17
81a6ac5a2e54ea1f2883d6054be7b339,1,5eaec7fd1d19f063638a519d473cb200,45d33f715e24d15a6ccf5c17b3a23e3c,2017-02-21 09:32:57,19.97,16.05,2017-02-17,2017-02-21 09:32:57.000000,2026-08-27T05:17:09.287600+00:00,D:/D drive recovery/Shiva JH/Projects/OneLake Medallion/data/landing/2017-02-17/order_items.parquet,2017-02-17
45b8bb0bfeacbf5aebe4c3f5cbcd2b06,1,c0c5899d3df29722ba3f12be79dfeb10,4e17c65a516f69d023a2ae78b84f28d6,2017-03-19 23:46:04,59.0,14.58,2017-03-13,2017-03-19 23:46:04.000000,2026-08-27T05:17:09.287600+00:00,D:/D drive recovery/Shiva JH/Projects/OneLake Medallion/data/landing/2017-03-13/order_items.parquet,2017-03-13
674e6f9346c417bc4de022b215ba282b,1,1d38e85c3c89665e3c1d5cc5e6a829d6,bfd27a966d91cfaafdb25d076585f0da,2017-03-20 02:05:23,54.0,11.77,2017-03-13,2017-03-20 02:05:23.000000,2026-08-27T05:17:09.287600+00:00,D:/D drive recovery/Shiva JH/Projects/OneLake Medallion/data/landing/2017-03-13/order_items.parquet,2017-03-13
a12361dc52836f98226e3a57cf3569bf,1,9328c3a5c42ae7b32d53e419f9b93d66,cca3071e3e9bb7d12640c9fbe2301306,2017-03-27 10:30:25,50.9,11.75,2017-03-13,2017-03-27 10:30:25.000000,2026-08-27T05:17:09.287600+00:00,D:/D drive recovery/Shiva JH/Projects/OneLake Medallion/data/landing/2017-03-13/order_items.parquet,2017-03-13
197fdb2270597913a3ba471f251d01c5,1,9a98180ffbd0765e89f11cc8dd2385f4,0c8380b62e38e8a1e6adbeba7eb9688c,2017-03-30 08:30:16,69.9,14.26,2017-03-25,2017-03-30 08:30:16.000000,2026-08-27T05:17:09.287600+00:00,D:/D drive recovery/Shiva JH/Projects/OneLake Medallion/data/landing/2017-03-25/order_items.parquet,2017-03-25
016b1af508245e59ef75d83e3fe20a92,1,601a360bd2a916ecef0e88de72a6531a,7a67c85e85bb2ce8582c35f2203ad736,2017-04-13 02:43:18,129.99,17.65,2017-04-06,2017-04-13 02:43:18.000000,2026-08-27T05:17:09.287600+00:00,D:/D drive recovery/Shiva JH/Projects/OneLake Medallion/data/landing/2017-04-06/order_items.parquet,2017-04-06
094af1d0ffa8afa4ddce0e4892491313,1,c6dd917a0be2a704582055949915ab32,7a67c85e85bb2ce8582c35f2203ad736,2017-04-12 17:15:25,99.99,19.4,2017-04-06,2017-04-12 17:15:25.000000,2026-08-27T05:17:09.287600+00:00,D:/D drive recovery/Shiva JH/Projects/OneLake Medallion/data/landing/2017-04-06/order_items.parquet,2017-04-06
44a04882ddb9f1358c4d11d83027bed3,1,0ee362737f0fade7293e5a4f375f2446,2528513dd95219a6013d4d05176e391a,2017-04-25 12:55:29,179.0,13.83,2017-04-18,2017-04-25 12:55:29.000000,2026-08-27T05:17:09.287600+00:00,D:/D drive recovery/Shiva JH/Projects/OneLake Medallion/data/landing/2017-04-18/order_items.parquet,2017-04-18
7d07b6c1321e0ae86b7d6205e015f0a1,1,f71973c922ccaab05514a36a8bc741b8,5dceca129747e92ff8ef7a997dc4f8ca,2017-04-27 02:55:40,109.9,37.17,2017-04-18,2017-04-27 02:55:40.000000,2026-08-27T05:17:09.287600+00:00,D:/D drive recovery/Shiva JH/Projects/OneLake Medallion/data/landing/2017-04-18/order_items.parquet,2017-04-18
7d07b6c1321e0ae86b7d6205e015f0a1,2,f71973c922ccaab05514a36a8bc741b8,5dceca129747e92ff8ef7a997dc4f8ca,2017-04-27 02:55:40,109.9,37.17,2017-04-18,2017-04-27 02:55:40.000000,2026-08-27T05:17:09.287600+00:00,D:/D drive recovery/Shiva JH/Projects/OneLake Medallion/data/landing/2017-04-18/order_items.parquet,2017-04-18
8bacc2f32b92ef5631a9c135352efee2,1,7a82832901d5f4cd314a4e102c47bd2b,9de4643a8dbde634fe55621059d92273,2017-04-25 22:55:24,37.99,29.55,2017-04-18,2017-04-25 22:55:24.000000,2026-08-27T05:17:09.287600+00:00,D:/D drive recovery/Shiva JH/Projects/OneLake Medallion/data/landing/2017-04-18/order_items.parquet,2017-04-18
58e005414df700025a261e572c2a9fc1,1,a869ec6209c361ca46dad85a5530e119,c3cfdc648177fdbbbb35635a37472c53,2017-05-22 18:02:34,169.9,21.68,2017-05-12,2017-05-22 18:02:34.000000,2026-08-27T05:17:09.287600+00:00,D:/D drive recovery/Shiva JH/Projects/OneLake Medallion/data/landing/2017-05-12/order_items.parquet,2017-05-12
9dad14cb70926812afb5ca62be79f298,1,c73628b1c3144b2e0c9c88072f21a213,3f995f07c49d0d55a99d5c54957f7d81,2017-05-18 19:02:53,99.0,7.95,2017-05-12,2017-05-18 19:02:53.000000,2026-08-27T05:17:09.287600+00:00,D:/D drive recovery/Shiva JH/Projects/OneLake Medallion/data/landing/2017-05-12/order_items.parquet,2017-05-12
162e41cca84030fa1901010d70ae0bed,1,bf467e0b677a9c83c0c71fc3b8f6f7d6,fa1c13f2614d7b5c4749cbc52fecda94,2017-05-31 16:22:42,125.93,14.63,2017-05-24,2017-05-31 16:22:42.000000,2026-08-27T05:17:09.287600+00:00,D:/D drive recovery/Shiva JH/Projects/OneLake Medallion/data/landing/2017-05-24/order_items.parquet,2017-05-24
7744b010dedfdb100e51ac9096022331,1,e338f548cda0b52650b9acfd317a74db,cab85505710c7cb9b720bceb52b01cee,2017-05-30 14:02:38,54.9,7.78,2017-05-24,2017-05-30 14:02:38.000000,2026-08-27T05:17:09.287600+00:00,D:/D drive recovery/Shiva JH/Projects/OneLake Medallion/data/landing/2017-05-24/order_items.parquet,2017-05-24
e2638c5bf9a25fab6628686b0ed83f9f,1,6405e17a3e8718d5316c5d644320f253,229c3efbfb0ea2058de4ccdfbc3d784a,2017-06-01 02:35:28,79.0,14.3,2017-05-24,2017-06-01 02:35:28.000000,2026-08-27T05:17:09.287600+00:00,D:/D drive recovery/Shiva JH/Projects/OneLake Medallion/data/landing/2017-05-24/order_items.parquet,2017-05-24
e2638c5bf9a25fab6628686b0ed83f9f,2,6405e17a3e8718d5316c5d644320f253,229c3efbfb0ea2058de4ccdfbc3d784a,2017-06-01 02:35:28,79.0,14.3,2017-05-24,2017-06-01 02:35:28.000000,2026-08-27T05:17:09.287600+00:00,D:/D drive recovery/Shiva JH/Projects/OneLake Medallion/data/landing/2017-05-24/order_items.parquet,2017-05-24
19179eded4e54ba2c63655b3708f4fc0,1,cdc67f292e1e8ca492ec7b16ab5bf299,dc4a0fc896dc34b0d5bfec8438291c80,2017-06-13 23:30:16,120.7,16.6,2017-06-05,2017-06-13 23:30:16.000000,2026-08-27T05:17:09.287600+00:00,D:/D drive recovery/Shiva JH/Projects/OneLake Medallion/data/landing/2017-06-05/order_items.parquet,2017-06-05
6122108ba6a69151ca91c80d6ce5eb75,1,617186c3d97ea56c9c683a8a3974e8c1,cc419e0650a3c5ba77189a1882b7556a,2017-06-13 21:45:16,84.99,15.34,2017-06-05,2017-06-13 21:45:16.000000,2026-08-27T05:17:09.287600+00:00,D:/D drive recovery/Shiva JH/Projects/OneLake Medallion/data/landing/2017-06-05/order_items.parquet,2017-06-05
7ecfa19903fa2693cf01e180885b6235,1,8e630a6101b33d99671d79b67b87052d,2528513dd95219a6013d4d05176e391a,2017-06-13 02:35:24,599.0,20.93,2017-06-05,2017-06-13 02:35:24.000000,2026-08-27T05:17:09.287600+00:00,D:/D drive recovery/Shiva JH/Projects/OneLake Medallion/data/landing/2017-06-05/order_items.parquet,2017-06-05
a544402adb66ebc329117c687bd975a2,1,39eef1b4d9ab7a5a121d3436b03ce7d3,f1ed6bd0a9b11b581f16c851c6a5a527,2017-06-15 18:45:44,79.9,18.8,2017-06-05,2017-06-15 18:45:44.000000,2026-08-27T05:17:09.287600+00:00,D:/D drive recovery/Shiva JH/Projects/OneLake Medallion/data/landing/2017-06-05/order_items.parquet,2017-06-05
5b6ef6be2fa71ebc92c95847830eb35f,1,0ac2a75d9c1e9688df3a7730a4ffad14,fc906263ca5083d09dce42fe02247800,2017-06-22 12:55:25,39.9,14.1,2017-06-17,2017-06-22 12:55:25.000000,2026-08-27T05:17:09.287600+00:00,D:/D drive recovery/Shiva JH/Projects/OneLake Medallion/data/landing/2017-06-17/order_items.parquet,2017-06-17
97b8a149d521ea9fbbbce767a458846e,1,fd0065af7f09af4b82a0ca8f3eed1852,b1b3948701c5c72445495bd161b83a4c,2017-06-26 11:24:00,1999.99,26.55,2017-06-17,2017-06-26 11:24:00.000000,2026-08-27T05:17:09.287600+00:00,D:/D drive recovery/Shiva JH/Projects/OneLake Medallion/data/landing/2017-06-17/order_items.parquet,2017-06-17
655352dd31829855980e8ba883725b47,1,a35a9f46dcee0a67c8c7ad8493eb4135,85d9eb9ddc5d00ca9336a2219c97bb13,2017-07-05 11:25:15,31.9,21.15,2017-06-29,2017-07-05 11:25:15.000000,2026-08-27T05:17:09.287600+00:00,D:/D drive recovery/Shiva JH/Projects/OneLake Medallion/data/landing/2017-06-29/order_items.parquet,2017-06-29
993628d27f2ae9981422ecb389adfa59,1,9cb67ae6cec5627ef21cbadcdb357054,542917da124346b47ea1ac79a93ce454,2017-07-05 09:50:12,102.0,15.46,2017-06-29,2017-07-05 09:50:12.000000,2026-08-27T05:17:09.287600+00:00,D:/D drive recovery/Shiva JH/Projects/OneLake Medallion/data/landing/2017-06-29/order_items.parquet,2017-06-29
c26b94aa87e95d1c1eb1b592f43eb223,1,99a4788cb24856965c36a24e339b6058,4a3ca9315b744ce9f8e9374361493884,2017-07-05 00:23:33,89.9,12.13,2017-06-29,2017-07-05 00:23:33.000000,2026-08-27T05:17:09.287600+00:00,D:/D drive recovery/Shiva JH/Projects/OneLake Medallion/data/landing/2017-06-29/order_items.parquet,2017-06-29
c26b94aa87e95d1c1eb1b592f43eb223,2,35afc973633aaeb6b877ff57b2793310,4a3ca9315b744ce9f8e9374361493884,2017-07-05 00:23:33,89.9,12.13,2017-06-29,2017-07-05 00:23:33.000000,2026-08-27T05:17:09.287600+00:00,D:/D drive recovery/Shiva JH/Projects/OneLake Medallion/data/landing/2017-06-29/order_items.parquet,2017-06-29
07429f7601b56a66d1854c79a2f5c9e5,1,a04a2402a7774ba53d10ed2ce29715e3,17ca9b9e9b9ef8fdb529001b49ebb50f,2017-07-17 09:50:30,99.97,16.14,2017-07-11,2017-07-17 09:50:30.000000,2026-08-27T05:17:09.287600+00:00,D:/D drive recovery/Shiva JH/Projects/OneLake Medallion/data/landing/2017-07-11/order_items.parquet,2017-07-11
07429f7601b56a66d1854c79a2f5c9e5,2,a04a2402a7774ba53d10ed2ce29715e3,17ca9b9e9b9ef8fdb529001b49ebb50f,2017-07-17 09:50:30,99.97,16.14,2017-07-11,2017-07-17 09:50:30.000000,2026-08-27T05:17:09.287600+00:00,D:/D drive recovery/Shiva JH/Projects/OneLake Medallion/data/landing/2017-07-11/order_items.parquet,2017-07-11
2283bc123debf0264cfbdef89f109122,1,656e0eca68dcecf6a31b8ececfabe3e8,9c0e69c7bf2619675bbadf47b43f655a,2017-07-17 01:45:07,109.9,15.52,2017-07-11,2017-07-17 01:45:07.000000,2026-08-27T05:17:09.287600+00:00,D:/D drive recovery/Shiva JH/Projects/OneLake Medallion/data/landing/2017-07-11/order_items.parquet,2017-07-11
6a98e607278ee9f5ad38602191a60843,1,1139f00effbb6523b59f6e6ebddc6d44,440dd6ab244315c632130ecfb63827b1,2017-07-17 10:23:41,270.0,24.76,2017-07-11,2017-07-17 10:23:41.000000,2026-08-27T05:17:09.287600+00:00,D:/D drive recovery/Shiva JH/Projects/OneLake Medallion/data/landing/2017-07-11/order_items.parquet,2017-07-11
9e13610356ba6774adf5c06c32f8448f,1,f1c7f353075ce59d8a6f3cf58f419c9c,37be5a7c751166fbc5f8ccba4119e043,2017-07-19 14:55:21,205.0,18.14,2017-07-11,2017-07-19 14:55:21.000000,2026-08-27T05:17:09.287600+00:00,D:/D drive recovery/Shiva JH/Projects/OneLake Medallion/data/landing/2017-07-11/order_items.parquet,2017-07-11
d9f085069cebe18379f8a966f47e4cbe,1,2136c70bbe723d338fab53da3c03e6dc,6560211a19b47992c3666cc44a7e94c0,2017-07-17 21:35:11,29.0,14.1,2017-07-11,2017-07-17 21:35:11.000000,2026-08-27T05:17:09.287600+00:00,D:/D drive recovery/Shiva JH/Projects/OneLake Medallion/data/landing/2017-07-11/order_items.parquet,2017-07-11
6d25b49ec255fb0bffe632d77a6345ec,1,6dde44b4172999f35f08654d06bad633,7c67e1448b00f6e969d365cea6b010ab,2017-08-18 10:15:32,219.99,35.7,2017-08-04,2017-08-18 10:15:32.000000,2026-08-27T05:17:09.287600+00:00,D:/D drive recovery/Shiva JH/Projects/OneLake Medallion/data/landing/2017-08-04/order_items.parquet,2017-08-04
6d25b49ec255fb0bffe632d77a6345ec,2,6dde44b4172999f35f08654d06bad633,7c67e1448b00f6e969d365cea6b010ab,2017-08-18 10:15:32,219.99,35.7,2017-08-04,2017-08-18 10:15:32.000000,2026-08-27T05:17:09.287600+00:00,D:/D drive recovery/Shiva JH/Projects/OneLake Medallion/data/landing/2017-08-04/order_items.parquet,2017-08-04
f2664c7a8066f3a82b36c7c8f916eab4,1,3a135477bf41350a0b1d8afdf616d446,48436dade18ac8b2bce089ec2a041202,2017-08-09 21:05:18,144.9,27.55,2017-08-04,2017-08-09 21:05:18.000000,2026-08-27T05:17:09.287600+00:00,D:/D drive recovery/Shiva JH/Projects/OneLake Medallion/data/landing/2017-08-04/order_items.parquet,2017-08-04
0e4e2b4f0485ebee2020fa22ebe41766,1,0aabfb375647d9738ad0f7b4ea3653b1,37515688008a7a40ac93e3b2e4ab203f,2017-08-22 09:25:21,19.9,15.1,2017-08-16,2017-08-22 09:25:21.000000,2026-08-27T05:17:09.287600+00:00,D:/D drive recovery/Shiva JH/Projects/OneLake Medallion/data/landing/2017-08-16/order_items.parquet,2017-08-16
2fb7dfe5fec51c8a96ee5349c1faf9c0,1,389d119b48cf3043d311335e499d9c6b,1f50f920176fa81dab994f9023523100,2017-08-22 11:45:14,59.9,13.44,2017-08-16,2017-08-22 11:45:14.000000,2026-08-27T05:17:09.287600+00:00,D:/D drive recovery/Shiva JH/Projects/OneLake Medallion/data/landing/2017-08-16/order_items.parquet,2017-08-16
2fb7dfe5fec51c8a96ee5349c1faf9c0,2,389d119b48cf3043d311335e499d9c6b,1f50f920176fa81dab994f9023523100,2017-08-22 11:45:14,59.9,13.44,2017-08-16,2017-08-22 11:45:14.000000,2026-08-27T05:17:09.287600+00:00,D:/D drive recovery/Shiva JH/Projects/OneLake Medallion/data/landing/2017-08-16/order_items.parquet,2017-08-16
311354a710a3326281f5ce1ff0149d09,1,25f86162fee18735fffdb762dcb10d7c,1a3df491d1c4f1589fc2b934ada68bf2,2017-08-23 17:30:19,159.9,18.37,2017-08-16,2017-08-23 17:30:19.000000,2026-08-27T05:17:09.287600+00:00,D:/D drive recovery/Shiva JH/Projects/OneLake Medallion/data/landing/2017-08-16/order_items.parquet,2017-08-16
3c04118e4788bb999f7371015e3dbdbe,1,b71ed32edb9ce4684e10a11309011b60,5a93f3ab0ef4c84ed5e1b5dbf23978bc,2017-08-30 18:24:43,10.0,11.85,2017-08-16,2017-08-30 18:24:43.000000,2026-08-27T05:17:09.287600+00:00,D:/D drive recovery/Shiva JH/Projects/OneLake Medallion/data/landing/2017-08-16/order_items.parquet,2017-08-16
9993e9c87a491b66f16f75f61d99fb61,1,8a8f06e954adeacfeb28b9af2efdc354,46dc3b2cc0980fb8ec44634e21d2718e,2017-08-23 17:30:21,699.99,98.2,2017-08-16,2017-08-23 17:30:21.000000,2026-08-27T05:17:09.287600+00:00,D:/D drive recovery/Shiva JH/Projects/OneLake Medallion/data/landing/2017-08-16/order_items.parquet,2017-08-16
9fe7878dd156cead30e4d3005fb93de7,1,2442a59b08910404b77c87210a0757b5,ef506c96320abeedfb894c34db06f478,2017-08-24 02:26:04,25.99,11.85,2017-08-16,2017-08-24 02:26:04.000000,2026-08-27T05:17:09.287600+00:00,D:/D drive recovery/Shiva JH/Projects/OneLake Medallion/data/landing/2017-08-16/order_items.parquet,2017-08-16
9fe7878dd156cead30e4d3005fb93de7,2,2442a59b08910404b77c87210a0757b5,ef506c96320abeedfb894c34db06f478,2017-08-24 02:26:04,25.99,11.85,2017-08-16,2017-08-24 02:26:04.000000,2026-08-27T05:17:09.287600+00:00,D:/D drive recovery/Shiva JH/Projects/OneLake Medallion/data/landing/2017-08-16/order_items.parquet,2017-08-16
ad267363f417fe1945d534f8df659562,1,ec96b7b4e1401281edb9465d0d689cae,5011f0d93373a4c5753adf58ca77af8d,2017-08-23 02:55:15,34.99,16.11,2017-08-16,2017-08-23 02:55:15.000000,2026-08-27T05:17:09.287600+00:00,D:/D drive recovery/Shiva JH/Projects/OneLake Medallion/data/landing/2017-08-16/order_items.parquet,2017-08-16
ad267363f417fe1945d534f8df659562,2,ec96b7b4e1401281edb9465d0d689cae,5011f0d93373a4c5753adf58ca77af8d,2017-08-23 02:55:15,34.99,16.11,2017-08-16,2017-08-23 02:55:15.000000,2026-08-27T05:17:09.287600+00:00,D:/D drive recovery/Shiva JH/Projects/OneLake Medallion/data/landing/2017-08-16/order_items.parquet,2017-08-16
ad267363f417fe1945d534f8df659562,3,ec96b7b4e1401281edb9465d0d689cae,5011f0d93373a4c5753adf58ca77af8d,2017-08-23 02:55:15,34.99,16.11,2017-08-16,2017-08-23 02:55:15.000000,2026-08-27T05:17:09.287600+00:00,D:/D drive recovery/Shiva JH/Projects/OneLake Medallion/data/landing/2017-08-16/order_items.parquet,2017-08-16
fa0ee03f451f7e7f2df9fda0a1496bc0,1,6eb6c5cb7df0f863538b61a47fcce962,fe2032dab1a61af8794248c8196565c9,2017-08-22 13:50:06,145.0,9.21,2017-08-16,2017-08-22 13:50:06.000000,2026-08-27T05:17:09.287600+00:00,D:/D drive recovery/Shiva JH/Projects/OneLake Medallion/data/landing/2017-08-16/order_items.parquet,2017-08-16
0d7409418627f0c642e73823145c505b,1,985c412b0ac92ed9d8a76bbeab6d44eb,1554a68530182680ad5c8b042c3ab563,2017-09-01 15:25:31,68.9,19.72,2017-08-28,2017-09-01 15:25:31.000000,2026-08-27T05:17:09.287600+00:00,D:/D drive recovery/Shiva JH/Projects/OneLake Medallion/data/landing/2017-08-28/order_items.parquet,2017-08-28
c0fb1f0e7d72b79458a1e6a9b8165488,1,5c78cd7b50ea28c57bfe6cd09700dcb8,70a12e78e608ac31179aea7f8422044b,2017-09-01 08:55:21,149.0,15.79,2017-08-28,2017-09-01 08:55:21.000000,2026-08-27T05:17:09.287600+00:00,D:/D drive recovery/Shiva JH/Projects/OneLake Medallion/data/landing/2017-08-28/order_items.parquet,2017-08-28
5b249d0d2a393d918ffae8d9de5dfb4c,1,ef335a744a67679ed37e8698353dfc95,954e95f20808d7e5d11f0de292d078e0,2017-09-14 13:05:09,39.9,42.76,2017-09-09,2017-09-14 13:05:09.000000,2026-08-27T05:17:09.287600+00:00,D:/D drive recovery/Shiva JH/Projects/OneLake Medallion/data/landing/2017-09-09/order_items.parquet,2017-09-09
5b249d0d2a393d918ffae8d9de5dfb4c,2,ef335a744a67679ed37e8698353dfc95,954e95f20808d7e5d11f0de292d078e0,2017-09-14 13:05:09,39.9,42.76,2017-09-09,2017-09-14 13:05:09.000000,2026-08-27T05:17:09.287600+00:00,D:/D drive recovery/Shiva JH/Projects/OneLake Medallion/data/landing/2017-09-09/order_items.parquet,2017-09-09
9686875d0d9dcbe392244b6773605882,1,8c81b8075a4b824afebae3dc276889eb,f5f2ab9bdb6b30c14c61be68c5ed37da,2017-09-14 12:55:14,62.2,16.2,2017-09-09,2017-09-14 12:55:14.000000,2026-08-27T05:17:09.287600+00:00,D:/D drive recovery/Shiva JH/Projects/OneLake Medallion/data/landing/2017-09-09/order_items.parquet,2017-09-09
1a1aa9714d0f88e8a2b20b0c7c037d0b,1,d81cbbaeb38bdc56879d408d7f607b0e,6902157ee16728322d61a1321fa79e58,2017-10-02 02:25:59,79.9,15.31,2017-09-21,2017-10-02 02:25:59.000000,2026-08-27T05:17:09.287600+00:00,D:/D drive recovery/Shiva JH/Projects/OneLake Medallion/data/landing/2017-09-21/order_items.parquet,2017-09-21
52111a53370a73bd98fdd7144c9129e7,1,7248b99ff380f23a1094ff737a1112fb,1900267e848ceeba8fa32d80c1a5f5a8,2017-09-27 13:25:55,104.99,13.75,2017-09-21,2017-09-27 13:25:55.000000,2026-08-27T05:17:09.287600+00:00,D:/D drive recovery/Shiva JH/Projects/OneLake Medallion/data/landing/2017-09-21/order_items.parquet,2017-09-21
55826c853b7245fee48da8b2539b6944,1,657247f6f60543b93e3cc708a8e6329c,7ddcbb64b5bc1ef36ca8c151f6ec77df,2017-09-28 12:44:19,294.99,26.58,2017-09-21,2017-09-28 12:44:19.000000,2026-08-27T05:17:09.287600+00:00,D:/D drive recovery/Shiva JH/Projects/OneLake Medallion/data/landing/2017-09-21/order_items.parquet,2017-09-21
90289a17e4361481e6880e751590f140,1,50b2ddbf47bd0b8eecabb404613e2a45,259f7b5e6e482c230e5bfaa670b6bb8f,2017-09-28 08:25:14,39.9,11.73,2017-09-21,2017-09-28 08:25:14.000000,2026-08-27T05:17:09.287600+00:00,D:/D drive recovery/Shiva JH/Projects/OneLake Medallion/data/landing/2017-09-21/order_items.parquet,2017-09-21
07dcf38560b8c50e101b3281edda6112,1,083ffd30820b592e294de7ed668ff975,f8db351d8c4c4c22c6835c19a46f01b0,2017-10-10 02:49:20,45.9,11.85,2017-10-03,2017-10-10 02:49:20.000000,2026-08-27T05:17:09.287600+00:00,D:/D drive recovery/Shiva JH/Projects/OneLake Medallion/data/landing/2017-10-03/order_items.parquet,2017-10-03
1e54ddebe12a41afeba0ff4dff0613f8,1,389d119b48cf3043d311335e499d9c6b,1f50f920176fa81dab994f9023523100,2017-10-09 07:49:10,59.9,17.67,2017-10-03,2017-10-09 07:49:10.000000,2026-08-27T05:17:09.287600+00:00,D:/D drive recovery/Shiva JH/Projects/OneLake Medallion/data/landing/2017-10-03/order_items.parquet,2017-10-03
8c7b47a875c412c4303eefc88e9d92c9,1,5c692818d313aa12864b48ac0c2472c2,6560211a19b47992c3666cc44a7e94c0,2017-10-10 20:49:32,29.0,14.1,2017-10-03,2017-10-10 20:49:32.000000,2026-08-27T05:17:09.287600+00:00,D:/D drive recovery/Shiva JH/Projects/OneLake Medallion/data/landing/2017-10-03/order_items.parquet,2017-10-03
e1171120e3b1615034d5372b0d3254a7,1,617186c3d97ea56c9c683a8a3974e8c1,cc419e0650a3c5ba77189a1882b7556a,2017-10-11 17:24:46,84.99,15.34,2017-10-03,2017-10-11 17:24:46.000000,2026-08-27T05:17:09.287600+00:00,D:/D drive recovery/Shiva JH/Projects/OneLake Medallion/data/landing/2017-10-03/order_items.parquet,2017-10-03
e2c195168dcfb7f5465c1b342ac094ee,1,797db4aaf1d7db19f13d21423f07b8e1,2fdde51ad3e12f297da656d4fbd5d0b5,2017-10-16 13:35:18,1490.0,115.14,2017-10-03,2017-10-16 13:35:18.000000,2026-08-27T05:17:09.287600+00:00,D:/D drive recovery/Shiva JH/Projects/OneLake Medallion/data/landing/2017-10-03/order_items.parquet,2017-10-03
f7c983ea77108633138dd0ff5e2fbd3a,1,218f5d32f520df3b8517cdd86da09466,44f091b5abab8018f682fce8124b85e5,2017-10-10 02:43:39,229.9,26.06,2017-10-03,2017-10-10 02:43:39.000000,2026-08-27T05:17:09.287600+00:00,D:/D drive recovery/Shiva JH/Projects/OneLake Medallion/data/landing/2017-10-03/order_items.parquet,2017-10-03
fda140e135ccab872e95fb03e76ba27a,1,3410cbd7df2130ec3cb9300ef0fe3df1,165fc07beebdcb6190fba8a06db2a449,2017-10-09 13:07:21,59.0,17.98,2017-10-03,2017-10-09 13:07:21.000000,2026-08-27T05:17:09.287600+00:00,D:/D drive recovery/Shiva JH/Projects/OneLake Medallion/data/landing/2017-10-03/order_items.parquet,2017-10-03
862492c97a277f223e8cb4d665d80c0a,1,13befae9b3fb34c439cf4744fd18dfa7,d2374cbcbb3ca4ab1086534108cc3ab7,2017-10-23 03:46:09,18.9,11.85,2017-10-15,2017-10-23 03:46:09.000000,2026-08-27T05:17:09.287600+00:00,D:/D drive recovery/Shiva JH/Projects/OneLake Medallion/data/landing/2017-10-15/order_items.parquet,2017-10-15
d76365196bbcbd01da5825472503cf32,1,e43443a05db61acfccaca5876b804ba7,5f7300535881cef3b625fd683cf7d145,2017-10-19 23:27:10,29.9,16.11,2017-10-15,2017-10-19 23:27:10.000000,2026-08-27T05:17:09.287600+00:00,D:/D drive recovery/Shiva JH/Projects/OneLake Medallion/data/landing/2017-10-15/order_items.parquet,2017-10-15
1457abef78cd241e85fd946503cb4e16,1,a5215a7a9f46c4185b12f38e9ddf2abc,53243585a1d6dc2643021fd1853d8905,2017-11-03 13:30:09,1340.0,33.83,2017-10-27,2017-11-03 13:30:09.000000,2026-08-27T05:17:09.287600+00:00,D:/D drive recovery/Shiva JH/Projects/OneLake Medallion/data/landing/2017-10-27/order_items.parquet,2017-10-27
60a348897e04524c8ab3287426da6417,1,f7bd9877cbaebdd3c596190ac46802b9,5b581417df4480f632484ba681e53944,2017-11-03 12:47:53,159.0,16.55,2017-10-27,2017-11-03 12:47:53.000000,2026-08-27T05:17:09.287600+00:00,D:/D drive recovery/Shiva JH/Projects/OneLake Medallion/data/landing/2017-10-27/order_items.parquet,2017-10-27
7ecd6da80b57a803fc59819f59bcdc4b,1,fecf6223a3494f35362f670e571d2a04,3db66a856d18a9cba7c9241fc5221c50,2017-11-22 11:55:22,69.9,16.25,2017-10-27,2017-11-22 11:55:22.000000,2026-08-27T05:17:09.287600+00:00,D:/D drive recovery/Shiva JH/Projects/OneLake Medallion/data/landing/2017-10-27/order_items.parquet,2017-10-27
b36055b266e36286316fa70c35de581a,1,ec2f95440d5e5376e3a25c8106f5ba76,b2ba3715d723d245138f291a6fe42594,2017-11-03 03:06:51,199.9,15.15,2017-10-27,2017-11-03 03:06:51.000000,2026-08-27T05:17:09.287600+00:00,D:/D drive recovery/Shiva JH/Projects/OneLake Medallion/data/landing/2017-10-27/order_items.parquet,2017-10-27
ce6615d572a95ae4df7bcb227fa4d3a0,1,13fd915e499b787f1f4c9dbb231d0d4c,b499c00f28f4b7069ff6550af8c1348a,2017-11-03 17:30:12,29.99,15.1,2017-10-27,2017-11-03 17:30:12.000000,2026-08-27T05:17:09.287600+00:00,D:/D drive recovery/Shiva JH/Projects/OneLake Medallion/data/landing/2017-10-27/order_items.parquet,2017-10-27
1446f87ab63443ca948c7faa3d7ef194,1,84d587fc7738e0359fa9ec3e9620c45c,76d64c4aca3a7baf218bf93ef7fa768d,2017-11-14 15:26:26,64.9,14.64,2017-11-08,2017-11-14 15:26:26.000000,2026-08-27T05:17:09.287600+00:00,D:/D drive recovery/Shiva JH/Projects/OneLake Medallion/data/landing/2017-11-08/order_items.parquet,2017-11-08
1446f87ab63443ca948c7faa3d7ef194,2,5ad067c2cc9aa18ee03b9ccb5dbd8f8b,dee656f0f566ed1aa85bd137c943f08f,2017-11-14 15:26:26,14.99,14.64,2017-11-08,2017-11-14 15:26:26.000000,2026-08-27T05:17:09.287600+00:00,D:/D drive recovery/Shiva JH/Projects/OneLake Medallion/data/landing/2017-11-08/order_items.parquet,2017-11-08
4316bb50be3f59538c354e3d820f1d9c,1,431d674f9a4fbd0957ecf6ba3fcb6899,53243585a1d6dc2643021fd1853d8905,2017-11-14 16:55:56,289.0,16.77,2017-11-08,2017-11-14 16:55:56.000000,2026-08-27T05:17:09.287600+00:00,D:/D drive recovery/Shiva JH/Projects/OneLake Medallion/data/landing/2017-11-08/order_items.parquet,2017-11-08
3a20bcc250e5404ca717dfa90e8a9c05,1,5b2b72f58d212a6e4733884ef0ece564,dc4a0fc896dc34b0d5bfec8438291c80,2017-11-24 13:37:25,233.35,16.37,2017-11-20,2017-11-24 13:37:25.000000,2026-08-27T05:17:09.287600+00:00,D:/D drive recovery/Shiva JH/Projects/OneLake Medallion/data/landing/2017-11-20/order_items.parquet,2017-11-20
3a20bcc250e5404ca717dfa90e8a9c05,2,c686d4fd1e845efd1b98db8220f0af3b,8160255418d5aaa7dbdc9f4c64ebda44,2017-11-24 13:37:25,198.9,16.38,2017-11-20,2017-11-24 13:37:25.000000,2026-08-27T05:17:09.287600+00:00,D:/D drive recovery/Shiva JH/Projects/OneLake Medallion/data/landing/2017-11-20/order_items.parquet,2017-11-20
6951c3fa48b145ff2b579b11554d8116,1,127d3b28487be63864af02f25333decd,b76dba6c951ab00dc4edf0a1aa88037e,2017-11-24 20:13:30,16.97,14.1,2017-11-20,2017-11-24 20:13:30.000000,2026-08-27T05:17:09.287600+00:00,D:/D drive recovery/Shiva JH/Projects/OneLake Medallion/data/landing/2017-11-20/order_items.parquet,2017-11-20
88355d23a2bdd3a707ab181aef5411e8,1,277bf2ba07ff0451aa37701b45aad827,6b536a23086fba0d58c08d68814397f6,2017-11-24 12:17:29,79.0,12.01,2017-11-20,2017-11-24 12:17:29.000000,2026-08-27T05:17:09.287600+00:00,D:/D drive recovery/Shiva JH/Projects/OneLake Medallion/data/landing/2017-11-20/order_items.parquet,2017-11-20
feebc8143071c1f555cbce155a2d8295,1,a87972100f1fa4091a86d6801620656d,725c32fa80c2faacc4fc88450d27314e,2017-11-28 02:47:21,34.99,15.1,2017-11-20,2017-11-28 02:47:21.000000,2026-08-27T05:17:09.287600+00:00,D:/D drive recovery/Shiva JH/Projects/OneLake Medallion/data/landing/2017-11-20/order_items.parquet,2017-11-20
205e94cc10bf8b9be1917d15963e6648,1,b5adf7b72a7eb667aafd446581c35f3f,b33e7c55446eabf8fe1a42d037ac7d6d,2017-12-07 11:18:28,259.99,16.57,2017-12-02,2017-12-07 11:18:28.000000,2026-08-27T05:17:09.287600+00:00,D:/D drive recovery/Shiva JH/Projects/OneLake Medallion/data/landing/2017-12-02/order_items.parquet,2017-12-02
284a65b124f634fdf426aa8e768fe8ab,1,2423252b2432f1803e4f29e0974c6cf7,5f2684dab12e59f83bef73ae57724e45,2017-12-07 21:40:52,169.9,20.43,2017-12-02,2017-12-07 21:40:52.000000,2026-08-27T05:17:09.287600+00:00,D:/D drive recovery/Shiva JH/Projects/OneLake Medallion/data/landing/2017-12-02/order_items.parquet,2017-12-02
80242ba2ebddeb4f86af40cd158ff6fc,1,7ff398be53b9d0ce7eb2b2e934696b15,582d4f8675b945722eda7c0cb61ba4c7,2017-12-07 09:09:18,14.99,11.85,2017-12-02,2017-12-07 09:09:18.000000,2026-08-27T05:17:09.287600+00:00,D:/D drive recovery/Shiva JH/Projects/OneLake Medallion/data/landing/2017-12-02/order_items.parquet,2017-12-02
b7500c718b66aa61283dcc1565a39bf0,1,f4f67ccaece962d013a4e1d7dc3a61f7,8581055ce74af1daba164fdbd55a40de,2017-12-11 04:11:53,229.04,55.87,2017-12-02,2017-12-11 04:11:53.000000,2026-08-27T05:17:09.287600+00:00,D:/D drive recovery/Shiva JH/Projects/OneLake Medallion/data/landing/2017-12-02/order_items.parquet,2017-12-02
2ca72b762bd6252e6d2ffb6188556add,1,de480e3ae31eea2d2d97d694c43172fc,1838dd9b8977065acf51d95e0053ea7a,2017-12-20 15:30:31,28.9,25.38,2017-12-14,2017-12-20 15:30:31.000000,2026-08-27T05:17:09.287600+00:00,D:/D drive recovery/Shiva JH/Projects/OneLake Medallion/data/landing/2017-12-14/order_items.parquet,2017-12-14
44899a0a37e97bd716c345a12ad20bbe,1,3462cfbd316346049256b3b3242f8dfa,de23c3b98a88888289c6f5cc1209054a,2017-12-20 17:13:05,169.9,15.95,2017-12-14,2017-12-20 17:13:05.000000,2026-08-27T05:17:09.287600+00:00,D:/D drive recovery/Shiva JH/Projects/OneLake Medallion/data/landing/2017-12-14/order_items.parquet,2017-12-14
44899a0a37e97bd716c345a12ad20bbe,2,7825a7c4f9edb6b219eb94c29e86e7b9,de23c3b98a88888289c6f5cc1209054a,2017-12-20 17:13:05,169.9,15.95,2017-12-14,2017-12-20 17:13:05.000000,2026-08-27T05:17:09.287600+00:00,D:/D drive recovery/Shiva JH/Projects/OneLake Medallion/data/landing/2017-12-14/order_items.parquet,2017-12-14
528d7f1b0be23f9c70baba6be75d8a26,1,dc9471db933efad7bf0ce685380578bd,25c5c91f63607446a97b143d2d535d31,2017-12-21 02:17:15,277.0,19.19,2017-12-14,2017-12-21 02:17:15.000000,2026-08-27T05:17:09.287600+00:00,D:/D drive recovery/Shiva JH/Projects/OneLake Medallion/data/landing/2017-12-14/order_items.parquet,2017-12-14
91bcb2a4582479914b3c1e17a7464caa,1,8466762a9393a2b2b1de73f3cf6081a3,1dcfa3835714681d4ba4a93bc1e0fd41,2017-12-22 00:36:23,91.9,23.51,2017-12-14,2017-12-22 00:36:23.000000,2026-08-27T05:17:09.287600+00:00,D:/D drive recovery/Shiva JH/Projects/OneLake Medallion/data/landing/2017-12-14/order_items.parquet,2017-12-14
91bcb2a4582479914b3c1e17a7464caa,2,8466762a9393a2b2b1de73f3cf6081a3,1dcfa3835714681d4ba4a93bc1e0fd41,2017-12-22 00:36:23,91.9,23.51,2017-12-14,2017-12-22 00:36:23.000000,2026-08-27T05:17:09.287600+00:00,D:/D drive recovery/Shiva JH/Projects/OneLake Medallion/data/landing/2017-12-14/order_items.parquet,2017-12-14
950d73734673943202a34946bb62db32,1,15d44826d5399e2de342314886ff0e05,c3867b4666c7d76867627c2f7fb22e21,2017-12-21 10:46:22,193.0,16.98,2017-12-14,2017-12-21 10:46:22.000000,2026-08-27T05:17:09.287600+00:00,D:/D drive recovery/Shiva JH/Projects/OneLake Medallion/data/landing/2017-12-14/order_items.parquet,2017-12-14
aeee18f9e96661619be19ae8346c072e,1,72d3bf1d3a790f8874096fcf860e3eff,0bae85eb84b9fb3bd773911e89288d54,2017-12-20 20:59:19,38.25,16.11,2017-12-14,2017-12-20 20:59:19.000000,2026-08-27T05:17:09.287600+00:00,D:/D drive recovery/Shiva JH/Projects/OneLake Medallion/data/landing/2017-12-14/order_items.parquet,2017-12-14
cd23f3689cab3a020096a36f849bcd20,1,bcb4f6803e8889a70dc5ed14c2f5f785,897060da8b9a21f655304d50fd935913,2017-12-20 17:32:32,45.65,15.1,2017-12-14,2017-12-20 17:32:32.000000,2026-08-27T05:17:09.287600+00:00,D:/D drive recovery/Shiva JH/Projects/OneLake Medallion/data/landing/2017-12-14/order_items.parquet,2017-12-14
18eb214910ec2bded53b74594b53a8ec,1,a4ec3aca85c0421e2cd607dc03162791,a2e874074c877c5a05abae80ad6e488f,2018-01-30 12:48:57,67.7,37.61,2017-12-26,2018-01-30 12:48:57.000000,2026-08-27T05:17:09.287600+00:00,D:/D drive recovery/Shiva JH/Projects/OneLake Medallion/data/landing/2017-12-26/order_items.parquet,2017-12-26
bb9e3fdfc33f7fe56fd38f6adacf760f,1,a04087ab6a96ffa041f8a2701a72b616,53243585a1d6dc2643021fd1853d8905,2018-01-02 14:53:21,599.0,49.03,2017-12-26,2018-01-02 14:53:21.000000,2026-08-27T05:17:09.287600+00:00,D:/D drive recovery/Shiva JH/Projects/OneLake Medallion/data/landing/2017-12-26/order_items.parquet,2017-12-26
e2862f848920abc6614808a5f4b9e963,1,3f5a7aa9c9cd21cbfe37688ed326222b,4a3ca9315b744ce9f8e9374361493884,2018-01-02 09:37:31,79.0,16.31,2017-12-26,2018-01-02 09:37:31.000000,2026-08-27T05:17:09.287600+00:00,D:/D drive recovery/Shiva JH/Projects/OneLake Medallion/data/landing/2017-12-26/order_items.parquet,2017-12-26
40bc1f323f6bb2c5fb7d2cae41952a21,1,52d7a7207b9646509bdc754fed3a0cef,cca3071e3e9bb7d12640c9fbe2301306,2018-01-12 16:52:29,52.64,11.87,2018-01-07,2018-01-12 16:52:29.000000,2026-08-27T05:17:09.287600+00:00,D:/D drive recovery/Shiva JH/Projects/OneLake Medallion/data/landing/2018-01-07/order_items.parquet,2018-01-07
ad6162000c72729addfa515bacd820a5,1,9095a5b548eb913258279d5aea381643,00ee68308b45bc5e2660cd833c3f81cc,2018-01-11 18:26:51,110.0,14.52,2018-01-07,2018-01-11 18:26:51.000000,2026-08-27T05:17:09.287600+00:00,D:/D drive recovery/Shiva JH/Projects/OneLake Medallion/data/landing/2018-01-07/order_items.parquet,2018-01-07
ad6162000c72729addfa515bacd820a5,2,9095a5b548eb913258279d5aea381643,00ee68308b45bc5e2660cd833c3f81cc,2018-01-11 18:26:51,110.0,14.52,2018-01-07,2018-01-11 18:26:51.000000,2026-08-27T05:17:09.287600+00:00,D:/D drive recovery/Shiva JH/Projects/OneLake Medallion/data/landing/2018-01-07/order_items.parquet,2018-01-07
ef690426d84aff4f5560cb63d1092557,1,2b1736cd698222fad698e3c1be9dd4a3,f12ff17ad8bbf01ec5c33b17e506649b,2018-01-12 16:28:17,110.0,20.26,2018-01-07,2018-01-12 16:28:17.000000,2026-08-27T05:17:09.287600+00:00,D:/D drive recovery/Shiva JH/Projects/OneLake Medallion/data/landing/2018-01-07/order_items.parquet,2018-01-07
18837d7b525922b9023193325e574a6c,1,ee406bf28024d97771c4b1e8b7e8e219,7a67c85e85bb2ce8582c35f2203ad736,2018-01-25 16:15:02,144.99,18.26,2018-01-19,2018-01-25 16:15:02.000000,2026-08-27T05:17:09.287600+00:00,D:/D drive recovery/Shiva JH/Projects/OneLake Medallion/data/landing/2018-01-19/order_items.parquet,2018-01-19
25f3b8d528da241b7344e926baf475e1,1,bb50f2e236e5eea0100680137654686c,f7ba60f8c3f99e7ee4042fdef03b70c4,2018-01-25 21:12:23,325.0,10.47,2018-01-19,2018-01-25 21:12:23.000000,2026-08-27T05:17:09.287600+00:00,D:/D drive recovery/Shiva JH/Projects/OneLake Medallion/data/landing/2018-01-19/order_items.parquet,2018-01-19
85cebb5f41967daca44f7c7883856f96,1,71835d687609f578b92692f98ab16100,cac4c8e7b1ca6252d8f20b2fc1a2e4af,2018-01-25 20:29:53,49.99,17.07,2018-01-19,2018-01-25 20:29:53.000000,2026-08-27T05:17:09.287600+00:00,D:/D drive recovery/Shiva JH/Projects/OneLake Medallion/data/landing/2018-01-19/order_items.parquet,2018-01-19
85cebb5f41967daca44f7c7883856f96,2,fb927c44d15e24c578f85a862576fd88,53e4c6e0f4312d4d2107a8c9cddf45cd,2018-01-25 20:29:53,71.0,9.82,2018-01-19,2018-01-25 20:29:53.000000,2026-08-27T05:17:09.287600+00:00,D:/D drive recovery/Shiva JH/Projects/OneLake Medallion/data/landing/2018-01-19/order_items.parquet,2018-01-19
b4ea6b63bcab8995631b98deef749657,1,b01d34f6d2545269d348181768eca049,6560211a19b47992c3666cc44a7e94c0,2018-01-25 17:42:41,55.0,7.78,2018-01-19,2018-01-25 17:42:41.000000,2026-08-27T05:17:09.287600+00:00,D:/D drive recovery/Shiva JH/Projects/OneLake Medallion/data/landing/2018-01-19/order_items.parquet,2018-01-19
b4ea6b63bcab8995631b98deef749657,2,17ad136b7421ea8690fded631b651158,6560211a19b47992c3666cc44a7e94c0,2018-01-25 17:42:41,55.0,7.78,2018-01-19,2018-01-25 17:42:41.000000,2026-08-27T05:17:09.287600+00:00,D:/D drive recovery/Shiva JH/Projects/OneLake Medallion/data/landing/2018-01-19/order_items.parquet,2018-01-19
cdd73574196041c23e5d79e121180830,1,7ce94ab189134e2d3c05f496d635419c,8b321bb669392f5163d04c59e235e066,2018-01-25 00:11:42,13.65,15.1,2018-01-19,2018-01-25 00:11:42.000000,2026-08-27T05:17:09.287600+00:00,D:/D drive recovery/Shiva JH/Projects/OneLake Medallion/data/landing/2018-01-19/order_items.parquet,2018-01-19
16b8cfa26ae224399e457bd5aa7918b8,1,9b9d1c4bd979b93c138044e032f99780,7a67c85e85bb2ce8582c35f2203ad736,2018-02-06 16:51:27,99.99,38.25,2018-01-31,2018-02-06 16:51:27.000000,2026-08-27T05:17:09.287600+00:00,D:/D drive recovery/Shiva JH/Projects/OneLake Medallion/data/landing/2018-01-31/order_items.parquet,2018-01-31
5236307716393b7114b53ee991f36956,1,3aa071139cb16b67ca9e5dea641aaa2f,b561927807645834b59ef0d16ba55a24,2018-02-06 19:11:15,248.0,17.99,2018-01-31,2018-02-06 19:11:15.000000,2026-08-27T05:17:09.287600+00:00,D:/D drive recovery/Shiva JH/Projects/OneLake Medallion/data/landing/2018-01-31/order_items.parquet,2018-01-31
86c1a1c5de6b99e0aed1e7f053862ff9,1,e5bd04e8e3cb77f1a49404d588d3e528,f7ccf836d21b2fb1de37564105216cc1,2018-02-08 02:55:29,31.9,12.69,2018-01-31,2018-02-08 02:55:29.000000,2026-08-27T05:17:09.287600+00:00,D:/D drive recovery/Shiva JH/Projects/OneLake Medallion/data/landing/2018-01-31/order_items.parquet,2018-01-31
e07a84ec1cfd8380eecb3f1a2afa7eb6,1,bb42f37fc3d9130e4a4339d24a47dd7c,da8622b14eb17ae2831f4ac5b9dab84a,2018-02-06 22:31:57,44.9,15.1,2018-01-31,2018-02-06 22:31:57.000000,2026-08-27T05:17:09.287600+00:00,D:/D drive recovery/Shiva JH/Projects/OneLake Medallion/data/landing/2018-01-31/order_items.parquet,2018-01-31
5175f15824e2cc42b048406820e7d7ce,1,b5c315fb01a02190500528edf520883f,6560211a19b47992c3666cc44a7e94c0,2018-02-18 23:08:10,49.99,11.85,2018-02-12,2018-02-18 23:08:10.000000,2026-08-27T05:17:09.287600+00:00,D:/D drive recovery/Shiva JH/Projects/OneLake Medallion/data/landing/2018-02-12/order_items.parquet,2018-02-12
814948d5529f58dfc7bf33ac7f6adba4,1,93a12c289ca2b78e7069e469f5053ef2,88460e8ebdecbfecb5f9601833981930,2018-02-23 08:55:34,134.9,13.07,2018-02-12,2018-02-23 08:55:34.000000,2026-08-27T05:17:09.287600+00:00,D:/D drive recovery/Shiva JH/Projects/OneLake Medallion/data/landing/2018-02-12/order_items.parquet,2018-02-12
a557df88b44a07cf9885eb897089f0f9,1,cd46a885543f0e169a49f1eb25c04e43,710e3548e02bc1d2831dfc4f1b5b14d4,2018-02-16 00:50:33,99.99,38.25,2018-02-12,2018-02-16 00:50:33.000000,2026-08-27T05:17:09.287600+00:00,D:/D drive recovery/Shiva JH/Projects/OneLake Medallion/data/landing/2018-02-12/order_items.parquet,2018-02-12
ac6a6a3e424f679d5069f2cac25e1022,1,0891f8ac9e3d7252ec5c162da0b0b86c,994f04b3718c2bab35c2adfa8afecd2a,2018-02-21 02:55:32,39.9,15.11,2018-02-12,2018-02-21 02:55:32.000000,2026-08-27T05:17:09.287600+00:00,D:/D drive recovery/Shiva JH/Projects/OneLake Medallion/data/landing/2018-02-12/order_items.parquet,2018-02-12
b34456bfbeeab3b57566ff099173e885,1,a7bf90b233b7fe72d46a97b0cfb3eb33,066a6914e1ebf3ea95a216c73a986b91,2018-02-16 13:08:10,39.0,16.11,2018-02-12,2018-02-16 13:08:10.000000,2026-08-27T05:17:09.287600+00:00,D:/D drive recovery/Shiva JH/Projects/OneLake Medallion/data/landing/2018-02-12/order_items.parquet,2018-02-12
cf287f639abd10b1630574c4a065d4f1,1,dd8e3ce8409dea51c566f227a4fc34ba,f262cbc1c910c83959f849465454ddd3,2018-02-16 18:10:32,9.99,7.78,2018-02-12,2018-02-16 18:10:32.000000,2026-08-27T05:17:09.287600+00:00,D:/D drive recovery/Shiva JH/Projects/OneLake Medallion/data/landing/2018-02-12/order_items.parquet,2018-02-12
cf287f639abd10b1630574c4a065d4f1,2,dd8e3ce8409dea51c566f227a4fc34ba,f262cbc1c910c83959f849465454ddd3,2018-02-16 18:10:32,9.99,7.78,2018-02-12,2018-02-16 18:10:32.000000,2026-08-27T05:17:09.287600+00:00,D:/D drive recovery/Shiva JH/Projects/OneLake Medallion/data/landing/2018-02-12/order_items.parquet,2018-02-12
cf751a641521be29ac2213cd1756490b,1,722dc14e0848efdb771dca6de2929c41,7178f9f4dd81dcef02f62acdf8151e01,2018-02-27 06:55:30,79.0,15.3,2018-02-12,2018-02-27 06:55:30.000000,2026-08-27T05:17:09.287600+00:00,D:/D drive recovery/Shiva JH/Projects/OneLake Medallion/data/landing/2018-02-12/order_items.parquet,2018-02-12
45046e1ecaba60bb78aab9cee0da08f5,1,9ae1607198ba0a8336e966249f53b5ec,8b28d096634035667e8263d57ba3368c,2018-02-28 22:08:29,49.89,15.1,2018-02-24,2018-02-28 22:08:29.000000,2026-08-27T05:17:09.287600+00:00,D:/D drive recovery/Shiva JH/Projects/OneLake Medallion/data/landing/2018-02-24/order_items.parquet,2018-02-24
69bc60eaf6ebaa60161426acc2dc5fb4,1,42a735673c53cddc4fcb42935065465a,1835b56ce799e6a4dc4eddc053f04066,2018-02-28 22:15:30,47.99,11.85,2018-02-24,2018-02-28 22:15:30.000000,2026-08-27T05:17:09.287600+00:00,D:/D drive recovery/Shiva JH/Projects/OneLake Medallion/data/landing/2018-02-24/order_items.parquet,2018-02-24
cc61a8a634ed495116b2ce1fc8d1a1e1,1,bac84fdf85ec2c85fa86f522f4423114,c1f12f926d0ba950578b4fa41115cbb6,2018-03-01 12:15:30,89.9,14.38,2018-02-24,2018-03-01 12:15:30.000000,2026-08-27T05:17:09.287600+00:00,D:/D drive recovery/Shiva JH/Projects/OneLake Medallion/data/landing/2018-02-24/order_items.parquet,2018-02-24
e09138cfa9999701ae2e856b3a5eea54,1,fad824f446c61e0e6e1e8644c17a9f59,53e4c6e0f4312d4d2107a8c9cddf45cd,2018-03-01 17:50:23,19.36,9.34,2018-02-24,2018-03-01 17:50:23.000000,2026-08-27T05:17:09.287600+00:00,D:/D drive recovery/Shiva JH/Projects/OneLake Medallion/data/landing/2018-02-24/order_items.parquet,2018-02-24
395e54e708db966770b5dcc0ad2d93d4,1,557484a8965bdc4e548658239f7663fd,81a1104df0f08b59c68aa5b03cfe398e,2018-03-14 01:15:46,149.9,36.18,2018-03-08,2018-03-14 01:15:46.000000,2026-08-27T05:17:09.287600+00:00,D:/D drive recovery/Shiva JH/Projects/OneLake Medallion/data/landing/2018-03-08/order_items.parquet,2018-03-08
a5df54b2f6e8aeb73d9547b791a51823,1,8b51c6ccc9c0548c951214e1cd1547ff,609e1a9a6c2539919b8205cf7c4e6ff0,2018-03-14 16:29:59,59.9,19.39,2018-03-08,2018-03-14 16:29:59.000000,2026-08-27T05:17:09.287600+00:00,D:/D drive recovery/Shiva JH/Projects/OneLake Medallion/data/landing/2018-03-08/order_items.parquet,2018-03-08
1e5a6ddd2dbe3e6f65699e6e643dc5cf,1,a4aa7c1427c31344e5f7cc3d839fe562,66922902710d126a0e7d26b0e3805106,2018-03-26 14:09:32,95.0,21.14,2018-03-20,2018-03-26 14:09:32.000000,2026-08-27T05:17:09.287600+00:00,D:/D drive recovery/Shiva JH/Projects/OneLake Medallion/data/landing/2018-03-20/order_items.parquet,2018-03-20
681ab8d80849148ae66f3f191a142a1f,1,5a745a27fc76483a9de4540b35baff44,643214e62b870443ccbe55ab29a4dccf,2018-03-26 14:49:25,43.8,17.06,2018-03-20,2018-03-26 14:49:25.000000,2026-08-27T05:17:09.287600+00:00,D:/D drive recovery/Shiva JH/Projects/OneLake Medallion/data/landing/2018-03-20/order_items.parquet,2018-03-20
6c1b56e12310e446624917427d430c95,1,017692475c1c954ff597feda05131d73,3c7c4a49ec3c6550809089c6a2ca9370,2018-03-26 22:15:42,13.99,7.39,2018-03-20,2018-03-26 22:15:42.000000,2026-08-27T05:17:09.287600+00:00,D:/D drive recovery/Shiva JH/Projects/OneLake Medallion/data/landing/2018-03-20/order_items.parquet,2018-03-20
a0bd30e5d025046a3a4bc67e02ca6a3a,1,e4ca5b20cfe1a020e15e36fe14e880ee,128639473a139ac0f3e5f5ade55873a5,2018-03-27 02:56:03,19.9,13.47,2018-03-20,2018-03-27 02:56:03.000000,2026-08-27T05:17:09.287600+00:00,D:/D drive recovery/Shiva JH/Projects/OneLake Medallion/data/landing/2018-03-20/order_items.parquet,2018-03-20
adaeda2bff57a2960eb4710347cbffa4,1,25f86162fee18735fffdb762dcb10d7c,1a3df491d1c4f1589fc2b934ada68bf2,2018-03-28 13:48:13,149.9,29.48,2018-03-20,2018-03-28 13:48:13.000000,2026-08-27T05:17:09.287600+00:00,D:/D drive recovery/Shiva JH/Projects/OneLake Medallion/data/landing/2018-03-20/order_items.parquet,2018-03-20
adaeda2bff57a2960eb4710347cbffa4,2,25f86162fee18735fffdb762dcb10d7c,1a3df491d1c4f1589fc2b934ada68bf2,2018-03-28 13:48:13,149.9,29.48,2018-03-20,2018-03-28 13:48:13.000000,2026-08-27T05:17:09.287600+00:00,D:/D drive recovery/Shiva JH/Projects/OneLake Medallion/data/landing/2018-03-20/order_items.parquet,2018-03-20
bb45e059db1abcd5cedfdacadc9abd5e,1,d688e1eb847d2f72892ede46001673bd,d58d521f3789def2e7a22715e0badd93,2018-03-26 12:28:39,32.99,8.88,2018-03-20,2018-03-26 12:28:39.000000,2026-08-27T05:17:09.287600+00:00,D:/D drive recovery/Shiva JH/Projects/OneLake Medallion/data/landing/2018-03-20/order_items.parquet,2018-03-20
bfcec6fcc6a68c5505537bb8a0a38039,1,58bef3ad35aed45b92cf03510e6cf5ce,c3867b4666c7d76867627c2f7fb22e21,2018-03-26 19:35:27,125.0,14.96,2018-03-20,2018-03-26 19:35:27.000000,2026-08-27T05:17:09.287600+00:00,D:/D drive recovery/Shiva JH/Projects/OneLake Medallion/data/landing/2018-03-20/order_items.parquet,2018-03-20
c047e1042ab337c92ea23d512b54c5bf,1,7612afaa8218e79b3011243ed9edea9c,821fb029fc6e495ca4f08a35d51e53a5,2018-03-26 19:48:27,389.0,55.25,2018-03-20,2018-03-26 19:48:27.000000,2026-08-27T05:17:09.287600+00:00,D:/D drive recovery/Shiva JH/Projects/OneLake Medallion/data/landing/2018-03-20/order_items.parquet,2018-03-20
ffec1a6d35149778ec575d5048d44db8,1,437c05a395e9e47f9762e677a7068ce7,f84fa566034f5e8e880a07ec624c56af,2018-03-28 02:49:46,47.65,7.39,2018-03-20,2018-03-28 02:49:46.000000,2026-08-27T05:17:09.287600+00:00,D:/D drive recovery/Shiva JH/Projects/OneLake Medallion/data/landing/2018-03-20/order_items.parquet,2018-03-20
019edbdfeb6923e55558362c2b84ec37,1,a0eef953cb25bc9ae40457e1c3c82946,5a8e7d5003a1f221f9e1d6e411de7c23,2018-04-10 05:28:16,69.9,8.88,2018-04-01,2018-04-10 05:28:16.000000,2026-08-27T05:17:09.287600+00:00,D:/D drive recovery/Shiva JH/Projects/OneLake Medallion/data/landing/2018-04-01/order_items.parquet,2018-04-01
14b8a3dec1630400442e5cb91e6a3e38,1,9a63d4ef456702710823c21b8cca0332,817245bcc3badd82bbd222e0366951a6,2018-04-05 08:15:20,169.9,19.07,2018-04-01,2018-04-05 08:15:20.000000,2026-08-27T05:17:09.287600+00:00,D:/D drive recovery/Shiva JH/Projects/OneLake Medallion/data/landing/2018-04-01/order_items.parquet,2018-04-01
388d683431db37774946413cbb22210b,1,d64615580eb89e5d9a6ae0e37135a5fe,c826c40d7b19f62a09e2d7c5e7295ee2,2018-04-05 20:47:31,90.99,7.5,2018-04-01,2018-04-05 20:47:31.000000,2026-08-27T05:17:09.287600+00:00,D:/D drive recovery/Shiva JH/Projects/OneLake Medallion/data/landing/2018-04-01/order_items.parquet,2018-04-01
793313d521603b9c7030e6bc60f6c692,1,8983a3b149303c013fceabef902e835a,9f505651f4a6abe901a56cdc21508025,2018-04-09 05:28:00,99.0,14.05,2018-04-01,2018-04-09 05:28:00.000000,2026-08-27T05:17:09.287600+00:00,D:/D drive recovery/Shiva JH/Projects/OneLake Medallion/data/landing/2018-04-01/order_items.parquet,2018-04-01
f2228e3e55ff956909ad7750f08516fd,1,9fb9a39f2e393018aaeb432394aff48f,c03121937e54a93fcc1825c3098bbb6e,2018-04-05 11:30:17,149.0,21.96,2018-04-01,2018-04-05 11:30:17.000000,2026-08-27T05:17:09.287600+00:00,D:/D drive recovery/Shiva JH/Projects/OneLake Medallion/data/landing/2018-04-01/order_items.parquet,2018-04-01
793c97a0188117b9b0aad84f6cc8883e,1,2ffdf10e724b958c0f7ea69e97d32f64,4869f7a5dfa277a7dca6462dcf3b52b2,2018-04-20 16:30:54,209.0,13.9,2018-04-13,2018-04-20 16:30:54.000000,2026-08-27T05:17:09.287600+00:00,D:/D drive recovery/Shiva JH/Projects/OneLake Medallion/data/landing/2018-04-13/order_items.parquet,2018-04-13
ae58081c0be4ca730f53473f8f5d5df7,1,e3ef50d542d4e6477fbcf202a02ef040,ea8482cd71df3c1969d7b9473ff13abc,2018-04-19 18:55:20,19.9,7.39,2018-04-13,2018-04-19 18:55:20.000000,2026-08-27T05:17:09.287600+00:00,D:/D drive recovery/Shiva JH/Projects/OneLake Medallion/data/landing/2018-04-13/order_items.parquet,2018-04-13
b62c9d7c54bcbba4952040001348e00c,1,43423cdffde7fda63d0414ed38c11a73,b1fc4f64df5a0e8b6913ab38803c57a9,2018-04-19 15:31:32,87.67,14.4,2018-04-13,2018-04-19 15:31:32.000000,2026-08-27T05:17:09.287600+00:00,D:/D drive recovery/Shiva JH/Projects/OneLake Medallion/data/landing/2018-04-13/order_items.parquet,2018-04-13
ffc2926aeab97ab6dc7585276c9b9371,1,1bfb290d7273a442c874dbe74b4abae6,7c67e1448b00f6e969d365cea6b010ab,2018-04-27 02:30:57,69.99,33.33,2018-04-13,2018-04-27 02:30:57.000000,2026-08-27T05:17:09.287600+00:00,D:/D drive recovery/Shiva JH/Projects/OneLake Medallion/data/landing/2018-04-13/order_items.parquet,2018-04-13
43c37b919d77db66c82f92bb20543879,1,d285360f29ac7fd97640bf0baef03de0,d650b663c3b5f6fb392b6326366efa9a,2018-05-03 22:30:17,279.0,14.39,2018-04-25,2018-05-03 22:30:17.000000,2026-08-27T05:17:09.287600+00:00,D:/D drive recovery/Shiva JH/Projects/OneLake Medallion/data/landing/2018-04-25/order_items.parquet,2018-04-25
8507049ba787aece6fadc233efdbb0b3,1,7f064525eaaa1ce9d22c085f7ff5413a,6560211a19b47992c3666cc44a7e94c0,2018-05-03 04:15:22,49.0,17.06,2018-04-25,2018-05-03 04:15:22.000000,2026-08-27T05:17:09.287600+00:00,D:/D drive recovery/Shiva JH/Projects/OneLake Medallion/data/landing/2018-04-25/order_items.parquet,2018-04-25
a7e7febecea6f5fe00ebcc7a0a91080d,1,16d096faa27582985f849f08370cf1ed,e59aa562b9f8076dd550fcddf0e73491,2018-05-03 18:10:25,228.0,16.48,2018-04-25,2018-05-03 18:10:25.000000,2026-08-27T05:17:09.287600+00:00,D:/D drive recovery/Shiva JH/Projects/OneLake Medallion/data/landing/2018-04-25/order_items.parquet,2018-04-25
bb7cf7d6dbc99d0fd7bf5c103862d714,1,ffc9caf33e2d1e9f44e3e06da19085f7,b18dc380845b24038cfc48006478f099,2018-05-02 17:52:34,199.89,27.95,2018-04-25,2018-05-02 17:52:34.000000,2026-08-27T05:17:09.287600+00:00,D:/D drive recovery/Shiva JH/Projects/OneLake Medallion/data/landing/2018-04-25/order_items.parquet,2018-04-25
e69ba661394e76586286fdc88fdfa5f4,1,477e9dd0ec1da08376e3e29bf434add9,e0a366315b1b726b6c7832d664c0f530,2018-05-02 23:30:12,236.9,24.24,2018-04-25,2018-05-02 23:30:12.000000,2026-08-27T05:17:09.287600+00:00,D:/D drive recovery/Shiva JH/Projects/OneLake Medallion/data/landing/2018-04-25/order_items.parquet,2018-04-25
ecd832254262868776a1381df4b0be02,1,0241aa4ed831b73fd4940ffd9cec20dc,e882b2a25a10b9c057cc49695f222c19,2018-05-09 18:35:23,533.0,47.31,2018-04-25,2018-05-09 18:35:23.000000,2026-08-27T05:17:09.287600+00:00,D:/D drive recovery/Shiva JH/Projects/OneLake Medallion/data/landing/2018-04-25/order_items.parquet,2018-04-25
1861e4e81b5e158dc1b6007cd95a61cd,1,8bab563be2e3316280e3990af91da7b7,128639473a139ac0f3e5f5ade55873a5,2018-05-14 03:51:54,18.9,37.04,2018-05-07,2018-05-14 03:51:54.000000,2026-08-27T05:17:09.287600+00:00,D:/D drive recovery/Shiva JH/Projects/OneLake Medallion/data/landing/2018-05-07/order_items.parquet,2018-05-07
299c93716e44a3cc7521ffd9b2db1fc3,1,67bd616e1ba0d3d3e8545f3113b0140d,e9779976487b77c6d4ac45f75ec7afe9,2018-05-16 03:11:46,14.49,12.79,2018-05-07,2018-05-16 03:11:46.000000,2026-08-27T05:17:09.287600+00:00,D:/D drive recovery/Shiva JH/Projects/OneLake Medallion/data/landing/2018-05-07/order_items.parquet,2018-05-07
31effa440b34ae0432d83ef645db463a,1,7a10781637204d8d10485c71a6108a2e,4869f7a5dfa277a7dca6462dcf3b52b2,2018-05-11 17:17:17,199.0,0.0,2018-05-07,2018-05-11 17:17:17.000000,2026-08-27T05:17:09.287600+00:00,D:/D drive recovery/Shiva JH/Projects/OneLake Medallion/data/landing/2018-05-07/order_items.parquet,2018-05-07
7355fd322343b5e2adebd1f0c88e0e33,1,bec2975b905c2d5a70fd97abf8c894e3,fffd5413c0700ac820c7069d66d98c89,2018-05-11 19:15:07,126.0,133.39,2018-05-07,2018-05-11 19:15:07.000000,2026-08-27T05:17:09.287600+00:00,D:/D drive recovery/Shiva JH/Projects/OneLake Medallion/data/landing/2018-05-07/order_items.parquet,2018-05-07
afd40c7db09c18759908ed9d6c66fa2a,1,6219295d42e02e53a4c770698fccf630,670c26e0f1bf8d0576271d5cfaec6d2b,2018-05-11 16:15:38,63.8,13.57,2018-05-07,2018-05-11 16:15:38.000000,2026-08-27T05:17:09.287600+00:00,D:/D drive recovery/Shiva JH/Projects/OneLake Medallion/data/landing/2018-05-07/order_items.parquet,2018-05-07
d52ec59371d4477349b3a26e9607dc2c,1,a896b01f0fb94712f1e92bf9b0ebbe0e,d9a84e1403de8da0c3aa531d6d108ba6,2018-05-11 18:31:32,9.9,7.39,2018-05-07,2018-05-11 18:31:32.000000,2026-08-27T05:17:09.287600+00:00,D:/D drive recovery/Shiva JH/Projects/OneLake Medallion/data/landing/2018-05-07/order_items.parquet,2018-05-07
e57d5707be958772890c6933f30e7e21,1,f8b624d4e475bb8d1bddf1b65c6a64f6,b410bdd36d5db7a65dcd42b7ead933b8,2018-05-10 00:13:36,179.0,22.96,2018-05-07,2018-05-10 00:13:36.000000,2026-08-27T05:17:09.287600+00:00,D:/D drive recovery/Shiva JH/Projects/OneLake Medallion/data/landing/2018-05-07/order_items.parquet,2018-05-07
adf96d0e2ffb63b63d3a13180811c100,1,bb50f2e236e5eea0100680137654686c,f7ba60f8c3f99e7ee4042fdef03b70c4,2018-05-22 14:31:27,330.0,19.94,2018-05-19,2018-05-22 14:31:27.000000,2026-08-27T05:17:09.287600+00:00,D:/D drive recovery/Shiva JH/Projects/OneLake Medallion/data/landing/2018-05-19/order_items.parquet,2018-05-19
c1b677b6a491c2855ba8486d1f5343b9,1,efa490145b5cc82438b6a6de691535fa,8d956fec2e4337affcb520f56fd8cbfd,2018-05-22 00:24:28,46.99,15.23,2018-05-19,2018-05-22 00:24:28.000000,2026-08-27T05:17:09.287600+00:00,D:/D drive recovery/Shiva JH/Projects/OneLake Medallion/data/landing/2018-05-19/order_items.parquet,2018-05-19
46dc14e76e68252f0c7883545008ca1a,1,b912235c9a11d06ac8d3f97b2538aee2,e8b4225284fbb02d16f200513f1f395d,2018-06-08 14:31:16,316.83,41.08,2018-05-31,2018-06-08 14:31:16.000000,2026-08-27T05:17:09.287600+00:00,D:/D drive recovery/Shiva JH/Projects/OneLake Medallion/data/landing/2018-05-31/order_items.parquet,2018-05-31
59362dfdfc742008cd6889fda33dd61e,1,c616bd7e2474cc223adbbb959076439d,4a3ca9315b744ce9f8e9374361493884,2018-06-08 15:51:49,120.5,18.72,2018-05-31,2018-06-08 15:51:49.000000,2026-08-27T05:17:09.287600+00:00,D:/D drive recovery/Shiva JH/Projects/OneLake Medallion/data/landing/2018-05-31/order_items.parquet,2018-05-31
6223137644b9e1da72b9876c3de86b39,1,11a0fdc4251f15bb96dbfff7ef5475eb,77530e9772f57a62c906e1c21538ab82,2018-06-10 22:31:12,299.0,43.17,2018-05-31,2018-06-10 22:31:12.000000,2026-08-27T05:17:09.287600+00:00,D:/D drive recovery/Shiva JH/Projects/OneLake Medallion/data/landing/2018-05-31/order_items.parquet,2018-05-31
743f0286b8d819a10c071fdf2c1e2f5f,1,8c8eb9eb2e47ade1a343cd00f81cbd52,b6d44737c043328708f6749c2dbe50bd,2018-06-13 04:12:40,65.0,11.15,2018-05-31,2018-06-13 04:12:40.000000,2026-08-27T05:17:09.287600+00:00,D:/D drive recovery/Shiva JH/Projects/OneLake Medallion/data/landing/2018-05-31/order_items.parquet,2018-05-31
c950a394ee0369c853e3a1a55090e287,1,591cf821695e4e2934a87e07122f7839,6560211a19b47992c3666cc44a7e94c0,2018-06-10 21:52:32,16.0,7.39,2018-05-31,2018-06-10 21:52:32.000000,2026-08-27T05:17:09.287600+00:00,D:/D drive recovery/Shiva JH/Projects/OneLake Medallion/data/landing/2018-05-31/order_items.parquet,2018-05-31
c950a394ee0369c853e3a1a55090e287,2,591cf821695e4e2934a87e07122f7839,6560211a19b47992c3666cc44a7e94c0,2018-06-10 21:52:32,16.0,7.39,2018-05-31,2018-06-10 21:52:32.000000,2026-08-27T05:17:09.287600+00:00,D:/D drive recovery/Shiva JH/Projects/OneLake Medallion/data/landing/2018-05-31/order_items.parquet,2018-05-31
c950a394ee0369c853e3a1a55090e287,3,591cf821695e4e2934a87e07122f7839,6560211a19b47992c3666cc44a7e94c0,2018-06-10 21:52:32,16.0,7.39,2018-05-31,2018-06-10 21:52:32.000000,2026-08-27T05:17:09.287600+00:00,D:/D drive recovery/Shiva JH/Projects/OneLake Medallion/data/landing/2018-05-31/order_items.parquet,2018-05-31
df5c6aca62db71fbe451c0408bde2817,1,2d4910ed534d58d6b37408bb5bd46c0f,32b8764b4ef628b53608fc34011fcc13,2018-06-08 12:14:45,259.0,121.2,2018-05-31,2018-06-08 12:14:45.000000,2026-08-27T05:17:09.287600+00:00,D:/D drive recovery/Shiva JH/Projects/OneLake Medallion/data/landing/2018-05-31/order_items.parquet,2018-05-31
3b981944c4d2df767cc524ebcb06d7e9,1,de480e3ae31eea2d2d97d694c43172fc,1838dd9b8977065acf51d95e0053ea7a,2018-06-14 18:08:57,28.9,17.13,2018-06-12,2018-06-14 18:08:57.000000,2026-08-27T05:17:09.287600+00:00,D:/D drive recovery/Shiva JH/Projects/OneLake Medallion/data/landing/2018-06-12/order_items.parquet,2018-06-12
3b981944c4d2df767cc524ebcb06d7e9,2,de480e3ae31eea2d2d97d694c43172fc,1838dd9b8977065acf51d95e0053ea7a,2018-06-14 18:08:57,28.9,17.13,2018-06-12,2018-06-14 18:08:57.000000,2026-08-27T05:17:09.287600+00:00,D:/D drive recovery/Shiva JH/Projects/OneLake Medallion/data/landing/2018-06-12/order_items.parquet,2018-06-12
3b981944c4d2df767cc524ebcb06d7e9,3,de480e3ae31eea2d2d97d694c43172fc,1838dd9b8977065acf51d95e0053ea7a,2018-06-14 18:08:57,28.9,17.13,2018-06-12,2018-06-14 18:08:57.000000,2026-08-27T05:17:09.287600+00:00,D:/D drive recovery/Shiva JH/Projects/OneLake Medallion/data/landing/2018-06-12/order_items.parquet,2018-06-12
5cb4a587f7a1629930151748b4197991,1,b9d2933371226d828303d9235b89369c,f0b47fbbc6dee9aafe415a6e33051b3f,2018-06-19 09:18:05,24.9,18.27,2018-06-12,2018-06-19 09:18:05.000000,2026-08-27T05:17:09.287600+00:00,D:/D drive recovery/Shiva JH/Projects/OneLake Medallion/data/landing/2018-06-12/order_items.parquet,2018-06-12
6f35836667ade2d13ba10c2b18bfd713,1,24c66f106f642621e524291a895c9032,620c87c171fb2a6dd6e8bb4dec959fc6,2018-06-20 02:17:17,199.9,28.35,2018-06-12,2018-06-20 02:17:17.000000,2026-08-27T05:17:09.287600+00:00,D:/D drive recovery/Shiva JH/Projects/OneLake Medallion/data/landing/2018-06-12/order_items.parquet,2018-06-12
f4ee4273538924bda6212f5948e80fde,1,69455f41626a745aea9ee9164cb9eafd,7d13fca15225358621be4086e1eb0964,2018-06-19 09:18:15,180.0,20.45,2018-06-12,2018-06-19 09:18:15.000000,2026-08-27T05:17:09.287600+00:00,D:/D drive recovery/Shiva JH/Projects/OneLake Medallion/data/landing/2018-06-12/order_items.parquet,2018-06-12
fd2f3b1ef3f5448ff37c4e0fea64c1cd,1,0343ce4ce35af74dd177bfc133eabb45,0885aaf116795758dfeb5f1032487bcd,2018-06-14 12:31:33,59.9,9.17,2018-06-12,2018-06-14 12:31:33.000000,2026-08-27T05:17:09.287600+00:00,D:/D drive recovery/Shiva JH/Projects/OneLake Medallion/data/landing/2018-06-12/order_items.parquet,2018-06-12
627e47b61d377f25bcbf4528f2f4c78a,1,351cd19d35f2421c5419da9032a19856,bfd27a966d91cfaafdb25d076585f0da,2018-07-03 17:18:27,249.0,22.38,2018-06-24,2018-07-03 17:18:27.000000,2026-08-27T05:17:09.287600+00:00,D:/D drive recovery/Shiva JH/Projects/OneLake Medallion/data/landing/2018-06-24/order_items.parquet,2018-06-24
adf766a719fd52b485fa2127fa0dd9a7,1,52c80cedd4e90108bf4fa6a206ef6b03,a1043bafd471dff536d0c462352beb48,2018-06-26 14:55:00,139.0,67.56,2018-06-24,2018-06-26 14:55:00.000000,2026-08-27T05:17:09.287600+00:00,D:/D drive recovery/Shiva JH/Projects/OneLake Medallion/data/landing/2018-06-24/order_items.parquet,2018-06-24
ec042ef0cc05d098905c4383c70f9132,1,9234cd3c6bd121932ef77a39d6d87893,06e5eefc71ec47ae763c5c6f8db7064f,2018-06-28 17:31:46,289.99,9.61,2018-06-24,2018-06-28 17:31:46.000000,2026-08-27T05:17:09.287600+00:00,D:/D drive recovery/Shiva JH/Projects/OneLake Medallion/data/landing/2018-06-24/order_items.parquet,2018-06-24
fcc9c76cda1ab5637e8ada986e1e3cbe,1,bc072f287b475a918c00b3478d1bcef9,1690cada046eb7e92c12f98b1f8a8167,2018-06-28 15:31:16,159.0,13.41,2018-06-24,2018-06-28 15:31:16.000000,2026-08-27T05:17:09.287600+00:00,D:/D drive recovery/Shiva JH/Projects/OneLake Medallion/data/landing/2018-06-24/order_items.parquet,2018-06-24
0d9664d8da1dc4337269071b39e19423,1,eba7488e1c67729f045ab43fac426f2e,620c87c171fb2a6dd6e8bb4dec959fc6,2016-10-10 22:37:21,249.9,17.59,2016-10-06,2016-10-10 22:37:21.000000,2026-08-27T05:17:09.287600+00:00,D:/D drive recovery/Shiva JH/Projects/OneLake Medallion/data/landing/2016-10-06/order_items.parquet,2016-10-06
b1d88d1e4179448cac98b8d433e23316,1,6c0d548acd149f30331671548dda66e8,440dd6ab244315c632130ecfb63827b1,2016-10-11 03:14:15,89.9,17.47,2016-10-06,2016-10-11 03:14:15.000000,2026-08-27T05:17:09.287600+00:00,D:/D drive recovery/Shiva JH/Projects/OneLake Medallion/data/landing/2016-10-06/order_items.parquet,2016-10-06
b7026ba7432929d99880463305b8ce98,1,f3dd572f31692bb5b6ab21d2af0673b1,b7ba853e9551f4558440881fd3e5c815,2016-10-21 16:32:42,136.9,25.7,2016-10-06,2016-10-21 16:32:42.000000,2026-08-27T05:17:09.287600+00:00,D:/D drive recovery/Shiva JH/Projects/OneLake Medallion/data/landing/2016-10-06/order_items.parquet,2016-10-06
8b94c85a97b61f51a419a57e451d4e3a,1,913580fde3e72c3b3e4ce0b79963bee6,b76dba6c951ab00dc4edf0a1aa88037e,2017-01-15 12:49:53,10.99,15.65,2017-01-11,2017-01-15 12:49:53.000000,2026-08-27T05:17:09.287600+00:00,D:/D drive recovery/Shiva JH/Projects/OneLake Medallion/data/landing/2017-01-11/order_items.parquet,2017-01-11
3a96b8ddd22b9f22c3b8a556d2003fd8,1,23384f296aa1bf6461d22912093a9847,891071be6ba827b591264c90c2ae8a63,2017-02-08 13:24:34,20.0,14.52,2017-02-04,2017-02-08 13:24:34.000000,2026-08-27T05:17:09.287600+00:00,D:/D drive recovery/Shiva JH/Projects/OneLake Medallion/data/landing/2017-02-04/order_items.parquet,2017-02-04
cc585bf1df31232b1654bde95ef0730e,1,473795a355d29305c3ea6b156833adf5,620c87c171fb2a6dd6e8bb4dec959fc6,2017-02-08 10:06:56,59.9,11.03,2017-02-04,2017-02-08 10:06:56.000000,2026-08-27T05:17:09.287600+00:00,D:/D drive recovery/Shiva JH/Projects/OneLake Medallion/data/landing/2017-02-04/order_items.parquet,2017-02-04
84f788243b8e0583367e3a10ceee9457,1,2b8ac7ded4ff025f0bd9b02f5c9531ba,e7df4cd29ab5abab70fb0783ddb53987,2017-02-20 11:58:36,269.0,15.65,2017-02-16,2017-02-20 11:58:36.000000,2026-08-27T05:17:09.287600+00:00,D:/D drive recovery/Shiva JH/Projects/OneLake Medallion/data/landing/2017-02-16/order_items.parquet,2017-02-16
b0220dd81253d8ca2c9dd8be8caf49b5,1,642a40d4d73b4b2604968937de13634a,d2374cbcbb3ca4ab1086534108cc3ab7,2017-04-13 02:16:14,12.9,16.05,2017-03-24,2017-04-13 02:16:14.000000,2026-08-27T05:17:09.287600+00:00,D:/D drive recovery/Shiva JH/Projects/OneLake Medallion/data/landing/2017-03-24/order_items.parquet,2017-03-24
188c13d1aa80d3a7ffc208eb983bf267,1,aed75ad669fbebd5a385ac7cc2ae7573,17f51e7198701186712e53a39c564617,2017-05-18 12:31:56,550.0,64.21,2017-04-29,2017-05-18 12:31:56.000000,2026-08-27T05:17:09.287600+00:00,D:/D drive recovery/Shiva JH/Projects/OneLake Medallion/data/landing/2017-04-29/order_items.parquet,2017-04-29
95c9ce1fdafddf9a5d87142c464aa09d,1,5a6e53c3b4e8684b13388d6aa4afdf12,7299e27ed73d2ad986de7f7c77d919fa,2017-05-09 12:32:02,16.99,10.96,2017-04-29,2017-05-09 12:32:02.000000,2026-08-27T05:17:09.287600+00:00,D:/D drive recovery/Shiva JH/Projects/OneLake Medallion/data/landing/2017-04-29/order_items.parquet,2017-04-29
da8eefd7ee5ebac9e6163fec64141557,1,4a36fade797dd8d05c7c1398dc0837d3,2138ccb85b11a4ec1e37afbd1c8eda1f,2017-05-05 18:10:14,34.99,14.11,2017-04-29,2017-05-05 18:10:14.000000,2026-08-27T05:17:09.287600+00:00,D:/D drive recovery/Shiva JH/Projects/OneLake Medallion/data/landing/2017-04-29/order_items.parquet,2017-04-29
a16c048c79d11f82c31fb4fbf407e6cf,1,2446edad7ab4cfedebb8728497ac4575,ce27a3cc3c8cc1ea79d11e561e9bebb6,2017-05-22 11:25:27,59.49,15.18,2017-05-11,2017-05-22 11:25:27.000000,2026-08-27T05:17:09.287600+00:00,D:/D drive recovery/Shiva JH/Projects/OneLake Medallion/data/landing/2017-05-11/order_items.parquet,2017-05-11
6108ae9acd8ee0ffd527598b9ebc6acc,1,ab9cf155f8280c3739b09fe341a185e8,92eb0f42c21942b6552362b9b114707d,2017-05-29 19:35:11,13.98,7.78,2017-05-23,2017-05-29 19:35:11.000000,2026-08-27T05:17:09.287600+00:00,D:/D drive recovery/Shiva JH/Projects/OneLake Medallion/data/landing/2017-05-23/order_items.parquet,2017-05-23
7dfc1b9142ff06ae86300fd5d601c74b,1,31a2f42a87890f87d77daebdfabc182e,4c03b9dd4c11ee2cb35c96c49efc9420,2017-06-09 11:22:28,149.0,13.25,2017-06-04,2017-06-09 11:22:28.000000,2026-08-27T05:17:09.287600+00:00,D:/D drive recovery/Shiva JH/Projects/OneLake Medallion/data/landing/2017-06-04/order_items.parquet,2017-06-04
95a87e0d2cf1cb63b02eba222ceaecc7,1,3fc18e3aefe7b9346bd15de863fa0365,53e4c6e0f4312d4d2107a8c9cddf45cd,2017-06-08 17:15:10,81.99,16.82,2017-06-04,2017-06-08 17:15:10.000000,2026-08-27T05:17:09.287600+00:00,D:/D drive recovery/Shiva JH/Projects/OneLake Medallion/data/landing/2017-06-04/order_items.parquet,2017-06-04
a742e3a941299687aed413c581a7dce9,1,f9b1795281ce51b1cf39ef6d101ae8ab,3771c85bac139d2344864ede5d9341e3,2017-06-12 12:46:09,39.9,8.27,2017-06-04,2017-06-12 12:46:09.000000,2026-08-27T05:17:09.287600+00:00,D:/D drive recovery/Shiva JH/Projects/OneLake Medallion/data/landing/2017-06-04/order_items.parquet,2017-06-04
65c56aa08aaade99b2cd074e12f1b18b,1,29427de7f8a9ee983d9dbc51cec569b4,7a67c85e85bb2ce8582c35f2203ad736,2017-07-04 14:25:22,99.99,19.94,2017-06-28,2017-07-04 14:25:22.000000,2026-08-27T05:17:09.287600+00:00,D:/D drive recovery/Shiva JH/Projects/OneLake Medallion/data/landing/2017-06-28/order_items.parquet,2017-06-28
4d31272d8cb07c4ab84562c8ae2e0fdb,1,cfc37213adcf7bc0a35084f70a312b13,f021c962aaba8ef6eb527a9c2c8394d1,2017-07-17 06:43:42,479.9,21.6,2017-07-10,2017-07-17 06:43:42.000000,2026-08-27T05:17:09.287600+00:00,D:/D drive recovery/Shiva JH/Projects/OneLake Medallion/data/landing/2017-07-10/order_items.parquet,2017-07-10
f30b0f98bf4dd642e36ee8185aba1329,1,26fc231be6849fcec97af7afec0bb083,f4c4daa86e30c7e5a553a8d518ac03a5,2017-07-28 10:23:28,219.54,17.98,2017-07-10,2017-07-28 10:23:28.000000,2026-08-27T05:17:09.287600+00:00,D:/D drive recovery/Shiva JH/Projects/OneLake Medallion/data/landing/2017-07-10/order_items.parquet,2017-07-10
1353506aaf9cbe711a4d41f9442d4167,1,66077cc774ac8ba7c7fcb45fd8e03474,01cf7e3d21494c41fb86034f2e714fa1,2017-07-31 03:30:31,99.9,17.95,2017-07-22,2017-07-31 03:30:31.000000,2026-08-27T05:17:09.287600+00:00,D:/D drive recovery/Shiva JH/Projects/OneLake Medallion/data/landing/2017-07-22/order_items.parquet,2017-07-22
8ba312c27b6123e1c49276f0d9b84598,1,2a2d22ae30e026f1893083c8405ca522,1a3df491d1c4f1589fc2b934ada68bf2,2017-07-31 16:45:14,134.9,21.43,2017-07-22,2017-07-31 16:45:14.000000,2026-08-27T05:17:09.287600+00:00,D:/D drive recovery/Shiva JH/Projects/OneLake Medallion/data/landing/2017-07-22/order_items.parquet,2017-07-22
186efcd656d8ac4332156f594df02572,1,ebc2160765952857f3bec4d6d76673e8,834f3294fba9f932f56edc879193f925,2017-08-09 20:25:16,749.0,90.4,2017-08-03,2017-08-09 20:25:16.000000,2026-08-27T05:17:09.287600+00:00,D:/D drive recovery/Shiva JH/Projects/OneLake Medallion/data/landing/2017-08-03/order_items.parquet,2017-08-03
534a0fa02fb111d37c01c86326fc38bb,1,a35a59bff183b90417bbc511e1d82115,dbb9b48c841a0e39e21f98e1a6b2ec3e,2017-08-23 03:06:20,69.99,14.24,2017-08-15,2017-08-23 03:06:20.000000,2026-08-27T05:17:09.287600+00:00,D:/D drive recovery/Shiva JH/Projects/OneLake Medallion/data/landing/2017-08-15/order_items.parquet,2017-08-15
ee1fd5d090d5f8772860cad42d39c986,1,7fe486a60125c1541517e30944f95066,4917cee8d902e13428c3ec4b1ca6f315,2017-08-29 02:50:14,149.0,27.36,2017-08-15,2017-08-29 02:50:14.000000,2026-08-27T05:17:09.287600+00:00,D:/D drive recovery/Shiva JH/Projects/OneLake Medallion/data/landing/2017-08-15/order_items.parquet,2017-08-15
f40c9a0dfd3542502b65ecac2fcbe501,1,02032c15ca85744c99aa99583e824a90,aba1721a889e04decc910aa13b768ef4,2017-08-21 18:50:11,36.0,15.1,2017-08-15,2017-08-21 18:50:11.000000,2026-08-27T05:17:09.287600+00:00,D:/D drive recovery/Shiva JH/Projects/OneLake Medallion/data/landing/2017-08-15/order_items.parquet,2017-08-15
fad1e133ca16d525f3b6e2ae6008840e,1,78f5f8f4547e4be0449bce34eb0557f2,82e0a475a88cc9595229d8029273f045,2017-08-21 11:55:18,99.8,13.04,2017-08-15,2017-08-21 11:55:18.000000,2026-08-27T05:17:09.287600+00:00,D:/D drive recovery/Shiva JH/Projects/OneLake Medallion/data/landing/2017-08-15/order_items.parquet,2017-08-15
8293cb6241edbf2b03ae13125b6b334a,1,b5e13c9a353102f79c6206ff5cb61a50,a49928bcdf77c55c6d6e05e09a9b4ca5,2018-01-15 07:19:47,89.9,13.65,2018-01-06,2018-01-15 07:19:47.000000,2026-08-27T05:17:09.287600+00:00,D:/D drive recovery/Shiva JH/Projects/OneLake Medallion/data/landing/2018-01-06/order_items.parquet,2018-01-06
8293cb6241edbf2b03ae13125b6b334a,2,b5e13c9a353102f79c6206ff5cb61a50,a49928bcdf77c55c6d6e05e09a9b4ca5,2018-01-15 07:19:47,89.9,13.65,2018-01-06,2018-01-15 07:19:47.000000,2026-08-27T05:17:09.287600+00:00,D:/D drive recovery/Shiva JH/Projects/OneLake Medallion/data/landing/2018-01-06/order_items.parquet,2018-01-06
8293cb6241edbf2b03ae13125b6b334a,3,b5e13c9a353102f79c6206ff5cb61a50,a49928bcdf77c55c6d6e05e09a9b4ca5,2018-01-15 07:19:47,89.9,13.65,2018-01-06,2018-01-15 07:19:47.000000,2026-08-27T05:17:09.287600+00:00,D:/D drive recovery/Shiva JH/Projects/OneLake Medallion/data/landing/2018-01-06/order_items.parquet,2018-01-06
98cc17e56c367cbbe628aca0bbf9f08e,1,11566035935b80d02a0c8a261546610b,bccf933e006e9b94a6184af782963e77,2018-01-11 21:49:26,38.99,15.1,2018-01-06,2018-01-11 21:49:26.000000,2026-08-27T05:17:09.287600+00:00,D:/D drive recovery/Shiva JH/Projects/OneLake Medallion/data/landing/2018-01-06/order_items.parquet,2018-01-06
bbe32ce108f0fa16e209fbaee6005f2b,1,b92a7304ebad1ca5b393b53b2de5c70a,7c67e1448b00f6e969d365cea6b010ab,2018-02-08 13:48:40,139.99,17.0,2018-01-06,2018-02-08 13:48:40.000000,2026-08-27T05:17:09.287600+00:00,D:/D drive recovery/Shiva JH/Projects/OneLake Medallion/data/landing/2018-01-06/order_items.parquet,2018-01-06
09df1b5edd28f22201dd19d1acccd5f3,1,a2d0ef58f86a42fa9d456709cb00c0b2,e5a3438891c0bfdb9394643f95273d8e,2018-01-24 14:56:25,20.3,25.63,2018-01-18,2018-01-24 14:56:25.000000,2026-08-27T05:17:09.287600+00:00,D:/D drive recovery/Shiva JH/Projects/OneLake Medallion/data/landing/2018-01-18/order_items.parquet,2018-01-18
1aee3456393950993d316010ffc4088b,1,3dd2a17168ec895c781a9191c1e95ad7,de722cd6dad950a92b7d4f82673f8833,2018-01-24 09:37:27,149.9,19.59,2018-01-18,2018-01-24 09:37:27.000000,2026-08-27T05:17:09.287600+00:00,D:/D drive recovery/Shiva JH/Projects/OneLake Medallion/data/landing/2018-01-18/order_items.parquet,2018-01-18
2c0850997a2ee7ab84dbd7b4c909b667,1,3d4aa956a54f2ab83acf747c6dfaf428,b2ba3715d723d245138f291a6fe42594,2018-01-24 00:59:32,194.9,58.9,2018-01-18,2018-01-24 00:59:32.000000,2026-08-27T05:17:09.287600+00:00,D:/D drive recovery/Shiva JH/Projects/OneLake Medallion/data/landing/2018-01-18/order_items.parquet,2018-01-18
a2087914bc836b0a52e2369d6f30fde4,1,dc265762419b1b4a46eb0a242e713684,bba74270a87732727b5a3b4fd9ac1c39,2018-01-25 08:31:23,79.99,17.0,2018-01-18,2018-01-25 08:31:23.000000,2026-08-27T05:17:09.287600+00:00,D:/D drive recovery/Shiva JH/Projects/OneLake Medallion/data/landing/2018-01-18/order_items.parquet,2018-01-18
a69ddc335f989aa05576bc19f8b9a549,1,83b00325c13c44245b2c3a2befa62a0e,ad781527c93d00d89a11eecd9dcad7c1,2018-02-15 09:09:49,179.99,82.08,2018-01-18,2018-02-15 09:09:49.000000,2026-08-27T05:17:09.287600+00:00,D:/D drive recovery/Shiva JH/Projects/OneLake Medallion/data/landing/2018-01-18/order_items.parquet,2018-01-18
b5874324518a48132da83d062f675fb3,1,98d61056e0568ba048e5d78038790e77,8581055ce74af1daba164fdbd55a40de,2018-01-24 23:16:42,160.55,16.83,2018-01-18,2018-01-24 23:16:42.000000,2026-08-27T05:17:09.287600+00:00,D:/D drive recovery/Shiva JH/Projects/OneLake Medallion/data/landing/2018-01-18/order_items.parquet,2018-01-18
3d037089d7e5c79581fdc67f54191a25,1,2f9d564b8e623fa218326d48f71c5764,2dee2ce60de9709b1a24083217181a1f,2018-02-05 21:35:31,230.0,44.02,2018-01-30,2018-02-05 21:35:31.000000,2026-08-27T05:17:09.287600+00:00,D:/D drive recovery/Shiva JH/Projects/OneLake Medallion/data/landing/2018-01-30/order_items.parquet,2018-01-30
a267e89993dbe4178c877361a582f06e,1,a42d9c825894f96fc6ed02610891454d,4d6d651bd7684af3fffabd5f08d12e5a,2018-02-05 11:15:47,69.9,13.92,2018-01-30,2018-02-05 11:15:47.000000,2026-08-27T05:17:09.287600+00:00,D:/D drive recovery/Shiva JH/Projects/OneLake Medallion/data/landing/2018-01-30/order_items.parquet,2018-01-30
592f871804e88d1167c1532ebff9fb84,1,fe75529a267b76ac6e96f0c322a899a4,620c87c171fb2a6dd6e8bb4dec959fc6,2018-02-19 09:28:29,119.9,16.6,2018-02-11,2018-02-19 09:28:29.000000,2026-08-27T05:17:09.287600+00:00,D:/D drive recovery/Shiva JH/Projects/OneLake Medallion/data/landing/2018-02-11/order_items.parquet,2018-02-11
8006a29212bfc6b554bdb445427822bf,1,cd46a885543f0e169a49f1eb25c04e43,710e3548e02bc1d2831dfc4f1b5b14d4,2018-02-15 12:15:31,99.99,38.25,2018-02-11,2018-02-15 12:15:31.000000,2026-08-27T05:17:09.287600+00:00,D:/D drive recovery/Shiva JH/Projects/OneLake Medallion/data/landing/2018-02-11/order_items.parquet,2018-02-11
b1e5cc374b5c4f7c12ef420d322b07e1,1,5a168adb8f812ea06dbbfaaa3bae7986,cab85505710c7cb9b720bceb52b01cee,2018-02-15 02:28:53,39.9,7.78,2018-02-11,2018-02-15 02:28:53.000000,2026-08-27T05:17:09.287600+00:00,D:/D drive recovery/Shiva JH/Projects/OneLake Medallion/data/landing/2018-02-11/order_items.parquet,2018-02-11
c496970811b313659dbbcfd57ffd1b42,1,515363bc1bda36afb33bb9cdde0789f3,8e34331b7eedd03be4e5d965c1956225,2018-02-15 19:50:25,30.0,15.1,2018-02-11,2018-02-15 19:50:25.000000,2026-08-27T05:17:09.287600+00:00,D:/D drive recovery/Shiva JH/Projects/OneLake Medallion/data/landing/2018-02-11/order_items.parquet,2018-02-11
d722b334d743dc19d08939ed8a57664e,1,61ba71a0b111e24da5c8fd2f0e61b0c1,042573af89b6d931f672efaf789d8358,2018-02-15 13:28:20,174.99,31.43,2018-02-11,2018-02-15 13:28:20.000000,2026-08-27T05:17:09.287600+00:00,D:/D drive recovery/Shiva JH/Projects/OneLake Medallion/data/landing/2018-02-11/order_items.parquet,2018-02-11
ffa2a7fdee9759a1c69f742f0a21d371,1,e0cf79767c5b016251fe139915c59a26,da8622b14eb17ae2831f4ac5b9dab84a,2018-02-21 02:55:46,29.9,8.11,2018-02-11,2018-02-21 02:55:46.000000,2026-08-27T05:17:09.287600+00:00,D:/D drive recovery/Shiva JH/Projects/OneLake Medallion/data/landing/2018-02-11/order_items.parquet,2018-02-11
5a33eef69ed2fbfe4d2ef90f288fb9c8,1,fb01a5fc09b9b9563c2ee41a22f07d54,522620dcb18a6b31cd7bdf73665113a9,2018-03-02 08:28:21,689.89,20.59,2018-02-23,2018-03-02 08:28:21.000000,2026-08-27T05:17:09.287600+00:00,D:/D drive recovery/Shiva JH/Projects/OneLake Medallion/data/landing/2018-02-23/order_items.parquet,2018-02-23
d8094f20356ae7f08b20de937ea31041,1,5c5585c687a0293f10bb748c13cacc71,8e6d7754bc7e0f22c96d255ebda59eba,2018-03-01 13:31:09,74.89,9.94,2018-02-23,2018-03-01 13:31:09.000000,2026-08-27T05:17:09.287600+00:00,D:/D drive recovery/Shiva JH/Projects/OneLake Medallion/data/landing/2018-02-23/order_items.parquet,2018-02-23
e832fe7f7808b5f981ee02746681d40e,1,130482add9fd75ccb6c57ba007694a2d,87142160b41353c4e5fca2360caf6f92,2018-03-02 00:35:46,105.0,14.94,2018-02-23,2018-03-02 00:35:46.000000,2026-08-27T05:17:09.287600+00:00,D:/D drive recovery/Shiva JH/Projects/OneLake Medallion/data/landing/2018-02-23/order_items.parquet,2018-02-23
1ab69e6a88c55054f55e82b7ea1c9d34,1,d3c395bcfed8dcf4539f11fbc4094527,850f4f8af5ea87287ac68de36e29107f,2018-03-13 17:15:44,599.0,30.27,2018-03-07,2018-03-13 17:15:44.000000,2026-08-27T05:17:09.287600+00:00,D:/D drive recovery/Shiva JH/Projects/OneLake Medallion/data/landing/2018-03-07/order_items.parquet,2018-03-07
20ce4fa87bcbac1808a7c504a7273ea7,1,2002fc3ec2d8a30a7588628fe7aff958,e9d99831abad74458942f21e16f33f92,2018-03-14 11:30:33,30.0,12.79,2018-03-07,2018-03-14 11:30:33.000000,2026-08-27T05:17:09.287600+00:00,D:/D drive recovery/Shiva JH/Projects/OneLake Medallion/data/landing/2018-03-07/order_items.parquet,2018-03-07
48b5f03747afdec20ba2388eee0d3acb,1,5da831182fe9ba6ab33ab17bbc5d16c7,4d6d651bd7684af3fffabd5f08d12e5a,2018-03-13 10:49:41,169.0,13.62,2018-03-07,2018-03-13 10:49:41.000000,2026-08-27T05:17:09.287600+00:00,D:/D drive recovery/Shiva JH/Projects/OneLake Medallion/data/landing/2018-03-07/order_items.parquet,2018-03-07
7bdbf26950bfc3b92d415498376864fd,1,19bdd86ca06c5bcaf94fe9e856bd6a3f,fe49ee029e61e789a1f3a5525f57ba8d,2018-03-13 21:30:32,279.9,38.65,2018-03-07,2018-03-13 21:30:32.000000,2026-08-27T05:17:09.287600+00:00,D:/D drive recovery/Shiva JH/Projects/OneLake Medallion/data/landing/2018-03-07/order_items.parquet,2018-03-07
b9968318b0149a5239e1b401ffb54ace,1,72172e982e8b92155069e4201c92c0bb,e9779976487b77c6d4ac45f75ec7afe9,2018-03-13 01:10:22,37.49,10.02,2018-03-07,2018-03-13 01:10:22.000000,2026-08-27T05:17:09.287600+00:00,D:/D drive recovery/Shiva JH/Projects/OneLake Medallion/data/landing/2018-03-07/order_items.parquet,2018-03-07
e8a923aa92f0c87c9bfcd7be05546918,1,87cb507e0daa37bbf34956fd59eba832,6560211a19b47992c3666cc44a7e94c0,2018-03-13 13:30:29,29.0,8.4,2018-03-07,2018-03-13 13:30:29.000000,2026-08-27T05:17:09.287600+00:00,D:/D drive recovery/Shiva JH/Projects/OneLake Medallion/data/landing/2018-03-07/order_items.parquet,2018-03-07
1d5c39819bbfb4a4e2443ce5409d4148,1,aadff88486740e0b0ebe2be6c09476ae,da8622b14eb17ae2831f4ac5b9dab84a,2018-03-26 03:48:59,29.9,7.71,2018-03-19,2018-03-26 03:48:59.000000,2026-08-27T05:17:09.287600+00:00,D:/D drive recovery/Shiva JH/Projects/OneLake Medallion/data/landing/2018-03-19/order_items.parquet,2018-03-19
22cee08cd372f903b380852fdf75a1eb,1,a338a81aed052e88a9ee732e3e45042b,ca3bd7cd9f149df75950150d010fe4a2,2018-04-02 16:50:38,65.0,26.89,2018-03-19,2018-04-02 16:50:38.000000,2026-08-27T05:17:09.287600+00:00,D:/D drive recovery/Shiva JH/Projects/OneLake Medallion/data/landing/2018-03-19/order_items.parquet,2018-03-19
7770f0fa803309f7765d9c449f1a7db4,1,1b8ee158f59c098470fad33f39660964,1554a68530182680ad5c8b042c3ab563,2018-03-27 02:51:00,139.9,25.63,2018-03-19,2018-03-27 02:51:00.000000,2026-08-27T05:17:09.287600+00:00,D:/D drive recovery/Shiva JH/Projects/OneLake Medallion/data/landing/2018-03-19/order_items.parquet,2018-03-19
4b21c757f8c1a51d41c1653e15d8f289,1,417e213344336988e562ccc3975987f4,40d54b51e962dbe09cabbcfd33298dee,2018-04-05 13:55:20,262.39,12.46,2018-03-31,2018-04-05 13:55:20.000000,2026-08-27T05:17:09.287600+00:00,D:/D drive recovery/Shiva JH/Projects/OneLake Medallion/data/landing/2018-03-31/order_items.parquet,2018-03-31
7b73889e40574f23f35f71c026fb141c,1,bee2e070c39f3dd2f6883a17a5f0da45,4e922959ae960d389249c378d1c939f5,2018-04-10 12:50:20,180.0,9.56,2018-03-31,2018-04-10 12:50:20.000000,2026-08-27T05:17:09.287600+00:00,D:/D drive recovery/Shiva JH/Projects/OneLake Medallion/data/landing/2018-03-31/order_items.parquet,2018-03-31
99ca8b25a7b584ec1b48b0a857a9211b,1,ac2bcc51d3c713389dd531c5af569f3c,6edacfd9f9074789dad6d62ba7950b9c,2018-04-05 11:27:19,39.9,15.23,2018-03-31,2018-04-05 11:27:19.000000,2026-08-27T05:17:09.287600+00:00,D:/D drive recovery/Shiva JH/Projects/OneLake Medallion/data/landing/2018-03-31/order_items.parquet,2018-03-31
99ca8b25a7b584ec1b48b0a857a9211b,2,ac2bcc51d3c713389dd531c5af569f3c,6edacfd9f9074789dad6d62ba7950b9c,2018-04-05 11:27:19,39.9,15.23,2018-03-31,2018-04-05 11:27:19.000000,2026-08-27T05:17:09.287600+00:00,D:/D drive recovery/Shiva JH/Projects/OneLake Medallion/data/landing/2018-03-31/order_items.parquet,2018-03-31
1a58f35be1cae85f27119089958d5c7a,1,41fbde40144efcd09db07250981d7b93,5d0363b33554b373851fc1622e4d5f3c,2018-04-19 12:50:53,60.9,14.29,2018-04-12,2018-04-19 12:50:53.000000,2026-08-27T05:17:09.287600+00:00,D:/D drive recovery/Shiva JH/Projects/OneLake Medallion/data/landing/2018-04-12/order_items.parquet,2018-04-12
408df9004bd631081333aab0584bcfe4,1,f264c1d9b20b5e4a340254d0405e613b,7a67c85e85bb2ce8582c35f2203ad736,2018-04-18 09:30:11,72.99,11.15,2018-04-12,2018-04-18 09:30:11.000000,2026-08-27T05:17:09.287600+00:00,D:/D drive recovery/Shiva JH/Projects/OneLake Medallion/data/landing/2018-04-12/order_items.parquet,2018-04-12
564d8bd235927df0c8c8bfe8ff4aee6d,1,1a405418406359cc2b8815f93bf359c2,4d6d651bd7684af3fffabd5f08d12e5a,2018-04-19 14:35:18,139.9,20.32,2018-04-12,2018-04-19 14:35:18.000000,2026-08-27T05:17:09.287600+00:00,D:/D drive recovery/Shiva JH/Projects/OneLake Medallion/data/landing/2018-04-12/order_items.parquet,2018-04-12
801486e590af3202e69113a4542ef133,1,c38458375b2a89d0c8a6313b016dcdc7,ececbfcff9804a2d6b40f589df8eef2b,2018-04-19 13:15:27,55.49,12.83,2018-04-12,2018-04-19 13:15:27.000000,2026-08-27T05:17:09.287600+00:00,D:/D drive recovery/Shiva JH/Projects/OneLake Medallion/data/landing/2018-04-12/order_items.parquet,2018-04-12
b109cd82203e670b7963d9945099ca6b,1,216d7596db68f81bfea69726dd1e5545,5cf13accae3222c70a9cac40818ae839,2018-04-19 12:50:52,99.9,19.67,2018-04-12,2018-04-19 12:50:52.000000,2026-08-27T05:17:09.287600+00:00,D:/D drive recovery/Shiva JH/Projects/OneLake Medallion/data/landing/2018-04-12/order_items.parquet,2018-04-12
0d0665d64b4dd1dae2ed97fa92509144,1,9dfb2984ab775b6175202b9e9e678641,4830e40640734fc1c52cd21127c341d4,2018-04-30 09:30:50,50.0,12.79,2018-04-24,2018-04-30 09:30:50.000000,2026-08-27T05:17:09.287600+00:00,D:/D drive recovery/Shiva JH/Projects/OneLake Medallion/data/landing/2018-04-24/order_items.parquet,2018-04-24
1efe916e0147732877ae7c2ae6a245ba,1,f27aff266ad97e75d4a24c893b2c311e,f62d7bb4a613ec758a03342d46b580b2,2018-04-30 15:31:50,750.0,106.89,2018-04-24,2018-04-30 15:31:50.000000,2026-08-27T05:17:09.287600+00:00,D:/D drive recovery/Shiva JH/Projects/OneLake Medallion/data/landing/2018-04-24/order_items.parquet,2018-04-24
37f699e1c2746962c33774a34872fad7,1,c10524227a6e64172e6eddcc91279aab,b499c00f28f4b7069ff6550af8c1348a,2018-05-02 08:51:58,215.99,63.31,2018-04-24,2018-05-02 08:51:58.000000,2026-08-27T05:17:09.287600+00:00,D:/D drive recovery/Shiva JH/Projects/OneLake Medallion/data/landing/2018-04-24/order_items.parquet,2018-04-24
39840651d975d5a257f08661d376e085,1,af532b7b70d7b3c1a2f042eb10fed9be,fa1c13f2614d7b5c4749cbc52fecda94,2018-05-01 23:30:22,299.9,19.98,2018-04-24,2018-05-01 23:30:22.000000,2026-08-27T05:17:09.287600+00:00,D:/D drive recovery/Shiva JH/Projects/OneLake Medallion/data/landing/2018-04-24/order_items.parquet,2018-04-24
3d0edcf47a5092f12524fc91a5fbdaee,1,89321f94e35fc6d7903d36f74e351d40,16090f2ca825584b5a147ab24aa30c86,2018-05-01 23:31:13,27.9,50.85,2018-04-24,2018-05-01 23:31:13.000000,2026-08-27T05:17:09.287600+00:00,D:/D drive recovery/Shiva JH/Projects/OneLake Medallion/data/landing/2018-04-24/order_items.parquet,2018-04-24
590ab3344f70c64950c4108f56f56280,1,0496a7015a17628712e8720db133092b,2ff97219cb8622eaf3cd89b7d9c09824,2018-04-30 13:31:57,109.9,42.83,2018-04-24,2018-04-30 13:31:57.000000,2026-08-27T05:17:09.287600+00:00,D:/D drive recovery/Shiva JH/Projects/OneLake Medallion/data/landing/2018-04-24/order_items.parquet,2018-04-24
a843db5b5fcf2b053e8ae0b87b02ffdc,1,a60613d36f37a7b27d3344f40f6a7945,ad420dd0c4f92f8af951ac24b86d0cf5,2018-04-30 00:31:20,160.0,19.0,2018-04-24,2018-04-30 00:31:20.000000,2026-08-27T05:17:09.287600+00:00,D:/D drive recovery/Shiva JH/Projects/OneLake Medallion/data/landing/2018-04-24/order_items.parquet,2018-04-24
cea7e28bd63ef382ebf6010b228208f2,1,2948658cb6abc82847412be7201bfc4c,955fee9216a65b617aa5c0531780ce60,2018-04-30 14:30:55,110.0,18.85,2018-04-24,2018-04-30 14:30:55.000000,2026-08-27T05:17:09.287600+00:00,D:/D drive recovery/Shiva JH/Projects/OneLake Medallion/data/landing/2018-04-24/order_items.parquet,2018-04-24
d916bc63daa29deee391ab3e479e2923,1,0bcc3eeca39e1064258aa1e932269894,1f50f920176fa81dab994f9023523100,2018-05-03 03:51:39,53.9,16.07,2018-04-24,2018-05-03 03:51:39.000000,2026-08-27T05:17:09.287600+00:00,D:/D drive recovery/Shiva JH/Projects/OneLake Medallion/data/landing/2018-04-24/order_items.parquet,2018-04-24
e8ddca0d6240b571472906ab8a331f85,1,f0606ca7e8022a81e0fa25ea3e334717,1da3aeb70d7989d1e6d9b0e887f97c23,2018-04-30 20:30:38,39.99,8.88,2018-04-24,2018-04-30 20:30:38.000000,2026-08-27T05:17:09.287600+00:00,D:/D drive recovery/Shiva JH/Projects/OneLake Medallion/data/landing/2018-04-24/order_items.parquet,2018-04-24
048937ad68e3d2ec6e64f5105184589d,1,4f915391faab8ae23c234735d5080c31,4869f7a5dfa277a7dca6462dcf3b52b2,2018-05-10 15:50:45,735.0,55.65,2018-05-06,2018-05-10 15:50:45.000000,2026-08-27T05:17:09.287600+00:00,D:/D drive recovery/Shiva JH/Projects/OneLake Medallion/data/landing/2018-05-06/order_items.parquet,2018-05-06
04b9b5e585a9c4f0a8e54706eb6dca47,1,36eed9a4d7d8e8ef649fa2371ec6eacf,282f23a9769b2690c5dda22e316f9941,2018-05-14 19:52:57,53.24,15.22,2018-05-06,2018-05-14 19:52:57.000000,2026-08-27T05:17:09.287600+00:00,D:/D drive recovery/Shiva JH/Projects/OneLake Medallion/data/landing/2018-05-06/order_items.parquet,2018-05-06
96e427c3f1f84bc2ae037b8ca5d22110,1,461f43be3bdf8844e65b62d9ac2c7a5a,7d13fca15225358621be4086e1eb0964,2018-05-11 15:13:49,118.0,18.71,2018-05-06,2018-05-11 15:13:49.000000,2026-08-27T05:17:09.287600+00:00,D:/D drive recovery/Shiva JH/Projects/OneLake Medallion/data/landing/2018-05-06/order_items.parquet,2018-05-06
aa2cd8b186c94011da9d0f80785a3f20,1,ceb9200bc33732558224476d75815c32,cbf09e831b0c11f6f23ffb51004db972,2018-05-14 04:54:17,53.9,12.43,2018-05-06,2018-05-14 04:54:17.000000,2026-08-27T05:17:09.287600+00:00,D:/D drive recovery/Shiva JH/Projects/OneLake Medallion/data/landing/2018-05-06/order_items.parquet,2018-05-06
1565a76a3a30915bbcab8d5e698836cc,1,cac9e5692471a0700418aa3400b9b2b1,7ea5bfa6c340f58f8e71fc1f0412b0d6,2018-05-23 13:26:09,99.49,9.43,2018-05-18,2018-05-23 13:26:09.000000,2026-08-27T05:17:09.287600+00:00,D:/D drive recovery/Shiva JH/Projects/OneLake Medallion/data/landing/2018-05-18/order_items.parquet,2018-05-18
36dc666b3287023e11e5497252e98707,1,d0349534ab9b46b98d13a53051310f24,229c3efbfb0ea2058de4ccdfbc3d784a,2018-05-22 16:58:35,67.0,17.18,2018-05-18,2018-05-22 16:58:35.000000,2026-08-27T05:17:09.287600+00:00,D:/D drive recovery/Shiva JH/Projects/OneLake Medallion/data/landing/2018-05-18/order_items.parquet,2018-05-18
3e153abd068ad6638364a06df17cdc5d,1,0b6a32b32a7dc68b12e8a0e0805c44d5,fa1c13f2614d7b5c4749cbc52fecda94,2018-05-23 09:31:12,195.9,8.56,2018-05-18,2018-05-23 09:31:12.000000,2026-08-27T05:17:09.287600+00:00,D:/D drive recovery/Shiva JH/Projects/OneLake Medallion/data/landing/2018-05-18/order_items.parquet,2018-05-18
4872f8ddca1a62529306384f9c48cbae,1,a76d6212f99d1253fb7bcfe02ce87d8a,8b321bb669392f5163d04c59e235e066,2018-05-28 09:30:59,9.0,18.23,2018-05-18,2018-05-28 09:30:59.000000,2026-08-27T05:17:09.287600+00:00,D:/D drive recovery/Shiva JH/Projects/OneLake Medallion/data/landing/2018-05-18/order_items.parquet,2018-05-18
8f1b87d8fb573caa3a4f426564eb3e8d,1,d6aa421b9567e3e2a3a0caf8fb846cbc,99a54764c341d5dc80b4a8fac4eba3fb,2018-05-22 14:57:31,41.8,13.71,2018-05-18,2018-05-22 14:57:31.000000,2026-08-27T05:17:09.287600+00:00,D:/D drive recovery/Shiva JH/Projects/OneLake Medallion/data/landing/2018-05-18/order_items.parquet,2018-05-18
8f1b87d8fb573caa3a4f426564eb3e8d,2,d6aa421b9567e3e2a3a0caf8fb846cbc,99a54764c341d5dc80b4a8fac4eba3fb,2018-05-22 14:57:31,41.8,13.71,2018-05-18,2018-05-22 14:57:31.000000,2026-08-27T05:17:09.287600+00:00,D:/D drive recovery/Shiva JH/Projects/OneLake Medallion/data/landing/2018-05-18/order_items.parquet,2018-05-18
a4423627568451619a53fb219d9ab5e9,1,d285360f29ac7fd97640bf0baef03de0,2eb70248d66e0e3ef83659f71b244378,2018-05-30 15:31:27,248.0,8.6,2018-05-18,2018-05-30 15:31:27.000000,2026-08-27T05:17:09.287600+00:00,D:/D drive recovery/Shiva JH/Projects/OneLake Medallion/data/landing/2018-05-18/order_items.parquet,2018-05-18
f458316312c3e16919d3eb5f56c95930,1,8aa6223e400af9c97b07c75993142721,1f9ab4708f3056ede07124aad39a2554,2018-05-22 15:37:41,169.9,34.68,2018-05-18,2018-05-22 15:37:41.000000,2026-08-27T05:17:09.287600+00:00,D:/D drive recovery/Shiva JH/Projects/OneLake Medallion/data/landing/2018-05-18/order_items.parquet,2018-05-18
03a77816f8b67ef237ecca2c772c4851,1,0657f64d203d600602279807d6cb1dd8,4f0d637c1197fd65405ebd755ac9f86b,2018-06-11 04:30:57,89.9,19.6,2018-05-30,2018-06-11 04:30:57.000000,2026-08-27T05:17:09.287600+00:00,D:/D drive recovery/Shiva JH/Projects/OneLake Medallion/data/landing/2018-05-30/order_items.parquet,2018-05-30
47aa0308326d0c781ffa998ee36dc409,1,6c0405ea1704f19465d1dc6314b1a9e5,2138ccb85b11a4ec1e37afbd1c8eda1f,2018-06-08 03:15:22,18.99,7.39,2018-05-30,2018-06-08 03:15:22.000000,2026-08-27T05:17:09.287600+00:00,D:/D drive recovery/Shiva JH/Projects/OneLake Medallion/data/landing/2018-05-30/order_items.parquet,2018-05-30
b528343ff0b10c32c5c7baf68f6536ba,1,71b157e39523e25558ed9cc1960c3fbd,cfb1a033743668a192316f3c6d1d2671,2018-06-07 15:15:14,19.8,11.78,2018-05-30,2018-06-07 15:15:14.000000,2026-08-27T05:17:09.287600+00:00,D:/D drive recovery/Shiva JH/Projects/OneLake Medallion/data/landing/2018-05-30/order_items.parquet,2018-05-30
b528343ff0b10c32c5c7baf68f6536ba,2,71b157e39523e25558ed9cc1960c3fbd,cfb1a033743668a192316f3c6d1d2671,2018-06-07 15:15:14,19.8,11.78,2018-05-30,2018-06-07 15:15:14.000000,2026-08-27T05:17:09.287600+00:00,D:/D drive recovery/Shiva JH/Projects/OneLake Medallion/data/landing/2018-05-30/order_items.parquet,2018-05-30
b528343ff0b10c32c5c7baf68f6536ba,3,02ed3b595447e948efc3eac897e4df0e,640e21a7d01df7614a3b4923e990d40c,2018-06-07 15:15:14,40.35,5.89,2018-05-30,2018-06-07 15:15:14.000000,2026-08-27T05:17:09.287600+00:00,D:/D drive recovery/Shiva JH/Projects/OneLake Medallion/data/landing/2018-05-30/order_items.parquet,2018-05-30
3bdf42bf290aa910a8df3ece52413067,1,71f2ce4ae5dfdd3b55a51c7a2d3c4da8,72c5da29406b4234927b81855e7b64f6,2018-06-18 05:16:41,579.99,26.6,2018-06-11,2018-06-18 05:16:41.000000,2026-08-27T05:17:09.287600+00:00,D:/D drive recovery/Shiva JH/Projects/OneLake Medallion/data/landing/2018-06-11/order_items.parquet,2018-06-11
4c93b283893b057fe314b13138f01119,1,c8c6a88c8537b9fd660544f7b1eeb307,715bbd5ba4e6b74cb0d2f29eb45058b0,2018-06-13 18:32:32,39.9,23.08,2018-06-11,2018-06-13 18:32:32.000000,2026-08-27T05:17:09.287600+00:00,D:/D drive recovery/Shiva JH/Projects/OneLake Medallion/data/landing/2018-06-11/order_items.parquet,2018-06-11
73c772511dcde525870ffbe869770da0,1,eed58af018f022f0dbd193a8e81b9321,8d956fec2e4337affcb520f56fd8cbfd,2018-06-13 08:31:14,26.99,7.39,2018-06-11,2018-06-13 08:31:14.000000,2026-08-27T05:17:09.287600+00:00,D:/D drive recovery/Shiva JH/Projects/OneLake Medallion/data/landing/2018-06-11/order_items.parquet,2018-06-11
7ac7aa6251f124754c968e2a83346b96,1,f350db8fa8baef574660ca4ecc96180f,dbd66278cbfe1aa1000f90a217ca4695,2018-06-14 04:31:37,45.9,11.34,2018-06-11,2018-06-14 04:31:37.000000,2026-08-27T05:17:09.287600+00:00,D:/D drive recovery/Shiva JH/Projects/OneLake Medallion/data/landing/2018-06-11/order_items.parquet,2018-06-11
7ac7aa6251f124754c968e2a83346b96,2,f350db8fa8baef574660ca4ecc96180f,dbd66278cbfe1aa1000f90a217ca4695,2018-06-14 04:31:37,45.9,11.34,2018-06-11,2018-06-14 04:31:37.000000,2026-08-27T05:17:09.287600+00:00,D:/D drive recovery/Shiva JH/Projects/OneLake Medallion/data/landing/2018-06-11/order_items.parquet,2018-06-11
8115c56b23b02cb96cdfce13531a5a7d,1,d103a59e482517dd37f6865b1bf5499d,8629c241b3622ac12cd4118afdc8d394,2018-06-20 04:31:36,99.06,15.0,2018-06-11,2018-06-20 04:31:36.000000,2026-08-27T05:17:09.287600+00:00,D:/D drive recovery/Shiva JH/Projects/OneLake Medallion/data/landing/2018-06-11/order_items.parquet,2018-06-11
9433f58821239b782c8861534af7e5bd,1,c1617123e66d2491ca93ceadfd36203e,b2479f944e1b90cf8a5de1bbfde284d6,2018-06-15 17:59:14,54.99,14.7,2018-06-11,2018-06-15 17:59:14.000000,2026-08-27T05:17:09.287600+00:00,D:/D drive recovery/Shiva JH/Projects/OneLake Medallion/data/landing/2018-06-11/order_items.parquet,2018-06-11
d55b88c264e0cacf41c8f8ce846bc1ee,1,6e135c0c17d87c489e2f89efe42b948a,7681ef142fd2c19048da7430856b5588,2018-06-13 23:30:46,730.0,55.72,2018-06-11,2018-06-13 23:30:46.000000,2026-08-27T05:17:09.287600+00:00,D:/D drive recovery/Shiva JH/Projects/OneLake Medallion/data/landing/2018-06-11/order_items.parquet,2018-06-11
070a62ae87136bfbe6ef6d0e2883cda5,1,53ae5df71df97b2b9abee97ce1e1b8f1,8444e55c1f13cd5c179851e5ca5ebd00,2018-07-13 05:31:23,299.0,44.37,2018-06-23,2018-07-13 05:31:23.000000,2026-08-27T05:17:09.287600+00:00,D:/D drive recovery/Shiva JH/Projects/OneLake Medallion/data/landing/2018-06-23/order_items.parquet,2018-06-23
17f6822b66a6bb2281a02c2c906336a8,1,bdcf6a834e8faa30dac3886c7a58e92e,2a84855fd20af891be03bc5924d2b453,2018-06-26 19:55:52,35.9,15.32,2018-06-23,2018-06-26 19:55:52.000000,2026-08-27T05:17:09.287600+00:00,D:/D drive recovery/Shiva JH/Projects/OneLake Medallion/data/landing/2018-06-23/order_items.parquet,2018-06-23
764bcaebe1a019d6c12165f67656db9b,1,2ce17ef87d6bb64be1a0b36a4a614ced,b4f8921fcc4ff77b66bea6dda43dcd51,2018-06-28 18:18:52,63.36,39.47,2018-06-23,2018-06-28 18:18:52.000000,2026-08-27T05:17:09.287600+00:00,D:/D drive recovery/Shiva JH/Projects/OneLake Medallion/data/landing/2018-06-23/order_items.parquet,2018-06-23
764bcaebe1a019d6c12165f67656db9b,2,2ce17ef87d6bb64be1a0b36a4a614ced,b4f8921fcc4ff77b66bea6dda43dcd51,2018-06-28 18:18:52,63.36,39.47,2018-06-23,2018-06-28 18:18:52.000000,2026-08-27T05:17:09.287600+00:00,D:/D drive recovery/Shiva JH/Projects/OneLake Medallion/data/landing/2018-06-23/order_items.parquet,2018-06-23
764bcaebe1a019d6c12165f67656db9b,3,a2ba5bcfe3ee03832bf8f324caa32dad,b4f8921fcc4ff77b66bea6dda43dcd51,2018-06-28 18:18:52,190.06,19.73,2018-06-23,2018-06-28 18:18:52.000000,2026-08-27T05:17:09.287600+00:00,D:/D drive recovery/Shiva JH/Projects/OneLake Medallion/data/landing/2018-06-23/order_items.parquet,2018-06-23
95ab576c40cc5e27afe26b35bf6198eb,1,7a5d0e89d069c89b2112e9da539343c2,688756f717c462a206ad854c5027a64a,2018-06-28 15:30:53,119.0,23.63,2018-06-23,2018-06-28 15:30:53.000000,2026-08-27T05:17:09.287600+00:00,D:/D drive recovery/Shiva JH/Projects/OneLake Medallion/data/landing/2018-06-23/order_items.parquet,2018-06-23
caef45ebcbb19b79936b20d0bf662db3,1,b192be433004cc1f10b467c0e9ea309b,de722cd6dad950a92b7d4f82673f8833,2018-06-26 12:59:53,197.5,39.65,2018-06-23,2018-06-26 12:59:53.000000,2026-08-27T05:17:09.287600+00:00,D:/D drive recovery/Shiva JH/Projects/OneLake Medallion/data/landing/2018-06-23/order_items.parquet,2018-06-23
1905071c46575209972c8c3e9e8d2ee8,1,9f10eed205ecad4edb9002f9d0b62ac8,729b2d09b2a0bdab221076327f13d050,2018-07-02 22:31:38,29.99,12.87,2018-06-26,2018-07-02 22:31:38.000000,2026-08-27T05:17:09.287600+00:00,D:/D drive recovery/Shiva JH/Projects/OneLake Medallion/data/landing/2018-06-26/order_items.parquet,2018-06-26
1905071c46575209972c8c3e9e8d2ee8,2,9f10eed205ecad4edb9002f9d0b62ac8,729b2d09b2a0bdab221076327f13d050,2018-07-02 22:31:38,29.99,12.87,2018-06-26,2018-07-02 22:31:38.000000,2026-08-27T05:17:09.287600+00:00,D:/D drive recovery/Shiva JH/Projects/OneLake Medallion/data/landing/2018-06-26/order_items.parquet,2018-06-26
621be24850f6edd2e8dbd75a0f19668a,1,86b905f8e48ccc43feec909bd9b934fb,710e3548e02bc1d2831dfc4f1b5b14d4,2018-07-05 15:15:55,299.99,17.17,2018-06-26,2018-07-05 15:15:55.000000,2026-08-27T05:17:09.287600+00:00,D:/D drive recovery/Shiva JH/Projects/OneLake Medallion/data/landing/2018-06-26/order_items.parquet,2018-06-26
7dba3fad5219968d9c9d8e03aa43bb35,1,1ecaa47c3ade7f098ca5dd97e8dcb018,ef506c96320abeedfb894c34db06f478,2018-07-02 17:31:35,25.0,15.28,2018-06-26,2018-07-02 17:31:35.000000,2026-08-27T05:17:09.287600+00:00,D:/D drive recovery/Shiva JH/Projects/OneLake Medallion/data/landing/2018-06-26/order_items.parquet,2018-06-26
98efb98b2ba4d80a561ae49d4525ccac,1,0fc323f82937aa2d350753be764a155f,4978a02ea9c8be7a9b5480680f40334e,2018-06-28 18:30:23,57.99,25.39,2018-06-26,2018-06-28 18:30:23.000000,2026-08-27T05:17:09.287600+00:00,D:/D drive recovery/Shiva JH/Projects/OneLake Medallion/data/landing/2018-06-26/order_items.parquet,2018-06-26
a4425e2bccba621150a07a685cf063be,1,f53103a77d9cf245e579ea37e5ec51f0,1835b56ce799e6a4dc4eddc053f04066,2018-06-29 14:57:15,41.99,13.87,2018-06-26,2018-06-29 14:57:15.000000,2026-08-27T05:17:09.287600+00:00,D:/D drive recovery/Shiva JH/Projects/OneLake Medallion/data/landing/2018-06-26/order_items.parquet,2018-06-26
a4425e2bccba621150a07a685cf063be,2,f53103a77d9cf245e579ea37e5ec51f0,1835b56ce799e6a4dc4eddc053f04066,2018-06-29 14:57:15,41.99,13.87,2018-06-26,2018-06-29 14:57:15.000000,2026-08-27T05:17:09.287600+00:00,D:/D drive recovery/Shiva JH/Projects/OneLake Medallion/data/landing/2018-06-26/order_items.parquet,2018-06-26
ccfe85ff3893b9efe8d101891fdd40ee,1,8e3a9b154a86602302ce789b9eb8b6c7,06a2c3af7b3aee5d69171b0e14f0ee87,2018-07-03 17:10:37,119.99,39.11,2018-06-26,2018-07-03 17:10:37.000000,2026-08-27T05:17:09.287600+00:00,D:/D drive recovery/Shiva JH/Projects/OneLake Medallion/data/landing/2018-06-26/order_items.parquet,2018-06-26
f57b72afcc4b452e33507898aa140ff5,1,368c6c730842d78016ad823897a372db,1f50f920176fa81dab994f9023523100,2018-06-28 13:56:23,49.9,20.99,2018-06-26,2018-06-28 13:56:23.000000,2026-08-27T05:17:09.287600+00:00,D:/D drive recovery/Shiva JH/Projects/OneLake Medallion/data/landing/2018-06-26/order_items.parquet,2018-06-26
f57b72afcc4b452e33507898aa140ff5,2,368c6c730842d78016ad823897a372db,1f50f920176fa81dab994f9023523100,2018-06-28 13:56:23,49.9,20.99,2018-06-26,2018-06-28 13:56:23.000000,2026-08-27T05:17:09.287600+00:00,D:/D drive recovery/Shiva JH/Projects/OneLake Medallion/data/landing/2018-06-26/order_items.parquet,2018-06-26
