order_id,payment_sequential,payment_type,payment_installments,payment_value,order_date,updated_at,_ingested_at,_source_file,_batch_id
8cb4c3b93d004ba346c01cbbc9cf5c73,1,credit_card,4,198.69,2018-07-18,2018-08-09 00:00:00.000000,2026-08-27T05:21:18.103171+00:00,D:/D drive recovery/Shiva JH/Projects/OneLake Medallion/data/landing/2018-07-18/order_payments.parquet,2018-07-18
4870f8be587a9e5643156fb4f22d02e2,1,credit_card,8,95.3,2018-07-18,2018-08-09 00:00:00.000000,2026-08-27T05:21:18.103171+00:00,D:/D drive recovery/Shiva JH/Projects/OneLake Medallion/data/landing/2018-07-18/order_payments.parquet,2018-07-18
8a16ff3cd34e92ae56b0bdcb66dc56e3,1,credit_card,1,48.43,2018-07-18,2018-07-27 00:00:00.000000,2026-08-27T05:21:18.103171+00:00,D:/D drive recovery/Shiva JH/Projects/OneLake Medallion/data/landing/2018-07-18/order_payments.parquet,2018-07-18
1a4514c5462bbdb806d15e6b241c7a70,1,credit_card,1,40.25,2018-07-18,2018-08-02 00:00:00.000000,2026-08-27T05:21:18.103171+00:00,D:/D drive recovery/Shiva JH/Projects/OneLake Medallion/data/landing/2018-07-18/order_payments.parquet,2018-07-18
39f59663a51684e7a63cb122f615af62,1,boleto,1,218.07,2018-07-18,2018-08-15 00:00:00.000000,2026-08-27T05:21:18.103171+00:00,D:/D drive recovery/Shiva JH/Projects/OneLake Medallion/data/landing/2018-07-18/order_payments.parquet,2018-07-18
162f8986e2cc7a5fca25fd4be685b98d,1,credit_card,8,87.88,2018-07-18,2018-08-13 00:00:00.000000,2026-08-27T05:21:18.103171+00:00,D:/D drive recovery/Shiva JH/Projects/OneLake Medallion/data/landing/2018-07-18/order_payments.parquet,2018-07-18
818bd343c0073f9624ca1801fd39f4db,1,credit_card,1,51.52,2018-07-18,2018-07-26 00:00:00.000000,2026-08-27T05:21:18.103171+00:00,D:/D drive recovery/Shiva JH/Projects/OneLake Medallion/data/landing/2018-07-18/order_payments.parquet,2018-07-18
af8f5e473ef8dd20e4357b3bddf1accd,1,credit_card,1,141.98,2018-07-18,2018-08-03 00:00:00.000000,2026-08-27T05:21:18.103171+00:00,D:/D drive recovery/Shiva JH/Projects/OneLake Medallion/data/landing/2018-07-18/order_payments.parquet,2018-07-18
701a22b8c16c09a0c9514c41dfbf28de,1,credit_card,1,85.65,2018-07-18,2018-08-08 00:00:00.000000,2026-08-27T05:21:18.103171+00:00,D:/D drive recovery/Shiva JH/Projects/OneLake Medallion/data/landing/2018-07-18/order_payments.parquet,2018-07-18
192280704cc4c1f82086c55f0622f09b,1,credit_card,8,82.33,2018-07-18,2018-08-15 00:00:00.000000,2026-08-27T05:21:18.103171+00:00,D:/D drive recovery/Shiva JH/Projects/OneLake Medallion/data/landing/2018-07-18/order_payments.parquet,2018-07-18
9419274d2366b746f60fce753c5a3618,1,credit_card,5,124.5,2018-07-22,2018-08-13 00:00:00.000000,2026-08-27T05:21:50.737679+00:00,D:/D drive recovery/Shiva JH/Projects/OneLake Medallion/data/landing/2018-07-22/order_payments.parquet,2018-07-22
d9d8dc6068a3a115e15bc276d53afc8e,1,credit_card,1,46.03,2018-07-22,2018-08-20 00:00:00.000000,2026-08-27T05:21:50.737679+00:00,D:/D drive recovery/Shiva JH/Projects/OneLake Medallion/data/landing/2018-07-22/order_payments.parquet,2018-07-22
05a5446738fb49ff21e44d318df1189d,1,credit_card,8,231.15,2018-07-22,2018-08-16 00:00:00.000000,2026-08-27T05:21:50.737679+00:00,D:/D drive recovery/Shiva JH/Projects/OneLake Medallion/data/landing/2018-07-22/order_payments.parquet,2018-07-22
19a3924da2b67dee34bf1f76a7689459,1,credit_card,1,68.4,2018-07-23,2018-08-08 00:00:00.000000,2026-08-27T05:22:03.203712+00:00,D:/D drive recovery/Shiva JH/Projects/OneLake Medallion/data/landing/2018-07-23/order_payments.parquet,2018-07-23
b6e50b69ddbd5210737d0c881056771d,1,credit_card,8,192.9,2018-07-23,2018-08-16 00:00:00.000000,2026-08-27T05:22:03.203712+00:00,D:/D drive recovery/Shiva JH/Projects/OneLake Medallion/data/landing/2018-07-23/order_payments.parquet,2018-07-23
f717c8f177b0e2927fb48196bc6b6383,1,credit_card,4,52.13,2018-07-23,2018-08-14 00:00:00.000000,2026-08-27T05:22:03.203712+00:00,D:/D drive recovery/Shiva JH/Projects/OneLake Medallion/data/landing/2018-07-23/order_payments.parquet,2018-07-23
72729c533aa3957ddd96bcbc9237a49b,1,credit_card,2,137.75,2018-07-23,2018-08-07 00:00:00.000000,2026-08-27T05:22:03.203712+00:00,D:/D drive recovery/Shiva JH/Projects/OneLake Medallion/data/landing/2018-07-23/order_payments.parquet,2018-07-23
6f21ad30200f041d3f19995a8718cd11,1,boleto,1,53.53,2018-07-23,2018-07-31 00:00:00.000000,2026-08-27T05:22:03.203712+00:00,D:/D drive recovery/Shiva JH/Projects/OneLake Medallion/data/landing/2018-07-23/order_payments.parquet,2018-07-23
47d248c19f5affa1ef2a5b91c8006ddf,1,boleto,1,211.5,2018-07-23,2018-08-13 00:00:00.000000,2026-08-27T05:22:03.203712+00:00,D:/D drive recovery/Shiva JH/Projects/OneLake Medallion/data/landing/2018-07-23/order_payments.parquet,2018-07-23
62a575a2a9f2c005b7ec7ff7dd76d5ee,1,credit_card,4,127.64,2018-07-23,2018-08-16 00:00:00.000000,2026-08-27T05:22:03.203712+00:00,D:/D drive recovery/Shiva JH/Projects/OneLake Medallion/data/landing/2018-07-23/order_payments.parquet,2018-07-23
04749a8c0b72cda9ebbd79d27a0d1e40,1,credit_card,4,232.43,2018-07-23,2018-08-16 00:00:00.000000,2026-08-27T05:22:03.203712+00:00,D:/D drive recovery/Shiva JH/Projects/OneLake Medallion/data/landing/2018-07-23/order_payments.parquet,2018-07-23
f69cf3b291cebc67406533d345c21e01,1,boleto,1,88.29,2018-07-23,2018-08-22 00:00:00.000000,2026-08-27T05:22:03.203712+00:00,D:/D drive recovery/Shiva JH/Projects/OneLake Medallion/data/landing/2018-07-23/order_payments.parquet,2018-07-23
e9583867c3868714af8937a417c1adc5,1,credit_card,1,64.71,2018-07-23,2018-08-16 00:00:00.000000,2026-08-27T05:22:03.203712+00:00,D:/D drive recovery/Shiva JH/Projects/OneLake Medallion/data/landing/2018-07-23/order_payments.parquet,2018-07-23
bb953a084ab406da9e19dfdc06df0245,1,credit_card,1,65.34,2018-07-29,2018-09-03 00:00:00.000000,2026-08-27T05:23:04.653227+00:00,D:/D drive recovery/Shiva JH/Projects/OneLake Medallion/data/landing/2018-07-29/order_payments.parquet,2018-07-29
d1ab8de1e279bd8a55e4135f83d5c599,1,credit_card,10,198.48,2018-07-29,2018-08-10 00:00:00.000000,2026-08-27T05:23:04.653227+00:00,D:/D drive recovery/Shiva JH/Projects/OneLake Medallion/data/landing/2018-07-29/order_payments.parquet,2018-07-29
d66c390445566a6735c7a703c75e4e68,1,boleto,1,110.71,2018-07-29,2018-08-06 00:00:00.000000,2026-08-27T05:23:04.653227+00:00,D:/D drive recovery/Shiva JH/Projects/OneLake Medallion/data/landing/2018-07-29/order_payments.parquet,2018-07-29
fd7ad9fe2a5c9cf444bd25691f4900d9,1,credit_card,4,165.26,2018-07-29,2018-08-20 13:22:31.000000,2026-08-27T05:23:04.653227+00:00,D:/D drive recovery/Shiva JH/Projects/OneLake Medallion/data/landing/2018-07-29/order_payments.parquet,2018-07-29
a7dc01ae91acf2567d1367a25ce303e5,1,credit_card,1,53.37,2018-07-29,2018-08-10 00:00:00.000000,2026-08-27T05:23:04.653227+00:00,D:/D drive recovery/Shiva JH/Projects/OneLake Medallion/data/landing/2018-07-29/order_payments.parquet,2018-07-29
b41055f900d670bae8cfbf3a8df79d8c,1,credit_card,1,48.93,2018-07-29,2018-08-08 00:00:00.000000,2026-08-27T05:23:04.653227+00:00,D:/D drive recovery/Shiva JH/Projects/OneLake Medallion/data/landing/2018-07-29/order_payments.parquet,2018-07-29
4ed4fa202c468c14366fbf603c8698fd,1,credit_card,3,72.18,2018-07-29,2018-08-22 00:00:00.000000,2026-08-27T05:23:04.653227+00:00,D:/D drive recovery/Shiva JH/Projects/OneLake Medallion/data/landing/2018-07-29/order_payments.parquet,2018-07-29
614c7adfc74985b5d111c1e38f0ad0cd,1,credit_card,18,194.33,2018-07-29,2018-08-21 00:00:00.000000,2026-08-27T05:23:04.653227+00:00,D:/D drive recovery/Shiva JH/Projects/OneLake Medallion/data/landing/2018-07-29/order_payments.parquet,2018-07-29
ebd7da4bdaffcf5891595b0f78707bba,1,credit_card,1,32.22,2018-07-28,2018-08-22 00:00:00.000000,2026-08-27T05:22:53.299498+00:00,D:/D drive recovery/Shiva JH/Projects/OneLake Medallion/data/landing/2018-07-28/order_payments.parquet,2018-07-28
98546163385352e1876cead1613db3d1,1,credit_card,10,256.77,2018-07-28,2018-08-16 00:00:00.000000,2026-08-27T05:22:53.299498+00:00,D:/D drive recovery/Shiva JH/Projects/OneLake Medallion/data/landing/2018-07-28/order_payments.parquet,2018-07-28
a6288025a106ed8a4db8010e42d44577,1,voucher,1,31.71,2018-07-28,2018-08-27 00:00:00.000000,2026-08-27T05:22:53.299498+00:00,D:/D drive recovery/Shiva JH/Projects/OneLake Medallion/data/landing/2018-07-28/order_payments.parquet,2018-07-28
b7fa03eeccba341d5ab0dc86bfb1b08c,1,credit_card,1,103.05,2018-07-28,2018-08-03 00:00:00.000000,2026-08-27T05:22:53.299498+00:00,D:/D drive recovery/Shiva JH/Projects/OneLake Medallion/data/landing/2018-07-28/order_payments.parquet,2018-07-28
f85a3babb8f57542a4493f9c45523501,1,debit_card,1,110.33,2018-07-04,2018-07-31 00:00:00.000000,2026-08-27T05:19:16.572190+00:00,D:/D drive recovery/Shiva JH/Projects/OneLake Medallion/data/landing/2018-07-04/order_payments.parquet,2018-07-04
7cedc87ca678cbe2ce928829cee6bf3e,1,boleto,1,85.67,2018-07-04,2018-07-25 00:00:00.000000,2026-08-27T05:19:16.572190+00:00,D:/D drive recovery/Shiva JH/Projects/OneLake Medallion/data/landing/2018-07-04/order_payments.parquet,2018-07-04
7a0f0934c14eafa4b5afc9a590b9386f,1,boleto,1,60.37,2018-07-04,2018-07-24 00:00:00.000000,2026-08-27T05:19:16.572190+00:00,D:/D drive recovery/Shiva JH/Projects/OneLake Medallion/data/landing/2018-07-04/order_payments.parquet,2018-07-04
929ccb6e3021ed4afe8860fe50791967,1,credit_card,8,767.33,2018-07-04,2018-07-26 00:00:00.000000,2026-08-27T05:19:16.572190+00:00,D:/D drive recovery/Shiva JH/Projects/OneLake Medallion/data/landing/2018-07-04/order_payments.parquet,2018-07-04
244e8c98d54a7a388245e6b5b85d37ee,1,credit_card,1,69.32,2018-07-04,2018-07-20 00:00:00.000000,2026-08-27T05:19:16.572190+00:00,D:/D drive recovery/Shiva JH/Projects/OneLake Medallion/data/landing/2018-07-04/order_payments.parquet,2018-07-04
a99d889887e1de4ac286fc3847455a97,1,credit_card,1,116.88,2018-07-04,2018-07-27 00:00:00.000000,2026-08-27T05:19:16.572190+00:00,D:/D drive recovery/Shiva JH/Projects/OneLake Medallion/data/landing/2018-07-04/order_payments.parquet,2018-07-04
d4a72eff3bfdb6ff7667bef4119283e9,1,credit_card,1,112.9,2018-07-04,2018-07-26 00:00:00.000000,2026-08-27T05:19:16.572190+00:00,D:/D drive recovery/Shiva JH/Projects/OneLake Medallion/data/landing/2018-07-04/order_payments.parquet,2018-07-04
004345d16a1ab2c21962992c721c8643,1,voucher,1,53.27,2018-07-04,2018-07-30 00:00:00.000000,2026-08-27T05:19:16.572190+00:00,D:/D drive recovery/Shiva JH/Projects/OneLake Medallion/data/landing/2018-07-04/order_payments.parquet,2018-07-04
2b2354a7ca69d0b7f006aeab04524c12,1,credit_card,2,77.41,2018-07-08,2018-08-13 00:00:00.000000,2026-08-27T05:19:49.478351+00:00,D:/D drive recovery/Shiva JH/Projects/OneLake Medallion/data/landing/2018-07-08/order_payments.parquet,2018-07-08
99d63f07f1159c807e4175e692a8a815,1,boleto,1,93.54,2018-07-08,2018-08-02 00:00:00.000000,2026-08-27T05:19:49.478351+00:00,D:/D drive recovery/Shiva JH/Projects/OneLake Medallion/data/landing/2018-07-08/order_payments.parquet,2018-07-08
425dece5c02ae29542005b6c0a9c3b63,1,credit_card,8,566.09,2018-07-14,2018-08-02 00:00:00.000000,2026-08-27T05:20:45.236672+00:00,D:/D drive recovery/Shiva JH/Projects/OneLake Medallion/data/landing/2018-07-14/order_payments.parquet,2018-07-14
7a8f4f62037bb98afd289fc2ee3da497,1,credit_card,3,186.16,2018-07-14,2018-08-13 00:00:00.000000,2026-08-27T05:20:45.236672+00:00,D:/D drive recovery/Shiva JH/Projects/OneLake Medallion/data/landing/2018-07-14/order_payments.parquet,2018-07-14
c5e30f4818a17e20a66b7277cd2eda07,1,credit_card,8,103.26,2018-07-14,2018-08-15 00:00:00.000000,2026-08-27T05:20:45.236672+00:00,D:/D drive recovery/Shiva JH/Projects/OneLake Medallion/data/landing/2018-07-14/order_payments.parquet,2018-07-14
c4416b46a61a027f858fdc3746644312,1,credit_card,4,312.92,2018-07-14,2018-08-08 00:00:00.000000,2026-08-27T05:20:45.236672+00:00,D:/D drive recovery/Shiva JH/Projects/OneLake Medallion/data/landing/2018-07-14/order_payments.parquet,2018-07-14
628111ec0fcace16f3112336b1138aef,1,credit_card,3,94.74,2018-07-14,2018-08-08 17:46:31.000000,2026-08-27T05:20:45.236672+00:00,D:/D drive recovery/Shiva JH/Projects/OneLake Medallion/data/landing/2018-07-14/order_payments.parquet,2018-07-14
61c77cbdc7ac0a0ded411b067c32baf8,1,credit_card,2,120.65,2018-07-14,2018-08-03 00:00:00.000000,2026-08-27T05:20:45.236672+00:00,D:/D drive recovery/Shiva JH/Projects/OneLake Medallion/data/landing/2018-07-14/order_payments.parquet,2018-07-14
6042c0c3800159373b3343dd442c86bd,1,credit_card,1,123.79,2018-07-14,2018-08-03 00:00:00.000000,2026-08-27T05:20:45.236672+00:00,D:/D drive recovery/Shiva JH/Projects/OneLake Medallion/data/landing/2018-07-14/order_payments.parquet,2018-07-14
13fe5b8b3ad46c558f0c53939589776b,1,credit_card,3,207.78,2018-07-14,2018-09-12 00:00:00.000000,2026-08-27T05:20:45.236672+00:00,D:/D drive recovery/Shiva JH/Projects/OneLake Medallion/data/landing/2018-07-14/order_payments.parquet,2018-07-14
21acd87ab0e70951d2aa3b0cd6445c69,1,credit_card,10,158.04,2018-07-16,2018-07-30 00:00:00.000000,2026-08-27T05:21:01.834505+00:00,D:/D drive recovery/Shiva JH/Projects/OneLake Medallion/data/landing/2018-07-16/order_payments.parquet,2018-07-16
7c6a24cab7128145feb51412987798c6,1,boleto,1,39.97,2018-07-16,2018-07-31 00:00:00.000000,2026-08-27T05:21:01.834505+00:00,D:/D drive recovery/Shiva JH/Projects/OneLake Medallion/data/landing/2018-07-16/order_payments.parquet,2018-07-16
82f4c933483d577ca9f00f49b1203155,1,boleto,1,23.78,2018-07-16,2018-07-31 00:00:00.000000,2026-08-27T05:21:01.834505+00:00,D:/D drive recovery/Shiva JH/Projects/OneLake Medallion/data/landing/2018-07-16/order_payments.parquet,2018-07-16
47e7c69b3f435b43a16da911cf937369,1,boleto,1,47.31,2018-07-16,2018-07-31 00:00:00.000000,2026-08-27T05:21:01.834505+00:00,D:/D drive recovery/Shiva JH/Projects/OneLake Medallion/data/landing/2018-07-16/order_payments.parquet,2018-07-16
1f7ca128c2e0034d8ebe8a38824c0db1,1,credit_card,3,46.29,2018-07-16,2018-08-10 00:00:00.000000,2026-08-27T05:21:01.834505+00:00,D:/D drive recovery/Shiva JH/Projects/OneLake Medallion/data/landing/2018-07-16/order_payments.parquet,2018-07-16
afc68d1f35e9dfe8220c9b9e27647065,1,credit_card,1,67.44,2018-07-16,2018-08-01 00:00:00.000000,2026-08-27T05:21:01.834505+00:00,D:/D drive recovery/Shiva JH/Projects/OneLake Medallion/data/landing/2018-07-16/order_payments.parquet,2018-07-16
6ac314f1970b39cf3b7760803caf3c23,1,boleto,1,131.88,2018-07-16,2018-08-01 00:00:00.000000,2026-08-27T05:21:01.834505+00:00,D:/D drive recovery/Shiva JH/Projects/OneLake Medallion/data/landing/2018-07-16/order_payments.parquet,2018-07-16
fa4e67c2fc9315f348f252ab6490b03c,1,credit_card,1,180.33,2018-07-16,2018-08-10 00:00:00.000000,2026-08-27T05:21:01.834505+00:00,D:/D drive recovery/Shiva JH/Projects/OneLake Medallion/data/landing/2018-07-16/order_payments.parquet,2018-07-16
44d266dec578366b923e9b3a636c8311,1,debit_card,1,99.45,2018-07-16,2018-07-26 00:00:00.000000,2026-08-27T05:21:01.834505+00:00,D:/D drive recovery/Shiva JH/Projects/OneLake Medallion/data/landing/2018-07-16/order_payments.parquet,2018-07-16
ac89e7344d2cb5597d862e338301ef8d,1,credit_card,1,64.91,2018-07-16,2018-08-08 00:00:00.000000,2026-08-27T05:21:01.834505+00:00,D:/D drive recovery/Shiva JH/Projects/OneLake Medallion/data/landing/2018-07-16/order_payments.parquet,2018-07-16
138f041df3644d9ad82f50c67b7bb304,1,credit_card,10,135.28,2018-07-16,2018-08-03 00:00:00.000000,2026-08-27T05:21:01.834505+00:00,D:/D drive recovery/Shiva JH/Projects/OneLake Medallion/data/landing/2018-07-16/order_payments.parquet,2018-07-16
84869ba3df14629b57ca40c491a842e6,1,credit_card,10,113.77,2018-07-27,2018-09-14 17:11:19.000000,2026-08-27T05:22:44.160162+00:00,D:/D drive recovery/Shiva JH/Projects/OneLake Medallion/data/landing/2018-07-27/order_payments.parquet,2018-07-27
b5244709b8ea124be6761680b9966925,1,voucher,1,64.92,2018-07-27,2018-08-10 00:00:00.000000,2026-08-27T05:22:44.160162+00:00,D:/D drive recovery/Shiva JH/Projects/OneLake Medallion/data/landing/2018-07-27/order_payments.parquet,2018-07-27
e5c7ad83fffff48754bc2696e1ea59fb,1,credit_card,2,124.01,2018-07-05,2018-07-24 00:00:00.000000,2026-08-27T05:19:25.318726+00:00,D:/D drive recovery/Shiva JH/Projects/OneLake Medallion/data/landing/2018-07-05/order_payments.parquet,2018-07-05
f0755c7d99a4a7f0bfa967f87d657855,1,credit_card,1,89.49,2018-07-05,2018-08-02 00:00:00.000000,2026-08-27T05:19:25.318726+00:00,D:/D drive recovery/Shiva JH/Projects/OneLake Medallion/data/landing/2018-07-05/order_payments.parquet,2018-07-05
32c1eb77cf7ceaa6358640e4cad0d14c,1,credit_card,3,97.12,2018-07-05,2018-07-18 00:00:00.000000,2026-08-27T05:19:25.318726+00:00,D:/D drive recovery/Shiva JH/Projects/OneLake Medallion/data/landing/2018-07-05/order_payments.parquet,2018-07-05
76eb528b2b3ae258e1c9a8d0eedad2b4,1,credit_card,1,92.73,2018-07-05,2018-08-13 00:00:00.000000,2026-08-27T05:19:25.318726+00:00,D:/D drive recovery/Shiva JH/Projects/OneLake Medallion/data/landing/2018-07-05/order_payments.parquet,2018-07-05
d559ca25e0953705de5c369c8bdebc48,1,credit_card,3,110.46,2018-07-05,2018-07-30 00:00:00.000000,2026-08-27T05:19:25.318726+00:00,D:/D drive recovery/Shiva JH/Projects/OneLake Medallion/data/landing/2018-07-05/order_payments.parquet,2018-07-05
09a5c8d751662bfb96c5a3307619cb36,1,credit_card,7,376.85,2018-07-30,2018-08-13 00:00:00.000000,2026-08-27T05:23:14.286155+00:00,D:/D drive recovery/Shiva JH/Projects/OneLake Medallion/data/landing/2018-07-30/order_payments.parquet,2018-07-30
97445d49acef660b9217b07d0fc1ce3a,1,credit_card,2,145.99,2018-07-30,2018-08-27 00:00:00.000000,2026-08-27T05:23:14.286155+00:00,D:/D drive recovery/Shiva JH/Projects/OneLake Medallion/data/landing/2018-07-30/order_payments.parquet,2018-07-30
e48c42a05954c6542e0631596bfb6fe2,1,credit_card,3,89.21,2018-07-30,2018-08-15 23:52:51.000000,2026-08-27T05:23:14.286155+00:00,D:/D drive recovery/Shiva JH/Projects/OneLake Medallion/data/landing/2018-07-30/order_payments.parquet,2018-07-30
85897c1837af1ba410fee4573c3f16de,1,credit_card,1,173.99,2018-07-30,2018-09-06 00:00:00.000000,2026-08-27T05:23:14.286155+00:00,D:/D drive recovery/Shiva JH/Projects/OneLake Medallion/data/landing/2018-07-30/order_payments.parquet,2018-07-30
cedea2bde15dac9808c6cd430cbf03f4,1,credit_card,8,355.03,2018-07-10,2018-08-01 00:00:00.000000,2026-08-27T05:20:10.324599+00:00,D:/D drive recovery/Shiva JH/Projects/OneLake Medallion/data/landing/2018-07-10/order_payments.parquet,2018-07-10
4e9cb71601575577f2208d3aedf933cc,1,credit_card,1,87.63,2018-07-10,2018-08-17 00:00:00.000000,2026-08-27T05:20:10.324599+00:00,D:/D drive recovery/Shiva JH/Projects/OneLake Medallion/data/landing/2018-07-10/order_payments.parquet,2018-07-10
9d9fcb45ee8881b84ca11e65a913941a,1,boleto,1,71.62,2018-07-10,2018-07-30 00:00:00.000000,2026-08-27T05:20:10.324599+00:00,D:/D drive recovery/Shiva JH/Projects/OneLake Medallion/data/landing/2018-07-10/order_payments.parquet,2018-07-10
4a1c879db7056f078a037fdf72b6d0fc,1,boleto,1,325.82,2018-07-10,2018-07-26 00:00:00.000000,2026-08-27T05:20:10.324599+00:00,D:/D drive recovery/Shiva JH/Projects/OneLake Medallion/data/landing/2018-07-10/order_payments.parquet,2018-07-10
13188f2e3cfdae1480d1552e58d19d7d,1,boleto,1,163.38,2018-07-24,2018-08-01 00:00:00.000000,2026-08-27T05:22:12.203093+00:00,D:/D drive recovery/Shiva JH/Projects/OneLake Medallion/data/landing/2018-07-24/order_payments.parquet,2018-07-24
2af1664ed08d6f1bc9b2c0e743cafded,2,voucher,1,60.0,2018-07-24,2018-08-07 00:00:00.000000,2026-08-27T05:22:12.203093+00:00,D:/D drive recovery/Shiva JH/Projects/OneLake Medallion/data/landing/2018-07-24/order_payments.parquet,2018-07-24
2af1664ed08d6f1bc9b2c0e743cafded,1,credit_card,1,7.54,2018-07-24,2018-08-07 00:00:00.000000,2026-08-27T05:22:12.203093+00:00,D:/D drive recovery/Shiva JH/Projects/OneLake Medallion/data/landing/2018-07-24/order_payments.parquet,2018-07-24
275b46c1b462043f24768a0b168bc654,1,debit_card,1,22.39,2018-07-24,2018-08-09 00:00:00.000000,2026-08-27T05:22:12.203093+00:00,D:/D drive recovery/Shiva JH/Projects/OneLake Medallion/data/landing/2018-07-24/order_payments.parquet,2018-07-24
e299d0b6b42a62df652195edf2b551da,1,credit_card,10,182.82,2018-07-24,2018-08-15 00:00:00.000000,2026-08-27T05:22:12.203093+00:00,D:/D drive recovery/Shiva JH/Projects/OneLake Medallion/data/landing/2018-07-24/order_payments.parquet,2018-07-24
a415ad4db7ac7a8d3f67fa7aeb0d569e,1,credit_card,2,49.59,2018-07-19,2018-08-06 00:00:00.000000,2026-08-27T05:21:26.143436+00:00,D:/D drive recovery/Shiva JH/Projects/OneLake Medallion/data/landing/2018-07-19/order_payments.parquet,2018-07-19
de6ecf700b95b7b8f6d4dbea03fd56dc,1,credit_card,1,35.14,2018-07-19,2018-08-06 00:00:00.000000,2026-08-27T05:21:26.143436+00:00,D:/D drive recovery/Shiva JH/Projects/OneLake Medallion/data/landing/2018-07-19/order_payments.parquet,2018-07-19
87850ccd83d669cf004ea32dd917d6c4,1,boleto,1,192.89,2018-07-19,2018-08-20 00:00:00.000000,2026-08-27T05:21:26.143436+00:00,D:/D drive recovery/Shiva JH/Projects/OneLake Medallion/data/landing/2018-07-19/order_payments.parquet,2018-07-19
d10503eeef371049c26e11de7d6552dc,1,credit_card,1,32.33,2018-07-11,2018-07-20 00:00:00.000000,2026-08-27T05:20:19.296566+00:00,D:/D drive recovery/Shiva JH/Projects/OneLake Medallion/data/landing/2018-07-11/order_payments.parquet,2018-07-11
77e9d2f71c740441b1fce48743b8e358,1,credit_card,3,67.49,2018-07-11,2018-08-01 00:00:00.000000,2026-08-27T05:20:19.296566+00:00,D:/D drive recovery/Shiva JH/Projects/OneLake Medallion/data/landing/2018-07-11/order_payments.parquet,2018-07-11
442a41b00a8a8bda35511fdf1eb65cc5,1,credit_card,1,52.57,2018-07-11,2018-07-20 00:00:00.000000,2026-08-27T05:20:19.296566+00:00,D:/D drive recovery/Shiva JH/Projects/OneLake Medallion/data/landing/2018-07-11/order_payments.parquet,2018-07-11
0bb6d291f1488ae4922e89c2f6105f33,1,credit_card,3,243.66,2018-07-11,2018-07-31 00:00:00.000000,2026-08-27T05:20:19.296566+00:00,D:/D drive recovery/Shiva JH/Projects/OneLake Medallion/data/landing/2018-07-11/order_payments.parquet,2018-07-11
93c781a8790c89bac596f6ff7d924c73,1,credit_card,4,93.28,2018-07-03,2018-07-30 00:00:00.000000,2026-08-27T05:19:08.521759+00:00,D:/D drive recovery/Shiva JH/Projects/OneLake Medallion/data/landing/2018-07-03/order_payments.parquet,2018-07-03
ceb435f46d86d2fb2890334c4862315a,1,credit_card,3,48.21,2018-07-03,2018-08-02 00:00:00.000000,2026-08-27T05:19:08.521759+00:00,D:/D drive recovery/Shiva JH/Projects/OneLake Medallion/data/landing/2018-07-03/order_payments.parquet,2018-07-03
7448f861b4547fc4407e432c043ee4a0,1,credit_card,1,44.48,2018-07-15,2018-08-06 00:00:00.000000,2026-08-27T05:20:53.815879+00:00,D:/D drive recovery/Shiva JH/Projects/OneLake Medallion/data/landing/2018-07-15/order_payments.parquet,2018-07-15
f1f053637dd55791fa3a8ae1df1f3605,1,credit_card,6,221.23,2018-07-15,2018-08-10 00:00:00.000000,2026-08-27T05:20:53.815879+00:00,D:/D drive recovery/Shiva JH/Projects/OneLake Medallion/data/landing/2018-07-15/order_payments.parquet,2018-07-15
fafc6736ffc73023e2685c30aa3822c2,1,credit_card,2,84.05,2018-07-15,2018-08-14 00:00:00.000000,2026-08-27T05:20:53.815879+00:00,D:/D drive recovery/Shiva JH/Projects/OneLake Medallion/data/landing/2018-07-15/order_payments.parquet,2018-07-15
f9ea6cc9d3f50070aba77ffd39ef6d13,1,boleto,1,32.37,2018-07-15,2018-08-07 00:00:00.000000,2026-08-27T05:20:53.815879+00:00,D:/D drive recovery/Shiva JH/Projects/OneLake Medallion/data/landing/2018-07-15/order_payments.parquet,2018-07-15
ceae0f133957c3337b7f630eb8bf80d9,1,credit_card,2,163.82,2018-07-15,2018-08-07 00:00:00.000000,2026-08-27T05:20:53.815879+00:00,D:/D drive recovery/Shiva JH/Projects/OneLake Medallion/data/landing/2018-07-15/order_payments.parquet,2018-07-15
a6ecc5068e6e585b2dca3e496ba4b277,1,credit_card,3,151.23,2018-07-13,2018-07-30 00:00:00.000000,2026-08-27T05:20:36.199400+00:00,D:/D drive recovery/Shiva JH/Projects/OneLake Medallion/data/landing/2018-07-13/order_payments.parquet,2018-07-13
e15c6296371161f7eabd6ce8335b5b51,1,boleto,1,144.14,2018-07-13,2018-08-06 00:00:00.000000,2026-08-27T05:20:36.199400+00:00,D:/D drive recovery/Shiva JH/Projects/OneLake Medallion/data/landing/2018-07-13/order_payments.parquet,2018-07-13
0c1e49ce507979f2fb222498663ce653,1,credit_card,8,215.78,2018-07-21,2018-08-13 00:00:00.000000,2026-08-27T05:21:42.709336+00:00,D:/D drive recovery/Shiva JH/Projects/OneLake Medallion/data/landing/2018-07-21/order_payments.parquet,2018-07-21
ad33ed1fc2b45e7f714e3cec25e31334,1,credit_card,2,60.44,2018-07-21,2018-08-08 00:00:00.000000,2026-08-27T05:21:42.709336+00:00,D:/D drive recovery/Shiva JH/Projects/OneLake Medallion/data/landing/2018-07-21/order_payments.parquet,2018-07-21
96cf7ecd8c676d61be261ffdda90b008,1,boleto,1,47.43,2018-07-17,2018-07-25 00:00:00.000000,2026-08-27T05:21:10.303320+00:00,D:/D drive recovery/Shiva JH/Projects/OneLake Medallion/data/landing/2018-07-17/order_payments.parquet,2018-07-17
274f33c3b4d5612a37e3a223a2d9bc5a,1,credit_card,2,411.69,2018-07-17,2018-08-06 00:00:00.000000,2026-08-27T05:21:10.303320+00:00,D:/D drive recovery/Shiva JH/Projects/OneLake Medallion/data/landing/2018-07-17/order_payments.parquet,2018-07-17
4faebdf74e934f7b66d8da301d77d774,1,credit_card,1,67.94,2018-07-17,2018-08-07 00:00:00.000000,2026-08-27T05:21:10.303320+00:00,D:/D drive recovery/Shiva JH/Projects/OneLake Medallion/data/landing/2018-07-17/order_payments.parquet,2018-07-17
2dc5825eb69b865a9c9b8fbfa69c340d,1,credit_card,3,35.92,2018-07-17,2018-08-03 00:00:00.000000,2026-08-27T05:21:10.303320+00:00,D:/D drive recovery/Shiva JH/Projects/OneLake Medallion/data/landing/2018-07-17/order_payments.parquet,2018-07-17
5b514a1a40e8cd51a1f35c2df28da032,1,credit_card,1,153.1,2018-07-17,2018-08-04 17:50:39.000000,2026-08-27T05:21:10.303320+00:00,D:/D drive recovery/Shiva JH/Projects/OneLake Medallion/data/landing/2018-07-17/order_payments.parquet,2018-07-17
6c170781e28b9d780b0338e8d3cbedb7,1,credit_card,2,98.56,2018-07-07,2018-08-06 00:00:00.000000,2026-08-27T05:19:41.373610+00:00,D:/D drive recovery/Shiva JH/Projects/OneLake Medallion/data/landing/2018-07-07/order_payments.parquet,2018-07-07
c5c6895d5f18ff51c8fb2af8121d1c9c,1,credit_card,2,44.82,2018-07-07,2018-07-23 00:00:00.000000,2026-08-27T05:19:41.373610+00:00,D:/D drive recovery/Shiva JH/Projects/OneLake Medallion/data/landing/2018-07-07/order_payments.parquet,2018-07-07
dbd0a0b89b3fe516f8534b0f5de08534,1,credit_card,1,116.79,2018-07-09,2018-07-27 00:00:00.000000,2026-08-27T05:19:59.700293+00:00,D:/D drive recovery/Shiva JH/Projects/OneLake Medallion/data/landing/2018-07-09/order_payments.parquet,2018-07-09
42ec328ff647d401412f3531462b0b96,1,credit_card,1,175.3,2018-07-09,2018-08-08 00:00:00.000000,2026-08-27T05:19:59.700293+00:00,D:/D drive recovery/Shiva JH/Projects/OneLake Medallion/data/landing/2018-07-09/order_payments.parquet,2018-07-09
17a020262f659ee7b1103f36824ee2f6,1,credit_card,1,96.69,2018-07-02,2018-07-30 00:00:00.000000,2026-08-27T05:18:59.817328+00:00,D:/D drive recovery/Shiva JH/Projects/OneLake Medallion/data/landing/2018-07-02/order_payments.parquet,2018-07-02
44fdca9e41cfd8248c3ac1e369447eff,1,credit_card,3,148.23,2018-07-02,2018-07-20 00:00:00.000000,2026-08-27T05:18:59.817328+00:00,D:/D drive recovery/Shiva JH/Projects/OneLake Medallion/data/landing/2018-07-02/order_payments.parquet,2018-07-02
20e966193a16a101f6a264df9dd92968,1,credit_card,4,94.74,2018-07-02,2018-08-01 00:00:00.000000,2026-08-27T05:18:59.817328+00:00,D:/D drive recovery/Shiva JH/Projects/OneLake Medallion/data/landing/2018-07-02/order_payments.parquet,2018-07-02
de45fff90798d4416b9ba1b7aa4ccd7b,1,credit_card,5,315.82,2018-07-02,2018-08-01 00:00:00.000000,2026-08-27T05:18:59.817328+00:00,D:/D drive recovery/Shiva JH/Projects/OneLake Medallion/data/landing/2018-07-02/order_payments.parquet,2018-07-02
f0d367f04ecab8c00411ee7320a5ca77,1,debit_card,1,183.86,2018-07-02,2018-07-31 00:00:00.000000,2026-08-27T05:18:59.817328+00:00,D:/D drive recovery/Shiva JH/Projects/OneLake Medallion/data/landing/2018-07-02/order_payments.parquet,2018-07-02
965894a29e84a767db7030a6829aa075,1,credit_card,5,52.07,2018-07-02,2018-08-06 00:00:00.000000,2026-08-27T05:18:59.817328+00:00,D:/D drive recovery/Shiva JH/Projects/OneLake Medallion/data/landing/2018-07-02/order_payments.parquet,2018-07-02
dd162c4f0d3abff78621372170e9c19a,1,credit_card,3,205.27,2018-07-02,2018-07-23 00:00:00.000000,2026-08-27T05:18:59.817328+00:00,D:/D drive recovery/Shiva JH/Projects/OneLake Medallion/data/landing/2018-07-02/order_payments.parquet,2018-07-02
ad6137b47c7f7c1c621f4de13c3d5bc9,1,credit_card,2,145.9,2018-07-12,2018-07-31 00:00:00.000000,2026-08-27T05:20:27.664843+00:00,D:/D drive recovery/Shiva JH/Projects/OneLake Medallion/data/landing/2018-07-12/order_payments.parquet,2018-07-12
edc438144eedf58c321995efd0225e19,1,boleto,1,68.45,2018-07-12,2018-07-31 00:00:00.000000,2026-08-27T05:20:27.664843+00:00,D:/D drive recovery/Shiva JH/Projects/OneLake Medallion/data/landing/2018-07-12/order_payments.parquet,2018-07-12
ed3b269b4badaf0126050c9d4f7b854c,1,credit_card,1,55.96,2018-07-12,2018-07-27 00:00:00.000000,2026-08-27T05:20:27.664843+00:00,D:/D drive recovery/Shiva JH/Projects/OneLake Medallion/data/landing/2018-07-12/order_payments.parquet,2018-07-12
a49146f414b54879adb68c422428a68e,1,voucher,1,5.01,2018-07-26,2018-08-16 00:00:00.000000,2026-08-27T05:22:35.058837+00:00,D:/D drive recovery/Shiva JH/Projects/OneLake Medallion/data/landing/2018-07-26/order_payments.parquet,2018-07-26
c5a136c7cf492a759889d92627006f25,1,credit_card,1,17.87,2018-07-26,2018-08-07 00:00:00.000000,2026-08-27T05:22:35.058837+00:00,D:/D drive recovery/Shiva JH/Projects/OneLake Medallion/data/landing/2018-07-26/order_payments.parquet,2018-07-26
936791179c34e3075442addfba1a3089,1,boleto,1,135.62,2018-07-26,2018-08-03 00:00:00.000000,2026-08-27T05:22:35.058837+00:00,D:/D drive recovery/Shiva JH/Projects/OneLake Medallion/data/landing/2018-07-26/order_payments.parquet,2018-07-26
e9f0f8f24251a03416e4e76735969db1,1,credit_card,3,78.76,2018-07-26,2018-08-20 00:00:00.000000,2026-08-27T05:22:35.058837+00:00,D:/D drive recovery/Shiva JH/Projects/OneLake Medallion/data/landing/2018-07-26/order_payments.parquet,2018-07-26
34fa7b125777f2296cee0450560eeeac,1,credit_card,2,215.49,2018-07-26,2018-08-23 00:00:00.000000,2026-08-27T05:22:35.058837+00:00,D:/D drive recovery/Shiva JH/Projects/OneLake Medallion/data/landing/2018-07-26/order_payments.parquet,2018-07-26
a49146f414b54879adb68c422428a68e,2,voucher,1,57.5,2018-07-26,2018-08-16 00:00:00.000000,2026-08-27T05:22:35.058837+00:00,D:/D drive recovery/Shiva JH/Projects/OneLake Medallion/data/landing/2018-07-26/order_payments.parquet,2018-07-26
60a7df16f9a8d8f38bd974b8a873167d,1,credit_card,8,198.96,2018-07-26,2018-08-16 00:00:00.000000,2026-08-27T05:22:35.058837+00:00,D:/D drive recovery/Shiva JH/Projects/OneLake Medallion/data/landing/2018-07-26/order_payments.parquet,2018-07-26
7c372cacf9e2626dd13cc5277d73c6e3,1,boleto,1,37.13,2018-07-26,2018-08-10 00:00:00.000000,2026-08-27T05:22:35.058837+00:00,D:/D drive recovery/Shiva JH/Projects/OneLake Medallion/data/landing/2018-07-26/order_payments.parquet,2018-07-26
a49146f414b54879adb68c422428a68e,3,voucher,1,20.85,2018-07-26,2018-08-16 00:00:00.000000,2026-08-27T05:22:35.058837+00:00,D:/D drive recovery/Shiva JH/Projects/OneLake Medallion/data/landing/2018-07-26/order_payments.parquet,2018-07-26
e42b66326781591510efdca88022604d,1,credit_card,8,837.42,2018-07-26,2018-08-07 00:00:00.000000,2026-08-27T05:22:35.058837+00:00,D:/D drive recovery/Shiva JH/Projects/OneLake Medallion/data/landing/2018-07-26/order_payments.parquet,2018-07-26
30d7af26cb5f8577b5c6a0164dc814c5,1,credit_card,3,40.02,2018-07-26,2018-08-07 00:00:00.000000,2026-08-27T05:22:35.058837+00:00,D:/D drive recovery/Shiva JH/Projects/OneLake Medallion/data/landing/2018-07-26/order_payments.parquet,2018-07-26
c5625e0deb904fd1ae3c6c4a3a4a55d5,1,boleto,1,127.41,2018-07-26,2018-08-13 00:00:00.000000,2026-08-27T05:22:35.058837+00:00,D:/D drive recovery/Shiva JH/Projects/OneLake Medallion/data/landing/2018-07-26/order_payments.parquet,2018-07-26
88df6b44c27501b5e7af076d193440dd,1,credit_card,4,113.33,2018-07-25,2018-08-13 00:00:00.000000,2026-08-27T05:22:25.619517+00:00,D:/D drive recovery/Shiva JH/Projects/OneLake Medallion/data/landing/2018-07-25/order_payments.parquet,2018-07-25
5a6566ca1aa7d313e6a34e0443e32ba1,1,boleto,1,273.88,2018-07-25,2018-08-17 00:00:00.000000,2026-08-27T05:22:25.619517+00:00,D:/D drive recovery/Shiva JH/Projects/OneLake Medallion/data/landing/2018-07-25/order_payments.parquet,2018-07-25
525e92612e912b7ee6e24ae17bb4a79f,1,credit_card,2,235.81,2018-07-25,2018-08-23 00:00:00.000000,2026-08-27T05:22:25.619517+00:00,D:/D drive recovery/Shiva JH/Projects/OneLake Medallion/data/landing/2018-07-25/order_payments.parquet,2018-07-25
0ec4af8420f96af137f9b52194956497,1,credit_card,4,385.88,2018-07-25,2018-08-10 00:00:00.000000,2026-08-27T05:22:25.619517+00:00,D:/D drive recovery/Shiva JH/Projects/OneLake Medallion/data/landing/2018-07-25/order_payments.parquet,2018-07-25
07bcb0695fd4e3121e2fae21fbef3d28,1,credit_card,5,142.09,2018-07-25,2018-08-14 00:00:00.000000,2026-08-27T05:22:25.619517+00:00,D:/D drive recovery/Shiva JH/Projects/OneLake Medallion/data/landing/2018-07-25/order_payments.parquet,2018-07-25
2d9196aaddb5713a576a0f4acdf102a0,1,credit_card,2,56.6,2018-07-25,2018-08-02 00:00:00.000000,2026-08-27T05:22:25.619517+00:00,D:/D drive recovery/Shiva JH/Projects/OneLake Medallion/data/landing/2018-07-25/order_payments.parquet,2018-07-25
8eca0ff73474c8c18f8daa7603c1cff7,1,credit_card,1,33.38,2018-07-25,2018-08-08 00:00:00.000000,2026-08-27T05:22:25.619517+00:00,D:/D drive recovery/Shiva JH/Projects/OneLake Medallion/data/landing/2018-07-25/order_payments.parquet,2018-07-25
03798f08af4c622b81b2c8f46c8bfba9,1,credit_card,2,132.9,2018-07-25,2018-08-16 00:00:00.000000,2026-08-27T05:22:25.619517+00:00,D:/D drive recovery/Shiva JH/Projects/OneLake Medallion/data/landing/2018-07-25/order_payments.parquet,2018-07-25
2d7259ea0267605a75c5d2a55c1470bd,1,credit_card,1,89.3,2018-07-25,2018-08-07 00:00:00.000000,2026-08-27T05:22:25.619517+00:00,D:/D drive recovery/Shiva JH/Projects/OneLake Medallion/data/landing/2018-07-25/order_payments.parquet,2018-07-25
1fb291320c9a5276869ee9f50fe885e2,1,boleto,1,73.18,2018-07-25,2018-08-09 00:00:00.000000,2026-08-27T05:22:25.619517+00:00,D:/D drive recovery/Shiva JH/Projects/OneLake Medallion/data/landing/2018-07-25/order_payments.parquet,2018-07-25
37c647851a4d30342bc4dd9ec8c95861,1,credit_card,10,182.46,2018-07-01,2018-08-06 00:00:00.000000,2026-08-27T05:18:50.393518+00:00,D:/D drive recovery/Shiva JH/Projects/OneLake Medallion/data/landing/2018-07-01/order_payments.parquet,2018-07-01
ac1b68b95d77ee9e9c3829ed43f2ccbb,1,debit_card,1,118.65,2018-07-06,2018-07-25 00:00:00.000000,2026-08-27T05:19:33.228042+00:00,D:/D drive recovery/Shiva JH/Projects/OneLake Medallion/data/landing/2018-07-06/order_payments.parquet,2018-07-06
35c7d117e60b7447a3ee63f69addcd2c,1,credit_card,4,353.13,2018-07-06,2018-08-13 00:00:00.000000,2026-08-27T05:19:33.228042+00:00,D:/D drive recovery/Shiva JH/Projects/OneLake Medallion/data/landing/2018-07-06/order_payments.parquet,2018-07-06
0039500db36d50d7d0bfaf23723550f3,1,credit_card,2,203.23,2018-07-06,2018-08-03 00:00:00.000000,2026-08-27T05:19:33.228042+00:00,D:/D drive recovery/Shiva JH/Projects/OneLake Medallion/data/landing/2018-07-06/order_payments.parquet,2018-07-06
69aca49c98f05af05bec6fa1f87a3059,1,credit_card,2,147.59,2018-07-20,2018-08-14 00:00:00.000000,2026-08-27T05:21:34.651514+00:00,D:/D drive recovery/Shiva JH/Projects/OneLake Medallion/data/landing/2018-07-20/order_payments.parquet,2018-07-20
5c4c16f0db1537d3ef9e718f12dde7c4,1,credit_card,4,52.21,2018-07-20,2018-08-09 00:00:00.000000,2026-08-27T05:21:34.651514+00:00,D:/D drive recovery/Shiva JH/Projects/OneLake Medallion/data/landing/2018-07-20/order_payments.parquet,2018-07-20
c89b4f89b285537cd75b46ad90c49a50,1,voucher,1,44.2,2018-07-20,2018-08-17 00:00:00.000000,2026-08-27T05:21:34.651514+00:00,D:/D drive recovery/Shiva JH/Projects/OneLake Medallion/data/landing/2018-07-20/order_payments.parquet,2018-07-20
934838488a3fc133b3cb9b1f716c5937,1,credit_card,6,68.44,2018-07-20,2018-08-10 00:00:00.000000,2026-08-27T05:21:34.651514+00:00,D:/D drive recovery/Shiva JH/Projects/OneLake Medallion/data/landing/2018-07-20/order_payments.parquet,2018-07-20
d8bfdbbe1b81198977776595047a0d98,1,credit_card,8,308.12,2018-07-20,2018-08-13 00:00:00.000000,2026-08-27T05:21:34.651514+00:00,D:/D drive recovery/Shiva JH/Projects/OneLake Medallion/data/landing/2018-07-20/order_payments.parquet,2018-07-20
17d0317e0d3f083fa6f59927059e98b3,1,credit_card,3,164.56,2018-07-20,2018-08-06 00:00:00.000000,2026-08-27T05:21:34.651514+00:00,D:/D drive recovery/Shiva JH/Projects/OneLake Medallion/data/landing/2018-07-20/order_payments.parquet,2018-07-20
bf88003f2580db7589007ec44bc85695,1,boleto,1,40.79,2017-01-28,2017-03-10 00:00:00.000000,2026-08-27T05:17:09.287600+00:00,D:/D drive recovery/Shiva JH/Projects/OneLake Medallion/data/landing/2017-01-28/order_payments.parquet,2017-01-28
0943d27820129d9446a32ca20cf9bee1,1,credit_card,8,145.68,2017-02-09,2017-04-03 00:00:00.000000,2026-08-27T05:17:09.287600+00:00,D:/D drive recovery/Shiva JH/Projects/OneLake Medallion/data/landing/2017-02-09/order_payments.parquet,2017-02-09
c4314d0c3517d1afc447262855bd2a08,1,credit_card,2,126.71,2017-02-21,2017-05-04 00:00:00.000000,2026-08-27T05:17:09.287600+00:00,D:/D drive recovery/Shiva JH/Projects/OneLake Medallion/data/landing/2017-02-21/order_payments.parquet,2017-02-21
78b0df67ddee0b34012114100c7a549d,1,credit_card,1,31.86,2017-03-05,2017-04-03 00:00:00.000000,2026-08-27T05:17:09.287600+00:00,D:/D drive recovery/Shiva JH/Projects/OneLake Medallion/data/landing/2017-03-05/order_payments.parquet,2017-03-05
ad63b1036f777673118b46ace8ac9a27,1,credit_card,2,443.86,2017-03-05,2017-04-04 00:00:00.000000,2026-08-27T05:17:09.287600+00:00,D:/D drive recovery/Shiva JH/Projects/OneLake Medallion/data/landing/2017-03-05/order_payments.parquet,2017-03-05
cec8f5f7a13e5ab934a486ec9eb713c8,1,boleto,1,94.84,2017-03-17,2017-05-18 00:00:00.000000,2026-08-27T05:17:09.287600+00:00,D:/D drive recovery/Shiva JH/Projects/OneLake Medallion/data/landing/2017-03-17/order_payments.parquet,2017-03-17
09ae0443d05fc72908daed24036acb22,1,boleto,1,97.99,2017-03-17,2017-04-06 00:00:00.000000,2026-08-27T05:17:09.287600+00:00,D:/D drive recovery/Shiva JH/Projects/OneLake Medallion/data/landing/2017-03-17/order_payments.parquet,2017-03-17
d493b5c44e863b686314d9f5b6086c82,1,credit_card,1,80.77,2017-04-10,2017-05-12 00:00:00.000000,2026-08-27T05:17:09.287600+00:00,D:/D drive recovery/Shiva JH/Projects/OneLake Medallion/data/landing/2017-04-10/order_payments.parquet,2017-04-10
3163a067949a10a752bec5cca69511b2,1,credit_card,2,352.97,2017-05-04,2017-05-29 00:00:00.000000,2026-08-27T05:17:09.287600+00:00,D:/D drive recovery/Shiva JH/Projects/OneLake Medallion/data/landing/2017-05-04/order_payments.parquet,2017-05-04
b21e6bcd5267e76e22e29c178d43aff5,1,credit_card,3,35.72,2017-05-04,2017-05-25 00:00:00.000000,2026-08-27T05:17:09.287600+00:00,D:/D drive recovery/Shiva JH/Projects/OneLake Medallion/data/landing/2017-05-04/order_payments.parquet,2017-05-04
8fc027e2e96d738a4816f043f2c946ba,1,credit_card,4,110.98,2017-05-04,2017-06-07 00:00:00.000000,2026-08-27T05:17:09.287600+00:00,D:/D drive recovery/Shiva JH/Projects/OneLake Medallion/data/landing/2017-05-04/order_payments.parquet,2017-05-04
b83a53aed7b1da149fe5272c3ea0a9da,1,credit_card,6,127.92,2017-05-04,2017-06-13 18:42:25.000000,2026-08-27T05:17:09.287600+00:00,D:/D drive recovery/Shiva JH/Projects/OneLake Medallion/data/landing/2017-05-04/order_payments.parquet,2017-05-04
6c2332524797ccf47797e85207250b4a,1,credit_card,10,481.96,2017-05-16,2017-06-07 00:00:00.000000,2026-08-27T05:17:09.287600+00:00,D:/D drive recovery/Shiva JH/Projects/OneLake Medallion/data/landing/2017-05-16/order_payments.parquet,2017-05-16
362aa88dd1265e7b4ea491b5836fb5f6,1,credit_card,10,2827.0,2017-05-16,2017-06-22 00:00:00.000000,2026-08-27T05:17:09.287600+00:00,D:/D drive recovery/Shiva JH/Projects/OneLake Medallion/data/landing/2017-05-16/order_payments.parquet,2017-05-16
af26a72d60cab61a090fbb420d4c6954,1,credit_card,4,59.72,2017-05-16,2017-06-05 00:00:00.000000,2026-08-27T05:17:09.287600+00:00,D:/D drive recovery/Shiva JH/Projects/OneLake Medallion/data/landing/2017-05-16/order_payments.parquet,2017-05-16
c2c1d5e4d5168620dcd230dcc8f4130c,1,credit_card,1,150.66,2017-05-16,2017-06-13 00:00:00.000000,2026-08-27T05:17:09.287600+00:00,D:/D drive recovery/Shiva JH/Projects/OneLake Medallion/data/landing/2017-05-16/order_payments.parquet,2017-05-16
135adf658da97bfb1a171f1cbe3e15c2,1,boleto,1,60.22,2017-05-16,2017-06-08 00:00:00.000000,2026-08-27T05:17:09.287600+00:00,D:/D drive recovery/Shiva JH/Projects/OneLake Medallion/data/landing/2017-05-16/order_payments.parquet,2017-05-16
e6293b688f0d1387e634ae8841feca17,2,voucher,1,26.16,2017-05-16,2017-06-09 00:00:00.000000,2026-08-27T05:17:09.287600+00:00,D:/D drive recovery/Shiva JH/Projects/OneLake Medallion/data/landing/2017-05-16/order_payments.parquet,2017-05-16
a1d50a1883814a31c8629adf354c1013,1,credit_card,1,43.0,2017-05-16,2017-06-07 00:00:00.000000,2026-08-27T05:17:09.287600+00:00,D:/D drive recovery/Shiva JH/Projects/OneLake Medallion/data/landing/2017-05-16/order_payments.parquet,2017-05-16
e6293b688f0d1387e634ae8841feca17,1,credit_card,10,125.08,2017-05-16,2017-06-09 00:00:00.000000,2026-08-27T05:17:09.287600+00:00,D:/D drive recovery/Shiva JH/Projects/OneLake Medallion/data/landing/2017-05-16/order_payments.parquet,2017-05-16
3f6a663f694c4e450b66eb8ecbdf73a1,1,boleto,1,260.56,2017-05-28,2017-06-09 00:00:00.000000,2026-08-27T05:17:09.287600+00:00,D:/D drive recovery/Shiva JH/Projects/OneLake Medallion/data/landing/2017-05-28/order_payments.parquet,2017-05-28
d1bd65aed378a00706c69353b62cfa2b,1,credit_card,2,81.11,2017-05-28,2017-06-21 00:00:00.000000,2026-08-27T05:17:09.287600+00:00,D:/D drive recovery/Shiva JH/Projects/OneLake Medallion/data/landing/2017-05-28/order_payments.parquet,2017-05-28
45f515769238adec68b3ed763acbc3b2,1,credit_card,1,63.1,2017-06-09,2017-07-06 00:00:00.000000,2026-08-27T05:17:09.287600+00:00,D:/D drive recovery/Shiva JH/Projects/OneLake Medallion/data/landing/2017-06-09/order_payments.parquet,2017-06-09
2e506fd7d44cb2a909964a9328d86e01,1,credit_card,10,223.14,2017-07-03,2017-07-24 00:00:00.000000,2026-08-27T05:17:09.287600+00:00,D:/D drive recovery/Shiva JH/Projects/OneLake Medallion/data/landing/2017-07-03/order_payments.parquet,2017-07-03
da4c436373694f136c48e1ead3632f06,1,credit_card,1,35.94,2017-07-03,2017-07-14 00:00:00.000000,2026-08-27T05:17:09.287600+00:00,D:/D drive recovery/Shiva JH/Projects/OneLake Medallion/data/landing/2017-07-03/order_payments.parquet,2017-07-03
ba05596e1b0875fac4abdf6a6d036743,1,credit_card,7,105.28,2017-07-15,2017-08-10 00:00:00.000000,2026-08-27T05:17:09.287600+00:00,D:/D drive recovery/Shiva JH/Projects/OneLake Medallion/data/landing/2017-07-15/order_payments.parquet,2017-07-15
29b864f0e9959e828d0be8a00fba46bc,1,credit_card,10,266.92,2017-07-15,2017-08-25 15:49:33.000000,2026-08-27T05:17:09.287600+00:00,D:/D drive recovery/Shiva JH/Projects/OneLake Medallion/data/landing/2017-07-15/order_payments.parquet,2017-07-15
5e99406dbc4e63affa6367a3fd43c8af,1,credit_card,5,261.16,2017-07-27,2017-08-18 00:00:00.000000,2026-08-27T05:17:09.287600+00:00,D:/D drive recovery/Shiva JH/Projects/OneLake Medallion/data/landing/2017-07-27/order_payments.parquet,2017-07-27
c770a2c821be1649e3bff529f0e97b7d,1,credit_card,1,37.6,2017-07-27,2017-08-22 00:00:00.000000,2026-08-27T05:17:09.287600+00:00,D:/D drive recovery/Shiva JH/Projects/OneLake Medallion/data/landing/2017-07-27/order_payments.parquet,2017-07-27
17c378811f6ab30e2c7d554f2d4fbd44,1,credit_card,1,1300.57,2017-07-27,2017-09-11 00:00:00.000000,2026-08-27T05:17:09.287600+00:00,D:/D drive recovery/Shiva JH/Projects/OneLake Medallion/data/landing/2017-07-27/order_payments.parquet,2017-07-27
c80568cc3de3ee4efd40e9329b74b233,1,credit_card,4,138.24,2017-07-27,2017-08-30 00:00:00.000000,2026-08-27T05:17:09.287600+00:00,D:/D drive recovery/Shiva JH/Projects/OneLake Medallion/data/landing/2017-07-27/order_payments.parquet,2017-07-27
0dfd5d2f0b9f06775f9630defe80d510,1,credit_card,4,46.84,2017-07-27,2017-08-18 00:00:00.000000,2026-08-27T05:17:09.287600+00:00,D:/D drive recovery/Shiva JH/Projects/OneLake Medallion/data/landing/2017-07-27/order_payments.parquet,2017-07-27
d43f72571877365b197ee657196d8d30,1,credit_card,1,97.76,2017-08-08,2017-08-30 00:00:00.000000,2026-08-27T05:17:09.287600+00:00,D:/D drive recovery/Shiva JH/Projects/OneLake Medallion/data/landing/2017-08-08/order_payments.parquet,2017-08-08
34797e815a679fdaea88d3aa30dbf46c,1,credit_card,4,222.24,2017-08-08,2017-09-05 00:00:00.000000,2026-08-27T05:17:09.287600+00:00,D:/D drive recovery/Shiva JH/Projects/OneLake Medallion/data/landing/2017-08-08/order_payments.parquet,2017-08-08
3102ea2ab7ac2a1a88a1286fe68d8ed8,1,credit_card,3,124.26,2017-08-20,2017-09-11 00:00:00.000000,2026-08-27T05:17:09.287600+00:00,D:/D drive recovery/Shiva JH/Projects/OneLake Medallion/data/landing/2017-08-20/order_payments.parquet,2017-08-20
eec4cdb15e74c35073cc163bfd9fa2b2,1,credit_card,1,38.1,2017-08-20,2017-09-01 00:00:00.000000,2026-08-27T05:17:09.287600+00:00,D:/D drive recovery/Shiva JH/Projects/OneLake Medallion/data/landing/2017-08-20/order_payments.parquet,2017-08-20
30afa4792f6e5ee287ff87fa649e56f9,1,boleto,1,36.78,2017-09-01,2017-09-14 00:00:00.000000,2026-08-27T05:17:09.287600+00:00,D:/D drive recovery/Shiva JH/Projects/OneLake Medallion/data/landing/2017-09-01/order_payments.parquet,2017-09-01
028369515408fa864cfe50091d4e76c5,1,credit_card,1,3.81,2017-09-01,2017-09-20 00:00:00.000000,2026-08-27T05:17:09.287600+00:00,D:/D drive recovery/Shiva JH/Projects/OneLake Medallion/data/landing/2017-09-01/order_payments.parquet,2017-09-01
12d9723638a09350ec19ea8d66073249,1,credit_card,2,109.7,2017-09-01,2017-09-20 00:00:00.000000,2026-08-27T05:17:09.287600+00:00,D:/D drive recovery/Shiva JH/Projects/OneLake Medallion/data/landing/2017-09-01/order_payments.parquet,2017-09-01
028369515408fa864cfe50091d4e76c5,2,voucher,1,48.03,2017-09-01,2017-09-20 00:00:00.000000,2026-08-27T05:17:09.287600+00:00,D:/D drive recovery/Shiva JH/Projects/OneLake Medallion/data/landing/2017-09-01/order_payments.parquet,2017-09-01
1fab4ac9d85079b3da72a11475ae1685,1,credit_card,8,243.01,2017-09-01,2017-09-20 00:00:00.000000,2026-08-27T05:17:09.287600+00:00,D:/D drive recovery/Shiva JH/Projects/OneLake Medallion/data/landing/2017-09-01/order_payments.parquet,2017-09-01
bc4854efd86d9f42140c951c595d20c1,1,credit_card,2,142.92,2017-09-01,2017-09-20 00:00:00.000000,2026-08-27T05:17:09.287600+00:00,D:/D drive recovery/Shiva JH/Projects/OneLake Medallion/data/landing/2017-09-01/order_payments.parquet,2017-09-01
5add03213ad417aab3988852ea890572,1,credit_card,3,96.8,2017-09-01,2017-09-26 00:00:00.000000,2026-08-27T05:17:09.287600+00:00,D:/D drive recovery/Shiva JH/Projects/OneLake Medallion/data/landing/2017-09-01/order_payments.parquet,2017-09-01
5a211401338dee5fa1388f6b4b70b456,1,credit_card,2,68.42,2017-09-01,2017-10-02 00:00:00.000000,2026-08-27T05:17:09.287600+00:00,D:/D drive recovery/Shiva JH/Projects/OneLake Medallion/data/landing/2017-09-01/order_payments.parquet,2017-09-01
d621888cede8755cd9ddc50a33e1b398,1,credit_card,1,90.6,2017-09-13,2017-10-11 00:00:00.000000,2026-08-27T05:17:09.287600+00:00,D:/D drive recovery/Shiva JH/Projects/OneLake Medallion/data/landing/2017-09-13/order_payments.parquet,2017-09-13
33b50846ef5349564b8be2af1d6000aa,1,credit_card,10,854.33,2017-09-13,2017-10-02 00:00:00.000000,2026-08-27T05:17:09.287600+00:00,D:/D drive recovery/Shiva JH/Projects/OneLake Medallion/data/landing/2017-09-13/order_payments.parquet,2017-09-13
47531efe4ed25555eba8637f9f6dc6ee,1,credit_card,1,90.79,2017-09-13,2017-10-18 00:00:00.000000,2026-08-27T05:17:09.287600+00:00,D:/D drive recovery/Shiva JH/Projects/OneLake Medallion/data/landing/2017-09-13/order_payments.parquet,2017-09-13
535b29494ee7ee79968ec7d9f42b3e23,1,boleto,1,232.23,2017-09-25,2017-10-19 00:00:00.000000,2026-08-27T05:17:09.287600+00:00,D:/D drive recovery/Shiva JH/Projects/OneLake Medallion/data/landing/2017-09-25/order_payments.parquet,2017-09-25
18517c2680695f31500ceb6b1840b8e4,1,boleto,1,216.15,2017-09-25,2017-10-19 00:00:00.000000,2026-08-27T05:17:09.287600+00:00,D:/D drive recovery/Shiva JH/Projects/OneLake Medallion/data/landing/2017-09-25/order_payments.parquet,2017-09-25
d2d141fcfa835ec7db744de7b57de03c,1,credit_card,2,61.69,2017-09-25,2017-10-17 00:00:00.000000,2026-08-27T05:17:09.287600+00:00,D:/D drive recovery/Shiva JH/Projects/OneLake Medallion/data/landing/2017-09-25/order_payments.parquet,2017-09-25
449e7790774601c0b03963b03aa6b193,1,boleto,1,144.67,2017-09-25,2017-10-26 00:00:00.000000,2026-08-27T05:17:09.287600+00:00,D:/D drive recovery/Shiva JH/Projects/OneLake Medallion/data/landing/2017-09-25/order_payments.parquet,2017-09-25
5c347356bed376c15129f3ab48c5dcdb,1,credit_card,1,31.77,2017-10-07,2017-10-30 00:00:00.000000,2026-08-27T05:17:09.287600+00:00,D:/D drive recovery/Shiva JH/Projects/OneLake Medallion/data/landing/2017-10-07/order_payments.parquet,2017-10-07
4be3435a18d709c7bec9b8d5651088b4,1,credit_card,8,201.05,2017-10-07,2017-11-09 00:00:00.000000,2026-08-27T05:17:09.287600+00:00,D:/D drive recovery/Shiva JH/Projects/OneLake Medallion/data/landing/2017-10-07/order_payments.parquet,2017-10-07
957dd53876f89c2fcc4d8448da116430,1,credit_card,1,50.0,2017-10-19,2017-11-22 00:00:00.000000,2026-08-27T05:17:09.287600+00:00,D:/D drive recovery/Shiva JH/Projects/OneLake Medallion/data/landing/2017-10-19/order_payments.parquet,2017-10-19
7bb5a7e4263888da1c8db8cbdc6330c5,1,credit_card,3,84.75,2017-10-19,2017-11-08 00:00:00.000000,2026-08-27T05:17:09.287600+00:00,D:/D drive recovery/Shiva JH/Projects/OneLake Medallion/data/landing/2017-10-19/order_payments.parquet,2017-10-19
952da942e2586c7131de1381aba049a3,1,credit_card,10,228.67,2017-10-31,2017-11-30 20:03:57.000000,2026-08-27T05:17:09.287600+00:00,D:/D drive recovery/Shiva JH/Projects/OneLake Medallion/data/landing/2017-10-31/order_payments.parquet,2017-10-31
483c0f7f44eec6fd0fbd90914d187226,1,credit_card,8,197.1,2017-10-31,2017-11-21 17:08:57.000000,2026-08-27T05:17:09.287600+00:00,D:/D drive recovery/Shiva JH/Projects/OneLake Medallion/data/landing/2017-10-31/order_payments.parquet,2017-10-31
8cf0fd0e7dc9c106fa1f09ba6bce7626,1,credit_card,3,158.09,2017-10-31,2017-12-01 16:54:39.000000,2026-08-27T05:17:09.287600+00:00,D:/D drive recovery/Shiva JH/Projects/OneLake Medallion/data/landing/2017-10-31/order_payments.parquet,2017-10-31
7cd15a71ceaf712ec5e134996f2f8586,1,credit_card,1,367.2,2017-11-12,2017-12-05 00:00:00.000000,2026-08-27T05:17:09.287600+00:00,D:/D drive recovery/Shiva JH/Projects/OneLake Medallion/data/landing/2017-11-12/order_payments.parquet,2017-11-12
1093494b7fa933fd10ddc38171db9e58,1,credit_card,5,50.09,2017-11-12,2017-12-05 00:00:00.000000,2026-08-27T05:17:09.287600+00:00,D:/D drive recovery/Shiva JH/Projects/OneLake Medallion/data/landing/2017-11-12/order_payments.parquet,2017-11-12
8747a928f786c8b31e0afb1b815886bc,1,boleto,1,73.34,2017-11-12,2017-12-04 19:42:40.000000,2026-08-27T05:17:09.287600+00:00,D:/D drive recovery/Shiva JH/Projects/OneLake Medallion/data/landing/2017-11-12/order_payments.parquet,2017-11-12
a2f7984f0b3604184f39c1d5a93813fb,1,credit_card,3,76.02,2017-11-12,2017-12-01 00:00:00.000000,2026-08-27T05:17:09.287600+00:00,D:/D drive recovery/Shiva JH/Projects/OneLake Medallion/data/landing/2017-11-12/order_payments.parquet,2017-11-12
394ff86ee81814bb5f88c7e8ad2812b3,2,voucher,1,20.0,2017-11-24,2017-12-08 00:00:00.000000,2026-08-27T05:17:09.287600+00:00,D:/D drive recovery/Shiva JH/Projects/OneLake Medallion/data/landing/2017-11-24/order_payments.parquet,2017-11-24
c642d222512a5f6e0b07d52ae97e8e68,1,credit_card,5,224.5,2017-11-24,2017-12-14 00:00:00.000000,2026-08-27T05:17:09.287600+00:00,D:/D drive recovery/Shiva JH/Projects/OneLake Medallion/data/landing/2017-11-24/order_payments.parquet,2017-11-24
16e6eb900110dfb1f423bfc65820ff87,1,boleto,1,116.94,2017-11-24,2017-12-15 00:00:00.000000,2026-08-27T05:17:09.287600+00:00,D:/D drive recovery/Shiva JH/Projects/OneLake Medallion/data/landing/2017-11-24/order_payments.parquet,2017-11-24
394ff86ee81814bb5f88c7e8ad2812b3,1,credit_card,2,56.62,2017-11-24,2017-12-08 00:00:00.000000,2026-08-27T05:17:09.287600+00:00,D:/D drive recovery/Shiva JH/Projects/OneLake Medallion/data/landing/2017-11-24/order_payments.parquet,2017-11-24
b6a5d12becb37fd570472afa5a0daaba,1,credit_card,5,223.69,2017-11-24,2017-12-15 00:00:00.000000,2026-08-27T05:17:09.287600+00:00,D:/D drive recovery/Shiva JH/Projects/OneLake Medallion/data/landing/2017-11-24/order_payments.parquet,2017-11-24
08ea06da9974b971f8fad4929380e24b,1,credit_card,6,266.96,2017-11-24,2017-12-18 00:00:00.000000,2026-08-27T05:17:09.287600+00:00,D:/D drive recovery/Shiva JH/Projects/OneLake Medallion/data/landing/2017-11-24/order_payments.parquet,2017-11-24
e0043b9e113bdc5f84b14893d62e00ac,1,boleto,1,171.32,2017-11-24,2017-12-08 00:00:00.000000,2026-08-27T05:17:09.287600+00:00,D:/D drive recovery/Shiva JH/Projects/OneLake Medallion/data/landing/2017-11-24/order_payments.parquet,2017-11-24
00275bce676303c3bfd7292aefdfa223,1,boleto,1,293.36,2017-11-24,2017-12-14 00:00:00.000000,2026-08-27T05:17:09.287600+00:00,D:/D drive recovery/Shiva JH/Projects/OneLake Medallion/data/landing/2017-11-24/order_payments.parquet,2017-11-24
1a75ed2e9cc04b329fbbf472ea0ea100,1,credit_card,3,36.09,2017-11-24,2017-12-27 00:00:00.000000,2026-08-27T05:17:09.287600+00:00,D:/D drive recovery/Shiva JH/Projects/OneLake Medallion/data/landing/2017-11-24/order_payments.parquet,2017-11-24
5414180e118bc59734a59e7759b1c8af,1,boleto,1,66.67,2017-11-24,2017-12-20 00:00:00.000000,2026-08-27T05:17:09.287600+00:00,D:/D drive recovery/Shiva JH/Projects/OneLake Medallion/data/landing/2017-11-24/order_payments.parquet,2017-11-24
3355c17e0d48695739874417b6d421b3,1,credit_card,1,347.32,2017-11-24,2017-12-14 00:00:00.000000,2026-08-27T05:17:09.287600+00:00,D:/D drive recovery/Shiva JH/Projects/OneLake Medallion/data/landing/2017-11-24/order_payments.parquet,2017-11-24
6c690f3acecd6d2c000b1a67a1a699c3,1,credit_card,4,610.63,2017-11-24,2017-12-26 22:52:47.000000,2026-08-27T05:17:09.287600+00:00,D:/D drive recovery/Shiva JH/Projects/OneLake Medallion/data/landing/2017-11-24/order_payments.parquet,2017-11-24
65b93b14fb25e2776692abdbd64a44f7,1,boleto,1,55.6,2017-11-24,2017-12-14 00:00:00.000000,2026-08-27T05:17:09.287600+00:00,D:/D drive recovery/Shiva JH/Projects/OneLake Medallion/data/landing/2017-11-24/order_payments.parquet,2017-11-24
d37320918ed46f4cd29a218da930fb0c,1,credit_card,1,82.08,2017-11-24,2017-12-08 00:00:00.000000,2026-08-27T05:17:09.287600+00:00,D:/D drive recovery/Shiva JH/Projects/OneLake Medallion/data/landing/2017-11-24/order_payments.parquet,2017-11-24
4b268b926cd4a679fd237d8cffb79e20,1,boleto,1,33.09,2017-11-24,2017-12-27 00:00:00.000000,2026-08-27T05:17:09.287600+00:00,D:/D drive recovery/Shiva JH/Projects/OneLake Medallion/data/landing/2017-11-24/order_payments.parquet,2017-11-24
fd9ec02005605e0b338a29e03bc6eb30,1,credit_card,4,138.02,2017-11-24,2017-12-19 00:00:00.000000,2026-08-27T05:17:09.287600+00:00,D:/D drive recovery/Shiva JH/Projects/OneLake Medallion/data/landing/2017-11-24/order_payments.parquet,2017-11-24
d3cef289324500ecc29f7f0697299919,1,credit_card,3,317.34,2017-11-24,2017-12-27 00:00:00.000000,2026-08-27T05:17:09.287600+00:00,D:/D drive recovery/Shiva JH/Projects/OneLake Medallion/data/landing/2017-11-24/order_payments.parquet,2017-11-24
9d3bb95e31653d7f709918f0979f6d5a,1,credit_card,3,61.29,2017-11-24,2017-12-20 00:00:00.000000,2026-08-27T05:17:09.287600+00:00,D:/D drive recovery/Shiva JH/Projects/OneLake Medallion/data/landing/2017-11-24/order_payments.parquet,2017-11-24
ee0ad0da72450479a221d3130c63afd1,1,credit_card,3,66.05,2017-11-24,2017-12-20 23:29:11.000000,2026-08-27T05:17:09.287600+00:00,D:/D drive recovery/Shiva JH/Projects/OneLake Medallion/data/landing/2017-11-24/order_payments.parquet,2017-11-24
75681e645ebf121d79cde28849994e7c,1,credit_card,1,37.84,2017-11-24,2017-12-15 00:00:00.000000,2026-08-27T05:17:09.287600+00:00,D:/D drive recovery/Shiva JH/Projects/OneLake Medallion/data/landing/2017-11-24/order_payments.parquet,2017-11-24
6c8221844e21df82eaa09b45f2ca47b7,1,credit_card,2,66.67,2017-11-24,2017-12-15 00:00:00.000000,2026-08-27T05:17:09.287600+00:00,D:/D drive recovery/Shiva JH/Projects/OneLake Medallion/data/landing/2017-11-24/order_payments.parquet,2017-11-24
96eb7f709abac11cbb2502c63d8c1ae6,1,credit_card,6,541.08,2017-11-24,2017-12-15 00:00:00.000000,2026-08-27T05:17:09.287600+00:00,D:/D drive recovery/Shiva JH/Projects/OneLake Medallion/data/landing/2017-11-24/order_payments.parquet,2017-11-24
52e5445828db681d83dccb33a15ecac4,1,credit_card,8,194.06,2017-11-24,2017-12-27 00:00:00.000000,2026-08-27T05:17:09.287600+00:00,D:/D drive recovery/Shiva JH/Projects/OneLake Medallion/data/landing/2017-11-24/order_payments.parquet,2017-11-24
404ae63d165e7de5dd0bade9787b50c0,1,boleto,1,1425.56,2017-11-24,2017-12-18 00:00:00.000000,2026-08-27T05:17:09.287600+00:00,D:/D drive recovery/Shiva JH/Projects/OneLake Medallion/data/landing/2017-11-24/order_payments.parquet,2017-11-24
c6318a262b5020f830c5355ef73f09be,1,credit_card,8,86.15,2017-11-24,2017-12-15 00:00:00.000000,2026-08-27T05:17:09.287600+00:00,D:/D drive recovery/Shiva JH/Projects/OneLake Medallion/data/landing/2017-11-24/order_payments.parquet,2017-11-24
4bea538b29c975028b7af11cf3bf97f1,1,credit_card,1,133.7,2017-11-24,2017-12-14 00:00:00.000000,2026-08-27T05:17:09.287600+00:00,D:/D drive recovery/Shiva JH/Projects/OneLake Medallion/data/landing/2017-11-24/order_payments.parquet,2017-11-24
11642e99761a28ab38643f6a876f4e9b,1,credit_card,1,208.51,2017-12-06,2018-01-05 00:00:00.000000,2026-08-27T05:17:09.287600+00:00,D:/D drive recovery/Shiva JH/Projects/OneLake Medallion/data/landing/2017-12-06/order_payments.parquet,2017-12-06
5c673b6f0d8e4e50fabaf4428fd2f944,1,boleto,1,96.81,2017-12-06,2018-01-09 12:04:56.000000,2026-08-27T05:17:09.287600+00:00,D:/D drive recovery/Shiva JH/Projects/OneLake Medallion/data/landing/2017-12-06/order_payments.parquet,2017-12-06
9526afac09af0c00e87b74eb7290b6ec,1,credit_card,2,31.01,2017-12-06,2018-01-02 00:00:00.000000,2026-08-27T05:17:09.287600+00:00,D:/D drive recovery/Shiva JH/Projects/OneLake Medallion/data/landing/2017-12-06/order_payments.parquet,2017-12-06
12841a11f62453c88f68ee1f7cb45c47,1,credit_card,1,65.78,2017-12-06,2017-12-29 00:00:00.000000,2026-08-27T05:17:09.287600+00:00,D:/D drive recovery/Shiva JH/Projects/OneLake Medallion/data/landing/2017-12-06/order_payments.parquet,2017-12-06
a3d3f48cf45e81344a235255f2dd9010,1,credit_card,2,86.15,2017-12-18,2018-01-16 00:00:00.000000,2026-08-27T05:17:09.287600+00:00,D:/D drive recovery/Shiva JH/Projects/OneLake Medallion/data/landing/2017-12-18/order_payments.parquet,2017-12-18
962938a0eb303d087976fbcbe632723a,1,credit_card,2,49.63,2017-12-18,2018-01-18 00:00:00.000000,2026-08-27T05:17:09.287600+00:00,D:/D drive recovery/Shiva JH/Projects/OneLake Medallion/data/landing/2017-12-18/order_payments.parquet,2017-12-18
8ae7bca1e289e5b580b39a20f9454900,1,credit_card,7,336.13,2017-12-18,2018-01-24 22:16:04.000000,2026-08-27T05:17:09.287600+00:00,D:/D drive recovery/Shiva JH/Projects/OneLake Medallion/data/landing/2017-12-18/order_payments.parquet,2017-12-18
ddd05ce5cf8b84ccf7f200b027c7753f,1,credit_card,2,42.38,2017-12-18,2018-02-02 00:00:00.000000,2026-08-27T05:17:09.287600+00:00,D:/D drive recovery/Shiva JH/Projects/OneLake Medallion/data/landing/2017-12-18/order_payments.parquet,2017-12-18
46e0dd5cd4dd2530f0e9563886d82e09,1,credit_card,3,37.77,2017-12-18,2018-01-05 00:00:00.000000,2026-08-27T05:17:09.287600+00:00,D:/D drive recovery/Shiva JH/Projects/OneLake Medallion/data/landing/2017-12-18/order_payments.parquet,2017-12-18
a53622dd658d57199cd7a1e677564385,1,boleto,1,99.25,2017-12-18,2018-01-11 00:00:00.000000,2026-08-27T05:17:09.287600+00:00,D:/D drive recovery/Shiva JH/Projects/OneLake Medallion/data/landing/2017-12-18/order_payments.parquet,2017-12-18
885d5da568caf7ca9663ddedff5a5aaa,1,credit_card,8,636.98,2017-12-30,2018-01-31 00:00:00.000000,2026-08-27T05:17:09.287600+00:00,D:/D drive recovery/Shiva JH/Projects/OneLake Medallion/data/landing/2017-12-30/order_payments.parquet,2017-12-30
3f220b15c7ba9352cf87f6c869c55314,1,boleto,1,116.64,2018-01-11,2018-02-05 00:00:00.000000,2026-08-27T05:17:09.287600+00:00,D:/D drive recovery/Shiva JH/Projects/OneLake Medallion/data/landing/2018-01-11/order_payments.parquet,2018-01-11
1e648b21368a3ed91634edf2b262d33c,1,credit_card,1,82.12,2018-01-11,2018-02-09 00:00:00.000000,2026-08-27T05:17:09.287600+00:00,D:/D drive recovery/Shiva JH/Projects/OneLake Medallion/data/landing/2018-01-11/order_payments.parquet,2018-01-11
ad2650f8f266036c200a50ceb506a8c6,1,credit_card,1,29.0,2018-01-11,2018-02-26 00:00:00.000000,2026-08-27T05:17:09.287600+00:00,D:/D drive recovery/Shiva JH/Projects/OneLake Medallion/data/landing/2018-01-11/order_payments.parquet,2018-01-11
89b8ad4ff7b96f3b514eb7d8c71d771c,1,credit_card,4,112.28,2018-01-11,2018-02-16 00:00:00.000000,2026-08-27T05:17:09.287600+00:00,D:/D drive recovery/Shiva JH/Projects/OneLake Medallion/data/landing/2018-01-11/order_payments.parquet,2018-01-11
6e49598a67a4161d3fe1299418fe5d43,1,credit_card,3,833.08,2018-01-23,2018-02-19 13:12:01.000000,2026-08-27T05:17:09.287600+00:00,D:/D drive recovery/Shiva JH/Projects/OneLake Medallion/data/landing/2018-01-23/order_payments.parquet,2018-01-23
d3775e436e60258e62e678a0f68a0f8d,1,credit_card,3,225.85,2018-01-23,2018-02-28 22:15:11.000000,2026-08-27T05:17:09.287600+00:00,D:/D drive recovery/Shiva JH/Projects/OneLake Medallion/data/landing/2018-01-23/order_payments.parquet,2018-01-23
4bfddd9392014699ab2cbae22a27a574,1,credit_card,7,359.18,2018-01-23,2018-02-20 00:00:00.000000,2026-08-27T05:17:09.287600+00:00,D:/D drive recovery/Shiva JH/Projects/OneLake Medallion/data/landing/2018-01-23/order_payments.parquet,2018-01-23
730dc1ff917580e99d067d00abaccaef,1,credit_card,5,77.28,2018-02-04,2018-02-22 00:00:00.000000,2026-08-27T05:17:09.287600+00:00,D:/D drive recovery/Shiva JH/Projects/OneLake Medallion/data/landing/2018-02-04/order_payments.parquet,2018-02-04
2a430c80705b17c17f1e9e5b138e52d5,1,credit_card,2,236.82,2018-02-04,2018-03-13 00:00:00.000000,2026-08-27T05:17:09.287600+00:00,D:/D drive recovery/Shiva JH/Projects/OneLake Medallion/data/landing/2018-02-04/order_payments.parquet,2018-02-04
f896589d5423240044b0425caf71bc96,1,credit_card,5,53.01,2018-02-04,2018-03-08 00:00:00.000000,2026-08-27T05:17:09.287600+00:00,D:/D drive recovery/Shiva JH/Projects/OneLake Medallion/data/landing/2018-02-04/order_payments.parquet,2018-02-04
d5f1b4c2e52be04dafb9cdacb1b86921,1,boleto,1,89.75,2018-02-16,2018-03-12 00:00:00.000000,2026-08-27T05:17:09.287600+00:00,D:/D drive recovery/Shiva JH/Projects/OneLake Medallion/data/landing/2018-02-16/order_payments.parquet,2018-02-16
8180b588f7239fba96aeaa6985040c1a,1,credit_card,8,637.65,2018-02-16,2018-03-13 00:00:00.000000,2026-08-27T05:17:09.287600+00:00,D:/D drive recovery/Shiva JH/Projects/OneLake Medallion/data/landing/2018-02-16/order_payments.parquet,2018-02-16
cdeec5de39a62045ad7edd0f00cc8858,1,credit_card,1,64.11,2018-02-16,2018-04-16 19:23:19.000000,2026-08-27T05:17:09.287600+00:00,D:/D drive recovery/Shiva JH/Projects/OneLake Medallion/data/landing/2018-02-16/order_payments.parquet,2018-02-16
f42afa7297d7d5f4c540fd31c4196821,1,credit_card,3,286.56,2018-02-16,2018-03-14 00:00:00.000000,2026-08-27T05:17:09.287600+00:00,D:/D drive recovery/Shiva JH/Projects/OneLake Medallion/data/landing/2018-02-16/order_payments.parquet,2018-02-16
30123d8900ab69af8d7017c4e66ea57e,1,credit_card,4,101.34,2018-02-16,2018-03-12 22:41:59.000000,2026-08-27T05:17:09.287600+00:00,D:/D drive recovery/Shiva JH/Projects/OneLake Medallion/data/landing/2018-02-16/order_payments.parquet,2018-02-16
8e3ab8811f9c3a04413aa4e14f84b872,1,boleto,1,46.0,2018-02-28,2018-04-10 22:41:47.000000,2026-08-27T05:17:09.287600+00:00,D:/D drive recovery/Shiva JH/Projects/OneLake Medallion/data/landing/2018-02-28/order_payments.parquet,2018-02-28
ed4e8b0a842c00f7ff68654911fbea63,1,credit_card,1,34.6,2018-02-28,2018-03-23 00:00:00.000000,2026-08-27T05:17:09.287600+00:00,D:/D drive recovery/Shiva JH/Projects/OneLake Medallion/data/landing/2018-02-28/order_payments.parquet,2018-02-28
e914e961033af34e2fc13b3b0d698a94,1,credit_card,1,39.59,2018-02-28,2018-03-22 00:00:00.000000,2026-08-27T05:17:09.287600+00:00,D:/D drive recovery/Shiva JH/Projects/OneLake Medallion/data/landing/2018-02-28/order_payments.parquet,2018-02-28
aae245e2849c2032f94d4baad11dab79,1,credit_card,3,69.73,2018-02-28,2018-03-19 00:00:00.000000,2026-08-27T05:17:09.287600+00:00,D:/D drive recovery/Shiva JH/Projects/OneLake Medallion/data/landing/2018-02-28/order_payments.parquet,2018-02-28
7ec86dae6dc7ee75dd06ce14839f34da,1,credit_card,1,50.0,2018-02-28,2018-03-19 00:00:00.000000,2026-08-27T05:17:09.287600+00:00,D:/D drive recovery/Shiva JH/Projects/OneLake Medallion/data/landing/2018-02-28/order_payments.parquet,2018-02-28
2c7e3ff60588c94964e40bd1dca4415f,1,credit_card,1,60.0,2018-02-28,2018-03-21 00:00:00.000000,2026-08-27T05:17:09.287600+00:00,D:/D drive recovery/Shiva JH/Projects/OneLake Medallion/data/landing/2018-02-28/order_payments.parquet,2018-02-28
fbefd1a1d596025d72cd7cbf21c4f804,1,credit_card,1,45.31,2018-02-28,2018-04-08 16:53:36.000000,2026-08-27T05:17:09.287600+00:00,D:/D drive recovery/Shiva JH/Projects/OneLake Medallion/data/landing/2018-02-28/order_payments.parquet,2018-02-28
6ce409ae9fc35c1c78c3190b660a23b4,1,credit_card,4,180.8,2018-02-28,2018-03-23 19:56:39.000000,2026-08-27T05:17:09.287600+00:00,D:/D drive recovery/Shiva JH/Projects/OneLake Medallion/data/landing/2018-02-28/order_payments.parquet,2018-02-28
bd34c0a8e58e5e3a0116f8be431a86ff,1,credit_card,10,913.7,2018-02-28,2018-03-21 00:00:00.000000,2026-08-27T05:17:09.287600+00:00,D:/D drive recovery/Shiva JH/Projects/OneLake Medallion/data/landing/2018-02-28/order_payments.parquet,2018-02-28
40a5bd91abf23d336d1f3584101d860d,1,credit_card,5,171.24,2018-03-12,2018-04-09 00:00:00.000000,2026-08-27T05:17:09.287600+00:00,D:/D drive recovery/Shiva JH/Projects/OneLake Medallion/data/landing/2018-03-12/order_payments.parquet,2018-03-12
64600db8a4995fc16ae799da1eace4be,1,credit_card,3,139.99,2018-03-12,2018-04-25 20:12:35.000000,2026-08-27T05:17:09.287600+00:00,D:/D drive recovery/Shiva JH/Projects/OneLake Medallion/data/landing/2018-03-12/order_payments.parquet,2018-03-12
412e4fb4c148a6d31f905c16481d75e6,1,boleto,1,192.76,2018-03-12,2018-04-12 00:00:00.000000,2026-08-27T05:17:09.287600+00:00,D:/D drive recovery/Shiva JH/Projects/OneLake Medallion/data/landing/2018-03-12/order_payments.parquet,2018-03-12
90d5620d5953ab91dee8d433291dd274,1,credit_card,6,474.97,2018-03-12,2018-04-11 21:18:28.000000,2026-08-27T05:17:09.287600+00:00,D:/D drive recovery/Shiva JH/Projects/OneLake Medallion/data/landing/2018-03-12/order_payments.parquet,2018-03-12
690ce80c28087f2dc808a71e7ea057fd,1,credit_card,2,105.56,2018-03-12,2018-03-22 00:00:00.000000,2026-08-27T05:17:09.287600+00:00,D:/D drive recovery/Shiva JH/Projects/OneLake Medallion/data/landing/2018-03-12/order_payments.parquet,2018-03-12
cd2774a60636ce7ebc1f7efa829bf729,1,credit_card,1,57.23,2018-03-12,2018-04-09 00:00:00.000000,2026-08-27T05:17:09.287600+00:00,D:/D drive recovery/Shiva JH/Projects/OneLake Medallion/data/landing/2018-03-12/order_payments.parquet,2018-03-12
4aaf9b9778e313ecfcfe11ba5673b136,1,credit_card,1,288.43,2018-03-24,2018-06-07 13:28:40.000000,2026-08-27T05:17:09.287600+00:00,D:/D drive recovery/Shiva JH/Projects/OneLake Medallion/data/landing/2018-03-24/order_payments.parquet,2018-03-24
15341b05d64b1a27163a196767a80afe,1,credit_card,10,606.08,2018-03-24,2018-04-27 00:00:00.000000,2026-08-27T05:17:09.287600+00:00,D:/D drive recovery/Shiva JH/Projects/OneLake Medallion/data/landing/2018-03-24/order_payments.parquet,2018-03-24
df81dcb40098fb783a6525fa2f868bc9,1,credit_card,6,115.59,2018-03-24,2018-06-20 22:32:03.000000,2026-08-27T05:17:09.287600+00:00,D:/D drive recovery/Shiva JH/Projects/OneLake Medallion/data/landing/2018-03-24/order_payments.parquet,2018-03-24
88236ec3283901ac03893885acd80574,1,credit_card,1,69.93,2018-04-05,2018-04-26 00:00:00.000000,2026-08-27T05:17:09.287600+00:00,D:/D drive recovery/Shiva JH/Projects/OneLake Medallion/data/landing/2018-04-05/order_payments.parquet,2018-04-05
4ab2f2ac4c50d1a98dab6d9541a633ee,1,credit_card,4,88.28,2018-04-05,2018-05-17 00:00:00.000000,2026-08-27T05:17:09.287600+00:00,D:/D drive recovery/Shiva JH/Projects/OneLake Medallion/data/landing/2018-04-05/order_payments.parquet,2018-04-05
824ed066dde5116b8bcf4d75381e056d,1,credit_card,5,114.66,2018-04-05,2018-04-23 00:00:00.000000,2026-08-27T05:17:09.287600+00:00,D:/D drive recovery/Shiva JH/Projects/OneLake Medallion/data/landing/2018-04-05/order_payments.parquet,2018-04-05
0d799dd97f4ffcecba2864882585f677,1,credit_card,1,432.4,2018-04-05,2018-04-25 00:00:00.000000,2026-08-27T05:17:09.287600+00:00,D:/D drive recovery/Shiva JH/Projects/OneLake Medallion/data/landing/2018-04-05/order_payments.parquet,2018-04-05
d20dc9a4af7f6a0c44930ff40e4d6725,1,credit_card,4,131.69,2018-04-17,2018-05-16 00:00:00.000000,2026-08-27T05:17:09.287600+00:00,D:/D drive recovery/Shiva JH/Projects/OneLake Medallion/data/landing/2018-04-17/order_payments.parquet,2018-04-17
618b0dccb6cd114a77a84daef8d565c4,1,credit_card,3,240.75,2018-04-17,2018-05-30 00:00:00.000000,2026-08-27T05:17:09.287600+00:00,D:/D drive recovery/Shiva JH/Projects/OneLake Medallion/data/landing/2018-04-17/order_payments.parquet,2018-04-17
886a55792a14cb019feabb58baa814c7,1,credit_card,1,52.78,2018-04-17,2018-05-11 00:00:00.000000,2026-08-27T05:17:09.287600+00:00,D:/D drive recovery/Shiva JH/Projects/OneLake Medallion/data/landing/2018-04-17/order_payments.parquet,2018-04-17
b1c87cf3c9ac90d18dbf33b6a5c32d83,1,boleto,1,37.61,2018-04-29,2018-05-17 00:00:00.000000,2026-08-27T05:17:09.287600+00:00,D:/D drive recovery/Shiva JH/Projects/OneLake Medallion/data/landing/2018-04-29/order_payments.parquet,2018-04-29
a5a3c295445dd23736b0a5c49bf376dd,1,credit_card,2,85.41,2018-04-29,2018-05-17 00:00:00.000000,2026-08-27T05:17:09.287600+00:00,D:/D drive recovery/Shiva JH/Projects/OneLake Medallion/data/landing/2018-04-29/order_payments.parquet,2018-04-29
e450bc6e7ca8d8338ef53b5cf23b72ce,1,credit_card,10,260.57,2018-04-29,2018-05-23 00:00:00.000000,2026-08-27T05:17:09.287600+00:00,D:/D drive recovery/Shiva JH/Projects/OneLake Medallion/data/landing/2018-04-29/order_payments.parquet,2018-04-29
328c309ec547992c3c426906fe279dc0,1,credit_card,1,95.44,2018-04-29,2018-05-18 00:00:00.000000,2026-08-27T05:17:09.287600+00:00,D:/D drive recovery/Shiva JH/Projects/OneLake Medallion/data/landing/2018-04-29/order_payments.parquet,2018-04-29
ca8abc474e7636166e173909fa9973ce,1,boleto,1,318.61,2018-04-29,2018-05-24 00:00:00.000000,2026-08-27T05:17:09.287600+00:00,D:/D drive recovery/Shiva JH/Projects/OneLake Medallion/data/landing/2018-04-29/order_payments.parquet,2018-04-29
2345b8390d7bd4e3dd2bdd0dd7ab89cb,1,credit_card,6,283.73,2018-05-11,2018-06-08 00:00:00.000000,2026-08-27T05:17:09.287600+00:00,D:/D drive recovery/Shiva JH/Projects/OneLake Medallion/data/landing/2018-05-11/order_payments.parquet,2018-05-11
8f79a0d3f0989f318565ef2aa28577fb,1,credit_card,4,160.66,2018-05-11,2018-06-11 00:00:00.000000,2026-08-27T05:17:09.287600+00:00,D:/D drive recovery/Shiva JH/Projects/OneLake Medallion/data/landing/2018-05-11/order_payments.parquet,2018-05-11
4964b712511de5c351d07b12d57e5cc7,1,boleto,1,110.46,2018-05-11,2018-06-06 00:00:00.000000,2026-08-27T05:17:09.287600+00:00,D:/D drive recovery/Shiva JH/Projects/OneLake Medallion/data/landing/2018-05-11/order_payments.parquet,2018-05-11
9734c61e70431951ceea6da4c1c2a063,1,credit_card,5,333.44,2018-05-11,2018-06-11 17:54:52.000000,2026-08-27T05:17:09.287600+00:00,D:/D drive recovery/Shiva JH/Projects/OneLake Medallion/data/landing/2018-05-11/order_payments.parquet,2018-05-11
07b683def65270f286578e5208c5adc0,1,credit_card,3,158.8,2018-05-11,2018-05-23 00:00:00.000000,2026-08-27T05:17:09.287600+00:00,D:/D drive recovery/Shiva JH/Projects/OneLake Medallion/data/landing/2018-05-11/order_payments.parquet,2018-05-11
10946918b6dfb9d446d7fd1a39a45055,1,credit_card,3,147.57,2018-05-11,2018-06-07 00:00:00.000000,2026-08-27T05:17:09.287600+00:00,D:/D drive recovery/Shiva JH/Projects/OneLake Medallion/data/landing/2018-05-11/order_payments.parquet,2018-05-11
578e406b34a3ef878b509b9fe1813dda,1,boleto,1,66.81,2018-05-23,2018-06-26 00:00:00.000000,2026-08-27T05:17:09.287600+00:00,D:/D drive recovery/Shiva JH/Projects/OneLake Medallion/data/landing/2018-05-23/order_payments.parquet,2018-05-23
3af58300549c324fa418f079815fc952,1,credit_card,1,92.97,2018-05-23,2018-06-25 00:00:00.000000,2026-08-27T05:17:09.287600+00:00,D:/D drive recovery/Shiva JH/Projects/OneLake Medallion/data/landing/2018-05-23/order_payments.parquet,2018-05-23
236c5c6711eb7864803f0f0c739e5c05,1,boleto,1,151.95,2018-05-23,2018-06-19 00:00:00.000000,2026-08-27T05:17:09.287600+00:00,D:/D drive recovery/Shiva JH/Projects/OneLake Medallion/data/landing/2018-05-23/order_payments.parquet,2018-05-23
131d8d336159b7912c323b1dcf578525,1,credit_card,3,33.37,2018-05-23,2018-06-18 00:00:00.000000,2026-08-27T05:17:09.287600+00:00,D:/D drive recovery/Shiva JH/Projects/OneLake Medallion/data/landing/2018-05-23/order_payments.parquet,2018-05-23
31ce9e3b5b94389a0b2597743083ff98,1,credit_card,10,183.74,2018-05-23,2018-06-07 00:00:00.000000,2026-08-27T05:17:09.287600+00:00,D:/D drive recovery/Shiva JH/Projects/OneLake Medallion/data/landing/2018-05-23/order_payments.parquet,2018-05-23
9e05956862c333308733e2155ca16950,1,credit_card,8,410.9,2018-05-23,2018-06-19 00:00:00.000000,2026-08-27T05:17:09.287600+00:00,D:/D drive recovery/Shiva JH/Projects/OneLake Medallion/data/landing/2018-05-23/order_payments.parquet,2018-05-23
ab87dc5a5f1856a10640d5f42e4c2fd9,1,credit_card,4,210.9,2018-06-04,2018-07-17 00:00:00.000000,2026-08-27T05:17:09.287600+00:00,D:/D drive recovery/Shiva JH/Projects/OneLake Medallion/data/landing/2018-06-04/order_payments.parquet,2018-06-04
903bf628219e968e070f205a97500735,1,credit_card,1,138.91,2018-06-04,2018-07-05 00:00:00.000000,2026-08-27T05:17:09.287600+00:00,D:/D drive recovery/Shiva JH/Projects/OneLake Medallion/data/landing/2018-06-04/order_payments.parquet,2018-06-04
3308880e8f58b1d2c21bd5b1bf64aad4,1,credit_card,1,71.25,2018-06-04,2018-07-19 00:00:00.000000,2026-08-27T05:17:09.287600+00:00,D:/D drive recovery/Shiva JH/Projects/OneLake Medallion/data/landing/2018-06-04/order_payments.parquet,2018-06-04
8b7b9c6bbef1d12f004035806f43996a,1,credit_card,1,141.92,2018-06-04,2018-07-13 00:00:00.000000,2026-08-27T05:17:09.287600+00:00,D:/D drive recovery/Shiva JH/Projects/OneLake Medallion/data/landing/2018-06-04/order_payments.parquet,2018-06-04
2a03326bc3dd548e425fafa5c7be54ed,1,credit_card,3,65.44,2018-06-16,2018-07-12 00:00:00.000000,2026-08-27T05:17:09.287600+00:00,D:/D drive recovery/Shiva JH/Projects/OneLake Medallion/data/landing/2018-06-16/order_payments.parquet,2018-06-16
b865bf62fce1552218ba53aaa950e1cc,1,credit_card,10,324.94,2018-06-16,2018-07-18 00:00:00.000000,2026-08-27T05:17:09.287600+00:00,D:/D drive recovery/Shiva JH/Projects/OneLake Medallion/data/landing/2018-06-16/order_payments.parquet,2018-06-16
9b21d7e7e61740911f0008fc81681e63,1,boleto,1,124.93,2018-06-16,2018-07-12 00:00:00.000000,2026-08-27T05:17:09.287600+00:00,D:/D drive recovery/Shiva JH/Projects/OneLake Medallion/data/landing/2018-06-16/order_payments.parquet,2018-06-16
b70c2a4797319570dbecddc366fb25c0,1,credit_card,3,406.78,2018-06-28,2018-07-18 00:00:00.000000,2026-08-27T05:17:09.287600+00:00,D:/D drive recovery/Shiva JH/Projects/OneLake Medallion/data/landing/2018-06-28/order_payments.parquet,2018-06-28
7063524166dbe4d1f15029bafcd95070,1,boleto,1,67.44,2018-06-28,2018-07-23 00:00:00.000000,2026-08-27T05:17:09.287600+00:00,D:/D drive recovery/Shiva JH/Projects/OneLake Medallion/data/landing/2018-06-28/order_payments.parquet,2018-06-28
2f9d4ee8ca77fe0951ebfe9064cad953,1,credit_card,10,105.19,2016-10-09,2016-11-30 00:00:00.000000,2026-08-27T05:17:09.287600+00:00,D:/D drive recovery/Shiva JH/Projects/OneLake Medallion/data/landing/2016-10-09/order_payments.parquet,2016-10-09
f7b9821d83a86f942cd40560f3c06622,1,credit_card,8,419.06,2017-01-13,2017-02-23 00:00:00.000000,2026-08-27T05:17:09.287600+00:00,D:/D drive recovery/Shiva JH/Projects/OneLake Medallion/data/landing/2017-01-13/order_payments.parquet,2017-01-13
c5a468ae781ffb0ec6d36ae89fe512b0,1,credit_card,10,123.25,2017-01-13,2017-02-13 00:00:00.000000,2026-08-27T05:17:09.287600+00:00,D:/D drive recovery/Shiva JH/Projects/OneLake Medallion/data/landing/2017-01-13/order_payments.parquet,2017-01-13
bc7bc14f585b1879f63e89cb0e4cfa17,1,boleto,1,139.53,2017-01-25,2017-03-10 00:00:00.000000,2026-08-27T05:17:09.287600+00:00,D:/D drive recovery/Shiva JH/Projects/OneLake Medallion/data/landing/2017-01-25/order_payments.parquet,2017-01-25
8f359a870a6206af39d54ab82c99619d,2,voucher,1,100.0,2017-01-25,2017-03-02 00:00:00.000000,2026-08-27T05:17:09.287600+00:00,D:/D drive recovery/Shiva JH/Projects/OneLake Medallion/data/landing/2017-01-25/order_payments.parquet,2017-01-25
8f359a870a6206af39d54ab82c99619d,1,credit_card,3,60.42,2017-01-25,2017-03-02 00:00:00.000000,2026-08-27T05:17:09.287600+00:00,D:/D drive recovery/Shiva JH/Projects/OneLake Medallion/data/landing/2017-01-25/order_payments.parquet,2017-01-25
a50d16f8c24acdc0c3d2fe0af2cd5c87,1,credit_card,4,210.08,2017-01-25,2017-03-06 00:00:00.000000,2026-08-27T05:17:09.287600+00:00,D:/D drive recovery/Shiva JH/Projects/OneLake Medallion/data/landing/2017-01-25/order_payments.parquet,2017-01-25
c9e893d2e32f6ca9988b30669eb71e5a,1,credit_card,1,39.96,2017-02-06,2017-03-13 00:00:00.000000,2026-08-27T05:17:09.287600+00:00,D:/D drive recovery/Shiva JH/Projects/OneLake Medallion/data/landing/2017-02-06/order_payments.parquet,2017-02-06
61792640e5c6bc477b960e28fff4d779,1,credit_card,1,47.51,2017-02-18,2017-03-21 00:00:00.000000,2026-08-27T05:17:09.287600+00:00,D:/D drive recovery/Shiva JH/Projects/OneLake Medallion/data/landing/2017-02-18/order_payments.parquet,2017-02-18
d77031d6a3c8a52f019764e68f211c69,1,boleto,1,39.95,2017-02-18,2017-03-22 00:00:00.000000,2026-08-27T05:17:09.287600+00:00,D:/D drive recovery/Shiva JH/Projects/OneLake Medallion/data/landing/2017-02-18/order_payments.parquet,2017-02-18
6d5e1e480d92f1bde5e9eb187fa388d5,2,voucher,1,50.0,2017-03-02,2017-03-28 00:00:00.000000,2026-08-27T05:17:09.287600+00:00,D:/D drive recovery/Shiva JH/Projects/OneLake Medallion/data/landing/2017-03-02/order_payments.parquet,2017-03-02
72da473ce9c065b6b7120da52ad4ac02,1,credit_card,3,147.45,2017-03-02,2017-04-06 00:00:00.000000,2026-08-27T05:17:09.287600+00:00,D:/D drive recovery/Shiva JH/Projects/OneLake Medallion/data/landing/2017-03-02/order_payments.parquet,2017-03-02
6d5e1e480d92f1bde5e9eb187fa388d5,1,credit_card,2,86.44,2017-03-02,2017-03-28 00:00:00.000000,2026-08-27T05:17:09.287600+00:00,D:/D drive recovery/Shiva JH/Projects/OneLake Medallion/data/landing/2017-03-02/order_payments.parquet,2017-03-02
bdbb8c171bf0fe78ba7607be04099506,1,credit_card,4,104.7,2017-03-02,2017-03-24 00:00:00.000000,2026-08-27T05:17:09.287600+00:00,D:/D drive recovery/Shiva JH/Projects/OneLake Medallion/data/landing/2017-03-02/order_payments.parquet,2017-03-02
cdfc8d98469b5469527223fa4d487882,1,credit_card,1,2.4,2017-03-14,2017-04-04 00:00:00.000000,2026-08-27T05:17:09.287600+00:00,D:/D drive recovery/Shiva JH/Projects/OneLake Medallion/data/landing/2017-03-14/order_payments.parquet,2017-03-14
153e41d2dbed0732e8c41f472d912453,1,credit_card,1,92.68,2017-03-14,2017-04-06 00:00:00.000000,2026-08-27T05:17:09.287600+00:00,D:/D drive recovery/Shiva JH/Projects/OneLake Medallion/data/landing/2017-03-14/order_payments.parquet,2017-03-14
cdfc8d98469b5469527223fa4d487882,2,voucher,1,35.02,2017-03-14,2017-04-04 00:00:00.000000,2026-08-27T05:17:09.287600+00:00,D:/D drive recovery/Shiva JH/Projects/OneLake Medallion/data/landing/2017-03-14/order_payments.parquet,2017-03-14
707b67c6036569d9eba912e2c8609ee4,1,credit_card,8,103.02,2017-03-26,2017-04-25 00:00:00.000000,2026-08-27T05:17:09.287600+00:00,D:/D drive recovery/Shiva JH/Projects/OneLake Medallion/data/landing/2017-03-26/order_payments.parquet,2017-03-26
0ee0c320d2ceda401e28f8bc01e2fde2,1,credit_card,6,329.65,2017-03-26,2017-04-28 00:00:00.000000,2026-08-27T05:17:09.287600+00:00,D:/D drive recovery/Shiva JH/Projects/OneLake Medallion/data/landing/2017-03-26/order_payments.parquet,2017-03-26
73d609151d68d82b9e930d9e14458b61,1,credit_card,6,230.32,2017-04-07,2017-05-15 00:00:00.000000,2026-08-27T05:17:09.287600+00:00,D:/D drive recovery/Shiva JH/Projects/OneLake Medallion/data/landing/2017-04-07/order_payments.parquet,2017-04-07
36f03c686bcee7c593f6227fb80b7109,1,credit_card,3,107.05,2017-04-07,2017-05-12 12:13:00.000000,2026-08-27T05:17:09.287600+00:00,D:/D drive recovery/Shiva JH/Projects/OneLake Medallion/data/landing/2017-04-07/order_payments.parquet,2017-04-07
5cf5cdef34e1a2488666267e4eda1792,1,credit_card,10,160.64,2017-04-07,2017-05-03 00:00:00.000000,2026-08-27T05:17:09.287600+00:00,D:/D drive recovery/Shiva JH/Projects/OneLake Medallion/data/landing/2017-04-07/order_payments.parquet,2017-04-07
2217b5983c4fe87f26639368401a2f6c,1,credit_card,1,106.36,2017-04-07,2017-05-03 00:00:00.000000,2026-08-27T05:17:09.287600+00:00,D:/D drive recovery/Shiva JH/Projects/OneLake Medallion/data/landing/2017-04-07/order_payments.parquet,2017-04-07
2e1bbcd435bc99b41a07959ef2c3965e,1,credit_card,1,79.62,2017-04-19,2017-05-12 00:00:00.000000,2026-08-27T05:17:09.287600+00:00,D:/D drive recovery/Shiva JH/Projects/OneLake Medallion/data/landing/2017-04-19/order_payments.parquet,2017-04-19
7bfe238bd2ede94073ec8c6c64509b90,1,credit_card,1,137.57,2017-04-19,2017-05-18 00:00:00.000000,2026-08-27T05:17:09.287600+00:00,D:/D drive recovery/Shiva JH/Projects/OneLake Medallion/data/landing/2017-04-19/order_payments.parquet,2017-04-19
a14932a44ab80c8a470ee1786eda7573,1,credit_card,8,205.4,2017-04-19,2017-05-11 00:00:00.000000,2026-08-27T05:17:09.287600+00:00,D:/D drive recovery/Shiva JH/Projects/OneLake Medallion/data/landing/2017-04-19/order_payments.parquet,2017-04-19
70b746f6d25c9df56e8e41bc05da3f1c,1,credit_card,10,225.31,2017-05-01,2017-05-24 00:00:00.000000,2026-08-27T05:17:09.287600+00:00,D:/D drive recovery/Shiva JH/Projects/OneLake Medallion/data/landing/2017-05-01/order_payments.parquet,2017-05-01
36fc3a00019db8f893021f9508f695c8,1,credit_card,6,184.91,2017-05-01,2017-06-06 00:00:00.000000,2026-08-27T05:17:09.287600+00:00,D:/D drive recovery/Shiva JH/Projects/OneLake Medallion/data/landing/2017-05-01/order_payments.parquet,2017-05-01
e3d211011fde3f5b8aaf8ecd42c4eed0,1,credit_card,2,50.86,2017-05-01,2017-05-23 00:00:00.000000,2026-08-27T05:17:09.287600+00:00,D:/D drive recovery/Shiva JH/Projects/OneLake Medallion/data/landing/2017-05-01/order_payments.parquet,2017-05-01
d9c7d6586555e3adb3709a7047e36c11,1,credit_card,2,29.08,2017-05-13,2017-06-06 00:00:00.000000,2026-08-27T05:17:09.287600+00:00,D:/D drive recovery/Shiva JH/Projects/OneLake Medallion/data/landing/2017-05-13/order_payments.parquet,2017-05-13
0168a7f186c1f066748d15d8c51f489a,1,boleto,1,158.2,2017-05-13,2017-05-24 00:00:00.000000,2026-08-27T05:17:09.287600+00:00,D:/D drive recovery/Shiva JH/Projects/OneLake Medallion/data/landing/2017-05-13/order_payments.parquet,2017-05-13
ac809d1a80a159ae8a440c726f579700,1,credit_card,2,44.29,2017-05-25,2017-06-21 00:00:00.000000,2026-08-27T05:17:09.287600+00:00,D:/D drive recovery/Shiva JH/Projects/OneLake Medallion/data/landing/2017-05-25/order_payments.parquet,2017-05-25
357773e5b110f8f600e99720f07ac480,1,voucher,1,20.84,2017-05-25,2017-06-16 00:00:00.000000,2026-08-27T05:17:09.287600+00:00,D:/D drive recovery/Shiva JH/Projects/OneLake Medallion/data/landing/2017-05-25/order_payments.parquet,2017-05-25
f38becfd5e80f3d9d988ecab0b0a8d41,1,credit_card,5,59.1,2017-06-06,2017-06-29 00:00:00.000000,2026-08-27T05:17:09.287600+00:00,D:/D drive recovery/Shiva JH/Projects/OneLake Medallion/data/landing/2017-06-06/order_payments.parquet,2017-06-06
16e4c23dc1892082c649911189c18f27,1,credit_card,4,142.96,2017-06-06,2017-06-29 00:00:00.000000,2026-08-27T05:17:09.287600+00:00,D:/D drive recovery/Shiva JH/Projects/OneLake Medallion/data/landing/2017-06-06/order_payments.parquet,2017-06-06
423a4ec1579258ccf1267d7414246c52,1,credit_card,4,49.09,2017-06-06,2017-07-03 00:00:00.000000,2026-08-27T05:17:09.287600+00:00,D:/D drive recovery/Shiva JH/Projects/OneLake Medallion/data/landing/2017-06-06/order_payments.parquet,2017-06-06
acf439da18812b2e710a2e7abe7f0ab2,1,boleto,1,100.82,2017-06-06,2017-07-05 00:00:00.000000,2026-08-27T05:17:09.287600+00:00,D:/D drive recovery/Shiva JH/Projects/OneLake Medallion/data/landing/2017-06-06/order_payments.parquet,2017-06-06
01bb52d7a8dffb8bef5b79268487cd10,1,credit_card,1,176.36,2017-06-06,2017-06-30 00:00:00.000000,2026-08-27T05:17:09.287600+00:00,D:/D drive recovery/Shiva JH/Projects/OneLake Medallion/data/landing/2017-06-06/order_payments.parquet,2017-06-06
4a335c9b6c47353962fc6f0b1911eb03,1,credit_card,7,184.93,2017-06-18,2017-07-11 00:00:00.000000,2026-08-27T05:17:09.287600+00:00,D:/D drive recovery/Shiva JH/Projects/OneLake Medallion/data/landing/2017-06-18/order_payments.parquet,2017-06-18
c0a1dc99f45387972d7c24cb3ffb3727,1,credit_card,5,174.68,2017-06-30,2017-08-03 00:00:00.000000,2026-08-27T05:17:09.287600+00:00,D:/D drive recovery/Shiva JH/Projects/OneLake Medallion/data/landing/2017-06-30/order_payments.parquet,2017-06-30
773fd1a45866c4100d7cc2b770f08901,1,credit_card,1,38.29,2017-06-30,2017-07-20 00:00:00.000000,2026-08-27T05:17:09.287600+00:00,D:/D drive recovery/Shiva JH/Projects/OneLake Medallion/data/landing/2017-06-30/order_payments.parquet,2017-06-30
70de7b6034bc0e9a1f6074627ffab810,1,credit_card,1,65.79,2017-07-12,2017-08-07 00:00:00.000000,2026-08-27T05:17:09.287600+00:00,D:/D drive recovery/Shiva JH/Projects/OneLake Medallion/data/landing/2017-07-12/order_payments.parquet,2017-07-12
bf92c69b7cc70f7fc2c37de43e366173,1,credit_card,3,166.71,2017-07-24,2017-08-15 00:00:00.000000,2026-08-27T05:17:09.287600+00:00,D:/D drive recovery/Shiva JH/Projects/OneLake Medallion/data/landing/2017-07-24/order_payments.parquet,2017-07-24
1527c3b9bc481583f9752e89841e4686,1,credit_card,8,164.7,2017-07-24,2017-08-17 00:00:00.000000,2026-08-27T05:17:09.287600+00:00,D:/D drive recovery/Shiva JH/Projects/OneLake Medallion/data/landing/2017-07-24/order_payments.parquet,2017-07-24
59a0441d0335d0179d1077e2dcb46cdc,1,credit_card,2,25.84,2017-07-24,2017-08-09 00:00:00.000000,2026-08-27T05:17:09.287600+00:00,D:/D drive recovery/Shiva JH/Projects/OneLake Medallion/data/landing/2017-07-24/order_payments.parquet,2017-07-24
9baa1fea77be1dc7d5ef2ad847110a14,1,credit_card,10,377.42,2017-08-05,2017-09-18 00:00:00.000000,2026-08-27T05:17:09.287600+00:00,D:/D drive recovery/Shiva JH/Projects/OneLake Medallion/data/landing/2017-08-05/order_payments.parquet,2017-08-05
ae3e8160dfb11ba7791e416b096d2525,1,credit_card,1,47.59,2017-08-05,2017-08-29 00:00:00.000000,2026-08-27T05:17:09.287600+00:00,D:/D drive recovery/Shiva JH/Projects/OneLake Medallion/data/landing/2017-08-05/order_payments.parquet,2017-08-05
cab587eb398be7856799cbd4f9f57b28,1,boleto,1,48.69,2017-08-05,2017-09-04 00:00:00.000000,2026-08-27T05:17:09.287600+00:00,D:/D drive recovery/Shiva JH/Projects/OneLake Medallion/data/landing/2017-08-05/order_payments.parquet,2017-08-05
e81f9367113fbd126f1b01da8b50f0f3,1,credit_card,1,129.58,2017-08-05,2017-08-31 00:00:00.000000,2026-08-27T05:17:09.287600+00:00,D:/D drive recovery/Shiva JH/Projects/OneLake Medallion/data/landing/2017-08-05/order_payments.parquet,2017-08-05
761d2a6c3fc081b13c3cbfa01c4a8c37,1,credit_card,1,86.15,2017-08-17,2017-09-14 14:58:50.000000,2026-08-27T05:17:09.287600+00:00,D:/D drive recovery/Shiva JH/Projects/OneLake Medallion/data/landing/2017-08-17/order_payments.parquet,2017-08-17
a59e5a3085765eccf13872b4529fba3c,1,boleto,1,154.21,2017-08-17,2017-08-30 00:00:00.000000,2026-08-27T05:17:09.287600+00:00,D:/D drive recovery/Shiva JH/Projects/OneLake Medallion/data/landing/2017-08-17/order_payments.parquet,2017-08-17
9d7b5f17627d128b343baf0300b45c7f,1,credit_card,3,185.89,2017-08-17,2017-09-06 00:00:00.000000,2026-08-27T05:17:09.287600+00:00,D:/D drive recovery/Shiva JH/Projects/OneLake Medallion/data/landing/2017-08-17/order_payments.parquet,2017-08-17
d2881983257f5db81d89259c7d0c6012,1,credit_card,1,105.74,2017-08-29,2017-09-26 00:00:00.000000,2026-08-27T05:17:09.287600+00:00,D:/D drive recovery/Shiva JH/Projects/OneLake Medallion/data/landing/2017-08-29/order_payments.parquet,2017-08-29
1e48c52ecdb582b211ad22ae74ad2247,1,credit_card,10,517.25,2017-08-29,2017-09-20 00:00:00.000000,2026-08-27T05:17:09.287600+00:00,D:/D drive recovery/Shiva JH/Projects/OneLake Medallion/data/landing/2017-08-29/order_payments.parquet,2017-08-29
e3a83a19707a6f27e4fde8d6b13d43f4,1,boleto,1,177.36,2017-09-10,2017-09-28 00:00:00.000000,2026-08-27T05:17:09.287600+00:00,D:/D drive recovery/Shiva JH/Projects/OneLake Medallion/data/landing/2017-09-10/order_payments.parquet,2017-09-10
9b1d71b20edcf15ab15e0bb4a932f23f,1,credit_card,1,95.31,2017-09-10,2017-10-05 20:41:55.000000,2026-08-27T05:17:09.287600+00:00,D:/D drive recovery/Shiva JH/Projects/OneLake Medallion/data/landing/2017-09-10/order_payments.parquet,2017-09-10
9d83ef2eae9001ced10bfc373722a184,1,credit_card,1,72.05,2017-09-22,2017-10-19 00:00:00.000000,2026-08-27T05:17:09.287600+00:00,D:/D drive recovery/Shiva JH/Projects/OneLake Medallion/data/landing/2017-09-22/order_payments.parquet,2017-09-22
59a9185f4ae4b284bf06962763f4317d,1,credit_card,2,136.07,2017-10-04,2017-10-31 00:00:00.000000,2026-08-27T05:17:09.287600+00:00,D:/D drive recovery/Shiva JH/Projects/OneLake Medallion/data/landing/2017-10-04/order_payments.parquet,2017-10-04
2301a0f5629f3d66f880849265f50515,1,credit_card,6,84.23,2017-10-04,2017-10-30 00:00:00.000000,2026-08-27T05:17:09.287600+00:00,D:/D drive recovery/Shiva JH/Projects/OneLake Medallion/data/landing/2017-10-04/order_payments.parquet,2017-10-04
06ebe0964f3c6ad099d9117fb1e66980,1,credit_card,1,262.16,2017-10-16,2017-11-06 00:00:00.000000,2026-08-27T05:17:09.287600+00:00,D:/D drive recovery/Shiva JH/Projects/OneLake Medallion/data/landing/2017-10-16/order_payments.parquet,2017-10-16
ac28921ef185c0a4f81b4fbbdf4d645e,1,credit_card,2,116.0,2017-10-28,2017-12-08 00:00:00.000000,2026-08-27T05:17:09.287600+00:00,D:/D drive recovery/Shiva JH/Projects/OneLake Medallion/data/landing/2017-10-28/order_payments.parquet,2017-10-28
d3762703e4549c646c1f000b5094abea,1,credit_card,3,44.24,2017-10-28,2017-11-13 00:00:00.000000,2026-08-27T05:17:09.287600+00:00,D:/D drive recovery/Shiva JH/Projects/OneLake Medallion/data/landing/2017-10-28/order_payments.parquet,2017-10-28
d9a2b5f65a8710b7b169d27db28c5d26,1,credit_card,4,122.11,2017-11-09,2017-11-29 00:00:00.000000,2026-08-27T05:17:09.287600+00:00,D:/D drive recovery/Shiva JH/Projects/OneLake Medallion/data/landing/2017-11-09/order_payments.parquet,2017-11-09
a43da589ba6d3c9eb959a36699088162,1,credit_card,1,18.89,2017-11-09,2017-12-04 00:00:00.000000,2026-08-27T05:17:09.287600+00:00,D:/D drive recovery/Shiva JH/Projects/OneLake Medallion/data/landing/2017-11-09/order_payments.parquet,2017-11-09
a1eca0e86d2739a6adeb18015e4bc249,1,credit_card,2,66.11,2017-11-09,2017-12-07 00:00:00.000000,2026-08-27T05:17:09.287600+00:00,D:/D drive recovery/Shiva JH/Projects/OneLake Medallion/data/landing/2017-11-09/order_payments.parquet,2017-11-09
42c43329be23eae70ca32f087617feef,1,credit_card,1,125.12,2017-11-09,2017-11-29 00:00:00.000000,2026-08-27T05:17:09.287600+00:00,D:/D drive recovery/Shiva JH/Projects/OneLake Medallion/data/landing/2017-11-09/order_payments.parquet,2017-11-09
b94e0a48d1692a46852bfce35ac0bea9,1,credit_card,1,72.68,2017-11-09,2017-11-23 00:00:00.000000,2026-08-27T05:17:09.287600+00:00,D:/D drive recovery/Shiva JH/Projects/OneLake Medallion/data/landing/2017-11-09/order_payments.parquet,2017-11-09
b4c80521e552d11e209d1388067ce814,1,credit_card,8,1384.74,2017-11-09,2018-01-02 00:00:00.000000,2026-08-27T05:17:09.287600+00:00,D:/D drive recovery/Shiva JH/Projects/OneLake Medallion/data/landing/2017-11-09/order_payments.parquet,2017-11-09
a43da589ba6d3c9eb959a36699088162,2,voucher,1,50.0,2017-11-09,2017-12-04 00:00:00.000000,2026-08-27T05:17:09.287600+00:00,D:/D drive recovery/Shiva JH/Projects/OneLake Medallion/data/landing/2017-11-09/order_payments.parquet,2017-11-09
448632769b45cb2d1dfce6b88fb4bf88,1,boleto,1,165.48,2017-11-09,2017-12-11 00:00:00.000000,2026-08-27T05:17:09.287600+00:00,D:/D drive recovery/Shiva JH/Projects/OneLake Medallion/data/landing/2017-11-09/order_payments.parquet,2017-11-09
1c596aea2c7f298b4ccafe3b88d7dfeb,1,credit_card,3,96.29,2017-11-21,2018-01-05 16:32:14.000000,2026-08-27T05:17:09.287600+00:00,D:/D drive recovery/Shiva JH/Projects/OneLake Medallion/data/landing/2017-11-21/order_payments.parquet,2017-11-21
be0d916fb5cf8a5dddcd98ad4905678e,1,boleto,1,54.87,2017-11-21,2017-12-07 10:05:41.000000,2026-08-27T05:17:09.287600+00:00,D:/D drive recovery/Shiva JH/Projects/OneLake Medallion/data/landing/2017-11-21/order_payments.parquet,2017-11-21
6e8a97f227260b48b2c8e8eacc87d2fb,1,credit_card,1,56.22,2017-11-21,2017-12-01 00:00:00.000000,2026-08-27T05:17:09.287600+00:00,D:/D drive recovery/Shiva JH/Projects/OneLake Medallion/data/landing/2017-11-21/order_payments.parquet,2017-11-21
9bb64540c8b861abd76559cbf18a9230,1,credit_card,3,117.85,2017-11-21,2017-12-14 00:00:00.000000,2026-08-27T05:17:09.287600+00:00,D:/D drive recovery/Shiva JH/Projects/OneLake Medallion/data/landing/2017-11-21/order_payments.parquet,2017-11-21
da5d566236538abb69c83b6283383b60,1,credit_card,5,50.92,2017-11-21,2017-12-13 00:00:00.000000,2026-08-27T05:17:09.287600+00:00,D:/D drive recovery/Shiva JH/Projects/OneLake Medallion/data/landing/2017-11-21/order_payments.parquet,2017-11-21
34f7af5479dd2e19cb5e205d6cc40bc1,1,credit_card,2,42.41,2017-11-21,2017-12-04 00:00:00.000000,2026-08-27T05:17:09.287600+00:00,D:/D drive recovery/Shiva JH/Projects/OneLake Medallion/data/landing/2017-11-21/order_payments.parquet,2017-11-21
be8b50c8a24a137dbed81d6c202e8d64,1,credit_card,10,407.36,2017-12-03,2018-01-10 00:00:00.000000,2026-08-27T05:17:09.287600+00:00,D:/D drive recovery/Shiva JH/Projects/OneLake Medallion/data/landing/2017-12-03/order_payments.parquet,2017-12-03
dc1e38158c000863ec33ac43a40c3366,1,credit_card,2,45.09,2017-12-03,2018-01-02 00:00:00.000000,2026-08-27T05:17:09.287600+00:00,D:/D drive recovery/Shiva JH/Projects/OneLake Medallion/data/landing/2017-12-03/order_payments.parquet,2017-12-03
12a6df267536bb8c253d9e7bb8b9e4aa,1,credit_card,3,182.91,2017-12-03,2017-12-20 00:00:00.000000,2026-08-27T05:17:09.287600+00:00,D:/D drive recovery/Shiva JH/Projects/OneLake Medallion/data/landing/2017-12-03/order_payments.parquet,2017-12-03
9ef5ae9f2a3b5c7cd4858cf4ffdc1b9c,1,credit_card,3,261.07,2017-12-03,2018-01-16 15:11:45.000000,2026-08-27T05:17:09.287600+00:00,D:/D drive recovery/Shiva JH/Projects/OneLake Medallion/data/landing/2017-12-03/order_payments.parquet,2017-12-03
58d29b7e20a6fd9ece06ae3981c5e1e4,1,boleto,1,234.46,2017-12-03,2017-12-28 00:00:00.000000,2026-08-27T05:17:09.287600+00:00,D:/D drive recovery/Shiva JH/Projects/OneLake Medallion/data/landing/2017-12-03/order_payments.parquet,2017-12-03
bc8e669b7c085a9d09f9c2b94c7693ab,1,credit_card,7,157.41,2017-12-03,2017-12-27 00:00:00.000000,2026-08-27T05:17:09.287600+00:00,D:/D drive recovery/Shiva JH/Projects/OneLake Medallion/data/landing/2017-12-03/order_payments.parquet,2017-12-03
b67c30c269ecce5a92826b392f1749e5,1,credit_card,3,159.31,2017-12-03,2017-12-29 00:00:00.000000,2026-08-27T05:17:09.287600+00:00,D:/D drive recovery/Shiva JH/Projects/OneLake Medallion/data/landing/2017-12-03/order_payments.parquet,2017-12-03
9ef5ae9f2a3b5c7cd4858cf4ffdc1b9c,2,voucher,1,100.0,2017-12-03,2018-01-16 15:11:45.000000,2026-08-27T05:17:09.287600+00:00,D:/D drive recovery/Shiva JH/Projects/OneLake Medallion/data/landing/2017-12-03/order_payments.parquet,2017-12-03
4b23422a153d74fd8d5b29e7fd978a4e,1,credit_card,1,65.63,2017-12-15,2018-01-04 00:00:00.000000,2026-08-27T05:17:09.287600+00:00,D:/D drive recovery/Shiva JH/Projects/OneLake Medallion/data/landing/2017-12-15/order_payments.parquet,2017-12-15
80039f1a61066974579290461478b384,1,boleto,1,157.13,2017-12-15,2018-01-16 00:00:00.000000,2026-08-27T05:17:09.287600+00:00,D:/D drive recovery/Shiva JH/Projects/OneLake Medallion/data/landing/2017-12-15/order_payments.parquet,2017-12-15
91d9a72e928a84866b4d506c0398b723,1,boleto,1,51.84,2017-12-27,2018-01-22 00:00:00.000000,2026-08-27T05:17:09.287600+00:00,D:/D drive recovery/Shiva JH/Projects/OneLake Medallion/data/landing/2017-12-27/order_payments.parquet,2017-12-27
f7c666a64887124db742dd9a8a4e300d,1,credit_card,4,57.72,2018-01-08,2018-01-24 00:00:00.000000,2026-08-27T05:17:09.287600+00:00,D:/D drive recovery/Shiva JH/Projects/OneLake Medallion/data/landing/2018-01-08/order_payments.parquet,2018-01-08
8cee1e77f3ff782a0f7fc304065941b6,1,boleto,1,109.41,2018-01-08,2018-01-24 00:00:00.000000,2026-08-27T05:17:09.287600+00:00,D:/D drive recovery/Shiva JH/Projects/OneLake Medallion/data/landing/2018-01-08/order_payments.parquet,2018-01-08
47032972f71019cd453baab392482f5d,1,credit_card,2,182.6,2018-01-08,2018-02-01 00:00:00.000000,2026-08-27T05:17:09.287600+00:00,D:/D drive recovery/Shiva JH/Projects/OneLake Medallion/data/landing/2018-01-08/order_payments.parquet,2018-01-08
8a8d4a399c6ef91d4c20458be5048c3b,1,credit_card,1,54.1,2018-01-08,2018-02-02 00:00:00.000000,2026-08-27T05:17:09.287600+00:00,D:/D drive recovery/Shiva JH/Projects/OneLake Medallion/data/landing/2018-01-08/order_payments.parquet,2018-01-08
d6be19fade8df35d46c377eaeb737f67,1,boleto,1,54.05,2018-01-08,2018-02-20 00:00:00.000000,2026-08-27T05:17:09.287600+00:00,D:/D drive recovery/Shiva JH/Projects/OneLake Medallion/data/landing/2018-01-08/order_payments.parquet,2018-01-08
d2f55c412b906bd31c6a464fcd59ee26,1,credit_card,5,165.8,2018-01-08,2018-02-01 00:00:00.000000,2026-08-27T05:17:09.287600+00:00,D:/D drive recovery/Shiva JH/Projects/OneLake Medallion/data/landing/2018-01-08/order_payments.parquet,2018-01-08
478f2ae691d27c91c581c47b8e9f61d4,1,boleto,1,25.84,2018-01-08,2018-01-31 00:00:00.000000,2026-08-27T05:17:09.287600+00:00,D:/D drive recovery/Shiva JH/Projects/OneLake Medallion/data/landing/2018-01-08/order_payments.parquet,2018-01-08
fafd2c21c936debfbe975488ded4667a,1,credit_card,4,309.5,2018-01-08,2018-02-06 00:00:00.000000,2026-08-27T05:17:09.287600+00:00,D:/D drive recovery/Shiva JH/Projects/OneLake Medallion/data/landing/2018-01-08/order_payments.parquet,2018-01-08
c46172d2acb91b47e43297edd9d8b3ed,1,credit_card,1,31.77,2018-01-20,2018-02-09 00:00:00.000000,2026-08-27T05:17:09.287600+00:00,D:/D drive recovery/Shiva JH/Projects/OneLake Medallion/data/landing/2018-01-20/order_payments.parquet,2018-01-20
08733fad8b29896d4920d381cd3f7cf1,1,boleto,1,70.14,2018-01-20,2018-02-22 00:00:00.000000,2026-08-27T05:17:09.287600+00:00,D:/D drive recovery/Shiva JH/Projects/OneLake Medallion/data/landing/2018-01-20/order_payments.parquet,2018-01-20
cad0978e6d52213f4c78b26626fc40c0,1,credit_card,1,189.58,2018-01-20,2018-02-06 00:00:00.000000,2026-08-27T05:17:09.287600+00:00,D:/D drive recovery/Shiva JH/Projects/OneLake Medallion/data/landing/2018-01-20/order_payments.parquet,2018-01-20
fc662bafa52d2ef16078f6f6141009d6,1,boleto,1,90.05,2018-02-01,2018-02-23 00:00:00.000000,2026-08-27T05:17:09.287600+00:00,D:/D drive recovery/Shiva JH/Projects/OneLake Medallion/data/landing/2018-02-01/order_payments.parquet,2018-02-01
183ee0e3ebd4c1c995e5f9ac2d950ee8,1,credit_card,2,67.5,2018-02-01,2018-02-23 00:00:00.000000,2026-08-27T05:17:09.287600+00:00,D:/D drive recovery/Shiva JH/Projects/OneLake Medallion/data/landing/2018-02-01/order_payments.parquet,2018-02-01
1000fd60c36051932866242b91c5ef43,1,boleto,1,133.8,2018-02-01,2018-02-19 00:00:00.000000,2026-08-27T05:17:09.287600+00:00,D:/D drive recovery/Shiva JH/Projects/OneLake Medallion/data/landing/2018-02-01/order_payments.parquet,2018-02-01
207fcb4ce4deeff5a3ec9db8f38acff0,1,credit_card,1,97.71,2018-02-01,2018-03-12 00:00:00.000000,2026-08-27T05:17:09.287600+00:00,D:/D drive recovery/Shiva JH/Projects/OneLake Medallion/data/landing/2018-02-01/order_payments.parquet,2018-02-01
7787175cbb70f20d210824b01d4225d9,1,credit_card,2,138.6,2018-02-13,2018-03-14 00:00:00.000000,2026-08-27T05:17:09.287600+00:00,D:/D drive recovery/Shiva JH/Projects/OneLake Medallion/data/landing/2018-02-13/order_payments.parquet,2018-02-13
faf18cecda32bcf685059fb419574421,1,credit_card,1,106.02,2018-02-13,2018-03-12 15:08:36.000000,2026-08-27T05:17:09.287600+00:00,D:/D drive recovery/Shiva JH/Projects/OneLake Medallion/data/landing/2018-02-13/order_payments.parquet,2018-02-13
1c2d22c1d55459e10c141fba4eed75be,1,credit_card,1,186.52,2018-02-13,2018-03-12 00:00:00.000000,2026-08-27T05:17:09.287600+00:00,D:/D drive recovery/Shiva JH/Projects/OneLake Medallion/data/landing/2018-02-13/order_payments.parquet,2018-02-13
9d01fa0e65583ec53f3864ee0e73d015,1,credit_card,1,89.88,2018-02-13,2018-03-17 14:36:27.000000,2026-08-27T05:17:09.287600+00:00,D:/D drive recovery/Shiva JH/Projects/OneLake Medallion/data/landing/2018-02-13/order_payments.parquet,2018-02-13
2383d9fafbf6a8af2c96b3ffd0c70280,1,credit_card,1,44.52,2018-02-25,2018-03-20 00:00:00.000000,2026-08-27T05:17:09.287600+00:00,D:/D drive recovery/Shiva JH/Projects/OneLake Medallion/data/landing/2018-02-25/order_payments.parquet,2018-02-25
ecab90c9933c58908d3d6add7c6f5ae3,1,credit_card,3,63.34,2018-02-25,2018-04-13 00:00:00.000000,2026-08-27T05:17:09.287600+00:00,D:/D drive recovery/Shiva JH/Projects/OneLake Medallion/data/landing/2018-02-25/order_payments.parquet,2018-02-25
bdabf4d21213c2844d0b672d8fd72054,1,credit_card,1,59.1,2018-02-25,2018-03-29 16:28:56.000000,2026-08-27T05:17:09.287600+00:00,D:/D drive recovery/Shiva JH/Projects/OneLake Medallion/data/landing/2018-02-25/order_payments.parquet,2018-02-25
2ccca1fe20c84ea4cb95b191e260cf16,1,boleto,1,31.38,2018-02-25,2018-03-16 00:00:00.000000,2026-08-27T05:17:09.287600+00:00,D:/D drive recovery/Shiva JH/Projects/OneLake Medallion/data/landing/2018-02-25/order_payments.parquet,2018-02-25
de96144dc55ce453b7dd9b5995a87c6a,2,voucher,1,29.68,2018-03-09,2018-03-29 00:00:00.000000,2026-08-27T05:17:09.287600+00:00,D:/D drive recovery/Shiva JH/Projects/OneLake Medallion/data/landing/2018-03-09/order_payments.parquet,2018-03-09
e1fba0870a0b10ccd04d57ed78831c13,1,credit_card,1,94.43,2018-03-09,2018-04-11 00:00:00.000000,2026-08-27T05:17:09.287600+00:00,D:/D drive recovery/Shiva JH/Projects/OneLake Medallion/data/landing/2018-03-09/order_payments.parquet,2018-03-09
de96144dc55ce453b7dd9b5995a87c6a,1,credit_card,7,75.82,2018-03-09,2018-03-29 00:00:00.000000,2026-08-27T05:17:09.287600+00:00,D:/D drive recovery/Shiva JH/Projects/OneLake Medallion/data/landing/2018-03-09/order_payments.parquet,2018-03-09
505a00852bc2f5b6d0b53b7a04c2fbad,1,credit_card,4,104.42,2018-03-09,2018-03-27 00:00:00.000000,2026-08-27T05:17:09.287600+00:00,D:/D drive recovery/Shiva JH/Projects/OneLake Medallion/data/landing/2018-03-09/order_payments.parquet,2018-03-09
f190884813097fe74073188f97302e98,1,credit_card,1,89.88,2018-03-09,2018-04-03 14:56:27.000000,2026-08-27T05:17:09.287600+00:00,D:/D drive recovery/Shiva JH/Projects/OneLake Medallion/data/landing/2018-03-09/order_payments.parquet,2018-03-09
84b91dcef1e21e8151a9618564095dae,1,credit_card,1,36.13,2018-03-21,2018-04-25 00:00:00.000000,2026-08-27T05:17:09.287600+00:00,D:/D drive recovery/Shiva JH/Projects/OneLake Medallion/data/landing/2018-03-21/order_payments.parquet,2018-03-21
25f2336ad64d9dfaf347d85bca407b44,1,credit_card,1,72.31,2018-03-21,2018-04-20 18:09:37.000000,2026-08-27T05:17:09.287600+00:00,D:/D drive recovery/Shiva JH/Projects/OneLake Medallion/data/landing/2018-03-21/order_payments.parquet,2018-03-21
48c35042cb072a8ed4da07c418f0b125,1,credit_card,2,110.08,2018-03-21,2018-04-03 00:00:00.000000,2026-08-27T05:17:09.287600+00:00,D:/D drive recovery/Shiva JH/Projects/OneLake Medallion/data/landing/2018-03-21/order_payments.parquet,2018-03-21
0e2d7ec6702478f04fd7b14b55b906b0,1,boleto,1,155.84,2018-03-21,2018-04-11 00:00:00.000000,2026-08-27T05:17:09.287600+00:00,D:/D drive recovery/Shiva JH/Projects/OneLake Medallion/data/landing/2018-03-21/order_payments.parquet,2018-03-21
fd9ee5b912fcbd8a218a3c7cf6fb4f0d,1,credit_card,2,125.42,2018-03-21,2018-04-09 00:00:00.000000,2026-08-27T05:17:09.287600+00:00,D:/D drive recovery/Shiva JH/Projects/OneLake Medallion/data/landing/2018-03-21/order_payments.parquet,2018-03-21
4f940e976473a0facd3c6def01f9fc19,1,credit_card,8,349.53,2018-03-21,2018-04-16 00:00:00.000000,2026-08-27T05:17:09.287600+00:00,D:/D drive recovery/Shiva JH/Projects/OneLake Medallion/data/landing/2018-03-21/order_payments.parquet,2018-03-21
01c7b08f0c05952ce15edb928bb63d2d,1,credit_card,1,300.99,2018-04-02,2018-05-02 00:00:00.000000,2026-08-27T05:17:09.287600+00:00,D:/D drive recovery/Shiva JH/Projects/OneLake Medallion/data/landing/2018-04-02/order_payments.parquet,2018-04-02
45c5fceca4f4409e9b086fff7c29e6bb,1,credit_card,2,92.06,2018-04-02,2018-04-30 11:14:54.000000,2026-08-27T05:17:09.287600+00:00,D:/D drive recovery/Shiva JH/Projects/OneLake Medallion/data/landing/2018-04-02/order_payments.parquet,2018-04-02
d74f695d00f9997798afe64684937fff,1,credit_card,1,48.22,2018-04-02,2018-04-24 00:00:00.000000,2026-08-27T05:17:09.287600+00:00,D:/D drive recovery/Shiva JH/Projects/OneLake Medallion/data/landing/2018-04-02/order_payments.parquet,2018-04-02
dc20710a4582a12ed1eb1504bd916272,1,credit_card,1,83.46,2018-04-02,2018-04-18 00:00:00.000000,2026-08-27T05:17:09.287600+00:00,D:/D drive recovery/Shiva JH/Projects/OneLake Medallion/data/landing/2018-04-02/order_payments.parquet,2018-04-02
c633811fc9f385653545e0f903b60fe5,1,credit_card,3,160.19,2018-04-02,2018-04-25 00:00:00.000000,2026-08-27T05:17:09.287600+00:00,D:/D drive recovery/Shiva JH/Projects/OneLake Medallion/data/landing/2018-04-02/order_payments.parquet,2018-04-02
9c462c053ec072efcaa5186110cf96b8,1,credit_card,1,210.22,2018-04-14,2018-05-10 00:00:00.000000,2026-08-27T05:17:09.287600+00:00,D:/D drive recovery/Shiva JH/Projects/OneLake Medallion/data/landing/2018-04-14/order_payments.parquet,2018-04-14
90d4fd66e34f42131ae8035b8c32a862,1,boleto,1,33.22,2018-04-14,2018-05-23 00:00:00.000000,2026-08-27T05:17:09.287600+00:00,D:/D drive recovery/Shiva JH/Projects/OneLake Medallion/data/landing/2018-04-14/order_payments.parquet,2018-04-14
41b0c346ca595e5a94067d231e4106af,1,voucher,1,36.69,2018-04-14,2018-05-14 00:00:00.000000,2026-08-27T05:17:09.287600+00:00,D:/D drive recovery/Shiva JH/Projects/OneLake Medallion/data/landing/2018-04-14/order_payments.parquet,2018-04-14
41b0c346ca595e5a94067d231e4106af,2,voucher,1,5.27,2018-04-14,2018-05-14 00:00:00.000000,2026-08-27T05:17:09.287600+00:00,D:/D drive recovery/Shiva JH/Projects/OneLake Medallion/data/landing/2018-04-14/order_payments.parquet,2018-04-14
a5a8f79e024db5dd26d9b264c2aacb26,1,credit_card,2,47.23,2018-04-14,2018-05-09 00:00:00.000000,2026-08-27T05:17:09.287600+00:00,D:/D drive recovery/Shiva JH/Projects/OneLake Medallion/data/landing/2018-04-14/order_payments.parquet,2018-04-14
c92ef068e2628ab736ea295a7d536c7d,1,boleto,1,232.82,2018-04-14,2018-05-16 00:00:00.000000,2026-08-27T05:17:09.287600+00:00,D:/D drive recovery/Shiva JH/Projects/OneLake Medallion/data/landing/2018-04-14/order_payments.parquet,2018-04-14
05f9e5c577faa3a272454a2ceed5c64d,1,credit_card,9,90.75,2018-04-14,2018-05-25 13:20:50.000000,2026-08-27T05:17:09.287600+00:00,D:/D drive recovery/Shiva JH/Projects/OneLake Medallion/data/landing/2018-04-14/order_payments.parquet,2018-04-14
3de337ef9b7afb31444752b9b6383b1f,1,debit_card,1,99.9,2018-04-26,2018-05-18 00:00:00.000000,2026-08-27T05:17:09.287600+00:00,D:/D drive recovery/Shiva JH/Projects/OneLake Medallion/data/landing/2018-04-26/order_payments.parquet,2018-04-26
2c8574e8710a496641d98e80143c7b98,1,credit_card,1,110.55,2018-04-26,2018-05-21 00:00:00.000000,2026-08-27T05:17:09.287600+00:00,D:/D drive recovery/Shiva JH/Projects/OneLake Medallion/data/landing/2018-04-26/order_payments.parquet,2018-04-26
168a385694949b4ff7b62fba2f7cd23c,1,boleto,1,85.41,2018-05-08,2018-05-21 00:00:00.000000,2026-08-27T05:17:09.287600+00:00,D:/D drive recovery/Shiva JH/Projects/OneLake Medallion/data/landing/2018-05-08/order_payments.parquet,2018-05-08
ff40f38705c95a8eceea1a0db29bff66,1,credit_card,1,209.97,2018-05-08,2018-06-04 00:00:00.000000,2026-08-27T05:17:09.287600+00:00,D:/D drive recovery/Shiva JH/Projects/OneLake Medallion/data/landing/2018-05-08/order_payments.parquet,2018-05-08
9f7acee13d271fc4082692dd7d0485c5,1,credit_card,2,117.37,2018-05-08,2018-05-28 00:00:00.000000,2026-08-27T05:17:09.287600+00:00,D:/D drive recovery/Shiva JH/Projects/OneLake Medallion/data/landing/2018-05-08/order_payments.parquet,2018-05-08
6ca82d9e4eb3effeb9ad7d3a592d3cc4,1,credit_card,1,157.84,2018-05-08,2018-05-28 00:00:00.000000,2026-08-27T05:17:09.287600+00:00,D:/D drive recovery/Shiva JH/Projects/OneLake Medallion/data/landing/2018-05-08/order_payments.parquet,2018-05-08
499973f14af890d0e5c08bc600590ec4,1,boleto,1,103.65,2018-05-08,2018-06-07 00:00:00.000000,2026-08-27T05:17:09.287600+00:00,D:/D drive recovery/Shiva JH/Projects/OneLake Medallion/data/landing/2018-05-08/order_payments.parquet,2018-05-08
9893da51f6d1ad5bf15a1756e3b8c9b3,1,credit_card,2,85.45,2018-05-08,2018-06-06 00:00:00.000000,2026-08-27T05:17:09.287600+00:00,D:/D drive recovery/Shiva JH/Projects/OneLake Medallion/data/landing/2018-05-08/order_payments.parquet,2018-05-08
68a688be62a4e82e6f8450c215d3fdae,1,credit_card,2,224.87,2018-05-08,2018-06-04 00:00:00.000000,2026-08-27T05:17:09.287600+00:00,D:/D drive recovery/Shiva JH/Projects/OneLake Medallion/data/landing/2018-05-08/order_payments.parquet,2018-05-08
f1aae2e4d1a714c4204f8fbfa09ea9b1,1,credit_card,5,270.15,2018-05-20,2018-06-11 00:00:00.000000,2026-08-27T05:17:09.287600+00:00,D:/D drive recovery/Shiva JH/Projects/OneLake Medallion/data/landing/2018-05-20/order_payments.parquet,2018-05-20
f30149f4a8882a08895b6a242aa0d612,1,credit_card,3,120.24,2018-05-20,2018-06-20 00:00:00.000000,2026-08-27T05:17:09.287600+00:00,D:/D drive recovery/Shiva JH/Projects/OneLake Medallion/data/landing/2018-05-20/order_payments.parquet,2018-05-20
22393c9bb58fd23ba0aaf68dab5094cc,1,credit_card,3,105.57,2018-05-20,2018-06-06 00:00:00.000000,2026-08-27T05:17:09.287600+00:00,D:/D drive recovery/Shiva JH/Projects/OneLake Medallion/data/landing/2018-05-20/order_payments.parquet,2018-05-20
887c5d8c7e26394fd67b1ba6f1c72c7a,1,credit_card,2,120.29,2018-05-20,2018-06-04 14:33:01.000000,2026-08-27T05:17:09.287600+00:00,D:/D drive recovery/Shiva JH/Projects/OneLake Medallion/data/landing/2018-05-20/order_payments.parquet,2018-05-20
5ba66b05da23d680e9f6ab20a3ae5bc6,1,credit_card,1,64.19,2018-05-20,2018-06-04 00:00:00.000000,2026-08-27T05:17:09.287600+00:00,D:/D drive recovery/Shiva JH/Projects/OneLake Medallion/data/landing/2018-05-20/order_payments.parquet,2018-05-20
3f98a80c882c8294f35d35a4667490c4,1,credit_card,2,69.37,2018-05-20,2018-06-13 00:00:00.000000,2026-08-27T05:17:09.287600+00:00,D:/D drive recovery/Shiva JH/Projects/OneLake Medallion/data/landing/2018-05-20/order_payments.parquet,2018-05-20
a92e6290657082950fa4ebb6fe8141a6,1,credit_card,4,90.35,2018-05-20,2018-06-13 00:15:34.000000,2026-08-27T05:17:09.287600+00:00,D:/D drive recovery/Shiva JH/Projects/OneLake Medallion/data/landing/2018-05-20/order_payments.parquet,2018-05-20
6553bc307b0ce8eded2609f0008ae2bd,2,credit_card,1,13.9,2018-06-01,2018-07-13 00:00:00.000000,2026-08-27T05:17:09.287600+00:00,D:/D drive recovery/Shiva JH/Projects/OneLake Medallion/data/landing/2018-06-01/order_payments.parquet,2018-06-01
d245d1728ad7cc2081cb50838d7d6fcb,1,credit_card,2,44.13,2018-06-01,2018-07-11 00:00:00.000000,2026-08-27T05:17:09.287600+00:00,D:/D drive recovery/Shiva JH/Projects/OneLake Medallion/data/landing/2018-06-01/order_payments.parquet,2018-06-01
6553bc307b0ce8eded2609f0008ae2bd,1,credit_card,2,108.0,2018-06-01,2018-07-13 00:00:00.000000,2026-08-27T05:17:09.287600+00:00,D:/D drive recovery/Shiva JH/Projects/OneLake Medallion/data/landing/2018-06-01/order_payments.parquet,2018-06-01
05bdb94211a1ae1e3734545262f50da3,1,credit_card,2,102.53,2018-06-01,2018-06-26 00:00:00.000000,2026-08-27T05:17:09.287600+00:00,D:/D drive recovery/Shiva JH/Projects/OneLake Medallion/data/landing/2018-06-01/order_payments.parquet,2018-06-01
e6e4672e14ca0ff3cbdf2e23e1d6cc30,1,boleto,1,125.65,2018-06-01,2018-07-11 00:00:00.000000,2026-08-27T05:17:09.287600+00:00,D:/D drive recovery/Shiva JH/Projects/OneLake Medallion/data/landing/2018-06-01/order_payments.parquet,2018-06-01
ea639b1119b066a5966041d2367ce1e7,1,credit_card,1,91.98,2018-06-01,2018-07-16 23:48:41.000000,2026-08-27T05:17:09.287600+00:00,D:/D drive recovery/Shiva JH/Projects/OneLake Medallion/data/landing/2018-06-01/order_payments.parquet,2018-06-01
e92f3505810692cd4a0350b19e2d9045,1,credit_card,2,52.92,2018-06-13,2018-07-11 00:00:00.000000,2026-08-27T05:17:09.287600+00:00,D:/D drive recovery/Shiva JH/Projects/OneLake Medallion/data/landing/2018-06-13/order_payments.parquet,2018-06-13
d318b798f415b925411c4b1158c2ca9a,1,credit_card,2,76.74,2018-06-13,2018-07-04 00:00:00.000000,2026-08-27T05:17:09.287600+00:00,D:/D drive recovery/Shiva JH/Projects/OneLake Medallion/data/landing/2018-06-13/order_payments.parquet,2018-06-13
af18c8b9b0890d5387074340f9d39cc7,1,credit_card,1,59.3,2018-06-13,2018-07-16 00:00:00.000000,2026-08-27T05:17:09.287600+00:00,D:/D drive recovery/Shiva JH/Projects/OneLake Medallion/data/landing/2018-06-13/order_payments.parquet,2018-06-13
4fa933d3af1ace6329bd375b0be6398b,1,credit_card,5,52.97,2018-06-13,2018-06-26 00:00:00.000000,2026-08-27T05:17:09.287600+00:00,D:/D drive recovery/Shiva JH/Projects/OneLake Medallion/data/landing/2018-06-13/order_payments.parquet,2018-06-13
048741d7885a7fded1de887eb956fff3,1,credit_card,2,158.6,2018-06-13,2018-07-03 00:00:00.000000,2026-08-27T05:17:09.287600+00:00,D:/D drive recovery/Shiva JH/Projects/OneLake Medallion/data/landing/2018-06-13/order_payments.parquet,2018-06-13
5c3daac471748ba7152bf6760e8c12b8,1,credit_card,5,376.57,2018-06-13,2018-07-12 00:00:00.000000,2026-08-27T05:17:09.287600+00:00,D:/D drive recovery/Shiva JH/Projects/OneLake Medallion/data/landing/2018-06-13/order_payments.parquet,2018-06-13
f51de224914539ecac4ad066fcaa5a1e,1,boleto,1,44.49,2018-06-13,2018-06-28 00:00:00.000000,2026-08-27T05:17:09.287600+00:00,D:/D drive recovery/Shiva JH/Projects/OneLake Medallion/data/landing/2018-06-13/order_payments.parquet,2018-06-13
3391274af8aa8372225f9c42c63d853e,1,credit_card,3,158.59,2018-06-13,2018-07-11 00:00:00.000000,2026-08-27T05:17:09.287600+00:00,D:/D drive recovery/Shiva JH/Projects/OneLake Medallion/data/landing/2018-06-13/order_payments.parquet,2018-06-13
138922735946aa65c66ca7e7bd4e5980,1,credit_card,1,54.37,2018-06-13,2018-07-11 00:00:00.000000,2026-08-27T05:17:09.287600+00:00,D:/D drive recovery/Shiva JH/Projects/OneLake Medallion/data/landing/2018-06-13/order_payments.parquet,2018-06-13
b7af6b8813fa3bb23a67f2fd8284db1e,1,credit_card,5,340.47,2018-06-25,2018-07-11 00:00:00.000000,2026-08-27T05:17:09.287600+00:00,D:/D drive recovery/Shiva JH/Projects/OneLake Medallion/data/landing/2018-06-25/order_payments.parquet,2018-06-25
d9137c81bf939fd8a1934f77b701422c,1,credit_card,1,53.59,2018-06-25,2018-07-16 00:00:00.000000,2026-08-27T05:17:09.287600+00:00,D:/D drive recovery/Shiva JH/Projects/OneLake Medallion/data/landing/2018-06-25/order_payments.parquet,2018-06-25
1d74feccf8381303587104e6f647a189,1,credit_card,5,113.33,2018-06-25,2018-07-19 00:00:00.000000,2026-08-27T05:17:09.287600+00:00,D:/D drive recovery/Shiva JH/Projects/OneLake Medallion/data/landing/2018-06-25/order_payments.parquet,2018-06-25
c46b48abd599551232324a6e9077bf19,1,credit_card,10,270.75,2016-10-05,2016-12-05 00:00:00.000000,2026-08-27T05:17:09.287600+00:00,D:/D drive recovery/Shiva JH/Projects/OneLake Medallion/data/landing/2016-10-05/order_payments.parquet,2016-10-05
c13f61a17915a48e0741b02a6b7a3fe8,1,boleto,1,72.9,2017-01-21,2017-02-21 00:00:00.000000,2026-08-27T05:17:09.287600+00:00,D:/D drive recovery/Shiva JH/Projects/OneLake Medallion/data/landing/2017-01-21/order_payments.parquet,2017-01-21
ec63c198f700051fb0a74c40a757af0e,1,credit_card,1,33.52,2017-01-21,2017-03-02 00:00:00.000000,2026-08-27T05:17:09.287600+00:00,D:/D drive recovery/Shiva JH/Projects/OneLake Medallion/data/landing/2017-01-21/order_payments.parquet,2017-01-21
1282867904225d219a5ec3f1251a5fce,1,boleto,1,334.74,2017-02-02,2017-03-09 00:00:00.000000,2026-08-27T05:17:09.287600+00:00,D:/D drive recovery/Shiva JH/Projects/OneLake Medallion/data/landing/2017-02-02/order_payments.parquet,2017-02-02
d4d52a6470ea8a7ee5d1fba74508bf15,1,credit_card,3,38.42,2017-02-02,2017-03-01 00:00:00.000000,2026-08-27T05:17:09.287600+00:00,D:/D drive recovery/Shiva JH/Projects/OneLake Medallion/data/landing/2017-02-02/order_payments.parquet,2017-02-02
e706d614326b76f48f24d82f86c0b2ed,1,credit_card,8,473.1,2017-02-14,2017-03-23 00:00:00.000000,2026-08-27T05:17:09.287600+00:00,D:/D drive recovery/Shiva JH/Projects/OneLake Medallion/data/landing/2017-02-14/order_payments.parquet,2017-02-14
530e59f0f148ec0029b49a2cbc1ce2ce,1,credit_card,8,88.09,2017-02-14,2017-03-13 00:00:00.000000,2026-08-27T05:17:09.287600+00:00,D:/D drive recovery/Shiva JH/Projects/OneLake Medallion/data/landing/2017-02-14/order_payments.parquet,2017-02-14
4537fa33050632b53247df7983dddff3,1,credit_card,3,274.82,2017-02-26,2017-03-29 00:00:00.000000,2026-08-27T05:17:09.287600+00:00,D:/D drive recovery/Shiva JH/Projects/OneLake Medallion/data/landing/2017-02-26/order_payments.parquet,2017-02-26
7cc694b62dcc67d5cf680cb035f217c9,1,credit_card,10,119.19,2017-03-10,2017-04-04 00:00:00.000000,2026-08-27T05:17:09.287600+00:00,D:/D drive recovery/Shiva JH/Projects/OneLake Medallion/data/landing/2017-03-10/order_payments.parquet,2017-03-10
94bc8ddcff97b273c27ce96992e0425d,1,boleto,1,352.98,2017-03-10,2017-03-31 14:05:31.000000,2026-08-27T05:17:09.287600+00:00,D:/D drive recovery/Shiva JH/Projects/OneLake Medallion/data/landing/2017-03-10/order_payments.parquet,2017-03-10
c7b627d407eee2ec488c07e03e2b8c16,1,debit_card,1,155.67,2017-03-22,2017-04-17 00:00:00.000000,2026-08-27T05:17:09.287600+00:00,D:/D drive recovery/Shiva JH/Projects/OneLake Medallion/data/landing/2017-03-22/order_payments.parquet,2017-03-22
dad4cbac8f3bc660ef43f4b4d75260c8,1,credit_card,3,103.11,2017-03-22,2017-04-17 00:00:00.000000,2026-08-27T05:17:09.287600+00:00,D:/D drive recovery/Shiva JH/Projects/OneLake Medallion/data/landing/2017-03-22/order_payments.parquet,2017-03-22
81939d40c8467167b0946455d61ca8a7,1,credit_card,6,66.67,2017-04-03,2017-04-27 00:00:00.000000,2026-08-27T05:17:09.287600+00:00,D:/D drive recovery/Shiva JH/Projects/OneLake Medallion/data/landing/2017-04-03/order_payments.parquet,2017-04-03
fa28bd97430eae2d2b4f9441a25749c1,1,boleto,1,192.65,2017-04-15,2017-05-17 00:00:00.000000,2026-08-27T05:17:09.287600+00:00,D:/D drive recovery/Shiva JH/Projects/OneLake Medallion/data/landing/2017-04-15/order_payments.parquet,2017-04-15
10c8dc196ef9940faeef9fb9e6790abd,1,credit_card,5,104.7,2017-04-15,2017-05-11 00:00:00.000000,2026-08-27T05:17:09.287600+00:00,D:/D drive recovery/Shiva JH/Projects/OneLake Medallion/data/landing/2017-04-15/order_payments.parquet,2017-04-15
31aac8ab69f5fdbc7c0ae9b6e1beee30,1,boleto,1,28.77,2017-04-27,2017-06-02 00:00:00.000000,2026-08-27T05:17:09.287600+00:00,D:/D drive recovery/Shiva JH/Projects/OneLake Medallion/data/landing/2017-04-27/order_payments.parquet,2017-04-27
7200817edfaf24464cd06cc29bc40827,1,boleto,1,237.77,2017-05-09,2017-06-01 00:00:00.000000,2026-08-27T05:17:09.287600+00:00,D:/D drive recovery/Shiva JH/Projects/OneLake Medallion/data/landing/2017-05-09/order_payments.parquet,2017-05-09
d3af2af4c9e5b37fbf3379cfd6d45b01,1,credit_card,4,82.71,2017-05-09,2017-05-18 08:59:51.000000,2026-08-27T05:17:09.287600+00:00,D:/D drive recovery/Shiva JH/Projects/OneLake Medallion/data/landing/2017-05-09/order_payments.parquet,2017-05-09
ad6e2d7ca4c63441edb8d4ca6d5c2b21,1,credit_card,1,28.0,2017-05-21,2017-06-13 00:00:00.000000,2026-08-27T05:17:09.287600+00:00,D:/D drive recovery/Shiva JH/Projects/OneLake Medallion/data/landing/2017-05-21/order_payments.parquet,2017-05-21
1dcb1b82de3a13d219b6c84a8ca45b8c,1,boleto,1,55.1,2017-05-21,2017-06-20 00:00:00.000000,2026-08-27T05:17:09.287600+00:00,D:/D drive recovery/Shiva JH/Projects/OneLake Medallion/data/landing/2017-05-21/order_payments.parquet,2017-05-21
2699d27682691fa4f6be5cfde364a833,1,credit_card,6,80.19,2017-05-21,2017-06-19 00:00:00.000000,2026-08-27T05:17:09.287600+00:00,D:/D drive recovery/Shiva JH/Projects/OneLake Medallion/data/landing/2017-05-21/order_payments.parquet,2017-05-21
0bcaff63441802dfa8dd292f453c3635,1,credit_card,4,168.17,2017-06-02,2017-06-27 00:00:00.000000,2026-08-27T05:17:09.287600+00:00,D:/D drive recovery/Shiva JH/Projects/OneLake Medallion/data/landing/2017-06-02/order_payments.parquet,2017-06-02
0c228f37770f365a3d0e1f7493595e09,1,boleto,1,102.12,2017-06-14,2017-07-26 00:00:00.000000,2026-08-27T05:17:09.287600+00:00,D:/D drive recovery/Shiva JH/Projects/OneLake Medallion/data/landing/2017-06-14/order_payments.parquet,2017-06-14
6312fe819ee5e06c67b72c308c97ae91,1,credit_card,3,70.03,2017-06-14,2017-07-07 00:00:00.000000,2026-08-27T05:17:09.287600+00:00,D:/D drive recovery/Shiva JH/Projects/OneLake Medallion/data/landing/2017-06-14/order_payments.parquet,2017-06-14
c8eab0ccabe8cdfc2afce66c1c554ae2,1,credit_card,3,55.09,2017-06-14,2017-07-11 00:00:00.000000,2026-08-27T05:17:09.287600+00:00,D:/D drive recovery/Shiva JH/Projects/OneLake Medallion/data/landing/2017-06-14/order_payments.parquet,2017-06-14
b8f82235baaa1a837797d86544239b5c,1,credit_card,5,209.86,2017-06-14,2017-07-26 00:00:00.000000,2026-08-27T05:17:09.287600+00:00,D:/D drive recovery/Shiva JH/Projects/OneLake Medallion/data/landing/2017-06-14/order_payments.parquet,2017-06-14
34b04c30d0f21489e3871bb9083582f6,1,credit_card,10,230.1,2017-06-14,2017-06-29 00:00:00.000000,2026-08-27T05:17:09.287600+00:00,D:/D drive recovery/Shiva JH/Projects/OneLake Medallion/data/landing/2017-06-14/order_payments.parquet,2017-06-14
d78c16f09da03410837a551a09a4bf64,1,credit_card,3,44.0,2017-06-26,2017-07-18 00:32:04.000000,2026-08-27T05:17:09.287600+00:00,D:/D drive recovery/Shiva JH/Projects/OneLake Medallion/data/landing/2017-06-26/order_payments.parquet,2017-06-26
92c10d3fad01ec9df6ccf1fc0461ac60,1,credit_card,5,115.36,2017-06-26,2017-07-18 00:00:00.000000,2026-08-27T05:17:09.287600+00:00,D:/D drive recovery/Shiva JH/Projects/OneLake Medallion/data/landing/2017-06-26/order_payments.parquet,2017-06-26
7762cd5ec1084b412956b01811bc553c,1,credit_card,2,77.57,2017-06-26,2017-07-25 00:00:00.000000,2026-08-27T05:17:09.287600+00:00,D:/D drive recovery/Shiva JH/Projects/OneLake Medallion/data/landing/2017-06-26/order_payments.parquet,2017-06-26
3b217ebe4d179dfb38b00c9047569dd9,1,boleto,1,144.28,2017-06-26,2017-07-21 00:00:00.000000,2026-08-27T05:17:09.287600+00:00,D:/D drive recovery/Shiva JH/Projects/OneLake Medallion/data/landing/2017-06-26/order_payments.parquet,2017-06-26
0203892ed7a2b76401830f4b82a5a34c,1,credit_card,1,48.62,2017-07-08,2017-07-21 00:00:00.000000,2026-08-27T05:17:09.287600+00:00,D:/D drive recovery/Shiva JH/Projects/OneLake Medallion/data/landing/2017-07-08/order_payments.parquet,2017-07-08
29354cb2b4aa066762853d685a2b224d,1,credit_card,4,138.96,2017-07-08,2017-08-01 00:00:00.000000,2026-08-27T05:17:09.287600+00:00,D:/D drive recovery/Shiva JH/Projects/OneLake Medallion/data/landing/2017-07-08/order_payments.parquet,2017-07-08
5664fde64525f1c1c6a8ef23aa35dc22,1,credit_card,6,247.95,2017-07-08,2017-08-03 00:00:00.000000,2026-08-27T05:17:09.287600+00:00,D:/D drive recovery/Shiva JH/Projects/OneLake Medallion/data/landing/2017-07-08/order_payments.parquet,2017-07-08
ae8978d20234f0da191a909faba05574,1,credit_card,6,62.17,2017-07-20,2017-08-02 00:00:00.000000,2026-08-27T05:17:09.287600+00:00,D:/D drive recovery/Shiva JH/Projects/OneLake Medallion/data/landing/2017-07-20/order_payments.parquet,2017-07-20
453d23c01dc7a572130a7bd307202429,1,boleto,1,208.74,2017-07-20,2017-08-23 00:00:00.000000,2026-08-27T05:17:09.287600+00:00,D:/D drive recovery/Shiva JH/Projects/OneLake Medallion/data/landing/2017-07-20/order_payments.parquet,2017-07-20
a129b99db0bdcd92c62d71279de0670c,1,boleto,1,859.36,2017-07-20,2017-08-22 00:00:00.000000,2026-08-27T05:17:09.287600+00:00,D:/D drive recovery/Shiva JH/Projects/OneLake Medallion/data/landing/2017-07-20/order_payments.parquet,2017-07-20
0373763807c25ce94a4b85c7c0f47062,1,credit_card,1,34.75,2017-08-01,2017-08-21 00:00:00.000000,2026-08-27T05:17:09.287600+00:00,D:/D drive recovery/Shiva JH/Projects/OneLake Medallion/data/landing/2017-08-01/order_payments.parquet,2017-08-01
fc24b77521e400e8290a902026efcc85,1,credit_card,2,196.66,2017-08-01,2017-08-23 00:00:00.000000,2026-08-27T05:17:09.287600+00:00,D:/D drive recovery/Shiva JH/Projects/OneLake Medallion/data/landing/2017-08-01/order_payments.parquet,2017-08-01
58293f63cf0304768ab4811c0f4dbe17,1,credit_card,5,113.42,2017-08-01,2017-08-23 00:00:00.000000,2026-08-27T05:17:09.287600+00:00,D:/D drive recovery/Shiva JH/Projects/OneLake Medallion/data/landing/2017-08-01/order_payments.parquet,2017-08-01
c41052b3d56ec6a841c5b54af9845a32,1,credit_card,1,125.18,2017-09-06,2017-09-25 00:00:00.000000,2026-08-27T05:17:09.287600+00:00,D:/D drive recovery/Shiva JH/Projects/OneLake Medallion/data/landing/2017-09-06/order_payments.parquet,2017-09-06
0775e96080c552251cd76472d32e0c83,1,credit_card,1,72.45,2017-09-06,2017-09-29 00:00:00.000000,2026-08-27T05:17:09.287600+00:00,D:/D drive recovery/Shiva JH/Projects/OneLake Medallion/data/landing/2017-09-06/order_payments.parquet,2017-09-06
9827a7b79fe79be87d4d845fbe1e16e4,1,boleto,1,31.38,2017-09-18,2017-10-06 00:00:00.000000,2026-08-27T05:17:09.287600+00:00,D:/D drive recovery/Shiva JH/Projects/OneLake Medallion/data/landing/2017-09-18/order_payments.parquet,2017-09-18
39ab7695b7b3ea8282b3e9b10f0dae4f,1,credit_card,1,27.27,2017-09-18,2017-09-28 00:00:00.000000,2026-08-27T05:17:09.287600+00:00,D:/D drive recovery/Shiva JH/Projects/OneLake Medallion/data/landing/2017-09-18/order_payments.parquet,2017-09-18
637143b11a1b8c86d9e349f19ee9a1f5,1,boleto,1,54.0,2017-09-18,2017-10-05 00:00:00.000000,2026-08-27T05:17:09.287600+00:00,D:/D drive recovery/Shiva JH/Projects/OneLake Medallion/data/landing/2017-09-18/order_payments.parquet,2017-09-18
c501bcc74df5ad09bcabd7774b6ae383,1,credit_card,3,158.65,2017-09-18,2017-10-06 00:00:00.000000,2026-08-27T05:17:09.287600+00:00,D:/D drive recovery/Shiva JH/Projects/OneLake Medallion/data/landing/2017-09-18/order_payments.parquet,2017-09-18
a9d0ac57129ce34681afa30e779f3466,1,credit_card,8,186.94,2017-10-12,2017-11-06 00:00:00.000000,2026-08-27T05:17:09.287600+00:00,D:/D drive recovery/Shiva JH/Projects/OneLake Medallion/data/landing/2017-10-12/order_payments.parquet,2017-10-12
7a242c07bdf25150ab522513760d6b8b,1,credit_card,3,149.7,2017-10-12,2017-11-06 00:00:00.000000,2026-08-27T05:17:09.287600+00:00,D:/D drive recovery/Shiva JH/Projects/OneLake Medallion/data/landing/2017-10-12/order_payments.parquet,2017-10-12
46c940200f4d91b4cf260d705849bbe2,1,credit_card,2,59.85,2017-10-12,2017-10-31 00:00:00.000000,2026-08-27T05:17:09.287600+00:00,D:/D drive recovery/Shiva JH/Projects/OneLake Medallion/data/landing/2017-10-12/order_payments.parquet,2017-10-12
6e717532e0002abd1bdb69428673bbce,1,credit_card,4,88.72,2017-10-24,2017-11-28 00:00:00.000000,2026-08-27T05:17:09.287600+00:00,D:/D drive recovery/Shiva JH/Projects/OneLake Medallion/data/landing/2017-10-24/order_payments.parquet,2017-10-24
bf1451bab7a54578f219c009aa286263,1,credit_card,1,153.13,2017-10-24,2017-11-23 00:00:00.000000,2026-08-27T05:17:09.287600+00:00,D:/D drive recovery/Shiva JH/Projects/OneLake Medallion/data/landing/2017-10-24/order_payments.parquet,2017-10-24
4b9359b6bad98027f7a428063413d090,1,boleto,1,78.9,2017-10-24,2017-11-28 00:00:00.000000,2026-08-27T05:17:09.287600+00:00,D:/D drive recovery/Shiva JH/Projects/OneLake Medallion/data/landing/2017-10-24/order_payments.parquet,2017-10-24
dc8db01e3bbdf8eae34d6509752ddc88,1,credit_card,3,39.6,2017-10-24,2017-11-14 00:00:00.000000,2026-08-27T05:17:09.287600+00:00,D:/D drive recovery/Shiva JH/Projects/OneLake Medallion/data/landing/2017-10-24/order_payments.parquet,2017-10-24
557de3912df820904b9204e0d1879256,1,credit_card,8,83.86,2017-10-24,2017-11-23 00:00:00.000000,2026-08-27T05:17:09.287600+00:00,D:/D drive recovery/Shiva JH/Projects/OneLake Medallion/data/landing/2017-10-24/order_payments.parquet,2017-10-24
956057c9959fe111349c59bf929f5c7b,1,credit_card,1,28.84,2017-11-05,2017-12-06 00:00:00.000000,2026-08-27T05:17:09.287600+00:00,D:/D drive recovery/Shiva JH/Projects/OneLake Medallion/data/landing/2017-11-05/order_payments.parquet,2017-11-05
956057c9959fe111349c59bf929f5c7b,2,voucher,1,45.0,2017-11-05,2017-12-06 00:00:00.000000,2026-08-27T05:17:09.287600+00:00,D:/D drive recovery/Shiva JH/Projects/OneLake Medallion/data/landing/2017-11-05/order_payments.parquet,2017-11-05
ffc22f2404e3490516c9a03e88da4507,1,credit_card,1,64.99,2017-11-05,2017-11-28 00:00:00.000000,2026-08-27T05:17:09.287600+00:00,D:/D drive recovery/Shiva JH/Projects/OneLake Medallion/data/landing/2017-11-05/order_payments.parquet,2017-11-05
131497483f8457541cf92c467b847c39,1,credit_card,3,103.37,2017-11-05,2017-11-24 00:00:00.000000,2026-08-27T05:17:09.287600+00:00,D:/D drive recovery/Shiva JH/Projects/OneLake Medallion/data/landing/2017-11-05/order_payments.parquet,2017-11-05
f4b046c0db54b6435a13f37ccdaf5fda,1,credit_card,6,67.0,2017-11-17,2017-12-13 00:00:00.000000,2026-08-27T05:17:09.287600+00:00,D:/D drive recovery/Shiva JH/Projects/OneLake Medallion/data/landing/2017-11-17/order_payments.parquet,2017-11-17
f5dadfc0f0df0edb5369672f81eb7095,1,boleto,1,130.0,2017-11-17,2017-12-05 00:00:00.000000,2026-08-27T05:17:09.287600+00:00,D:/D drive recovery/Shiva JH/Projects/OneLake Medallion/data/landing/2017-11-17/order_payments.parquet,2017-11-17
f3b592ea0db671d3d1977e043d2a1b10,1,credit_card,4,267.74,2017-11-17,2017-12-15 00:00:00.000000,2026-08-27T05:17:09.287600+00:00,D:/D drive recovery/Shiva JH/Projects/OneLake Medallion/data/landing/2017-11-17/order_payments.parquet,2017-11-17
3716cd16bc2a97768309209eb4d4c6a7,1,credit_card,2,142.02,2017-11-29,2017-12-21 00:00:00.000000,2026-08-27T05:17:09.287600+00:00,D:/D drive recovery/Shiva JH/Projects/OneLake Medallion/data/landing/2017-11-29/order_payments.parquet,2017-11-29
3d435ea4c7b8ac007710c6aa2e6da685,1,credit_card,1,55.05,2017-11-29,2017-12-22 00:00:00.000000,2026-08-27T05:17:09.287600+00:00,D:/D drive recovery/Shiva JH/Projects/OneLake Medallion/data/landing/2017-11-29/order_payments.parquet,2017-11-29
be5c91507e2c4ef294ee991d22b2d8e2,1,credit_card,2,75.28,2017-11-29,2017-12-13 00:00:00.000000,2026-08-27T05:17:09.287600+00:00,D:/D drive recovery/Shiva JH/Projects/OneLake Medallion/data/landing/2017-11-29/order_payments.parquet,2017-11-29
8f95199a6809023bbfabcd9759bd04a1,1,credit_card,6,299.54,2017-11-29,2017-12-26 00:00:00.000000,2026-08-27T05:17:09.287600+00:00,D:/D drive recovery/Shiva JH/Projects/OneLake Medallion/data/landing/2017-11-29/order_payments.parquet,2017-11-29
52128ec39ceae0d14af6c5779c4173cd,1,credit_card,1,234.46,2017-11-29,2017-12-19 00:00:00.000000,2026-08-27T05:17:09.287600+00:00,D:/D drive recovery/Shiva JH/Projects/OneLake Medallion/data/landing/2017-11-29/order_payments.parquet,2017-11-29
848963795b4b330df0a7c238b12f76ce,1,credit_card,7,72.96,2017-11-29,2017-12-27 00:00:00.000000,2026-08-27T05:17:09.287600+00:00,D:/D drive recovery/Shiva JH/Projects/OneLake Medallion/data/landing/2017-11-29/order_payments.parquet,2017-11-29
a494244817c043c16eb0c72c5d0384ad,1,credit_card,2,172.53,2017-11-29,2017-12-28 00:00:00.000000,2026-08-27T05:17:09.287600+00:00,D:/D drive recovery/Shiva JH/Projects/OneLake Medallion/data/landing/2017-11-29/order_payments.parquet,2017-11-29
27c49582f6db334767487df0646edb04,1,credit_card,3,103.55,2017-11-29,2017-12-22 00:00:00.000000,2026-08-27T05:17:09.287600+00:00,D:/D drive recovery/Shiva JH/Projects/OneLake Medallion/data/landing/2017-11-29/order_payments.parquet,2017-11-29
ed8e9faf1b75f43ee027103957135663,1,boleto,1,85.82,2017-11-29,2018-05-21 18:22:18.000000,2026-08-27T05:17:09.287600+00:00,D:/D drive recovery/Shiva JH/Projects/OneLake Medallion/data/landing/2017-11-29/order_payments.parquet,2017-11-29
08427834d148946950a3fe92a596e1e4,1,credit_card,6,81.82,2017-11-29,2017-12-28 00:00:00.000000,2026-08-27T05:17:09.287600+00:00,D:/D drive recovery/Shiva JH/Projects/OneLake Medallion/data/landing/2017-11-29/order_payments.parquet,2017-11-29
a9fa7ea99c0724de00e9d31f2a39a723,1,boleto,1,332.07,2017-11-29,2017-12-21 21:09:04.000000,2026-08-27T05:17:09.287600+00:00,D:/D drive recovery/Shiva JH/Projects/OneLake Medallion/data/landing/2017-11-29/order_payments.parquet,2017-11-29
8678b97b317b045765dcbdf85bcb74fb,1,credit_card,6,61.75,2017-11-29,2017-12-19 00:00:00.000000,2026-08-27T05:17:09.287600+00:00,D:/D drive recovery/Shiva JH/Projects/OneLake Medallion/data/landing/2017-11-29/order_payments.parquet,2017-11-29
17290263a090bbef4685f5b23f355104,1,credit_card,2,138.6,2017-12-11,2018-01-16 00:00:00.000000,2026-08-27T05:17:09.287600+00:00,D:/D drive recovery/Shiva JH/Projects/OneLake Medallion/data/landing/2017-12-11/order_payments.parquet,2017-12-11
25247d0d0e85887c565090cc16ff0255,1,credit_card,2,153.72,2017-12-11,2018-01-04 00:00:00.000000,2026-08-27T05:17:09.287600+00:00,D:/D drive recovery/Shiva JH/Projects/OneLake Medallion/data/landing/2017-12-11/order_payments.parquet,2017-12-11
19a8ddfef7a411a196509d51ee14b776,1,credit_card,1,38.2,2017-12-11,2018-01-22 00:00:00.000000,2026-08-27T05:17:09.287600+00:00,D:/D drive recovery/Shiva JH/Projects/OneLake Medallion/data/landing/2017-12-11/order_payments.parquet,2017-12-11
e3254323dd511d109978d37345cdcbae,1,credit_card,10,701.13,2017-12-23,2018-02-20 23:42:30.000000,2026-08-27T05:17:09.287600+00:00,D:/D drive recovery/Shiva JH/Projects/OneLake Medallion/data/landing/2017-12-23/order_payments.parquet,2017-12-23
4a45f9f66971302cf881ecfa142f42ba,1,credit_card,1,96.32,2017-12-23,2018-01-29 00:00:00.000000,2026-08-27T05:17:09.287600+00:00,D:/D drive recovery/Shiva JH/Projects/OneLake Medallion/data/landing/2017-12-23/order_payments.parquet,2017-12-23
96874d51b07a419abc3260ea8e854fbc,1,credit_card,6,67.5,2017-12-23,2018-01-29 00:00:00.000000,2026-08-27T05:17:09.287600+00:00,D:/D drive recovery/Shiva JH/Projects/OneLake Medallion/data/landing/2017-12-23/order_payments.parquet,2017-12-23
6fa8043bdb80a1aed9ed56be51399cfe,1,credit_card,1,87.64,2018-01-04,2018-01-31 00:00:00.000000,2026-08-27T05:17:09.287600+00:00,D:/D drive recovery/Shiva JH/Projects/OneLake Medallion/data/landing/2018-01-04/order_payments.parquet,2018-01-04
d725835898fee2ec8063d4aa035bf2dc,1,boleto,1,74.64,2018-01-04,2018-01-31 00:00:00.000000,2026-08-27T05:17:09.287600+00:00,D:/D drive recovery/Shiva JH/Projects/OneLake Medallion/data/landing/2018-01-04/order_payments.parquet,2018-01-04
08ade2fc02096cf490d463016e5ee02e,1,credit_card,2,25.7,2018-01-04,2018-02-01 00:00:00.000000,2026-08-27T05:17:09.287600+00:00,D:/D drive recovery/Shiva JH/Projects/OneLake Medallion/data/landing/2018-01-04/order_payments.parquet,2018-01-04
7a00da9515dc144e302458e696d61943,1,debit_card,1,216.15,2018-01-16,2018-02-07 00:00:00.000000,2026-08-27T05:17:09.287600+00:00,D:/D drive recovery/Shiva JH/Projects/OneLake Medallion/data/landing/2018-01-16/order_payments.parquet,2018-01-16
3fef122997c747784882689e6e812b2f,1,credit_card,4,125.36,2018-01-16,2018-02-06 00:00:00.000000,2026-08-27T05:17:09.287600+00:00,D:/D drive recovery/Shiva JH/Projects/OneLake Medallion/data/landing/2018-01-16/order_payments.parquet,2018-01-16
1dc6b058a15ea2fd8d58612bba662ab5,1,credit_card,1,86.24,2018-01-16,2018-02-08 00:00:00.000000,2026-08-27T05:17:09.287600+00:00,D:/D drive recovery/Shiva JH/Projects/OneLake Medallion/data/landing/2018-01-16/order_payments.parquet,2018-01-16
9eff8d5a7b05aeaa583c225de3b134de,1,credit_card,1,66.15,2018-01-16,2018-02-08 00:00:00.000000,2026-08-27T05:17:09.287600+00:00,D:/D drive recovery/Shiva JH/Projects/OneLake Medallion/data/landing/2018-01-16/order_payments.parquet,2018-01-16
d1e0427b410886678a52f73caa44e264,1,credit_card,1,106.97,2018-01-16,2018-03-05 16:53:18.000000,2026-08-27T05:17:09.287600+00:00,D:/D drive recovery/Shiva JH/Projects/OneLake Medallion/data/landing/2018-01-16/order_payments.parquet,2018-01-16
f760916b8d3de2f236dc4c6f103b5a19,1,boleto,1,35.0,2018-01-16,2018-02-15 00:00:00.000000,2026-08-27T05:17:09.287600+00:00,D:/D drive recovery/Shiva JH/Projects/OneLake Medallion/data/landing/2018-01-16/order_payments.parquet,2018-01-16
7916fec582cddf20c22b688451f880f8,1,credit_card,2,156.51,2018-01-28,2018-02-20 00:00:00.000000,2026-08-27T05:17:09.287600+00:00,D:/D drive recovery/Shiva JH/Projects/OneLake Medallion/data/landing/2018-01-28/order_payments.parquet,2018-01-28
c8f8f9f5df7a6ce2beaa9de85fbf8ca1,1,credit_card,5,108.0,2018-02-09,2018-03-16 14:57:31.000000,2026-08-27T05:17:09.287600+00:00,D:/D drive recovery/Shiva JH/Projects/OneLake Medallion/data/landing/2018-02-09/order_payments.parquet,2018-02-09
e82a48563b753b7df504aba7e01f9faf,1,credit_card,2,74.87,2018-02-09,2018-03-05 22:37:41.000000,2026-08-27T05:17:09.287600+00:00,D:/D drive recovery/Shiva JH/Projects/OneLake Medallion/data/landing/2018-02-09/order_payments.parquet,2018-02-09
cdc165621bae221dc3a5f8788166a412,1,credit_card,1,114.0,2018-02-09,2018-03-06 00:00:00.000000,2026-08-27T05:17:09.287600+00:00,D:/D drive recovery/Shiva JH/Projects/OneLake Medallion/data/landing/2018-02-09/order_payments.parquet,2018-02-09
83962168dce2d06a69a7e27082962069,1,credit_card,1,42.69,2018-02-09,2018-03-12 00:00:00.000000,2026-08-27T05:17:09.287600+00:00,D:/D drive recovery/Shiva JH/Projects/OneLake Medallion/data/landing/2018-02-09/order_payments.parquet,2018-02-09
96caea89f911608c4d05f012e3c4efa9,1,credit_card,1,369.6,2018-02-09,2018-03-09 00:00:00.000000,2026-08-27T05:17:09.287600+00:00,D:/D drive recovery/Shiva JH/Projects/OneLake Medallion/data/landing/2018-02-09/order_payments.parquet,2018-02-09
14ef2221cc3570aa6ce512fc353529b3,1,boleto,1,29.75,2018-02-09,2018-03-07 00:00:00.000000,2026-08-27T05:17:09.287600+00:00,D:/D drive recovery/Shiva JH/Projects/OneLake Medallion/data/landing/2018-02-09/order_payments.parquet,2018-02-09
3a8b1e565c498e2688ae1e60745544d8,1,credit_card,2,70.91,2018-02-09,2018-03-06 00:00:00.000000,2026-08-27T05:17:09.287600+00:00,D:/D drive recovery/Shiva JH/Projects/OneLake Medallion/data/landing/2018-02-09/order_payments.parquet,2018-02-09
2f82268fc803f315fbe873e96f48a60f,1,credit_card,2,138.6,2018-02-09,2018-03-15 00:00:00.000000,2026-08-27T05:17:09.287600+00:00,D:/D drive recovery/Shiva JH/Projects/OneLake Medallion/data/landing/2018-02-09/order_payments.parquet,2018-02-09
dea1e695f08ba5ff543ac1f0132f6db3,1,credit_card,1,160.16,2018-02-21,2018-03-07 00:00:00.000000,2026-08-27T05:17:09.287600+00:00,D:/D drive recovery/Shiva JH/Projects/OneLake Medallion/data/landing/2018-02-21/order_payments.parquet,2018-02-21
ec60e48662eb9eaf9ae685a3afa56518,1,credit_card,3,90.3,2018-02-21,2018-03-13 00:00:00.000000,2026-08-27T05:17:09.287600+00:00,D:/D drive recovery/Shiva JH/Projects/OneLake Medallion/data/landing/2018-02-21/order_payments.parquet,2018-02-21
d9274f2e0c7860b038f3f05c0cdc6a45,1,credit_card,1,120.74,2018-02-21,2018-03-21 00:00:00.000000,2026-08-27T05:17:09.287600+00:00,D:/D drive recovery/Shiva JH/Projects/OneLake Medallion/data/landing/2018-02-21/order_payments.parquet,2018-02-21
5b8b540b5934e4af4790f609af380cf8,1,credit_card,3,143.2,2018-02-21,2018-03-23 16:21:42.000000,2026-08-27T05:17:09.287600+00:00,D:/D drive recovery/Shiva JH/Projects/OneLake Medallion/data/landing/2018-02-21/order_payments.parquet,2018-02-21
542d558d7cd9f734858beabe2622b2bd,1,credit_card,3,110.59,2018-02-21,2018-03-23 00:00:00.000000,2026-08-27T05:17:09.287600+00:00,D:/D drive recovery/Shiva JH/Projects/OneLake Medallion/data/landing/2018-02-21/order_payments.parquet,2018-02-21
808c4b75909ba91f23c1ef928f396822,1,credit_card,3,143.65,2018-03-05,2018-04-10 19:58:44.000000,2026-08-27T05:17:09.287600+00:00,D:/D drive recovery/Shiva JH/Projects/OneLake Medallion/data/landing/2018-03-05/order_payments.parquet,2018-03-05
bcaa9390e85fe694eefdf1e33f77b3b5,1,credit_card,6,63.4,2018-03-05,2018-05-02 22:12:46.000000,2026-08-27T05:17:09.287600+00:00,D:/D drive recovery/Shiva JH/Projects/OneLake Medallion/data/landing/2018-03-05/order_payments.parquet,2018-03-05
ee88bb223301673ac86437df9974b25d,1,credit_card,2,68.64,2018-03-05,2018-04-09 16:56:50.000000,2026-08-27T05:17:09.287600+00:00,D:/D drive recovery/Shiva JH/Projects/OneLake Medallion/data/landing/2018-03-05/order_payments.parquet,2018-03-05
cbbadd3919b803b6cdeaa2e7811bc47b,1,credit_card,7,248.22,2018-03-05,2018-03-28 00:00:00.000000,2026-08-27T05:17:09.287600+00:00,D:/D drive recovery/Shiva JH/Projects/OneLake Medallion/data/landing/2018-03-05/order_payments.parquet,2018-03-05
bbc82e918e96057462aa6983e7035fe5,2,voucher,1,30.99,2018-03-17,2018-04-11 00:00:00.000000,2026-08-27T05:17:09.287600+00:00,D:/D drive recovery/Shiva JH/Projects/OneLake Medallion/data/landing/2018-03-17/order_payments.parquet,2018-03-17
8700ae81d9071593f13e448c1918b447,1,credit_card,6,136.8,2018-03-17,2018-04-06 00:00:00.000000,2026-08-27T05:17:09.287600+00:00,D:/D drive recovery/Shiva JH/Projects/OneLake Medallion/data/landing/2018-03-17/order_payments.parquet,2018-03-17
6719ad7e3fe40d976c5db31f716bb5ec,1,credit_card,2,49.39,2018-03-17,2018-03-29 00:00:00.000000,2026-08-27T05:17:09.287600+00:00,D:/D drive recovery/Shiva JH/Projects/OneLake Medallion/data/landing/2018-03-17/order_payments.parquet,2018-03-17
bbc82e918e96057462aa6983e7035fe5,1,credit_card,1,1.74,2018-03-17,2018-04-11 00:00:00.000000,2026-08-27T05:17:09.287600+00:00,D:/D drive recovery/Shiva JH/Projects/OneLake Medallion/data/landing/2018-03-17/order_payments.parquet,2018-03-17
e43062fd260607596c8e02e5c12081e5,1,boleto,1,193.17,2018-03-29,2018-04-11 00:00:00.000000,2026-08-27T05:17:09.287600+00:00,D:/D drive recovery/Shiva JH/Projects/OneLake Medallion/data/landing/2018-03-29/order_payments.parquet,2018-03-29
b8fbd8a0c07410289ec91234a8ad69c9,1,credit_card,1,31.32,2018-03-29,2018-04-12 00:00:00.000000,2026-08-27T05:17:09.287600+00:00,D:/D drive recovery/Shiva JH/Projects/OneLake Medallion/data/landing/2018-03-29/order_payments.parquet,2018-03-29
917d8fa5446854ac034de2f57c82bbee,1,credit_card,2,166.91,2018-03-29,2018-04-26 00:00:00.000000,2026-08-27T05:17:09.287600+00:00,D:/D drive recovery/Shiva JH/Projects/OneLake Medallion/data/landing/2018-03-29/order_payments.parquet,2018-03-29
f387eb734dc3346d68ecfdaf4f0ab0ee,1,credit_card,6,139.15,2018-03-29,2018-04-26 13:51:58.000000,2026-08-27T05:17:09.287600+00:00,D:/D drive recovery/Shiva JH/Projects/OneLake Medallion/data/landing/2018-03-29/order_payments.parquet,2018-03-29
93acdf7d3ef9f5c049ab02e97d1c6158,1,boleto,1,51.76,2018-03-29,2018-04-11 00:00:00.000000,2026-08-27T05:17:09.287600+00:00,D:/D drive recovery/Shiva JH/Projects/OneLake Medallion/data/landing/2018-03-29/order_payments.parquet,2018-03-29
05c8ada178f3ab074886530731749bd5,1,credit_card,8,198.83,2018-03-29,2018-04-23 00:00:00.000000,2026-08-27T05:17:09.287600+00:00,D:/D drive recovery/Shiva JH/Projects/OneLake Medallion/data/landing/2018-03-29/order_payments.parquet,2018-03-29
f05c1aa49a54cd865ee8ac61c2b15473,1,credit_card,1,166.62,2018-03-29,2018-04-20 00:00:00.000000,2026-08-27T05:17:09.287600+00:00,D:/D drive recovery/Shiva JH/Projects/OneLake Medallion/data/landing/2018-03-29/order_payments.parquet,2018-03-29
93d00ae1e20d553e6b5bee7a7d898996,1,credit_card,2,27.29,2018-03-29,2018-04-11 00:00:00.000000,2026-08-27T05:17:09.287600+00:00,D:/D drive recovery/Shiva JH/Projects/OneLake Medallion/data/landing/2018-03-29/order_payments.parquet,2018-03-29
b8fbd8a0c07410289ec91234a8ad69c9,2,voucher,1,110.58,2018-03-29,2018-04-12 00:00:00.000000,2026-08-27T05:17:09.287600+00:00,D:/D drive recovery/Shiva JH/Projects/OneLake Medallion/data/landing/2018-03-29/order_payments.parquet,2018-03-29
989c8bed4ad2e187516317b3e12f44c0,1,credit_card,3,169.62,2018-03-29,2018-04-19 00:00:00.000000,2026-08-27T05:17:09.287600+00:00,D:/D drive recovery/Shiva JH/Projects/OneLake Medallion/data/landing/2018-03-29/order_payments.parquet,2018-03-29
8fc359cc10f3ab99032248ef5f152d4f,1,credit_card,1,48.37,2018-04-10,2018-04-30 00:00:00.000000,2026-08-27T05:17:09.287600+00:00,D:/D drive recovery/Shiva JH/Projects/OneLake Medallion/data/landing/2018-04-10/order_payments.parquet,2018-04-10
6b1e226ba2512e424031208f6caffdca,1,boleto,1,330.08,2018-04-10,2018-05-03 00:00:00.000000,2026-08-27T05:17:09.287600+00:00,D:/D drive recovery/Shiva JH/Projects/OneLake Medallion/data/landing/2018-04-10/order_payments.parquet,2018-04-10
21b6d1e7385572036e50357aacbddf0d,1,credit_card,3,40.29,2018-04-10,2018-04-24 00:00:00.000000,2026-08-27T05:17:09.287600+00:00,D:/D drive recovery/Shiva JH/Projects/OneLake Medallion/data/landing/2018-04-10/order_payments.parquet,2018-04-10
7954fe1680493c893c4ec14df43ebb73,1,credit_card,6,173.18,2018-04-10,2018-05-14 00:00:00.000000,2026-08-27T05:17:09.287600+00:00,D:/D drive recovery/Shiva JH/Projects/OneLake Medallion/data/landing/2018-04-10/order_payments.parquet,2018-04-10
ed9b3b9e44dcd0fdbe1bffbdeaf4d2ce,1,credit_card,3,186.0,2018-04-10,2018-04-26 22:55:41.000000,2026-08-27T05:17:09.287600+00:00,D:/D drive recovery/Shiva JH/Projects/OneLake Medallion/data/landing/2018-04-10/order_payments.parquet,2018-04-10
7344c860833e7ea5b676e4575b225d6c,1,credit_card,3,112.62,2018-04-22,2018-05-21 00:00:00.000000,2026-08-27T05:17:09.287600+00:00,D:/D drive recovery/Shiva JH/Projects/OneLake Medallion/data/landing/2018-04-22/order_payments.parquet,2018-04-22
dda3e0dbde3a2cd09432650b3634582d,1,credit_card,4,122.81,2018-04-22,2018-05-16 00:00:00.000000,2026-08-27T05:17:09.287600+00:00,D:/D drive recovery/Shiva JH/Projects/OneLake Medallion/data/landing/2018-04-22/order_payments.parquet,2018-04-22
d54bea5ba90238aa83323565749538a1,1,credit_card,10,2264.9,2018-04-22,2018-05-23 00:00:00.000000,2026-08-27T05:17:09.287600+00:00,D:/D drive recovery/Shiva JH/Projects/OneLake Medallion/data/landing/2018-04-22/order_payments.parquet,2018-04-22
3910ae71e82730e3c560049e7637b3c2,1,credit_card,8,241.15,2018-04-22,2018-05-17 00:00:00.000000,2026-08-27T05:17:09.287600+00:00,D:/D drive recovery/Shiva JH/Projects/OneLake Medallion/data/landing/2018-04-22/order_payments.parquet,2018-04-22
a62ca1ecd2ebb5a76f2df38e3024c324,1,credit_card,4,48.14,2018-04-22,2018-05-18 00:00:00.000000,2026-08-27T05:17:09.287600+00:00,D:/D drive recovery/Shiva JH/Projects/OneLake Medallion/data/landing/2018-04-22/order_payments.parquet,2018-04-22
3a56d0fa36b997b13c3e9eee5128b7fa,1,credit_card,3,106.5,2018-05-04,2018-05-17 00:00:00.000000,2026-08-27T05:17:09.287600+00:00,D:/D drive recovery/Shiva JH/Projects/OneLake Medallion/data/landing/2018-05-04/order_payments.parquet,2018-05-04
660a02c58e33a4d888a10733703398a5,1,credit_card,2,68.12,2018-05-04,2018-05-25 00:00:00.000000,2026-08-27T05:17:09.287600+00:00,D:/D drive recovery/Shiva JH/Projects/OneLake Medallion/data/landing/2018-05-04/order_payments.parquet,2018-05-04
1bbda6dbb533293df7320c4f62b6e897,1,credit_card,1,96.44,2018-05-04,2018-06-01 00:00:00.000000,2026-08-27T05:17:09.287600+00:00,D:/D drive recovery/Shiva JH/Projects/OneLake Medallion/data/landing/2018-05-04/order_payments.parquet,2018-05-04
8af354896f0ed90b19d368003ac83254,1,credit_card,3,66.0,2018-05-04,2018-06-01 00:00:00.000000,2026-08-27T05:17:09.287600+00:00,D:/D drive recovery/Shiva JH/Projects/OneLake Medallion/data/landing/2018-05-04/order_payments.parquet,2018-05-04
cab33fc76d60b48dd6a512e892c54437,1,credit_card,1,64.93,2018-05-16,2018-06-01 00:00:00.000000,2026-08-27T05:17:09.287600+00:00,D:/D drive recovery/Shiva JH/Projects/OneLake Medallion/data/landing/2018-05-16/order_payments.parquet,2018-05-16
eb6ab30cb30bdde1094fc3b0ee26a2d9,1,credit_card,1,306.51,2018-05-16,2018-06-08 23:47:30.000000,2026-08-27T05:17:09.287600+00:00,D:/D drive recovery/Shiva JH/Projects/OneLake Medallion/data/landing/2018-05-16/order_payments.parquet,2018-05-16
f175c06d9a1a1c98a7ba8dd83950718f,1,credit_card,3,131.29,2018-05-16,2018-06-20 00:00:00.000000,2026-08-27T05:17:09.287600+00:00,D:/D drive recovery/Shiva JH/Projects/OneLake Medallion/data/landing/2018-05-16/order_payments.parquet,2018-05-16
7d00af7c23ec65f8e98e9d7a348130f4,1,credit_card,8,88.45,2018-05-16,2018-06-05 00:00:00.000000,2026-08-27T05:17:09.287600+00:00,D:/D drive recovery/Shiva JH/Projects/OneLake Medallion/data/landing/2018-05-16/order_payments.parquet,2018-05-16
9d56875afa926ef0d9263eb003dba6e0,1,credit_card,8,249.08,2018-05-16,2018-05-28 00:00:00.000000,2026-08-27T05:17:09.287600+00:00,D:/D drive recovery/Shiva JH/Projects/OneLake Medallion/data/landing/2018-05-16/order_payments.parquet,2018-05-16
5ba8503668408d9c4b89795726cb7f4e,1,credit_card,2,98.34,2018-05-16,2018-06-13 00:00:00.000000,2026-08-27T05:17:09.287600+00:00,D:/D drive recovery/Shiva JH/Projects/OneLake Medallion/data/landing/2018-05-16/order_payments.parquet,2018-05-16
9093d1fda3e04c4f34b2cd7b0fc18549,1,credit_card,3,250.89,2018-05-16,2018-06-18 19:38:39.000000,2026-08-27T05:17:09.287600+00:00,D:/D drive recovery/Shiva JH/Projects/OneLake Medallion/data/landing/2018-05-16/order_payments.parquet,2018-05-16
da9713f62e0d54668895dd0ca6ddbb64,1,credit_card,1,83.35,2018-05-28,2018-07-03 00:00:00.000000,2026-08-27T05:17:09.287600+00:00,D:/D drive recovery/Shiva JH/Projects/OneLake Medallion/data/landing/2018-05-28/order_payments.parquet,2018-05-28
558eca1d22374a40aa35c2d9f88573a3,1,credit_card,3,32.16,2018-05-28,2018-07-12 00:00:00.000000,2026-08-27T05:17:09.287600+00:00,D:/D drive recovery/Shiva JH/Projects/OneLake Medallion/data/landing/2018-05-28/order_payments.parquet,2018-05-28
c5f30bdd01bc931c09429dc3bba5ac58,1,credit_card,1,124.5,2018-05-28,2018-06-13 00:00:00.000000,2026-08-27T05:17:09.287600+00:00,D:/D drive recovery/Shiva JH/Projects/OneLake Medallion/data/landing/2018-05-28/order_payments.parquet,2018-05-28
f9030dd093087acc37d712775c8797a6,1,credit_card,1,35.09,2018-06-09,2018-06-29 00:00:00.000000,2026-08-27T05:17:09.287600+00:00,D:/D drive recovery/Shiva JH/Projects/OneLake Medallion/data/landing/2018-06-09/order_payments.parquet,2018-06-09
d9c720e3a638349cc85d8f2f1eff6ab7,1,credit_card,2,21.38,2018-06-09,2018-06-20 00:00:00.000000,2026-08-27T05:17:09.287600+00:00,D:/D drive recovery/Shiva JH/Projects/OneLake Medallion/data/landing/2018-06-09/order_payments.parquet,2018-06-09
69253c0e2ec746a1f5a1ab71985605ba,1,credit_card,3,64.68,2018-06-09,2018-06-20 00:00:00.000000,2026-08-27T05:17:09.287600+00:00,D:/D drive recovery/Shiva JH/Projects/OneLake Medallion/data/landing/2018-06-09/order_payments.parquet,2018-06-09
169ab175fb915582d84c0c5c95bb0fe3,1,credit_card,10,741.1,2018-06-09,2018-07-04 00:00:00.000000,2026-08-27T05:17:09.287600+00:00,D:/D drive recovery/Shiva JH/Projects/OneLake Medallion/data/landing/2018-06-09/order_payments.parquet,2018-06-09
41683ad54cbd17bd932eb623e0ff7257,1,credit_card,3,30.7,2018-06-21,2018-07-30 00:00:00.000000,2026-08-27T05:17:09.287600+00:00,D:/D drive recovery/Shiva JH/Projects/OneLake Medallion/data/landing/2018-06-21/order_payments.parquet,2018-06-21
415163634b075446172210d1b9717e2a,1,credit_card,1,39.26,2018-06-21,2018-07-27 00:00:00.000000,2026-08-27T05:17:09.287600+00:00,D:/D drive recovery/Shiva JH/Projects/OneLake Medallion/data/landing/2018-06-21/order_payments.parquet,2018-06-21
4141a4d0188de2c856950810c9a5e52c,1,credit_card,2,167.77,2018-06-21,2018-07-13 00:00:00.000000,2026-08-27T05:17:09.287600+00:00,D:/D drive recovery/Shiva JH/Projects/OneLake Medallion/data/landing/2018-06-21/order_payments.parquet,2018-06-21
77c34615b2963e4bf4b48d59da0eb5e1,1,debit_card,1,139.59,2017-01-18,2017-02-16 00:00:00.000000,2026-08-27T05:17:09.287600+00:00,D:/D drive recovery/Shiva JH/Projects/OneLake Medallion/data/landing/2017-01-18/order_payments.parquet,2017-01-18
4eb2ac97a426c7f771f8bb1ef6ba5771,1,credit_card,5,111.01,2017-02-11,2017-03-22 00:00:00.000000,2026-08-27T05:17:09.287600+00:00,D:/D drive recovery/Shiva JH/Projects/OneLake Medallion/data/landing/2017-02-11/order_payments.parquet,2017-02-11
7829c222faf130ddecd0a997d677da22,1,boleto,1,31.84,2017-02-23,2017-03-16 00:00:00.000000,2026-08-27T05:17:09.287600+00:00,D:/D drive recovery/Shiva JH/Projects/OneLake Medallion/data/landing/2017-02-23/order_payments.parquet,2017-02-23
29a3f9363409cd00a7860cb0e8d5c460,1,credit_card,7,163.07,2017-02-23,2017-03-24 00:00:00.000000,2026-08-27T05:17:09.287600+00:00,D:/D drive recovery/Shiva JH/Projects/OneLake Medallion/data/landing/2017-02-23/order_payments.parquet,2017-02-23
0af96849112c968e7764ac7f17e4f9f7,1,boleto,1,50.95,2017-02-23,2017-04-05 09:48:08.000000,2026-08-27T05:17:09.287600+00:00,D:/D drive recovery/Shiva JH/Projects/OneLake Medallion/data/landing/2017-02-23/order_payments.parquet,2017-02-23
dd5ebf00c3d8b88a41ec9c8450ec59db,1,credit_card,1,39.72,2017-04-12,2017-05-04 00:00:00.000000,2026-08-27T05:17:09.287600+00:00,D:/D drive recovery/Shiva JH/Projects/OneLake Medallion/data/landing/2017-04-12/order_payments.parquet,2017-04-12
21e37650ff5769ef4eaa10725322d871,1,boleto,1,273.98,2017-04-24,2017-05-15 00:00:00.000000,2026-08-27T05:17:09.287600+00:00,D:/D drive recovery/Shiva JH/Projects/OneLake Medallion/data/landing/2017-04-24/order_payments.parquet,2017-04-24
a4d63c74eb133a700461000c2e8df158,1,credit_card,4,93.31,2017-04-24,2017-05-15 00:00:00.000000,2026-08-27T05:17:09.287600+00:00,D:/D drive recovery/Shiva JH/Projects/OneLake Medallion/data/landing/2017-04-24/order_payments.parquet,2017-04-24
af2adc7e31b52bdfe068cf60426b54b2,1,boleto,1,100.23,2017-04-24,2017-05-11 00:00:00.000000,2026-08-27T05:17:09.287600+00:00,D:/D drive recovery/Shiva JH/Projects/OneLake Medallion/data/landing/2017-04-24/order_payments.parquet,2017-04-24
2dc8ae13ff86f4dcefb60ddfbaf43df8,1,credit_card,4,159.47,2017-04-24,2017-05-19 00:00:00.000000,2026-08-27T05:17:09.287600+00:00,D:/D drive recovery/Shiva JH/Projects/OneLake Medallion/data/landing/2017-04-24/order_payments.parquet,2017-04-24
41e4e97a46cf14b6cfef187c00668efd,1,credit_card,1,86.73,2017-05-06,2017-06-02 00:00:00.000000,2026-08-27T05:17:09.287600+00:00,D:/D drive recovery/Shiva JH/Projects/OneLake Medallion/data/landing/2017-05-06/order_payments.parquet,2017-05-06
badff059f06914594e6477d1273478db,1,credit_card,6,236.76,2017-05-06,2017-06-02 00:00:00.000000,2026-08-27T05:17:09.287600+00:00,D:/D drive recovery/Shiva JH/Projects/OneLake Medallion/data/landing/2017-05-06/order_payments.parquet,2017-05-06
ca8302550f63d763f285c7465c651803,1,credit_card,1,74.67,2017-05-06,2017-05-29 00:00:00.000000,2026-08-27T05:17:09.287600+00:00,D:/D drive recovery/Shiva JH/Projects/OneLake Medallion/data/landing/2017-05-06/order_payments.parquet,2017-05-06
6d928ae5792f61a71bb3e3e528bf4a28,1,credit_card,4,510.99,2017-05-06,2017-06-02 00:00:00.000000,2026-08-27T05:17:09.287600+00:00,D:/D drive recovery/Shiva JH/Projects/OneLake Medallion/data/landing/2017-05-06/order_payments.parquet,2017-05-06
4307e89df5cb485b0b67e0f91025703f,1,credit_card,1,40.1,2017-05-18,2017-06-09 00:00:00.000000,2026-08-27T05:17:09.287600+00:00,D:/D drive recovery/Shiva JH/Projects/OneLake Medallion/data/landing/2017-05-18/order_payments.parquet,2017-05-18
b82b1a7017f4c904921dd5c6c6da8804,1,credit_card,1,232.65,2017-05-30,2017-06-29 00:00:00.000000,2026-08-27T05:17:09.287600+00:00,D:/D drive recovery/Shiva JH/Projects/OneLake Medallion/data/landing/2017-05-30/order_payments.parquet,2017-05-30
5433a0ef395e151f154279cd3fcde661,1,credit_card,6,158.45,2017-06-11,2017-07-07 00:00:00.000000,2026-08-27T05:17:09.287600+00:00,D:/D drive recovery/Shiva JH/Projects/OneLake Medallion/data/landing/2017-06-11/order_payments.parquet,2017-06-11
b0e26123a9efc3ad3ef191e50b262084,1,credit_card,1,53.0,2017-06-11,2017-07-07 00:00:00.000000,2026-08-27T05:17:09.287600+00:00,D:/D drive recovery/Shiva JH/Projects/OneLake Medallion/data/landing/2017-06-11/order_payments.parquet,2017-06-11
dda40954d6373d50d10f2b761c69ac7e,1,credit_card,8,84.71,2017-06-11,2017-07-14 00:00:00.000000,2026-08-27T05:17:09.287600+00:00,D:/D drive recovery/Shiva JH/Projects/OneLake Medallion/data/landing/2017-06-11/order_payments.parquet,2017-06-11
50c71607b83f5edc9a65e7c7d9910b1a,1,credit_card,1,105.28,2017-06-23,2017-07-17 00:00:00.000000,2026-08-27T05:17:09.287600+00:00,D:/D drive recovery/Shiva JH/Projects/OneLake Medallion/data/landing/2017-06-23/order_payments.parquet,2017-06-23
6631941f15912a0be1a1951cfbfaf3f3,1,credit_card,4,49.14,2017-07-05,2017-07-25 00:00:00.000000,2026-08-27T05:17:09.287600+00:00,D:/D drive recovery/Shiva JH/Projects/OneLake Medallion/data/landing/2017-07-05/order_payments.parquet,2017-07-05
1f32e76e92fc0ebf756639dad26ebaa9,1,boleto,1,220.04,2017-07-05,2017-07-19 00:00:00.000000,2026-08-27T05:17:09.287600+00:00,D:/D drive recovery/Shiva JH/Projects/OneLake Medallion/data/landing/2017-07-05/order_payments.parquet,2017-07-05
b60cb82db24efcb2f5d0df26426c3af2,1,credit_card,5,54.0,2017-07-05,2017-07-27 00:00:00.000000,2026-08-27T05:17:09.287600+00:00,D:/D drive recovery/Shiva JH/Projects/OneLake Medallion/data/landing/2017-07-05/order_payments.parquet,2017-07-05
e760cfb29c60e22956a48ad4c4e6a639,1,boleto,1,31.84,2017-07-17,2017-07-28 00:00:00.000000,2026-08-27T05:17:09.287600+00:00,D:/D drive recovery/Shiva JH/Projects/OneLake Medallion/data/landing/2017-07-17/order_payments.parquet,2017-07-17
3087da82d2601b8b5d7eb062012632b3,1,boleto,1,94.98,2017-07-17,2017-08-04 00:00:00.000000,2026-08-27T05:17:09.287600+00:00,D:/D drive recovery/Shiva JH/Projects/OneLake Medallion/data/landing/2017-07-17/order_payments.parquet,2017-07-17
e4bed70dad1c8ff6bfb51ce87e9df866,1,credit_card,10,257.45,2017-07-17,2017-08-09 00:00:00.000000,2026-08-27T05:17:09.287600+00:00,D:/D drive recovery/Shiva JH/Projects/OneLake Medallion/data/landing/2017-07-17/order_payments.parquet,2017-07-17
c70715c3111d10111116543cfc29f3ca,1,credit_card,5,58.59,2017-07-17,2017-08-14 00:00:00.000000,2026-08-27T05:17:09.287600+00:00,D:/D drive recovery/Shiva JH/Projects/OneLake Medallion/data/landing/2017-07-17/order_payments.parquet,2017-07-17
e69bfb5eb88e0ed6a785585b27e16dbf,2,voucher,1,161.42,2017-07-29,2017-08-23 00:00:00.000000,2026-08-27T05:17:09.287600+00:00,D:/D drive recovery/Shiva JH/Projects/OneLake Medallion/data/landing/2017-07-29/order_payments.parquet,2017-07-29
e69bfb5eb88e0ed6a785585b27e16dbf,1,credit_card,1,8.34,2017-07-29,2017-08-23 00:00:00.000000,2026-08-27T05:17:09.287600+00:00,D:/D drive recovery/Shiva JH/Projects/OneLake Medallion/data/landing/2017-07-29/order_payments.parquet,2017-07-29
645d89884725deda9a632a1cd0658149,1,credit_card,4,95.2,2017-07-29,2017-08-22 00:00:00.000000,2026-08-27T05:17:09.287600+00:00,D:/D drive recovery/Shiva JH/Projects/OneLake Medallion/data/landing/2017-07-29/order_payments.parquet,2017-07-29
783c795ca45c01ac1ebe459d8c26751d,1,credit_card,4,143.76,2017-08-10,2017-09-08 00:00:00.000000,2026-08-27T05:17:09.287600+00:00,D:/D drive recovery/Shiva JH/Projects/OneLake Medallion/data/landing/2017-08-10/order_payments.parquet,2017-08-10
5fbf3a364c57e553f502c5ee2a388da1,1,credit_card,4,63.1,2017-08-10,2017-09-01 00:00:00.000000,2026-08-27T05:17:09.287600+00:00,D:/D drive recovery/Shiva JH/Projects/OneLake Medallion/data/landing/2017-08-10/order_payments.parquet,2017-08-10
e37400ea2216206cb88f2d8c87b4aa35,1,credit_card,5,164.94,2017-08-22,2017-09-18 00:00:00.000000,2026-08-27T05:17:09.287600+00:00,D:/D drive recovery/Shiva JH/Projects/OneLake Medallion/data/landing/2017-08-22/order_payments.parquet,2017-08-22
35c16e53e67eb73077166edd4aa57fd7,1,credit_card,1,77.89,2017-08-22,2017-09-20 00:00:00.000000,2026-08-27T05:17:09.287600+00:00,D:/D drive recovery/Shiva JH/Projects/OneLake Medallion/data/landing/2017-08-22/order_payments.parquet,2017-08-22
3deeaa4d253d9612fe55428163839325,1,credit_card,1,54.62,2017-08-22,2017-09-04 00:00:00.000000,2026-08-27T05:17:09.287600+00:00,D:/D drive recovery/Shiva JH/Projects/OneLake Medallion/data/landing/2017-08-22/order_payments.parquet,2017-08-22
f6d0018789810848d254ef989ed2108c,1,boleto,1,50.87,2017-08-22,2017-09-12 00:00:00.000000,2026-08-27T05:17:09.287600+00:00,D:/D drive recovery/Shiva JH/Projects/OneLake Medallion/data/landing/2017-08-22/order_payments.parquet,2017-08-22
fcaf5f5131e3480217cfa4c664cc8875,1,credit_card,10,135.0,2017-09-03,2017-09-22 00:00:00.000000,2026-08-27T05:17:09.287600+00:00,D:/D drive recovery/Shiva JH/Projects/OneLake Medallion/data/landing/2017-09-03/order_payments.parquet,2017-09-03
b2831c53b9a182b11c1f4c1ffd6aa8e6,1,credit_card,1,92.57,2017-09-03,2017-09-21 00:00:00.000000,2026-08-27T05:17:09.287600+00:00,D:/D drive recovery/Shiva JH/Projects/OneLake Medallion/data/landing/2017-09-03/order_payments.parquet,2017-09-03
8989fdd29d2925c7e819138db8e2ef90,1,credit_card,3,39.09,2017-09-15,2017-10-11 00:00:00.000000,2026-08-27T05:17:09.287600+00:00,D:/D drive recovery/Shiva JH/Projects/OneLake Medallion/data/landing/2017-09-15/order_payments.parquet,2017-09-15
8712dadcec00a4826a72ac3431a3ced1,1,boleto,1,182.98,2017-09-15,2017-10-11 00:00:00.000000,2026-08-27T05:17:09.287600+00:00,D:/D drive recovery/Shiva JH/Projects/OneLake Medallion/data/landing/2017-09-15/order_payments.parquet,2017-09-15
9e50d6711cd120b8b6fecc98aca9d306,1,credit_card,2,62.28,2017-09-15,2017-10-03 00:00:00.000000,2026-08-27T05:17:09.287600+00:00,D:/D drive recovery/Shiva JH/Projects/OneLake Medallion/data/landing/2017-09-15/order_payments.parquet,2017-09-15
e2b405ccb5839931cae6f89767eada9b,1,credit_card,6,63.49,2017-09-15,2017-10-11 00:00:00.000000,2026-08-27T05:17:09.287600+00:00,D:/D drive recovery/Shiva JH/Projects/OneLake Medallion/data/landing/2017-09-15/order_payments.parquet,2017-09-15
4671212f0e4f559c957baffa7a97aec5,1,boleto,1,232.06,2017-09-27,2017-10-27 00:00:00.000000,2026-08-27T05:17:09.287600+00:00,D:/D drive recovery/Shiva JH/Projects/OneLake Medallion/data/landing/2017-09-27/order_payments.parquet,2017-09-27
8365dc5dc298b24c2dfa22b90c5df20e,1,credit_card,1,39.5,2017-09-27,2017-10-24 00:00:00.000000,2026-08-27T05:17:09.287600+00:00,D:/D drive recovery/Shiva JH/Projects/OneLake Medallion/data/landing/2017-09-27/order_payments.parquet,2017-09-27
99d9290d68f3a7252778d4cfda7cd872,1,credit_card,2,185.9,2017-10-09,2017-10-23 00:00:00.000000,2026-08-27T05:17:09.287600+00:00,D:/D drive recovery/Shiva JH/Projects/OneLake Medallion/data/landing/2017-10-09/order_payments.parquet,2017-10-09
232a2ccad012f3cb2ebe4ea479e0b1af,1,boleto,1,34.09,2017-10-09,2017-11-01 00:00:00.000000,2026-08-27T05:17:09.287600+00:00,D:/D drive recovery/Shiva JH/Projects/OneLake Medallion/data/landing/2017-10-09/order_payments.parquet,2017-10-09
e235f2f2440fa2abd4c0777a2fda1026,1,boleto,1,84.0,2017-10-09,2017-11-01 00:00:00.000000,2026-08-27T05:17:09.287600+00:00,D:/D drive recovery/Shiva JH/Projects/OneLake Medallion/data/landing/2017-10-09/order_payments.parquet,2017-10-09
189a53cf93264d51ff7b5a92601c7a34,1,credit_card,1,55.54,2017-10-21,2017-11-03 00:00:00.000000,2026-08-27T05:17:09.287600+00:00,D:/D drive recovery/Shiva JH/Projects/OneLake Medallion/data/landing/2017-10-21/order_payments.parquet,2017-10-21
718db37c9161a7d6124c332ea8780b19,1,credit_card,10,133.86,2017-10-21,2017-11-09 00:00:00.000000,2026-08-27T05:17:09.287600+00:00,D:/D drive recovery/Shiva JH/Projects/OneLake Medallion/data/landing/2017-10-21/order_payments.parquet,2017-10-21
3cf35e66383eac0fa651e99728d09c8c,1,credit_card,2,168.2,2017-10-21,2017-11-14 00:00:00.000000,2026-08-27T05:17:09.287600+00:00,D:/D drive recovery/Shiva JH/Projects/OneLake Medallion/data/landing/2017-10-21/order_payments.parquet,2017-10-21
935e2b59d8831e7e158e0a2bbf8f91c3,1,credit_card,3,37.09,2017-11-02,2017-12-05 00:00:00.000000,2026-08-27T05:17:09.287600+00:00,D:/D drive recovery/Shiva JH/Projects/OneLake Medallion/data/landing/2017-11-02/order_payments.parquet,2017-11-02
be05142bba741bcf0fde07b5c9c40f48,1,credit_card,3,238.15,2017-11-02,2017-11-23 15:17:28.000000,2026-08-27T05:17:09.287600+00:00,D:/D drive recovery/Shiva JH/Projects/OneLake Medallion/data/landing/2017-11-02/order_payments.parquet,2017-11-02
5683975334cf0cbd77e90d11c940b257,1,credit_card,2,62.38,2017-11-02,2017-11-29 00:00:00.000000,2026-08-27T05:17:09.287600+00:00,D:/D drive recovery/Shiva JH/Projects/OneLake Medallion/data/landing/2017-11-02/order_payments.parquet,2017-11-02
a82922658c32130591989ddab7111ed6,1,credit_card,10,617.69,2017-11-02,2017-11-23 00:00:00.000000,2026-08-27T05:17:09.287600+00:00,D:/D drive recovery/Shiva JH/Projects/OneLake Medallion/data/landing/2017-11-02/order_payments.parquet,2017-11-02
14129c568e62c007ad8d334de62aca31,1,boleto,1,152.35,2017-11-14,2017-12-12 00:00:00.000000,2026-08-27T05:17:09.287600+00:00,D:/D drive recovery/Shiva JH/Projects/OneLake Medallion/data/landing/2017-11-14/order_payments.parquet,2017-11-14
b34eea540a919377d376dccd30ce2ac8,1,credit_card,2,181.15,2017-11-14,2017-12-14 00:00:00.000000,2026-08-27T05:17:09.287600+00:00,D:/D drive recovery/Shiva JH/Projects/OneLake Medallion/data/landing/2017-11-14/order_payments.parquet,2017-11-14
e9f195e6586d8b704b5bd727b1a2f5dc,1,credit_card,1,21.77,2017-11-14,2017-11-28 00:00:00.000000,2026-08-27T05:17:09.287600+00:00,D:/D drive recovery/Shiva JH/Projects/OneLake Medallion/data/landing/2017-11-14/order_payments.parquet,2017-11-14
340a0613ed37b5748a4b7b676676ca26,1,credit_card,1,50.1,2017-11-26,2017-12-21 00:00:00.000000,2026-08-27T05:17:09.287600+00:00,D:/D drive recovery/Shiva JH/Projects/OneLake Medallion/data/landing/2017-11-26/order_payments.parquet,2017-11-26
b8ed89bd3f1fe72244f0f616acdc7da1,1,credit_card,2,400.44,2017-11-26,2017-12-26 17:42:14.000000,2026-08-27T05:17:09.287600+00:00,D:/D drive recovery/Shiva JH/Projects/OneLake Medallion/data/landing/2017-11-26/order_payments.parquet,2017-11-26
ccac33950ffc27cb905dbcdfb099494a,1,credit_card,10,184.94,2017-11-26,2017-12-19 00:00:00.000000,2026-08-27T05:17:09.287600+00:00,D:/D drive recovery/Shiva JH/Projects/OneLake Medallion/data/landing/2017-11-26/order_payments.parquet,2017-11-26
725c8fc9683d4ff47be7ba7dd796d979,1,credit_card,1,23.77,2017-11-26,2017-12-11 00:00:00.000000,2026-08-27T05:17:09.287600+00:00,D:/D drive recovery/Shiva JH/Projects/OneLake Medallion/data/landing/2017-11-26/order_payments.parquet,2017-11-26
6fa44c0aa6e74a2ded90c2657778e81d,1,boleto,1,23.1,2017-12-08,2018-01-03 00:00:00.000000,2026-08-27T05:17:09.287600+00:00,D:/D drive recovery/Shiva JH/Projects/OneLake Medallion/data/landing/2017-12-08/order_payments.parquet,2017-12-08
a35b086d9dfac1991ee12dd08387c3df,1,credit_card,7,353.58,2017-12-08,2018-01-16 00:00:00.000000,2026-08-27T05:17:09.287600+00:00,D:/D drive recovery/Shiva JH/Projects/OneLake Medallion/data/landing/2017-12-08/order_payments.parquet,2017-12-08
ea5b2c0d002d415e1c5e7d7f39c831f5,1,credit_card,1,447.42,2017-12-08,2018-01-08 00:00:00.000000,2026-08-27T05:17:09.287600+00:00,D:/D drive recovery/Shiva JH/Projects/OneLake Medallion/data/landing/2017-12-08/order_payments.parquet,2017-12-08
8ac2ceafa1fab841f94e5bf768847e0b,1,credit_card,10,618.6,2017-12-08,2018-01-08 00:00:00.000000,2026-08-27T05:17:09.287600+00:00,D:/D drive recovery/Shiva JH/Projects/OneLake Medallion/data/landing/2017-12-08/order_payments.parquet,2017-12-08
3313dc446abbe2a29ae4ae064320b334,1,credit_card,3,52.82,2017-12-08,2018-01-11 00:00:00.000000,2026-08-27T05:17:09.287600+00:00,D:/D drive recovery/Shiva JH/Projects/OneLake Medallion/data/landing/2017-12-08/order_payments.parquet,2017-12-08
b760bf468b4938da338e68c1b8dde052,1,credit_card,2,85.8,2017-12-08,2017-12-27 00:00:00.000000,2026-08-27T05:17:09.287600+00:00,D:/D drive recovery/Shiva JH/Projects/OneLake Medallion/data/landing/2017-12-08/order_payments.parquet,2017-12-08
fa48ce5f6c4499293eecc423fde54476,1,credit_card,4,113.56,2017-12-08,2017-12-27 00:00:00.000000,2026-08-27T05:17:09.287600+00:00,D:/D drive recovery/Shiva JH/Projects/OneLake Medallion/data/landing/2017-12-08/order_payments.parquet,2017-12-08
6b0bd2c2e59c7fb169874fbfeed4441a,1,voucher,1,51.75,2017-12-08,2018-01-03 00:00:00.000000,2026-08-27T05:17:09.287600+00:00,D:/D drive recovery/Shiva JH/Projects/OneLake Medallion/data/landing/2017-12-08/order_payments.parquet,2017-12-08
fd01599ab4ac4b1c1f5a5d16a7871d72,1,boleto,1,56.01,2017-12-08,2018-01-11 00:00:00.000000,2026-08-27T05:17:09.287600+00:00,D:/D drive recovery/Shiva JH/Projects/OneLake Medallion/data/landing/2017-12-08/order_payments.parquet,2017-12-08
1c0f9417f551a547f89b1451b15d1756,1,credit_card,4,49.64,2017-12-20,2018-01-09 00:00:00.000000,2026-08-27T05:17:09.287600+00:00,D:/D drive recovery/Shiva JH/Projects/OneLake Medallion/data/landing/2017-12-20/order_payments.parquet,2017-12-20
cb61ea5ecf3a762ee7460dc23d50fffd,1,credit_card,1,44.08,2017-12-20,2018-01-09 00:00:00.000000,2026-08-27T05:17:09.287600+00:00,D:/D drive recovery/Shiva JH/Projects/OneLake Medallion/data/landing/2017-12-20/order_payments.parquet,2017-12-20
b1503f3f344c66cf0a3bdc1e2a6e3fcb,1,credit_card,2,142.3,2018-01-13,2018-02-09 00:00:00.000000,2026-08-27T05:17:09.287600+00:00,D:/D drive recovery/Shiva JH/Projects/OneLake Medallion/data/landing/2018-01-13/order_payments.parquet,2018-01-13
4bd03dd6a8e45ca2f88013cf71bd22f8,1,boleto,1,222.67,2018-01-13,2018-02-15 00:00:00.000000,2026-08-27T05:17:09.287600+00:00,D:/D drive recovery/Shiva JH/Projects/OneLake Medallion/data/landing/2018-01-13/order_payments.parquet,2018-01-13
c12a7300c1fdbd202faf783e3010203e,1,boleto,1,156.03,2018-01-13,2018-01-30 00:00:00.000000,2026-08-27T05:17:09.287600+00:00,D:/D drive recovery/Shiva JH/Projects/OneLake Medallion/data/landing/2018-01-13/order_payments.parquet,2018-01-13
dacce96767ea2ce331e38a5ebcac5f25,1,credit_card,1,103.83,2018-01-13,2018-02-09 00:00:00.000000,2026-08-27T05:17:09.287600+00:00,D:/D drive recovery/Shiva JH/Projects/OneLake Medallion/data/landing/2018-01-13/order_payments.parquet,2018-01-13
a146dffb3f8c4214018779b35f997a91,1,credit_card,7,147.26,2018-01-25,2018-02-09 00:00:00.000000,2026-08-27T05:17:09.287600+00:00,D:/D drive recovery/Shiva JH/Projects/OneLake Medallion/data/landing/2018-01-25/order_payments.parquet,2018-01-25
6010e18fb4f51bda7cdf59826fb9157e,1,credit_card,3,162.55,2018-01-25,2018-02-19 00:00:00.000000,2026-08-27T05:17:09.287600+00:00,D:/D drive recovery/Shiva JH/Projects/OneLake Medallion/data/landing/2018-01-25/order_payments.parquet,2018-01-25
9706ebea892b263fa7c4c09c658ff5fb,1,voucher,1,18.76,2018-01-25,2018-02-14 00:00:00.000000,2026-08-27T05:17:09.287600+00:00,D:/D drive recovery/Shiva JH/Projects/OneLake Medallion/data/landing/2018-01-25/order_payments.parquet,2018-01-25
3be8a1f84b766b7847d066e09de464c7,1,credit_card,4,42.09,2018-01-25,2018-02-20 00:00:00.000000,2026-08-27T05:17:09.287600+00:00,D:/D drive recovery/Shiva JH/Projects/OneLake Medallion/data/landing/2018-01-25/order_payments.parquet,2018-01-25
e48b8d245a4e83db60a76367fe7ffad2,1,credit_card,1,173.25,2018-02-06,2018-03-02 00:00:00.000000,2026-08-27T05:17:09.287600+00:00,D:/D drive recovery/Shiva JH/Projects/OneLake Medallion/data/landing/2018-02-06/order_payments.parquet,2018-02-06
e154274f8d5b5bcef8bb9f51a54b218a,1,credit_card,3,85.14,2018-02-06,2018-03-07 00:00:00.000000,2026-08-27T05:17:09.287600+00:00,D:/D drive recovery/Shiva JH/Projects/OneLake Medallion/data/landing/2018-02-06/order_payments.parquet,2018-02-06
4f0db42a25e38b5376a4e33b5cd42687,1,credit_card,1,122.02,2018-02-06,2018-03-14 00:00:00.000000,2026-08-27T05:17:09.287600+00:00,D:/D drive recovery/Shiva JH/Projects/OneLake Medallion/data/landing/2018-02-06/order_payments.parquet,2018-02-06
f5370142612f3aa9c1a437ba6eb45b97,1,credit_card,4,205.0,2018-02-06,2018-03-13 00:00:00.000000,2026-08-27T05:17:09.287600+00:00,D:/D drive recovery/Shiva JH/Projects/OneLake Medallion/data/landing/2018-02-06/order_payments.parquet,2018-02-06
ae0851574e3bcaba4df53c0b546b470e,1,credit_card,4,263.22,2018-02-06,2018-03-29 00:00:00.000000,2026-08-27T05:17:09.287600+00:00,D:/D drive recovery/Shiva JH/Projects/OneLake Medallion/data/landing/2018-02-06/order_payments.parquet,2018-02-06
c93d6b0cbd51a29939f48107e4a7425e,1,boleto,1,146.46,2018-02-06,2018-03-02 00:00:00.000000,2026-08-27T05:17:09.287600+00:00,D:/D drive recovery/Shiva JH/Projects/OneLake Medallion/data/landing/2018-02-06/order_payments.parquet,2018-02-06
01cf88c5fb4298435526a5995720807a,1,credit_card,8,122.62,2018-02-06,2018-02-22 00:00:00.000000,2026-08-27T05:17:09.287600+00:00,D:/D drive recovery/Shiva JH/Projects/OneLake Medallion/data/landing/2018-02-06/order_payments.parquet,2018-02-06
cd664e197521a82f89b34d1af4af7aa0,1,credit_card,2,57.68,2018-03-02,2018-03-14 00:00:00.000000,2026-08-27T05:17:09.287600+00:00,D:/D drive recovery/Shiva JH/Projects/OneLake Medallion/data/landing/2018-03-02/order_payments.parquet,2018-03-02
4f8a2144278d625038f8d55d5a334d93,1,boleto,1,188.63,2018-03-02,2018-03-26 00:00:00.000000,2026-08-27T05:17:09.287600+00:00,D:/D drive recovery/Shiva JH/Projects/OneLake Medallion/data/landing/2018-03-02/order_payments.parquet,2018-03-02
89fa4e94189a9acfa88b8d22f4513035,1,credit_card,1,54.13,2018-03-02,2018-03-14 00:00:00.000000,2026-08-27T05:17:09.287600+00:00,D:/D drive recovery/Shiva JH/Projects/OneLake Medallion/data/landing/2018-03-02/order_payments.parquet,2018-03-02
531abf2d5cc78f7a49d9ba560cbbfe7a,1,credit_card,1,88.91,2018-03-02,2018-04-02 19:24:46.000000,2026-08-27T05:17:09.287600+00:00,D:/D drive recovery/Shiva JH/Projects/OneLake Medallion/data/landing/2018-03-02/order_payments.parquet,2018-03-02
621de62735eae3ffa4affa5e73d860db,1,credit_card,1,156.73,2018-03-02,2018-04-03 21:12:26.000000,2026-08-27T05:17:09.287600+00:00,D:/D drive recovery/Shiva JH/Projects/OneLake Medallion/data/landing/2018-03-02/order_payments.parquet,2018-03-02
98118a946846ed39501f78fef6ff3ea7,1,credit_card,2,99.43,2018-03-02,2018-03-16 00:00:00.000000,2026-08-27T05:17:09.287600+00:00,D:/D drive recovery/Shiva JH/Projects/OneLake Medallion/data/landing/2018-03-02/order_payments.parquet,2018-03-02
aaa4688b6d2e4d20b2ffc6d97723ea63,1,credit_card,1,76.17,2018-03-02,2018-04-02 19:25:45.000000,2026-08-27T05:17:09.287600+00:00,D:/D drive recovery/Shiva JH/Projects/OneLake Medallion/data/landing/2018-03-02/order_payments.parquet,2018-03-02
bf61d525b7c099d79f6e3bbbd7a4aec9,1,credit_card,3,201.84,2018-03-02,2018-03-22 00:00:00.000000,2026-08-27T05:17:09.287600+00:00,D:/D drive recovery/Shiva JH/Projects/OneLake Medallion/data/landing/2018-03-02/order_payments.parquet,2018-03-02
84ca1ce0b502782387a2afcd5a8e9356,1,boleto,1,21.88,2018-03-02,2018-03-20 00:00:00.000000,2026-08-27T05:17:09.287600+00:00,D:/D drive recovery/Shiva JH/Projects/OneLake Medallion/data/landing/2018-03-02/order_payments.parquet,2018-03-02
6c3b9813e98d409d3af5da143efbd2d7,1,boleto,1,83.23,2018-03-14,2018-04-10 00:00:00.000000,2026-08-27T05:17:09.287600+00:00,D:/D drive recovery/Shiva JH/Projects/OneLake Medallion/data/landing/2018-03-14/order_payments.parquet,2018-03-14
97f5d9e6ef81b10425e390ed53165124,1,credit_card,2,162.55,2018-03-26,2018-04-24 00:00:00.000000,2026-08-27T05:17:09.287600+00:00,D:/D drive recovery/Shiva JH/Projects/OneLake Medallion/data/landing/2018-03-26/order_payments.parquet,2018-03-26
6e984cc45e3698b95c45d087ca569b62,1,credit_card,1,50.23,2018-03-26,2018-04-12 00:00:00.000000,2026-08-27T05:17:09.287600+00:00,D:/D drive recovery/Shiva JH/Projects/OneLake Medallion/data/landing/2018-03-26/order_payments.parquet,2018-03-26
e519605fdd48a30db0db34bd66f8502e,1,credit_card,2,67.61,2018-03-26,2018-04-06 00:00:00.000000,2026-08-27T05:17:09.287600+00:00,D:/D drive recovery/Shiva JH/Projects/OneLake Medallion/data/landing/2018-03-26/order_payments.parquet,2018-03-26
4ffd41fadb59bd398d869be78f1b2be3,1,credit_card,1,789.55,2018-03-26,2018-04-10 00:00:00.000000,2026-08-27T05:17:09.287600+00:00,D:/D drive recovery/Shiva JH/Projects/OneLake Medallion/data/landing/2018-03-26/order_payments.parquet,2018-03-26
4810bc72b32b9b06d7962b3c645faea2,1,credit_card,8,86.94,2018-03-26,2018-04-24 00:00:00.000000,2026-08-27T05:17:09.287600+00:00,D:/D drive recovery/Shiva JH/Projects/OneLake Medallion/data/landing/2018-03-26/order_payments.parquet,2018-03-26
d9bb91a82e6e6e885f8509496e458d53,1,credit_card,1,78.91,2018-03-26,2018-04-20 00:00:00.000000,2026-08-27T05:17:09.287600+00:00,D:/D drive recovery/Shiva JH/Projects/OneLake Medallion/data/landing/2018-03-26/order_payments.parquet,2018-03-26
056905f3e09ca68fc9ed4780498db866,1,credit_card,7,617.59,2018-04-07,2018-04-30 00:00:00.000000,2026-08-27T05:17:09.287600+00:00,D:/D drive recovery/Shiva JH/Projects/OneLake Medallion/data/landing/2018-04-07/order_payments.parquet,2018-04-07
c20fa8783cbf98de30a8cc0dc7b99bd1,1,boleto,1,78.78,2018-04-19,2018-05-04 00:00:00.000000,2026-08-27T05:17:09.287600+00:00,D:/D drive recovery/Shiva JH/Projects/OneLake Medallion/data/landing/2018-04-19/order_payments.parquet,2018-04-19
08921fc98ee1dc54454ae8af90493c44,1,credit_card,1,82.33,2018-04-19,2018-05-08 00:00:00.000000,2026-08-27T05:17:09.287600+00:00,D:/D drive recovery/Shiva JH/Projects/OneLake Medallion/data/landing/2018-04-19/order_payments.parquet,2018-04-19
ffa2d919ed5fc1b6661b89904ef71b88,1,credit_card,4,270.47,2018-04-19,2018-05-11 00:00:00.000000,2026-08-27T05:17:09.287600+00:00,D:/D drive recovery/Shiva JH/Projects/OneLake Medallion/data/landing/2018-04-19/order_payments.parquet,2018-04-19
438dad6fa6e9ce3c50e4497b4232c7ce,1,credit_card,2,101.24,2018-04-19,2018-05-18 00:00:00.000000,2026-08-27T05:17:09.287600+00:00,D:/D drive recovery/Shiva JH/Projects/OneLake Medallion/data/landing/2018-04-19/order_payments.parquet,2018-04-19
acd45245723df7cb52772a34416b41b1,1,credit_card,2,95.01,2018-04-19,2018-05-10 00:00:00.000000,2026-08-27T05:17:09.287600+00:00,D:/D drive recovery/Shiva JH/Projects/OneLake Medallion/data/landing/2018-04-19/order_payments.parquet,2018-04-19
7df4a1e4f63494920c5e53da93a08183,1,credit_card,2,122.27,2018-04-19,2018-05-15 00:00:00.000000,2026-08-27T05:17:09.287600+00:00,D:/D drive recovery/Shiva JH/Projects/OneLake Medallion/data/landing/2018-04-19/order_payments.parquet,2018-04-19
7fb4133c98efb5fcb56807cb759420b2,1,credit_card,2,153.39,2018-04-19,2018-05-18 00:00:00.000000,2026-08-27T05:17:09.287600+00:00,D:/D drive recovery/Shiva JH/Projects/OneLake Medallion/data/landing/2018-04-19/order_payments.parquet,2018-04-19
96e9519c799bb41c1cf7b3992b63219e,1,credit_card,4,49.22,2018-05-01,2018-05-25 00:00:00.000000,2026-08-27T05:17:09.287600+00:00,D:/D drive recovery/Shiva JH/Projects/OneLake Medallion/data/landing/2018-05-01/order_payments.parquet,2018-05-01
073180167c8aee312e8be08892989244,1,boleto,1,23.29,2018-05-01,2018-05-15 00:00:00.000000,2026-08-27T05:17:09.287600+00:00,D:/D drive recovery/Shiva JH/Projects/OneLake Medallion/data/landing/2018-05-01/order_payments.parquet,2018-05-01
43d8b54629756a38a418dfef248957c2,1,credit_card,1,40.13,2018-05-01,2018-05-28 00:00:00.000000,2026-08-27T05:17:09.287600+00:00,D:/D drive recovery/Shiva JH/Projects/OneLake Medallion/data/landing/2018-05-01/order_payments.parquet,2018-05-01
a98012aa8c697f2bcff9f8c2183e0f2b,1,credit_card,3,158.97,2018-05-13,2018-06-01 00:00:00.000000,2026-08-27T05:17:09.287600+00:00,D:/D drive recovery/Shiva JH/Projects/OneLake Medallion/data/landing/2018-05-13/order_payments.parquet,2018-05-13
088858a852d62de0c175c9cc4bc0ddb6,1,credit_card,2,111.76,2018-05-13,2018-05-28 00:00:00.000000,2026-08-27T05:17:09.287600+00:00,D:/D drive recovery/Shiva JH/Projects/OneLake Medallion/data/landing/2018-05-13/order_payments.parquet,2018-05-13
76ce04fb3a0994fef44ec461d940f026,1,credit_card,1,148.96,2018-05-13,2018-06-19 00:00:00.000000,2026-08-27T05:17:09.287600+00:00,D:/D drive recovery/Shiva JH/Projects/OneLake Medallion/data/landing/2018-05-13/order_payments.parquet,2018-05-13
02b089f5e85ee9c52935ede2207b13e7,1,credit_card,1,37.61,2018-05-13,2018-05-23 00:00:00.000000,2026-08-27T05:17:09.287600+00:00,D:/D drive recovery/Shiva JH/Projects/OneLake Medallion/data/landing/2018-05-13/order_payments.parquet,2018-05-13
f771f4b3d070d0621bf89b9b66dbe8f1,1,credit_card,4,264.37,2018-05-13,2018-06-04 00:00:00.000000,2026-08-27T05:17:09.287600+00:00,D:/D drive recovery/Shiva JH/Projects/OneLake Medallion/data/landing/2018-05-13/order_payments.parquet,2018-05-13
954432a2b2661b54eac000446dfde330,1,voucher,1,59.5,2018-05-25,2018-06-20 00:00:00.000000,2026-08-27T05:17:09.287600+00:00,D:/D drive recovery/Shiva JH/Projects/OneLake Medallion/data/landing/2018-05-25/order_payments.parquet,2018-05-25
e130d3f737127ae52681b9338aea9b64,1,credit_card,10,2467.17,2018-05-25,2018-06-19 00:00:00.000000,2026-08-27T05:17:09.287600+00:00,D:/D drive recovery/Shiva JH/Projects/OneLake Medallion/data/landing/2018-05-25/order_payments.parquet,2018-05-25
523f24867a34e6e564dda4898935e05e,1,credit_card,4,135.66,2018-06-06,2018-07-23 00:00:00.000000,2026-08-27T05:17:09.287600+00:00,D:/D drive recovery/Shiva JH/Projects/OneLake Medallion/data/landing/2018-06-06/order_payments.parquet,2018-06-06
52dad0f7bc913b9f6bee5df584adeffb,1,credit_card,3,86.44,2018-06-06,2018-07-17 00:00:00.000000,2026-08-27T05:17:09.287600+00:00,D:/D drive recovery/Shiva JH/Projects/OneLake Medallion/data/landing/2018-06-06/order_payments.parquet,2018-06-06
0a2de338241b69893fc167f8d0970349,1,credit_card,1,118.82,2018-06-18,2018-07-17 00:00:00.000000,2026-08-27T05:17:09.287600+00:00,D:/D drive recovery/Shiva JH/Projects/OneLake Medallion/data/landing/2018-06-18/order_payments.parquet,2018-06-18
2806d068f5d3e46b89e663cb5e53236d,1,boleto,1,102.51,2018-06-18,2018-07-12 00:00:00.000000,2026-08-27T05:17:09.287600+00:00,D:/D drive recovery/Shiva JH/Projects/OneLake Medallion/data/landing/2018-06-18/order_payments.parquet,2018-06-18
559d0bdf2fe83764fb89edea1516599a,1,boleto,1,59.39,2018-06-18,2018-06-28 00:00:00.000000,2026-08-27T05:17:09.287600+00:00,D:/D drive recovery/Shiva JH/Projects/OneLake Medallion/data/landing/2018-06-18/order_payments.parquet,2018-06-18
87ca9106c9cd25cfd5d85ee98d29d0fc,1,debit_card,1,164.54,2018-06-18,2018-07-05 00:00:00.000000,2026-08-27T05:17:09.287600+00:00,D:/D drive recovery/Shiva JH/Projects/OneLake Medallion/data/landing/2018-06-18/order_payments.parquet,2018-06-18
ceefe38963a74828ec008a3985a2c517,1,credit_card,1,32.32,2018-06-18,2018-07-04 00:00:00.000000,2026-08-27T05:17:09.287600+00:00,D:/D drive recovery/Shiva JH/Projects/OneLake Medallion/data/landing/2018-06-18/order_payments.parquet,2018-06-18
07f970754e737efe221e6349eeb5a8e7,1,boleto,1,198.62,2018-06-18,2018-07-19 00:00:00.000000,2026-08-27T05:17:09.287600+00:00,D:/D drive recovery/Shiva JH/Projects/OneLake Medallion/data/landing/2018-06-18/order_payments.parquet,2018-06-18
c926bd8d23b10840238793adf349b2e5,1,credit_card,3,94.77,2018-06-18,2018-07-05 00:00:00.000000,2026-08-27T05:17:09.287600+00:00,D:/D drive recovery/Shiva JH/Projects/OneLake Medallion/data/landing/2018-06-18/order_payments.parquet,2018-06-18
1bfb2199760a3d5c410cf4fab44e868c,1,credit_card,5,142.17,2018-06-30,2018-07-27 00:00:00.000000,2026-08-27T05:17:09.287600+00:00,D:/D drive recovery/Shiva JH/Projects/OneLake Medallion/data/landing/2018-06-30/order_payments.parquet,2018-06-30
2ef3c9464dba683f9e1375f7b3416465,1,credit_card,1,137.29,2018-06-30,2018-07-19 00:00:00.000000,2026-08-27T05:17:09.287600+00:00,D:/D drive recovery/Shiva JH/Projects/OneLake Medallion/data/landing/2018-06-30/order_payments.parquet,2018-06-30
6f748695717d537b882406da58acefec,1,credit_card,3,366.26,2017-01-12,2017-03-02 00:00:00.000000,2026-08-27T05:17:09.287600+00:00,D:/D drive recovery/Shiva JH/Projects/OneLake Medallion/data/landing/2017-01-12/order_payments.parquet,2017-01-12
591634e3db632b8d5a60099a1b81cf7a,1,credit_card,3,34.51,2017-02-05,2017-03-08 00:00:00.000000,2026-08-27T05:17:09.287600+00:00,D:/D drive recovery/Shiva JH/Projects/OneLake Medallion/data/landing/2017-02-05/order_payments.parquet,2017-02-05
6a38a689d8240ba6b2e79f89a9ecf5c2,1,credit_card,6,215.69,2017-02-17,2017-03-24 00:00:00.000000,2026-08-27T05:17:09.287600+00:00,D:/D drive recovery/Shiva JH/Projects/OneLake Medallion/data/landing/2017-02-17/order_payments.parquet,2017-02-17
81a6ac5a2e54ea1f2883d6054be7b339,1,boleto,1,36.02,2017-02-17,2017-03-22 00:00:00.000000,2026-08-27T05:17:09.287600+00:00,D:/D drive recovery/Shiva JH/Projects/OneLake Medallion/data/landing/2017-02-17/order_payments.parquet,2017-02-17
674e6f9346c417bc4de022b215ba282b,1,boleto,1,65.77,2017-03-13,2017-03-31 00:00:00.000000,2026-08-27T05:17:09.287600+00:00,D:/D drive recovery/Shiva JH/Projects/OneLake Medallion/data/landing/2017-03-13/order_payments.parquet,2017-03-13
45b8bb0bfeacbf5aebe4c3f5cbcd2b06,1,credit_card,1,73.58,2017-03-13,2017-04-03 00:00:00.000000,2026-08-27T05:17:09.287600+00:00,D:/D drive recovery/Shiva JH/Projects/OneLake Medallion/data/landing/2017-03-13/order_payments.parquet,2017-03-13
a12361dc52836f98226e3a57cf3569bf,1,credit_card,2,62.65,2017-03-13,2017-04-07 00:00:00.000000,2026-08-27T05:17:09.287600+00:00,D:/D drive recovery/Shiva JH/Projects/OneLake Medallion/data/landing/2017-03-13/order_payments.parquet,2017-03-13
197fdb2270597913a3ba471f251d01c5,1,credit_card,4,84.16,2017-03-25,2017-04-13 00:00:00.000000,2026-08-27T05:17:09.287600+00:00,D:/D drive recovery/Shiva JH/Projects/OneLake Medallion/data/landing/2017-03-25/order_payments.parquet,2017-03-25
016b1af508245e59ef75d83e3fe20a92,1,boleto,1,147.64,2017-04-06,2017-05-02 00:00:00.000000,2026-08-27T05:17:09.287600+00:00,D:/D drive recovery/Shiva JH/Projects/OneLake Medallion/data/landing/2017-04-06/order_payments.parquet,2017-04-06
094af1d0ffa8afa4ddce0e4892491313,1,credit_card,10,119.39,2017-04-06,2017-05-08 00:00:00.000000,2026-08-27T05:17:09.287600+00:00,D:/D drive recovery/Shiva JH/Projects/OneLake Medallion/data/landing/2017-04-06/order_payments.parquet,2017-04-06
8bacc2f32b92ef5631a9c135352efee2,1,credit_card,1,5.3,2017-04-18,2017-05-24 00:00:00.000000,2026-08-27T05:17:09.287600+00:00,D:/D drive recovery/Shiva JH/Projects/OneLake Medallion/data/landing/2017-04-18/order_payments.parquet,2017-04-18
7d07b6c1321e0ae86b7d6205e015f0a1,1,boleto,1,294.14,2017-04-18,2017-05-10 00:00:00.000000,2026-08-27T05:17:09.287600+00:00,D:/D drive recovery/Shiva JH/Projects/OneLake Medallion/data/landing/2017-04-18/order_payments.parquet,2017-04-18
8bacc2f32b92ef5631a9c135352efee2,2,voucher,1,62.24,2017-04-18,2017-05-24 00:00:00.000000,2026-08-27T05:17:09.287600+00:00,D:/D drive recovery/Shiva JH/Projects/OneLake Medallion/data/landing/2017-04-18/order_payments.parquet,2017-04-18
44a04882ddb9f1358c4d11d83027bed3,1,credit_card,3,192.83,2017-04-18,2017-05-16 00:00:00.000000,2026-08-27T05:17:09.287600+00:00,D:/D drive recovery/Shiva JH/Projects/OneLake Medallion/data/landing/2017-04-18/order_payments.parquet,2017-04-18
9dad14cb70926812afb5ca62be79f298,1,credit_card,2,53.45,2017-05-12,2017-05-22 00:00:00.000000,2026-08-27T05:17:09.287600+00:00,D:/D drive recovery/Shiva JH/Projects/OneLake Medallion/data/landing/2017-05-12/order_payments.parquet,2017-05-12
58e005414df700025a261e572c2a9fc1,1,credit_card,2,191.58,2017-05-12,2017-06-05 00:00:00.000000,2026-08-27T05:17:09.287600+00:00,D:/D drive recovery/Shiva JH/Projects/OneLake Medallion/data/landing/2017-05-12/order_payments.parquet,2017-05-12
9dad14cb70926812afb5ca62be79f298,2,credit_card,2,53.5,2017-05-12,2017-05-22 00:00:00.000000,2026-08-27T05:17:09.287600+00:00,D:/D drive recovery/Shiva JH/Projects/OneLake Medallion/data/landing/2017-05-12/order_payments.parquet,2017-05-12
162e41cca84030fa1901010d70ae0bed,1,credit_card,3,140.56,2017-05-24,2017-06-19 00:00:00.000000,2026-08-27T05:17:09.287600+00:00,D:/D drive recovery/Shiva JH/Projects/OneLake Medallion/data/landing/2017-05-24/order_payments.parquet,2017-05-24
e2638c5bf9a25fab6628686b0ed83f9f,1,boleto,1,186.6,2017-05-24,2017-06-16 00:00:00.000000,2026-08-27T05:17:09.287600+00:00,D:/D drive recovery/Shiva JH/Projects/OneLake Medallion/data/landing/2017-05-24/order_payments.parquet,2017-05-24
7744b010dedfdb100e51ac9096022331,1,credit_card,3,62.68,2017-05-24,2017-06-19 00:00:00.000000,2026-08-27T05:17:09.287600+00:00,D:/D drive recovery/Shiva JH/Projects/OneLake Medallion/data/landing/2017-05-24/order_payments.parquet,2017-05-24
a544402adb66ebc329117c687bd975a2,1,credit_card,6,98.7,2017-06-05,2017-07-06 00:00:00.000000,2026-08-27T05:17:09.287600+00:00,D:/D drive recovery/Shiva JH/Projects/OneLake Medallion/data/landing/2017-06-05/order_payments.parquet,2017-06-05
7ecfa19903fa2693cf01e180885b6235,1,boleto,1,619.93,2017-06-05,2017-06-26 00:00:00.000000,2026-08-27T05:17:09.287600+00:00,D:/D drive recovery/Shiva JH/Projects/OneLake Medallion/data/landing/2017-06-05/order_payments.parquet,2017-06-05
19179eded4e54ba2c63655b3708f4fc0,1,credit_card,4,137.3,2017-06-05,2017-07-04 00:00:00.000000,2026-08-27T05:17:09.287600+00:00,D:/D drive recovery/Shiva JH/Projects/OneLake Medallion/data/landing/2017-06-05/order_payments.parquet,2017-06-05
6122108ba6a69151ca91c80d6ce5eb75,1,credit_card,4,100.33,2017-06-05,2017-06-30 00:00:00.000000,2026-08-27T05:17:09.287600+00:00,D:/D drive recovery/Shiva JH/Projects/OneLake Medallion/data/landing/2017-06-05/order_payments.parquet,2017-06-05
5b6ef6be2fa71ebc92c95847830eb35f,1,credit_card,1,54.0,2017-06-17,2017-07-11 00:00:00.000000,2026-08-27T05:17:09.287600+00:00,D:/D drive recovery/Shiva JH/Projects/OneLake Medallion/data/landing/2017-06-17/order_payments.parquet,2017-06-17
97b8a149d521ea9fbbbce767a458846e,1,boleto,1,2026.54,2017-06-17,2017-07-08 11:12:11.000000,2026-08-27T05:17:09.287600+00:00,D:/D drive recovery/Shiva JH/Projects/OneLake Medallion/data/landing/2017-06-17/order_payments.parquet,2017-06-17
655352dd31829855980e8ba883725b47,1,credit_card,1,10.28,2017-06-29,2017-08-02 00:00:00.000000,2026-08-27T05:17:09.287600+00:00,D:/D drive recovery/Shiva JH/Projects/OneLake Medallion/data/landing/2017-06-29/order_payments.parquet,2017-06-29
c26b94aa87e95d1c1eb1b592f43eb223,1,credit_card,2,204.06,2017-06-29,2017-07-19 00:00:00.000000,2026-08-27T05:17:09.287600+00:00,D:/D drive recovery/Shiva JH/Projects/OneLake Medallion/data/landing/2017-06-29/order_payments.parquet,2017-06-29
993628d27f2ae9981422ecb389adfa59,1,credit_card,1,117.46,2017-06-29,2017-07-21 00:00:00.000000,2026-08-27T05:17:09.287600+00:00,D:/D drive recovery/Shiva JH/Projects/OneLake Medallion/data/landing/2017-06-29/order_payments.parquet,2017-06-29
655352dd31829855980e8ba883725b47,2,voucher,1,42.77,2017-06-29,2017-08-02 00:00:00.000000,2026-08-27T05:17:09.287600+00:00,D:/D drive recovery/Shiva JH/Projects/OneLake Medallion/data/landing/2017-06-29/order_payments.parquet,2017-06-29
d9f085069cebe18379f8a966f47e4cbe,1,credit_card,1,43.1,2017-07-11,2017-08-04 00:00:00.000000,2026-08-27T05:17:09.287600+00:00,D:/D drive recovery/Shiva JH/Projects/OneLake Medallion/data/landing/2017-07-11/order_payments.parquet,2017-07-11
2283bc123debf0264cfbdef89f109122,1,credit_card,4,125.42,2017-07-11,2017-08-04 00:00:00.000000,2026-08-27T05:17:09.287600+00:00,D:/D drive recovery/Shiva JH/Projects/OneLake Medallion/data/landing/2017-07-11/order_payments.parquet,2017-07-11
9e13610356ba6774adf5c06c32f8448f,1,credit_card,3,223.14,2017-07-11,2017-08-02 00:00:00.000000,2026-08-27T05:17:09.287600+00:00,D:/D drive recovery/Shiva JH/Projects/OneLake Medallion/data/landing/2017-07-11/order_payments.parquet,2017-07-11
6a98e607278ee9f5ad38602191a60843,1,credit_card,1,294.76,2017-07-11,2017-08-10 00:00:00.000000,2026-08-27T05:17:09.287600+00:00,D:/D drive recovery/Shiva JH/Projects/OneLake Medallion/data/landing/2017-07-11/order_payments.parquet,2017-07-11
07429f7601b56a66d1854c79a2f5c9e5,1,credit_card,5,232.22,2017-07-11,2017-08-04 00:00:00.000000,2026-08-27T05:17:09.287600+00:00,D:/D drive recovery/Shiva JH/Projects/OneLake Medallion/data/landing/2017-07-11/order_payments.parquet,2017-07-11
f2664c7a8066f3a82b36c7c8f916eab4,1,credit_card,5,172.45,2017-08-04,2017-09-01 00:00:00.000000,2026-08-27T05:17:09.287600+00:00,D:/D drive recovery/Shiva JH/Projects/OneLake Medallion/data/landing/2017-08-04/order_payments.parquet,2017-08-04
6d25b49ec255fb0bffe632d77a6345ec,1,credit_card,10,511.38,2017-08-04,2017-08-25 00:00:00.000000,2026-08-27T05:17:09.287600+00:00,D:/D drive recovery/Shiva JH/Projects/OneLake Medallion/data/landing/2017-08-04/order_payments.parquet,2017-08-04
2fb7dfe5fec51c8a96ee5349c1faf9c0,1,credit_card,9,146.68,2017-08-16,2017-09-13 00:00:00.000000,2026-08-27T05:17:09.287600+00:00,D:/D drive recovery/Shiva JH/Projects/OneLake Medallion/data/landing/2017-08-16/order_payments.parquet,2017-08-16
0e4e2b4f0485ebee2020fa22ebe41766,1,credit_card,1,35.0,2017-08-16,2017-09-08 00:00:00.000000,2026-08-27T05:17:09.287600+00:00,D:/D drive recovery/Shiva JH/Projects/OneLake Medallion/data/landing/2017-08-16/order_payments.parquet,2017-08-16
311354a710a3326281f5ce1ff0149d09,1,credit_card,5,178.27,2017-08-16,2017-09-11 00:00:00.000000,2026-08-27T05:17:09.287600+00:00,D:/D drive recovery/Shiva JH/Projects/OneLake Medallion/data/landing/2017-08-16/order_payments.parquet,2017-08-16
3c04118e4788bb999f7371015e3dbdbe,1,credit_card,2,21.85,2017-08-16,2017-09-14 00:00:00.000000,2026-08-27T05:17:09.287600+00:00,D:/D drive recovery/Shiva JH/Projects/OneLake Medallion/data/landing/2017-08-16/order_payments.parquet,2017-08-16
9993e9c87a491b66f16f75f61d99fb61,1,credit_card,4,798.19,2017-08-16,2017-09-08 00:00:00.000000,2026-08-27T05:17:09.287600+00:00,D:/D drive recovery/Shiva JH/Projects/OneLake Medallion/data/landing/2017-08-16/order_payments.parquet,2017-08-16
fa0ee03f451f7e7f2df9fda0a1496bc0,1,credit_card,2,154.21,2017-08-16,2017-08-29 00:00:00.000000,2026-08-27T05:17:09.287600+00:00,D:/D drive recovery/Shiva JH/Projects/OneLake Medallion/data/landing/2017-08-16/order_payments.parquet,2017-08-16
ad267363f417fe1945d534f8df659562,1,boleto,1,153.3,2017-08-16,2017-09-08 00:00:00.000000,2026-08-27T05:17:09.287600+00:00,D:/D drive recovery/Shiva JH/Projects/OneLake Medallion/data/landing/2017-08-16/order_payments.parquet,2017-08-16
9fe7878dd156cead30e4d3005fb93de7,1,boleto,1,75.68,2017-08-16,2017-09-05 00:00:00.000000,2026-08-27T05:17:09.287600+00:00,D:/D drive recovery/Shiva JH/Projects/OneLake Medallion/data/landing/2017-08-16/order_payments.parquet,2017-08-16
c0fb1f0e7d72b79458a1e6a9b8165488,1,credit_card,5,164.79,2017-08-28,2017-09-19 00:00:00.000000,2026-08-27T05:17:09.287600+00:00,D:/D drive recovery/Shiva JH/Projects/OneLake Medallion/data/landing/2017-08-28/order_payments.parquet,2017-08-28
0d7409418627f0c642e73823145c505b,1,credit_card,8,88.62,2017-08-28,2017-09-28 00:00:00.000000,2026-08-27T05:17:09.287600+00:00,D:/D drive recovery/Shiva JH/Projects/OneLake Medallion/data/landing/2017-08-28/order_payments.parquet,2017-08-28
5b249d0d2a393d918ffae8d9de5dfb4c,1,credit_card,3,165.32,2017-09-09,2017-10-11 00:00:00.000000,2026-08-27T05:17:09.287600+00:00,D:/D drive recovery/Shiva JH/Projects/OneLake Medallion/data/landing/2017-09-09/order_payments.parquet,2017-09-09
9686875d0d9dcbe392244b6773605882,1,credit_card,5,83.87,2017-09-09,2017-09-29 00:00:00.000000,2026-08-27T05:17:09.287600+00:00,D:/D drive recovery/Shiva JH/Projects/OneLake Medallion/data/landing/2017-09-09/order_payments.parquet,2017-09-09
55826c853b7245fee48da8b2539b6944,1,credit_card,4,321.57,2017-09-21,2017-10-06 00:00:00.000000,2026-08-27T05:17:09.287600+00:00,D:/D drive recovery/Shiva JH/Projects/OneLake Medallion/data/landing/2017-09-21/order_payments.parquet,2017-09-21
90289a17e4361481e6880e751590f140,1,credit_card,5,51.63,2017-09-21,2017-10-06 00:00:00.000000,2026-08-27T05:17:09.287600+00:00,D:/D drive recovery/Shiva JH/Projects/OneLake Medallion/data/landing/2017-09-21/order_payments.parquet,2017-09-21
52111a53370a73bd98fdd7144c9129e7,1,credit_card,6,118.74,2017-09-21,2017-10-13 00:00:00.000000,2026-08-27T05:17:09.287600+00:00,D:/D drive recovery/Shiva JH/Projects/OneLake Medallion/data/landing/2017-09-21/order_payments.parquet,2017-09-21
1a1aa9714d0f88e8a2b20b0c7c037d0b,1,boleto,1,95.21,2017-09-21,2017-10-20 00:00:00.000000,2026-08-27T05:17:09.287600+00:00,D:/D drive recovery/Shiva JH/Projects/OneLake Medallion/data/landing/2017-09-21/order_payments.parquet,2017-09-21
e2c195168dcfb7f5465c1b342ac094ee,1,boleto,1,1605.14,2017-10-03,2017-11-07 00:00:00.000000,2026-08-27T05:17:09.287600+00:00,D:/D drive recovery/Shiva JH/Projects/OneLake Medallion/data/landing/2017-10-03/order_payments.parquet,2017-10-03
fda140e135ccab872e95fb03e76ba27a,1,credit_card,1,76.98,2017-10-03,2017-11-01 00:00:00.000000,2026-08-27T05:17:09.287600+00:00,D:/D drive recovery/Shiva JH/Projects/OneLake Medallion/data/landing/2017-10-03/order_payments.parquet,2017-10-03
07dcf38560b8c50e101b3281edda6112,1,boleto,1,57.75,2017-10-03,2017-10-25 00:00:00.000000,2026-08-27T05:17:09.287600+00:00,D:/D drive recovery/Shiva JH/Projects/OneLake Medallion/data/landing/2017-10-03/order_payments.parquet,2017-10-03
f7c983ea77108633138dd0ff5e2fbd3a,1,boleto,1,255.96,2017-10-03,2017-11-01 00:00:00.000000,2026-08-27T05:17:09.287600+00:00,D:/D drive recovery/Shiva JH/Projects/OneLake Medallion/data/landing/2017-10-03/order_payments.parquet,2017-10-03
8c7b47a875c412c4303eefc88e9d92c9,1,credit_card,4,43.1,2017-10-03,2017-10-27 00:00:00.000000,2026-08-27T05:17:09.287600+00:00,D:/D drive recovery/Shiva JH/Projects/OneLake Medallion/data/landing/2017-10-03/order_payments.parquet,2017-10-03
1e54ddebe12a41afeba0ff4dff0613f8,1,credit_card,1,77.57,2017-10-03,2017-10-30 00:00:00.000000,2026-08-27T05:17:09.287600+00:00,D:/D drive recovery/Shiva JH/Projects/OneLake Medallion/data/landing/2017-10-03/order_payments.parquet,2017-10-03
e1171120e3b1615034d5372b0d3254a7,1,credit_card,4,100.33,2017-10-03,2017-11-03 00:00:00.000000,2026-08-27T05:17:09.287600+00:00,D:/D drive recovery/Shiva JH/Projects/OneLake Medallion/data/landing/2017-10-03/order_payments.parquet,2017-10-03
d76365196bbcbd01da5825472503cf32,1,credit_card,4,46.01,2017-10-15,2017-11-09 00:00:00.000000,2026-08-27T05:17:09.287600+00:00,D:/D drive recovery/Shiva JH/Projects/OneLake Medallion/data/landing/2017-10-15/order_payments.parquet,2017-10-15
862492c97a277f223e8cb4d665d80c0a,1,boleto,1,30.75,2017-10-15,2017-11-01 00:00:00.000000,2026-08-27T05:17:09.287600+00:00,D:/D drive recovery/Shiva JH/Projects/OneLake Medallion/data/landing/2017-10-15/order_payments.parquet,2017-10-15
b36055b266e36286316fa70c35de581a,1,boleto,1,215.05,2017-10-27,2017-11-17 00:00:00.000000,2026-08-27T05:17:09.287600+00:00,D:/D drive recovery/Shiva JH/Projects/OneLake Medallion/data/landing/2017-10-27/order_payments.parquet,2017-10-27
1457abef78cd241e85fd946503cb4e16,1,credit_card,10,1373.83,2017-10-27,2017-11-13 00:00:00.000000,2026-08-27T05:17:09.287600+00:00,D:/D drive recovery/Shiva JH/Projects/OneLake Medallion/data/landing/2017-10-27/order_payments.parquet,2017-10-27
60a348897e04524c8ab3287426da6417,1,credit_card,3,175.55,2017-10-27,2017-11-16 11:42:02.000000,2026-08-27T05:17:09.287600+00:00,D:/D drive recovery/Shiva JH/Projects/OneLake Medallion/data/landing/2017-10-27/order_payments.parquet,2017-10-27
7ecd6da80b57a803fc59819f59bcdc4b,1,credit_card,1,86.15,2017-10-27,2017-12-05 00:00:00.000000,2026-08-27T05:17:09.287600+00:00,D:/D drive recovery/Shiva JH/Projects/OneLake Medallion/data/landing/2017-10-27/order_payments.parquet,2017-10-27
ce6615d572a95ae4df7bcb227fa4d3a0,1,credit_card,4,45.09,2017-10-27,2017-11-21 00:00:00.000000,2026-08-27T05:17:09.287600+00:00,D:/D drive recovery/Shiva JH/Projects/OneLake Medallion/data/landing/2017-10-27/order_payments.parquet,2017-10-27
4316bb50be3f59538c354e3d820f1d9c,1,credit_card,3,305.77,2017-11-08,2017-12-04 00:00:00.000000,2026-08-27T05:17:09.287600+00:00,D:/D drive recovery/Shiva JH/Projects/OneLake Medallion/data/landing/2017-11-08/order_payments.parquet,2017-11-08
1446f87ab63443ca948c7faa3d7ef194,1,credit_card,1,109.17,2017-11-08,2017-12-05 00:00:00.000000,2026-08-27T05:17:09.287600+00:00,D:/D drive recovery/Shiva JH/Projects/OneLake Medallion/data/landing/2017-11-08/order_payments.parquet,2017-11-08
feebc8143071c1f555cbce155a2d8295,1,boleto,1,50.09,2017-11-20,2017-12-19 00:00:00.000000,2026-08-27T05:17:09.287600+00:00,D:/D drive recovery/Shiva JH/Projects/OneLake Medallion/data/landing/2017-11-20/order_payments.parquet,2017-11-20
3a20bcc250e5404ca717dfa90e8a9c05,1,credit_card,3,465.0,2017-11-20,2017-12-11 22:24:54.000000,2026-08-27T05:17:09.287600+00:00,D:/D drive recovery/Shiva JH/Projects/OneLake Medallion/data/landing/2017-11-20/order_payments.parquet,2017-11-20
6951c3fa48b145ff2b579b11554d8116,1,credit_card,3,31.07,2017-11-20,2017-12-11 00:00:00.000000,2026-08-27T05:17:09.287600+00:00,D:/D drive recovery/Shiva JH/Projects/OneLake Medallion/data/landing/2017-11-20/order_payments.parquet,2017-11-20
88355d23a2bdd3a707ab181aef5411e8,1,credit_card,1,91.01,2017-11-20,2017-12-01 00:00:00.000000,2026-08-27T05:17:09.287600+00:00,D:/D drive recovery/Shiva JH/Projects/OneLake Medallion/data/landing/2017-11-20/order_payments.parquet,2017-11-20
205e94cc10bf8b9be1917d15963e6648,1,credit_card,8,276.56,2017-12-02,2018-01-02 00:00:00.000000,2026-08-27T05:17:09.287600+00:00,D:/D drive recovery/Shiva JH/Projects/OneLake Medallion/data/landing/2017-12-02/order_payments.parquet,2017-12-02
80242ba2ebddeb4f86af40cd158ff6fc,1,credit_card,2,26.84,2017-12-02,2017-12-27 00:00:00.000000,2026-08-27T05:17:09.287600+00:00,D:/D drive recovery/Shiva JH/Projects/OneLake Medallion/data/landing/2017-12-02/order_payments.parquet,2017-12-02
b7500c718b66aa61283dcc1565a39bf0,1,boleto,1,284.91,2017-12-02,2018-01-10 00:00:00.000000,2026-08-27T05:17:09.287600+00:00,D:/D drive recovery/Shiva JH/Projects/OneLake Medallion/data/landing/2017-12-02/order_payments.parquet,2017-12-02
284a65b124f634fdf426aa8e768fe8ab,1,credit_card,4,190.33,2017-12-02,2018-01-22 21:07:44.000000,2026-08-27T05:17:09.287600+00:00,D:/D drive recovery/Shiva JH/Projects/OneLake Medallion/data/landing/2017-12-02/order_payments.parquet,2017-12-02
44899a0a37e97bd716c345a12ad20bbe,1,credit_card,7,371.7,2017-12-14,2018-01-09 00:00:00.000000,2026-08-27T05:17:09.287600+00:00,D:/D drive recovery/Shiva JH/Projects/OneLake Medallion/data/landing/2017-12-14/order_payments.parquet,2017-12-14
528d7f1b0be23f9c70baba6be75d8a26,1,boleto,1,296.19,2017-12-14,2018-01-12 00:00:00.000000,2026-08-27T05:17:09.287600+00:00,D:/D drive recovery/Shiva JH/Projects/OneLake Medallion/data/landing/2017-12-14/order_payments.parquet,2017-12-14
aeee18f9e96661619be19ae8346c072e,1,credit_card,1,54.36,2017-12-14,2018-01-11 00:00:00.000000,2026-08-27T05:17:09.287600+00:00,D:/D drive recovery/Shiva JH/Projects/OneLake Medallion/data/landing/2017-12-14/order_payments.parquet,2017-12-14
cd23f3689cab3a020096a36f849bcd20,1,credit_card,5,60.75,2017-12-14,2018-01-12 00:00:00.000000,2026-08-27T05:17:09.287600+00:00,D:/D drive recovery/Shiva JH/Projects/OneLake Medallion/data/landing/2017-12-14/order_payments.parquet,2017-12-14
91bcb2a4582479914b3c1e17a7464caa,1,credit_card,5,230.82,2017-12-14,2018-01-17 00:00:00.000000,2026-08-27T05:17:09.287600+00:00,D:/D drive recovery/Shiva JH/Projects/OneLake Medallion/data/landing/2017-12-14/order_payments.parquet,2017-12-14
2ca72b762bd6252e6d2ffb6188556add,1,boleto,1,54.28,2017-12-14,2018-01-12 00:00:00.000000,2026-08-27T05:17:09.287600+00:00,D:/D drive recovery/Shiva JH/Projects/OneLake Medallion/data/landing/2017-12-14/order_payments.parquet,2017-12-14
950d73734673943202a34946bb62db32,1,credit_card,4,209.98,2017-12-14,2018-01-10 00:00:00.000000,2026-08-27T05:17:09.287600+00:00,D:/D drive recovery/Shiva JH/Projects/OneLake Medallion/data/landing/2017-12-14/order_payments.parquet,2017-12-14
bb9e3fdfc33f7fe56fd38f6adacf760f,1,credit_card,1,648.03,2017-12-26,2018-01-29 00:00:00.000000,2026-08-27T05:17:09.287600+00:00,D:/D drive recovery/Shiva JH/Projects/OneLake Medallion/data/landing/2017-12-26/order_payments.parquet,2017-12-26
18eb214910ec2bded53b74594b53a8ec,1,credit_card,2,105.31,2017-12-26,2018-03-07 00:00:00.000000,2026-08-27T05:17:09.287600+00:00,D:/D drive recovery/Shiva JH/Projects/OneLake Medallion/data/landing/2017-12-26/order_payments.parquet,2017-12-26
e2862f848920abc6614808a5f4b9e963,1,credit_card,4,95.31,2017-12-26,2018-01-24 00:00:00.000000,2026-08-27T05:17:09.287600+00:00,D:/D drive recovery/Shiva JH/Projects/OneLake Medallion/data/landing/2017-12-26/order_payments.parquet,2017-12-26
ad6162000c72729addfa515bacd820a5,1,credit_card,2,249.04,2018-01-07,2018-02-06 00:00:00.000000,2026-08-27T05:17:09.287600+00:00,D:/D drive recovery/Shiva JH/Projects/OneLake Medallion/data/landing/2018-01-07/order_payments.parquet,2018-01-07
40bc1f323f6bb2c5fb7d2cae41952a21,1,boleto,1,64.51,2018-01-07,2018-01-31 00:00:00.000000,2026-08-27T05:17:09.287600+00:00,D:/D drive recovery/Shiva JH/Projects/OneLake Medallion/data/landing/2018-01-07/order_payments.parquet,2018-01-07
ef690426d84aff4f5560cb63d1092557,1,credit_card,1,130.26,2018-01-07,2018-02-01 00:00:00.000000,2026-08-27T05:17:09.287600+00:00,D:/D drive recovery/Shiva JH/Projects/OneLake Medallion/data/landing/2018-01-07/order_payments.parquet,2018-01-07
18837d7b525922b9023193325e574a6c,1,credit_card,3,163.25,2018-01-19,2018-02-16 00:00:00.000000,2026-08-27T05:17:09.287600+00:00,D:/D drive recovery/Shiva JH/Projects/OneLake Medallion/data/landing/2018-01-19/order_payments.parquet,2018-01-19
25f3b8d528da241b7344e926baf475e1,1,credit_card,1,335.47,2018-01-19,2018-02-05 00:00:00.000000,2026-08-27T05:17:09.287600+00:00,D:/D drive recovery/Shiva JH/Projects/OneLake Medallion/data/landing/2018-01-19/order_payments.parquet,2018-01-19
85cebb5f41967daca44f7c7883856f96,1,credit_card,1,147.88,2018-01-19,2018-02-20 00:00:00.000000,2026-08-27T05:17:09.287600+00:00,D:/D drive recovery/Shiva JH/Projects/OneLake Medallion/data/landing/2018-01-19/order_payments.parquet,2018-01-19
b4ea6b63bcab8995631b98deef749657,1,credit_card,6,125.56,2018-01-19,2018-02-05 00:00:00.000000,2026-08-27T05:17:09.287600+00:00,D:/D drive recovery/Shiva JH/Projects/OneLake Medallion/data/landing/2018-01-19/order_payments.parquet,2018-01-19
cdd73574196041c23e5d79e121180830,1,credit_card,1,28.75,2018-01-19,2018-02-20 00:00:00.000000,2026-08-27T05:17:09.287600+00:00,D:/D drive recovery/Shiva JH/Projects/OneLake Medallion/data/landing/2018-01-19/order_payments.parquet,2018-01-19
e07a84ec1cfd8380eecb3f1a2afa7eb6,1,credit_card,6,60.0,2018-01-31,2018-03-05 00:00:00.000000,2026-08-27T05:17:09.287600+00:00,D:/D drive recovery/Shiva JH/Projects/OneLake Medallion/data/landing/2018-01-31/order_payments.parquet,2018-01-31
16b8cfa26ae224399e457bd5aa7918b8,1,credit_card,2,138.24,2018-01-31,2018-03-02 00:00:00.000000,2026-08-27T05:17:09.287600+00:00,D:/D drive recovery/Shiva JH/Projects/OneLake Medallion/data/landing/2018-01-31/order_payments.parquet,2018-01-31
86c1a1c5de6b99e0aed1e7f053862ff9,1,boleto,1,44.59,2018-01-31,2018-02-22 00:00:00.000000,2026-08-27T05:17:09.287600+00:00,D:/D drive recovery/Shiva JH/Projects/OneLake Medallion/data/landing/2018-01-31/order_payments.parquet,2018-01-31
5236307716393b7114b53ee991f36956,1,voucher,1,265.99,2018-01-31,2018-02-22 00:00:00.000000,2026-08-27T05:17:09.287600+00:00,D:/D drive recovery/Shiva JH/Projects/OneLake Medallion/data/landing/2018-01-31/order_payments.parquet,2018-01-31
cf287f639abd10b1630574c4a065d4f1,2,voucher,1,6.0,2018-02-12,2018-02-26 00:00:00.000000,2026-08-27T05:17:09.287600+00:00,D:/D drive recovery/Shiva JH/Projects/OneLake Medallion/data/landing/2018-02-12/order_payments.parquet,2018-02-12
5175f15824e2cc42b048406820e7d7ce,1,credit_card,2,61.84,2018-02-12,2018-03-06 00:00:00.000000,2026-08-27T05:17:09.287600+00:00,D:/D drive recovery/Shiva JH/Projects/OneLake Medallion/data/landing/2018-02-12/order_payments.parquet,2018-02-12
cf287f639abd10b1630574c4a065d4f1,3,voucher,1,6.0,2018-02-12,2018-02-26 00:00:00.000000,2026-08-27T05:17:09.287600+00:00,D:/D drive recovery/Shiva JH/Projects/OneLake Medallion/data/landing/2018-02-12/order_payments.parquet,2018-02-12
cf287f639abd10b1630574c4a065d4f1,5,voucher,1,6.0,2018-02-12,2018-02-26 00:00:00.000000,2026-08-27T05:17:09.287600+00:00,D:/D drive recovery/Shiva JH/Projects/OneLake Medallion/data/landing/2018-02-12/order_payments.parquet,2018-02-12
814948d5529f58dfc7bf33ac7f6adba4,1,boleto,1,147.97,2018-02-12,2018-03-09 00:00:00.000000,2026-08-27T05:17:09.287600+00:00,D:/D drive recovery/Shiva JH/Projects/OneLake Medallion/data/landing/2018-02-12/order_payments.parquet,2018-02-12
cf287f639abd10b1630574c4a065d4f1,6,voucher,1,5.54,2018-02-12,2018-02-26 00:00:00.000000,2026-08-27T05:17:09.287600+00:00,D:/D drive recovery/Shiva JH/Projects/OneLake Medallion/data/landing/2018-02-12/order_payments.parquet,2018-02-12
cf287f639abd10b1630574c4a065d4f1,1,voucher,1,6.0,2018-02-12,2018-02-26 00:00:00.000000,2026-08-27T05:17:09.287600+00:00,D:/D drive recovery/Shiva JH/Projects/OneLake Medallion/data/landing/2018-02-12/order_payments.parquet,2018-02-12
a557df88b44a07cf9885eb897089f0f9,1,credit_card,1,138.24,2018-02-12,2018-03-28 00:00:00.000000,2026-08-27T05:17:09.287600+00:00,D:/D drive recovery/Shiva JH/Projects/OneLake Medallion/data/landing/2018-02-12/order_payments.parquet,2018-02-12
cf751a641521be29ac2213cd1756490b,1,boleto,1,94.3,2018-02-12,2018-03-16 00:00:00.000000,2026-08-27T05:17:09.287600+00:00,D:/D drive recovery/Shiva JH/Projects/OneLake Medallion/data/landing/2018-02-12/order_payments.parquet,2018-02-12
ac6a6a3e424f679d5069f2cac25e1022,1,boleto,1,55.01,2018-02-12,2018-03-09 00:00:00.000000,2026-08-27T05:17:09.287600+00:00,D:/D drive recovery/Shiva JH/Projects/OneLake Medallion/data/landing/2018-02-12/order_payments.parquet,2018-02-12
cf287f639abd10b1630574c4a065d4f1,4,voucher,1,6.0,2018-02-12,2018-02-26 00:00:00.000000,2026-08-27T05:17:09.287600+00:00,D:/D drive recovery/Shiva JH/Projects/OneLake Medallion/data/landing/2018-02-12/order_payments.parquet,2018-02-12
b34456bfbeeab3b57566ff099173e885,1,credit_card,5,55.11,2018-02-12,2018-03-21 00:00:00.000000,2026-08-27T05:17:09.287600+00:00,D:/D drive recovery/Shiva JH/Projects/OneLake Medallion/data/landing/2018-02-12/order_payments.parquet,2018-02-12
45046e1ecaba60bb78aab9cee0da08f5,1,credit_card,1,64.99,2018-02-24,2018-03-21 22:41:44.000000,2026-08-27T05:17:09.287600+00:00,D:/D drive recovery/Shiva JH/Projects/OneLake Medallion/data/landing/2018-02-24/order_payments.parquet,2018-02-24
cc61a8a634ed495116b2ce1fc8d1a1e1,1,credit_card,1,104.28,2018-02-24,2018-04-24 20:54:46.000000,2026-08-27T05:17:09.287600+00:00,D:/D drive recovery/Shiva JH/Projects/OneLake Medallion/data/landing/2018-02-24/order_payments.parquet,2018-02-24
69bc60eaf6ebaa60161426acc2dc5fb4,1,credit_card,5,59.84,2018-02-24,2018-03-16 19:43:36.000000,2026-08-27T05:17:09.287600+00:00,D:/D drive recovery/Shiva JH/Projects/OneLake Medallion/data/landing/2018-02-24/order_payments.parquet,2018-02-24
e09138cfa9999701ae2e856b3a5eea54,1,credit_card,2,28.7,2018-02-24,2018-03-19 00:00:00.000000,2026-08-27T05:17:09.287600+00:00,D:/D drive recovery/Shiva JH/Projects/OneLake Medallion/data/landing/2018-02-24/order_payments.parquet,2018-02-24
395e54e708db966770b5dcc0ad2d93d4,1,credit_card,3,186.08,2018-03-08,2018-04-04 00:00:00.000000,2026-08-27T05:17:09.287600+00:00,D:/D drive recovery/Shiva JH/Projects/OneLake Medallion/data/landing/2018-03-08/order_payments.parquet,2018-03-08
a5df54b2f6e8aeb73d9547b791a51823,1,credit_card,7,79.29,2018-03-08,2018-04-05 00:00:00.000000,2026-08-27T05:17:09.287600+00:00,D:/D drive recovery/Shiva JH/Projects/OneLake Medallion/data/landing/2018-03-08/order_payments.parquet,2018-03-08
c047e1042ab337c92ea23d512b54c5bf,1,credit_card,10,444.25,2018-03-20,2018-04-11 00:00:00.000000,2026-08-27T05:17:09.287600+00:00,D:/D drive recovery/Shiva JH/Projects/OneLake Medallion/data/landing/2018-03-20/order_payments.parquet,2018-03-20
1e5a6ddd2dbe3e6f65699e6e643dc5cf,1,credit_card,1,116.14,2018-03-20,2018-04-13 00:00:00.000000,2026-08-27T05:17:09.287600+00:00,D:/D drive recovery/Shiva JH/Projects/OneLake Medallion/data/landing/2018-03-20/order_payments.parquet,2018-03-20
681ab8d80849148ae66f3f191a142a1f,1,credit_card,3,60.86,2018-03-20,2018-04-11 00:00:00.000000,2026-08-27T05:17:09.287600+00:00,D:/D drive recovery/Shiva JH/Projects/OneLake Medallion/data/landing/2018-03-20/order_payments.parquet,2018-03-20
adaeda2bff57a2960eb4710347cbffa4,1,credit_card,5,358.76,2018-03-20,2018-04-17 00:00:00.000000,2026-08-27T05:17:09.287600+00:00,D:/D drive recovery/Shiva JH/Projects/OneLake Medallion/data/landing/2018-03-20/order_payments.parquet,2018-03-20
6c1b56e12310e446624917427d430c95,1,credit_card,1,21.38,2018-03-20,2018-04-02 00:00:00.000000,2026-08-27T05:17:09.287600+00:00,D:/D drive recovery/Shiva JH/Projects/OneLake Medallion/data/landing/2018-03-20/order_payments.parquet,2018-03-20
ffec1a6d35149778ec575d5048d44db8,1,boleto,1,55.04,2018-03-20,2018-04-02 00:00:00.000000,2026-08-27T05:17:09.287600+00:00,D:/D drive recovery/Shiva JH/Projects/OneLake Medallion/data/landing/2018-03-20/order_payments.parquet,2018-03-20
bfcec6fcc6a68c5505537bb8a0a38039,1,credit_card,2,139.96,2018-03-20,2018-04-06 00:00:00.000000,2026-08-27T05:17:09.287600+00:00,D:/D drive recovery/Shiva JH/Projects/OneLake Medallion/data/landing/2018-03-20/order_payments.parquet,2018-03-20
bb45e059db1abcd5cedfdacadc9abd5e,1,credit_card,1,41.87,2018-03-20,2018-04-02 00:00:00.000000,2026-08-27T05:17:09.287600+00:00,D:/D drive recovery/Shiva JH/Projects/OneLake Medallion/data/landing/2018-03-20/order_payments.parquet,2018-03-20
a0bd30e5d025046a3a4bc67e02ca6a3a,1,boleto,1,33.37,2018-03-20,2018-04-10 00:00:00.000000,2026-08-27T05:17:09.287600+00:00,D:/D drive recovery/Shiva JH/Projects/OneLake Medallion/data/landing/2018-03-20/order_payments.parquet,2018-03-20
019edbdfeb6923e55558362c2b84ec37,1,boleto,1,78.78,2018-04-01,2018-04-13 00:00:00.000000,2026-08-27T05:17:09.287600+00:00,D:/D drive recovery/Shiva JH/Projects/OneLake Medallion/data/landing/2018-04-01/order_payments.parquet,2018-04-01
388d683431db37774946413cbb22210b,1,credit_card,1,98.49,2018-04-01,2018-04-12 00:00:00.000000,2026-08-27T05:17:09.287600+00:00,D:/D drive recovery/Shiva JH/Projects/OneLake Medallion/data/landing/2018-04-01/order_payments.parquet,2018-04-01
793313d521603b9c7030e6bc60f6c692,1,boleto,1,113.05,2018-04-01,2018-04-18 00:00:00.000000,2026-08-27T05:17:09.287600+00:00,D:/D drive recovery/Shiva JH/Projects/OneLake Medallion/data/landing/2018-04-01/order_payments.parquet,2018-04-01
f2228e3e55ff956909ad7750f08516fd,1,credit_card,3,170.96,2018-04-01,2018-04-25 00:00:00.000000,2026-08-27T05:17:09.287600+00:00,D:/D drive recovery/Shiva JH/Projects/OneLake Medallion/data/landing/2018-04-01/order_payments.parquet,2018-04-01
14b8a3dec1630400442e5cb91e6a3e38,1,credit_card,3,188.97,2018-04-01,2018-04-23 00:00:00.000000,2026-08-27T05:17:09.287600+00:00,D:/D drive recovery/Shiva JH/Projects/OneLake Medallion/data/landing/2018-04-01/order_payments.parquet,2018-04-01
793c97a0188117b9b0aad84f6cc8883e,1,credit_card,1,222.9,2018-04-13,2018-05-08 00:00:00.000000,2026-08-27T05:17:09.287600+00:00,D:/D drive recovery/Shiva JH/Projects/OneLake Medallion/data/landing/2018-04-13/order_payments.parquet,2018-04-13
ae58081c0be4ca730f53473f8f5d5df7,1,credit_card,1,27.29,2018-04-13,2018-04-30 00:00:00.000000,2026-08-27T05:17:09.287600+00:00,D:/D drive recovery/Shiva JH/Projects/OneLake Medallion/data/landing/2018-04-13/order_payments.parquet,2018-04-13
ffc2926aeab97ab6dc7585276c9b9371,1,boleto,1,103.32,2018-04-13,2018-05-10 00:00:00.000000,2026-08-27T05:17:09.287600+00:00,D:/D drive recovery/Shiva JH/Projects/OneLake Medallion/data/landing/2018-04-13/order_payments.parquet,2018-04-13
b62c9d7c54bcbba4952040001348e00c,1,credit_card,4,102.07,2018-04-13,2018-05-10 00:00:00.000000,2026-08-27T05:17:09.287600+00:00,D:/D drive recovery/Shiva JH/Projects/OneLake Medallion/data/landing/2018-04-13/order_payments.parquet,2018-04-13
8507049ba787aece6fadc233efdbb0b3,1,boleto,1,66.06,2018-04-25,2018-05-23 00:00:00.000000,2026-08-27T05:17:09.287600+00:00,D:/D drive recovery/Shiva JH/Projects/OneLake Medallion/data/landing/2018-04-25/order_payments.parquet,2018-04-25
43c37b919d77db66c82f92bb20543879,1,credit_card,3,293.39,2018-04-25,2018-05-17 00:00:00.000000,2026-08-27T05:17:09.287600+00:00,D:/D drive recovery/Shiva JH/Projects/OneLake Medallion/data/landing/2018-04-25/order_payments.parquet,2018-04-25
ecd832254262868776a1381df4b0be02,1,credit_card,10,580.31,2018-04-25,2018-05-29 00:00:00.000000,2026-08-27T05:17:09.287600+00:00,D:/D drive recovery/Shiva JH/Projects/OneLake Medallion/data/landing/2018-04-25/order_payments.parquet,2018-04-25
bb7cf7d6dbc99d0fd7bf5c103862d714,1,credit_card,8,227.84,2018-04-25,2018-05-22 00:00:00.000000,2026-08-27T05:17:09.287600+00:00,D:/D drive recovery/Shiva JH/Projects/OneLake Medallion/data/landing/2018-04-25/order_payments.parquet,2018-04-25
e69ba661394e76586286fdc88fdfa5f4,1,credit_card,5,261.14,2018-04-25,2018-05-16 00:00:00.000000,2026-08-27T05:17:09.287600+00:00,D:/D drive recovery/Shiva JH/Projects/OneLake Medallion/data/landing/2018-04-25/order_payments.parquet,2018-04-25
a7e7febecea6f5fe00ebcc7a0a91080d,1,credit_card,2,244.48,2018-04-25,2018-05-22 00:00:00.000000,2026-08-27T05:17:09.287600+00:00,D:/D drive recovery/Shiva JH/Projects/OneLake Medallion/data/landing/2018-04-25/order_payments.parquet,2018-04-25
7355fd322343b5e2adebd1f0c88e0e33,1,boleto,1,259.39,2018-05-07,2018-06-21 00:00:00.000000,2026-08-27T05:17:09.287600+00:00,D:/D drive recovery/Shiva JH/Projects/OneLake Medallion/data/landing/2018-05-07/order_payments.parquet,2018-05-07
d52ec59371d4477349b3a26e9607dc2c,1,credit_card,1,17.29,2018-05-07,2018-05-18 00:00:00.000000,2026-08-27T05:17:09.287600+00:00,D:/D drive recovery/Shiva JH/Projects/OneLake Medallion/data/landing/2018-05-07/order_payments.parquet,2018-05-07
299c93716e44a3cc7521ffd9b2db1fc3,1,boleto,1,27.28,2018-05-07,2018-05-24 00:00:00.000000,2026-08-27T05:17:09.287600+00:00,D:/D drive recovery/Shiva JH/Projects/OneLake Medallion/data/landing/2018-05-07/order_payments.parquet,2018-05-07
e57d5707be958772890c6933f30e7e21,1,credit_card,8,201.96,2018-05-07,2018-05-29 00:00:00.000000,2026-08-27T05:17:09.287600+00:00,D:/D drive recovery/Shiva JH/Projects/OneLake Medallion/data/landing/2018-05-07/order_payments.parquet,2018-05-07
1861e4e81b5e158dc1b6007cd95a61cd,1,boleto,1,55.94,2018-05-07,2018-06-04 00:00:00.000000,2026-08-27T05:17:09.287600+00:00,D:/D drive recovery/Shiva JH/Projects/OneLake Medallion/data/landing/2018-05-07/order_payments.parquet,2018-05-07
afd40c7db09c18759908ed9d6c66fa2a,1,credit_card,5,77.37,2018-05-07,2018-05-23 00:00:00.000000,2026-08-27T05:17:09.287600+00:00,D:/D drive recovery/Shiva JH/Projects/OneLake Medallion/data/landing/2018-05-07/order_payments.parquet,2018-05-07
31effa440b34ae0432d83ef645db463a,1,credit_card,6,199.0,2018-05-07,2018-06-04 00:00:00.000000,2026-08-27T05:17:09.287600+00:00,D:/D drive recovery/Shiva JH/Projects/OneLake Medallion/data/landing/2018-05-07/order_payments.parquet,2018-05-07
c1b677b6a491c2855ba8486d1f5343b9,1,credit_card,1,62.22,2018-05-19,2018-06-20 00:00:00.000000,2026-08-27T05:17:09.287600+00:00,D:/D drive recovery/Shiva JH/Projects/OneLake Medallion/data/landing/2018-05-19/order_payments.parquet,2018-05-19
adf96d0e2ffb63b63d3a13180811c100,1,credit_card,8,349.94,2018-05-19,2018-06-11 00:00:00.000000,2026-08-27T05:17:09.287600+00:00,D:/D drive recovery/Shiva JH/Projects/OneLake Medallion/data/landing/2018-05-19/order_payments.parquet,2018-05-19
df5c6aca62db71fbe451c0408bde2817,1,credit_card,8,340.0,2018-05-31,2018-07-19 00:00:00.000000,2026-08-27T05:17:09.287600+00:00,D:/D drive recovery/Shiva JH/Projects/OneLake Medallion/data/landing/2018-05-31/order_payments.parquet,2018-05-31
743f0286b8d819a10c071fdf2c1e2f5f,1,boleto,1,76.15,2018-05-31,2018-06-26 00:00:00.000000,2026-08-27T05:17:09.287600+00:00,D:/D drive recovery/Shiva JH/Projects/OneLake Medallion/data/landing/2018-05-31/order_payments.parquet,2018-05-31
46dc14e76e68252f0c7883545008ca1a,1,credit_card,10,357.91,2018-05-31,2018-07-04 00:00:00.000000,2026-08-27T05:17:09.287600+00:00,D:/D drive recovery/Shiva JH/Projects/OneLake Medallion/data/landing/2018-05-31/order_payments.parquet,2018-05-31
59362dfdfc742008cd6889fda33dd61e,1,credit_card,2,139.22,2018-05-31,2018-07-24 00:00:00.000000,2026-08-27T05:17:09.287600+00:00,D:/D drive recovery/Shiva JH/Projects/OneLake Medallion/data/landing/2018-05-31/order_payments.parquet,2018-05-31
c950a394ee0369c853e3a1a55090e287,1,credit_card,5,70.17,2018-05-31,2018-06-26 00:00:00.000000,2026-08-27T05:17:09.287600+00:00,D:/D drive recovery/Shiva JH/Projects/OneLake Medallion/data/landing/2018-05-31/order_payments.parquet,2018-05-31
df5c6aca62db71fbe451c0408bde2817,2,credit_card,1,40.2,2018-05-31,2018-07-19 00:00:00.000000,2026-08-27T05:17:09.287600+00:00,D:/D drive recovery/Shiva JH/Projects/OneLake Medallion/data/landing/2018-05-31/order_payments.parquet,2018-05-31
6223137644b9e1da72b9876c3de86b39,1,credit_card,6,342.17,2018-05-31,2018-07-13 00:00:00.000000,2026-08-27T05:17:09.287600+00:00,D:/D drive recovery/Shiva JH/Projects/OneLake Medallion/data/landing/2018-05-31/order_payments.parquet,2018-05-31
3b981944c4d2df767cc524ebcb06d7e9,1,credit_card,1,138.09,2018-06-12,2018-07-04 00:00:00.000000,2026-08-27T05:17:09.287600+00:00,D:/D drive recovery/Shiva JH/Projects/OneLake Medallion/data/landing/2018-06-12/order_payments.parquet,2018-06-12
f4ee4273538924bda6212f5948e80fde,1,credit_card,3,200.45,2018-06-12,2018-07-13 00:00:00.000000,2026-08-27T05:17:09.287600+00:00,D:/D drive recovery/Shiva JH/Projects/OneLake Medallion/data/landing/2018-06-12/order_payments.parquet,2018-06-12
fd2f3b1ef3f5448ff37c4e0fea64c1cd,1,credit_card,1,69.07,2018-06-12,2018-06-21 00:00:00.000000,2026-08-27T05:17:09.287600+00:00,D:/D drive recovery/Shiva JH/Projects/OneLake Medallion/data/landing/2018-06-12/order_payments.parquet,2018-06-12
5cb4a587f7a1629930151748b4197991,1,credit_card,1,43.17,2018-06-12,2018-07-13 00:00:00.000000,2026-08-27T05:17:09.287600+00:00,D:/D drive recovery/Shiva JH/Projects/OneLake Medallion/data/landing/2018-06-12/order_payments.parquet,2018-06-12
6f35836667ade2d13ba10c2b18bfd713,1,boleto,1,228.25,2018-06-12,2018-07-16 00:00:00.000000,2026-08-27T05:17:09.287600+00:00,D:/D drive recovery/Shiva JH/Projects/OneLake Medallion/data/landing/2018-06-12/order_payments.parquet,2018-06-12
627e47b61d377f25bcbf4528f2f4c78a,1,credit_card,3,271.38,2018-06-24,2018-07-24 00:00:00.000000,2026-08-27T05:17:09.287600+00:00,D:/D drive recovery/Shiva JH/Projects/OneLake Medallion/data/landing/2018-06-24/order_payments.parquet,2018-06-24
fcc9c76cda1ab5637e8ada986e1e3cbe,1,credit_card,3,172.41,2018-06-24,2018-07-12 00:00:00.000000,2026-08-27T05:17:09.287600+00:00,D:/D drive recovery/Shiva JH/Projects/OneLake Medallion/data/landing/2018-06-24/order_payments.parquet,2018-06-24
adf766a719fd52b485fa2127fa0dd9a7,1,credit_card,2,206.56,2018-06-24,2018-07-20 00:00:00.000000,2026-08-27T05:17:09.287600+00:00,D:/D drive recovery/Shiva JH/Projects/OneLake Medallion/data/landing/2018-06-24/order_payments.parquet,2018-06-24
ec042ef0cc05d098905c4383c70f9132,1,credit_card,3,299.6,2018-06-24,2018-07-13 00:00:00.000000,2026-08-27T05:17:09.287600+00:00,D:/D drive recovery/Shiva JH/Projects/OneLake Medallion/data/landing/2018-06-24/order_payments.parquet,2018-06-24
b1d88d1e4179448cac98b8d433e23316,1,boleto,1,107.37,2016-10-06,2016-12-02 00:00:00.000000,2026-08-27T05:17:09.287600+00:00,D:/D drive recovery/Shiva JH/Projects/OneLake Medallion/data/landing/2016-10-06/order_payments.parquet,2016-10-06
b7026ba7432929d99880463305b8ce98,1,credit_card,5,162.6,2016-10-06,2016-12-06 00:00:00.000000,2026-08-27T05:17:09.287600+00:00,D:/D drive recovery/Shiva JH/Projects/OneLake Medallion/data/landing/2016-10-06/order_payments.parquet,2016-10-06
0d9664d8da1dc4337269071b39e19423,1,credit_card,2,267.49,2016-10-06,2016-11-30 00:00:00.000000,2026-08-27T05:17:09.287600+00:00,D:/D drive recovery/Shiva JH/Projects/OneLake Medallion/data/landing/2016-10-06/order_payments.parquet,2016-10-06
bb2dfe6031f35f7abc9a3c7dad5e4467,1,credit_card,8,651.84,2017-01-22,2017-02-16 00:00:00.000000,2026-08-27T05:17:09.287600+00:00,D:/D drive recovery/Shiva JH/Projects/OneLake Medallion/data/landing/2017-01-22/order_payments.parquet,2017-01-22
3c5edc9665595ab8ab9bdd6c5c4a961a,1,boleto,1,1317.36,2017-02-03,2017-02-23 00:00:00.000000,2026-08-27T05:17:09.287600+00:00,D:/D drive recovery/Shiva JH/Projects/OneLake Medallion/data/landing/2017-02-03/order_payments.parquet,2017-02-03
603e15b90edc4dbafc68def34a24d4a7,1,credit_card,1,76.02,2017-02-03,2017-03-06 00:00:00.000000,2026-08-27T05:17:09.287600+00:00,D:/D drive recovery/Shiva JH/Projects/OneLake Medallion/data/landing/2017-02-03/order_payments.parquet,2017-02-03
4a95fefb52a7a5a0d882ba840d33954d,2,voucher,1,40.0,2017-02-15,2017-03-16 00:00:00.000000,2026-08-27T05:17:09.287600+00:00,D:/D drive recovery/Shiva JH/Projects/OneLake Medallion/data/landing/2017-02-15/order_payments.parquet,2017-02-15
e70564a3b448dd6f6d5ca53b0f8222b1,1,credit_card,12,144.03,2017-02-15,2017-03-14 00:00:00.000000,2026-08-27T05:17:09.287600+00:00,D:/D drive recovery/Shiva JH/Projects/OneLake Medallion/data/landing/2017-02-15/order_payments.parquet,2017-02-15
d48c000420ecc626fa621ab2f206fd85,1,credit_card,1,55.96,2017-02-15,2017-03-14 00:00:00.000000,2026-08-27T05:17:09.287600+00:00,D:/D drive recovery/Shiva JH/Projects/OneLake Medallion/data/landing/2017-02-15/order_payments.parquet,2017-02-15
4a95fefb52a7a5a0d882ba840d33954d,1,voucher,1,4.51,2017-02-15,2017-03-16 00:00:00.000000,2026-08-27T05:17:09.287600+00:00,D:/D drive recovery/Shiva JH/Projects/OneLake Medallion/data/landing/2017-02-15/order_payments.parquet,2017-02-15
522edeff08426375a7001e01034c289b,1,credit_card,1,116.24,2017-02-27,2017-03-20 00:00:00.000000,2026-08-27T05:17:09.287600+00:00,D:/D drive recovery/Shiva JH/Projects/OneLake Medallion/data/landing/2017-02-27/order_payments.parquet,2017-02-27
89fd0af8914b1f149a531f98a183a860,1,credit_card,3,60.34,2017-02-27,2017-04-03 00:00:00.000000,2026-08-27T05:17:09.287600+00:00,D:/D drive recovery/Shiva JH/Projects/OneLake Medallion/data/landing/2017-02-27/order_payments.parquet,2017-02-27
e52c07a2a833bd6f6033795e8fec6286,1,credit_card,2,48.48,2017-02-27,2017-03-30 00:00:00.000000,2026-08-27T05:17:09.287600+00:00,D:/D drive recovery/Shiva JH/Projects/OneLake Medallion/data/landing/2017-02-27/order_payments.parquet,2017-02-27
af6ed18f03a877659659ed9467c7cd9e,1,credit_card,1,77.42,2017-02-27,2017-03-21 05:25:31.000000,2026-08-27T05:17:09.287600+00:00,D:/D drive recovery/Shiva JH/Projects/OneLake Medallion/data/landing/2017-02-27/order_payments.parquet,2017-02-27
4ea0ef9a772da79c6afd8ebc69ee008c,1,credit_card,4,84.69,2017-03-11,2017-04-10 00:00:00.000000,2026-08-27T05:17:09.287600+00:00,D:/D drive recovery/Shiva JH/Projects/OneLake Medallion/data/landing/2017-03-11/order_payments.parquet,2017-03-11
82ff294d1970490323910cdd6c463977,1,credit_card,2,106.23,2017-03-11,2017-04-06 00:00:00.000000,2026-08-27T05:17:09.287600+00:00,D:/D drive recovery/Shiva JH/Projects/OneLake Medallion/data/landing/2017-03-11/order_payments.parquet,2017-03-11
d7b749382b06fe2551235b118a962dfa,1,boleto,1,107.27,2017-03-11,2017-04-13 00:00:00.000000,2026-08-27T05:17:09.287600+00:00,D:/D drive recovery/Shiva JH/Projects/OneLake Medallion/data/landing/2017-03-11/order_payments.parquet,2017-03-11
9d7a3ee5e3aeb43589c049d8940e9ba9,1,credit_card,5,74.49,2017-03-23,2017-04-17 00:00:00.000000,2026-08-27T05:17:09.287600+00:00,D:/D drive recovery/Shiva JH/Projects/OneLake Medallion/data/landing/2017-03-23/order_payments.parquet,2017-03-23
9d7bda1d8caaa92f82edb8e4559852a8,1,boleto,1,362.05,2017-04-04,2017-05-05 12:36:47.000000,2026-08-27T05:17:09.287600+00:00,D:/D drive recovery/Shiva JH/Projects/OneLake Medallion/data/landing/2017-04-04/order_payments.parquet,2017-04-04
1ea1fb68cd910d7d689029bb60ebca1e,1,credit_card,6,90.87,2017-04-28,2017-05-22 00:00:00.000000,2026-08-27T05:17:09.287600+00:00,D:/D drive recovery/Shiva JH/Projects/OneLake Medallion/data/landing/2017-04-28/order_payments.parquet,2017-04-28
cd746a0e172f3aac198180760cc21a8e,1,credit_card,10,150.04,2017-04-28,2017-05-23 00:00:00.000000,2026-08-27T05:17:09.287600+00:00,D:/D drive recovery/Shiva JH/Projects/OneLake Medallion/data/landing/2017-04-28/order_payments.parquet,2017-04-28
b0934c7d9368624b044fc218c11776e9,1,credit_card,2,79.56,2017-05-10,2017-06-14 00:00:00.000000,2026-08-27T05:17:09.287600+00:00,D:/D drive recovery/Shiva JH/Projects/OneLake Medallion/data/landing/2017-05-10/order_payments.parquet,2017-05-10
c4980a38f3fc3aaa233e01aad10e6bc8,1,boleto,1,217.06,2017-05-10,2017-05-30 00:00:00.000000,2026-08-27T05:17:09.287600+00:00,D:/D drive recovery/Shiva JH/Projects/OneLake Medallion/data/landing/2017-05-10/order_payments.parquet,2017-05-10
44558a1547e448b41c48c4087fe32ddd,1,credit_card,2,210.2,2017-05-10,2017-05-18 00:00:00.000000,2026-08-27T05:17:09.287600+00:00,D:/D drive recovery/Shiva JH/Projects/OneLake Medallion/data/landing/2017-05-10/order_payments.parquet,2017-05-10
385bc274c4cbac59c0bb866c770588dc,1,credit_card,3,34.68,2017-05-10,2017-05-18 00:00:00.000000,2026-08-27T05:17:09.287600+00:00,D:/D drive recovery/Shiva JH/Projects/OneLake Medallion/data/landing/2017-05-10/order_payments.parquet,2017-05-10
9125faac1b379b7b9ab4665189739e31,1,credit_card,4,845.51,2017-05-10,2017-06-08 00:00:00.000000,2026-08-27T05:17:09.287600+00:00,D:/D drive recovery/Shiva JH/Projects/OneLake Medallion/data/landing/2017-05-10/order_payments.parquet,2017-05-10
b194904b5bf02c6fc117d73c33cbb728,1,credit_card,1,65.88,2017-05-10,2017-05-29 00:00:00.000000,2026-08-27T05:17:09.287600+00:00,D:/D drive recovery/Shiva JH/Projects/OneLake Medallion/data/landing/2017-05-10/order_payments.parquet,2017-05-10
222c6bc1698aec767223c052bf66327d,1,credit_card,3,88.29,2017-05-22,2017-06-02 00:00:00.000000,2026-08-27T05:17:09.287600+00:00,D:/D drive recovery/Shiva JH/Projects/OneLake Medallion/data/landing/2017-05-22/order_payments.parquet,2017-05-22
863211f4868ae3a9ed08ffcf86768db3,1,credit_card,10,485.02,2017-05-22,2017-06-16 00:00:00.000000,2026-08-27T05:17:09.287600+00:00,D:/D drive recovery/Shiva JH/Projects/OneLake Medallion/data/landing/2017-05-22/order_payments.parquet,2017-05-22
ca7a62dce548a9bd31b4fd4f12af30d8,1,debit_card,1,80.1,2017-05-22,2017-06-22 13:08:03.000000,2026-08-27T05:17:09.287600+00:00,D:/D drive recovery/Shiva JH/Projects/OneLake Medallion/data/landing/2017-05-22/order_payments.parquet,2017-05-22
589795a183cebb8c0023a76a44447747,1,credit_card,2,105.37,2017-05-22,2017-06-26 00:00:00.000000,2026-08-27T05:17:09.287600+00:00,D:/D drive recovery/Shiva JH/Projects/OneLake Medallion/data/landing/2017-05-22/order_payments.parquet,2017-05-22
3c20f6cdfc62556d4c0ee421cbff6d76,1,credit_card,3,127.22,2017-06-03,2017-06-30 00:00:00.000000,2026-08-27T05:17:09.287600+00:00,D:/D drive recovery/Shiva JH/Projects/OneLake Medallion/data/landing/2017-06-03/order_payments.parquet,2017-06-03
da0270ce1d44a68ad7f23a00aaa066a2,1,credit_card,1,100.95,2017-06-03,2017-06-30 00:00:00.000000,2026-08-27T05:17:09.287600+00:00,D:/D drive recovery/Shiva JH/Projects/OneLake Medallion/data/landing/2017-06-03/order_payments.parquet,2017-06-03
67f8f676db053a060da849e36ee9da6e,1,credit_card,1,216.6,2017-06-03,2017-07-06 00:00:00.000000,2026-08-27T05:17:09.287600+00:00,D:/D drive recovery/Shiva JH/Projects/OneLake Medallion/data/landing/2017-06-03/order_payments.parquet,2017-06-03
afd2be9f021ab713651e41c2eaff1d04,1,credit_card,3,213.51,2017-06-03,2017-07-03 00:00:00.000000,2026-08-27T05:17:09.287600+00:00,D:/D drive recovery/Shiva JH/Projects/OneLake Medallion/data/landing/2017-06-03/order_payments.parquet,2017-06-03
b0645176abf1df25bb73ba0afcc20be3,1,boleto,1,33.84,2017-06-15,2017-07-06 00:00:00.000000,2026-08-27T05:17:09.287600+00:00,D:/D drive recovery/Shiva JH/Projects/OneLake Medallion/data/landing/2017-06-15/order_payments.parquet,2017-06-15
27c4d9f3a2a28d3e687e6700e34e959d,1,credit_card,1,57.72,2017-06-15,2017-07-06 00:00:00.000000,2026-08-27T05:17:09.287600+00:00,D:/D drive recovery/Shiva JH/Projects/OneLake Medallion/data/landing/2017-06-15/order_payments.parquet,2017-06-15
1a74dcdf4a4d7bfd88e94110479fa484,1,credit_card,4,40.13,2017-06-27,2017-07-31 00:00:00.000000,2026-08-27T05:17:09.287600+00:00,D:/D drive recovery/Shiva JH/Projects/OneLake Medallion/data/landing/2017-06-27/order_payments.parquet,2017-06-27
f6c4a5c791463c73a7b292929c88ecab,1,credit_card,1,53.1,2017-06-27,2017-07-19 00:00:00.000000,2026-08-27T05:17:09.287600+00:00,D:/D drive recovery/Shiva JH/Projects/OneLake Medallion/data/landing/2017-06-27/order_payments.parquet,2017-06-27
eafabcffc7f9fa583030d9cc7210741c,1,credit_card,8,107.92,2017-07-09,2017-08-01 00:00:00.000000,2026-08-27T05:17:09.287600+00:00,D:/D drive recovery/Shiva JH/Projects/OneLake Medallion/data/landing/2017-07-09/order_payments.parquet,2017-07-09
b221f4ca79ae394f43b4fec8815e4b92,1,boleto,1,38.59,2017-07-21,2017-08-14 00:00:00.000000,2026-08-27T05:17:09.287600+00:00,D:/D drive recovery/Shiva JH/Projects/OneLake Medallion/data/landing/2017-07-21/order_payments.parquet,2017-07-21
b4db538b7e17b5575cfdc4566a7f36d6,1,credit_card,3,39.24,2017-07-21,2017-08-24 00:00:00.000000,2026-08-27T05:17:09.287600+00:00,D:/D drive recovery/Shiva JH/Projects/OneLake Medallion/data/landing/2017-07-21/order_payments.parquet,2017-07-21
054316a4a3afc149108b6b1431d11274,1,credit_card,1,54.0,2017-07-21,2017-08-14 00:00:00.000000,2026-08-27T05:17:09.287600+00:00,D:/D drive recovery/Shiva JH/Projects/OneLake Medallion/data/landing/2017-07-21/order_payments.parquet,2017-07-21
4af5a8a71daf651bf0a9d449d3d1a27b,1,credit_card,6,152.11,2017-08-02,2017-08-24 00:00:00.000000,2026-08-27T05:17:09.287600+00:00,D:/D drive recovery/Shiva JH/Projects/OneLake Medallion/data/landing/2017-08-02/order_payments.parquet,2017-08-02
83356f1b8d875976b75b83c623f73546,1,credit_card,2,72.86,2017-08-02,2017-08-24 00:00:00.000000,2026-08-27T05:17:09.287600+00:00,D:/D drive recovery/Shiva JH/Projects/OneLake Medallion/data/landing/2017-08-02/order_payments.parquet,2017-08-02
a1ec5525a1aa69f0b16cc94e94b421ad,1,credit_card,2,89.08,2017-08-14,2017-09-18 00:00:00.000000,2026-08-27T05:17:09.287600+00:00,D:/D drive recovery/Shiva JH/Projects/OneLake Medallion/data/landing/2017-08-14/order_payments.parquet,2017-08-14
927eda1d91913116e94535f4120dc578,2,voucher,1,9.9,2017-08-14,2017-09-12 00:00:00.000000,2026-08-27T05:17:09.287600+00:00,D:/D drive recovery/Shiva JH/Projects/OneLake Medallion/data/landing/2017-08-14/order_payments.parquet,2017-08-14
731adfc56466bffeb31938efd036b0c6,1,credit_card,10,229.34,2017-08-14,2017-08-31 00:00:00.000000,2026-08-27T05:17:09.287600+00:00,D:/D drive recovery/Shiva JH/Projects/OneLake Medallion/data/landing/2017-08-14/order_payments.parquet,2017-08-14
927eda1d91913116e94535f4120dc578,1,credit_card,3,46.7,2017-08-14,2017-09-12 00:00:00.000000,2026-08-27T05:17:09.287600+00:00,D:/D drive recovery/Shiva JH/Projects/OneLake Medallion/data/landing/2017-08-14/order_payments.parquet,2017-08-14
17b129bc47ae24191ca5670deaa170f5,1,credit_card,3,77.57,2017-08-14,2017-09-19 15:00:41.000000,2026-08-27T05:17:09.287600+00:00,D:/D drive recovery/Shiva JH/Projects/OneLake Medallion/data/landing/2017-08-14/order_payments.parquet,2017-08-14
1e73093ee708ed2b782f359056925208,1,credit_card,1,35.82,2017-08-14,2017-09-14 00:00:00.000000,2026-08-27T05:17:09.287600+00:00,D:/D drive recovery/Shiva JH/Projects/OneLake Medallion/data/landing/2017-08-14/order_payments.parquet,2017-08-14
0e9615b2e47df6cf349b4e458b056289,1,boleto,1,77.57,2017-08-26,2017-09-27 00:00:00.000000,2026-08-27T05:17:09.287600+00:00,D:/D drive recovery/Shiva JH/Projects/OneLake Medallion/data/landing/2017-08-26/order_payments.parquet,2017-08-26
9f58353e16353e64bf57e32e6dae9e45,1,boleto,1,77.57,2017-09-07,2017-10-06 00:00:00.000000,2026-08-27T05:17:09.287600+00:00,D:/D drive recovery/Shiva JH/Projects/OneLake Medallion/data/landing/2017-09-07/order_payments.parquet,2017-09-07
7c46b5ee3a6b6152b85d5d245784bc25,1,credit_card,4,67.5,2017-09-07,2017-09-29 00:00:00.000000,2026-08-27T05:17:09.287600+00:00,D:/D drive recovery/Shiva JH/Projects/OneLake Medallion/data/landing/2017-09-07/order_payments.parquet,2017-09-07
86dfa937c43f021fdd93264d20c8537b,1,boleto,1,65.0,2017-09-07,2017-10-13 00:00:00.000000,2026-08-27T05:17:09.287600+00:00,D:/D drive recovery/Shiva JH/Projects/OneLake Medallion/data/landing/2017-09-07/order_payments.parquet,2017-09-07
3a218a39b942ae0341fb1d65dd5874df,1,debit_card,1,69.24,2017-09-07,2017-09-20 00:00:00.000000,2026-08-27T05:17:09.287600+00:00,D:/D drive recovery/Shiva JH/Projects/OneLake Medallion/data/landing/2017-09-07/order_payments.parquet,2017-09-07
ca057e5d6b72a0fc19eb40cd99c188c8,1,boleto,1,112.71,2017-10-01,2017-10-24 00:00:00.000000,2026-08-27T05:17:09.287600+00:00,D:/D drive recovery/Shiva JH/Projects/OneLake Medallion/data/landing/2017-10-01/order_payments.parquet,2017-10-01
80c86e92eef37052119cf0e9a402000a,1,boleto,1,42.78,2017-10-01,2017-10-18 00:00:00.000000,2026-08-27T05:17:09.287600+00:00,D:/D drive recovery/Shiva JH/Projects/OneLake Medallion/data/landing/2017-10-01/order_payments.parquet,2017-10-01
163ad1666638554c03eff2545773c4b3,1,boleto,1,44.0,2017-10-01,2017-10-25 00:00:00.000000,2026-08-27T05:17:09.287600+00:00,D:/D drive recovery/Shiva JH/Projects/OneLake Medallion/data/landing/2017-10-01/order_payments.parquet,2017-10-01
379608a8412e127ea99752f0ae297408,1,credit_card,3,50.1,2017-10-01,2017-10-30 00:00:00.000000,2026-08-27T05:17:09.287600+00:00,D:/D drive recovery/Shiva JH/Projects/OneLake Medallion/data/landing/2017-10-01/order_payments.parquet,2017-10-01
08dae4aaedc034ee67385e739d42d0a8,1,credit_card,2,92.85,2017-10-01,2017-10-19 00:00:00.000000,2026-08-27T05:17:09.287600+00:00,D:/D drive recovery/Shiva JH/Projects/OneLake Medallion/data/landing/2017-10-01/order_payments.parquet,2017-10-01
188368c093f06fe58e813bd61137b3e1,1,credit_card,5,85.6,2017-10-13,2017-11-13 00:00:00.000000,2026-08-27T05:17:09.287600+00:00,D:/D drive recovery/Shiva JH/Projects/OneLake Medallion/data/landing/2017-10-13/order_payments.parquet,2017-10-13
3b68e7d1f8cbedb79ef05647835dcd6c,1,credit_card,3,83.23,2017-10-25,2017-11-21 00:00:00.000000,2026-08-27T05:17:09.287600+00:00,D:/D drive recovery/Shiva JH/Projects/OneLake Medallion/data/landing/2017-10-25/order_payments.parquet,2017-10-25
18dcad31c503873cc41e0ed48581b80c,1,credit_card,2,159.24,2017-10-25,2017-11-07 00:00:00.000000,2026-08-27T05:17:09.287600+00:00,D:/D drive recovery/Shiva JH/Projects/OneLake Medallion/data/landing/2017-10-25/order_payments.parquet,2017-10-25
0b50bea7ba1e8ba7a21b01b7c9d1350b,1,credit_card,2,74.28,2017-10-25,2017-12-06 00:00:00.000000,2026-08-27T05:17:09.287600+00:00,D:/D drive recovery/Shiva JH/Projects/OneLake Medallion/data/landing/2017-10-25/order_payments.parquet,2017-10-25
8242b086009bdffe2eb081b77d4ca7de,1,credit_card,2,117.85,2017-11-06,2017-11-27 00:00:00.000000,2026-08-27T05:17:09.287600+00:00,D:/D drive recovery/Shiva JH/Projects/OneLake Medallion/data/landing/2017-11-06/order_payments.parquet,2017-11-06
4296801e936343a5f6a38e29143c0f88,1,credit_card,9,91.18,2017-11-06,2017-12-05 21:38:54.000000,2026-08-27T05:17:09.287600+00:00,D:/D drive recovery/Shiva JH/Projects/OneLake Medallion/data/landing/2017-11-06/order_payments.parquet,2017-11-06
93e41e75d4dfc53553b20b0087738e4d,1,boleto,1,41.78,2017-11-18,2017-12-01 00:00:00.000000,2026-08-27T05:17:09.287600+00:00,D:/D drive recovery/Shiva JH/Projects/OneLake Medallion/data/landing/2017-11-18/order_payments.parquet,2017-11-18
9b9e08cb1a66ae45d2a91815cd8f4426,1,credit_card,10,363.8,2017-11-18,2017-12-19 00:00:00.000000,2026-08-27T05:17:09.287600+00:00,D:/D drive recovery/Shiva JH/Projects/OneLake Medallion/data/landing/2017-11-18/order_payments.parquet,2017-11-18
3858a71b117aa9a3c509cc87fe9c8960,1,credit_card,1,98.37,2017-11-30,2017-12-20 00:00:00.000000,2026-08-27T05:17:09.287600+00:00,D:/D drive recovery/Shiva JH/Projects/OneLake Medallion/data/landing/2017-11-30/order_payments.parquet,2017-11-30
6ae2e8b8fac02522481d2a2f4ca4412c,1,credit_card,24,433.43,2017-11-30,2017-12-28 00:00:00.000000,2026-08-27T05:17:09.287600+00:00,D:/D drive recovery/Shiva JH/Projects/OneLake Medallion/data/landing/2017-11-30/order_payments.parquet,2017-11-30
030e558867da892772c999f60d09e854,1,credit_card,3,159.21,2017-11-30,2017-12-27 00:00:00.000000,2026-08-27T05:17:09.287600+00:00,D:/D drive recovery/Shiva JH/Projects/OneLake Medallion/data/landing/2017-11-30/order_payments.parquet,2017-11-30
506b766a5636c21756e8026fea871ec7,1,credit_card,2,72.14,2017-11-30,2018-01-03 00:00:00.000000,2026-08-27T05:17:09.287600+00:00,D:/D drive recovery/Shiva JH/Projects/OneLake Medallion/data/landing/2017-11-30/order_payments.parquet,2017-11-30
2a8cb6405aee52f3b246ccae8bd4fe11,1,credit_card,1,100.26,2017-11-30,2018-01-04 00:00:00.000000,2026-08-27T05:17:09.287600+00:00,D:/D drive recovery/Shiva JH/Projects/OneLake Medallion/data/landing/2017-11-30/order_payments.parquet,2017-11-30
6006d946799bcba9a9fd13e50c442213,1,credit_card,1,153.32,2017-11-30,2017-12-27 00:00:00.000000,2026-08-27T05:17:09.287600+00:00,D:/D drive recovery/Shiva JH/Projects/OneLake Medallion/data/landing/2017-11-30/order_payments.parquet,2017-11-30
ef71772d55431467890fda2f45c7bdde,1,credit_card,24,629.64,2017-11-30,2017-12-19 00:00:00.000000,2026-08-27T05:17:09.287600+00:00,D:/D drive recovery/Shiva JH/Projects/OneLake Medallion/data/landing/2017-11-30/order_payments.parquet,2017-11-30
341ec2709ac1eea8f492c24d31a06942,1,boleto,1,58.28,2017-11-30,2018-01-10 00:00:00.000000,2026-08-27T05:17:09.287600+00:00,D:/D drive recovery/Shiva JH/Projects/OneLake Medallion/data/landing/2017-11-30/order_payments.parquet,2017-11-30
6b353bba58520d286313c6f64cc078ff,1,credit_card,1,538.84,2017-11-30,2017-12-28 00:00:00.000000,2026-08-27T05:17:09.287600+00:00,D:/D drive recovery/Shiva JH/Projects/OneLake Medallion/data/landing/2017-11-30/order_payments.parquet,2017-11-30
e08ebbd3a910e30ccb05aa241e9243fb,1,boleto,1,486.66,2017-11-30,2017-12-29 00:00:00.000000,2026-08-27T05:17:09.287600+00:00,D:/D drive recovery/Shiva JH/Projects/OneLake Medallion/data/landing/2017-11-30/order_payments.parquet,2017-11-30
aa04ee4542e835a3e6f4da876dc654c6,1,credit_card,1,19.33,2017-12-12,2017-12-29 00:00:00.000000,2026-08-27T05:17:09.287600+00:00,D:/D drive recovery/Shiva JH/Projects/OneLake Medallion/data/landing/2017-12-12/order_payments.parquet,2017-12-12
3bdebe4ea3f450a5d8f6c50f1771c9ef,1,credit_card,2,140.08,2017-12-12,2018-01-11 00:00:00.000000,2026-08-27T05:17:09.287600+00:00,D:/D drive recovery/Shiva JH/Projects/OneLake Medallion/data/landing/2017-12-12/order_payments.parquet,2017-12-12
9da6e3bacbae9dfb6f886b2fcdd80bcd,1,credit_card,1,254.73,2017-12-12,2018-01-23 12:25:56.000000,2026-08-27T05:17:09.287600+00:00,D:/D drive recovery/Shiva JH/Projects/OneLake Medallion/data/landing/2017-12-12/order_payments.parquet,2017-12-12
0b05441635d9a251f9865b985bf985de,1,credit_card,1,260.36,2017-12-12,2018-01-09 00:00:00.000000,2026-08-27T05:17:09.287600+00:00,D:/D drive recovery/Shiva JH/Projects/OneLake Medallion/data/landing/2017-12-12/order_payments.parquet,2017-12-12
20059d45d5d6464cbf4fa0515c3830a4,1,boleto,1,386.33,2017-12-12,2018-01-08 00:00:00.000000,2026-08-27T05:17:09.287600+00:00,D:/D drive recovery/Shiva JH/Projects/OneLake Medallion/data/landing/2017-12-12/order_payments.parquet,2017-12-12
2ed75ffbf396fcdc6341f17d1a16ef5d,1,credit_card,2,88.37,2017-12-12,2017-12-29 00:00:00.000000,2026-08-27T05:17:09.287600+00:00,D:/D drive recovery/Shiva JH/Projects/OneLake Medallion/data/landing/2017-12-12/order_payments.parquet,2017-12-12
773f350ab7f485f0d4aa1a095820fedd,1,boleto,1,43.09,2017-12-24,2018-01-26 00:00:00.000000,2026-08-27T05:17:09.287600+00:00,D:/D drive recovery/Shiva JH/Projects/OneLake Medallion/data/landing/2017-12-24/order_payments.parquet,2017-12-24
676ad3c00d76971326e0e1a03f976e2c,1,credit_card,10,112.3,2017-12-24,2018-01-15 00:00:00.000000,2026-08-27T05:17:09.287600+00:00,D:/D drive recovery/Shiva JH/Projects/OneLake Medallion/data/landing/2017-12-24/order_payments.parquet,2017-12-24
d42df8c4038c10f915f4b699279980c6,1,boleto,1,72.45,2018-01-05,2018-01-31 00:00:00.000000,2026-08-27T05:17:09.287600+00:00,D:/D drive recovery/Shiva JH/Projects/OneLake Medallion/data/landing/2018-01-05/order_payments.parquet,2018-01-05
c274a2e17f75d6af15fc30bbdb0aa44c,1,credit_card,1,39.44,2018-01-05,2018-01-23 00:00:00.000000,2026-08-27T05:17:09.287600+00:00,D:/D drive recovery/Shiva JH/Projects/OneLake Medallion/data/landing/2018-01-05/order_payments.parquet,2018-01-05
c274a2e17f75d6af15fc30bbdb0aa44c,2,voucher,1,60.0,2018-01-05,2018-01-23 00:00:00.000000,2026-08-27T05:17:09.287600+00:00,D:/D drive recovery/Shiva JH/Projects/OneLake Medallion/data/landing/2018-01-05/order_payments.parquet,2018-01-05
6fac3b0946f1bea16dc2cd1cb032aa92,1,credit_card,1,91.26,2018-01-17,2018-02-21 00:00:00.000000,2026-08-27T05:17:09.287600+00:00,D:/D drive recovery/Shiva JH/Projects/OneLake Medallion/data/landing/2018-01-17/order_payments.parquet,2018-01-17
45942e54bf1edb4b2c481b77f7f8486c,1,credit_card,1,21.1,2018-01-17,2018-02-07 00:00:00.000000,2026-08-27T05:17:09.287600+00:00,D:/D drive recovery/Shiva JH/Projects/OneLake Medallion/data/landing/2018-01-17/order_payments.parquet,2018-01-17
d29eca3633b0b60adf268cae9133cd93,1,credit_card,1,56.78,2018-01-17,2018-02-01 00:00:00.000000,2026-08-27T05:17:09.287600+00:00,D:/D drive recovery/Shiva JH/Projects/OneLake Medallion/data/landing/2018-01-17/order_payments.parquet,2018-01-17
3b98cf066d0d2a5121f8c95bd97816c0,1,boleto,1,164.7,2018-01-17,2018-02-07 00:00:00.000000,2026-08-27T05:17:09.287600+00:00,D:/D drive recovery/Shiva JH/Projects/OneLake Medallion/data/landing/2018-01-17/order_payments.parquet,2018-01-17
f9bec732ab454a0aa8d04a38af127a23,1,boleto,1,67.5,2018-01-29,2018-03-10 15:06:32.000000,2026-08-27T05:17:09.287600+00:00,D:/D drive recovery/Shiva JH/Projects/OneLake Medallion/data/landing/2018-01-29/order_payments.parquet,2018-01-29
6d9288f26eeaab3874c5fd755cbfd448,1,credit_card,3,75.07,2018-01-29,2018-02-21 00:00:00.000000,2026-08-27T05:17:09.287600+00:00,D:/D drive recovery/Shiva JH/Projects/OneLake Medallion/data/landing/2018-01-29/order_payments.parquet,2018-01-29
d99ec4acbeb86fccf934f257ebd6baa3,1,credit_card,1,125.42,2018-01-29,2018-02-24 01:21:34.000000,2026-08-27T05:17:09.287600+00:00,D:/D drive recovery/Shiva JH/Projects/OneLake Medallion/data/landing/2018-01-29/order_payments.parquet,2018-01-29
eae6a3184617bf13d153139ea39ba3a7,1,boleto,1,168.2,2018-01-29,2018-02-21 00:00:00.000000,2026-08-27T05:17:09.287600+00:00,D:/D drive recovery/Shiva JH/Projects/OneLake Medallion/data/landing/2018-01-29/order_payments.parquet,2018-01-29
6ac13251ad16b89d0610936bbe6a4d18,1,credit_card,2,101.74,2018-01-29,2018-02-21 00:00:00.000000,2026-08-27T05:17:09.287600+00:00,D:/D drive recovery/Shiva JH/Projects/OneLake Medallion/data/landing/2018-01-29/order_payments.parquet,2018-01-29
9914efa57f1a52e1c0a2735c0f927bbf,1,credit_card,10,234.66,2018-02-10,2018-03-14 00:00:00.000000,2026-08-27T05:17:09.287600+00:00,D:/D drive recovery/Shiva JH/Projects/OneLake Medallion/data/landing/2018-02-10/order_payments.parquet,2018-02-10
4103cb8c02ddae6eff9f233ba22ae0ad,1,credit_card,1,25.09,2018-02-10,2018-03-08 00:00:00.000000,2026-08-27T05:17:09.287600+00:00,D:/D drive recovery/Shiva JH/Projects/OneLake Medallion/data/landing/2018-02-10/order_payments.parquet,2018-02-10
50cc8ba47fc38dfed74c9482ff949a46,1,credit_card,5,108.28,2018-02-10,2018-03-08 00:00:00.000000,2026-08-27T05:17:09.287600+00:00,D:/D drive recovery/Shiva JH/Projects/OneLake Medallion/data/landing/2018-02-10/order_payments.parquet,2018-02-10
d5f958ee0f7fd3c31de97a5316655292,1,credit_card,2,135.57,2018-02-10,2018-03-07 00:00:00.000000,2026-08-27T05:17:09.287600+00:00,D:/D drive recovery/Shiva JH/Projects/OneLake Medallion/data/landing/2018-02-10/order_payments.parquet,2018-02-10
12307610cd2009ccf90a8a4911bb14a8,1,credit_card,1,309.22,2018-02-22,2018-03-19 00:00:00.000000,2026-08-27T05:17:09.287600+00:00,D:/D drive recovery/Shiva JH/Projects/OneLake Medallion/data/landing/2018-02-22/order_payments.parquet,2018-02-22
661daf8e46d57f5f1b916c80f4129049,1,credit_card,1,22.45,2018-02-22,2018-03-29 00:00:00.000000,2026-08-27T05:17:09.287600+00:00,D:/D drive recovery/Shiva JH/Projects/OneLake Medallion/data/landing/2018-02-22/order_payments.parquet,2018-02-22
2b8b7636f69e8dca87850024171a19fa,1,credit_card,10,116.13,2018-02-22,2018-03-26 00:00:00.000000,2026-08-27T05:17:09.287600+00:00,D:/D drive recovery/Shiva JH/Projects/OneLake Medallion/data/landing/2018-02-22/order_payments.parquet,2018-02-22
d98e1bbea27add1b46f2f78aa0a3517b,1,credit_card,3,67.3,2018-02-22,2018-03-14 00:00:00.000000,2026-08-27T05:17:09.287600+00:00,D:/D drive recovery/Shiva JH/Projects/OneLake Medallion/data/landing/2018-02-22/order_payments.parquet,2018-02-22
0799d89dedaf5ef08f3a90b967cb2ccd,1,debit_card,1,236.97,2018-02-22,2018-05-09 12:26:39.000000,2026-08-27T05:17:09.287600+00:00,D:/D drive recovery/Shiva JH/Projects/OneLake Medallion/data/landing/2018-02-22/order_payments.parquet,2018-02-22
a940a94fdec511a582a6da00ff8520c7,1,credit_card,3,88.32,2018-02-22,2018-03-28 22:16:43.000000,2026-08-27T05:17:09.287600+00:00,D:/D drive recovery/Shiva JH/Projects/OneLake Medallion/data/landing/2018-02-22/order_payments.parquet,2018-02-22
7a93a948d1378fc5fcfd0a09f00136c7,1,boleto,1,90.75,2018-02-22,2018-03-26 00:00:00.000000,2026-08-27T05:17:09.287600+00:00,D:/D drive recovery/Shiva JH/Projects/OneLake Medallion/data/landing/2018-02-22/order_payments.parquet,2018-02-22
6ca834e14df3fb5924d4e7fe551c80d9,1,credit_card,6,61.69,2018-02-22,2018-03-14 00:00:00.000000,2026-08-27T05:17:09.287600+00:00,D:/D drive recovery/Shiva JH/Projects/OneLake Medallion/data/landing/2018-02-22/order_payments.parquet,2018-02-22
661daf8e46d57f5f1b916c80f4129049,2,voucher,1,8.8,2018-02-22,2018-03-29 00:00:00.000000,2026-08-27T05:17:09.287600+00:00,D:/D drive recovery/Shiva JH/Projects/OneLake Medallion/data/landing/2018-02-22/order_payments.parquet,2018-02-22
661daf8e46d57f5f1b916c80f4129049,3,voucher,1,8.8,2018-02-22,2018-03-29 00:00:00.000000,2026-08-27T05:17:09.287600+00:00,D:/D drive recovery/Shiva JH/Projects/OneLake Medallion/data/landing/2018-02-22/order_payments.parquet,2018-02-22
92dfa5f3acdce1071906427ba5ee3c4f,1,credit_card,10,170.01,2018-03-06,2018-03-22 00:00:00.000000,2026-08-27T05:17:09.287600+00:00,D:/D drive recovery/Shiva JH/Projects/OneLake Medallion/data/landing/2018-03-06/order_payments.parquet,2018-03-06
144c41d3111c8d2b0bdbf9232f2e0a78,1,credit_card,3,127.33,2018-03-06,2018-04-02 00:00:00.000000,2026-08-27T05:17:09.287600+00:00,D:/D drive recovery/Shiva JH/Projects/OneLake Medallion/data/landing/2018-03-06/order_payments.parquet,2018-03-06
89ecd7cdfb061d3d0f81b26af772c80f,1,boleto,1,252.0,2018-03-06,2018-03-16 00:00:00.000000,2026-08-27T05:17:09.287600+00:00,D:/D drive recovery/Shiva JH/Projects/OneLake Medallion/data/landing/2018-03-06/order_payments.parquet,2018-03-06
84992c4145bf78ab42c0e997506e8ecf,1,credit_card,5,58.27,2018-03-18,2018-04-10 00:00:00.000000,2026-08-27T05:17:09.287600+00:00,D:/D drive recovery/Shiva JH/Projects/OneLake Medallion/data/landing/2018-03-18/order_payments.parquet,2018-03-18
890e966b2b72ba13da8c01387874afee,1,credit_card,5,150.21,2018-03-18,2018-04-16 00:00:00.000000,2026-08-27T05:17:09.287600+00:00,D:/D drive recovery/Shiva JH/Projects/OneLake Medallion/data/landing/2018-03-18/order_payments.parquet,2018-03-18
b1526a2bd67c99a417bbd10df7904bb0,1,credit_card,2,106.85,2018-03-18,2018-04-23 00:00:00.000000,2026-08-27T05:17:09.287600+00:00,D:/D drive recovery/Shiva JH/Projects/OneLake Medallion/data/landing/2018-03-18/order_payments.parquet,2018-03-18
782b00205051ed11c71726e9554e788e,1,credit_card,2,76.92,2018-03-18,2018-04-09 00:00:00.000000,2026-08-27T05:17:09.287600+00:00,D:/D drive recovery/Shiva JH/Projects/OneLake Medallion/data/landing/2018-03-18/order_payments.parquet,2018-03-18
23a2d8b0357730d4f9c50aa48773e9e9,1,credit_card,3,47.69,2018-03-18,2018-04-06 00:00:00.000000,2026-08-27T05:17:09.287600+00:00,D:/D drive recovery/Shiva JH/Projects/OneLake Medallion/data/landing/2018-03-18/order_payments.parquet,2018-03-18
b29c6fe4cbadff8b38f96806127dfc53,1,credit_card,6,124.76,2018-03-18,2018-04-05 00:00:00.000000,2026-08-27T05:17:09.287600+00:00,D:/D drive recovery/Shiva JH/Projects/OneLake Medallion/data/landing/2018-03-18/order_payments.parquet,2018-03-18
672171439e56578d2c9370fe77345a50,1,credit_card,1,123.18,2018-03-18,2018-04-26 20:58:39.000000,2026-08-27T05:17:09.287600+00:00,D:/D drive recovery/Shiva JH/Projects/OneLake Medallion/data/landing/2018-03-18/order_payments.parquet,2018-03-18
a7d69ce9d8cad8e7d9b48cbdfe236bff,1,credit_card,1,19.39,2018-03-30,2018-04-12 00:00:00.000000,2026-08-27T05:17:09.287600+00:00,D:/D drive recovery/Shiva JH/Projects/OneLake Medallion/data/landing/2018-03-30/order_payments.parquet,2018-03-30
93b9173d182af83f59074baf05d8c13e,1,credit_card,7,70.16,2018-03-30,2018-05-22 17:04:19.000000,2026-08-27T05:17:09.287600+00:00,D:/D drive recovery/Shiva JH/Projects/OneLake Medallion/data/landing/2018-03-30/order_payments.parquet,2018-03-30
77b6edd13efe99269ef9b78006e133a3,1,credit_card,2,134.9,2018-04-11,2018-05-08 00:00:00.000000,2026-08-27T05:17:09.287600+00:00,D:/D drive recovery/Shiva JH/Projects/OneLake Medallion/data/landing/2018-04-11/order_payments.parquet,2018-04-11
8a1bc477742faefa8ff9f614dc582244,1,credit_card,1,76.78,2018-04-11,2018-04-23 00:00:00.000000,2026-08-27T05:17:09.287600+00:00,D:/D drive recovery/Shiva JH/Projects/OneLake Medallion/data/landing/2018-04-11/order_payments.parquet,2018-04-11
42eb921de62fe52db1e8954ac9971384,1,boleto,1,118.48,2018-04-11,2018-05-11 00:00:00.000000,2026-08-27T05:17:09.287600+00:00,D:/D drive recovery/Shiva JH/Projects/OneLake Medallion/data/landing/2018-04-11/order_payments.parquet,2018-04-11
faef665b7a0746076cdba7746c217cb0,1,credit_card,1,154.53,2018-04-11,2018-05-08 00:00:00.000000,2026-08-27T05:17:09.287600+00:00,D:/D drive recovery/Shiva JH/Projects/OneLake Medallion/data/landing/2018-04-11/order_payments.parquet,2018-04-11
ef121c337009d84eeb960c0890bf4666,1,credit_card,1,40.69,2018-04-11,2018-05-04 00:00:00.000000,2026-08-27T05:17:09.287600+00:00,D:/D drive recovery/Shiva JH/Projects/OneLake Medallion/data/landing/2018-04-11/order_payments.parquet,2018-04-11
b7e1823a1a3137ba666bef3dfbca19dd,1,credit_card,10,383.25,2018-04-23,2018-05-16 00:00:00.000000,2026-08-27T05:17:09.287600+00:00,D:/D drive recovery/Shiva JH/Projects/OneLake Medallion/data/landing/2018-04-23/order_payments.parquet,2018-04-23
f80bab3b47910373b5d3a4a4963192e6,1,boleto,1,93.66,2018-04-23,2018-05-16 00:00:00.000000,2026-08-27T05:17:09.287600+00:00,D:/D drive recovery/Shiva JH/Projects/OneLake Medallion/data/landing/2018-04-23/order_payments.parquet,2018-04-23
a31f5683a88deb4bf8e6bb729d94a2c6,1,credit_card,1,47.22,2018-04-23,2018-05-14 00:00:00.000000,2026-08-27T05:17:09.287600+00:00,D:/D drive recovery/Shiva JH/Projects/OneLake Medallion/data/landing/2018-04-23/order_payments.parquet,2018-04-23
04105b54650921ca3246f52e6f175f46,1,credit_card,5,69.9,2018-04-23,2018-05-22 00:00:00.000000,2026-08-27T05:17:09.287600+00:00,D:/D drive recovery/Shiva JH/Projects/OneLake Medallion/data/landing/2018-04-23/order_payments.parquet,2018-04-23
b9f5ca0dd8ac07db0b02705dc2be4d21,1,credit_card,8,218.84,2018-04-23,2018-05-16 00:00:00.000000,2026-08-27T05:17:09.287600+00:00,D:/D drive recovery/Shiva JH/Projects/OneLake Medallion/data/landing/2018-04-23/order_payments.parquet,2018-04-23
27a0c2a00aa85ff8202e8bd9c7dbd829,1,credit_card,1,17.29,2018-04-23,2018-05-10 00:09:00.000000,2026-08-27T05:17:09.287600+00:00,D:/D drive recovery/Shiva JH/Projects/OneLake Medallion/data/landing/2018-04-23/order_payments.parquet,2018-04-23
2ab340837ecacc1da5c088346b0d873b,1,credit_card,6,257.61,2018-04-23,2018-05-10 00:00:00.000000,2026-08-27T05:17:09.287600+00:00,D:/D drive recovery/Shiva JH/Projects/OneLake Medallion/data/landing/2018-04-23/order_payments.parquet,2018-04-23
bf0b0091259a3839db4a335aa1b4c8dd,1,credit_card,4,128.68,2018-05-05,2018-06-06 00:00:00.000000,2026-08-27T05:17:09.287600+00:00,D:/D drive recovery/Shiva JH/Projects/OneLake Medallion/data/landing/2018-05-05/order_payments.parquet,2018-05-05
6aec640ac5495838d57e1f3009f99898,1,boleto,1,87.02,2018-05-05,2018-06-01 00:00:00.000000,2026-08-27T05:17:09.287600+00:00,D:/D drive recovery/Shiva JH/Projects/OneLake Medallion/data/landing/2018-05-05/order_payments.parquet,2018-05-05
c7cf98eae37902869c4e92aeb9db5c72,1,credit_card,5,138.62,2018-05-05,2018-05-30 00:00:00.000000,2026-08-27T05:17:09.287600+00:00,D:/D drive recovery/Shiva JH/Projects/OneLake Medallion/data/landing/2018-05-05/order_payments.parquet,2018-05-05
9842c98fba6a3e74b785776cc72136f5,1,credit_card,2,138.62,2018-05-17,2018-06-18 00:00:00.000000,2026-08-27T05:17:09.287600+00:00,D:/D drive recovery/Shiva JH/Projects/OneLake Medallion/data/landing/2018-05-17/order_payments.parquet,2018-05-17
31bdd4abc4fb5fec0a5fa2a92af376b5,1,credit_card,4,48.13,2018-05-17,2018-06-07 00:00:00.000000,2026-08-27T05:17:09.287600+00:00,D:/D drive recovery/Shiva JH/Projects/OneLake Medallion/data/landing/2018-05-17/order_payments.parquet,2018-05-17
387ab69cd89bb3ed95402ff3d7f50b94,1,credit_card,3,103.6,2018-05-17,2018-06-22 00:00:00.000000,2026-08-27T05:17:09.287600+00:00,D:/D drive recovery/Shiva JH/Projects/OneLake Medallion/data/landing/2018-05-17/order_payments.parquet,2018-05-17
44a4b28fae9dd152c7102f54dcd723b9,1,credit_card,2,272.39,2018-05-29,2018-08-06 00:00:00.000000,2026-08-27T05:17:09.287600+00:00,D:/D drive recovery/Shiva JH/Projects/OneLake Medallion/data/landing/2018-05-29/order_payments.parquet,2018-05-29
17c7d18b95217b2fbbc15a88ef4f564f,1,credit_card,4,156.68,2018-05-29,2018-07-24 00:00:00.000000,2026-08-27T05:17:09.287600+00:00,D:/D drive recovery/Shiva JH/Projects/OneLake Medallion/data/landing/2018-05-29/order_payments.parquet,2018-05-29
c2b416c2ac6019a220bca3ef9ac48682,1,credit_card,6,137.8,2018-05-29,2018-07-03 00:00:00.000000,2026-08-27T05:17:09.287600+00:00,D:/D drive recovery/Shiva JH/Projects/OneLake Medallion/data/landing/2018-05-29/order_payments.parquet,2018-05-29
a5016f72057fe780772bd4c88fa95951,1,boleto,1,48.61,2018-05-29,2018-06-29 00:00:00.000000,2026-08-27T05:17:09.287600+00:00,D:/D drive recovery/Shiva JH/Projects/OneLake Medallion/data/landing/2018-05-29/order_payments.parquet,2018-05-29
464903700caac1e06ce732afb660cfe2,1,credit_card,7,79.26,2018-06-10,2018-07-11 00:00:00.000000,2026-08-27T05:17:09.287600+00:00,D:/D drive recovery/Shiva JH/Projects/OneLake Medallion/data/landing/2018-06-10/order_payments.parquet,2018-06-10
852d24d230e0038f83e1337c4ab06147,1,credit_card,2,126.73,2018-06-10,2018-06-28 00:00:00.000000,2026-08-27T05:17:09.287600+00:00,D:/D drive recovery/Shiva JH/Projects/OneLake Medallion/data/landing/2018-06-10/order_payments.parquet,2018-06-10
cdbce2d8fe4479ce0b9bbb32e0656e4a,1,credit_card,3,75.53,2018-06-10,2018-07-05 00:00:00.000000,2026-08-27T05:17:09.287600+00:00,D:/D drive recovery/Shiva JH/Projects/OneLake Medallion/data/landing/2018-06-10/order_payments.parquet,2018-06-10
38ef39ee8ebc5f492b0253bcd1213dcc,1,credit_card,8,172.25,2018-06-10,2018-07-19 00:00:00.000000,2026-08-27T05:17:09.287600+00:00,D:/D drive recovery/Shiva JH/Projects/OneLake Medallion/data/landing/2018-06-10/order_payments.parquet,2018-06-10
305117a349bea514f1b57f0d17aa7055,1,credit_card,10,164.22,2018-06-10,2018-07-11 00:00:00.000000,2026-08-27T05:17:09.287600+00:00,D:/D drive recovery/Shiva JH/Projects/OneLake Medallion/data/landing/2018-06-10/order_payments.parquet,2018-06-10
fd7d4eb658279656ec6fa1ff66620925,1,boleto,1,20.29,2018-06-22,2018-07-05 00:00:00.000000,2026-08-27T05:17:09.287600+00:00,D:/D drive recovery/Shiva JH/Projects/OneLake Medallion/data/landing/2018-06-22/order_payments.parquet,2018-06-22
046022868cf3fa04a308811fd6b0b282,1,boleto,1,51.44,2018-06-22,2018-07-16 00:00:00.000000,2026-08-27T05:17:09.287600+00:00,D:/D drive recovery/Shiva JH/Projects/OneLake Medallion/data/landing/2018-06-22/order_payments.parquet,2018-06-22
2966209e856b37a6b9be138d6d7910b5,1,debit_card,1,89.3,2018-06-22,2018-07-05 00:00:00.000000,2026-08-27T05:17:09.287600+00:00,D:/D drive recovery/Shiva JH/Projects/OneLake Medallion/data/landing/2018-06-22/order_payments.parquet,2018-06-22
517764046d20478235016a57ee3d7f4f,1,credit_card,3,50.72,2018-06-22,2018-07-12 00:00:00.000000,2026-08-27T05:17:09.287600+00:00,D:/D drive recovery/Shiva JH/Projects/OneLake Medallion/data/landing/2018-06-22/order_payments.parquet,2018-06-22
505f19ae28f4c808af9275206b5b7c49,1,credit_card,6,117.9,2018-06-22,2018-07-05 00:00:00.000000,2026-08-27T05:17:09.287600+00:00,D:/D drive recovery/Shiva JH/Projects/OneLake Medallion/data/landing/2018-06-22/order_payments.parquet,2018-06-22
8f82857f5a738c96bb40a551c4c0bb40,1,credit_card,10,259.15,2018-06-28,2018-07-31 00:00:00.000000,2026-08-27T05:17:09.287600+00:00,D:/D drive recovery/Shiva JH/Projects/OneLake Medallion/data/landing/2018-06-28/order_payments.parquet,2018-06-28
5525c00bfd980bae1cac46f7dcf88224,1,credit_card,3,87.27,2017-01-31,2017-03-14 11:13:56.000000,2026-08-27T05:17:09.287600+00:00,D:/D drive recovery/Shiva JH/Projects/OneLake Medallion/data/landing/2017-01-31/order_payments.parquet,2017-01-31
1f9fa4b707b82f25dbf52e6695842e8c,1,boleto,1,378.61,2017-01-31,2017-03-29 00:00:00.000000,2026-08-27T05:17:09.287600+00:00,D:/D drive recovery/Shiva JH/Projects/OneLake Medallion/data/landing/2017-01-31/order_payments.parquet,2017-01-31
77f8ac5734b5b2f8c1572102f854d329,1,credit_card,2,134.27,2017-03-08,2017-03-27 00:00:00.000000,2026-08-27T05:17:09.287600+00:00,D:/D drive recovery/Shiva JH/Projects/OneLake Medallion/data/landing/2017-03-08/order_payments.parquet,2017-03-08
d0d85933667e8a90939ca37947942b62,1,credit_card,1,48.95,2017-03-08,2017-03-27 00:00:00.000000,2026-08-27T05:17:09.287600+00:00,D:/D drive recovery/Shiva JH/Projects/OneLake Medallion/data/landing/2017-03-08/order_payments.parquet,2017-03-08
1e5116c850ec5a9a3a83ff73bd06aef6,1,boleto,1,81.15,2017-03-20,2017-04-13 17:42:26.000000,2026-08-27T05:17:09.287600+00:00,D:/D drive recovery/Shiva JH/Projects/OneLake Medallion/data/landing/2017-03-20/order_payments.parquet,2017-03-20
b4dc09cbd4cc735632779c738cda842b,1,credit_card,1,55.86,2017-03-20,2017-04-06 00:00:00.000000,2026-08-27T05:17:09.287600+00:00,D:/D drive recovery/Shiva JH/Projects/OneLake Medallion/data/landing/2017-03-20/order_payments.parquet,2017-03-20
9da02db988be4c6560597e90391a4cdc,1,credit_card,2,127.98,2017-04-01,2017-04-24 00:00:00.000000,2026-08-27T05:17:09.287600+00:00,D:/D drive recovery/Shiva JH/Projects/OneLake Medallion/data/landing/2017-04-01/order_payments.parquet,2017-04-01
ad9bcd26dc9183d66b36db87ffc26904,1,credit_card,1,98.21,2017-04-01,2017-04-27 00:00:00.000000,2026-08-27T05:17:09.287600+00:00,D:/D drive recovery/Shiva JH/Projects/OneLake Medallion/data/landing/2017-04-01/order_payments.parquet,2017-04-01
f0ab33ceba10623b929d52fe23fff27b,1,credit_card,8,208.05,2017-04-13,2017-05-19 00:00:00.000000,2026-08-27T05:17:09.287600+00:00,D:/D drive recovery/Shiva JH/Projects/OneLake Medallion/data/landing/2017-04-13/order_payments.parquet,2017-04-13
813f8916cd12b887b0fa271f3263a4d3,1,credit_card,1,42.42,2017-04-13,2017-05-10 00:00:00.000000,2026-08-27T05:17:09.287600+00:00,D:/D drive recovery/Shiva JH/Projects/OneLake Medallion/data/landing/2017-04-13/order_payments.parquet,2017-04-13
ef59d8fd00ca64c9dea7310396e1bed2,1,credit_card,3,245.68,2017-04-25,2017-05-16 00:00:00.000000,2026-08-27T05:17:09.287600+00:00,D:/D drive recovery/Shiva JH/Projects/OneLake Medallion/data/landing/2017-04-25/order_payments.parquet,2017-04-25
0fb55482ffb326ed131c67051fe87192,1,voucher,1,55.68,2017-04-25,2017-05-16 00:00:00.000000,2026-08-27T05:17:09.287600+00:00,D:/D drive recovery/Shiva JH/Projects/OneLake Medallion/data/landing/2017-04-25/order_payments.parquet,2017-04-25
50b8644a6f58db94a0d3beb21e0e9a01,1,credit_card,10,814.42,2017-04-25,2017-05-23 00:00:00.000000,2026-08-27T05:17:09.287600+00:00,D:/D drive recovery/Shiva JH/Projects/OneLake Medallion/data/landing/2017-04-25/order_payments.parquet,2017-04-25
0fb55482ffb326ed131c67051fe87192,2,voucher,1,27.83,2017-04-25,2017-05-16 00:00:00.000000,2026-08-27T05:17:09.287600+00:00,D:/D drive recovery/Shiva JH/Projects/OneLake Medallion/data/landing/2017-04-25/order_payments.parquet,2017-04-25
d8d0488eb1aa33a391551c5bbe00e93f,1,boleto,1,163.18,2017-04-25,2017-05-16 00:00:00.000000,2026-08-27T05:17:09.287600+00:00,D:/D drive recovery/Shiva JH/Projects/OneLake Medallion/data/landing/2017-04-25/order_payments.parquet,2017-04-25
0fb55482ffb326ed131c67051fe87192,3,voucher,1,33.92,2017-04-25,2017-05-16 00:00:00.000000,2026-08-27T05:17:09.287600+00:00,D:/D drive recovery/Shiva JH/Projects/OneLake Medallion/data/landing/2017-04-25/order_payments.parquet,2017-04-25
504d3fdb152668257245784f42c6fbc7,1,credit_card,5,56.98,2017-05-07,2017-05-29 00:00:00.000000,2026-08-27T05:17:09.287600+00:00,D:/D drive recovery/Shiva JH/Projects/OneLake Medallion/data/landing/2017-05-07/order_payments.parquet,2017-05-07
635d6eda3af27d4cdcee17a82b7aca92,1,credit_card,1,121.02,2017-05-19,2017-06-12 00:00:00.000000,2026-08-27T05:17:09.287600+00:00,D:/D drive recovery/Shiva JH/Projects/OneLake Medallion/data/landing/2017-05-19/order_payments.parquet,2017-05-19
8e350e1e4254bd7c68913b98bde7d3a7,1,credit_card,6,210.56,2017-05-19,2017-06-14 00:00:00.000000,2026-08-27T05:17:09.287600+00:00,D:/D drive recovery/Shiva JH/Projects/OneLake Medallion/data/landing/2017-05-19/order_payments.parquet,2017-05-19
907b36ec45e03307bb335fc31304b66d,1,credit_card,3,35.0,2017-05-19,2017-06-13 00:00:00.000000,2026-08-27T05:17:09.287600+00:00,D:/D drive recovery/Shiva JH/Projects/OneLake Medallion/data/landing/2017-05-19/order_payments.parquet,2017-05-19
d3d5d98dda9bb549d81a9b4b9e404bc2,1,credit_card,1,65.0,2017-05-31,2017-06-23 00:00:00.000000,2026-08-27T05:17:09.287600+00:00,D:/D drive recovery/Shiva JH/Projects/OneLake Medallion/data/landing/2017-05-31/order_payments.parquet,2017-05-31
7cd5af34e77c36b52c7af3c605135722,1,credit_card,10,423.19,2017-06-12,2017-07-05 00:00:00.000000,2026-08-27T05:17:09.287600+00:00,D:/D drive recovery/Shiva JH/Projects/OneLake Medallion/data/landing/2017-06-12/order_payments.parquet,2017-06-12
d15b470095fbc3ced455be6889f344fc,1,credit_card,1,37.0,2017-06-24,2017-07-26 00:00:00.000000,2026-08-27T05:17:09.287600+00:00,D:/D drive recovery/Shiva JH/Projects/OneLake Medallion/data/landing/2017-06-24/order_payments.parquet,2017-06-24
7d04189e83c072cfdde15bcd1deaa23b,1,credit_card,10,636.74,2017-07-06,2017-07-28 00:00:00.000000,2026-08-27T05:17:09.287600+00:00,D:/D drive recovery/Shiva JH/Projects/OneLake Medallion/data/landing/2017-07-06/order_payments.parquet,2017-07-06
9dc7932b1c116c2d56c1a2c52442d0cb,1,credit_card,3,573.62,2017-07-18,2017-08-14 00:00:00.000000,2026-08-27T05:17:09.287600+00:00,D:/D drive recovery/Shiva JH/Projects/OneLake Medallion/data/landing/2017-07-18/order_payments.parquet,2017-07-18
b5ed14c14034b74bb0ae1c0427d72304,1,credit_card,3,35.13,2017-08-23,2017-09-29 00:00:00.000000,2026-08-27T05:17:09.287600+00:00,D:/D drive recovery/Shiva JH/Projects/OneLake Medallion/data/landing/2017-08-23/order_payments.parquet,2017-08-23
46afec49491e4385870de60c96bc956e,1,credit_card,1,119.08,2017-09-04,2017-10-02 00:00:00.000000,2026-08-27T05:17:09.287600+00:00,D:/D drive recovery/Shiva JH/Projects/OneLake Medallion/data/landing/2017-09-04/order_payments.parquet,2017-09-04
99dde9a4d6ee5c602380551b002ddad7,1,credit_card,1,105.99,2017-09-04,2017-09-22 00:00:00.000000,2026-08-27T05:17:09.287600+00:00,D:/D drive recovery/Shiva JH/Projects/OneLake Medallion/data/landing/2017-09-04/order_payments.parquet,2017-09-04
aeebf4abbcfb9bac43b6a31399a3e93c,1,credit_card,1,73.34,2017-09-04,2017-11-18 13:32:09.000000,2026-08-27T05:17:09.287600+00:00,D:/D drive recovery/Shiva JH/Projects/OneLake Medallion/data/landing/2017-09-04/order_payments.parquet,2017-09-04
16a02781e79ebfb2354323d102e53b8a,1,credit_card,3,75.07,2017-09-04,2017-10-10 00:00:00.000000,2026-08-27T05:17:09.287600+00:00,D:/D drive recovery/Shiva JH/Projects/OneLake Medallion/data/landing/2017-09-04/order_payments.parquet,2017-09-04
3bf5639554dc908f97a75a89878ad197,1,credit_card,3,66.6,2017-09-16,2017-10-09 00:00:00.000000,2026-08-27T05:17:09.287600+00:00,D:/D drive recovery/Shiva JH/Projects/OneLake Medallion/data/landing/2017-09-16/order_payments.parquet,2017-09-16
6b5a2cfa488fc5324f22cafe995bd8eb,1,credit_card,1,171.7,2017-09-16,2017-10-02 00:00:00.000000,2026-08-27T05:17:09.287600+00:00,D:/D drive recovery/Shiva JH/Projects/OneLake Medallion/data/landing/2017-09-16/order_payments.parquet,2017-09-16
0ea8f90c4ad8782358cbc97abcb2d013,1,voucher,1,58.22,2017-09-16,2017-10-05 23:01:24.000000,2026-08-27T05:17:09.287600+00:00,D:/D drive recovery/Shiva JH/Projects/OneLake Medallion/data/landing/2017-09-16/order_payments.parquet,2017-09-16
1ab115802be10ff22d8907afe81ba5b0,1,boleto,1,96.71,2017-09-28,2017-10-23 00:00:00.000000,2026-08-27T05:17:09.287600+00:00,D:/D drive recovery/Shiva JH/Projects/OneLake Medallion/data/landing/2017-09-28/order_payments.parquet,2017-09-28
a5d3d2b978722a86e82f2b7bd0567840,1,boleto,1,135.74,2017-09-28,2017-10-25 00:00:00.000000,2026-08-27T05:17:09.287600+00:00,D:/D drive recovery/Shiva JH/Projects/OneLake Medallion/data/landing/2017-09-28/order_payments.parquet,2017-09-28
e8e5d972d73d38807a474519f2f23658,1,credit_card,5,115.36,2017-10-10,2017-10-30 00:00:00.000000,2026-08-27T05:17:09.287600+00:00,D:/D drive recovery/Shiva JH/Projects/OneLake Medallion/data/landing/2017-10-10/order_payments.parquet,2017-10-10
a8dcdaca6b71b71297497af76297b1d0,1,credit_card,4,75.17,2017-10-10,2017-11-21 12:58:40.000000,2026-08-27T05:17:09.287600+00:00,D:/D drive recovery/Shiva JH/Projects/OneLake Medallion/data/landing/2017-10-10/order_payments.parquet,2017-10-10
e985c8488218e5162cef0338ba6d5236,1,credit_card,8,358.83,2017-10-10,2017-10-23 00:00:00.000000,2026-08-27T05:17:09.287600+00:00,D:/D drive recovery/Shiva JH/Projects/OneLake Medallion/data/landing/2017-10-10/order_payments.parquet,2017-10-10
4cdf8813fc5f4c3d74041453f606868c,1,credit_card,5,279.27,2017-10-10,2017-10-27 19:44:55.000000,2026-08-27T05:17:09.287600+00:00,D:/D drive recovery/Shiva JH/Projects/OneLake Medallion/data/landing/2017-10-10/order_payments.parquet,2017-10-10
a33e332399ed231007a28d4fdac21158,1,credit_card,3,153.9,2017-10-10,2017-10-27 00:00:00.000000,2026-08-27T05:17:09.287600+00:00,D:/D drive recovery/Shiva JH/Projects/OneLake Medallion/data/landing/2017-10-10/order_payments.parquet,2017-10-10
d000351234683484e2ef3ad59427bbba,1,boleto,1,59.18,2017-10-22,2017-11-16 00:00:00.000000,2026-08-27T05:17:09.287600+00:00,D:/D drive recovery/Shiva JH/Projects/OneLake Medallion/data/landing/2017-10-22/order_payments.parquet,2017-10-22
7df5b9c1787d425d92ce5b4dacc70c34,1,credit_card,1,54.1,2017-10-22,2017-11-21 00:00:00.000000,2026-08-27T05:17:09.287600+00:00,D:/D drive recovery/Shiva JH/Projects/OneLake Medallion/data/landing/2017-10-22/order_payments.parquet,2017-10-22
445f70d8cd0cc47a45c806cf81e37b61,1,credit_card,3,31.0,2017-10-22,2017-11-13 00:00:00.000000,2026-08-27T05:17:09.287600+00:00,D:/D drive recovery/Shiva JH/Projects/OneLake Medallion/data/landing/2017-10-22/order_payments.parquet,2017-10-22
502b66ddeae1875100eae9074f5d189a,1,credit_card,1,190.67,2017-11-03,2017-11-27 00:00:00.000000,2026-08-27T05:17:09.287600+00:00,D:/D drive recovery/Shiva JH/Projects/OneLake Medallion/data/landing/2017-11-03/order_payments.parquet,2017-11-03
f76887473f528c398659936663331251,1,credit_card,7,73.34,2017-11-03,2017-11-23 00:00:00.000000,2026-08-27T05:17:09.287600+00:00,D:/D drive recovery/Shiva JH/Projects/OneLake Medallion/data/landing/2017-11-03/order_payments.parquet,2017-11-03
2e82ec02fd250aec723a595b1970500e,1,boleto,1,371.59,2017-11-15,2017-12-14 00:00:00.000000,2026-08-27T05:17:09.287600+00:00,D:/D drive recovery/Shiva JH/Projects/OneLake Medallion/data/landing/2017-11-15/order_payments.parquet,2017-11-15
4579e3f6942a0728b34083a4e28bbb3d,1,credit_card,7,171.61,2017-11-15,2017-12-07 00:00:00.000000,2026-08-27T05:17:09.287600+00:00,D:/D drive recovery/Shiva JH/Projects/OneLake Medallion/data/landing/2017-11-15/order_payments.parquet,2017-11-15
ce9fc4b5d521bad32b0c3893b9b3788f,1,boleto,1,239.05,2017-11-15,2017-12-14 18:37:40.000000,2026-08-27T05:17:09.287600+00:00,D:/D drive recovery/Shiva JH/Projects/OneLake Medallion/data/landing/2017-11-15/order_payments.parquet,2017-11-15
f71915184c3ccd8f36251500f01de53a,1,boleto,1,33.77,2017-11-15,2017-11-29 00:00:00.000000,2026-08-27T05:17:09.287600+00:00,D:/D drive recovery/Shiva JH/Projects/OneLake Medallion/data/landing/2017-11-15/order_payments.parquet,2017-11-15
9c9d1799a0c105b12976da39ae431d1c,1,credit_card,4,40.85,2017-11-15,2017-12-05 00:00:00.000000,2026-08-27T05:17:09.287600+00:00,D:/D drive recovery/Shiva JH/Projects/OneLake Medallion/data/landing/2017-11-15/order_payments.parquet,2017-11-15
5c6a84ff68eff6e372bf9529b864e4aa,1,credit_card,4,150.52,2017-11-27,2017-12-19 00:00:00.000000,2026-08-27T05:17:09.287600+00:00,D:/D drive recovery/Shiva JH/Projects/OneLake Medallion/data/landing/2017-11-27/order_payments.parquet,2017-11-27
04b8c60eb3cceaecde917716daa30bde,2,voucher,1,61.05,2017-11-27,2017-12-19 00:00:00.000000,2026-08-27T05:17:09.287600+00:00,D:/D drive recovery/Shiva JH/Projects/OneLake Medallion/data/landing/2017-11-27/order_payments.parquet,2017-11-27
adf6c7a4c57ba5caa49483326f12cd3f,1,credit_card,5,229.74,2017-11-27,2018-01-11 00:00:00.000000,2026-08-27T05:17:09.287600+00:00,D:/D drive recovery/Shiva JH/Projects/OneLake Medallion/data/landing/2017-11-27/order_payments.parquet,2017-11-27
04b8c60eb3cceaecde917716daa30bde,1,credit_card,1,16.75,2017-11-27,2017-12-19 00:00:00.000000,2026-08-27T05:17:09.287600+00:00,D:/D drive recovery/Shiva JH/Projects/OneLake Medallion/data/landing/2017-11-27/order_payments.parquet,2017-11-27
6be09fd2c367b8fad5b25b1315c335bb,1,credit_card,4,365.37,2017-11-27,2017-12-21 00:00:00.000000,2026-08-27T05:17:09.287600+00:00,D:/D drive recovery/Shiva JH/Projects/OneLake Medallion/data/landing/2017-11-27/order_payments.parquet,2017-11-27
9cffda8a5be9e20be381cc47ef5e8e00,1,credit_card,1,143.3,2017-11-27,2017-12-18 00:00:00.000000,2026-08-27T05:17:09.287600+00:00,D:/D drive recovery/Shiva JH/Projects/OneLake Medallion/data/landing/2017-11-27/order_payments.parquet,2017-11-27
ef9c3f4c087b655a9255b0c846640e7c,1,credit_card,6,154.27,2017-11-27,2017-12-11 00:00:00.000000,2026-08-27T05:17:09.287600+00:00,D:/D drive recovery/Shiva JH/Projects/OneLake Medallion/data/landing/2017-11-27/order_payments.parquet,2017-11-27
1800f4a4362310d7eb38281634f6dfd1,1,credit_card,24,325.37,2017-11-27,2017-12-29 00:00:00.000000,2026-08-27T05:17:09.287600+00:00,D:/D drive recovery/Shiva JH/Projects/OneLake Medallion/data/landing/2017-11-27/order_payments.parquet,2017-11-27
104a388dc1207b546c35e97288953ef2,1,credit_card,5,52.82,2017-11-27,2017-12-26 00:00:00.000000,2026-08-27T05:17:09.287600+00:00,D:/D drive recovery/Shiva JH/Projects/OneLake Medallion/data/landing/2017-11-27/order_payments.parquet,2017-11-27
3d7ee397cbe71826e767837af0d81c2a,1,credit_card,2,123.41,2017-11-27,2017-12-27 18:25:02.000000,2026-08-27T05:17:09.287600+00:00,D:/D drive recovery/Shiva JH/Projects/OneLake Medallion/data/landing/2017-11-27/order_payments.parquet,2017-11-27
d60f3552bae079e5ca539727400d118e,1,credit_card,6,120.9,2017-11-27,2018-01-12 22:58:47.000000,2026-08-27T05:17:09.287600+00:00,D:/D drive recovery/Shiva JH/Projects/OneLake Medallion/data/landing/2017-11-27/order_payments.parquet,2017-11-27
c277b80337c0ca11cae04fe7280ed4eb,1,boleto,1,89.27,2017-11-27,2017-12-11 00:00:00.000000,2026-08-27T05:17:09.287600+00:00,D:/D drive recovery/Shiva JH/Projects/OneLake Medallion/data/landing/2017-11-27/order_payments.parquet,2017-11-27
91e154e25811db233145b3d5d9c3b29a,1,credit_card,4,178.27,2017-12-09,2018-01-11 00:00:00.000000,2026-08-27T05:17:09.287600+00:00,D:/D drive recovery/Shiva JH/Projects/OneLake Medallion/data/landing/2017-12-09/order_payments.parquet,2017-12-09
5e126b0990d319279bcc8e8e8e5ba03c,1,credit_card,2,101.78,2017-12-09,2018-01-12 00:00:00.000000,2026-08-27T05:17:09.287600+00:00,D:/D drive recovery/Shiva JH/Projects/OneLake Medallion/data/landing/2017-12-09/order_payments.parquet,2017-12-09
505efa2eaeb145cfa984edf0efc092f2,1,boleto,1,139.52,2017-12-21,2018-01-19 00:00:00.000000,2026-08-27T05:17:09.287600+00:00,D:/D drive recovery/Shiva JH/Projects/OneLake Medallion/data/landing/2017-12-21/order_payments.parquet,2017-12-21
b00bc9aa349637ff735625300d040f51,1,boleto,1,23.77,2017-12-21,2018-01-11 00:00:00.000000,2026-08-27T05:17:09.287600+00:00,D:/D drive recovery/Shiva JH/Projects/OneLake Medallion/data/landing/2017-12-21/order_payments.parquet,2017-12-21
52cba627ccdd9b94ac5a9be42d31b58a,1,credit_card,3,184.43,2018-01-02,2018-02-05 00:00:00.000000,2026-08-27T05:17:09.287600+00:00,D:/D drive recovery/Shiva JH/Projects/OneLake Medallion/data/landing/2018-01-02/order_payments.parquet,2018-01-02
a294c654ef8ddfa4587ab732ff8aa101,1,boleto,1,32.38,2018-01-02,2018-01-30 00:00:00.000000,2026-08-27T05:17:09.287600+00:00,D:/D drive recovery/Shiva JH/Projects/OneLake Medallion/data/landing/2018-01-02/order_payments.parquet,2018-01-02
aee18d60fc803049a82d81af5f2a75ab,1,credit_card,2,77.8,2018-01-02,2018-02-02 16:12:52.000000,2026-08-27T05:17:09.287600+00:00,D:/D drive recovery/Shiva JH/Projects/OneLake Medallion/data/landing/2018-01-02/order_payments.parquet,2018-01-02
0d3528428e45b7c383b746222c715332,1,boleto,1,83.22,2018-01-02,2018-01-26 00:00:00.000000,2026-08-27T05:17:09.287600+00:00,D:/D drive recovery/Shiva JH/Projects/OneLake Medallion/data/landing/2018-01-02/order_payments.parquet,2018-01-02
f9b70a12018e8fc54ff01781ea794a6b,1,credit_card,3,167.29,2018-01-14,2018-02-08 00:00:00.000000,2026-08-27T05:17:09.287600+00:00,D:/D drive recovery/Shiva JH/Projects/OneLake Medallion/data/landing/2018-01-14/order_payments.parquet,2018-01-14
8ac3b1365e8a70ae432b2a1ee0f68f23,1,credit_card,4,63.05,2018-01-14,2018-02-19 00:00:00.000000,2026-08-27T05:17:09.287600+00:00,D:/D drive recovery/Shiva JH/Projects/OneLake Medallion/data/landing/2018-01-14/order_payments.parquet,2018-01-14
55ff54e053fea20c279fe3c8b698bcca,1,credit_card,1,76.17,2018-01-14,2018-02-07 00:00:00.000000,2026-08-27T05:17:09.287600+00:00,D:/D drive recovery/Shiva JH/Projects/OneLake Medallion/data/landing/2018-01-14/order_payments.parquet,2018-01-14
6b71838c4be9dce33810de87c333e365,1,credit_card,1,345.18,2018-01-14,2018-01-30 00:00:00.000000,2026-08-27T05:17:09.287600+00:00,D:/D drive recovery/Shiva JH/Projects/OneLake Medallion/data/landing/2018-01-14/order_payments.parquet,2018-01-14
d58ee8a6ff29ae9de6d1c8037e0576fe,1,credit_card,1,113.14,2018-01-26,2018-02-20 00:00:00.000000,2026-08-27T05:17:09.287600+00:00,D:/D drive recovery/Shiva JH/Projects/OneLake Medallion/data/landing/2018-01-26/order_payments.parquet,2018-01-26
f28fdc3611b69cc93b0bbd8b1b3afc30,1,credit_card,1,63.63,2018-01-26,2018-02-09 00:00:00.000000,2026-08-27T05:17:09.287600+00:00,D:/D drive recovery/Shiva JH/Projects/OneLake Medallion/data/landing/2018-01-26/order_payments.parquet,2018-01-26
80ce2b07c4a46dfc98710e39bfe3bd26,1,credit_card,1,36.04,2018-01-26,2018-02-19 00:00:00.000000,2026-08-27T05:17:09.287600+00:00,D:/D drive recovery/Shiva JH/Projects/OneLake Medallion/data/landing/2018-01-26/order_payments.parquet,2018-01-26
b6bce07e667be9039b22c511e12bfc0f,1,credit_card,2,38.01,2018-01-26,2018-02-09 00:00:00.000000,2026-08-27T05:17:09.287600+00:00,D:/D drive recovery/Shiva JH/Projects/OneLake Medallion/data/landing/2018-01-26/order_payments.parquet,2018-01-26
0646e0e4885dd8c69dddd6b2742b3b1b,1,credit_card,6,571.42,2018-02-07,2018-03-13 00:00:00.000000,2026-08-27T05:17:09.287600+00:00,D:/D drive recovery/Shiva JH/Projects/OneLake Medallion/data/landing/2018-02-07/order_payments.parquet,2018-02-07
e7b8437c3c5f2441634448e5a2a3d8fb,1,credit_card,2,161.86,2018-02-07,2018-03-14 00:00:00.000000,2026-08-27T05:17:09.287600+00:00,D:/D drive recovery/Shiva JH/Projects/OneLake Medallion/data/landing/2018-02-07/order_payments.parquet,2018-02-07
4a473906f11c8fe0749d47d07c24d13f,1,credit_card,1,179.34,2018-02-19,2018-03-05 00:00:00.000000,2026-08-27T05:17:09.287600+00:00,D:/D drive recovery/Shiva JH/Projects/OneLake Medallion/data/landing/2018-02-19/order_payments.parquet,2018-02-19
59bc56d45d476a352332408dfd911694,1,credit_card,2,44.05,2018-02-19,2018-03-16 00:00:00.000000,2026-08-27T05:17:09.287600+00:00,D:/D drive recovery/Shiva JH/Projects/OneLake Medallion/data/landing/2018-02-19/order_payments.parquet,2018-02-19
d2978c1c5c6b9400dfa6a1c08f735314,1,credit_card,1,35.69,2018-02-19,2018-03-14 00:00:00.000000,2026-08-27T05:17:09.287600+00:00,D:/D drive recovery/Shiva JH/Projects/OneLake Medallion/data/landing/2018-02-19/order_payments.parquet,2018-02-19
fa5d14fa4f6dd2527b10d4d1dab415c4,1,credit_card,1,130.56,2018-02-19,2018-03-13 00:00:00.000000,2026-08-27T05:17:09.287600+00:00,D:/D drive recovery/Shiva JH/Projects/OneLake Medallion/data/landing/2018-02-19/order_payments.parquet,2018-02-19
e840db297233ce8300fa3cd91c595ba6,1,boleto,1,61.5,2018-02-19,2018-03-12 00:00:00.000000,2026-08-27T05:17:09.287600+00:00,D:/D drive recovery/Shiva JH/Projects/OneLake Medallion/data/landing/2018-02-19/order_payments.parquet,2018-02-19
1d4e3c08acd5f70230aa904ef3cb86e3,1,credit_card,1,127.92,2018-02-19,2018-03-15 15:21:24.000000,2026-08-27T05:17:09.287600+00:00,D:/D drive recovery/Shiva JH/Projects/OneLake Medallion/data/landing/2018-02-19/order_payments.parquet,2018-02-19
c312c453f248b2bd69d3e18e2112214e,1,credit_card,2,96.72,2018-02-19,2018-03-19 00:00:00.000000,2026-08-27T05:17:09.287600+00:00,D:/D drive recovery/Shiva JH/Projects/OneLake Medallion/data/landing/2018-02-19/order_payments.parquet,2018-02-19
4334cbad2570eb17ab0f2be70bcc22b7,1,boleto,1,23.78,2018-02-19,2018-03-05 00:00:00.000000,2026-08-27T05:17:09.287600+00:00,D:/D drive recovery/Shiva JH/Projects/OneLake Medallion/data/landing/2018-02-19/order_payments.parquet,2018-02-19
7284ecc4524ff324863b12456e842055,1,credit_card,8,347.32,2018-03-03,2018-04-09 17:03:13.000000,2026-08-27T05:17:09.287600+00:00,D:/D drive recovery/Shiva JH/Projects/OneLake Medallion/data/landing/2018-03-03/order_payments.parquet,2018-03-03
65b776d1206b0677bbeb15704021af48,1,credit_card,2,312.49,2018-03-03,2018-03-27 00:00:00.000000,2026-08-27T05:17:09.287600+00:00,D:/D drive recovery/Shiva JH/Projects/OneLake Medallion/data/landing/2018-03-03/order_payments.parquet,2018-03-03
c7ecacd47d6d485595133ef36fc23570,1,credit_card,1,33.68,2018-03-03,2018-03-15 00:00:00.000000,2026-08-27T05:17:09.287600+00:00,D:/D drive recovery/Shiva JH/Projects/OneLake Medallion/data/landing/2018-03-03/order_payments.parquet,2018-03-03
29fc23bcd9e04ac6a5919350404eb36c,1,credit_card,10,1246.9,2018-03-03,2018-04-04 16:37:00.000000,2026-08-27T05:17:09.287600+00:00,D:/D drive recovery/Shiva JH/Projects/OneLake Medallion/data/landing/2018-03-03/order_payments.parquet,2018-03-03
1809a44d4cfef40b413aa8a35d87903e,1,credit_card,1,34.77,2018-03-03,2018-03-15 00:00:00.000000,2026-08-27T05:17:09.287600+00:00,D:/D drive recovery/Shiva JH/Projects/OneLake Medallion/data/landing/2018-03-03/order_payments.parquet,2018-03-03
950f0e1bdbb03fb26f76d3373ad70e54,1,credit_card,8,156.92,2018-03-03,2018-03-21 00:00:00.000000,2026-08-27T05:17:09.287600+00:00,D:/D drive recovery/Shiva JH/Projects/OneLake Medallion/data/landing/2018-03-03/order_payments.parquet,2018-03-03
ae647800f7009520d784c9c9ab2de7be,1,boleto,1,309.22,2018-03-03,2018-03-28 00:00:00.000000,2026-08-27T05:17:09.287600+00:00,D:/D drive recovery/Shiva JH/Projects/OneLake Medallion/data/landing/2018-03-03/order_payments.parquet,2018-03-03
13d5066bb747cafa23f1bb6d1838eee4,2,voucher,1,81.03,2018-03-15,2018-04-03 00:00:00.000000,2026-08-27T05:17:09.287600+00:00,D:/D drive recovery/Shiva JH/Projects/OneLake Medallion/data/landing/2018-03-15/order_payments.parquet,2018-03-15
13d5066bb747cafa23f1bb6d1838eee4,1,credit_card,1,11.87,2018-03-15,2018-04-03 00:00:00.000000,2026-08-27T05:17:09.287600+00:00,D:/D drive recovery/Shiva JH/Projects/OneLake Medallion/data/landing/2018-03-15/order_payments.parquet,2018-03-15
2158e65196d4219c8f22cf686e1cc8de,1,credit_card,4,44.63,2018-03-15,2018-04-18 00:00:00.000000,2026-08-27T05:17:09.287600+00:00,D:/D drive recovery/Shiva JH/Projects/OneLake Medallion/data/landing/2018-03-15/order_payments.parquet,2018-03-15
4f47419e65cf0a0ad0d769a6287fc6fa,1,credit_card,1,473.58,2018-03-15,2018-04-09 00:00:00.000000,2026-08-27T05:17:09.287600+00:00,D:/D drive recovery/Shiva JH/Projects/OneLake Medallion/data/landing/2018-03-15/order_payments.parquet,2018-03-15
1ef47fb13ee9044b5e5aa3bd388755de,1,credit_card,10,138.62,2018-03-15,2018-04-12 21:05:53.000000,2026-08-27T05:17:09.287600+00:00,D:/D drive recovery/Shiva JH/Projects/OneLake Medallion/data/landing/2018-03-15/order_payments.parquet,2018-03-15
e30e1b2d38289d666f614ee04f5951ba,1,boleto,1,135.72,2018-03-15,2018-04-03 00:00:00.000000,2026-08-27T05:17:09.287600+00:00,D:/D drive recovery/Shiva JH/Projects/OneLake Medallion/data/landing/2018-03-15/order_payments.parquet,2018-03-15
2158e65196d4219c8f22cf686e1cc8de,2,voucher,1,12.5,2018-03-15,2018-04-18 00:00:00.000000,2026-08-27T05:17:09.287600+00:00,D:/D drive recovery/Shiva JH/Projects/OneLake Medallion/data/landing/2018-03-15/order_payments.parquet,2018-03-15
4cb8dd7ed38c78241066cdaa289811ba,1,credit_card,5,1429.59,2018-03-15,2018-04-03 00:00:00.000000,2026-08-27T05:17:09.287600+00:00,D:/D drive recovery/Shiva JH/Projects/OneLake Medallion/data/landing/2018-03-15/order_payments.parquet,2018-03-15
4191fb72d0d41e2814969339894ec19e,1,credit_card,1,129.25,2018-03-15,2018-05-02 00:00:00.000000,2026-08-27T05:17:09.287600+00:00,D:/D drive recovery/Shiva JH/Projects/OneLake Medallion/data/landing/2018-03-15/order_payments.parquet,2018-03-15
fd042392e06a76d51f027c8659ff6815,1,voucher,1,105.63,2018-03-27,2018-04-23 00:00:00.000000,2026-08-27T05:17:09.287600+00:00,D:/D drive recovery/Shiva JH/Projects/OneLake Medallion/data/landing/2018-03-27/order_payments.parquet,2018-03-27
ba637aace31b817e0f186405ae78ccca,1,credit_card,1,55.69,2018-03-27,2018-04-13 00:00:00.000000,2026-08-27T05:17:09.287600+00:00,D:/D drive recovery/Shiva JH/Projects/OneLake Medallion/data/landing/2018-03-27/order_payments.parquet,2018-03-27
2e9459cba62b0d848703c2c3d1c50abe,1,credit_card,3,74.99,2018-03-27,2018-04-16 00:00:00.000000,2026-08-27T05:17:09.287600+00:00,D:/D drive recovery/Shiva JH/Projects/OneLake Medallion/data/landing/2018-03-27/order_payments.parquet,2018-03-27
13f33384dcc1bd99cabcc96a491fe5e3,1,credit_card,2,116.61,2018-03-27,2018-04-30 00:00:00.000000,2026-08-27T05:17:09.287600+00:00,D:/D drive recovery/Shiva JH/Projects/OneLake Medallion/data/landing/2018-03-27/order_payments.parquet,2018-03-27
30f0086bfe1b046a524f8acf1d3eaa11,1,boleto,1,113.67,2018-03-27,2018-04-23 00:00:00.000000,2026-08-27T05:17:09.287600+00:00,D:/D drive recovery/Shiva JH/Projects/OneLake Medallion/data/landing/2018-03-27/order_payments.parquet,2018-03-27
6c529370da5caa0a00a077160dc16b01,1,credit_card,3,69.65,2018-04-08,2018-04-25 00:00:00.000000,2026-08-27T05:17:09.287600+00:00,D:/D drive recovery/Shiva JH/Projects/OneLake Medallion/data/landing/2018-04-08/order_payments.parquet,2018-04-08
b4d6bee8b34f0daf1309fc764051cce5,1,credit_card,2,224.9,2018-04-08,2018-05-07 00:00:00.000000,2026-08-27T05:17:09.287600+00:00,D:/D drive recovery/Shiva JH/Projects/OneLake Medallion/data/landing/2018-04-08/order_payments.parquet,2018-04-08
a1cc6e60e142d31a699056328d83cf82,1,credit_card,1,54.98,2018-04-08,2018-05-07 00:00:00.000000,2026-08-27T05:17:09.287600+00:00,D:/D drive recovery/Shiva JH/Projects/OneLake Medallion/data/landing/2018-04-08/order_payments.parquet,2018-04-08
925ee6cfbb7a083de5384773197aa9f6,1,credit_card,6,1138.39,2018-04-08,2018-05-07 00:00:00.000000,2026-08-27T05:17:09.287600+00:00,D:/D drive recovery/Shiva JH/Projects/OneLake Medallion/data/landing/2018-04-08/order_payments.parquet,2018-04-08
7ed69fbc79fbda50e09caa9c127026e5,1,credit_card,6,117.58,2018-04-20,2018-05-25 00:00:00.000000,2026-08-27T05:17:09.287600+00:00,D:/D drive recovery/Shiva JH/Projects/OneLake Medallion/data/landing/2018-04-20/order_payments.parquet,2018-04-20
20b4a1345c31cae5591e4faccbba51e6,1,credit_card,5,172.96,2018-05-02,2018-06-04 00:00:00.000000,2026-08-27T05:17:09.287600+00:00,D:/D drive recovery/Shiva JH/Projects/OneLake Medallion/data/landing/2018-05-02/order_payments.parquet,2018-05-02
93d02f5f55e689031c89bf0162e50fc9,1,credit_card,1,52.39,2018-05-02,2018-05-15 00:00:00.000000,2026-08-27T05:17:09.287600+00:00,D:/D drive recovery/Shiva JH/Projects/OneLake Medallion/data/landing/2018-05-02/order_payments.parquet,2018-05-02
33f11ddd5042dcc18008c3f804d67a7c,1,credit_card,3,661.43,2018-05-02,2018-06-04 00:00:00.000000,2026-08-27T05:17:09.287600+00:00,D:/D drive recovery/Shiva JH/Projects/OneLake Medallion/data/landing/2018-05-02/order_payments.parquet,2018-05-02
ef6a08eb361817fe2908f1553b5d00f1,1,credit_card,1,232.44,2018-05-02,2018-05-16 00:00:00.000000,2026-08-27T05:17:09.287600+00:00,D:/D drive recovery/Shiva JH/Projects/OneLake Medallion/data/landing/2018-05-02/order_payments.parquet,2018-05-02
5bebe39740e4434a58d1fead1a4d854d,1,credit_card,4,108.41,2018-05-02,2018-05-30 00:00:00.000000,2026-08-27T05:17:09.287600+00:00,D:/D drive recovery/Shiva JH/Projects/OneLake Medallion/data/landing/2018-05-02/order_payments.parquet,2018-05-02
715001949a42ea3ce6599c13f748dbb5,1,credit_card,1,31.39,2018-05-02,2018-05-17 00:00:00.000000,2026-08-27T05:17:09.287600+00:00,D:/D drive recovery/Shiva JH/Projects/OneLake Medallion/data/landing/2018-05-02/order_payments.parquet,2018-05-02
707ce3d3698a90d1ab9d9c2dc47223c2,1,credit_card,2,128.85,2018-05-02,2018-05-21 00:00:00.000000,2026-08-27T05:17:09.287600+00:00,D:/D drive recovery/Shiva JH/Projects/OneLake Medallion/data/landing/2018-05-02/order_payments.parquet,2018-05-02
426cb887d39c423e83e61bcc40e6c973,1,credit_card,1,56.96,2018-05-02,2018-06-11 00:00:00.000000,2026-08-27T05:17:09.287600+00:00,D:/D drive recovery/Shiva JH/Projects/OneLake Medallion/data/landing/2018-05-02/order_payments.parquet,2018-05-02
0547cd893959df1f7e54aeaee4368577,1,credit_card,3,123.11,2018-05-02,2018-05-23 00:00:00.000000,2026-08-27T05:17:09.287600+00:00,D:/D drive recovery/Shiva JH/Projects/OneLake Medallion/data/landing/2018-05-02/order_payments.parquet,2018-05-02
7a571da00e7b58c32fce2e6eb560dbde,1,boleto,1,34.58,2018-05-14,2018-05-24 00:00:00.000000,2026-08-27T05:17:09.287600+00:00,D:/D drive recovery/Shiva JH/Projects/OneLake Medallion/data/landing/2018-05-14/order_payments.parquet,2018-05-14
c1ce7c20699d83bcfb424c8e800a1788,1,credit_card,1,122.52,2018-05-14,2018-07-24 18:28:27.000000,2026-08-27T05:17:09.287600+00:00,D:/D drive recovery/Shiva JH/Projects/OneLake Medallion/data/landing/2018-05-14/order_payments.parquet,2018-05-14
7ad268e7217705092ee455d9bd8d3aad,1,credit_card,1,52.05,2018-05-14,2018-06-05 00:00:00.000000,2026-08-27T05:17:09.287600+00:00,D:/D drive recovery/Shiva JH/Projects/OneLake Medallion/data/landing/2018-05-14/order_payments.parquet,2018-05-14
21235c5a99a117c776a72a4de3276027,1,credit_card,3,109.42,2018-05-14,2018-06-04 00:00:00.000000,2026-08-27T05:17:09.287600+00:00,D:/D drive recovery/Shiva JH/Projects/OneLake Medallion/data/landing/2018-05-14/order_payments.parquet,2018-05-14
9fb02202e7778ace9ab4c5bd3d1fc95d,1,credit_card,1,67.22,2018-05-14,2018-06-05 00:00:00.000000,2026-08-27T05:17:09.287600+00:00,D:/D drive recovery/Shiva JH/Projects/OneLake Medallion/data/landing/2018-05-14/order_payments.parquet,2018-05-14
940e896188811aa2bf507e26b3af6f14,1,credit_card,8,754.81,2018-05-14,2018-06-14 00:00:00.000000,2026-08-27T05:17:09.287600+00:00,D:/D drive recovery/Shiva JH/Projects/OneLake Medallion/data/landing/2018-05-14/order_payments.parquet,2018-05-14
765f62aa9ec878cf62b1533261ae8e87,1,credit_card,1,69.9,2018-05-26,2018-06-29 00:00:00.000000,2026-08-27T05:17:09.287600+00:00,D:/D drive recovery/Shiva JH/Projects/OneLake Medallion/data/landing/2018-05-26/order_payments.parquet,2018-05-26
f3863782b51a1c378f36a99845aacbe7,1,credit_card,2,118.55,2018-05-26,2018-07-04 00:00:00.000000,2026-08-27T05:17:09.287600+00:00,D:/D drive recovery/Shiva JH/Projects/OneLake Medallion/data/landing/2018-05-26/order_payments.parquet,2018-05-26
a73d909b08c8058d8c1f42cdb2ada6ae,1,credit_card,1,21.04,2018-05-26,2018-06-20 00:00:00.000000,2026-08-27T05:17:09.287600+00:00,D:/D drive recovery/Shiva JH/Projects/OneLake Medallion/data/landing/2018-05-26/order_payments.parquet,2018-05-26
dcb36b511fcac050b97cd5c05de84dc3,1,credit_card,10,146.45,2018-06-07,2018-07-04 00:00:00.000000,2026-08-27T05:17:09.287600+00:00,D:/D drive recovery/Shiva JH/Projects/OneLake Medallion/data/landing/2018-06-07/order_payments.parquet,2018-06-07
85c14f3be89a889592d53a5b8ff031bb,1,credit_card,3,89.36,2018-06-07,2018-07-11 00:00:00.000000,2026-08-27T05:17:09.287600+00:00,D:/D drive recovery/Shiva JH/Projects/OneLake Medallion/data/landing/2018-06-07/order_payments.parquet,2018-06-07
824d9780d0313771024a0c70fe9dd9a7,1,credit_card,10,961.49,2018-06-07,2018-06-25 00:00:00.000000,2026-08-27T05:17:09.287600+00:00,D:/D drive recovery/Shiva JH/Projects/OneLake Medallion/data/landing/2018-06-07/order_payments.parquet,2018-06-07
de0d5d6bf2003cc68cddbcbb3783b87d,1,credit_card,4,64.22,2018-06-07,2018-07-04 00:00:00.000000,2026-08-27T05:17:09.287600+00:00,D:/D drive recovery/Shiva JH/Projects/OneLake Medallion/data/landing/2018-06-07/order_payments.parquet,2018-06-07
bd7f8a8a67a2c07406735945fc28b4c7,1,credit_card,3,32.43,2018-06-19,2018-07-03 00:00:00.000000,2026-08-27T05:17:09.287600+00:00,D:/D drive recovery/Shiva JH/Projects/OneLake Medallion/data/landing/2018-06-19/order_payments.parquet,2018-06-19
fdad9ac63eb92d4413a159106156cab1,1,credit_card,1,150.08,2018-06-19,2018-07-24 00:00:00.000000,2026-08-27T05:17:09.287600+00:00,D:/D drive recovery/Shiva JH/Projects/OneLake Medallion/data/landing/2018-06-19/order_payments.parquet,2018-06-19
ff014de83d667807820e68d8ea975281,1,credit_card,1,35.11,2018-06-19,2018-07-13 00:00:00.000000,2026-08-27T05:17:09.287600+00:00,D:/D drive recovery/Shiva JH/Projects/OneLake Medallion/data/landing/2018-06-19/order_payments.parquet,2018-06-19
6d78521e00f69cd15f0a4f73f9f561e4,1,boleto,1,165.26,2018-06-19,2018-07-11 00:00:00.000000,2026-08-27T05:17:09.287600+00:00,D:/D drive recovery/Shiva JH/Projects/OneLake Medallion/data/landing/2018-06-19/order_payments.parquet,2018-06-19
50c4d73707f3154c08eb85d0fd1e5149,1,boleto,1,24.13,2018-06-19,2018-07-16 00:00:00.000000,2026-08-27T05:17:09.287600+00:00,D:/D drive recovery/Shiva JH/Projects/OneLake Medallion/data/landing/2018-06-19/order_payments.parquet,2018-06-19
3a1f0844864136aa18f6710238f40e6e,1,debit_card,1,200.02,2018-06-19,2018-07-04 00:00:00.000000,2026-08-27T05:17:09.287600+00:00,D:/D drive recovery/Shiva JH/Projects/OneLake Medallion/data/landing/2018-06-19/order_payments.parquet,2018-06-19
126da462f642d99483c0691ac474c783,2,voucher,1,83.39,2017-01-27,2017-03-02 00:00:00.000000,2026-08-27T05:17:09.287600+00:00,D:/D drive recovery/Shiva JH/Projects/OneLake Medallion/data/landing/2017-01-27/order_payments.parquet,2017-01-27
126da462f642d99483c0691ac474c783,1,credit_card,1,64.51,2017-01-27,2017-03-02 00:00:00.000000,2026-08-27T05:17:09.287600+00:00,D:/D drive recovery/Shiva JH/Projects/OneLake Medallion/data/landing/2017-01-27/order_payments.parquet,2017-01-27
f40d3749a6d621bb95be74a8ce79e06f,1,credit_card,8,1347.96,2017-02-08,2017-03-16 00:00:00.000000,2026-08-27T05:17:09.287600+00:00,D:/D drive recovery/Shiva JH/Projects/OneLake Medallion/data/landing/2017-02-08/order_payments.parquet,2017-02-08
17028de7d02a1fca7c1d08221b859b77,1,credit_card,6,213.59,2017-02-08,2017-03-27 00:00:00.000000,2026-08-27T05:17:09.287600+00:00,D:/D drive recovery/Shiva JH/Projects/OneLake Medallion/data/landing/2017-02-08/order_payments.parquet,2017-02-08
5667af66694cc07bce46f7af2ed32ed6,1,credit_card,1,69.75,2017-03-04,2017-04-05 12:34:35.000000,2026-08-27T05:17:09.287600+00:00,D:/D drive recovery/Shiva JH/Projects/OneLake Medallion/data/landing/2017-03-04/order_payments.parquet,2017-03-04
c4f3b6a5e1b0cd332ac54136c94c5053,1,credit_card,3,156.58,2017-03-28,2017-04-24 00:00:00.000000,2026-08-27T05:17:09.287600+00:00,D:/D drive recovery/Shiva JH/Projects/OneLake Medallion/data/landing/2017-03-28/order_payments.parquet,2017-03-28
fbbfacf696d50761d1947ab6fb641764,1,credit_card,2,94.88,2017-03-28,2017-05-03 00:00:00.000000,2026-08-27T05:17:09.287600+00:00,D:/D drive recovery/Shiva JH/Projects/OneLake Medallion/data/landing/2017-03-28/order_payments.parquet,2017-03-28
c583699ad331158897d9bf20f1a60004,1,credit_card,1,36.71,2017-03-28,2017-04-17 00:00:00.000000,2026-08-27T05:17:09.287600+00:00,D:/D drive recovery/Shiva JH/Projects/OneLake Medallion/data/landing/2017-03-28/order_payments.parquet,2017-03-28
2c115ba9e25f2b8932ec710356d9eca9,1,boleto,1,32.96,2017-03-28,2017-04-17 00:00:00.000000,2026-08-27T05:17:09.287600+00:00,D:/D drive recovery/Shiva JH/Projects/OneLake Medallion/data/landing/2017-03-28/order_payments.parquet,2017-03-28
ecc6c5d76a4d38a9b95c0fe288b3f220,1,credit_card,2,24.86,2017-04-09,2017-05-16 00:00:00.000000,2026-08-27T05:17:09.287600+00:00,D:/D drive recovery/Shiva JH/Projects/OneLake Medallion/data/landing/2017-04-09/order_payments.parquet,2017-04-09
6b62e435ad4cc81a538f9a279049f490,1,credit_card,5,246.79,2017-04-09,2017-05-30 00:00:00.000000,2026-08-27T05:17:09.287600+00:00,D:/D drive recovery/Shiva JH/Projects/OneLake Medallion/data/landing/2017-04-09/order_payments.parquet,2017-04-09
fca7b989b55ec495fc04ef8344bdb7d9,1,boleto,1,198.59,2017-04-09,2017-05-17 00:00:00.000000,2026-08-27T05:17:09.287600+00:00,D:/D drive recovery/Shiva JH/Projects/OneLake Medallion/data/landing/2017-04-09/order_payments.parquet,2017-04-09
2228184e3773ea7d28d150ed03ef65dc,1,credit_card,2,65.46,2017-04-09,2017-05-04 00:00:00.000000,2026-08-27T05:17:09.287600+00:00,D:/D drive recovery/Shiva JH/Projects/OneLake Medallion/data/landing/2017-04-09/order_payments.parquet,2017-04-09
6064862631581009b8eb676bc264d91f,3,voucher,1,40.11,2017-04-21,2017-05-26 00:00:00.000000,2026-08-27T05:17:09.287600+00:00,D:/D drive recovery/Shiva JH/Projects/OneLake Medallion/data/landing/2017-04-21/order_payments.parquet,2017-04-21
42113e78f28f6201edc22b1a9f50ca81,1,credit_card,2,130.02,2017-04-21,2017-05-15 00:00:00.000000,2026-08-27T05:17:09.287600+00:00,D:/D drive recovery/Shiva JH/Projects/OneLake Medallion/data/landing/2017-04-21/order_payments.parquet,2017-04-21
6064862631581009b8eb676bc264d91f,2,voucher,1,40.11,2017-04-21,2017-05-26 00:00:00.000000,2026-08-27T05:17:09.287600+00:00,D:/D drive recovery/Shiva JH/Projects/OneLake Medallion/data/landing/2017-04-21/order_payments.parquet,2017-04-21
f0b2f79f97e12f27b91c3570c725a81c,1,credit_card,10,180.31,2017-04-21,2017-05-15 00:00:00.000000,2026-08-27T05:17:09.287600+00:00,D:/D drive recovery/Shiva JH/Projects/OneLake Medallion/data/landing/2017-04-21/order_payments.parquet,2017-04-21
6064862631581009b8eb676bc264d91f,1,voucher,1,3.33,2017-04-21,2017-05-26 00:00:00.000000,2026-08-27T05:17:09.287600+00:00,D:/D drive recovery/Shiva JH/Projects/OneLake Medallion/data/landing/2017-04-21/order_payments.parquet,2017-04-21
6064862631581009b8eb676bc264d91f,4,voucher,1,31.47,2017-04-21,2017-05-26 00:00:00.000000,2026-08-27T05:17:09.287600+00:00,D:/D drive recovery/Shiva JH/Projects/OneLake Medallion/data/landing/2017-04-21/order_payments.parquet,2017-04-21
6f1ea17aaf0660f7eea41df1f6fc9e27,1,credit_card,2,67.5,2017-04-21,2017-05-16 10:53:03.000000,2026-08-27T05:17:09.287600+00:00,D:/D drive recovery/Shiva JH/Projects/OneLake Medallion/data/landing/2017-04-21/order_payments.parquet,2017-04-21
e85e15e26534991f32622474410df797,1,credit_card,4,52.0,2017-05-15,2017-06-06 00:00:00.000000,2026-08-27T05:17:09.287600+00:00,D:/D drive recovery/Shiva JH/Projects/OneLake Medallion/data/landing/2017-05-15/order_payments.parquet,2017-05-15
89e954a7919e964597b60e9f016df7fd,1,credit_card,1,47.74,2017-05-15,2017-06-08 00:00:00.000000,2026-08-27T05:17:09.287600+00:00,D:/D drive recovery/Shiva JH/Projects/OneLake Medallion/data/landing/2017-05-15/order_payments.parquet,2017-05-15
bd642c6155f02b3fb7eb4a527389fa64,1,boleto,1,117.26,2017-05-15,2017-06-14 00:00:00.000000,2026-08-27T05:17:09.287600+00:00,D:/D drive recovery/Shiva JH/Projects/OneLake Medallion/data/landing/2017-05-15/order_payments.parquet,2017-05-15
b83427fcf80fd88d941541011ac876f8,1,credit_card,7,476.87,2017-05-15,2017-06-06 00:00:00.000000,2026-08-27T05:17:09.287600+00:00,D:/D drive recovery/Shiva JH/Projects/OneLake Medallion/data/landing/2017-05-15/order_payments.parquet,2017-05-15
861fa2fc596992bd6ea8bbf16cce85a4,1,credit_card,4,181.29,2017-05-27,2017-06-21 00:00:00.000000,2026-08-27T05:17:09.287600+00:00,D:/D drive recovery/Shiva JH/Projects/OneLake Medallion/data/landing/2017-05-27/order_payments.parquet,2017-05-27
b92ef17170294d7b2fc093e20bd305c9,1,credit_card,10,356.12,2017-05-27,2017-06-28 00:00:00.000000,2026-08-27T05:17:09.287600+00:00,D:/D drive recovery/Shiva JH/Projects/OneLake Medallion/data/landing/2017-05-27/order_payments.parquet,2017-05-27
56a699750378066e427e2feaaa048399,1,credit_card,5,110.42,2017-06-20,2017-07-14 00:00:00.000000,2026-08-27T05:17:09.287600+00:00,D:/D drive recovery/Shiva JH/Projects/OneLake Medallion/data/landing/2017-06-20/order_payments.parquet,2017-06-20
d0ecd96d0c6926c81ff571a7c21bfdca,1,credit_card,8,196.01,2017-06-20,2017-07-18 00:00:00.000000,2026-08-27T05:17:09.287600+00:00,D:/D drive recovery/Shiva JH/Projects/OneLake Medallion/data/landing/2017-06-20/order_payments.parquet,2017-06-20
8647ff7e5f9536a33f5e6fd7f2c08d2a,1,boleto,1,145.57,2017-07-02,2017-07-31 00:00:00.000000,2026-08-27T05:17:09.287600+00:00,D:/D drive recovery/Shiva JH/Projects/OneLake Medallion/data/landing/2017-07-02/order_payments.parquet,2017-07-02
75ceee59b8189aba5543675b806600ae,1,credit_card,1,57.68,2017-07-02,2017-07-14 00:00:00.000000,2026-08-27T05:17:09.287600+00:00,D:/D drive recovery/Shiva JH/Projects/OneLake Medallion/data/landing/2017-07-02/order_payments.parquet,2017-07-02
3d4369dcce579868d4629c19b96260c9,1,credit_card,5,302.37,2017-07-14,2017-07-27 00:00:00.000000,2026-08-27T05:17:09.287600+00:00,D:/D drive recovery/Shiva JH/Projects/OneLake Medallion/data/landing/2017-07-14/order_payments.parquet,2017-07-14
960de6b16b5ce4196d243baeb9d1a699,1,credit_card,3,178.44,2017-07-14,2017-08-17 00:00:00.000000,2026-08-27T05:17:09.287600+00:00,D:/D drive recovery/Shiva JH/Projects/OneLake Medallion/data/landing/2017-07-14/order_payments.parquet,2017-07-14
9ccfe5d0484872e6df585a289fc12206,1,credit_card,2,165.57,2017-07-14,2017-08-03 00:00:00.000000,2026-08-27T05:17:09.287600+00:00,D:/D drive recovery/Shiva JH/Projects/OneLake Medallion/data/landing/2017-07-14/order_payments.parquet,2017-07-14
b6fa3751148ad8ba139779f6543951d9,1,credit_card,4,47.84,2017-07-14,2017-08-01 00:00:00.000000,2026-08-27T05:17:09.287600+00:00,D:/D drive recovery/Shiva JH/Projects/OneLake Medallion/data/landing/2017-07-14/order_payments.parquet,2017-07-14
cb589c751e6f002a96214f3a5c9284d4,1,boleto,1,150.76,2017-07-26,2017-08-11 00:00:00.000000,2026-08-27T05:17:09.287600+00:00,D:/D drive recovery/Shiva JH/Projects/OneLake Medallion/data/landing/2017-07-26/order_payments.parquet,2017-07-26
f2bb3a124d84782133f5aadabe42adca,1,credit_card,5,119.48,2017-08-07,2017-08-18 00:00:00.000000,2026-08-27T05:17:09.287600+00:00,D:/D drive recovery/Shiva JH/Projects/OneLake Medallion/data/landing/2017-08-07/order_payments.parquet,2017-08-07
0d6b94a6fbdff968503c0aa3e7bffdbf,1,credit_card,6,296.71,2017-08-07,2017-08-31 00:00:00.000000,2026-08-27T05:17:09.287600+00:00,D:/D drive recovery/Shiva JH/Projects/OneLake Medallion/data/landing/2017-08-07/order_payments.parquet,2017-08-07
9f101be6d0a10cb40cc622691e49714c,1,credit_card,2,146.68,2017-08-07,2017-09-01 00:00:00.000000,2026-08-27T05:17:09.287600+00:00,D:/D drive recovery/Shiva JH/Projects/OneLake Medallion/data/landing/2017-08-07/order_payments.parquet,2017-08-07
fd22d0466cd7c6203111661f9efc93a1,1,credit_card,1,61.6,2017-08-07,2017-08-29 00:00:00.000000,2026-08-27T05:17:09.287600+00:00,D:/D drive recovery/Shiva JH/Projects/OneLake Medallion/data/landing/2017-08-07/order_payments.parquet,2017-08-07
72ba71ffcbc76a06e416c07d00d047f0,1,credit_card,1,73.5,2017-08-07,2017-08-29 00:00:00.000000,2026-08-27T05:17:09.287600+00:00,D:/D drive recovery/Shiva JH/Projects/OneLake Medallion/data/landing/2017-08-07/order_payments.parquet,2017-08-07
6c589cce00692bb7fbd49d0eac280b17,1,boleto,1,207.09,2017-08-07,2017-08-31 00:00:00.000000,2026-08-27T05:17:09.287600+00:00,D:/D drive recovery/Shiva JH/Projects/OneLake Medallion/data/landing/2017-08-07/order_payments.parquet,2017-08-07
57f67475fb7b09eedaba20d1a7cc6097,1,credit_card,4,175.77,2017-08-07,2017-08-31 00:00:00.000000,2026-08-27T05:17:09.287600+00:00,D:/D drive recovery/Shiva JH/Projects/OneLake Medallion/data/landing/2017-08-07/order_payments.parquet,2017-08-07
e588764e20ea16aa323300b4b52de660,1,credit_card,7,77.89,2017-08-07,2017-09-06 00:00:00.000000,2026-08-27T05:17:09.287600+00:00,D:/D drive recovery/Shiva JH/Projects/OneLake Medallion/data/landing/2017-08-07/order_payments.parquet,2017-08-07
aa07fc0f496d65986abc9044683b8800,1,credit_card,3,397.04,2017-08-19,2017-09-21 00:00:00.000000,2026-08-27T05:17:09.287600+00:00,D:/D drive recovery/Shiva JH/Projects/OneLake Medallion/data/landing/2017-08-19/order_payments.parquet,2017-08-19
be4c0eb384232a183463d7d7604842d3,1,credit_card,2,85.14,2017-08-31,2017-09-27 00:00:00.000000,2026-08-27T05:17:09.287600+00:00,D:/D drive recovery/Shiva JH/Projects/OneLake Medallion/data/landing/2017-08-31/order_payments.parquet,2017-08-31
e972859dd2d7d7681b40ecd41a465361,1,voucher,1,77.57,2017-08-31,2017-09-28 00:00:00.000000,2026-08-27T05:17:09.287600+00:00,D:/D drive recovery/Shiva JH/Projects/OneLake Medallion/data/landing/2017-08-31/order_payments.parquet,2017-08-31
30f3565c987f787c24733cdb37313a0c,1,credit_card,1,82.7,2017-08-31,2017-09-22 00:00:00.000000,2026-08-27T05:17:09.287600+00:00,D:/D drive recovery/Shiva JH/Projects/OneLake Medallion/data/landing/2017-08-31/order_payments.parquet,2017-08-31
572acae7da06b5b656a1b296d1fb131f,1,boleto,1,35.0,2017-08-31,2017-09-21 00:00:00.000000,2026-08-27T05:17:09.287600+00:00,D:/D drive recovery/Shiva JH/Projects/OneLake Medallion/data/landing/2017-08-31/order_payments.parquet,2017-08-31
c8bb5e3a323ce2493a2a00f055b10f11,1,credit_card,2,106.39,2017-09-12,2017-10-02 00:00:00.000000,2026-08-27T05:17:09.287600+00:00,D:/D drive recovery/Shiva JH/Projects/OneLake Medallion/data/landing/2017-09-12/order_payments.parquet,2017-09-12
c9c0bd3b9db92cebece12e761bb8454c,1,credit_card,7,72.53,2017-09-12,2017-10-04 00:00:00.000000,2026-08-27T05:17:09.287600+00:00,D:/D drive recovery/Shiva JH/Projects/OneLake Medallion/data/landing/2017-09-12/order_payments.parquet,2017-09-12
ded9b5ad95de67a5c760e7941c8309c1,1,boleto,1,850.0,2017-09-12,2017-10-31 00:00:00.000000,2026-08-27T05:17:09.287600+00:00,D:/D drive recovery/Shiva JH/Projects/OneLake Medallion/data/landing/2017-09-12/order_payments.parquet,2017-09-12
456e593fb7f3e6083eb5adf9a48290f8,1,credit_card,3,320.44,2017-09-12,2017-10-18 00:00:00.000000,2026-08-27T05:17:09.287600+00:00,D:/D drive recovery/Shiva JH/Projects/OneLake Medallion/data/landing/2017-09-12/order_payments.parquet,2017-09-12
0896d006da3ad8dc1b39b408ea428eb0,1,credit_card,4,133.49,2017-09-12,2017-10-04 00:00:00.000000,2026-08-27T05:17:09.287600+00:00,D:/D drive recovery/Shiva JH/Projects/OneLake Medallion/data/landing/2017-09-12/order_payments.parquet,2017-09-12
557cc2675910c4a6c9b54ad276f25097,1,credit_card,1,56.77,2017-09-24,2017-10-10 00:00:00.000000,2026-08-27T05:17:09.287600+00:00,D:/D drive recovery/Shiva JH/Projects/OneLake Medallion/data/landing/2017-09-24/order_payments.parquet,2017-09-24
ea87e1e6046149ed0257414f5021caa4,1,credit_card,1,63.05,2017-10-06,2017-11-10 00:00:00.000000,2026-08-27T05:17:09.287600+00:00,D:/D drive recovery/Shiva JH/Projects/OneLake Medallion/data/landing/2017-10-06/order_payments.parquet,2017-10-06
0ca8999f0176e37f35b6e49a9b2569da,1,credit_card,2,98.8,2017-10-06,2017-10-24 13:36:19.000000,2026-08-27T05:17:09.287600+00:00,D:/D drive recovery/Shiva JH/Projects/OneLake Medallion/data/landing/2017-10-06/order_payments.parquet,2017-10-06
48dcae389be2ddd6ad3ba930055ebe4f,2,voucher,1,50.0,2017-10-06,2017-11-10 00:00:00.000000,2026-08-27T05:17:09.287600+00:00,D:/D drive recovery/Shiva JH/Projects/OneLake Medallion/data/landing/2017-10-06/order_payments.parquet,2017-10-06
d5aa77f5eed8acdd598a687ccc27cfa8,1,credit_card,3,173.66,2017-10-06,2017-10-31 12:15:06.000000,2026-08-27T05:17:09.287600+00:00,D:/D drive recovery/Shiva JH/Projects/OneLake Medallion/data/landing/2017-10-06/order_payments.parquet,2017-10-06
48dcae389be2ddd6ad3ba930055ebe4f,1,credit_card,1,8.12,2017-10-06,2017-11-10 00:00:00.000000,2026-08-27T05:17:09.287600+00:00,D:/D drive recovery/Shiva JH/Projects/OneLake Medallion/data/landing/2017-10-06/order_payments.parquet,2017-10-06
a669137c06cc23b7962d63be3a2ad6d1,1,credit_card,3,641.2,2017-10-18,2017-10-30 00:00:00.000000,2026-08-27T05:17:09.287600+00:00,D:/D drive recovery/Shiva JH/Projects/OneLake Medallion/data/landing/2017-10-18/order_payments.parquet,2017-10-18
61181b6edca2c3a0b58c77e58d91a8a3,1,credit_card,1,73.13,2017-10-18,2017-11-16 00:00:00.000000,2026-08-27T05:17:09.287600+00:00,D:/D drive recovery/Shiva JH/Projects/OneLake Medallion/data/landing/2017-10-18/order_payments.parquet,2017-10-18
6c9fa8bfb266b4c7de3e162fb28f46d8,1,boleto,1,235.55,2017-10-18,2017-11-07 00:00:00.000000,2026-08-27T05:17:09.287600+00:00,D:/D drive recovery/Shiva JH/Projects/OneLake Medallion/data/landing/2017-10-18/order_payments.parquet,2017-10-18
7c2aefdd602f9df2ae6eb835d3973974,1,credit_card,3,31.27,2017-10-18,2017-11-08 00:00:00.000000,2026-08-27T05:17:09.287600+00:00,D:/D drive recovery/Shiva JH/Projects/OneLake Medallion/data/landing/2017-10-18/order_payments.parquet,2017-10-18
d856e505d0de5e968c3b1dffca9c8940,1,boleto,1,98.7,2017-10-18,2017-11-10 00:00:00.000000,2026-08-27T05:17:09.287600+00:00,D:/D drive recovery/Shiva JH/Projects/OneLake Medallion/data/landing/2017-10-18/order_payments.parquet,2017-10-18
cf72ba515bbb8a0ee1723579cc7d0380,1,credit_card,7,78.62,2017-10-18,2017-10-30 00:00:00.000000,2026-08-27T05:17:09.287600+00:00,D:/D drive recovery/Shiva JH/Projects/OneLake Medallion/data/landing/2017-10-18/order_payments.parquet,2017-10-18
88ed70c8a41eb5445e5221d691d08a7c,1,credit_card,1,346.86,2017-10-18,2017-11-09 00:00:00.000000,2026-08-27T05:17:09.287600+00:00,D:/D drive recovery/Shiva JH/Projects/OneLake Medallion/data/landing/2017-10-18/order_payments.parquet,2017-10-18
16a73b59c868ed5c7152b96b0ebc7693,1,credit_card,1,207.97,2017-10-18,2017-12-04 00:00:00.000000,2026-08-27T05:17:09.287600+00:00,D:/D drive recovery/Shiva JH/Projects/OneLake Medallion/data/landing/2017-10-18/order_payments.parquet,2017-10-18
37e2f07d315a41d5a272a4bb61fa0b01,1,credit_card,4,359.85,2017-10-18,2017-11-09 00:00:00.000000,2026-08-27T05:17:09.287600+00:00,D:/D drive recovery/Shiva JH/Projects/OneLake Medallion/data/landing/2017-10-18/order_payments.parquet,2017-10-18
a68ddd6009f7c4914e2bc86567262d3b,1,credit_card,2,167.51,2017-10-30,2017-12-02 00:41:52.000000,2026-08-27T05:17:09.287600+00:00,D:/D drive recovery/Shiva JH/Projects/OneLake Medallion/data/landing/2017-10-30/order_payments.parquet,2017-10-30
c269cce123fb9db14b5d2cbe52b36ea5,1,boleto,1,37.35,2017-10-30,2017-11-17 00:00:00.000000,2026-08-27T05:17:09.287600+00:00,D:/D drive recovery/Shiva JH/Projects/OneLake Medallion/data/landing/2017-10-30/order_payments.parquet,2017-10-30
873950bfe2dcc227baea5f82f8f2a438,1,credit_card,3,85.8,2017-11-11,2017-11-27 00:00:00.000000,2026-08-27T05:17:09.287600+00:00,D:/D drive recovery/Shiva JH/Projects/OneLake Medallion/data/landing/2017-11-11/order_payments.parquet,2017-11-11
d124af20920be41458d0325b9827df31,1,credit_card,4,242.8,2017-11-11,2017-12-05 17:14:14.000000,2026-08-27T05:17:09.287600+00:00,D:/D drive recovery/Shiva JH/Projects/OneLake Medallion/data/landing/2017-11-11/order_payments.parquet,2017-11-11
37106a52065add00bf3e59408c290323,1,boleto,1,150.27,2017-11-23,2017-12-15 00:00:00.000000,2026-08-27T05:17:09.287600+00:00,D:/D drive recovery/Shiva JH/Projects/OneLake Medallion/data/landing/2017-11-23/order_payments.parquet,2017-11-23
84e4486c820db46414cbfb1dbbe80889,1,credit_card,5,133.34,2017-11-23,2017-12-14 00:00:00.000000,2026-08-27T05:17:09.287600+00:00,D:/D drive recovery/Shiva JH/Projects/OneLake Medallion/data/landing/2017-11-23/order_payments.parquet,2017-11-23
e271431ad37021b0e445c4f01a6ff83c,1,boleto,1,148.04,2017-11-23,2017-12-26 00:00:00.000000,2026-08-27T05:17:09.287600+00:00,D:/D drive recovery/Shiva JH/Projects/OneLake Medallion/data/landing/2017-11-23/order_payments.parquet,2017-11-23
2e3d96522c8c378d4135c12a65c977aa,1,credit_card,4,47.62,2017-11-23,2017-12-18 00:00:00.000000,2026-08-27T05:17:09.287600+00:00,D:/D drive recovery/Shiva JH/Projects/OneLake Medallion/data/landing/2017-11-23/order_payments.parquet,2017-11-23
33333d8eea2fd73fef836145d8e725ea,1,credit_card,1,38.09,2017-12-05,2018-01-09 00:00:00.000000,2026-08-27T05:17:09.287600+00:00,D:/D drive recovery/Shiva JH/Projects/OneLake Medallion/data/landing/2017-12-05/order_payments.parquet,2017-12-05
061f2692f309a270bc04537e0a2508bb,1,credit_card,8,102.23,2017-12-05,2017-12-27 00:00:00.000000,2026-08-27T05:17:09.287600+00:00,D:/D drive recovery/Shiva JH/Projects/OneLake Medallion/data/landing/2017-12-05/order_payments.parquet,2017-12-05
2f1a68671a42c4f1cb4dad01656333da,1,credit_card,2,113.71,2017-12-05,2017-12-28 00:00:00.000000,2026-08-27T05:17:09.287600+00:00,D:/D drive recovery/Shiva JH/Projects/OneLake Medallion/data/landing/2017-12-05/order_payments.parquet,2017-12-05
d4c58595bdf85c5e0faf0800e4ef4b94,1,credit_card,1,243.0,2017-12-05,2017-12-28 00:00:00.000000,2026-08-27T05:17:09.287600+00:00,D:/D drive recovery/Shiva JH/Projects/OneLake Medallion/data/landing/2017-12-05/order_payments.parquet,2017-12-05
53a72dbf29b3890aeae332e05c763169,1,credit_card,3,190.37,2017-12-05,2018-01-03 00:00:00.000000,2026-08-27T05:17:09.287600+00:00,D:/D drive recovery/Shiva JH/Projects/OneLake Medallion/data/landing/2017-12-05/order_payments.parquet,2017-12-05
a3c3508e603e9411b2b69972993bd079,1,boleto,1,369.92,2017-12-05,2018-01-10 00:00:00.000000,2026-08-27T05:17:09.287600+00:00,D:/D drive recovery/Shiva JH/Projects/OneLake Medallion/data/landing/2017-12-05/order_payments.parquet,2017-12-05
9d37b4cfbb7cf24c2397f41803927b9a,1,credit_card,1,125.42,2017-12-05,2018-01-03 00:00:00.000000,2026-08-27T05:17:09.287600+00:00,D:/D drive recovery/Shiva JH/Projects/OneLake Medallion/data/landing/2017-12-05/order_payments.parquet,2017-12-05
3a6bf12cb580b92b0d58b93fd1a35e17,1,credit_card,4,239.35,2017-12-05,2017-12-21 00:00:00.000000,2026-08-27T05:17:09.287600+00:00,D:/D drive recovery/Shiva JH/Projects/OneLake Medallion/data/landing/2017-12-05/order_payments.parquet,2017-12-05
f1683f4bfd72d0680bb05961cde27a66,1,boleto,1,148.06,2017-12-05,2018-01-02 00:00:00.000000,2026-08-27T05:17:09.287600+00:00,D:/D drive recovery/Shiva JH/Projects/OneLake Medallion/data/landing/2017-12-05/order_payments.parquet,2017-12-05
ba3c3f0a08fc618d7bee784ef3a1574e,1,boleto,1,201.15,2017-12-05,2018-01-05 00:00:00.000000,2026-08-27T05:17:09.287600+00:00,D:/D drive recovery/Shiva JH/Projects/OneLake Medallion/data/landing/2017-12-05/order_payments.parquet,2017-12-05
6cfe6353d8643785eeccb1f3378ba401,1,credit_card,3,79.05,2017-12-17,2018-01-26 00:00:00.000000,2026-08-27T05:17:09.287600+00:00,D:/D drive recovery/Shiva JH/Projects/OneLake Medallion/data/landing/2017-12-17/order_payments.parquet,2017-12-17
633dd5a92f78d119e8d78b055c418fcd,1,credit_card,8,312.24,2017-12-17,2018-01-24 00:00:00.000000,2026-08-27T05:17:09.287600+00:00,D:/D drive recovery/Shiva JH/Projects/OneLake Medallion/data/landing/2017-12-17/order_payments.parquet,2017-12-17
8ed3cf9546af963a08c97b1edfe352d2,1,credit_card,10,166.59,2017-12-17,2018-01-15 00:00:00.000000,2026-08-27T05:17:09.287600+00:00,D:/D drive recovery/Shiva JH/Projects/OneLake Medallion/data/landing/2017-12-17/order_payments.parquet,2017-12-17
bb386dd878f0e22e224e88bf470d8bba,1,credit_card,4,223.69,2017-12-29,2018-02-07 00:00:00.000000,2026-08-27T05:17:09.287600+00:00,D:/D drive recovery/Shiva JH/Projects/OneLake Medallion/data/landing/2017-12-29/order_payments.parquet,2017-12-29
91a333766463bf60b5dcb78750da0f51,1,credit_card,1,63.1,2017-12-29,2018-01-24 00:00:00.000000,2026-08-27T05:17:09.287600+00:00,D:/D drive recovery/Shiva JH/Projects/OneLake Medallion/data/landing/2017-12-29/order_payments.parquet,2017-12-29
b86b409722c5a0526855d0df0076609b,1,credit_card,3,119.29,2017-12-29,2018-01-31 00:00:00.000000,2026-08-27T05:17:09.287600+00:00,D:/D drive recovery/Shiva JH/Projects/OneLake Medallion/data/landing/2017-12-29/order_payments.parquet,2017-12-29
122f89bf1364c998d4a766ff07d87b9b,1,credit_card,1,83.38,2017-12-29,2018-01-31 00:00:00.000000,2026-08-27T05:17:09.287600+00:00,D:/D drive recovery/Shiva JH/Projects/OneLake Medallion/data/landing/2017-12-29/order_payments.parquet,2017-12-29
f0d9a9e5ae6be6b5b74b1d58208e6261,1,credit_card,1,67.56,2017-12-29,2018-02-08 20:33:29.000000,2026-08-27T05:17:09.287600+00:00,D:/D drive recovery/Shiva JH/Projects/OneLake Medallion/data/landing/2017-12-29/order_payments.parquet,2017-12-29
47d4cec8efbcb39b6dad3398a957ae67,1,credit_card,2,135.08,2017-12-29,2018-02-05 00:00:00.000000,2026-08-27T05:17:09.287600+00:00,D:/D drive recovery/Shiva JH/Projects/OneLake Medallion/data/landing/2017-12-29/order_payments.parquet,2017-12-29
8f8634cbfb1b971fbea53d83c59105b0,1,credit_card,3,112.02,2018-01-10,2018-02-02 00:00:00.000000,2026-08-27T05:17:09.287600+00:00,D:/D drive recovery/Shiva JH/Projects/OneLake Medallion/data/landing/2018-01-10/order_payments.parquet,2018-01-10
e22739f2795ccf571ea9b5634b5bef5f,1,credit_card,6,318.59,2018-01-10,2018-02-02 00:00:00.000000,2026-08-27T05:17:09.287600+00:00,D:/D drive recovery/Shiva JH/Projects/OneLake Medallion/data/landing/2018-01-10/order_payments.parquet,2018-01-10
0fd2cbcb61ecd83360e6ba4f37059f11,1,credit_card,1,82.98,2018-01-10,2018-01-30 00:00:00.000000,2026-08-27T05:17:09.287600+00:00,D:/D drive recovery/Shiva JH/Projects/OneLake Medallion/data/landing/2018-01-10/order_payments.parquet,2018-01-10
424324b09cd7245a213d08d46272e9e6,1,voucher,1,125.42,2018-01-10,2018-01-29 00:00:00.000000,2026-08-27T05:17:09.287600+00:00,D:/D drive recovery/Shiva JH/Projects/OneLake Medallion/data/landing/2018-01-10/order_payments.parquet,2018-01-10
91151a1839749882e607fb8d0c0a2a71,1,boleto,1,38.56,2018-01-10,2018-01-31 00:00:00.000000,2026-08-27T05:17:09.287600+00:00,D:/D drive recovery/Shiva JH/Projects/OneLake Medallion/data/landing/2018-01-10/order_payments.parquet,2018-01-10
dbf950454e4e2ce02692d5a05aa7a304,1,boleto,1,17.68,2018-01-10,2018-01-29 00:00:00.000000,2026-08-27T05:17:09.287600+00:00,D:/D drive recovery/Shiva JH/Projects/OneLake Medallion/data/landing/2018-01-10/order_payments.parquet,2018-01-10
2cfd5a10761ea2f9ebe13e7204c54c37,1,debit_card,1,46.01,2018-01-22,2018-02-19 00:00:00.000000,2026-08-27T05:17:09.287600+00:00,D:/D drive recovery/Shiva JH/Projects/OneLake Medallion/data/landing/2018-01-22/order_payments.parquet,2018-01-22
1d28af766063913e28a09606c0ee6fee,1,credit_card,5,161.54,2018-01-22,2018-02-16 00:00:00.000000,2026-08-27T05:17:09.287600+00:00,D:/D drive recovery/Shiva JH/Projects/OneLake Medallion/data/landing/2018-01-22/order_payments.parquet,2018-01-22
896a98eb2680bdc1b1f621e02c6b9d08,1,boleto,1,86.15,2018-01-22,2018-02-26 00:00:00.000000,2026-08-27T05:17:09.287600+00:00,D:/D drive recovery/Shiva JH/Projects/OneLake Medallion/data/landing/2018-01-22/order_payments.parquet,2018-01-22
2c3a5e5f5bc3ae78ed5748461e62d47d,1,credit_card,1,69.73,2018-01-22,2018-02-06 15:49:01.000000,2026-08-27T05:17:09.287600+00:00,D:/D drive recovery/Shiva JH/Projects/OneLake Medallion/data/landing/2018-01-22/order_payments.parquet,2018-01-22
04bef466ed85bb9eca9a6165d765574c,1,credit_card,2,153.62,2018-01-22,2018-02-23 18:28:54.000000,2026-08-27T05:17:09.287600+00:00,D:/D drive recovery/Shiva JH/Projects/OneLake Medallion/data/landing/2018-01-22/order_payments.parquet,2018-01-22
1c1f19ca40392b67aa5f9627ad2d1029,1,credit_card,8,408.12,2018-01-22,2018-02-14 00:00:00.000000,2026-08-27T05:17:09.287600+00:00,D:/D drive recovery/Shiva JH/Projects/OneLake Medallion/data/landing/2018-01-22/order_payments.parquet,2018-01-22
1e4dc51447faa970879bb120932eebb6,1,boleto,1,24.52,2018-01-22,2018-02-14 00:00:00.000000,2026-08-27T05:17:09.287600+00:00,D:/D drive recovery/Shiva JH/Projects/OneLake Medallion/data/landing/2018-01-22/order_payments.parquet,2018-01-22
7f40591eeef659da2bc93d2735fa9476,1,credit_card,1,108.56,2018-01-22,2018-02-06 00:00:00.000000,2026-08-27T05:17:09.287600+00:00,D:/D drive recovery/Shiva JH/Projects/OneLake Medallion/data/landing/2018-01-22/order_payments.parquet,2018-01-22
28deb75c8cd00d9b37fc3376aca1cc09,1,credit_card,2,225.62,2018-02-03,2018-03-14 00:00:00.000000,2026-08-27T05:17:09.287600+00:00,D:/D drive recovery/Shiva JH/Projects/OneLake Medallion/data/landing/2018-02-03/order_payments.parquet,2018-02-03
30fb13279028a5d1ebc47f8ace9b041f,1,credit_card,1,105.97,2018-02-03,2018-03-08 00:00:00.000000,2026-08-27T05:17:09.287600+00:00,D:/D drive recovery/Shiva JH/Projects/OneLake Medallion/data/landing/2018-02-03/order_payments.parquet,2018-02-03
9bf7384574b699b32297382b5df68d09,1,credit_card,1,47.42,2018-02-03,2018-03-08 00:00:00.000000,2026-08-27T05:17:09.287600+00:00,D:/D drive recovery/Shiva JH/Projects/OneLake Medallion/data/landing/2018-02-03/order_payments.parquet,2018-02-03
3e260a92ff50c19fbc36aa8a1d0970d1,1,credit_card,1,56.05,2018-02-15,2018-03-20 00:00:00.000000,2026-08-27T05:17:09.287600+00:00,D:/D drive recovery/Shiva JH/Projects/OneLake Medallion/data/landing/2018-02-15/order_payments.parquet,2018-02-15
1ded4213705262539b563c8f1a535044,1,credit_card,3,62.4,2018-02-15,2018-03-13 00:00:00.000000,2026-08-27T05:17:09.287600+00:00,D:/D drive recovery/Shiva JH/Projects/OneLake Medallion/data/landing/2018-02-15/order_payments.parquet,2018-02-15
b2e21801242d20d3f1f17a2e99dbd5f7,1,credit_card,1,35.09,2018-02-15,2018-03-07 00:00:00.000000,2026-08-27T05:17:09.287600+00:00,D:/D drive recovery/Shiva JH/Projects/OneLake Medallion/data/landing/2018-02-15/order_payments.parquet,2018-02-15
cdc8b4ad3c6deb7fc303fb91abe7bc0f,1,credit_card,2,292.28,2018-02-15,2018-03-13 23:28:28.000000,2026-08-27T05:17:09.287600+00:00,D:/D drive recovery/Shiva JH/Projects/OneLake Medallion/data/landing/2018-02-15/order_payments.parquet,2018-02-15
9acc95f3652577fb8a5c8b1a7ee9bd96,1,boleto,1,41.38,2018-02-15,2018-03-14 00:00:00.000000,2026-08-27T05:17:09.287600+00:00,D:/D drive recovery/Shiva JH/Projects/OneLake Medallion/data/landing/2018-02-15/order_payments.parquet,2018-02-15
e61f15c94900d1cc4cebd96be96f3823,1,credit_card,2,142.4,2018-02-15,2018-03-07 00:00:00.000000,2026-08-27T05:17:09.287600+00:00,D:/D drive recovery/Shiva JH/Projects/OneLake Medallion/data/landing/2018-02-15/order_payments.parquet,2018-02-15
a9884879d65dd954426915174ac439ad,1,boleto,1,59.25,2018-02-15,2018-03-14 00:00:00.000000,2026-08-27T05:17:09.287600+00:00,D:/D drive recovery/Shiva JH/Projects/OneLake Medallion/data/landing/2018-02-15/order_payments.parquet,2018-02-15
7b851c9a82166bba7e2bce7bc005a226,1,credit_card,1,53.68,2018-02-27,2018-03-13 00:00:00.000000,2026-08-27T05:17:09.287600+00:00,D:/D drive recovery/Shiva JH/Projects/OneLake Medallion/data/landing/2018-02-27/order_payments.parquet,2018-02-27
58cd1eb79e3ed5abe07691143092d982,1,credit_card,1,25.65,2018-02-27,2018-04-13 18:38:46.000000,2026-08-27T05:17:09.287600+00:00,D:/D drive recovery/Shiva JH/Projects/OneLake Medallion/data/landing/2018-02-27/order_payments.parquet,2018-02-27
4c1820d7f03f21dc27c9fc40eba8e860,1,credit_card,4,215.05,2018-02-27,2018-04-17 16:51:28.000000,2026-08-27T05:17:09.287600+00:00,D:/D drive recovery/Shiva JH/Projects/OneLake Medallion/data/landing/2018-02-27/order_payments.parquet,2018-02-27
589310d3d488112508a26f3e22ba30ca,1,credit_card,3,69.9,2018-02-27,2018-03-19 00:00:00.000000,2026-08-27T05:17:09.287600+00:00,D:/D drive recovery/Shiva JH/Projects/OneLake Medallion/data/landing/2018-02-27/order_payments.parquet,2018-02-27
a3958d69eb857cd9af63d8f40948e64d,1,boleto,1,124.52,2018-02-27,2018-03-21 20:03:47.000000,2026-08-27T05:17:09.287600+00:00,D:/D drive recovery/Shiva JH/Projects/OneLake Medallion/data/landing/2018-02-27/order_payments.parquet,2018-02-27
75e005e5bcbda5404c4c3f5dcb16f7ae,1,boleto,1,48.01,2018-02-27,2018-03-14 00:00:00.000000,2026-08-27T05:17:09.287600+00:00,D:/D drive recovery/Shiva JH/Projects/OneLake Medallion/data/landing/2018-02-27/order_payments.parquet,2018-02-27
59af26972d088bedece0eddac136ccd5,1,credit_card,4,234.46,2018-02-27,2018-03-19 00:00:00.000000,2026-08-27T05:17:09.287600+00:00,D:/D drive recovery/Shiva JH/Projects/OneLake Medallion/data/landing/2018-02-27/order_payments.parquet,2018-02-27
ae168dfba236919411fe08f336fefa44,1,credit_card,4,312.78,2018-02-27,2018-03-22 00:00:00.000000,2026-08-27T05:17:09.287600+00:00,D:/D drive recovery/Shiva JH/Projects/OneLake Medallion/data/landing/2018-02-27/order_payments.parquet,2018-02-27
b951bb66b451384026a3308f84f1eab9,1,credit_card,2,98.82,2018-02-27,2018-04-21 19:03:19.000000,2026-08-27T05:17:09.287600+00:00,D:/D drive recovery/Shiva JH/Projects/OneLake Medallion/data/landing/2018-02-27/order_payments.parquet,2018-02-27
26cdf11da38117ed1bca961a210dd21d,1,boleto,1,143.01,2018-02-27,2018-03-29 00:00:00.000000,2026-08-27T05:17:09.287600+00:00,D:/D drive recovery/Shiva JH/Projects/OneLake Medallion/data/landing/2018-02-27/order_payments.parquet,2018-02-27
9b95a53cadb5a007d0928bd00265ea08,1,boleto,1,25.0,2018-02-27,2018-04-05 20:29:39.000000,2026-08-27T05:17:09.287600+00:00,D:/D drive recovery/Shiva JH/Projects/OneLake Medallion/data/landing/2018-02-27/order_payments.parquet,2018-02-27
d22be2a4da2ca6e4cf8f164d63f5be02,1,credit_card,1,90.88,2018-02-27,2018-04-02 00:00:00.000000,2026-08-27T05:17:09.287600+00:00,D:/D drive recovery/Shiva JH/Projects/OneLake Medallion/data/landing/2018-02-27/order_payments.parquet,2018-02-27
4de3ade587f6ec5d1bab54a9c831f1df,1,credit_card,3,37.89,2018-03-11,2018-03-22 00:00:00.000000,2026-08-27T05:17:09.287600+00:00,D:/D drive recovery/Shiva JH/Projects/OneLake Medallion/data/landing/2018-03-11/order_payments.parquet,2018-03-11
bd73b77940b4755971250ad4a3cd95b8,1,boleto,1,67.83,2018-03-11,2018-04-04 00:00:00.000000,2026-08-27T05:17:09.287600+00:00,D:/D drive recovery/Shiva JH/Projects/OneLake Medallion/data/landing/2018-03-11/order_payments.parquet,2018-03-11
0ee3384432be1cfa2a044251ca3ea3a4,1,credit_card,3,58.74,2018-03-11,2018-04-03 00:00:00.000000,2026-08-27T05:17:09.287600+00:00,D:/D drive recovery/Shiva JH/Projects/OneLake Medallion/data/landing/2018-03-11/order_payments.parquet,2018-03-11
3e37861f5eeb4e7f465390b54c79bca7,1,credit_card,10,285.91,2018-03-11,2018-04-16 15:17:31.000000,2026-08-27T05:17:09.287600+00:00,D:/D drive recovery/Shiva JH/Projects/OneLake Medallion/data/landing/2018-03-11/order_payments.parquet,2018-03-11
c9228d6b986db23662580682699083d2,1,credit_card,4,45.93,2018-03-23,2018-04-16 00:00:00.000000,2026-08-27T05:17:09.287600+00:00,D:/D drive recovery/Shiva JH/Projects/OneLake Medallion/data/landing/2018-03-23/order_payments.parquet,2018-03-23
4e01efb248c52ca8e83181032cf0bdab,1,credit_card,2,174.16,2018-03-23,2018-04-19 00:00:00.000000,2026-08-27T05:17:09.287600+00:00,D:/D drive recovery/Shiva JH/Projects/OneLake Medallion/data/landing/2018-03-23/order_payments.parquet,2018-03-23
6b8c62c594c79c27167d9337676cd93a,1,credit_card,3,1157.66,2018-03-23,2018-04-05 00:00:00.000000,2026-08-27T05:17:09.287600+00:00,D:/D drive recovery/Shiva JH/Projects/OneLake Medallion/data/landing/2018-03-23/order_payments.parquet,2018-03-23
57519b17e3776c2f4fa3a4e7fe69ccf8,1,boleto,1,32.38,2018-03-23,2018-04-05 00:00:00.000000,2026-08-27T05:17:09.287600+00:00,D:/D drive recovery/Shiva JH/Projects/OneLake Medallion/data/landing/2018-03-23/order_payments.parquet,2018-03-23
6518924bc9a484b955e621ee87bc2b60,1,boleto,1,93.03,2018-03-23,2018-04-13 00:00:00.000000,2026-08-27T05:17:09.287600+00:00,D:/D drive recovery/Shiva JH/Projects/OneLake Medallion/data/landing/2018-03-23/order_payments.parquet,2018-03-23
0921e6115b1fcc24d5dcf35570b68933,1,credit_card,7,563.95,2018-04-04,2018-05-07 13:35:47.000000,2026-08-27T05:17:09.287600+00:00,D:/D drive recovery/Shiva JH/Projects/OneLake Medallion/data/landing/2018-04-04/order_payments.parquet,2018-04-04
d8dbce6a7e7afb5ee03584eea5a61779,1,credit_card,1,79.38,2018-04-04,2018-04-30 00:00:00.000000,2026-08-27T05:17:09.287600+00:00,D:/D drive recovery/Shiva JH/Projects/OneLake Medallion/data/landing/2018-04-04/order_payments.parquet,2018-04-04
a836557bd25acb961f6381da4f877fd0,1,boleto,1,72.76,2018-04-04,2018-04-20 00:00:00.000000,2026-08-27T05:17:09.287600+00:00,D:/D drive recovery/Shiva JH/Projects/OneLake Medallion/data/landing/2018-04-04/order_payments.parquet,2018-04-04
a3e6b4dfa4c321071ce66af89c4903b8,1,credit_card,1,135.68,2018-04-04,2018-05-14 00:00:00.000000,2026-08-27T05:17:09.287600+00:00,D:/D drive recovery/Shiva JH/Projects/OneLake Medallion/data/landing/2018-04-04/order_payments.parquet,2018-04-04
dc93ba4cf47339046ee8035efb73e2d4,1,credit_card,2,144.54,2018-04-04,2018-04-30 00:00:00.000000,2026-08-27T05:17:09.287600+00:00,D:/D drive recovery/Shiva JH/Projects/OneLake Medallion/data/landing/2018-04-04/order_payments.parquet,2018-04-04
7b2bc7c55531623ea7b22e2a191b21cd,1,credit_card,4,237.59,2018-04-16,2018-05-29 00:00:00.000000,2026-08-27T05:17:09.287600+00:00,D:/D drive recovery/Shiva JH/Projects/OneLake Medallion/data/landing/2018-04-16/order_payments.parquet,2018-04-16
b7d7bac557fdaf041e274d8043d9c588,1,credit_card,5,209.11,2018-04-16,2018-05-16 00:00:00.000000,2026-08-27T05:17:09.287600+00:00,D:/D drive recovery/Shiva JH/Projects/OneLake Medallion/data/landing/2018-04-16/order_payments.parquet,2018-04-16
6de5a0e5c8bf990d17c674d09fbaf1fb,1,credit_card,5,69.22,2018-04-16,2018-05-07 00:00:00.000000,2026-08-27T05:17:09.287600+00:00,D:/D drive recovery/Shiva JH/Projects/OneLake Medallion/data/landing/2018-04-16/order_payments.parquet,2018-04-16
af92edb8c53146e6ca0c2a62ecc288b5,1,credit_card,1,83.89,2018-04-28,2018-05-28 00:00:00.000000,2026-08-27T05:17:09.287600+00:00,D:/D drive recovery/Shiva JH/Projects/OneLake Medallion/data/landing/2018-04-28/order_payments.parquet,2018-04-28
0f924038b00d1f102e4d09bea4fa666a,1,credit_card,10,2759.95,2018-05-10,2018-06-14 00:00:00.000000,2026-08-27T05:17:09.287600+00:00,D:/D drive recovery/Shiva JH/Projects/OneLake Medallion/data/landing/2018-05-10/order_payments.parquet,2018-05-10
e67519acd1370f173550a6cb2b994ca6,1,boleto,1,76.86,2018-05-10,2018-06-07 00:00:00.000000,2026-08-27T05:17:09.287600+00:00,D:/D drive recovery/Shiva JH/Projects/OneLake Medallion/data/landing/2018-05-10/order_payments.parquet,2018-05-10
4093e2a77fd359fe0046844307851f66,1,credit_card,3,77.97,2018-05-10,2018-06-12 00:00:00.000000,2026-08-27T05:17:09.287600+00:00,D:/D drive recovery/Shiva JH/Projects/OneLake Medallion/data/landing/2018-05-10/order_payments.parquet,2018-05-10
29c56706d0442edbc19623391d958d7f,1,boleto,1,139.16,2018-05-10,2018-05-22 00:00:00.000000,2026-08-27T05:17:09.287600+00:00,D:/D drive recovery/Shiva JH/Projects/OneLake Medallion/data/landing/2018-05-10/order_payments.parquet,2018-05-10
b11be1ce9a1f9812763eba8c91fc84bd,1,credit_card,2,159.96,2018-05-22,2018-06-12 00:00:00.000000,2026-08-27T05:17:09.287600+00:00,D:/D drive recovery/Shiva JH/Projects/OneLake Medallion/data/landing/2018-05-22/order_payments.parquet,2018-05-22
1bbc88b68b941f9352e624b4ee9ae132,1,credit_card,5,178.38,2018-05-22,2018-05-30 00:00:00.000000,2026-08-27T05:17:09.287600+00:00,D:/D drive recovery/Shiva JH/Projects/OneLake Medallion/data/landing/2018-05-22/order_payments.parquet,2018-05-22
c081663d30ea7be7a682297870e2ad02,1,credit_card,5,78.2,2018-05-22,2018-06-13 00:00:00.000000,2026-08-27T05:17:09.287600+00:00,D:/D drive recovery/Shiva JH/Projects/OneLake Medallion/data/landing/2018-05-22/order_payments.parquet,2018-05-22
7ea0da84e90dc5664dfa82a3ba9fff63,1,boleto,1,92.5,2018-05-22,2018-07-02 00:00:00.000000,2026-08-27T05:17:09.287600+00:00,D:/D drive recovery/Shiva JH/Projects/OneLake Medallion/data/landing/2018-05-22/order_payments.parquet,2018-05-22
758d8c3ddeba66a2a9cad6c8b043dd2f,1,credit_card,1,109.74,2018-06-03,2018-06-28 00:00:00.000000,2026-08-27T05:17:09.287600+00:00,D:/D drive recovery/Shiva JH/Projects/OneLake Medallion/data/landing/2018-06-03/order_payments.parquet,2018-06-03
fd38d5793a4393e031ea8da57e094f88,1,credit_card,8,193.59,2018-06-03,2018-06-28 00:00:00.000000,2026-08-27T05:17:09.287600+00:00,D:/D drive recovery/Shiva JH/Projects/OneLake Medallion/data/landing/2018-06-03/order_payments.parquet,2018-06-03
7c0c61f5d61aad026c439caf370a92f2,1,credit_card,3,230.7,2018-06-03,2018-07-05 00:00:00.000000,2026-08-27T05:17:09.287600+00:00,D:/D drive recovery/Shiva JH/Projects/OneLake Medallion/data/landing/2018-06-03/order_payments.parquet,2018-06-03
3cbf16b8242e78d602909f15aaac29eb,1,credit_card,1,20.13,2018-06-03,2018-07-11 00:00:00.000000,2026-08-27T05:17:09.287600+00:00,D:/D drive recovery/Shiva JH/Projects/OneLake Medallion/data/landing/2018-06-03/order_payments.parquet,2018-06-03
ad133696906f6a78826daa0911b7daec,1,credit_card,8,219.4,2018-06-15,2018-07-18 00:00:00.000000,2026-08-27T05:17:09.287600+00:00,D:/D drive recovery/Shiva JH/Projects/OneLake Medallion/data/landing/2018-06-15/order_payments.parquet,2018-06-15
cc101c96c9b05fb5b3ed39f35a15995f,1,boleto,1,33.13,2018-06-15,2018-07-11 00:00:00.000000,2026-08-27T05:17:09.287600+00:00,D:/D drive recovery/Shiva JH/Projects/OneLake Medallion/data/landing/2018-06-15/order_payments.parquet,2018-06-15
dd7bd4b50d554cf0c41fb4c0cfccdedc,1,boleto,1,51.56,2018-06-15,2018-07-05 00:00:00.000000,2026-08-27T05:17:09.287600+00:00,D:/D drive recovery/Shiva JH/Projects/OneLake Medallion/data/landing/2018-06-15/order_payments.parquet,2018-06-15
95261f608a64bbbe760a212b4d48a4ee,1,credit_card,8,94.77,2018-06-15,2018-07-05 00:00:00.000000,2026-08-27T05:17:09.287600+00:00,D:/D drive recovery/Shiva JH/Projects/OneLake Medallion/data/landing/2018-06-15/order_payments.parquet,2018-06-15
dafe7fe42ee9fb39d4c5f957e0799cf4,1,credit_card,1,70.49,2018-06-27,2018-07-19 00:00:00.000000,2026-08-27T05:17:09.287600+00:00,D:/D drive recovery/Shiva JH/Projects/OneLake Medallion/data/landing/2018-06-27/order_payments.parquet,2018-06-27
4024e82961bfcec0a71869767cf923e9,1,credit_card,5,170.86,2018-06-27,2018-08-07 00:00:00.000000,2026-08-27T05:17:09.287600+00:00,D:/D drive recovery/Shiva JH/Projects/OneLake Medallion/data/landing/2018-06-27/order_payments.parquet,2018-06-27
5a395f4b4dcbc42442cc6c5945c6ee0a,1,credit_card,1,62.17,2018-06-27,2018-08-02 00:00:00.000000,2026-08-27T05:17:09.287600+00:00,D:/D drive recovery/Shiva JH/Projects/OneLake Medallion/data/landing/2018-06-27/order_payments.parquet,2018-06-27
64811ed51b1fed65cc4c71da8a19a826,1,credit_card,8,197.01,2018-06-27,2018-08-02 00:00:00.000000,2026-08-27T05:17:09.287600+00:00,D:/D drive recovery/Shiva JH/Projects/OneLake Medallion/data/landing/2018-06-27/order_payments.parquet,2018-06-27
c8190ec25152e9e725de81876f1b9125,1,credit_card,5,57.51,2018-06-27,2018-07-24 00:00:00.000000,2026-08-27T05:17:09.287600+00:00,D:/D drive recovery/Shiva JH/Projects/OneLake Medallion/data/landing/2018-06-27/order_payments.parquet,2018-06-27
1c7c202a0cbbdb86b7613a8f2b0931e7,1,credit_card,2,133.08,2018-06-27,2018-07-20 00:00:00.000000,2026-08-27T05:17:09.287600+00:00,D:/D drive recovery/Shiva JH/Projects/OneLake Medallion/data/landing/2018-06-27/order_payments.parquet,2018-06-27
fd4b04818375a4ba579a80c8d37f1b24,1,credit_card,1,42.42,2016-10-07,2016-12-01 00:00:00.000000,2026-08-27T05:17:09.287600+00:00,D:/D drive recovery/Shiva JH/Projects/OneLake Medallion/data/landing/2016-10-07/order_payments.parquet,2016-10-07
95d31d53ccc53bca2c13fcd535d67526,1,credit_card,7,192.55,2016-10-07,2016-12-05 00:00:00.000000,2026-08-27T05:17:09.287600+00:00,D:/D drive recovery/Shiva JH/Projects/OneLake Medallion/data/landing/2016-10-07/order_payments.parquet,2016-10-07
50f357099566f1be7abfaf8d9dc5b004,1,credit_card,1,51.8,2016-10-07,2016-11-29 00:00:00.000000,2026-08-27T05:17:09.287600+00:00,D:/D drive recovery/Shiva JH/Projects/OneLake Medallion/data/landing/2016-10-07/order_payments.parquet,2016-10-07
8b94c85a97b61f51a419a57e451d4e3a,1,credit_card,1,26.64,2017-01-11,2017-02-23 00:00:00.000000,2026-08-27T05:17:09.287600+00:00,D:/D drive recovery/Shiva JH/Projects/OneLake Medallion/data/landing/2017-01-11/order_payments.parquet,2017-01-11
3a96b8ddd22b9f22c3b8a556d2003fd8,1,boleto,1,34.52,2017-02-04,2017-03-15 00:00:00.000000,2026-08-27T05:17:09.287600+00:00,D:/D drive recovery/Shiva JH/Projects/OneLake Medallion/data/landing/2017-02-04/order_payments.parquet,2017-02-04
cc585bf1df31232b1654bde95ef0730e,1,credit_card,3,70.93,2017-02-04,2017-03-01 00:00:00.000000,2026-08-27T05:17:09.287600+00:00,D:/D drive recovery/Shiva JH/Projects/OneLake Medallion/data/landing/2017-02-04/order_payments.parquet,2017-02-04
84f788243b8e0583367e3a10ceee9457,1,credit_card,10,284.65,2017-02-16,2017-03-15 00:00:00.000000,2026-08-27T05:17:09.287600+00:00,D:/D drive recovery/Shiva JH/Projects/OneLake Medallion/data/landing/2017-02-16/order_payments.parquet,2017-02-16
b0220dd81253d8ca2c9dd8be8caf49b5,1,boleto,1,28.95,2017-03-24,2017-05-05 00:00:00.000000,2026-08-27T05:17:09.287600+00:00,D:/D drive recovery/Shiva JH/Projects/OneLake Medallion/data/landing/2017-03-24/order_payments.parquet,2017-03-24
da8eefd7ee5ebac9e6163fec64141557,1,credit_card,4,49.1,2017-04-29,2017-05-25 00:00:00.000000,2026-08-27T05:17:09.287600+00:00,D:/D drive recovery/Shiva JH/Projects/OneLake Medallion/data/landing/2017-04-29/order_payments.parquet,2017-04-29
188c13d1aa80d3a7ffc208eb983bf267,1,credit_card,10,614.21,2017-04-29,2017-06-01 00:00:00.000000,2026-08-27T05:17:09.287600+00:00,D:/D drive recovery/Shiva JH/Projects/OneLake Medallion/data/landing/2017-04-29/order_payments.parquet,2017-04-29
95c9ce1fdafddf9a5d87142c464aa09d,1,boleto,1,27.95,2017-04-29,2017-05-23 00:00:00.000000,2026-08-27T05:17:09.287600+00:00,D:/D drive recovery/Shiva JH/Projects/OneLake Medallion/data/landing/2017-04-29/order_payments.parquet,2017-04-29
a16c048c79d11f82c31fb4fbf407e6cf,1,credit_card,1,74.67,2017-05-11,2017-06-05 00:00:00.000000,2026-08-27T05:17:09.287600+00:00,D:/D drive recovery/Shiva JH/Projects/OneLake Medallion/data/landing/2017-05-11/order_payments.parquet,2017-05-11
6108ae9acd8ee0ffd527598b9ebc6acc,1,credit_card,1,21.76,2017-05-23,2017-06-05 00:00:00.000000,2026-08-27T05:17:09.287600+00:00,D:/D drive recovery/Shiva JH/Projects/OneLake Medallion/data/landing/2017-05-23/order_payments.parquet,2017-05-23
a742e3a941299687aed413c581a7dce9,1,boleto,1,48.17,2017-06-04,2017-06-19 18:03:57.000000,2026-08-27T05:17:09.287600+00:00,D:/D drive recovery/Shiva JH/Projects/OneLake Medallion/data/landing/2017-06-04/order_payments.parquet,2017-06-04
7dfc1b9142ff06ae86300fd5d601c74b,1,credit_card,1,162.25,2017-06-04,2017-06-27 00:00:00.000000,2026-08-27T05:17:09.287600+00:00,D:/D drive recovery/Shiva JH/Projects/OneLake Medallion/data/landing/2017-06-04/order_payments.parquet,2017-06-04
95a87e0d2cf1cb63b02eba222ceaecc7,1,credit_card,4,98.81,2017-06-04,2017-07-07 00:00:00.000000,2026-08-27T05:17:09.287600+00:00,D:/D drive recovery/Shiva JH/Projects/OneLake Medallion/data/landing/2017-06-04/order_payments.parquet,2017-06-04
65c56aa08aaade99b2cd074e12f1b18b,1,credit_card,2,119.93,2017-06-28,2017-07-28 00:00:00.000000,2026-08-27T05:17:09.287600+00:00,D:/D drive recovery/Shiva JH/Projects/OneLake Medallion/data/landing/2017-06-28/order_payments.parquet,2017-06-28
4d31272d8cb07c4ab84562c8ae2e0fdb,1,boleto,1,501.5,2017-07-10,2017-08-03 00:00:00.000000,2026-08-27T05:17:09.287600+00:00,D:/D drive recovery/Shiva JH/Projects/OneLake Medallion/data/landing/2017-07-10/order_payments.parquet,2017-07-10
f30b0f98bf4dd642e36ee8185aba1329,1,credit_card,4,237.52,2017-07-10,2017-08-17 00:00:00.000000,2026-08-27T05:17:09.287600+00:00,D:/D drive recovery/Shiva JH/Projects/OneLake Medallion/data/landing/2017-07-10/order_payments.parquet,2017-07-10
8ba312c27b6123e1c49276f0d9b84598,1,credit_card,10,156.33,2017-07-22,2017-08-17 00:00:00.000000,2026-08-27T05:17:09.287600+00:00,D:/D drive recovery/Shiva JH/Projects/OneLake Medallion/data/landing/2017-07-22/order_payments.parquet,2017-07-22
1353506aaf9cbe711a4d41f9442d4167,1,boleto,1,117.85,2017-07-22,2017-08-15 00:00:00.000000,2026-08-27T05:17:09.287600+00:00,D:/D drive recovery/Shiva JH/Projects/OneLake Medallion/data/landing/2017-07-22/order_payments.parquet,2017-07-22
186efcd656d8ac4332156f594df02572,1,credit_card,10,353.13,2017-08-03,2017-08-25 00:00:00.000000,2026-08-27T05:17:09.287600+00:00,D:/D drive recovery/Shiva JH/Projects/OneLake Medallion/data/landing/2017-08-03/order_payments.parquet,2017-08-03
186efcd656d8ac4332156f594df02572,2,credit_card,10,486.27,2017-08-03,2017-08-25 00:00:00.000000,2026-08-27T05:17:09.287600+00:00,D:/D drive recovery/Shiva JH/Projects/OneLake Medallion/data/landing/2017-08-03/order_payments.parquet,2017-08-03
f40c9a0dfd3542502b65ecac2fcbe501,1,credit_card,1,51.1,2017-08-15,2017-09-06 00:00:00.000000,2026-08-27T05:17:09.287600+00:00,D:/D drive recovery/Shiva JH/Projects/OneLake Medallion/data/landing/2017-08-15/order_payments.parquet,2017-08-15
fad1e133ca16d525f3b6e2ae6008840e,1,credit_card,2,112.84,2017-08-15,2017-09-04 00:00:00.000000,2026-08-27T05:17:09.287600+00:00,D:/D drive recovery/Shiva JH/Projects/OneLake Medallion/data/landing/2017-08-15/order_payments.parquet,2017-08-15
534a0fa02fb111d37c01c86326fc38bb,1,boleto,1,84.23,2017-08-15,2017-09-06 00:00:00.000000,2026-08-27T05:17:09.287600+00:00,D:/D drive recovery/Shiva JH/Projects/OneLake Medallion/data/landing/2017-08-15/order_payments.parquet,2017-08-15
ee1fd5d090d5f8772860cad42d39c986,1,boleto,1,176.36,2017-08-15,2017-09-13 00:00:00.000000,2026-08-27T05:17:09.287600+00:00,D:/D drive recovery/Shiva JH/Projects/OneLake Medallion/data/landing/2017-08-15/order_payments.parquet,2017-08-15
4405dd1dbfa6260371541a45422c0840,1,credit_card,2,91.66,2017-08-27,2017-09-08 00:00:00.000000,2026-08-27T05:17:09.287600+00:00,D:/D drive recovery/Shiva JH/Projects/OneLake Medallion/data/landing/2017-08-27/order_payments.parquet,2017-08-27
3735a11cbccd8916dbc9ccf5f671cc2c,1,credit_card,5,190.99,2017-08-27,2017-09-19 00:00:00.000000,2026-08-27T05:17:09.287600+00:00,D:/D drive recovery/Shiva JH/Projects/OneLake Medallion/data/landing/2017-08-27/order_payments.parquet,2017-08-27
e37462f737a59fcd8f12079e0e927205,1,boleto,1,47.69,2017-08-27,2017-09-28 00:00:00.000000,2026-08-27T05:17:09.287600+00:00,D:/D drive recovery/Shiva JH/Projects/OneLake Medallion/data/landing/2017-08-27/order_payments.parquet,2017-08-27
b8ab7d209a05e9462921ece50de1c177,1,boleto,1,77.57,2017-09-08,2017-10-04 00:00:00.000000,2026-08-27T05:17:09.287600+00:00,D:/D drive recovery/Shiva JH/Projects/OneLake Medallion/data/landing/2017-09-08/order_payments.parquet,2017-09-08
259dac9ae7597d3dd6371ad21a6aa57b,1,boleto,1,45.1,2017-09-08,2017-09-27 00:00:00.000000,2026-08-27T05:17:09.287600+00:00,D:/D drive recovery/Shiva JH/Projects/OneLake Medallion/data/landing/2017-09-08/order_payments.parquet,2017-09-08
03ea970e60ecfa4b84a69ddc665262a5,1,credit_card,6,132.57,2017-09-20,2017-10-20 00:00:00.000000,2026-08-27T05:17:09.287600+00:00,D:/D drive recovery/Shiva JH/Projects/OneLake Medallion/data/landing/2017-09-20/order_payments.parquet,2017-09-20
19530a2973e25dffb52a39210f27ebb0,1,credit_card,1,106.77,2017-09-20,2017-10-05 00:00:00.000000,2026-08-27T05:17:09.287600+00:00,D:/D drive recovery/Shiva JH/Projects/OneLake Medallion/data/landing/2017-09-20/order_payments.parquet,2017-09-20
1c2bab4c18a97c3bba457866ee72bdbd,1,credit_card,1,80.19,2017-09-20,2017-10-16 00:00:00.000000,2026-08-27T05:17:09.287600+00:00,D:/D drive recovery/Shiva JH/Projects/OneLake Medallion/data/landing/2017-09-20/order_payments.parquet,2017-09-20
fd174ef3d3535971d1bea4398b2248bd,1,boleto,1,133.76,2017-09-20,2017-10-17 00:00:00.000000,2026-08-27T05:17:09.287600+00:00,D:/D drive recovery/Shiva JH/Projects/OneLake Medallion/data/landing/2017-09-20/order_payments.parquet,2017-09-20
602a7458f2248260d368f81cd86377a8,1,credit_card,3,37.82,2017-10-02,2017-11-01 00:00:00.000000,2026-08-27T05:17:09.287600+00:00,D:/D drive recovery/Shiva JH/Projects/OneLake Medallion/data/landing/2017-10-02/order_payments.parquet,2017-10-02
b22fe8539dd76cacfc5337279db388b9,1,boleto,1,172.4,2017-10-02,2017-11-01 00:00:00.000000,2026-08-27T05:17:09.287600+00:00,D:/D drive recovery/Shiva JH/Projects/OneLake Medallion/data/landing/2017-10-02/order_payments.parquet,2017-10-02
0aaf8268ec2a56cb1befff78bd5cc190,1,credit_card,3,97.9,2017-10-02,2017-10-24 00:00:00.000000,2026-08-27T05:17:09.287600+00:00,D:/D drive recovery/Shiva JH/Projects/OneLake Medallion/data/landing/2017-10-02/order_payments.parquet,2017-10-02
b4a1c1abe13b0e2adafb21da024cef98,1,credit_card,2,128.31,2017-10-02,2017-10-24 00:00:00.000000,2026-08-27T05:17:09.287600+00:00,D:/D drive recovery/Shiva JH/Projects/OneLake Medallion/data/landing/2017-10-02/order_payments.parquet,2017-10-02
911bdca18557d7d16cfd3964cd603460,1,credit_card,10,516.42,2017-10-02,2017-10-24 00:00:00.000000,2026-08-27T05:17:09.287600+00:00,D:/D drive recovery/Shiva JH/Projects/OneLake Medallion/data/landing/2017-10-02/order_payments.parquet,2017-10-02
f5f61cf2cbe09e08293021b6b12d9e4d,1,credit_card,1,87.64,2017-10-02,2017-10-26 00:00:00.000000,2026-08-27T05:17:09.287600+00:00,D:/D drive recovery/Shiva JH/Projects/OneLake Medallion/data/landing/2017-10-02/order_payments.parquet,2017-10-02
db5a41f8a08f620920c7c413e91a4438,1,boleto,1,133.38,2017-10-14,2017-11-10 00:00:00.000000,2026-08-27T05:17:09.287600+00:00,D:/D drive recovery/Shiva JH/Projects/OneLake Medallion/data/landing/2017-10-14/order_payments.parquet,2017-10-14
63c7797265c51bbc8aadc80de737f96c,1,credit_card,2,26.68,2017-10-26,2017-11-08 00:00:00.000000,2026-08-27T05:17:09.287600+00:00,D:/D drive recovery/Shiva JH/Projects/OneLake Medallion/data/landing/2017-10-26/order_payments.parquet,2017-10-26
5ad82a9fb12ff34f8883ccfaddf3da4f,1,boleto,1,125.56,2017-10-26,2017-11-08 00:00:00.000000,2026-08-27T05:17:09.287600+00:00,D:/D drive recovery/Shiva JH/Projects/OneLake Medallion/data/landing/2017-10-26/order_payments.parquet,2017-10-26
33a0cbee893f2c8ed0a6abfdc48926b6,1,credit_card,1,53.27,2017-10-26,2017-12-04 00:00:00.000000,2026-08-27T05:17:09.287600+00:00,D:/D drive recovery/Shiva JH/Projects/OneLake Medallion/data/landing/2017-10-26/order_payments.parquet,2017-10-26
af8b2f03e1bfa7e0b86ed73ac5653938,1,credit_card,2,94.66,2017-11-07,2017-12-07 00:00:00.000000,2026-08-27T05:17:09.287600+00:00,D:/D drive recovery/Shiva JH/Projects/OneLake Medallion/data/landing/2017-11-07/order_payments.parquet,2017-11-07
ce3397e3e383fc93adefff9aa6a9aa7b,1,boleto,1,97.28,2017-11-07,2017-11-27 00:00:00.000000,2026-08-27T05:17:09.287600+00:00,D:/D drive recovery/Shiva JH/Projects/OneLake Medallion/data/landing/2017-11-07/order_payments.parquet,2017-11-07
48aaa0a6d934cf4a57020d72908f94cb,1,boleto,1,27.75,2017-11-07,2017-11-29 00:00:00.000000,2026-08-27T05:17:09.287600+00:00,D:/D drive recovery/Shiva JH/Projects/OneLake Medallion/data/landing/2017-11-07/order_payments.parquet,2017-11-07
b3c0d30328473d54c9e53a0e9aa04aca,1,credit_card,5,79.81,2017-11-07,2017-11-30 00:00:00.000000,2026-08-27T05:17:09.287600+00:00,D:/D drive recovery/Shiva JH/Projects/OneLake Medallion/data/landing/2017-11-07/order_payments.parquet,2017-11-07
838182c127d317f0eca3ea49a529146d,1,credit_card,2,73.15,2017-11-07,2017-11-30 00:00:00.000000,2026-08-27T05:17:09.287600+00:00,D:/D drive recovery/Shiva JH/Projects/OneLake Medallion/data/landing/2017-11-07/order_payments.parquet,2017-11-07
e2a03ccf5ea816036608b2d8c3ab8e60,1,credit_card,1,131.94,2017-11-19,2017-12-15 18:56:35.000000,2026-08-27T05:17:09.287600+00:00,D:/D drive recovery/Shiva JH/Projects/OneLake Medallion/data/landing/2017-11-19/order_payments.parquet,2017-11-19
002d040018d12a3853c059f7f23ab5b1,1,boleto,1,169.84,2017-11-19,2017-12-08 00:00:00.000000,2026-08-27T05:17:09.287600+00:00,D:/D drive recovery/Shiva JH/Projects/OneLake Medallion/data/landing/2017-11-19/order_payments.parquet,2017-11-19
53f3cb0dcdecd62675e235186f24adcf,1,credit_card,10,160.21,2017-11-19,2017-12-15 22:34:17.000000,2026-08-27T05:17:09.287600+00:00,D:/D drive recovery/Shiva JH/Projects/OneLake Medallion/data/landing/2017-11-19/order_payments.parquet,2017-11-19
4319e802aaabad931ad3a44bd949720d,1,credit_card,1,47.69,2017-11-19,2017-12-13 00:00:00.000000,2026-08-27T05:17:09.287600+00:00,D:/D drive recovery/Shiva JH/Projects/OneLake Medallion/data/landing/2017-11-19/order_payments.parquet,2017-11-19
6961987bf1f3af131cc426530c982cc7,1,credit_card,1,48.69,2017-11-19,2017-12-11 00:00:00.000000,2026-08-27T05:17:09.287600+00:00,D:/D drive recovery/Shiva JH/Projects/OneLake Medallion/data/landing/2017-11-19/order_payments.parquet,2017-11-19
0870d202dc3234340a499505dc36c7a4,1,credit_card,1,46.84,2017-11-19,2017-12-01 00:00:00.000000,2026-08-27T05:17:09.287600+00:00,D:/D drive recovery/Shiva JH/Projects/OneLake Medallion/data/landing/2017-11-19/order_payments.parquet,2017-11-19
a4626ad7558acf9abc9358586c8bacaf,1,credit_card,10,298.11,2017-12-01,2017-12-29 00:00:00.000000,2026-08-27T05:17:09.287600+00:00,D:/D drive recovery/Shiva JH/Projects/OneLake Medallion/data/landing/2017-12-01/order_payments.parquet,2017-12-01
8f56d95ba4712b40163a057ba5ab89ac,1,credit_card,2,90.88,2017-12-01,2018-01-02 00:00:00.000000,2026-08-27T05:17:09.287600+00:00,D:/D drive recovery/Shiva JH/Projects/OneLake Medallion/data/landing/2017-12-01/order_payments.parquet,2017-12-01
b5839f6ef0df11dd4912bc5bfa299e3f,1,credit_card,1,25.0,2017-12-01,2017-12-28 00:00:00.000000,2026-08-27T05:17:09.287600+00:00,D:/D drive recovery/Shiva JH/Projects/OneLake Medallion/data/landing/2017-12-01/order_payments.parquet,2017-12-01
666a3fba59ffe0f70203090fdff3a61f,1,credit_card,1,140.22,2017-12-01,2017-12-26 00:00:00.000000,2026-08-27T05:17:09.287600+00:00,D:/D drive recovery/Shiva JH/Projects/OneLake Medallion/data/landing/2017-12-01/order_payments.parquet,2017-12-01
f20cb0150781a32271cd460ad28a5ed2,1,credit_card,2,107.36,2017-12-01,2017-12-20 00:00:00.000000,2026-08-27T05:17:09.287600+00:00,D:/D drive recovery/Shiva JH/Projects/OneLake Medallion/data/landing/2017-12-01/order_payments.parquet,2017-12-01
338fe34bc3c6875bdb7981bfb5a53b26,1,credit_card,3,184.79,2017-12-01,2018-01-03 00:00:00.000000,2026-08-27T05:17:09.287600+00:00,D:/D drive recovery/Shiva JH/Projects/OneLake Medallion/data/landing/2017-12-01/order_payments.parquet,2017-12-01
78d80f8efd220a6a3b81a6cd1b9737e1,1,credit_card,1,47.1,2017-12-01,2017-12-27 00:00:00.000000,2026-08-27T05:17:09.287600+00:00,D:/D drive recovery/Shiva JH/Projects/OneLake Medallion/data/landing/2017-12-01/order_payments.parquet,2017-12-01
c91b29576f970b27d90f5b214c88283f,1,credit_card,1,73.77,2017-12-01,2017-12-29 00:00:00.000000,2026-08-27T05:17:09.287600+00:00,D:/D drive recovery/Shiva JH/Projects/OneLake Medallion/data/landing/2017-12-01/order_payments.parquet,2017-12-01
99c9fec8ab028336e605f216e55337e6,1,credit_card,1,65.0,2017-12-01,2018-01-04 00:00:00.000000,2026-08-27T05:17:09.287600+00:00,D:/D drive recovery/Shiva JH/Projects/OneLake Medallion/data/landing/2017-12-01/order_payments.parquet,2017-12-01
fa3b5273908399cce287019297580550,1,credit_card,8,247.83,2017-12-13,2018-01-02 00:00:00.000000,2026-08-27T05:17:09.287600+00:00,D:/D drive recovery/Shiva JH/Projects/OneLake Medallion/data/landing/2017-12-13/order_payments.parquet,2017-12-13
43836bb9e5c73e492e6361c1c5af52f0,1,credit_card,10,121.69,2017-12-13,2018-01-02 00:00:00.000000,2026-08-27T05:17:09.287600+00:00,D:/D drive recovery/Shiva JH/Projects/OneLake Medallion/data/landing/2017-12-13/order_payments.parquet,2017-12-13
21ca56b276a6b8d082a1261f33786085,1,credit_card,4,44.8,2017-12-13,2018-01-10 00:00:00.000000,2026-08-27T05:17:09.287600+00:00,D:/D drive recovery/Shiva JH/Projects/OneLake Medallion/data/landing/2017-12-13/order_payments.parquet,2017-12-13
a2dd8c16ba2548569497fdc4a440b967,1,credit_card,2,73.03,2017-12-13,2018-01-02 00:00:00.000000,2026-08-27T05:17:09.287600+00:00,D:/D drive recovery/Shiva JH/Projects/OneLake Medallion/data/landing/2017-12-13/order_payments.parquet,2017-12-13
cdab66293e2e4ea2b956d8016c5ad97d,1,credit_card,1,132.06,2017-12-13,2018-01-08 00:00:00.000000,2026-08-27T05:17:09.287600+00:00,D:/D drive recovery/Shiva JH/Projects/OneLake Medallion/data/landing/2017-12-13/order_payments.parquet,2017-12-13
21ca56b276a6b8d082a1261f33786085,2,voucher,1,21.66,2017-12-13,2018-01-10 00:00:00.000000,2026-08-27T05:17:09.287600+00:00,D:/D drive recovery/Shiva JH/Projects/OneLake Medallion/data/landing/2017-12-13/order_payments.parquet,2017-12-13
1d301b935a2555d96600d432bbf859b9,1,credit_card,4,215.8,2017-12-13,2018-01-11 00:00:00.000000,2026-08-27T05:17:09.287600+00:00,D:/D drive recovery/Shiva JH/Projects/OneLake Medallion/data/landing/2017-12-13/order_payments.parquet,2017-12-13
8704f37bae751578cdec362f48c61232,1,credit_card,2,71.82,2017-12-13,2018-01-08 00:00:00.000000,2026-08-27T05:17:09.287600+00:00,D:/D drive recovery/Shiva JH/Projects/OneLake Medallion/data/landing/2017-12-13/order_payments.parquet,2017-12-13
73c8ab38f07dc94389065f7eba4f297a,1,boleto,1,1014.02,2017-12-13,2018-01-08 00:00:00.000000,2026-08-27T05:17:09.287600+00:00,D:/D drive recovery/Shiva JH/Projects/OneLake Medallion/data/landing/2017-12-13/order_payments.parquet,2017-12-13
974c26d25f3764b5acde8a0b556843be,1,boleto,1,103.56,2017-12-25,2018-01-19 00:00:00.000000,2026-08-27T05:17:09.287600+00:00,D:/D drive recovery/Shiva JH/Projects/OneLake Medallion/data/landing/2017-12-25/order_payments.parquet,2017-12-25
72a704e8fb6c499fad9b26bd8873bd39,1,credit_card,1,33.99,2017-12-25,2018-01-15 00:00:00.000000,2026-08-27T05:17:09.287600+00:00,D:/D drive recovery/Shiva JH/Projects/OneLake Medallion/data/landing/2017-12-25/order_payments.parquet,2017-12-25
d65848ec24d6595e5a459c4196c01b7c,1,credit_card,4,85.69,2017-12-25,2018-02-01 00:00:00.000000,2026-08-27T05:17:09.287600+00:00,D:/D drive recovery/Shiva JH/Projects/OneLake Medallion/data/landing/2017-12-25/order_payments.parquet,2017-12-25
cc6b24184c966c627e754fcdc80e9e53,1,credit_card,1,65.43,2017-12-25,2018-01-15 00:00:00.000000,2026-08-27T05:17:09.287600+00:00,D:/D drive recovery/Shiva JH/Projects/OneLake Medallion/data/landing/2017-12-25/order_payments.parquet,2017-12-25
98cc17e56c367cbbe628aca0bbf9f08e,1,credit_card,1,54.09,2018-01-06,2018-02-07 00:00:00.000000,2026-08-27T05:17:09.287600+00:00,D:/D drive recovery/Shiva JH/Projects/OneLake Medallion/data/landing/2018-01-06/order_payments.parquet,2018-01-06
8293cb6241edbf2b03ae13125b6b334a,1,boleto,1,310.65,2018-01-06,2018-01-31 00:00:00.000000,2026-08-27T05:17:09.287600+00:00,D:/D drive recovery/Shiva JH/Projects/OneLake Medallion/data/landing/2018-01-06/order_payments.parquet,2018-01-06
3d44f7b0d44056fcb488f7d2fd22e820,1,credit_card,3,118.17,2018-01-06,2018-02-07 00:00:00.000000,2026-08-27T05:17:09.287600+00:00,D:/D drive recovery/Shiva JH/Projects/OneLake Medallion/data/landing/2018-01-06/order_payments.parquet,2018-01-06
bbe32ce108f0fa16e209fbaee6005f2b,1,credit_card,1,156.99,2018-01-06,2018-03-13 00:00:00.000000,2026-08-27T05:17:09.287600+00:00,D:/D drive recovery/Shiva JH/Projects/OneLake Medallion/data/landing/2018-01-06/order_payments.parquet,2018-01-06
b5874324518a48132da83d062f675fb3,1,credit_card,3,177.38,2018-01-18,2018-02-02 00:00:00.000000,2026-08-27T05:17:09.287600+00:00,D:/D drive recovery/Shiva JH/Projects/OneLake Medallion/data/landing/2018-01-18/order_payments.parquet,2018-01-18
09df1b5edd28f22201dd19d1acccd5f3,1,credit_card,4,45.93,2018-01-18,2018-02-23 00:00:00.000000,2026-08-27T05:17:09.287600+00:00,D:/D drive recovery/Shiva JH/Projects/OneLake Medallion/data/landing/2018-01-18/order_payments.parquet,2018-01-18
2c0850997a2ee7ab84dbd7b4c909b667,1,credit_card,1,253.8,2018-01-18,2018-02-02 00:00:00.000000,2026-08-27T05:17:09.287600+00:00,D:/D drive recovery/Shiva JH/Projects/OneLake Medallion/data/landing/2018-01-18/order_payments.parquet,2018-01-18
a69ddc335f989aa05576bc19f8b9a549,1,boleto,1,262.07,2018-01-18,2018-04-18 15:41:50.000000,2026-08-27T05:17:09.287600+00:00,D:/D drive recovery/Shiva JH/Projects/OneLake Medallion/data/landing/2018-01-18/order_payments.parquet,2018-01-18
a2087914bc836b0a52e2369d6f30fde4,1,credit_card,1,96.99,2018-01-18,2018-02-22 00:00:00.000000,2026-08-27T05:17:09.287600+00:00,D:/D drive recovery/Shiva JH/Projects/OneLake Medallion/data/landing/2018-01-18/order_payments.parquet,2018-01-18
1aee3456393950993d316010ffc4088b,1,credit_card,2,169.49,2018-01-18,2018-02-16 00:00:00.000000,2026-08-27T05:17:09.287600+00:00,D:/D drive recovery/Shiva JH/Projects/OneLake Medallion/data/landing/2018-01-18/order_payments.parquet,2018-01-18
a267e89993dbe4178c877361a582f06e,2,voucher,1,76.18,2018-01-30,2018-02-15 00:00:00.000000,2026-08-27T05:17:09.287600+00:00,D:/D drive recovery/Shiva JH/Projects/OneLake Medallion/data/landing/2018-01-30/order_payments.parquet,2018-01-30
a267e89993dbe4178c877361a582f06e,1,credit_card,1,7.64,2018-01-30,2018-02-15 00:00:00.000000,2026-08-27T05:17:09.287600+00:00,D:/D drive recovery/Shiva JH/Projects/OneLake Medallion/data/landing/2018-01-30/order_payments.parquet,2018-01-30
3d037089d7e5c79581fdc67f54191a25,1,credit_card,5,274.02,2018-01-30,2018-03-06 00:00:00.000000,2026-08-27T05:17:09.287600+00:00,D:/D drive recovery/Shiva JH/Projects/OneLake Medallion/data/landing/2018-01-30/order_payments.parquet,2018-01-30
592f871804e88d1167c1532ebff9fb84,1,credit_card,6,136.5,2018-02-11,2018-03-12 00:00:00.000000,2026-08-27T05:17:09.287600+00:00,D:/D drive recovery/Shiva JH/Projects/OneLake Medallion/data/landing/2018-02-11/order_payments.parquet,2018-02-11
d722b334d743dc19d08939ed8a57664e,1,credit_card,1,206.42,2018-02-11,2018-02-26 00:00:00.000000,2026-08-27T05:17:09.287600+00:00,D:/D drive recovery/Shiva JH/Projects/OneLake Medallion/data/landing/2018-02-11/order_payments.parquet,2018-02-11
ffa2a7fdee9759a1c69f742f0a21d371,1,boleto,1,38.01,2018-02-11,2018-02-26 00:00:00.000000,2026-08-27T05:17:09.287600+00:00,D:/D drive recovery/Shiva JH/Projects/OneLake Medallion/data/landing/2018-02-11/order_payments.parquet,2018-02-11
b1e5cc374b5c4f7c12ef420d322b07e1,1,credit_card,2,47.68,2018-02-11,2018-02-26 00:00:00.000000,2026-08-27T05:17:09.287600+00:00,D:/D drive recovery/Shiva JH/Projects/OneLake Medallion/data/landing/2018-02-11/order_payments.parquet,2018-02-11
8006a29212bfc6b554bdb445427822bf,1,credit_card,1,138.24,2018-02-11,2018-03-27 00:00:00.000000,2026-08-27T05:17:09.287600+00:00,D:/D drive recovery/Shiva JH/Projects/OneLake Medallion/data/landing/2018-02-11/order_payments.parquet,2018-02-11
c496970811b313659dbbcfd57ffd1b42,1,credit_card,1,45.1,2018-02-11,2018-03-14 00:46:43.000000,2026-08-27T05:17:09.287600+00:00,D:/D drive recovery/Shiva JH/Projects/OneLake Medallion/data/landing/2018-02-11/order_payments.parquet,2018-02-11
e832fe7f7808b5f981ee02746681d40e,1,credit_card,10,119.94,2018-02-23,2018-03-12 00:00:00.000000,2026-08-27T05:17:09.287600+00:00,D:/D drive recovery/Shiva JH/Projects/OneLake Medallion/data/landing/2018-02-23/order_payments.parquet,2018-02-23
d8094f20356ae7f08b20de937ea31041,1,credit_card,2,84.83,2018-02-23,2018-03-09 00:00:00.000000,2026-08-27T05:17:09.287600+00:00,D:/D drive recovery/Shiva JH/Projects/OneLake Medallion/data/landing/2018-02-23/order_payments.parquet,2018-02-23
5a33eef69ed2fbfe4d2ef90f288fb9c8,1,credit_card,4,710.48,2018-02-23,2018-03-20 00:00:00.000000,2026-08-27T05:17:09.287600+00:00,D:/D drive recovery/Shiva JH/Projects/OneLake Medallion/data/landing/2018-02-23/order_payments.parquet,2018-02-23
1ab69e6a88c55054f55e82b7ea1c9d34,1,credit_card,6,629.27,2018-03-07,2018-03-28 00:00:00.000000,2026-08-27T05:17:09.287600+00:00,D:/D drive recovery/Shiva JH/Projects/OneLake Medallion/data/landing/2018-03-07/order_payments.parquet,2018-03-07
48b5f03747afdec20ba2388eee0d3acb,1,credit_card,8,182.62,2018-03-07,2018-03-23 00:00:00.000000,2026-08-27T05:17:09.287600+00:00,D:/D drive recovery/Shiva JH/Projects/OneLake Medallion/data/landing/2018-03-07/order_payments.parquet,2018-03-07
20ce4fa87bcbac1808a7c504a7273ea7,1,debit_card,1,42.79,2018-03-07,2018-03-23 00:00:00.000000,2026-08-27T05:17:09.287600+00:00,D:/D drive recovery/Shiva JH/Projects/OneLake Medallion/data/landing/2018-03-07/order_payments.parquet,2018-03-07
7bdbf26950bfc3b92d415498376864fd,1,credit_card,3,318.55,2018-03-07,2018-04-05 00:00:00.000000,2026-08-27T05:17:09.287600+00:00,D:/D drive recovery/Shiva JH/Projects/OneLake Medallion/data/landing/2018-03-07/order_payments.parquet,2018-03-07
b9968318b0149a5239e1b401ffb54ace,1,credit_card,4,47.51,2018-03-07,2018-03-19 00:00:00.000000,2026-08-27T05:17:09.287600+00:00,D:/D drive recovery/Shiva JH/Projects/OneLake Medallion/data/landing/2018-03-07/order_payments.parquet,2018-03-07
e8a923aa92f0c87c9bfcd7be05546918,1,credit_card,1,37.4,2018-03-07,2018-03-19 23:42:17.000000,2026-08-27T05:17:09.287600+00:00,D:/D drive recovery/Shiva JH/Projects/OneLake Medallion/data/landing/2018-03-07/order_payments.parquet,2018-03-07
22cee08cd372f903b380852fdf75a1eb,1,credit_card,6,91.89,2018-03-19,2018-04-25 00:00:00.000000,2026-08-27T05:17:09.287600+00:00,D:/D drive recovery/Shiva JH/Projects/OneLake Medallion/data/landing/2018-03-19/order_payments.parquet,2018-03-19
7770f0fa803309f7765d9c449f1a7db4,1,boleto,1,165.53,2018-03-19,2018-04-06 00:00:00.000000,2026-08-27T05:17:09.287600+00:00,D:/D drive recovery/Shiva JH/Projects/OneLake Medallion/data/landing/2018-03-19/order_payments.parquet,2018-03-19
1d5c39819bbfb4a4e2443ce5409d4148,1,boleto,1,37.61,2018-03-19,2018-03-29 00:00:00.000000,2026-08-27T05:17:09.287600+00:00,D:/D drive recovery/Shiva JH/Projects/OneLake Medallion/data/landing/2018-03-19/order_payments.parquet,2018-03-19
4b21c757f8c1a51d41c1653e15d8f289,2,voucher,1,247.16,2018-03-31,2018-04-12 00:00:00.000000,2026-08-27T05:17:09.287600+00:00,D:/D drive recovery/Shiva JH/Projects/OneLake Medallion/data/landing/2018-03-31/order_payments.parquet,2018-03-31
7b73889e40574f23f35f71c026fb141c,1,credit_card,2,189.56,2018-03-31,2018-04-17 00:00:00.000000,2026-08-27T05:17:09.287600+00:00,D:/D drive recovery/Shiva JH/Projects/OneLake Medallion/data/landing/2018-03-31/order_payments.parquet,2018-03-31
4b21c757f8c1a51d41c1653e15d8f289,1,credit_card,1,27.69,2018-03-31,2018-04-12 00:00:00.000000,2026-08-27T05:17:09.287600+00:00,D:/D drive recovery/Shiva JH/Projects/OneLake Medallion/data/landing/2018-03-31/order_payments.parquet,2018-03-31
99ca8b25a7b584ec1b48b0a857a9211b,1,voucher,1,110.26,2018-03-31,2018-05-03 00:00:00.000000,2026-08-27T05:17:09.287600+00:00,D:/D drive recovery/Shiva JH/Projects/OneLake Medallion/data/landing/2018-03-31/order_payments.parquet,2018-03-31
408df9004bd631081333aab0584bcfe4,1,credit_card,1,84.14,2018-04-12,2018-04-30 00:00:00.000000,2026-08-27T05:17:09.287600+00:00,D:/D drive recovery/Shiva JH/Projects/OneLake Medallion/data/landing/2018-04-12/order_payments.parquet,2018-04-12
801486e590af3202e69113a4542ef133,1,credit_card,3,68.32,2018-04-12,2018-05-07 00:00:00.000000,2026-08-27T05:17:09.287600+00:00,D:/D drive recovery/Shiva JH/Projects/OneLake Medallion/data/landing/2018-04-12/order_payments.parquet,2018-04-12
1a58f35be1cae85f27119089958d5c7a,1,credit_card,2,75.19,2018-04-12,2018-04-30 00:00:00.000000,2026-08-27T05:17:09.287600+00:00,D:/D drive recovery/Shiva JH/Projects/OneLake Medallion/data/landing/2018-04-12/order_payments.parquet,2018-04-12
564d8bd235927df0c8c8bfe8ff4aee6d,1,credit_card,2,160.22,2018-04-12,2018-05-07 00:00:00.000000,2026-08-27T05:17:09.287600+00:00,D:/D drive recovery/Shiva JH/Projects/OneLake Medallion/data/landing/2018-04-12/order_payments.parquet,2018-04-12
b109cd82203e670b7963d9945099ca6b,1,credit_card,2,119.57,2018-04-12,2018-05-03 00:00:00.000000,2026-08-27T05:17:09.287600+00:00,D:/D drive recovery/Shiva JH/Projects/OneLake Medallion/data/landing/2018-04-12/order_payments.parquet,2018-04-12
37f699e1c2746962c33774a34872fad7,1,credit_card,2,279.3,2018-04-24,2018-05-22 00:00:00.000000,2026-08-27T05:17:09.287600+00:00,D:/D drive recovery/Shiva JH/Projects/OneLake Medallion/data/landing/2018-04-24/order_payments.parquet,2018-04-24
39840651d975d5a257f08661d376e085,1,credit_card,8,319.88,2018-04-24,2018-05-22 00:00:00.000000,2026-08-27T05:17:09.287600+00:00,D:/D drive recovery/Shiva JH/Projects/OneLake Medallion/data/landing/2018-04-24/order_payments.parquet,2018-04-24
e8ddca0d6240b571472906ab8a331f85,1,credit_card,1,48.87,2018-04-24,2018-05-08 00:00:00.000000,2026-08-27T05:17:09.287600+00:00,D:/D drive recovery/Shiva JH/Projects/OneLake Medallion/data/landing/2018-04-24/order_payments.parquet,2018-04-24
1efe916e0147732877ae7c2ae6a245ba,1,credit_card,1,856.89,2018-04-24,2018-05-18 00:00:00.000000,2026-08-27T05:17:09.287600+00:00,D:/D drive recovery/Shiva JH/Projects/OneLake Medallion/data/landing/2018-04-24/order_payments.parquet,2018-04-24
3d0edcf47a5092f12524fc91a5fbdaee,1,credit_card,1,78.75,2018-04-24,2018-05-28 00:00:00.000000,2026-08-27T05:17:09.287600+00:00,D:/D drive recovery/Shiva JH/Projects/OneLake Medallion/data/landing/2018-04-24/order_payments.parquet,2018-04-24
590ab3344f70c64950c4108f56f56280,1,credit_card,3,152.73,2018-04-24,2018-06-04 00:00:00.000000,2026-08-27T05:17:09.287600+00:00,D:/D drive recovery/Shiva JH/Projects/OneLake Medallion/data/landing/2018-04-24/order_payments.parquet,2018-04-24
d916bc63daa29deee391ab3e479e2923,1,boleto,1,69.97,2018-04-24,2018-05-25 00:00:00.000000,2026-08-27T05:17:09.287600+00:00,D:/D drive recovery/Shiva JH/Projects/OneLake Medallion/data/landing/2018-04-24/order_payments.parquet,2018-04-24
0d0665d64b4dd1dae2ed97fa92509144,1,credit_card,3,62.79,2018-04-24,2018-05-16 00:00:00.000000,2026-08-27T05:17:09.287600+00:00,D:/D drive recovery/Shiva JH/Projects/OneLake Medallion/data/landing/2018-04-24/order_payments.parquet,2018-04-24
a843db5b5fcf2b053e8ae0b87b02ffdc,1,credit_card,2,179.0,2018-04-24,2018-05-21 00:00:00.000000,2026-08-27T05:17:09.287600+00:00,D:/D drive recovery/Shiva JH/Projects/OneLake Medallion/data/landing/2018-04-24/order_payments.parquet,2018-04-24
cea7e28bd63ef382ebf6010b228208f2,1,credit_card,3,128.85,2018-04-24,2018-05-15 00:00:00.000000,2026-08-27T05:17:09.287600+00:00,D:/D drive recovery/Shiva JH/Projects/OneLake Medallion/data/landing/2018-04-24/order_payments.parquet,2018-04-24
04b9b5e585a9c4f0a8e54706eb6dca47,1,credit_card,3,68.46,2018-05-06,2018-05-23 00:00:00.000000,2026-08-27T05:17:09.287600+00:00,D:/D drive recovery/Shiva JH/Projects/OneLake Medallion/data/landing/2018-05-06/order_payments.parquet,2018-05-06
96e427c3f1f84bc2ae037b8ca5d22110,1,credit_card,4,136.71,2018-05-06,2018-06-05 00:00:00.000000,2026-08-27T05:17:09.287600+00:00,D:/D drive recovery/Shiva JH/Projects/OneLake Medallion/data/landing/2018-05-06/order_payments.parquet,2018-05-06
048937ad68e3d2ec6e64f5105184589d,1,credit_card,8,790.65,2018-05-06,2018-06-12 00:00:00.000000,2026-08-27T05:17:09.287600+00:00,D:/D drive recovery/Shiva JH/Projects/OneLake Medallion/data/landing/2018-05-06/order_payments.parquet,2018-05-06
aa2cd8b186c94011da9d0f80785a3f20,1,boleto,1,66.33,2018-05-06,2018-05-15 00:00:00.000000,2026-08-27T05:17:09.287600+00:00,D:/D drive recovery/Shiva JH/Projects/OneLake Medallion/data/landing/2018-05-06/order_payments.parquet,2018-05-06
3e153abd068ad6638364a06df17cdc5d,1,credit_card,8,204.46,2018-05-18,2018-05-29 00:00:00.000000,2026-08-27T05:17:09.287600+00:00,D:/D drive recovery/Shiva JH/Projects/OneLake Medallion/data/landing/2018-05-18/order_payments.parquet,2018-05-18
1565a76a3a30915bbcab8d5e698836cc,1,credit_card,7,108.92,2018-05-18,2018-05-29 00:00:00.000000,2026-08-27T05:17:09.287600+00:00,D:/D drive recovery/Shiva JH/Projects/OneLake Medallion/data/landing/2018-05-18/order_payments.parquet,2018-05-18
8f1b87d8fb573caa3a4f426564eb3e8d,1,credit_card,1,111.02,2018-05-18,2018-06-04 00:00:00.000000,2026-08-27T05:17:09.287600+00:00,D:/D drive recovery/Shiva JH/Projects/OneLake Medallion/data/landing/2018-05-18/order_payments.parquet,2018-05-18
a4423627568451619a53fb219d9ab5e9,1,credit_card,3,256.6,2018-05-18,2018-06-06 00:00:00.000000,2026-08-27T05:17:09.287600+00:00,D:/D drive recovery/Shiva JH/Projects/OneLake Medallion/data/landing/2018-05-18/order_payments.parquet,2018-05-18
4872f8ddca1a62529306384f9c48cbae,1,boleto,1,27.23,2018-05-18,2018-06-11 00:00:00.000000,2026-08-27T05:17:09.287600+00:00,D:/D drive recovery/Shiva JH/Projects/OneLake Medallion/data/landing/2018-05-18/order_payments.parquet,2018-05-18
36dc666b3287023e11e5497252e98707,1,credit_card,1,84.18,2018-05-18,2018-06-07 00:00:00.000000,2026-08-27T05:17:09.287600+00:00,D:/D drive recovery/Shiva JH/Projects/OneLake Medallion/data/landing/2018-05-18/order_payments.parquet,2018-05-18
f458316312c3e16919d3eb5f56c95930,1,credit_card,4,204.58,2018-05-18,2018-06-19 00:00:00.000000,2026-08-27T05:17:09.287600+00:00,D:/D drive recovery/Shiva JH/Projects/OneLake Medallion/data/landing/2018-05-18/order_payments.parquet,2018-05-18
03a77816f8b67ef237ecca2c772c4851,1,boleto,1,109.5,2018-05-30,2018-07-05 00:00:00.000000,2026-08-27T05:17:09.287600+00:00,D:/D drive recovery/Shiva JH/Projects/OneLake Medallion/data/landing/2018-05-30/order_payments.parquet,2018-05-30
b528343ff0b10c32c5c7baf68f6536ba,1,credit_card,2,109.39,2018-05-30,2018-07-03 00:00:00.000000,2026-08-27T05:17:09.287600+00:00,D:/D drive recovery/Shiva JH/Projects/OneLake Medallion/data/landing/2018-05-30/order_payments.parquet,2018-05-30
47aa0308326d0c781ffa998ee36dc409,1,boleto,1,26.38,2018-05-30,2018-06-25 00:00:00.000000,2026-08-27T05:17:09.287600+00:00,D:/D drive recovery/Shiva JH/Projects/OneLake Medallion/data/landing/2018-05-30/order_payments.parquet,2018-05-30
7ac7aa6251f124754c968e2a83346b96,1,boleto,1,114.48,2018-06-11,2018-06-20 00:00:00.000000,2026-08-27T05:17:09.287600+00:00,D:/D drive recovery/Shiva JH/Projects/OneLake Medallion/data/landing/2018-06-11/order_payments.parquet,2018-06-11
9433f58821239b782c8861534af7e5bd,1,credit_card,6,69.69,2018-06-11,2018-07-03 00:00:00.000000,2026-08-27T05:17:09.287600+00:00,D:/D drive recovery/Shiva JH/Projects/OneLake Medallion/data/landing/2018-06-11/order_payments.parquet,2018-06-11
73c772511dcde525870ffbe869770da0,1,credit_card,1,34.38,2018-06-11,2018-06-20 00:00:00.000000,2026-08-27T05:17:09.287600+00:00,D:/D drive recovery/Shiva JH/Projects/OneLake Medallion/data/landing/2018-06-11/order_payments.parquet,2018-06-11
d55b88c264e0cacf41c8f8ce846bc1ee,1,credit_card,6,785.72,2018-06-11,2018-07-04 20:03:11.000000,2026-08-27T05:17:09.287600+00:00,D:/D drive recovery/Shiva JH/Projects/OneLake Medallion/data/landing/2018-06-11/order_payments.parquet,2018-06-11
4c93b283893b057fe314b13138f01119,1,credit_card,6,62.98,2018-06-11,2018-07-11 00:00:00.000000,2026-08-27T05:17:09.287600+00:00,D:/D drive recovery/Shiva JH/Projects/OneLake Medallion/data/landing/2018-06-11/order_payments.parquet,2018-06-11
8115c56b23b02cb96cdfce13531a5a7d,1,boleto,1,114.06,2018-06-11,2018-07-05 00:00:00.000000,2026-08-27T05:17:09.287600+00:00,D:/D drive recovery/Shiva JH/Projects/OneLake Medallion/data/landing/2018-06-11/order_payments.parquet,2018-06-11
3bdf42bf290aa910a8df3ece52413067,1,boleto,1,606.59,2018-06-11,2018-07-05 00:00:00.000000,2026-08-27T05:17:09.287600+00:00,D:/D drive recovery/Shiva JH/Projects/OneLake Medallion/data/landing/2018-06-11/order_payments.parquet,2018-06-11
caef45ebcbb19b79936b20d0bf662db3,1,credit_card,3,237.15,2018-06-23,2018-07-27 00:00:00.000000,2026-08-27T05:17:09.287600+00:00,D:/D drive recovery/Shiva JH/Projects/OneLake Medallion/data/landing/2018-06-23/order_payments.parquet,2018-06-23
17f6822b66a6bb2281a02c2c906336a8,1,credit_card,2,51.22,2018-06-23,2018-07-16 00:00:00.000000,2026-08-27T05:17:09.287600+00:00,D:/D drive recovery/Shiva JH/Projects/OneLake Medallion/data/landing/2018-06-23/order_payments.parquet,2018-06-23
764bcaebe1a019d6c12165f67656db9b,1,credit_card,3,415.45,2018-06-23,2018-07-26 00:00:00.000000,2026-08-27T05:17:09.287600+00:00,D:/D drive recovery/Shiva JH/Projects/OneLake Medallion/data/landing/2018-06-23/order_payments.parquet,2018-06-23
95ab576c40cc5e27afe26b35bf6198eb,1,credit_card,3,142.63,2018-06-23,2018-07-23 00:00:00.000000,2026-08-27T05:17:09.287600+00:00,D:/D drive recovery/Shiva JH/Projects/OneLake Medallion/data/landing/2018-06-23/order_payments.parquet,2018-06-23
070a62ae87136bfbe6ef6d0e2883cda5,1,boleto,1,343.37,2018-06-23,2018-08-09 00:00:00.000000,2026-08-27T05:17:09.287600+00:00,D:/D drive recovery/Shiva JH/Projects/OneLake Medallion/data/landing/2018-06-23/order_payments.parquet,2018-06-23
671c1562854f03c1d68f6d48e1fa4c7d,1,credit_card,2,76.66,2017-03-03,2017-03-24 00:00:00.000000,2026-08-27T05:17:09.287600+00:00,D:/D drive recovery/Shiva JH/Projects/OneLake Medallion/data/landing/2017-03-03/order_payments.parquet,2017-03-03
9ecc63b839c404ca47e48f1af1f54702,1,boleto,1,128.88,2017-03-03,2017-03-24 00:00:00.000000,2026-08-27T05:17:09.287600+00:00,D:/D drive recovery/Shiva JH/Projects/OneLake Medallion/data/landing/2017-03-03/order_payments.parquet,2017-03-03
63c9a278e2db31d8f1c92babe1b0ae5d,1,credit_card,2,29.51,2017-03-15,2017-04-05 00:00:00.000000,2026-08-27T05:17:09.287600+00:00,D:/D drive recovery/Shiva JH/Projects/OneLake Medallion/data/landing/2017-03-15/order_payments.parquet,2017-03-15
4b9a2fcf7058ab9f5609fc6556941297,1,credit_card,1,104.38,2017-03-15,2017-04-07 00:00:00.000000,2026-08-27T05:17:09.287600+00:00,D:/D drive recovery/Shiva JH/Projects/OneLake Medallion/data/landing/2017-03-15/order_payments.parquet,2017-03-15
0928b1d58fe76f5a1e63be5a47ea6253,1,credit_card,6,64.52,2017-03-15,2017-04-05 00:00:00.000000,2026-08-27T05:17:09.287600+00:00,D:/D drive recovery/Shiva JH/Projects/OneLake Medallion/data/landing/2017-03-15/order_payments.parquet,2017-03-15
e316d17cafee5024c175ba56fc437d56,1,credit_card,3,74.49,2017-03-27,2017-04-19 00:00:00.000000,2026-08-27T05:17:09.287600+00:00,D:/D drive recovery/Shiva JH/Projects/OneLake Medallion/data/landing/2017-03-27/order_payments.parquet,2017-03-27
e9781329bbd9648bc8c210acc30c130c,1,boleto,1,170.67,2017-03-27,2017-05-03 00:00:00.000000,2026-08-27T05:17:09.287600+00:00,D:/D drive recovery/Shiva JH/Projects/OneLake Medallion/data/landing/2017-03-27/order_payments.parquet,2017-03-27
1006246e3feed80b0a2f83d8364240f7,1,credit_card,6,137.27,2017-04-08,2017-05-17 00:00:00.000000,2026-08-27T05:17:09.287600+00:00,D:/D drive recovery/Shiva JH/Projects/OneLake Medallion/data/landing/2017-04-08/order_payments.parquet,2017-04-08
fa65dad1b0e818e3ccc5cb0e39231352,27,voucher,1,66.02,2017-04-20,2017-05-18 00:00:00.000000,2026-08-27T05:17:09.287600+00:00,D:/D drive recovery/Shiva JH/Projects/OneLake Medallion/data/landing/2017-04-20/order_payments.parquet,2017-04-20
fa65dad1b0e818e3ccc5cb0e39231352,4,voucher,1,29.16,2017-04-20,2017-05-18 00:00:00.000000,2026-08-27T05:17:09.287600+00:00,D:/D drive recovery/Shiva JH/Projects/OneLake Medallion/data/landing/2017-04-20/order_payments.parquet,2017-04-20
fa65dad1b0e818e3ccc5cb0e39231352,1,voucher,1,3.71,2017-04-20,2017-05-18 00:00:00.000000,2026-08-27T05:17:09.287600+00:00,D:/D drive recovery/Shiva JH/Projects/OneLake Medallion/data/landing/2017-04-20/order_payments.parquet,2017-04-20
fa65dad1b0e818e3ccc5cb0e39231352,9,voucher,1,1.08,2017-04-20,2017-05-18 00:00:00.000000,2026-08-27T05:17:09.287600+00:00,D:/D drive recovery/Shiva JH/Projects/OneLake Medallion/data/landing/2017-04-20/order_payments.parquet,2017-04-20
fa65dad1b0e818e3ccc5cb0e39231352,10,voucher,1,12.86,2017-04-20,2017-05-18 00:00:00.000000,2026-08-27T05:17:09.287600+00:00,D:/D drive recovery/Shiva JH/Projects/OneLake Medallion/data/landing/2017-04-20/order_payments.parquet,2017-04-20
64d5bb1764f742cbecaed917d384da32,1,boleto,1,39.42,2017-04-20,2017-05-24 00:00:00.000000,2026-08-27T05:17:09.287600+00:00,D:/D drive recovery/Shiva JH/Projects/OneLake Medallion/data/landing/2017-04-20/order_payments.parquet,2017-04-20
fa65dad1b0e818e3ccc5cb0e39231352,2,voucher,1,8.51,2017-04-20,2017-05-18 00:00:00.000000,2026-08-27T05:17:09.287600+00:00,D:/D drive recovery/Shiva JH/Projects/OneLake Medallion/data/landing/2017-04-20/order_payments.parquet,2017-04-20
fa65dad1b0e818e3ccc5cb0e39231352,25,voucher,1,3.68,2017-04-20,2017-05-18 00:00:00.000000,2026-08-27T05:17:09.287600+00:00,D:/D drive recovery/Shiva JH/Projects/OneLake Medallion/data/landing/2017-04-20/order_payments.parquet,2017-04-20
fa65dad1b0e818e3ccc5cb0e39231352,5,voucher,1,0.66,2017-04-20,2017-05-18 00:00:00.000000,2026-08-27T05:17:09.287600+00:00,D:/D drive recovery/Shiva JH/Projects/OneLake Medallion/data/landing/2017-04-20/order_payments.parquet,2017-04-20
fa65dad1b0e818e3ccc5cb0e39231352,6,voucher,1,5.02,2017-04-20,2017-05-18 00:00:00.000000,2026-08-27T05:17:09.287600+00:00,D:/D drive recovery/Shiva JH/Projects/OneLake Medallion/data/landing/2017-04-20/order_payments.parquet,2017-04-20
fa65dad1b0e818e3ccc5cb0e39231352,11,voucher,1,4.03,2017-04-20,2017-05-18 00:00:00.000000,2026-08-27T05:17:09.287600+00:00,D:/D drive recovery/Shiva JH/Projects/OneLake Medallion/data/landing/2017-04-20/order_payments.parquet,2017-04-20
fa65dad1b0e818e3ccc5cb0e39231352,14,voucher,1,0.0,2017-04-20,2017-05-18 00:00:00.000000,2026-08-27T05:17:09.287600+00:00,D:/D drive recovery/Shiva JH/Projects/OneLake Medallion/data/landing/2017-04-20/order_payments.parquet,2017-04-20
fa65dad1b0e818e3ccc5cb0e39231352,29,voucher,1,19.26,2017-04-20,2017-05-18 00:00:00.000000,2026-08-27T05:17:09.287600+00:00,D:/D drive recovery/Shiva JH/Projects/OneLake Medallion/data/landing/2017-04-20/order_payments.parquet,2017-04-20
fa65dad1b0e818e3ccc5cb0e39231352,28,voucher,1,29.05,2017-04-20,2017-05-18 00:00:00.000000,2026-08-27T05:17:09.287600+00:00,D:/D drive recovery/Shiva JH/Projects/OneLake Medallion/data/landing/2017-04-20/order_payments.parquet,2017-04-20
fa65dad1b0e818e3ccc5cb0e39231352,15,voucher,1,14.04,2017-04-20,2017-05-18 00:00:00.000000,2026-08-27T05:17:09.287600+00:00,D:/D drive recovery/Shiva JH/Projects/OneLake Medallion/data/landing/2017-04-20/order_payments.parquet,2017-04-20
fa65dad1b0e818e3ccc5cb0e39231352,3,voucher,1,2.95,2017-04-20,2017-05-18 00:00:00.000000,2026-08-27T05:17:09.287600+00:00,D:/D drive recovery/Shiva JH/Projects/OneLake Medallion/data/landing/2017-04-20/order_payments.parquet,2017-04-20
fa65dad1b0e818e3ccc5cb0e39231352,8,voucher,1,26.02,2017-04-20,2017-05-18 00:00:00.000000,2026-08-27T05:17:09.287600+00:00,D:/D drive recovery/Shiva JH/Projects/OneLake Medallion/data/landing/2017-04-20/order_payments.parquet,2017-04-20
fa65dad1b0e818e3ccc5cb0e39231352,12,voucher,1,3.6,2017-04-20,2017-05-18 00:00:00.000000,2026-08-27T05:17:09.287600+00:00,D:/D drive recovery/Shiva JH/Projects/OneLake Medallion/data/landing/2017-04-20/order_payments.parquet,2017-04-20
fa65dad1b0e818e3ccc5cb0e39231352,21,voucher,1,4.11,2017-04-20,2017-05-18 00:00:00.000000,2026-08-27T05:17:09.287600+00:00,D:/D drive recovery/Shiva JH/Projects/OneLake Medallion/data/landing/2017-04-20/order_payments.parquet,2017-04-20
fa65dad1b0e818e3ccc5cb0e39231352,19,voucher,1,5.02,2017-04-20,2017-05-18 00:00:00.000000,2026-08-27T05:17:09.287600+00:00,D:/D drive recovery/Shiva JH/Projects/OneLake Medallion/data/landing/2017-04-20/order_payments.parquet,2017-04-20
fa65dad1b0e818e3ccc5cb0e39231352,13,voucher,1,0.0,2017-04-20,2017-05-18 00:00:00.000000,2026-08-27T05:17:09.287600+00:00,D:/D drive recovery/Shiva JH/Projects/OneLake Medallion/data/landing/2017-04-20/order_payments.parquet,2017-04-20
fa65dad1b0e818e3ccc5cb0e39231352,16,voucher,1,12.86,2017-04-20,2017-05-18 00:00:00.000000,2026-08-27T05:17:09.287600+00:00,D:/D drive recovery/Shiva JH/Projects/OneLake Medallion/data/landing/2017-04-20/order_payments.parquet,2017-04-20
fa65dad1b0e818e3ccc5cb0e39231352,26,voucher,1,28.27,2017-04-20,2017-05-18 00:00:00.000000,2026-08-27T05:17:09.287600+00:00,D:/D drive recovery/Shiva JH/Projects/OneLake Medallion/data/landing/2017-04-20/order_payments.parquet,2017-04-20
fa65dad1b0e818e3ccc5cb0e39231352,17,voucher,1,3.72,2017-04-20,2017-05-18 00:00:00.000000,2026-08-27T05:17:09.287600+00:00,D:/D drive recovery/Shiva JH/Projects/OneLake Medallion/data/landing/2017-04-20/order_payments.parquet,2017-04-20
fa65dad1b0e818e3ccc5cb0e39231352,18,voucher,1,0.73,2017-04-20,2017-05-18 00:00:00.000000,2026-08-27T05:17:09.287600+00:00,D:/D drive recovery/Shiva JH/Projects/OneLake Medallion/data/landing/2017-04-20/order_payments.parquet,2017-04-20
fa65dad1b0e818e3ccc5cb0e39231352,7,voucher,1,0.32,2017-04-20,2017-05-18 00:00:00.000000,2026-08-27T05:17:09.287600+00:00,D:/D drive recovery/Shiva JH/Projects/OneLake Medallion/data/landing/2017-04-20/order_payments.parquet,2017-04-20
fa65dad1b0e818e3ccc5cb0e39231352,23,voucher,1,18.86,2017-04-20,2017-05-18 00:00:00.000000,2026-08-27T05:17:09.287600+00:00,D:/D drive recovery/Shiva JH/Projects/OneLake Medallion/data/landing/2017-04-20/order_payments.parquet,2017-04-20
fa65dad1b0e818e3ccc5cb0e39231352,20,voucher,1,150.0,2017-04-20,2017-05-18 00:00:00.000000,2026-08-27T05:17:09.287600+00:00,D:/D drive recovery/Shiva JH/Projects/OneLake Medallion/data/landing/2017-04-20/order_payments.parquet,2017-04-20
fa65dad1b0e818e3ccc5cb0e39231352,24,voucher,1,0.42,2017-04-20,2017-05-18 00:00:00.000000,2026-08-27T05:17:09.287600+00:00,D:/D drive recovery/Shiva JH/Projects/OneLake Medallion/data/landing/2017-04-20/order_payments.parquet,2017-04-20
fa65dad1b0e818e3ccc5cb0e39231352,22,voucher,1,4.03,2017-04-20,2017-05-18 00:00:00.000000,2026-08-27T05:17:09.287600+00:00,D:/D drive recovery/Shiva JH/Projects/OneLake Medallion/data/landing/2017-04-20/order_payments.parquet,2017-04-20
cb61f25ed186c04d0a96e8830a3078d2,1,credit_card,10,410.69,2017-05-02,2017-06-02 00:00:00.000000,2026-08-27T05:17:09.287600+00:00,D:/D drive recovery/Shiva JH/Projects/OneLake Medallion/data/landing/2017-05-02/order_payments.parquet,2017-05-02
1930118fbe694636a60c0d5f97c32597,1,credit_card,4,197.62,2017-05-14,2017-06-12 00:00:00.000000,2026-08-27T05:17:09.287600+00:00,D:/D drive recovery/Shiva JH/Projects/OneLake Medallion/data/landing/2017-05-14/order_payments.parquet,2017-05-14
71d33900d3db33c09ceff19ffc7ec460,1,credit_card,2,174.67,2017-05-14,2017-06-02 00:00:00.000000,2026-08-27T05:17:09.287600+00:00,D:/D drive recovery/Shiva JH/Projects/OneLake Medallion/data/landing/2017-05-14/order_payments.parquet,2017-05-14
66a8d9453b15cd3fe5a7322ad363ad7f,1,credit_card,10,118.24,2017-05-14,2017-05-31 00:00:00.000000,2026-08-27T05:17:09.287600+00:00,D:/D drive recovery/Shiva JH/Projects/OneLake Medallion/data/landing/2017-05-14/order_payments.parquet,2017-05-14
7cbc65f44f89c2a106408220f92ee3c7,1,credit_card,3,31.0,2017-05-26,2017-07-06 00:00:00.000000,2026-08-27T05:17:09.287600+00:00,D:/D drive recovery/Shiva JH/Projects/OneLake Medallion/data/landing/2017-05-26/order_payments.parquet,2017-05-26
9f6fd425786e354166bb381926773047,1,credit_card,3,252.2,2017-05-26,2017-06-20 00:00:00.000000,2026-08-27T05:17:09.287600+00:00,D:/D drive recovery/Shiva JH/Projects/OneLake Medallion/data/landing/2017-05-26/order_payments.parquet,2017-05-26
f443ec3003e193944b796356e1d62f8f,1,credit_card,4,470.38,2017-05-26,2017-06-21 00:00:00.000000,2026-08-27T05:17:09.287600+00:00,D:/D drive recovery/Shiva JH/Projects/OneLake Medallion/data/landing/2017-05-26/order_payments.parquet,2017-05-26
255111c7355b48e49add6f5a16c22483,1,credit_card,1,132.95,2017-05-26,2017-06-26 00:00:00.000000,2026-08-27T05:17:09.287600+00:00,D:/D drive recovery/Shiva JH/Projects/OneLake Medallion/data/landing/2017-05-26/order_payments.parquet,2017-05-26
5ca29c3c00080a507890c89a0323f06d,1,credit_card,2,161.37,2017-06-07,2017-06-30 00:00:00.000000,2026-08-27T05:17:09.287600+00:00,D:/D drive recovery/Shiva JH/Projects/OneLake Medallion/data/landing/2017-06-07/order_payments.parquet,2017-06-07
47d051e89cf6490245136694a26a4395,1,credit_card,5,107.35,2017-06-19,2017-06-30 00:00:00.000000,2026-08-27T05:17:09.287600+00:00,D:/D drive recovery/Shiva JH/Projects/OneLake Medallion/data/landing/2017-06-19/order_payments.parquet,2017-06-19
27dfe580597e36bfdb283184aa96a201,1,boleto,1,116.94,2017-06-19,2017-07-11 00:00:00.000000,2026-08-27T05:17:09.287600+00:00,D:/D drive recovery/Shiva JH/Projects/OneLake Medallion/data/landing/2017-06-19/order_payments.parquet,2017-06-19
217fa6305f49722c5712365fa9fb7685,1,credit_card,1,216.15,2017-06-19,2017-07-17 00:00:00.000000,2026-08-27T05:17:09.287600+00:00,D:/D drive recovery/Shiva JH/Projects/OneLake Medallion/data/landing/2017-06-19/order_payments.parquet,2017-06-19
680e610535fa4d02ce2d6a820946afb8,1,credit_card,8,259.08,2017-06-19,2017-07-21 00:00:00.000000,2026-08-27T05:17:09.287600+00:00,D:/D drive recovery/Shiva JH/Projects/OneLake Medallion/data/landing/2017-06-19/order_payments.parquet,2017-06-19
2ccc4ef33a6274500f8eb7b10c5f4b39,1,credit_card,4,69.84,2017-07-01,2017-07-14 00:00:00.000000,2026-08-27T05:17:09.287600+00:00,D:/D drive recovery/Shiva JH/Projects/OneLake Medallion/data/landing/2017-07-01/order_payments.parquet,2017-07-01
12788f3056c6392e73afcd37df5482ad,1,credit_card,8,89.62,2017-07-13,2017-08-04 00:00:00.000000,2026-08-27T05:17:09.287600+00:00,D:/D drive recovery/Shiva JH/Projects/OneLake Medallion/data/landing/2017-07-13/order_payments.parquet,2017-07-13
0c77e9308e3c15bbeb6c16405a2da080,1,credit_card,1,112.71,2017-07-13,2017-08-02 00:00:00.000000,2026-08-27T05:17:09.287600+00:00,D:/D drive recovery/Shiva JH/Projects/OneLake Medallion/data/landing/2017-07-13/order_payments.parquet,2017-07-13
73d34a2bf529090b8e28797f2169823c,1,credit_card,5,231.27,2017-07-13,2017-08-08 00:00:00.000000,2026-08-27T05:17:09.287600+00:00,D:/D drive recovery/Shiva JH/Projects/OneLake Medallion/data/landing/2017-07-13/order_payments.parquet,2017-07-13
cd02db25220d623f419da3b1fa2921ff,1,credit_card,1,80.98,2017-07-25,2017-08-16 00:00:00.000000,2026-08-27T05:17:09.287600+00:00,D:/D drive recovery/Shiva JH/Projects/OneLake Medallion/data/landing/2017-07-25/order_payments.parquet,2017-07-25
109b43dc12d67a5107cbbfb7fe98d0ae,1,credit_card,6,195.91,2017-07-25,2017-09-19 14:18:08.000000,2026-08-27T05:17:09.287600+00:00,D:/D drive recovery/Shiva JH/Projects/OneLake Medallion/data/landing/2017-07-25/order_payments.parquet,2017-07-25
e462b9c1dbe3c306a5b7b78d72dd7f79,1,boleto,1,183.84,2017-07-25,2017-08-22 00:00:00.000000,2026-08-27T05:17:09.287600+00:00,D:/D drive recovery/Shiva JH/Projects/OneLake Medallion/data/landing/2017-07-25/order_payments.parquet,2017-07-25
5b0290e4420f938665a61fda8ee5ced6,1,credit_card,3,61.0,2017-07-25,2017-08-18 00:00:00.000000,2026-08-27T05:17:09.287600+00:00,D:/D drive recovery/Shiva JH/Projects/OneLake Medallion/data/landing/2017-07-25/order_payments.parquet,2017-07-25
5ea0a482c758f0cbbcc6b10b0962a6a9,1,credit_card,10,248.84,2017-08-06,2017-09-11 00:00:00.000000,2026-08-27T05:17:09.287600+00:00,D:/D drive recovery/Shiva JH/Projects/OneLake Medallion/data/landing/2017-08-06/order_payments.parquet,2017-08-06
297dfeab4cdd5749b9d6485e13e89877,1,voucher,1,94.01,2017-08-18,2017-08-31 00:00:00.000000,2026-08-27T05:17:09.287600+00:00,D:/D drive recovery/Shiva JH/Projects/OneLake Medallion/data/landing/2017-08-18/order_payments.parquet,2017-08-18
90cd8e765a696947ccb0afa686c933fd,1,boleto,1,22.24,2017-08-18,2017-08-31 00:00:00.000000,2026-08-27T05:17:09.287600+00:00,D:/D drive recovery/Shiva JH/Projects/OneLake Medallion/data/landing/2017-08-18/order_payments.parquet,2017-08-18
f5469d54daa9f43486f2d4ab2b154406,1,boleto,1,556.75,2017-08-18,2017-09-20 00:00:00.000000,2026-08-27T05:17:09.287600+00:00,D:/D drive recovery/Shiva JH/Projects/OneLake Medallion/data/landing/2017-08-18/order_payments.parquet,2017-08-18
48f2d0b950703bfb145b7c3c0641b4bb,4,voucher,1,8.88,2017-08-30,2017-09-18 00:00:00.000000,2026-08-27T05:17:09.287600+00:00,D:/D drive recovery/Shiva JH/Projects/OneLake Medallion/data/landing/2017-08-30/order_payments.parquet,2017-08-30
90dea0577f835cee1385c71345f7a1d9,1,credit_card,1,89.82,2017-08-30,2017-09-12 00:00:00.000000,2026-08-27T05:17:09.287600+00:00,D:/D drive recovery/Shiva JH/Projects/OneLake Medallion/data/landing/2017-08-30/order_payments.parquet,2017-08-30
e0f04a1acc50a7daf0cbb0654d438725,1,credit_card,5,140.22,2017-08-30,2017-09-21 00:00:00.000000,2026-08-27T05:17:09.287600+00:00,D:/D drive recovery/Shiva JH/Projects/OneLake Medallion/data/landing/2017-08-30/order_payments.parquet,2017-08-30
a218ea1ed05e2375702ed63c94625b06,1,credit_card,1,97.79,2017-08-30,2017-09-20 00:00:00.000000,2026-08-27T05:17:09.287600+00:00,D:/D drive recovery/Shiva JH/Projects/OneLake Medallion/data/landing/2017-08-30/order_payments.parquet,2017-08-30
48f2d0b950703bfb145b7c3c0641b4bb,8,voucher,1,8.88,2017-08-30,2017-09-18 00:00:00.000000,2026-08-27T05:17:09.287600+00:00,D:/D drive recovery/Shiva JH/Projects/OneLake Medallion/data/landing/2017-08-30/order_payments.parquet,2017-08-30
4187eb76c2b3b265e55590002bd353bd,1,credit_card,3,90.74,2017-08-30,2017-09-13 19:04:55.000000,2026-08-27T05:17:09.287600+00:00,D:/D drive recovery/Shiva JH/Projects/OneLake Medallion/data/landing/2017-08-30/order_payments.parquet,2017-08-30
48f2d0b950703bfb145b7c3c0641b4bb,10,voucher,1,7.07,2017-08-30,2017-09-18 00:00:00.000000,2026-08-27T05:17:09.287600+00:00,D:/D drive recovery/Shiva JH/Projects/OneLake Medallion/data/landing/2017-08-30/order_payments.parquet,2017-08-30
5ddf0e8fc807d25c638fe981189bb8db,1,boleto,1,147.45,2017-08-30,2017-09-18 00:00:00.000000,2026-08-27T05:17:09.287600+00:00,D:/D drive recovery/Shiva JH/Projects/OneLake Medallion/data/landing/2017-08-30/order_payments.parquet,2017-08-30
48f2d0b950703bfb145b7c3c0641b4bb,6,voucher,1,8.88,2017-08-30,2017-09-18 00:00:00.000000,2026-08-27T05:17:09.287600+00:00,D:/D drive recovery/Shiva JH/Projects/OneLake Medallion/data/landing/2017-08-30/order_payments.parquet,2017-08-30
48f2d0b950703bfb145b7c3c0641b4bb,9,voucher,1,8.88,2017-08-30,2017-09-18 00:00:00.000000,2026-08-27T05:17:09.287600+00:00,D:/D drive recovery/Shiva JH/Projects/OneLake Medallion/data/landing/2017-08-30/order_payments.parquet,2017-08-30
642bbe453ce83b61eda0dcb53d3339d8,1,credit_card,3,32.94,2017-08-30,2017-09-18 00:00:00.000000,2026-08-27T05:17:09.287600+00:00,D:/D drive recovery/Shiva JH/Projects/OneLake Medallion/data/landing/2017-08-30/order_payments.parquet,2017-08-30
48f2d0b950703bfb145b7c3c0641b4bb,7,voucher,1,8.88,2017-08-30,2017-09-18 00:00:00.000000,2026-08-27T05:17:09.287600+00:00,D:/D drive recovery/Shiva JH/Projects/OneLake Medallion/data/landing/2017-08-30/order_payments.parquet,2017-08-30
48f2d0b950703bfb145b7c3c0641b4bb,1,voucher,1,8.9,2017-08-30,2017-09-18 00:00:00.000000,2026-08-27T05:17:09.287600+00:00,D:/D drive recovery/Shiva JH/Projects/OneLake Medallion/data/landing/2017-08-30/order_payments.parquet,2017-08-30
48f2d0b950703bfb145b7c3c0641b4bb,3,voucher,1,8.88,2017-08-30,2017-09-18 00:00:00.000000,2026-08-27T05:17:09.287600+00:00,D:/D drive recovery/Shiva JH/Projects/OneLake Medallion/data/landing/2017-08-30/order_payments.parquet,2017-08-30
48f2d0b950703bfb145b7c3c0641b4bb,5,voucher,1,8.88,2017-08-30,2017-09-18 00:00:00.000000,2026-08-27T05:17:09.287600+00:00,D:/D drive recovery/Shiva JH/Projects/OneLake Medallion/data/landing/2017-08-30/order_payments.parquet,2017-08-30
48f2d0b950703bfb145b7c3c0641b4bb,2,voucher,1,8.88,2017-08-30,2017-09-18 00:00:00.000000,2026-08-27T05:17:09.287600+00:00,D:/D drive recovery/Shiva JH/Projects/OneLake Medallion/data/landing/2017-08-30/order_payments.parquet,2017-08-30
f8d5d7ba22e58d80d291b95ac9de9f8b,1,credit_card,1,105.17,2017-08-30,2017-09-18 00:00:00.000000,2026-08-27T05:17:09.287600+00:00,D:/D drive recovery/Shiva JH/Projects/OneLake Medallion/data/landing/2017-08-30/order_payments.parquet,2017-08-30
0ae449254770bfec75a99b8d804e5b10,1,boleto,1,173.84,2017-09-11,2017-09-28 00:00:00.000000,2026-08-27T05:17:09.287600+00:00,D:/D drive recovery/Shiva JH/Projects/OneLake Medallion/data/landing/2017-09-11/order_payments.parquet,2017-09-11
ef4927f51923ddcf7b75fb84f51126b7,1,credit_card,4,62.78,2017-09-11,2017-09-21 00:00:00.000000,2026-08-27T05:17:09.287600+00:00,D:/D drive recovery/Shiva JH/Projects/OneLake Medallion/data/landing/2017-09-11/order_payments.parquet,2017-09-11
fb8f03cec06678a33b2782cb3f5a9942,1,credit_card,1,86.95,2017-09-11,2017-10-11 18:44:05.000000,2026-08-27T05:17:09.287600+00:00,D:/D drive recovery/Shiva JH/Projects/OneLake Medallion/data/landing/2017-09-11/order_payments.parquet,2017-09-11
e169b880e5f68fbd4500941ac7107168,1,credit_card,1,54.0,2017-09-11,2017-09-27 00:00:00.000000,2026-08-27T05:17:09.287600+00:00,D:/D drive recovery/Shiva JH/Projects/OneLake Medallion/data/landing/2017-09-11/order_payments.parquet,2017-09-11
fdafcfbadd88c33d4798432d3bcf6004,1,credit_card,1,62.78,2017-09-11,2017-09-21 00:00:00.000000,2026-08-27T05:17:09.287600+00:00,D:/D drive recovery/Shiva JH/Projects/OneLake Medallion/data/landing/2017-09-11/order_payments.parquet,2017-09-11
c2b0a01a95828a432d2f335db23e23b6,1,credit_card,8,227.81,2017-09-11,2017-10-19 00:00:00.000000,2026-08-27T05:17:09.287600+00:00,D:/D drive recovery/Shiva JH/Projects/OneLake Medallion/data/landing/2017-09-11/order_payments.parquet,2017-09-11
157b4fe03013e7a9db562091a12c2f8d,1,credit_card,3,167.35,2017-09-23,2017-10-26 00:00:00.000000,2026-08-27T05:17:09.287600+00:00,D:/D drive recovery/Shiva JH/Projects/OneLake Medallion/data/landing/2017-09-23/order_payments.parquet,2017-09-23
f9d90a312f7c442297e418dbf9564475,1,boleto,1,33.0,2017-10-17,2017-11-09 15:27:35.000000,2026-08-27T05:17:09.287600+00:00,D:/D drive recovery/Shiva JH/Projects/OneLake Medallion/data/landing/2017-10-17/order_payments.parquet,2017-10-17
f4644597165c84bebe72a057c53a0698,1,credit_card,1,226.74,2017-10-17,2017-11-14 00:00:00.000000,2026-08-27T05:17:09.287600+00:00,D:/D drive recovery/Shiva JH/Projects/OneLake Medallion/data/landing/2017-10-17/order_payments.parquet,2017-10-17
4258b5bedf2331953c0b974849dd7b24,1,boleto,1,98.82,2017-10-17,2017-11-03 00:00:00.000000,2026-08-27T05:17:09.287600+00:00,D:/D drive recovery/Shiva JH/Projects/OneLake Medallion/data/landing/2017-10-17/order_payments.parquet,2017-10-17
eaa99789a47020b46cb0effbc0db5c52,1,boleto,1,35.0,2017-10-17,2017-11-14 00:00:00.000000,2026-08-27T05:17:09.287600+00:00,D:/D drive recovery/Shiva JH/Projects/OneLake Medallion/data/landing/2017-10-17/order_payments.parquet,2017-10-17
0286c83491d80e29a5f16c150abb76b2,1,credit_card,1,37.77,2017-10-29,2017-11-10 00:00:00.000000,2026-08-27T05:17:09.287600+00:00,D:/D drive recovery/Shiva JH/Projects/OneLake Medallion/data/landing/2017-10-29/order_payments.parquet,2017-10-29
418cd8f1328f8746e2483646f1d1b250,1,credit_card,1,105.28,2017-10-29,2017-11-22 00:00:00.000000,2026-08-27T05:17:09.287600+00:00,D:/D drive recovery/Shiva JH/Projects/OneLake Medallion/data/landing/2017-10-29/order_payments.parquet,2017-10-29
a54f35a6dfb350a13c6410aa276e52d8,1,credit_card,2,149.56,2017-11-10,2017-11-30 00:00:00.000000,2026-08-27T05:17:09.287600+00:00,D:/D drive recovery/Shiva JH/Projects/OneLake Medallion/data/landing/2017-11-10/order_payments.parquet,2017-11-10
53b3e2250cde35f4d38113ae5e3b8055,1,credit_card,3,120.54,2017-11-10,2017-12-05 00:00:00.000000,2026-08-27T05:17:09.287600+00:00,D:/D drive recovery/Shiva JH/Projects/OneLake Medallion/data/landing/2017-11-10/order_payments.parquet,2017-11-10
3a3b0394c09dbf1c3f658c1fbe9adc31,1,credit_card,9,97.71,2017-11-10,2018-01-13 00:15:05.000000,2026-08-27T05:17:09.287600+00:00,D:/D drive recovery/Shiva JH/Projects/OneLake Medallion/data/landing/2017-11-10/order_payments.parquet,2017-11-10
8667d8b065b72f775a46212c6170fde2,1,credit_card,6,68.65,2017-11-10,2017-12-11 00:00:00.000000,2026-08-27T05:17:09.287600+00:00,D:/D drive recovery/Shiva JH/Projects/OneLake Medallion/data/landing/2017-11-10/order_payments.parquet,2017-11-10
0ff7d7a45a6dc4220eab2b7aac2367d6,1,voucher,1,46.01,2017-11-10,2017-12-04 00:00:00.000000,2026-08-27T05:17:09.287600+00:00,D:/D drive recovery/Shiva JH/Projects/OneLake Medallion/data/landing/2017-11-10/order_payments.parquet,2017-11-10
10444bce3a6e45509282fc392e7d7c14,1,credit_card,4,61.69,2017-11-10,2017-11-30 00:00:00.000000,2026-08-27T05:17:09.287600+00:00,D:/D drive recovery/Shiva JH/Projects/OneLake Medallion/data/landing/2017-11-10/order_payments.parquet,2017-11-10
63d0e1d41c99fb9deaabffa058aeeace,1,boleto,1,103.49,2017-11-22,2017-12-11 00:00:00.000000,2026-08-27T05:17:09.287600+00:00,D:/D drive recovery/Shiva JH/Projects/OneLake Medallion/data/landing/2017-11-22/order_payments.parquet,2017-11-22
f907eb5eddb04b68f52bbba38b075e8d,1,credit_card,8,388.25,2017-11-22,2017-12-12 00:00:00.000000,2026-08-27T05:17:09.287600+00:00,D:/D drive recovery/Shiva JH/Projects/OneLake Medallion/data/landing/2017-11-22/order_payments.parquet,2017-11-22
dbfc85111e9812da1a864f78aaf6d282,1,credit_card,3,42.78,2017-11-22,2017-12-04 00:00:00.000000,2026-08-27T05:17:09.287600+00:00,D:/D drive recovery/Shiva JH/Projects/OneLake Medallion/data/landing/2017-11-22/order_payments.parquet,2017-11-22
968cb4fb4acbc42bc8ad87fc3caba34d,1,credit_card,1,228.14,2017-11-22,2017-12-21 00:00:00.000000,2026-08-27T05:17:09.287600+00:00,D:/D drive recovery/Shiva JH/Projects/OneLake Medallion/data/landing/2017-11-22/order_payments.parquet,2017-11-22
11da60acfcd7ff313e1ef9c2f86029b9,1,credit_card,1,122.8,2017-12-04,2017-12-27 00:00:00.000000,2026-08-27T05:17:09.287600+00:00,D:/D drive recovery/Shiva JH/Projects/OneLake Medallion/data/landing/2017-12-04/order_payments.parquet,2017-12-04
774398c3ac79463f502a2fff60e2518f,1,boleto,1,132.05,2017-12-04,2017-12-20 00:00:00.000000,2026-08-27T05:17:09.287600+00:00,D:/D drive recovery/Shiva JH/Projects/OneLake Medallion/data/landing/2017-12-04/order_payments.parquet,2017-12-04
fbf9b050c89a7d7447452338455c8c0b,1,credit_card,3,147.59,2017-12-04,2018-01-04 00:00:00.000000,2026-08-27T05:17:09.287600+00:00,D:/D drive recovery/Shiva JH/Projects/OneLake Medallion/data/landing/2017-12-04/order_payments.parquet,2017-12-04
1cfb210fdaf81f98065605323fe31fa3,1,credit_card,2,96.8,2017-12-04,2018-01-10 17:59:10.000000,2026-08-27T05:17:09.287600+00:00,D:/D drive recovery/Shiva JH/Projects/OneLake Medallion/data/landing/2017-12-04/order_payments.parquet,2017-12-04
fe9eb7fc7765ab4b09f817fda0b63089,1,credit_card,1,120.18,2017-12-04,2018-01-13 00:45:24.000000,2026-08-27T05:17:09.287600+00:00,D:/D drive recovery/Shiva JH/Projects/OneLake Medallion/data/landing/2017-12-04/order_payments.parquet,2017-12-04
ac9c563c1293db37e4a035f8ee3763db,1,credit_card,3,100.34,2017-12-04,2018-01-05 00:00:00.000000,2026-08-27T05:17:09.287600+00:00,D:/D drive recovery/Shiva JH/Projects/OneLake Medallion/data/landing/2017-12-04/order_payments.parquet,2017-12-04
6ea1f20d81136864e6e10ac9cce17901,1,credit_card,7,79.8,2017-12-04,2018-01-10 00:00:00.000000,2026-08-27T05:17:09.287600+00:00,D:/D drive recovery/Shiva JH/Projects/OneLake Medallion/data/landing/2017-12-04/order_payments.parquet,2017-12-04
78ff4e2150a4d62c899729924518c667,1,credit_card,2,24.42,2017-12-04,2018-01-08 00:00:00.000000,2026-08-27T05:17:09.287600+00:00,D:/D drive recovery/Shiva JH/Projects/OneLake Medallion/data/landing/2017-12-04/order_payments.parquet,2017-12-04
32246337a2acef34f1c9b793e13032d5,1,credit_card,5,108.26,2017-12-04,2017-12-20 00:00:00.000000,2026-08-27T05:17:09.287600+00:00,D:/D drive recovery/Shiva JH/Projects/OneLake Medallion/data/landing/2017-12-04/order_payments.parquet,2017-12-04
9dc439a9d732ca991174a53f114c3cde,1,boleto,1,211.6,2017-12-04,2017-12-20 00:00:00.000000,2026-08-27T05:17:09.287600+00:00,D:/D drive recovery/Shiva JH/Projects/OneLake Medallion/data/landing/2017-12-04/order_payments.parquet,2017-12-04
0374e57efce00e3004e93acd6310c58f,1,credit_card,1,66.93,2017-12-16,2018-01-05 00:00:00.000000,2026-08-27T05:17:09.287600+00:00,D:/D drive recovery/Shiva JH/Projects/OneLake Medallion/data/landing/2017-12-16/order_payments.parquet,2017-12-16
4faeccf035f43d918905b68a474d4c47,1,credit_card,1,45.45,2017-12-16,2018-01-15 00:00:00.000000,2026-08-27T05:17:09.287600+00:00,D:/D drive recovery/Shiva JH/Projects/OneLake Medallion/data/landing/2017-12-16/order_payments.parquet,2017-12-16
274a1c50ff2991f27b21bd8465c43882,1,boleto,1,96.31,2017-12-16,2018-01-16 00:00:00.000000,2026-08-27T05:17:09.287600+00:00,D:/D drive recovery/Shiva JH/Projects/OneLake Medallion/data/landing/2017-12-16/order_payments.parquet,2017-12-16
ca5806ea7cd456a6c3ec4e7591331402,1,credit_card,1,117.95,2017-12-28,2018-01-31 00:00:00.000000,2026-08-27T05:17:09.287600+00:00,D:/D drive recovery/Shiva JH/Projects/OneLake Medallion/data/landing/2017-12-28/order_payments.parquet,2017-12-28
62f85456fc470d391e292c649d8f0124,1,voucher,1,144.56,2017-12-28,2018-01-30 00:00:00.000000,2026-08-27T05:17:09.287600+00:00,D:/D drive recovery/Shiva JH/Projects/OneLake Medallion/data/landing/2017-12-28/order_payments.parquet,2017-12-28
2718df8b2c0fc264750dd28232e31eff,1,boleto,1,85.24,2017-12-28,2018-01-23 00:00:00.000000,2026-08-27T05:17:09.287600+00:00,D:/D drive recovery/Shiva JH/Projects/OneLake Medallion/data/landing/2017-12-28/order_payments.parquet,2017-12-28
359015301bc32c8897957246a4b11621,1,boleto,1,42.58,2018-01-09,2018-01-29 00:00:00.000000,2026-08-27T05:17:09.287600+00:00,D:/D drive recovery/Shiva JH/Projects/OneLake Medallion/data/landing/2018-01-09/order_payments.parquet,2018-01-09
01015fb6493ea5b9ba105c80b5452da1,1,credit_card,1,19.85,2018-01-09,2018-02-06 18:37:59.000000,2026-08-27T05:17:09.287600+00:00,D:/D drive recovery/Shiva JH/Projects/OneLake Medallion/data/landing/2018-01-09/order_payments.parquet,2018-01-09
5678a93db2ffe2111a1b3224911aa1c2,1,boleto,1,54.36,2018-01-09,2018-02-08 00:00:00.000000,2026-08-27T05:17:09.287600+00:00,D:/D drive recovery/Shiva JH/Projects/OneLake Medallion/data/landing/2018-01-09/order_payments.parquet,2018-01-09
d79ddb434f71cfac3f5307ba5bed7fa4,1,credit_card,2,142.92,2018-01-09,2018-02-02 00:00:00.000000,2026-08-27T05:17:09.287600+00:00,D:/D drive recovery/Shiva JH/Projects/OneLake Medallion/data/landing/2018-01-09/order_payments.parquet,2018-01-09
fc85b94eb688b0abb29954cf6354c1bc,1,credit_card,8,182.61,2018-01-09,2018-02-05 00:00:00.000000,2026-08-27T05:17:09.287600+00:00,D:/D drive recovery/Shiva JH/Projects/OneLake Medallion/data/landing/2018-01-09/order_payments.parquet,2018-01-09
f2fe1323701bf698117de51d28425ee2,1,boleto,1,41.0,2018-01-21,2018-02-16 00:00:00.000000,2026-08-27T05:17:09.287600+00:00,D:/D drive recovery/Shiva JH/Projects/OneLake Medallion/data/landing/2018-01-21/order_payments.parquet,2018-01-21
689338a5ff7fc20c596ee2695dfac8c3,1,credit_card,6,63.27,2018-01-21,2018-02-14 00:00:00.000000,2026-08-27T05:17:09.287600+00:00,D:/D drive recovery/Shiva JH/Projects/OneLake Medallion/data/landing/2018-01-21/order_payments.parquet,2018-01-21
12c35cf2a5171b0fb8e19d60abcb9353,1,credit_card,1,153.5,2018-01-21,2018-02-06 00:00:00.000000,2026-08-27T05:17:09.287600+00:00,D:/D drive recovery/Shiva JH/Projects/OneLake Medallion/data/landing/2018-01-21/order_payments.parquet,2018-01-21
7897a2eebb3941ae97159cb88f65cb1c,2,credit_card,1,158.3,2018-01-21,2018-02-14 20:06:31.000000,2026-08-27T05:17:09.287600+00:00,D:/D drive recovery/Shiva JH/Projects/OneLake Medallion/data/landing/2018-01-21/order_payments.parquet,2018-01-21
2f313baa6fdec2fc305719ee717b26a2,1,credit_card,5,115.45,2018-02-02,2018-03-02 23:07:33.000000,2026-08-27T05:17:09.287600+00:00,D:/D drive recovery/Shiva JH/Projects/OneLake Medallion/data/landing/2018-02-02/order_payments.parquet,2018-02-02
14fa05104e2d0b8b2fc25c074c5740fb,1,credit_card,10,107.95,2018-02-14,2018-03-09 00:00:00.000000,2026-08-27T05:17:09.287600+00:00,D:/D drive recovery/Shiva JH/Projects/OneLake Medallion/data/landing/2018-02-14/order_payments.parquet,2018-02-14
f280cc89e43c0261d95d1ee72a78cb8b,1,credit_card,5,67.5,2018-02-14,2018-03-09 14:19:26.000000,2026-08-27T05:17:09.287600+00:00,D:/D drive recovery/Shiva JH/Projects/OneLake Medallion/data/landing/2018-02-14/order_payments.parquet,2018-02-14
adc82913f73b2513bb3e1d039abac600,1,voucher,1,54.09,2018-02-14,2018-03-08 00:00:00.000000,2026-08-27T05:17:09.287600+00:00,D:/D drive recovery/Shiva JH/Projects/OneLake Medallion/data/landing/2018-02-14/order_payments.parquet,2018-02-14
69ab938f05d407e090b2620357ad4103,1,credit_card,9,92.27,2018-02-14,2018-03-19 13:48:42.000000,2026-08-27T05:17:09.287600+00:00,D:/D drive recovery/Shiva JH/Projects/OneLake Medallion/data/landing/2018-02-14/order_payments.parquet,2018-02-14
ea8458d25568c5313d501ba2b21c68f0,1,credit_card,2,46.78,2018-02-14,2018-03-01 00:00:00.000000,2026-08-27T05:17:09.287600+00:00,D:/D drive recovery/Shiva JH/Projects/OneLake Medallion/data/landing/2018-02-14/order_payments.parquet,2018-02-14
e842dc26adcaa67fb96f4e32c2cf97cc,1,credit_card,6,72.73,2018-02-26,2018-03-21 00:00:00.000000,2026-08-27T05:17:09.287600+00:00,D:/D drive recovery/Shiva JH/Projects/OneLake Medallion/data/landing/2018-02-26/order_payments.parquet,2018-02-26
ef161f48adcaeede5920308df1c280b6,1,credit_card,4,198.51,2018-02-26,2018-03-21 00:00:00.000000,2026-08-27T05:17:09.287600+00:00,D:/D drive recovery/Shiva JH/Projects/OneLake Medallion/data/landing/2018-02-26/order_payments.parquet,2018-02-26
6fb61aa0a0b7b2095b397d85d36693c5,1,credit_card,8,551.32,2018-02-26,2018-03-21 00:00:00.000000,2026-08-27T05:17:09.287600+00:00,D:/D drive recovery/Shiva JH/Projects/OneLake Medallion/data/landing/2018-02-26/order_payments.parquet,2018-02-26
397fc3f6922c5bc66bbb9701bd117b6d,1,credit_card,1,329.49,2018-02-26,2018-03-23 00:00:00.000000,2026-08-27T05:17:09.287600+00:00,D:/D drive recovery/Shiva JH/Projects/OneLake Medallion/data/landing/2018-02-26/order_payments.parquet,2018-02-26
eb28e3c93a2ce51b1e6a9a92b3f032bf,1,credit_card,3,76.9,2018-02-26,2018-03-27 00:00:00.000000,2026-08-27T05:17:09.287600+00:00,D:/D drive recovery/Shiva JH/Projects/OneLake Medallion/data/landing/2018-02-26/order_payments.parquet,2018-02-26
a67c02dc9c53a5bae76418bff0a534cf,1,credit_card,10,793.09,2018-02-26,2018-03-21 00:00:00.000000,2026-08-27T05:17:09.287600+00:00,D:/D drive recovery/Shiva JH/Projects/OneLake Medallion/data/landing/2018-02-26/order_payments.parquet,2018-02-26
66f590d82872f3771232770be92a8d0d,1,boleto,1,165.8,2018-02-26,2018-04-02 00:00:00.000000,2026-08-27T05:17:09.287600+00:00,D:/D drive recovery/Shiva JH/Projects/OneLake Medallion/data/landing/2018-02-26/order_payments.parquet,2018-02-26
6c9931ec5709dc11de12410eb483b101,1,credit_card,3,95.99,2018-02-26,2018-04-03 00:00:00.000000,2026-08-27T05:17:09.287600+00:00,D:/D drive recovery/Shiva JH/Projects/OneLake Medallion/data/landing/2018-02-26/order_payments.parquet,2018-02-26
294bc47f2c556ebbec32a74c4811efd5,1,credit_card,1,53.0,2018-02-26,2018-03-21 00:00:00.000000,2026-08-27T05:17:09.287600+00:00,D:/D drive recovery/Shiva JH/Projects/OneLake Medallion/data/landing/2018-02-26/order_payments.parquet,2018-02-26
76098ff18bad7555c2d85340e82b8941,1,credit_card,3,37.31,2018-03-10,2018-04-08 16:08:24.000000,2026-08-27T05:17:09.287600+00:00,D:/D drive recovery/Shiva JH/Projects/OneLake Medallion/data/landing/2018-03-10/order_payments.parquet,2018-03-10
68a6bc33c20d0ac617d2ebc6bba91b60,2,voucher,1,119.99,2018-03-10,2018-04-03 00:00:00.000000,2026-08-27T05:17:09.287600+00:00,D:/D drive recovery/Shiva JH/Projects/OneLake Medallion/data/landing/2018-03-10/order_payments.parquet,2018-03-10
d2f4bbcf8e2d36f9e13fba6a75c7269a,1,credit_card,1,73.78,2018-03-10,2018-03-29 13:28:47.000000,2026-08-27T05:17:09.287600+00:00,D:/D drive recovery/Shiva JH/Projects/OneLake Medallion/data/landing/2018-03-10/order_payments.parquet,2018-03-10
68a6bc33c20d0ac617d2ebc6bba91b60,1,credit_card,1,123.46,2018-03-10,2018-04-03 00:00:00.000000,2026-08-27T05:17:09.287600+00:00,D:/D drive recovery/Shiva JH/Projects/OneLake Medallion/data/landing/2018-03-10/order_payments.parquet,2018-03-10
0032d07457ae9c806c79368d7d9ce96b,1,credit_card,2,186.19,2018-03-10,2018-04-29 21:08:59.000000,2026-08-27T05:17:09.287600+00:00,D:/D drive recovery/Shiva JH/Projects/OneLake Medallion/data/landing/2018-03-10/order_payments.parquet,2018-03-10
3e227762960a48c16959bed012a17b30,1,credit_card,1,42.29,2018-03-10,2018-03-22 00:00:00.000000,2026-08-27T05:17:09.287600+00:00,D:/D drive recovery/Shiva JH/Projects/OneLake Medallion/data/landing/2018-03-10/order_payments.parquet,2018-03-10
f0c53ca3e5e7561fb1ff79116340d113,1,credit_card,2,159.71,2018-03-10,2018-03-22 00:00:00.000000,2026-08-27T05:17:09.287600+00:00,D:/D drive recovery/Shiva JH/Projects/OneLake Medallion/data/landing/2018-03-10/order_payments.parquet,2018-03-10
226dbf042352f0f381239e29ddcb301e,1,credit_card,1,162.25,2018-03-22,2018-04-17 00:00:00.000000,2026-08-27T05:17:09.287600+00:00,D:/D drive recovery/Shiva JH/Projects/OneLake Medallion/data/landing/2018-03-22/order_payments.parquet,2018-03-22
7421a871e3fe41d29fd7dcc9b3be5544,1,credit_card,5,167.92,2018-03-22,2018-04-17 00:00:00.000000,2026-08-27T05:17:09.287600+00:00,D:/D drive recovery/Shiva JH/Projects/OneLake Medallion/data/landing/2018-03-22/order_payments.parquet,2018-03-22
a3196fcf306076770911dcf50b642454,1,credit_card,2,131.76,2018-03-22,2018-04-13 00:00:00.000000,2026-08-27T05:17:09.287600+00:00,D:/D drive recovery/Shiva JH/Projects/OneLake Medallion/data/landing/2018-03-22/order_payments.parquet,2018-03-22
363db2084f02a7975229da39cd0ca573,1,credit_card,1,58.16,2018-04-03,2018-04-13 00:00:00.000000,2026-08-27T05:17:09.287600+00:00,D:/D drive recovery/Shiva JH/Projects/OneLake Medallion/data/landing/2018-04-03/order_payments.parquet,2018-04-03
3f319eb09e31aa1ea2a4079bdd655c62,1,credit_card,3,45.71,2018-04-03,2018-04-13 00:00:00.000000,2026-08-27T05:17:09.287600+00:00,D:/D drive recovery/Shiva JH/Projects/OneLake Medallion/data/landing/2018-04-03/order_payments.parquet,2018-04-03
3eaf0488f419dab6c6d582b1d28ab37e,1,credit_card,5,499.64,2018-04-03,2018-04-30 23:24:50.000000,2026-08-27T05:17:09.287600+00:00,D:/D drive recovery/Shiva JH/Projects/OneLake Medallion/data/landing/2018-04-03/order_payments.parquet,2018-04-03
ce8cdf8291104b56565b8e6c6fb62901,1,credit_card,2,130.69,2018-04-03,2018-05-07 00:00:00.000000,2026-08-27T05:17:09.287600+00:00,D:/D drive recovery/Shiva JH/Projects/OneLake Medallion/data/landing/2018-04-03/order_payments.parquet,2018-04-03
875e51f9d6e1c16b9c8efd34fce58b13,1,credit_card,1,31.36,2018-04-03,2018-04-19 00:00:00.000000,2026-08-27T05:17:09.287600+00:00,D:/D drive recovery/Shiva JH/Projects/OneLake Medallion/data/landing/2018-04-03/order_payments.parquet,2018-04-03
895e066de0072faddf0044db8e490353,1,credit_card,5,376.39,2018-04-03,2018-04-20 00:00:00.000000,2026-08-27T05:17:09.287600+00:00,D:/D drive recovery/Shiva JH/Projects/OneLake Medallion/data/landing/2018-04-03/order_payments.parquet,2018-04-03
342f80dffbb78439bbdb1d94b8ee09da,1,boleto,1,538.54,2018-04-03,2018-04-19 00:00:00.000000,2026-08-27T05:17:09.287600+00:00,D:/D drive recovery/Shiva JH/Projects/OneLake Medallion/data/landing/2018-04-03/order_payments.parquet,2018-04-03
d4ccce5bb74fa1b913fefb501f0d63b5,1,credit_card,1,89.96,2018-04-15,2018-05-21 00:00:00.000000,2026-08-27T05:17:09.287600+00:00,D:/D drive recovery/Shiva JH/Projects/OneLake Medallion/data/landing/2018-04-15/order_payments.parquet,2018-04-15
2b7737f7accfb9e2ee360963a202eaf3,1,boleto,1,89.03,2018-04-15,2018-05-15 00:00:00.000000,2026-08-27T05:17:09.287600+00:00,D:/D drive recovery/Shiva JH/Projects/OneLake Medallion/data/landing/2018-04-15/order_payments.parquet,2018-04-15
b5946695c1837e21323da65699b4e187,1,credit_card,2,65.29,2018-04-15,2018-06-08 17:25:53.000000,2026-08-27T05:17:09.287600+00:00,D:/D drive recovery/Shiva JH/Projects/OneLake Medallion/data/landing/2018-04-15/order_payments.parquet,2018-04-15
b6fbeeba8ce77342619aa0311aff42d3,1,credit_card,1,54.15,2018-04-15,2018-05-23 00:00:00.000000,2026-08-27T05:17:09.287600+00:00,D:/D drive recovery/Shiva JH/Projects/OneLake Medallion/data/landing/2018-04-15/order_payments.parquet,2018-04-15
0fec5b52f7f6c1e7b725c742a8bdf7d4,1,boleto,1,699.84,2018-04-15,2018-05-07 00:00:00.000000,2026-08-27T05:17:09.287600+00:00,D:/D drive recovery/Shiva JH/Projects/OneLake Medallion/data/landing/2018-04-15/order_payments.parquet,2018-04-15
1c11b1c44ff1f6059f4fdf48bacf3e82,1,credit_card,1,20.29,2018-04-15,2018-05-03 00:00:00.000000,2026-08-27T05:17:09.287600+00:00,D:/D drive recovery/Shiva JH/Projects/OneLake Medallion/data/landing/2018-04-15/order_payments.parquet,2018-04-15
c96fbf82fa852856858765ef154a0918,1,credit_card,1,30.13,2018-04-15,2018-05-08 00:00:00.000000,2026-08-27T05:17:09.287600+00:00,D:/D drive recovery/Shiva JH/Projects/OneLake Medallion/data/landing/2018-04-15/order_payments.parquet,2018-04-15
bcff2428bc8dfd4dc25021c9b39ac885,1,credit_card,2,69.05,2018-04-27,2018-05-11 00:00:00.000000,2026-08-27T05:17:09.287600+00:00,D:/D drive recovery/Shiva JH/Projects/OneLake Medallion/data/landing/2018-04-27/order_payments.parquet,2018-04-27
1edb4efa70d2b132ba169e874a344588,1,credit_card,4,306.33,2018-04-27,2018-05-11 00:00:00.000000,2026-08-27T05:17:09.287600+00:00,D:/D drive recovery/Shiva JH/Projects/OneLake Medallion/data/landing/2018-04-27/order_payments.parquet,2018-04-27
50089a9784f34a308dc31a939b4b6b1b,1,credit_card,3,76.71,2018-04-27,2018-05-28 00:00:00.000000,2026-08-27T05:17:09.287600+00:00,D:/D drive recovery/Shiva JH/Projects/OneLake Medallion/data/landing/2018-04-27/order_payments.parquet,2018-04-27
c4013cb5a6fe10b85e1483166d5ce1dc,1,boleto,1,157.54,2018-04-27,2018-06-07 00:00:00.000000,2026-08-27T05:17:09.287600+00:00,D:/D drive recovery/Shiva JH/Projects/OneLake Medallion/data/landing/2018-04-27/order_payments.parquet,2018-04-27
0487e06921e4ff31dd6c111294e130fa,1,boleto,1,35.87,2018-04-27,2018-05-15 00:00:00.000000,2026-08-27T05:17:09.287600+00:00,D:/D drive recovery/Shiva JH/Projects/OneLake Medallion/data/landing/2018-04-27/order_payments.parquet,2018-04-27
50089a9784f34a308dc31a939b4b6b1b,2,voucher,1,56.98,2018-04-27,2018-05-28 00:00:00.000000,2026-08-27T05:17:09.287600+00:00,D:/D drive recovery/Shiva JH/Projects/OneLake Medallion/data/landing/2018-04-27/order_payments.parquet,2018-04-27
a3a97bc6e236d5351537c8f466c34dad,3,voucher,1,6.67,2018-05-09,2018-05-28 00:00:00.000000,2026-08-27T05:17:09.287600+00:00,D:/D drive recovery/Shiva JH/Projects/OneLake Medallion/data/landing/2018-05-09/order_payments.parquet,2018-05-09
a3a97bc6e236d5351537c8f466c34dad,5,voucher,1,6.09,2018-05-09,2018-05-28 00:00:00.000000,2026-08-27T05:17:09.287600+00:00,D:/D drive recovery/Shiva JH/Projects/OneLake Medallion/data/landing/2018-05-09/order_payments.parquet,2018-05-09
25273b22ff54701a1030f32669e15d07,1,credit_card,1,37.45,2018-05-09,2018-06-01 00:00:00.000000,2026-08-27T05:17:09.287600+00:00,D:/D drive recovery/Shiva JH/Projects/OneLake Medallion/data/landing/2018-05-09/order_payments.parquet,2018-05-09
a3a97bc6e236d5351537c8f466c34dad,2,voucher,1,6.67,2018-05-09,2018-05-28 00:00:00.000000,2026-08-27T05:17:09.287600+00:00,D:/D drive recovery/Shiva JH/Projects/OneLake Medallion/data/landing/2018-05-09/order_payments.parquet,2018-05-09
c4b9744b03d4c89b98b6847ef0b04321,1,credit_card,4,42.75,2018-05-09,2018-06-07 00:00:00.000000,2026-08-27T05:17:09.287600+00:00,D:/D drive recovery/Shiva JH/Projects/OneLake Medallion/data/landing/2018-05-09/order_payments.parquet,2018-05-09
a3a97bc6e236d5351537c8f466c34dad,1,voucher,1,8.33,2018-05-09,2018-05-28 00:00:00.000000,2026-08-27T05:17:09.287600+00:00,D:/D drive recovery/Shiva JH/Projects/OneLake Medallion/data/landing/2018-05-09/order_payments.parquet,2018-05-09
920660e6627be7877e8f70d72c8e398e,1,credit_card,2,173.05,2018-05-09,2018-05-28 00:00:00.000000,2026-08-27T05:17:09.287600+00:00,D:/D drive recovery/Shiva JH/Projects/OneLake Medallion/data/landing/2018-05-09/order_payments.parquet,2018-05-09
31757b95c65bd61af1af6d30103b64cf,1,credit_card,8,104.05,2018-05-09,2018-05-29 00:00:00.000000,2026-08-27T05:17:09.287600+00:00,D:/D drive recovery/Shiva JH/Projects/OneLake Medallion/data/landing/2018-05-09/order_payments.parquet,2018-05-09
e8e4b07d5ef7b47ef02076c4e41f3cb3,1,credit_card,1,54.23,2018-05-09,2018-06-04 00:00:00.000000,2026-08-27T05:17:09.287600+00:00,D:/D drive recovery/Shiva JH/Projects/OneLake Medallion/data/landing/2018-05-09/order_payments.parquet,2018-05-09
6a89044b7b034fd457b29972e9c1de95,1,credit_card,3,73.27,2018-05-09,2018-06-13 00:00:00.000000,2026-08-27T05:17:09.287600+00:00,D:/D drive recovery/Shiva JH/Projects/OneLake Medallion/data/landing/2018-05-09/order_payments.parquet,2018-05-09
6aee55e0d891d50d5235891f90c938c8,1,boleto,1,76.56,2018-05-09,2018-05-21 00:00:00.000000,2026-08-27T05:17:09.287600+00:00,D:/D drive recovery/Shiva JH/Projects/OneLake Medallion/data/landing/2018-05-09/order_payments.parquet,2018-05-09
cbcd88d04afac8b9bfc8e6d7a7f6e491,1,boleto,1,152.58,2018-05-09,2018-05-17 00:00:00.000000,2026-08-27T05:17:09.287600+00:00,D:/D drive recovery/Shiva JH/Projects/OneLake Medallion/data/landing/2018-05-09/order_payments.parquet,2018-05-09
fe522211f91ead8530eaf08d45cdbe7e,1,credit_card,1,123.21,2018-05-09,2018-06-04 00:00:00.000000,2026-08-27T05:17:09.287600+00:00,D:/D drive recovery/Shiva JH/Projects/OneLake Medallion/data/landing/2018-05-09/order_payments.parquet,2018-05-09
a3a97bc6e236d5351537c8f466c34dad,4,voucher,1,6.67,2018-05-09,2018-05-28 00:00:00.000000,2026-08-27T05:17:09.287600+00:00,D:/D drive recovery/Shiva JH/Projects/OneLake Medallion/data/landing/2018-05-09/order_payments.parquet,2018-05-09
e5cefdab54d9844f44c6d68f3611f145,1,credit_card,10,117.96,2018-05-09,2018-05-17 00:00:00.000000,2026-08-27T05:17:09.287600+00:00,D:/D drive recovery/Shiva JH/Projects/OneLake Medallion/data/landing/2018-05-09/order_payments.parquet,2018-05-09
74003ffbdb30d86975836aa572b73fea,1,credit_card,3,64.33,2018-05-21,2018-06-06 00:00:00.000000,2026-08-27T05:17:09.287600+00:00,D:/D drive recovery/Shiva JH/Projects/OneLake Medallion/data/landing/2018-05-21/order_payments.parquet,2018-05-21
68ba0b1bfcbf8d877ba255499b0853cb,1,credit_card,6,172.43,2018-05-21,2018-06-08 00:00:00.000000,2026-08-27T05:17:09.287600+00:00,D:/D drive recovery/Shiva JH/Projects/OneLake Medallion/data/landing/2018-05-21/order_payments.parquet,2018-05-21
4b78a3c3971b83606a959d5c98208c66,1,boleto,1,244.35,2018-05-21,2018-05-30 00:00:00.000000,2026-08-27T05:17:09.287600+00:00,D:/D drive recovery/Shiva JH/Projects/OneLake Medallion/data/landing/2018-05-21/order_payments.parquet,2018-05-21
699ff12900168a9020bb2487be684cc0,1,boleto,1,55.57,2018-05-21,2018-06-19 00:00:00.000000,2026-08-27T05:17:09.287600+00:00,D:/D drive recovery/Shiva JH/Projects/OneLake Medallion/data/landing/2018-05-21/order_payments.parquet,2018-05-21
bcdbb3b243d4e882503b919785e2343f,1,boleto,1,696.15,2018-05-21,2018-06-13 00:00:00.000000,2026-08-27T05:17:09.287600+00:00,D:/D drive recovery/Shiva JH/Projects/OneLake Medallion/data/landing/2018-05-21/order_payments.parquet,2018-05-21
d8da851ab137ba5e72352b665d2ea6e8,1,credit_card,3,57.29,2018-05-21,2018-05-29 00:00:00.000000,2026-08-27T05:17:09.287600+00:00,D:/D drive recovery/Shiva JH/Projects/OneLake Medallion/data/landing/2018-05-21/order_payments.parquet,2018-05-21
aca32a744ead78cb64a902170bf3147e,2,debit_card,1,138.85,2018-05-21,2018-06-12 00:00:00.000000,2026-08-27T05:17:09.287600+00:00,D:/D drive recovery/Shiva JH/Projects/OneLake Medallion/data/landing/2018-05-21/order_payments.parquet,2018-05-21
270876310226d967a79f278abd5eebdb,1,credit_card,8,180.8,2018-05-21,2018-06-05 00:00:00.000000,2026-08-27T05:17:09.287600+00:00,D:/D drive recovery/Shiva JH/Projects/OneLake Medallion/data/landing/2018-05-21/order_payments.parquet,2018-05-21
1630676be03651738ab38bdd77ce6e67,1,credit_card,1,62.61,2018-06-02,2018-07-05 00:00:00.000000,2026-08-27T05:17:09.287600+00:00,D:/D drive recovery/Shiva JH/Projects/OneLake Medallion/data/landing/2018-06-02/order_payments.parquet,2018-06-02
633ab17bf4665666fdef150a01469e84,1,credit_card,10,2183.6,2018-06-02,2018-07-17 00:00:00.000000,2026-08-27T05:17:09.287600+00:00,D:/D drive recovery/Shiva JH/Projects/OneLake Medallion/data/landing/2018-06-02/order_payments.parquet,2018-06-02
fe8522d905daf1e2c69dd128d7e0f81b,1,credit_card,1,35.76,2018-06-02,2018-06-21 00:00:00.000000,2026-08-27T05:17:09.287600+00:00,D:/D drive recovery/Shiva JH/Projects/OneLake Medallion/data/landing/2018-06-02/order_payments.parquet,2018-06-02
874eef9a84653f570656bdb0f8519151,1,credit_card,1,76.33,2018-06-02,2018-07-12 00:00:00.000000,2026-08-27T05:17:09.287600+00:00,D:/D drive recovery/Shiva JH/Projects/OneLake Medallion/data/landing/2018-06-02/order_payments.parquet,2018-06-02
2f781724d497e0d63c12e8ece70977e1,1,boleto,1,31.33,2018-06-14,2018-06-26 00:00:00.000000,2026-08-27T05:17:09.287600+00:00,D:/D drive recovery/Shiva JH/Projects/OneLake Medallion/data/landing/2018-06-14/order_payments.parquet,2018-06-14
84a5898c018be5c7ee3e45969708ebbe,1,boleto,1,202.85,2018-06-14,2018-07-16 00:00:00.000000,2026-08-27T05:17:09.287600+00:00,D:/D drive recovery/Shiva JH/Projects/OneLake Medallion/data/landing/2018-06-14/order_payments.parquet,2018-06-14
a40874087359fab9b2c8a3aef56a97ad,1,boleto,1,258.69,2018-06-14,2018-07-04 00:00:00.000000,2026-08-27T05:17:09.287600+00:00,D:/D drive recovery/Shiva JH/Projects/OneLake Medallion/data/landing/2018-06-14/order_payments.parquet,2018-06-14
7c204785100c09c72acb28ef9a1f2fe2,1,credit_card,1,36.29,2018-06-14,2018-07-04 00:00:00.000000,2026-08-27T05:17:09.287600+00:00,D:/D drive recovery/Shiva JH/Projects/OneLake Medallion/data/landing/2018-06-14/order_payments.parquet,2018-06-14
c1c06053c21d197688b79b2dddbc0560,1,credit_card,3,172.58,2018-06-14,2018-07-20 00:00:00.000000,2026-08-27T05:17:09.287600+00:00,D:/D drive recovery/Shiva JH/Projects/OneLake Medallion/data/landing/2018-06-14/order_payments.parquet,2018-06-14
621be24850f6edd2e8dbd75a0f19668a,1,credit_card,2,317.16,2018-06-26,2018-07-31 00:00:00.000000,2026-08-27T05:17:09.287600+00:00,D:/D drive recovery/Shiva JH/Projects/OneLake Medallion/data/landing/2018-06-26/order_payments.parquet,2018-06-26
f57b72afcc4b452e33507898aa140ff5,1,credit_card,4,141.78,2018-06-26,2018-07-17 00:00:00.000000,2026-08-27T05:17:09.287600+00:00,D:/D drive recovery/Shiva JH/Projects/OneLake Medallion/data/landing/2018-06-26/order_payments.parquet,2018-06-26
98efb98b2ba4d80a561ae49d4525ccac,1,credit_card,1,83.38,2018-06-26,2018-07-12 00:00:00.000000,2026-08-27T05:17:09.287600+00:00,D:/D drive recovery/Shiva JH/Projects/OneLake Medallion/data/landing/2018-06-26/order_payments.parquet,2018-06-26
1905071c46575209972c8c3e9e8d2ee8,2,voucher,1,62.2,2018-06-26,2018-07-19 00:00:00.000000,2026-08-27T05:17:09.287600+00:00,D:/D drive recovery/Shiva JH/Projects/OneLake Medallion/data/landing/2018-06-26/order_payments.parquet,2018-06-26
1905071c46575209972c8c3e9e8d2ee8,1,credit_card,1,23.52,2018-06-26,2018-07-19 00:00:00.000000,2026-08-27T05:17:09.287600+00:00,D:/D drive recovery/Shiva JH/Projects/OneLake Medallion/data/landing/2018-06-26/order_payments.parquet,2018-06-26
a4425e2bccba621150a07a685cf063be,1,credit_card,1,111.72,2018-06-26,2018-07-18 00:00:00.000000,2026-08-27T05:17:09.287600+00:00,D:/D drive recovery/Shiva JH/Projects/OneLake Medallion/data/landing/2018-06-26/order_payments.parquet,2018-06-26
7dba3fad5219968d9c9d8e03aa43bb35,1,credit_card,1,40.28,2018-06-26,2018-07-20 00:00:00.000000,2026-08-27T05:17:09.287600+00:00,D:/D drive recovery/Shiva JH/Projects/OneLake Medallion/data/landing/2018-06-26/order_payments.parquet,2018-06-26
ccfe85ff3893b9efe8d101891fdd40ee,1,credit_card,5,159.1,2018-06-26,2018-07-30 00:00:00.000000,2026-08-27T05:17:09.287600+00:00,D:/D drive recovery/Shiva JH/Projects/OneLake Medallion/data/landing/2018-06-26/order_payments.parquet,2018-06-26
de81104d0d1d1a5d4dd09e89a7ea4cd1,1,credit_card,2,136.04,2017-02-10,2017-03-13 00:00:00.000000,2026-08-27T05:17:09.287600+00:00,D:/D drive recovery/Shiva JH/Projects/OneLake Medallion/data/landing/2017-02-10/order_payments.parquet,2017-02-10
825df75b7a4b5c436b9d2443f653cab2,1,credit_card,1,112.3,2017-02-10,2017-03-13 00:00:00.000000,2026-08-27T05:17:09.287600+00:00,D:/D drive recovery/Shiva JH/Projects/OneLake Medallion/data/landing/2017-02-10/order_payments.parquet,2017-02-10
1d0e8770169496e47622b6cbc0d10bda,1,credit_card,10,109.49,2017-02-22,2017-03-21 00:00:00.000000,2026-08-27T05:17:09.287600+00:00,D:/D drive recovery/Shiva JH/Projects/OneLake Medallion/data/landing/2017-02-22/order_payments.parquet,2017-02-22
5e22038cfe14c065388be1dd0a85ba77,1,credit_card,1,88.23,2017-02-22,2017-03-21 00:00:00.000000,2026-08-27T05:17:09.287600+00:00,D:/D drive recovery/Shiva JH/Projects/OneLake Medallion/data/landing/2017-02-22/order_payments.parquet,2017-02-22
b6d9ea292226815b57dc2034dcc70a91,2,voucher,1,49.22,2017-03-06,2017-03-23 00:00:00.000000,2026-08-27T05:17:09.287600+00:00,D:/D drive recovery/Shiva JH/Projects/OneLake Medallion/data/landing/2017-03-06/order_payments.parquet,2017-03-06
b6d9ea292226815b57dc2034dcc70a91,1,credit_card,1,61.08,2017-03-06,2017-03-23 00:00:00.000000,2026-08-27T05:17:09.287600+00:00,D:/D drive recovery/Shiva JH/Projects/OneLake Medallion/data/landing/2017-03-06/order_payments.parquet,2017-03-06
8b8c17015e5e5bea026c24e0f03c9dcf,1,credit_card,10,104.36,2017-03-06,2017-04-04 00:00:00.000000,2026-08-27T05:17:09.287600+00:00,D:/D drive recovery/Shiva JH/Projects/OneLake Medallion/data/landing/2017-03-06/order_payments.parquet,2017-03-06
b5106eeb869b64ba86ab9d880e31c0bb,1,credit_card,9,97.2,2017-03-18,2017-04-12 00:00:00.000000,2026-08-27T05:17:09.287600+00:00,D:/D drive recovery/Shiva JH/Projects/OneLake Medallion/data/landing/2017-03-18/order_payments.parquet,2017-03-18
632ec9368030a0679acafa0d23b7be2c,1,credit_card,2,139.6,2017-03-18,2017-04-26 00:00:00.000000,2026-08-27T05:17:09.287600+00:00,D:/D drive recovery/Shiva JH/Projects/OneLake Medallion/data/landing/2017-03-18/order_payments.parquet,2017-03-18
60b8f5496f3fa2d3dbe08692dc63b4b3,1,credit_card,2,45.7,2017-03-18,2017-04-19 00:00:00.000000,2026-08-27T05:17:09.287600+00:00,D:/D drive recovery/Shiva JH/Projects/OneLake Medallion/data/landing/2017-03-18/order_payments.parquet,2017-03-18
bf43328103299ae529116e4521e82191,1,credit_card,4,199.49,2017-03-30,2017-04-27 00:00:00.000000,2026-08-27T05:17:09.287600+00:00,D:/D drive recovery/Shiva JH/Projects/OneLake Medallion/data/landing/2017-03-30/order_payments.parquet,2017-03-30
ebf89b8a3abd6ac66f597f269e84c3dd,1,credit_card,3,37.61,2017-04-11,2017-05-05 00:00:00.000000,2026-08-27T05:17:09.287600+00:00,D:/D drive recovery/Shiva JH/Projects/OneLake Medallion/data/landing/2017-04-11/order_payments.parquet,2017-04-11
ef0db33f981ff522a3a3ad0212e9148e,1,credit_card,1,33.51,2017-04-23,2017-05-15 00:00:00.000000,2026-08-27T05:17:09.287600+00:00,D:/D drive recovery/Shiva JH/Projects/OneLake Medallion/data/landing/2017-04-23/order_payments.parquet,2017-04-23
b9df3ba1cd5cd93a66fa5f902ab0dbc5,1,credit_card,1,38.42,2017-05-05,2017-05-31 00:00:00.000000,2026-08-27T05:17:09.287600+00:00,D:/D drive recovery/Shiva JH/Projects/OneLake Medallion/data/landing/2017-05-05/order_payments.parquet,2017-05-05
a9e7b797dd41979738e86a33cc9e8520,1,credit_card,8,150.92,2017-05-05,2017-05-30 00:00:00.000000,2026-08-27T05:17:09.287600+00:00,D:/D drive recovery/Shiva JH/Projects/OneLake Medallion/data/landing/2017-05-05/order_payments.parquet,2017-05-05
9794a238ab3d4acf86002d2f0ddb2890,1,credit_card,3,204.32,2017-05-05,2017-06-08 00:00:00.000000,2026-08-27T05:17:09.287600+00:00,D:/D drive recovery/Shiva JH/Projects/OneLake Medallion/data/landing/2017-05-05/order_payments.parquet,2017-05-05
6c30b488cb5cc67b2731e01894825ed6,1,boleto,1,127.6,2017-05-05,2017-05-26 00:00:00.000000,2026-08-27T05:17:09.287600+00:00,D:/D drive recovery/Shiva JH/Projects/OneLake Medallion/data/landing/2017-05-05/order_payments.parquet,2017-05-05
8176c11ca059602f1a7b1615f4cebbd6,1,credit_card,4,169.94,2017-05-17,2017-05-31 00:00:00.000000,2026-08-27T05:17:09.287600+00:00,D:/D drive recovery/Shiva JH/Projects/OneLake Medallion/data/landing/2017-05-17/order_payments.parquet,2017-05-17
4886bdc3d38b4558a42cca69e30e0808,1,credit_card,3,310.28,2017-05-17,2017-06-01 00:00:00.000000,2026-08-27T05:17:09.287600+00:00,D:/D drive recovery/Shiva JH/Projects/OneLake Medallion/data/landing/2017-05-17/order_payments.parquet,2017-05-17
58911a5b99a60d9f2f64485528c69a84,1,credit_card,1,135.5,2017-05-29,2017-06-21 00:00:00.000000,2026-08-27T05:17:09.287600+00:00,D:/D drive recovery/Shiva JH/Projects/OneLake Medallion/data/landing/2017-05-29/order_payments.parquet,2017-05-29
36c5444b254b4f1810d3ece9523fca71,1,credit_card,4,119.68,2017-05-29,2017-06-26 00:00:00.000000,2026-08-27T05:17:09.287600+00:00,D:/D drive recovery/Shiva JH/Projects/OneLake Medallion/data/landing/2017-05-29/order_payments.parquet,2017-05-29
ad3653ed7fa95d0e6ed3c9748c66e86e,1,credit_card,4,102.03,2017-05-29,2017-06-20 00:00:00.000000,2026-08-27T05:17:09.287600+00:00,D:/D drive recovery/Shiva JH/Projects/OneLake Medallion/data/landing/2017-05-29/order_payments.parquet,2017-05-29
094960a25bb327dca31de0e2b9a788f9,1,credit_card,4,181.68,2017-05-29,2017-06-19 00:00:00.000000,2026-08-27T05:17:09.287600+00:00,D:/D drive recovery/Shiva JH/Projects/OneLake Medallion/data/landing/2017-05-29/order_payments.parquet,2017-05-29
cb54c9069dc123fa6cfca4b4cf94eb9c,1,credit_card,3,138.22,2017-05-29,2017-06-21 00:00:00.000000,2026-08-27T05:17:09.287600+00:00,D:/D drive recovery/Shiva JH/Projects/OneLake Medallion/data/landing/2017-05-29/order_payments.parquet,2017-05-29
e302764b4fa6c74b926997b8b171f5d7,1,boleto,1,33.68,2017-05-29,2017-06-09 00:00:00.000000,2026-08-27T05:17:09.287600+00:00,D:/D drive recovery/Shiva JH/Projects/OneLake Medallion/data/landing/2017-05-29/order_payments.parquet,2017-05-29
f11fbb27b667b259485343a1ad29b609,1,credit_card,6,113.38,2017-06-10,2017-07-07 00:00:00.000000,2026-08-27T05:17:09.287600+00:00,D:/D drive recovery/Shiva JH/Projects/OneLake Medallion/data/landing/2017-06-10/order_payments.parquet,2017-06-10
2ee460773e708be4e0208745a3864b8c,1,credit_card,1,81.12,2017-06-22,2017-08-07 00:00:00.000000,2026-08-27T05:17:09.287600+00:00,D:/D drive recovery/Shiva JH/Projects/OneLake Medallion/data/landing/2017-06-22/order_payments.parquet,2017-06-22
4509ce51e5c9ab113add9aac39e97512,1,credit_card,1,28.09,2017-07-04,2017-07-27 00:00:00.000000,2026-08-27T05:17:09.287600+00:00,D:/D drive recovery/Shiva JH/Projects/OneLake Medallion/data/landing/2017-07-04/order_payments.parquet,2017-07-04
14f478070db62f51c33367debce4f1d1,1,credit_card,3,72.05,2017-07-04,2017-07-26 00:00:00.000000,2026-08-27T05:17:09.287600+00:00,D:/D drive recovery/Shiva JH/Projects/OneLake Medallion/data/landing/2017-07-04/order_payments.parquet,2017-07-04
876ccdbffe8b9e0d081dd74f449ba339,1,boleto,1,30.1,2017-07-04,2017-07-28 00:00:00.000000,2026-08-27T05:17:09.287600+00:00,D:/D drive recovery/Shiva JH/Projects/OneLake Medallion/data/landing/2017-07-04/order_payments.parquet,2017-07-04
03e1f719ea43e7eb59344cf78cd99ff4,1,credit_card,1,57.68,2017-07-04,2017-07-27 00:00:00.000000,2026-08-27T05:17:09.287600+00:00,D:/D drive recovery/Shiva JH/Projects/OneLake Medallion/data/landing/2017-07-04/order_payments.parquet,2017-07-04
631252ac24a799cf8f1c7823248527d5,1,credit_card,4,69.36,2017-07-16,2017-08-09 00:00:00.000000,2026-08-27T05:17:09.287600+00:00,D:/D drive recovery/Shiva JH/Projects/OneLake Medallion/data/landing/2017-07-16/order_payments.parquet,2017-07-16
33c00e6b5e5d1f829753828969590a33,1,credit_card,10,102.03,2017-07-16,2017-08-04 00:00:00.000000,2026-08-27T05:17:09.287600+00:00,D:/D drive recovery/Shiva JH/Projects/OneLake Medallion/data/landing/2017-07-16/order_payments.parquet,2017-07-16
edf0616bd376b3416b676c10dffad049,1,credit_card,10,165.51,2017-07-16,2017-08-29 22:26:04.000000,2026-08-27T05:17:09.287600+00:00,D:/D drive recovery/Shiva JH/Projects/OneLake Medallion/data/landing/2017-07-16/order_payments.parquet,2017-07-16
60e8b42fc95ec83d1e3bc2c7f7b4350d,1,boleto,1,148.06,2017-07-28,2017-08-21 00:00:00.000000,2026-08-27T05:17:09.287600+00:00,D:/D drive recovery/Shiva JH/Projects/OneLake Medallion/data/landing/2017-07-28/order_payments.parquet,2017-07-28
b0ca5afc6c53a1b2bd7c6af809913f9e,1,credit_card,2,81.63,2017-08-09,2017-08-22 00:00:00.000000,2026-08-27T05:17:09.287600+00:00,D:/D drive recovery/Shiva JH/Projects/OneLake Medallion/data/landing/2017-08-09/order_payments.parquet,2017-08-09
47c5b42ecbd216813dc0dbcdfb964a9e,1,credit_card,1,242.08,2017-08-09,2017-09-04 00:00:00.000000,2026-08-27T05:17:09.287600+00:00,D:/D drive recovery/Shiva JH/Projects/OneLake Medallion/data/landing/2017-08-09/order_payments.parquet,2017-08-09
a7a0c8ebf2557ea4b30103fbff81e64d,1,credit_card,8,268.31,2017-08-21,2017-09-21 00:00:00.000000,2026-08-27T05:17:09.287600+00:00,D:/D drive recovery/Shiva JH/Projects/OneLake Medallion/data/landing/2017-08-21/order_payments.parquet,2017-08-21
e9e856785fb0793e8ebc749b65858a89,1,credit_card,1,73.34,2017-08-21,2017-09-11 00:00:00.000000,2026-08-27T05:17:09.287600+00:00,D:/D drive recovery/Shiva JH/Projects/OneLake Medallion/data/landing/2017-08-21/order_payments.parquet,2017-08-21
33ca67f12b946d8830eb3805cc63761b,1,credit_card,1,87.7,2017-08-21,2017-09-15 00:00:00.000000,2026-08-27T05:17:09.287600+00:00,D:/D drive recovery/Shiva JH/Projects/OneLake Medallion/data/landing/2017-08-21/order_payments.parquet,2017-08-21
1335770a97f98c72818680ee3ff1d00a,1,credit_card,4,42.77,2017-08-21,2017-09-01 00:00:00.000000,2026-08-27T05:17:09.287600+00:00,D:/D drive recovery/Shiva JH/Projects/OneLake Medallion/data/landing/2017-08-21/order_payments.parquet,2017-08-21
5f77756df7ee84e204c730c024312542,1,credit_card,2,420.58,2017-08-21,2017-09-20 00:00:00.000000,2026-08-27T05:17:09.287600+00:00,D:/D drive recovery/Shiva JH/Projects/OneLake Medallion/data/landing/2017-08-21/order_payments.parquet,2017-08-21
845741b02081020193c3b7ea4dbe1a23,1,credit_card,5,153.7,2017-08-21,2017-09-13 00:00:00.000000,2026-08-27T05:17:09.287600+00:00,D:/D drive recovery/Shiva JH/Projects/OneLake Medallion/data/landing/2017-08-21/order_payments.parquet,2017-08-21
8ac6c055babd36dbe48009daf04f005c,1,credit_card,4,90.88,2017-08-21,2017-09-13 00:00:00.000000,2026-08-27T05:17:09.287600+00:00,D:/D drive recovery/Shiva JH/Projects/OneLake Medallion/data/landing/2017-08-21/order_payments.parquet,2017-08-21
578ef9ed2638d4e10337e50e37566344,1,credit_card,7,231.9,2017-09-02,2017-10-04 00:00:00.000000,2026-08-27T05:17:09.287600+00:00,D:/D drive recovery/Shiva JH/Projects/OneLake Medallion/data/landing/2017-09-02/order_payments.parquet,2017-09-02
4b723c793fead9a09146174b94577802,1,credit_card,6,107.78,2017-09-02,2017-10-05 00:00:00.000000,2026-08-27T05:17:09.287600+00:00,D:/D drive recovery/Shiva JH/Projects/OneLake Medallion/data/landing/2017-09-02/order_payments.parquet,2017-09-02
5942bd3a8502a95cab0655d31eb2c6fc,1,credit_card,4,62.01,2017-09-02,2017-10-04 00:00:00.000000,2026-08-27T05:17:09.287600+00:00,D:/D drive recovery/Shiva JH/Projects/OneLake Medallion/data/landing/2017-09-02/order_payments.parquet,2017-09-02
6878dd8f91f3b3ee7fa8edbea6c3af45,1,boleto,1,93.48,2017-09-02,2017-09-21 00:00:00.000000,2026-08-27T05:17:09.287600+00:00,D:/D drive recovery/Shiva JH/Projects/OneLake Medallion/data/landing/2017-09-02/order_payments.parquet,2017-09-02
ef29d8249c4f5670c259bda87461e3e4,1,credit_card,5,227.71,2017-09-14,2017-10-04 00:00:00.000000,2026-08-27T05:17:09.287600+00:00,D:/D drive recovery/Shiva JH/Projects/OneLake Medallion/data/landing/2017-09-14/order_payments.parquet,2017-09-14
7b9346f5875f5ba40aa2f851365d3daf,1,credit_card,3,35.85,2017-09-26,2017-10-18 00:00:00.000000,2026-08-27T05:17:09.287600+00:00,D:/D drive recovery/Shiva JH/Projects/OneLake Medallion/data/landing/2017-09-26/order_payments.parquet,2017-09-26
c439a063d60f29fa2a257b40cef5c379,1,credit_card,6,87.17,2017-09-26,2017-11-07 00:00:00.000000,2026-08-27T05:17:09.287600+00:00,D:/D drive recovery/Shiva JH/Projects/OneLake Medallion/data/landing/2017-09-26/order_payments.parquet,2017-09-26
de983bdf0e92645dd32e0ba39d8e7dd8,1,boleto,1,191.49,2017-09-26,2017-10-26 00:00:00.000000,2026-08-27T05:17:09.287600+00:00,D:/D drive recovery/Shiva JH/Projects/OneLake Medallion/data/landing/2017-09-26/order_payments.parquet,2017-09-26
3ef9cbaa0a848de9dd30b1953d31a730,1,credit_card,4,218.66,2017-10-08,2017-11-03 00:00:00.000000,2026-08-27T05:17:09.287600+00:00,D:/D drive recovery/Shiva JH/Projects/OneLake Medallion/data/landing/2017-10-08/order_payments.parquet,2017-10-08
75cc0defdf90cda65066ce0ac171e2ab,1,credit_card,2,186.95,2017-10-08,2017-11-06 00:00:00.000000,2026-08-27T05:17:09.287600+00:00,D:/D drive recovery/Shiva JH/Projects/OneLake Medallion/data/landing/2017-10-08/order_payments.parquet,2017-10-08
eeb03bd554e175a6c6ae5cdc2e86d841,1,credit_card,4,42.47,2017-10-08,2017-10-31 00:00:00.000000,2026-08-27T05:17:09.287600+00:00,D:/D drive recovery/Shiva JH/Projects/OneLake Medallion/data/landing/2017-10-08/order_payments.parquet,2017-10-08
d5adb7496b40cf5ac248505008ba61d5,1,credit_card,1,162.24,2017-10-08,2017-10-25 00:00:00.000000,2026-08-27T05:17:09.287600+00:00,D:/D drive recovery/Shiva JH/Projects/OneLake Medallion/data/landing/2017-10-08/order_payments.parquet,2017-10-08
e97af7fcb2f185b68e1ef48e5c5ebb8c,1,boleto,1,80.59,2017-10-20,2017-11-13 00:00:00.000000,2026-08-27T05:17:09.287600+00:00,D:/D drive recovery/Shiva JH/Projects/OneLake Medallion/data/landing/2017-10-20/order_payments.parquet,2017-10-20
8b54ad5dd057cd34a1308553e2bba5dd,1,credit_card,2,132.03,2017-10-20,2017-11-01 00:00:00.000000,2026-08-27T05:17:09.287600+00:00,D:/D drive recovery/Shiva JH/Projects/OneLake Medallion/data/landing/2017-10-20/order_payments.parquet,2017-10-20
2f4ed6d6a154e53f5593682472f8e6ea,1,credit_card,1,63.49,2017-11-01,2017-11-29 00:00:00.000000,2026-08-27T05:17:09.287600+00:00,D:/D drive recovery/Shiva JH/Projects/OneLake Medallion/data/landing/2017-11-01/order_payments.parquet,2017-11-01
6ec283e06546387eaab356a4764d8298,1,boleto,1,56.15,2017-11-01,2017-11-28 15:49:19.000000,2026-08-27T05:17:09.287600+00:00,D:/D drive recovery/Shiva JH/Projects/OneLake Medallion/data/landing/2017-11-01/order_payments.parquet,2017-11-01
de3a93f2df895a8b77a7e947b56a1af5,1,credit_card,1,55.1,2017-11-13,2017-12-04 00:00:00.000000,2026-08-27T05:17:09.287600+00:00,D:/D drive recovery/Shiva JH/Projects/OneLake Medallion/data/landing/2017-11-13/order_payments.parquet,2017-11-13
30941734c8d62ce23498ca4758409a29,1,credit_card,1,39.7,2017-11-13,2017-12-07 00:00:00.000000,2026-08-27T05:17:09.287600+00:00,D:/D drive recovery/Shiva JH/Projects/OneLake Medallion/data/landing/2017-11-13/order_payments.parquet,2017-11-13
4e5eb92b77d7214fc3587113fd8374d7,1,boleto,1,42.41,2017-11-13,2017-11-28 23:04:42.000000,2026-08-27T05:17:09.287600+00:00,D:/D drive recovery/Shiva JH/Projects/OneLake Medallion/data/landing/2017-11-13/order_payments.parquet,2017-11-13
038345c4a9d21c17180f2f77e1701c69,1,credit_card,2,132.08,2017-11-13,2018-01-25 12:59:42.000000,2026-08-27T05:17:09.287600+00:00,D:/D drive recovery/Shiva JH/Projects/OneLake Medallion/data/landing/2017-11-13/order_payments.parquet,2017-11-13
f3753df1e0c5a22ca7c2ff5722387739,1,credit_card,2,57.5,2017-11-13,2017-12-06 00:00:00.000000,2026-08-27T05:17:09.287600+00:00,D:/D drive recovery/Shiva JH/Projects/OneLake Medallion/data/landing/2017-11-13/order_payments.parquet,2017-11-13
0c2b0060d3c030936fff3266c4224733,1,boleto,1,87.36,2017-11-13,2017-11-27 00:00:00.000000,2026-08-27T05:17:09.287600+00:00,D:/D drive recovery/Shiva JH/Projects/OneLake Medallion/data/landing/2017-11-13/order_payments.parquet,2017-11-13
0a89bc2ec7e822a78b0cef45518d6217,1,credit_card,8,427.98,2017-11-13,2017-12-13 00:00:00.000000,2026-08-27T05:17:09.287600+00:00,D:/D drive recovery/Shiva JH/Projects/OneLake Medallion/data/landing/2017-11-13/order_payments.parquet,2017-11-13
ed3d229ff5daade6f2f99efc36a7fd05,3,voucher,1,6.12,2017-11-25,2017-12-20 00:00:00.000000,2026-08-27T05:17:09.287600+00:00,D:/D drive recovery/Shiva JH/Projects/OneLake Medallion/data/landing/2017-11-25/order_payments.parquet,2017-11-25
05e2ab8de37670d9d0524473585092ec,1,boleto,1,173.84,2017-11-25,2017-12-15 00:00:00.000000,2026-08-27T05:17:09.287600+00:00,D:/D drive recovery/Shiva JH/Projects/OneLake Medallion/data/landing/2017-11-25/order_payments.parquet,2017-11-25
ff36cbc44b8f228e0449c92ef089c843,1,credit_card,24,756.49,2017-11-25,2017-12-28 00:00:00.000000,2026-08-27T05:17:09.287600+00:00,D:/D drive recovery/Shiva JH/Projects/OneLake Medallion/data/landing/2017-11-25/order_payments.parquet,2017-11-25
d4a4641b9e4409b16a31dd61760e89cc,1,credit_card,1,66.67,2017-11-25,2017-12-20 00:00:00.000000,2026-08-27T05:17:09.287600+00:00,D:/D drive recovery/Shiva JH/Projects/OneLake Medallion/data/landing/2017-11-25/order_payments.parquet,2017-11-25
cae916a392d51a600dd6d7b5eb9b8106,1,credit_card,1,126.54,2017-11-25,2017-12-18 00:00:00.000000,2026-08-27T05:17:09.287600+00:00,D:/D drive recovery/Shiva JH/Projects/OneLake Medallion/data/landing/2017-11-25/order_payments.parquet,2017-11-25
e723fd90e2d095c2762e5e800d759bfa,1,credit_card,2,20.1,2017-11-25,2017-12-21 00:00:00.000000,2026-08-27T05:17:09.287600+00:00,D:/D drive recovery/Shiva JH/Projects/OneLake Medallion/data/landing/2017-11-25/order_payments.parquet,2017-11-25
567818fc7d9f84b0f5eac47aef90658e,1,credit_card,7,698.5,2017-11-25,2017-12-26 18:42:20.000000,2026-08-27T05:17:09.287600+00:00,D:/D drive recovery/Shiva JH/Projects/OneLake Medallion/data/landing/2017-11-25/order_payments.parquet,2017-11-25
73cafc0c127f9cee457b39b5c0e3fc16,1,voucher,1,94.71,2017-11-25,2018-01-05 22:17:17.000000,2026-08-27T05:17:09.287600+00:00,D:/D drive recovery/Shiva JH/Projects/OneLake Medallion/data/landing/2017-11-25/order_payments.parquet,2017-11-25
115a21a6b20efa52b4f92b81bfe0ef62,1,credit_card,4,206.87,2017-11-25,2017-12-18 00:00:00.000000,2026-08-27T05:17:09.287600+00:00,D:/D drive recovery/Shiva JH/Projects/OneLake Medallion/data/landing/2017-11-25/order_payments.parquet,2017-11-25
ec9a51782b5483ba996ab13bc3bbc30d,1,credit_card,1,78.28,2017-11-25,2017-12-18 00:00:00.000000,2026-08-27T05:17:09.287600+00:00,D:/D drive recovery/Shiva JH/Projects/OneLake Medallion/data/landing/2017-11-25/order_payments.parquet,2017-11-25
9950e10864fad6c02ade4829884ebd39,1,credit_card,1,66.67,2017-11-25,2017-12-18 00:00:00.000000,2026-08-27T05:17:09.287600+00:00,D:/D drive recovery/Shiva JH/Projects/OneLake Medallion/data/landing/2017-11-25/order_payments.parquet,2017-11-25
cb4591b9a09b86b55be10a9ea234de8c,1,credit_card,1,71.65,2017-11-25,2017-12-28 23:26:52.000000,2026-08-27T05:17:09.287600+00:00,D:/D drive recovery/Shiva JH/Projects/OneLake Medallion/data/landing/2017-11-25/order_payments.parquet,2017-11-25
53ba9277abd171947b33bd9073297827,1,credit_card,3,39.09,2017-11-25,2017-12-22 00:00:00.000000,2026-08-27T05:17:09.287600+00:00,D:/D drive recovery/Shiva JH/Projects/OneLake Medallion/data/landing/2017-11-25/order_payments.parquet,2017-11-25
ed3d229ff5daade6f2f99efc36a7fd05,1,credit_card,3,36.73,2017-11-25,2017-12-20 00:00:00.000000,2026-08-27T05:17:09.287600+00:00,D:/D drive recovery/Shiva JH/Projects/OneLake Medallion/data/landing/2017-11-25/order_payments.parquet,2017-11-25
ed3d229ff5daade6f2f99efc36a7fd05,2,voucher,1,12.25,2017-11-25,2017-12-20 00:00:00.000000,2026-08-27T05:17:09.287600+00:00,D:/D drive recovery/Shiva JH/Projects/OneLake Medallion/data/landing/2017-11-25/order_payments.parquet,2017-11-25
c0a15de26f8add28b3ebed18a13e6831,1,credit_card,2,57.87,2017-11-25,2017-12-15 00:00:00.000000,2026-08-27T05:17:09.287600+00:00,D:/D drive recovery/Shiva JH/Projects/OneLake Medallion/data/landing/2017-11-25/order_payments.parquet,2017-11-25
7dc4ac6da71948249ca79f45c9de13b1,1,credit_card,5,50.1,2017-11-25,2017-12-15 00:00:00.000000,2026-08-27T05:17:09.287600+00:00,D:/D drive recovery/Shiva JH/Projects/OneLake Medallion/data/landing/2017-11-25/order_payments.parquet,2017-11-25
de5a57660fb17fcd0cb97f5874739ddd,1,credit_card,4,165.79,2017-12-07,2018-01-03 00:00:00.000000,2026-08-27T05:17:09.287600+00:00,D:/D drive recovery/Shiva JH/Projects/OneLake Medallion/data/landing/2017-12-07/order_payments.parquet,2017-12-07
4b2b9a77b0645d1efdf00bc2ac1ba023,1,boleto,1,82.82,2017-12-07,2018-01-03 20:13:00.000000,2026-08-27T05:17:09.287600+00:00,D:/D drive recovery/Shiva JH/Projects/OneLake Medallion/data/landing/2017-12-07/order_payments.parquet,2017-12-07
1150c73ca4c9c78e59170256f8b93e16,1,credit_card,1,65.06,2017-12-07,2017-12-26 00:00:00.000000,2026-08-27T05:17:09.287600+00:00,D:/D drive recovery/Shiva JH/Projects/OneLake Medallion/data/landing/2017-12-07/order_payments.parquet,2017-12-07
7e7e487c8215464b81d26682798ee38c,1,boleto,1,28.33,2017-12-07,2018-01-03 00:00:00.000000,2026-08-27T05:17:09.287600+00:00,D:/D drive recovery/Shiva JH/Projects/OneLake Medallion/data/landing/2017-12-07/order_payments.parquet,2017-12-07
1391644298485796a935f0422f8989e8,1,credit_card,3,174.26,2017-12-07,2018-01-10 00:00:00.000000,2026-08-27T05:17:09.287600+00:00,D:/D drive recovery/Shiva JH/Projects/OneLake Medallion/data/landing/2017-12-07/order_payments.parquet,2017-12-07
7d0e17bbcb31318fdc2390ad7cfc7399,1,boleto,1,66.1,2017-12-19,2018-01-23 00:00:00.000000,2026-08-27T05:17:09.287600+00:00,D:/D drive recovery/Shiva JH/Projects/OneLake Medallion/data/landing/2017-12-19/order_payments.parquet,2017-12-19
8ff3300441375a48890e65ad8d06233b,1,credit_card,1,121.69,2017-12-19,2018-01-08 00:00:00.000000,2026-08-27T05:17:09.287600+00:00,D:/D drive recovery/Shiva JH/Projects/OneLake Medallion/data/landing/2017-12-19/order_payments.parquet,2017-12-19
b01e3ee0b1aa883fb12d7161e3d979fc,1,boleto,1,46.0,2017-12-31,2018-02-06 00:00:00.000000,2026-08-27T05:17:09.287600+00:00,D:/D drive recovery/Shiva JH/Projects/OneLake Medallion/data/landing/2017-12-31/order_payments.parquet,2017-12-31
baec85e7fa005a17b89b8bf93300cb5f,1,voucher,1,16.95,2018-01-12,2018-01-31 00:00:00.000000,2026-08-27T05:17:09.287600+00:00,D:/D drive recovery/Shiva JH/Projects/OneLake Medallion/data/landing/2018-01-12/order_payments.parquet,2018-01-12
28c35e27d64425be0368e275997f7779,1,credit_card,1,320.58,2018-01-12,2018-02-05 00:00:00.000000,2026-08-27T05:17:09.287600+00:00,D:/D drive recovery/Shiva JH/Projects/OneLake Medallion/data/landing/2018-01-12/order_payments.parquet,2018-01-12
2a4afa0d6cc69510f96d2a3e8fae85cd,1,credit_card,2,157.76,2018-01-12,2018-02-09 00:00:00.000000,2026-08-27T05:17:09.287600+00:00,D:/D drive recovery/Shiva JH/Projects/OneLake Medallion/data/landing/2018-01-12/order_payments.parquet,2018-01-12
b6dbd61bb13118766af40ef6a325e303,1,credit_card,4,49.1,2018-01-12,2018-02-19 00:00:00.000000,2026-08-27T05:17:09.287600+00:00,D:/D drive recovery/Shiva JH/Projects/OneLake Medallion/data/landing/2018-01-12/order_payments.parquet,2018-01-12
6cb7111806a9b07928d2623e7708e8c6,1,debit_card,1,34.89,2018-01-12,2018-02-19 00:00:00.000000,2026-08-27T05:17:09.287600+00:00,D:/D drive recovery/Shiva JH/Projects/OneLake Medallion/data/landing/2018-01-12/order_payments.parquet,2018-01-12
0762fe35b71987563f8771eb6d14938f,1,credit_card,1,87.03,2018-01-24,2018-02-16 00:00:00.000000,2026-08-27T05:17:09.287600+00:00,D:/D drive recovery/Shiva JH/Projects/OneLake Medallion/data/landing/2018-01-24/order_payments.parquet,2018-01-24
e599e00118212fd3f10f88ef85587204,1,credit_card,4,197.65,2018-01-24,2018-02-20 00:00:00.000000,2026-08-27T05:17:09.287600+00:00,D:/D drive recovery/Shiva JH/Projects/OneLake Medallion/data/landing/2018-01-24/order_payments.parquet,2018-01-24
a49f05cadcb7f056c2725a1463b7d7db,1,voucher,1,134.58,2018-01-24,2018-02-21 00:00:00.000000,2026-08-27T05:17:09.287600+00:00,D:/D drive recovery/Shiva JH/Projects/OneLake Medallion/data/landing/2018-01-24/order_payments.parquet,2018-01-24
41edd5d27833b73b29761df99f146624,1,boleto,1,56.01,2018-02-05,2018-03-07 00:00:00.000000,2026-08-27T05:17:09.287600+00:00,D:/D drive recovery/Shiva JH/Projects/OneLake Medallion/data/landing/2018-02-05/order_payments.parquet,2018-02-05
a95c742fa7426798396959c1bd1d6ab8,2,voucher,1,99.65,2018-02-05,2018-03-08 00:00:00.000000,2026-08-27T05:17:09.287600+00:00,D:/D drive recovery/Shiva JH/Projects/OneLake Medallion/data/landing/2018-02-05/order_payments.parquet,2018-02-05
a95c742fa7426798396959c1bd1d6ab8,1,credit_card,1,8.35,2018-02-05,2018-03-08 00:00:00.000000,2026-08-27T05:17:09.287600+00:00,D:/D drive recovery/Shiva JH/Projects/OneLake Medallion/data/landing/2018-02-05/order_payments.parquet,2018-02-05
4cd5aded458b2bb658108cfe0f705ab5,1,credit_card,3,236.84,2018-02-05,2018-03-12 00:00:00.000000,2026-08-27T05:17:09.287600+00:00,D:/D drive recovery/Shiva JH/Projects/OneLake Medallion/data/landing/2018-02-05/order_payments.parquet,2018-02-05
005059edee63c8c708ba61910793b31b,1,credit_card,8,219.78,2018-02-05,2018-03-06 00:00:00.000000,2026-08-27T05:17:09.287600+00:00,D:/D drive recovery/Shiva JH/Projects/OneLake Medallion/data/landing/2018-02-05/order_payments.parquet,2018-02-05
bef79681fbe33b2789095e966c159563,2,voucher,1,62.3,2018-02-05,2018-03-01 00:00:00.000000,2026-08-27T05:17:09.287600+00:00,D:/D drive recovery/Shiva JH/Projects/OneLake Medallion/data/landing/2018-02-05/order_payments.parquet,2018-02-05
3df54c9248f6d2eef8f08ad39f422abd,1,credit_card,2,189.5,2018-02-05,2018-02-21 00:00:00.000000,2026-08-27T05:17:09.287600+00:00,D:/D drive recovery/Shiva JH/Projects/OneLake Medallion/data/landing/2018-02-05/order_payments.parquet,2018-02-05
96bfce289cf4a045ce6adad34b55a912,1,credit_card,3,154.94,2018-02-05,2018-03-07 00:00:00.000000,2026-08-27T05:17:09.287600+00:00,D:/D drive recovery/Shiva JH/Projects/OneLake Medallion/data/landing/2018-02-05/order_payments.parquet,2018-02-05
fa3d745324c8a96e112e217b025689f1,1,credit_card,4,71.04,2018-02-05,2018-03-13 00:00:00.000000,2026-08-27T05:17:09.287600+00:00,D:/D drive recovery/Shiva JH/Projects/OneLake Medallion/data/landing/2018-02-05/order_payments.parquet,2018-02-05
bef79681fbe33b2789095e966c159563,1,credit_card,1,8.45,2018-02-05,2018-03-01 00:00:00.000000,2026-08-27T05:17:09.287600+00:00,D:/D drive recovery/Shiva JH/Projects/OneLake Medallion/data/landing/2018-02-05/order_payments.parquet,2018-02-05
dfa82c0d8cadaa36975ca3f856251e6c,1,credit_card,1,119.25,2018-02-05,2018-03-02 00:00:00.000000,2026-08-27T05:17:09.287600+00:00,D:/D drive recovery/Shiva JH/Projects/OneLake Medallion/data/landing/2018-02-05/order_payments.parquet,2018-02-05
4c3cc41d9fad33476cbf842592458f36,1,credit_card,5,184.85,2018-02-17,2018-04-12 00:58:24.000000,2026-08-27T05:17:09.287600+00:00,D:/D drive recovery/Shiva JH/Projects/OneLake Medallion/data/landing/2018-02-17/order_payments.parquet,2018-02-17
237f9d2cdf1d87f8b252ad4e11bb42a7,1,credit_card,2,111.43,2018-02-17,2018-03-21 00:00:00.000000,2026-08-27T05:17:09.287600+00:00,D:/D drive recovery/Shiva JH/Projects/OneLake Medallion/data/landing/2018-02-17/order_payments.parquet,2018-02-17
3bece71a0ce79d5d8945d9d665e5164e,1,credit_card,3,466.9,2018-02-17,2018-04-12 20:26:41.000000,2026-08-27T05:17:09.287600+00:00,D:/D drive recovery/Shiva JH/Projects/OneLake Medallion/data/landing/2018-02-17/order_payments.parquet,2018-02-17
b466442834849de831692c9474402ba7,1,credit_card,1,31.43,2018-02-17,2018-03-16 00:00:00.000000,2026-08-27T05:17:09.287600+00:00,D:/D drive recovery/Shiva JH/Projects/OneLake Medallion/data/landing/2018-02-17/order_payments.parquet,2018-02-17
82532c4ff0d663ca01d2a9fb7d7123bd,1,credit_card,4,42.11,2018-02-17,2018-03-27 00:00:00.000000,2026-08-27T05:17:09.287600+00:00,D:/D drive recovery/Shiva JH/Projects/OneLake Medallion/data/landing/2018-02-17/order_payments.parquet,2018-02-17
fc66d84250e23153ad4d3424f01388d6,1,credit_card,4,55.1,2018-02-17,2018-03-16 00:00:00.000000,2026-08-27T05:17:09.287600+00:00,D:/D drive recovery/Shiva JH/Projects/OneLake Medallion/data/landing/2018-02-17/order_payments.parquet,2018-02-17
4c9ad1ec8d135d9f6cda60ba64fdc5bf,1,credit_card,1,82.36,2018-03-01,2018-03-26 23:50:55.000000,2026-08-27T05:17:09.287600+00:00,D:/D drive recovery/Shiva JH/Projects/OneLake Medallion/data/landing/2018-03-01/order_payments.parquet,2018-03-01
498e066f76ea893807edbcf498e2cac7,1,credit_card,2,34.0,2018-03-01,2018-03-22 16:04:26.000000,2026-08-27T05:17:09.287600+00:00,D:/D drive recovery/Shiva JH/Projects/OneLake Medallion/data/landing/2018-03-01/order_payments.parquet,2018-03-01
16288edc7382ecd4230909d0907fb939,1,credit_card,3,157.22,2018-03-01,2018-03-26 00:00:00.000000,2026-08-27T05:17:09.287600+00:00,D:/D drive recovery/Shiva JH/Projects/OneLake Medallion/data/landing/2018-03-01/order_payments.parquet,2018-03-01
23fd789ce06f3c54f212b3b9d358579f,1,credit_card,2,166.29,2018-03-01,2018-04-01 01:46:52.000000,2026-08-27T05:17:09.287600+00:00,D:/D drive recovery/Shiva JH/Projects/OneLake Medallion/data/landing/2018-03-01/order_payments.parquet,2018-03-01
b5572b1a9c58d00d3ad345667cd3a0de,1,boleto,1,199.14,2018-03-13,2018-04-14 00:04:41.000000,2026-08-27T05:17:09.287600+00:00,D:/D drive recovery/Shiva JH/Projects/OneLake Medallion/data/landing/2018-03-13/order_payments.parquet,2018-03-13
7501e0d79e115a1491674e6154b47bd4,1,credit_card,8,179.04,2018-03-13,2018-04-11 00:00:00.000000,2026-08-27T05:17:09.287600+00:00,D:/D drive recovery/Shiva JH/Projects/OneLake Medallion/data/landing/2018-03-13/order_payments.parquet,2018-03-13
b0e07744a89c97ec7dc4be61ddf6a5ac,1,credit_card,10,212.75,2018-03-13,2018-04-17 00:22:24.000000,2026-08-27T05:17:09.287600+00:00,D:/D drive recovery/Shiva JH/Projects/OneLake Medallion/data/landing/2018-03-13/order_payments.parquet,2018-03-13
9a71f055d972d1ebacec9df7376ff1e3,1,credit_card,3,170.18,2018-03-13,2018-04-19 18:48:29.000000,2026-08-27T05:17:09.287600+00:00,D:/D drive recovery/Shiva JH/Projects/OneLake Medallion/data/landing/2018-03-13/order_payments.parquet,2018-03-13
e32d9626a1453e6287c515aac985098f,1,credit_card,2,157.91,2018-03-25,2018-04-18 00:00:00.000000,2026-08-27T05:17:09.287600+00:00,D:/D drive recovery/Shiva JH/Projects/OneLake Medallion/data/landing/2018-03-25/order_payments.parquet,2018-03-25
4a91f42df2d4a84668e0c30d7880c7c0,1,credit_card,3,64.34,2018-03-25,2018-04-12 00:00:00.000000,2026-08-27T05:17:09.287600+00:00,D:/D drive recovery/Shiva JH/Projects/OneLake Medallion/data/landing/2018-03-25/order_payments.parquet,2018-03-25
efade7725d5dfe59a8c281511cea69e2,1,credit_card,1,111.84,2018-03-25,2018-04-23 00:00:00.000000,2026-08-27T05:17:09.287600+00:00,D:/D drive recovery/Shiva JH/Projects/OneLake Medallion/data/landing/2018-03-25/order_payments.parquet,2018-03-25
f3e7fae1e0a6001047deeefa288f96a9,1,credit_card,1,108.69,2018-03-25,2018-04-18 00:00:00.000000,2026-08-27T05:17:09.287600+00:00,D:/D drive recovery/Shiva JH/Projects/OneLake Medallion/data/landing/2018-03-25/order_payments.parquet,2018-03-25
cc7dfc8992e6aaa96f3248ff602ee264,1,credit_card,1,132.72,2018-03-25,2018-04-12 00:00:00.000000,2026-08-27T05:17:09.287600+00:00,D:/D drive recovery/Shiva JH/Projects/OneLake Medallion/data/landing/2018-03-25/order_payments.parquet,2018-03-25
d5fbbc2e51c9e93de3502e15b4159d46,1,boleto,1,49.73,2018-04-06,2018-04-25 00:00:00.000000,2026-08-27T05:17:09.287600+00:00,D:/D drive recovery/Shiva JH/Projects/OneLake Medallion/data/landing/2018-04-06/order_payments.parquet,2018-04-06
aba40f06818d2d5bd3590b335352fd3f,1,credit_card,1,30.77,2018-04-06,2018-04-18 00:00:00.000000,2026-08-27T05:17:09.287600+00:00,D:/D drive recovery/Shiva JH/Projects/OneLake Medallion/data/landing/2018-04-06/order_payments.parquet,2018-04-06
111cad04d7595482f30e12764539fcbc,1,credit_card,1,21.38,2018-04-06,2018-04-23 00:00:00.000000,2026-08-27T05:17:09.287600+00:00,D:/D drive recovery/Shiva JH/Projects/OneLake Medallion/data/landing/2018-04-06/order_payments.parquet,2018-04-06
79b690847d556fdcccfe7dfdd9d77dd4,1,credit_card,4,147.13,2018-04-06,2018-05-10 00:00:00.000000,2026-08-27T05:17:09.287600+00:00,D:/D drive recovery/Shiva JH/Projects/OneLake Medallion/data/landing/2018-04-06/order_payments.parquet,2018-04-06
396ecd66e534ab22f8c11be648298286,1,credit_card,3,183.25,2018-04-18,2018-05-17 00:00:00.000000,2026-08-27T05:17:09.287600+00:00,D:/D drive recovery/Shiva JH/Projects/OneLake Medallion/data/landing/2018-04-18/order_payments.parquet,2018-04-18
0c31953b008c5e98882d436f4298cde0,1,credit_card,4,108.3,2018-04-30,2018-05-14 00:00:00.000000,2026-08-27T05:17:09.287600+00:00,D:/D drive recovery/Shiva JH/Projects/OneLake Medallion/data/landing/2018-04-30/order_payments.parquet,2018-04-30
c7eceb983991b7e80256afc58a39d0aa,1,credit_card,1,124.13,2018-04-30,2018-05-18 00:00:00.000000,2026-08-27T05:17:09.287600+00:00,D:/D drive recovery/Shiva JH/Projects/OneLake Medallion/data/landing/2018-04-30/order_payments.parquet,2018-04-30
9ec76eb1505d29c81d9bfadf8c2e3afa,1,credit_card,5,182.86,2018-04-30,2018-05-25 00:00:00.000000,2026-08-27T05:17:09.287600+00:00,D:/D drive recovery/Shiva JH/Projects/OneLake Medallion/data/landing/2018-04-30/order_payments.parquet,2018-04-30
cd6f283a1308f75b894c315359b521d7,1,credit_card,6,106.5,2018-04-30,2018-05-14 00:00:00.000000,2026-08-27T05:17:09.287600+00:00,D:/D drive recovery/Shiva JH/Projects/OneLake Medallion/data/landing/2018-04-30/order_payments.parquet,2018-04-30
610d2254a191363a1f87185789c63231,1,boleto,1,40.78,2018-04-30,2018-05-21 00:00:00.000000,2026-08-27T05:17:09.287600+00:00,D:/D drive recovery/Shiva JH/Projects/OneLake Medallion/data/landing/2018-04-30/order_payments.parquet,2018-04-30
41467837b8621b5014b5a91e78ab3747,1,credit_card,4,49.56,2018-04-30,2018-05-28 00:00:00.000000,2026-08-27T05:17:09.287600+00:00,D:/D drive recovery/Shiva JH/Projects/OneLake Medallion/data/landing/2018-04-30/order_payments.parquet,2018-04-30
c7f9a63be296b2be1bb5ad47c7d61dd2,1,credit_card,1,116.66,2018-05-12,2018-05-30 00:00:00.000000,2026-08-27T05:17:09.287600+00:00,D:/D drive recovery/Shiva JH/Projects/OneLake Medallion/data/landing/2018-05-12/order_payments.parquet,2018-05-12
21babe33a62ea8ca20539175f5f77dd2,1,credit_card,3,34.87,2018-05-12,2018-05-23 00:00:00.000000,2026-08-27T05:17:09.287600+00:00,D:/D drive recovery/Shiva JH/Projects/OneLake Medallion/data/landing/2018-05-12/order_payments.parquet,2018-05-12
7d8f5bfd5aff648220374a2df62e84d5,1,credit_card,10,582.94,2018-05-12,2018-06-20 00:00:00.000000,2026-08-27T05:17:09.287600+00:00,D:/D drive recovery/Shiva JH/Projects/OneLake Medallion/data/landing/2018-05-12/order_payments.parquet,2018-05-12
e14ffd08eda953986d92a6cf45978ad3,1,credit_card,1,55.22,2018-05-12,2018-06-06 00:00:00.000000,2026-08-27T05:17:09.287600+00:00,D:/D drive recovery/Shiva JH/Projects/OneLake Medallion/data/landing/2018-05-12/order_payments.parquet,2018-05-12
7dae8e764e7cce9b6197c024b802e5d9,1,boleto,1,89.36,2018-05-24,2018-06-29 00:00:00.000000,2026-08-27T05:17:09.287600+00:00,D:/D drive recovery/Shiva JH/Projects/OneLake Medallion/data/landing/2018-05-24/order_payments.parquet,2018-05-24
2feb60b66471f9985b3f06df1f360f34,1,boleto,1,204.24,2018-06-05,2018-07-18 00:00:00.000000,2026-08-27T05:17:09.287600+00:00,D:/D drive recovery/Shiva JH/Projects/OneLake Medallion/data/landing/2018-06-05/order_payments.parquet,2018-06-05
9979adea9a6e9beb05f965201bfe6e5b,1,credit_card,1,550.53,2018-06-05,2018-06-29 00:00:00.000000,2026-08-27T05:17:09.287600+00:00,D:/D drive recovery/Shiva JH/Projects/OneLake Medallion/data/landing/2018-06-05/order_payments.parquet,2018-06-05
4ee512b414a41f8ed0239751fc1d77bf,1,credit_card,1,53.61,2018-06-05,2018-07-11 00:00:00.000000,2026-08-27T05:17:09.287600+00:00,D:/D drive recovery/Shiva JH/Projects/OneLake Medallion/data/landing/2018-06-05/order_payments.parquet,2018-06-05
b2b22e6b8ad71ac3e8d2242b8f49c910,1,credit_card,1,84.44,2018-06-05,2018-07-11 00:00:00.000000,2026-08-27T05:17:09.287600+00:00,D:/D drive recovery/Shiva JH/Projects/OneLake Medallion/data/landing/2018-06-05/order_payments.parquet,2018-06-05
ec65679b4c5a964591180c6066177c5d,1,credit_card,5,128.2,2018-06-05,2018-07-19 00:00:00.000000,2026-08-27T05:17:09.287600+00:00,D:/D drive recovery/Shiva JH/Projects/OneLake Medallion/data/landing/2018-06-05/order_payments.parquet,2018-06-05
b97ba3fb5b212d01ef75f4f4131c1207,1,credit_card,2,85.81,2018-06-17,2018-06-28 00:00:00.000000,2026-08-27T05:17:09.287600+00:00,D:/D drive recovery/Shiva JH/Projects/OneLake Medallion/data/landing/2018-06-17/order_payments.parquet,2018-06-17
9139babf733ce09659b1ed642a48d227,1,credit_card,2,118.77,2018-06-17,2018-07-17 00:00:00.000000,2026-08-27T05:17:09.287600+00:00,D:/D drive recovery/Shiva JH/Projects/OneLake Medallion/data/landing/2018-06-17/order_payments.parquet,2018-06-17
04221a4eb2e1a30903ffaaa72f8b268c,1,credit_card,1,52.93,2018-06-29,2018-07-20 00:00:00.000000,2026-08-27T05:17:09.287600+00:00,D:/D drive recovery/Shiva JH/Projects/OneLake Medallion/data/landing/2018-06-29/order_payments.parquet,2018-06-29
1e89e2312f1a1fd948c615602f200480,1,boleto,1,83.06,2018-06-29,2018-07-19 00:00:00.000000,2026-08-27T05:17:09.287600+00:00,D:/D drive recovery/Shiva JH/Projects/OneLake Medallion/data/landing/2018-06-29/order_payments.parquet,2018-06-29
0e9f9f05e9d249728b37d577ce0661da,1,boleto,1,117.23,2018-06-29,2018-07-13 00:00:00.000000,2026-08-27T05:17:09.287600+00:00,D:/D drive recovery/Shiva JH/Projects/OneLake Medallion/data/landing/2018-06-29/order_payments.parquet,2018-06-29
af045d3e5d7082db57d5b5dde3c0c97b,1,credit_card,1,41.42,2017-02-01,2017-03-02 00:00:00.000000,2026-08-27T05:17:09.287600+00:00,D:/D drive recovery/Shiva JH/Projects/OneLake Medallion/data/landing/2017-02-01/order_payments.parquet,2017-02-01
a303f65e39cc18fa50d33767fd278543,1,credit_card,1,71.71,2017-02-13,2017-03-10 00:00:00.000000,2026-08-27T05:17:09.287600+00:00,D:/D drive recovery/Shiva JH/Projects/OneLake Medallion/data/landing/2017-02-13/order_payments.parquet,2017-02-13
bea5dc01a53188cc309de4fc1f309025,1,credit_card,1,59.74,2017-02-13,2017-03-14 00:00:00.000000,2026-08-27T05:17:09.287600+00:00,D:/D drive recovery/Shiva JH/Projects/OneLake Medallion/data/landing/2017-02-13/order_payments.parquet,2017-02-13
fdfe08dafc921baeeb1bd5258728837b,1,boleto,1,50.56,2017-02-13,2017-03-20 00:00:00.000000,2026-08-27T05:17:09.287600+00:00,D:/D drive recovery/Shiva JH/Projects/OneLake Medallion/data/landing/2017-02-13/order_payments.parquet,2017-02-13
e5476d1c0a9bcc909b2f4bc24559bdde,1,credit_card,8,425.07,2017-02-13,2017-03-16 00:00:00.000000,2026-08-27T05:17:09.287600+00:00,D:/D drive recovery/Shiva JH/Projects/OneLake Medallion/data/landing/2017-02-13/order_payments.parquet,2017-02-13
7743f1958c77de9ebc175860fd1773a6,1,credit_card,1,143.39,2017-03-09,2017-04-03 00:00:00.000000,2026-08-27T05:17:09.287600+00:00,D:/D drive recovery/Shiva JH/Projects/OneLake Medallion/data/landing/2017-03-09/order_payments.parquet,2017-03-09
2f0bf599e06ae4fcb639c0acaac2f0ee,1,credit_card,3,38.32,2017-03-09,2017-04-04 00:00:00.000000,2026-08-27T05:17:09.287600+00:00,D:/D drive recovery/Shiva JH/Projects/OneLake Medallion/data/landing/2017-03-09/order_payments.parquet,2017-03-09
a651dd7999c6a879cc25638f0cc36c54,1,credit_card,3,39.25,2017-03-21,2017-04-27 00:00:00.000000,2026-08-27T05:17:09.287600+00:00,D:/D drive recovery/Shiva JH/Projects/OneLake Medallion/data/landing/2017-03-21/order_payments.parquet,2017-03-21
dc7a419b3cd13b51c38ff9442dfd4009,1,credit_card,1,76.11,2017-03-21,2017-04-17 00:00:00.000000,2026-08-27T05:17:09.287600+00:00,D:/D drive recovery/Shiva JH/Projects/OneLake Medallion/data/landing/2017-03-21/order_payments.parquet,2017-03-21
24cfb770f308b181cc3ae36ca3d573ad,1,credit_card,5,156.4,2017-04-02,2017-04-26 00:00:00.000000,2026-08-27T05:17:09.287600+00:00,D:/D drive recovery/Shiva JH/Projects/OneLake Medallion/data/landing/2017-04-02/order_payments.parquet,2017-04-02
82383d6d5aa835a4c02cf0c9d56895ce,1,credit_card,1,308.58,2017-04-02,2017-04-24 00:00:00.000000,2026-08-27T05:17:09.287600+00:00,D:/D drive recovery/Shiva JH/Projects/OneLake Medallion/data/landing/2017-04-02/order_payments.parquet,2017-04-02
21508e950b0edd39774e72dadfd809b1,1,boleto,1,214.59,2017-04-02,2017-05-10 00:00:00.000000,2026-08-27T05:17:09.287600+00:00,D:/D drive recovery/Shiva JH/Projects/OneLake Medallion/data/landing/2017-04-02/order_payments.parquet,2017-04-02
7f93d00f6512fe25e73b5de688cd5677,1,credit_card,2,143.48,2017-04-14,2017-05-08 00:00:00.000000,2026-08-27T05:17:09.287600+00:00,D:/D drive recovery/Shiva JH/Projects/OneLake Medallion/data/landing/2017-04-14/order_payments.parquet,2017-04-14
cfdf81381a8bc683d8905713f2ed6614,1,credit_card,8,80.56,2017-04-26,2017-05-26 00:00:00.000000,2026-08-27T05:17:09.287600+00:00,D:/D drive recovery/Shiva JH/Projects/OneLake Medallion/data/landing/2017-04-26/order_payments.parquet,2017-04-26
75090e5cd5378d0ed281964a43e7bca9,1,boleto,1,55.04,2017-04-26,2017-06-08 00:00:00.000000,2026-08-27T05:17:09.287600+00:00,D:/D drive recovery/Shiva JH/Projects/OneLake Medallion/data/landing/2017-04-26/order_payments.parquet,2017-04-26
3ddfb3c5858191cc1e798ac13e6ef582,1,credit_card,2,109.68,2017-04-26,2017-05-15 00:00:00.000000,2026-08-27T05:17:09.287600+00:00,D:/D drive recovery/Shiva JH/Projects/OneLake Medallion/data/landing/2017-04-26/order_payments.parquet,2017-04-26
1ffb9dc91fdfd3d86671c5dc2a94dab1,1,credit_card,9,198.47,2017-05-08,2017-06-08 00:00:00.000000,2026-08-27T05:17:09.287600+00:00,D:/D drive recovery/Shiva JH/Projects/OneLake Medallion/data/landing/2017-05-08/order_payments.parquet,2017-05-08
c820d5fbb72e2b0a48074c0f7f08a295,1,credit_card,1,400.92,2017-05-08,2017-06-08 00:00:00.000000,2026-08-27T05:17:09.287600+00:00,D:/D drive recovery/Shiva JH/Projects/OneLake Medallion/data/landing/2017-05-08/order_payments.parquet,2017-05-08
3e1d096455531309ff1f946ed0f580cc,1,boleto,1,87.14,2017-05-20,2017-06-13 00:00:00.000000,2026-08-27T05:17:09.287600+00:00,D:/D drive recovery/Shiva JH/Projects/OneLake Medallion/data/landing/2017-05-20/order_payments.parquet,2017-05-20
510c373425eabae593ad4cb8953d60f0,1,boleto,1,106.87,2017-05-20,2017-06-13 00:00:00.000000,2026-08-27T05:17:09.287600+00:00,D:/D drive recovery/Shiva JH/Projects/OneLake Medallion/data/landing/2017-05-20/order_payments.parquet,2017-05-20
8e8f66d7e07a38eded748a76f43cff5f,1,credit_card,3,71.72,2017-05-20,2017-06-09 00:00:00.000000,2026-08-27T05:17:09.287600+00:00,D:/D drive recovery/Shiva JH/Projects/OneLake Medallion/data/landing/2017-05-20/order_payments.parquet,2017-05-20
75769af508ae5e105845b3b4813fa07a,1,credit_card,1,61.8,2017-05-20,2017-06-14 00:00:00.000000,2026-08-27T05:17:09.287600+00:00,D:/D drive recovery/Shiva JH/Projects/OneLake Medallion/data/landing/2017-05-20/order_payments.parquet,2017-05-20
c94aabd5205ddd8647579a7bdebd6992,1,credit_card,10,468.81,2017-05-20,2017-06-14 00:00:00.000000,2026-08-27T05:17:09.287600+00:00,D:/D drive recovery/Shiva JH/Projects/OneLake Medallion/data/landing/2017-05-20/order_payments.parquet,2017-05-20
dbc3ca1d6537663640e36dc83a097a68,1,credit_card,1,67.62,2017-06-01,2017-06-22 00:00:00.000000,2026-08-27T05:17:09.287600+00:00,D:/D drive recovery/Shiva JH/Projects/OneLake Medallion/data/landing/2017-06-01/order_payments.parquet,2017-06-01
8cf161212f0485db7a520d56b5cc724e,1,credit_card,10,102.03,2017-06-01,2017-06-23 00:00:00.000000,2026-08-27T05:17:09.287600+00:00,D:/D drive recovery/Shiva JH/Projects/OneLake Medallion/data/landing/2017-06-01/order_payments.parquet,2017-06-01
0d50b2840102f8cec365fffa6d42a690,1,credit_card,1,41.75,2017-06-01,2017-06-22 00:00:00.000000,2026-08-27T05:17:09.287600+00:00,D:/D drive recovery/Shiva JH/Projects/OneLake Medallion/data/landing/2017-06-01/order_payments.parquet,2017-06-01
236636425340d1fcd5ba19f6b9a38319,1,credit_card,1,316.58,2017-06-01,2017-06-30 00:00:00.000000,2026-08-27T05:17:09.287600+00:00,D:/D drive recovery/Shiva JH/Projects/OneLake Medallion/data/landing/2017-06-01/order_payments.parquet,2017-06-01
77dc1b33326d12cbce03cfda27efafda,1,boleto,1,116.45,2017-06-13,2017-07-06 00:00:00.000000,2026-08-27T05:17:09.287600+00:00,D:/D drive recovery/Shiva JH/Projects/OneLake Medallion/data/landing/2017-06-13/order_payments.parquet,2017-06-13
45f4469896c24f0ab44900f3bc3eac3b,1,credit_card,10,112.4,2017-06-13,2017-07-10 00:00:00.000000,2026-08-27T05:17:09.287600+00:00,D:/D drive recovery/Shiva JH/Projects/OneLake Medallion/data/landing/2017-06-13/order_payments.parquet,2017-06-13
aba142e1b0636b0e443cbe4ce0a93e43,1,credit_card,2,94.69,2017-06-25,2017-07-25 00:00:00.000000,2026-08-27T05:17:09.287600+00:00,D:/D drive recovery/Shiva JH/Projects/OneLake Medallion/data/landing/2017-06-25/order_payments.parquet,2017-06-25
a7b5e82b294d8eac1109824b0194abb9,3,voucher,1,36.81,2017-06-25,2017-07-19 00:00:00.000000,2026-08-27T05:17:09.287600+00:00,D:/D drive recovery/Shiva JH/Projects/OneLake Medallion/data/landing/2017-06-25/order_payments.parquet,2017-06-25
a7b5e82b294d8eac1109824b0194abb9,2,voucher,1,38.0,2017-06-25,2017-07-19 00:00:00.000000,2026-08-27T05:17:09.287600+00:00,D:/D drive recovery/Shiva JH/Projects/OneLake Medallion/data/landing/2017-06-25/order_payments.parquet,2017-06-25
c3ea5c5d0f6da616026d4cee6df674a5,1,credit_card,3,204.84,2017-06-25,2017-07-28 00:00:00.000000,2026-08-27T05:17:09.287600+00:00,D:/D drive recovery/Shiva JH/Projects/OneLake Medallion/data/landing/2017-06-25/order_payments.parquet,2017-06-25
01b6bbf0a9ac5d54dfebb11ddcd8fa8e,1,credit_card,1,64.77,2017-06-25,2017-07-14 00:00:00.000000,2026-08-27T05:17:09.287600+00:00,D:/D drive recovery/Shiva JH/Projects/OneLake Medallion/data/landing/2017-06-25/order_payments.parquet,2017-06-25
c334df2de33b1fe163046d893b2cc28d,1,credit_card,2,51.78,2017-06-25,2017-07-07 00:00:00.000000,2026-08-27T05:17:09.287600+00:00,D:/D drive recovery/Shiva JH/Projects/OneLake Medallion/data/landing/2017-06-25/order_payments.parquet,2017-06-25
a7b5e82b294d8eac1109824b0194abb9,1,voucher,1,105.98,2017-06-25,2017-07-19 00:00:00.000000,2026-08-27T05:17:09.287600+00:00,D:/D drive recovery/Shiva JH/Projects/OneLake Medallion/data/landing/2017-06-25/order_payments.parquet,2017-06-25
e236416fb32f25eb00a7da9097cf36a4,1,credit_card,4,115.05,2017-07-07,2017-08-02 00:00:00.000000,2026-08-27T05:17:09.287600+00:00,D:/D drive recovery/Shiva JH/Projects/OneLake Medallion/data/landing/2017-07-07/order_payments.parquet,2017-07-07
800c2d74bc71b0e27ce365ad43cf16dc,1,credit_card,2,27.09,2017-07-07,2017-07-31 00:00:00.000000,2026-08-27T05:17:09.287600+00:00,D:/D drive recovery/Shiva JH/Projects/OneLake Medallion/data/landing/2017-07-07/order_payments.parquet,2017-07-07
2117b238b6ae0929164d1cf41f3ecb87,1,credit_card,10,202.7,2017-07-07,2017-07-31 00:00:00.000000,2026-08-27T05:17:09.287600+00:00,D:/D drive recovery/Shiva JH/Projects/OneLake Medallion/data/landing/2017-07-07/order_payments.parquet,2017-07-07
33d8795f04dd631f3480d7aaf90da3dc,1,credit_card,5,59.69,2017-07-07,2017-07-27 00:00:00.000000,2026-08-27T05:17:09.287600+00:00,D:/D drive recovery/Shiva JH/Projects/OneLake Medallion/data/landing/2017-07-07/order_payments.parquet,2017-07-07
29d81f9fcfa8f77ad68afa83d9fbf83b,1,credit_card,5,92.97,2017-07-07,2017-08-09 00:00:00.000000,2026-08-27T05:17:09.287600+00:00,D:/D drive recovery/Shiva JH/Projects/OneLake Medallion/data/landing/2017-07-07/order_payments.parquet,2017-07-07
aed5fd4c4ada58504679761465a6486e,1,credit_card,1,57.05,2017-07-07,2017-08-08 00:00:00.000000,2026-08-27T05:17:09.287600+00:00,D:/D drive recovery/Shiva JH/Projects/OneLake Medallion/data/landing/2017-07-07/order_payments.parquet,2017-07-07
99f10393ec3328b3b416a154afd5d714,1,credit_card,5,155.14,2017-07-19,2017-08-17 00:00:00.000000,2026-08-27T05:17:09.287600+00:00,D:/D drive recovery/Shiva JH/Projects/OneLake Medallion/data/landing/2017-07-19/order_payments.parquet,2017-07-19
f392f7aa851a5da079d2a4fb24357b46,1,credit_card,10,127.21,2017-07-19,2017-08-17 00:00:00.000000,2026-08-27T05:17:09.287600+00:00,D:/D drive recovery/Shiva JH/Projects/OneLake Medallion/data/landing/2017-07-19/order_payments.parquet,2017-07-19
799236014ffd7f07bb4ab4172f2f9a56,1,credit_card,1,112.71,2017-07-19,2017-08-08 00:00:00.000000,2026-08-27T05:17:09.287600+00:00,D:/D drive recovery/Shiva JH/Projects/OneLake Medallion/data/landing/2017-07-19/order_payments.parquet,2017-07-19
7263686303ac0eabc2a7fc96d65405cf,1,credit_card,10,188.2,2017-07-19,2017-08-24 00:00:00.000000,2026-08-27T05:17:09.287600+00:00,D:/D drive recovery/Shiva JH/Projects/OneLake Medallion/data/landing/2017-07-19/order_payments.parquet,2017-07-19
93e66102f38a99ee0f9f24af6d0ce1d8,1,credit_card,4,184.77,2017-07-19,2017-08-18 00:00:00.000000,2026-08-27T05:17:09.287600+00:00,D:/D drive recovery/Shiva JH/Projects/OneLake Medallion/data/landing/2017-07-19/order_payments.parquet,2017-07-19
ff71fa43cf5b726cd4a5763c7d819a35,1,boleto,1,81.89,2017-07-19,2017-08-10 00:00:00.000000,2026-08-27T05:17:09.287600+00:00,D:/D drive recovery/Shiva JH/Projects/OneLake Medallion/data/landing/2017-07-19/order_payments.parquet,2017-07-19
71ccac4998b863217b4480c50294b465,1,boleto,1,52.49,2017-07-31,2017-08-18 00:00:00.000000,2026-08-27T05:17:09.287600+00:00,D:/D drive recovery/Shiva JH/Projects/OneLake Medallion/data/landing/2017-07-31/order_payments.parquet,2017-07-31
8d7c561ff34d8fb665da2d7cd9eea5ea,1,credit_card,6,227.27,2017-07-31,2017-08-24 00:00:00.000000,2026-08-27T05:17:09.287600+00:00,D:/D drive recovery/Shiva JH/Projects/OneLake Medallion/data/landing/2017-07-31/order_payments.parquet,2017-07-31
c8fc63e28cfdb28172db4303396499ed,1,credit_card,2,88.48,2017-07-31,2017-08-11 00:00:00.000000,2026-08-27T05:17:09.287600+00:00,D:/D drive recovery/Shiva JH/Projects/OneLake Medallion/data/landing/2017-07-31/order_payments.parquet,2017-07-31
4ed2338dc000b3d9acaf348a1fc6a395,1,credit_card,1,39.98,2017-07-31,2017-08-18 00:00:00.000000,2026-08-27T05:17:09.287600+00:00,D:/D drive recovery/Shiva JH/Projects/OneLake Medallion/data/landing/2017-07-31/order_payments.parquet,2017-07-31
601aeff176a15b40925c874c87b0cc16,1,credit_card,2,68.89,2017-08-12,2017-09-04 00:00:00.000000,2026-08-27T05:17:09.287600+00:00,D:/D drive recovery/Shiva JH/Projects/OneLake Medallion/data/landing/2017-08-12/order_payments.parquet,2017-08-12
680f4f731eeef8098bb1e587bb0c3363,1,credit_card,5,114.33,2017-08-24,2017-09-28 00:00:00.000000,2026-08-27T05:17:09.287600+00:00,D:/D drive recovery/Shiva JH/Projects/OneLake Medallion/data/landing/2017-08-24/order_payments.parquet,2017-08-24
b24b30b2680c0388fd18c9175271a8cb,1,boleto,1,39.77,2017-08-24,2017-09-06 00:00:00.000000,2026-08-27T05:17:09.287600+00:00,D:/D drive recovery/Shiva JH/Projects/OneLake Medallion/data/landing/2017-08-24/order_payments.parquet,2017-08-24
1c9383e11b19c66a7655bf8a31dd0ad3,1,credit_card,4,116.94,2017-08-24,2017-09-18 00:00:00.000000,2026-08-27T05:17:09.287600+00:00,D:/D drive recovery/Shiva JH/Projects/OneLake Medallion/data/landing/2017-08-24/order_payments.parquet,2017-08-24
bd1d2815016a0d22c926101c1c99d140,1,boleto,1,94.99,2017-08-24,2017-09-26 00:00:00.000000,2026-08-27T05:17:09.287600+00:00,D:/D drive recovery/Shiva JH/Projects/OneLake Medallion/data/landing/2017-08-24/order_payments.parquet,2017-08-24
8053c8b6bcfa27de650bb879815c3835,1,boleto,1,60.53,2017-09-05,2017-10-05 00:00:00.000000,2026-08-27T05:17:09.287600+00:00,D:/D drive recovery/Shiva JH/Projects/OneLake Medallion/data/landing/2017-09-05/order_payments.parquet,2017-09-05
457714bcb907cac0b11252276a09f406,1,debit_card,1,36.01,2017-09-05,2017-10-04 00:00:00.000000,2026-08-27T05:17:09.287600+00:00,D:/D drive recovery/Shiva JH/Projects/OneLake Medallion/data/landing/2017-09-05/order_payments.parquet,2017-09-05
2791f136b9474da2f7f56a8366675b0e,1,credit_card,8,662.85,2017-09-17,2017-10-04 00:00:00.000000,2026-08-27T05:17:09.287600+00:00,D:/D drive recovery/Shiva JH/Projects/OneLake Medallion/data/landing/2017-09-17/order_payments.parquet,2017-09-17
99a29a0878f41a8dd8d2e20b2aa621c6,1,credit_card,1,164.81,2017-09-17,2017-10-09 00:00:00.000000,2026-08-27T05:17:09.287600+00:00,D:/D drive recovery/Shiva JH/Projects/OneLake Medallion/data/landing/2017-09-17/order_payments.parquet,2017-09-17
d8b5d1ea87d75046c7b453b1b128fcc3,1,credit_card,8,81.08,2017-09-17,2017-10-04 00:00:00.000000,2026-08-27T05:17:09.287600+00:00,D:/D drive recovery/Shiva JH/Projects/OneLake Medallion/data/landing/2017-09-17/order_payments.parquet,2017-09-17
408bba49e507e2efa9fbb77966ca4697,1,credit_card,6,178.78,2017-09-29,2017-10-31 00:00:00.000000,2026-08-27T05:17:09.287600+00:00,D:/D drive recovery/Shiva JH/Projects/OneLake Medallion/data/landing/2017-09-29/order_payments.parquet,2017-09-29
4b3a605942f29d490cb74bd6ace6b9f0,1,credit_card,1,38.1,2017-09-29,2017-10-17 00:00:00.000000,2026-08-27T05:17:09.287600+00:00,D:/D drive recovery/Shiva JH/Projects/OneLake Medallion/data/landing/2017-09-29/order_payments.parquet,2017-09-29
fc355d449ceaea8f858ef33c4eba83fa,1,boleto,1,69.73,2017-09-29,2017-11-16 12:42:52.000000,2026-08-27T05:17:09.287600+00:00,D:/D drive recovery/Shiva JH/Projects/OneLake Medallion/data/landing/2017-09-29/order_payments.parquet,2017-09-29
ff07e8cf368d59bc41752e3648994b36,1,credit_card,2,134.28,2017-10-11,2017-11-01 00:00:00.000000,2026-08-27T05:17:09.287600+00:00,D:/D drive recovery/Shiva JH/Projects/OneLake Medallion/data/landing/2017-10-11/order_payments.parquet,2017-10-11
05ad33706a0ad42482ba7f17236d4bba,1,credit_card,1,94.3,2017-10-11,2017-11-01 00:00:00.000000,2026-08-27T05:17:09.287600+00:00,D:/D drive recovery/Shiva JH/Projects/OneLake Medallion/data/landing/2017-10-11/order_payments.parquet,2017-10-11
366e36538aace156a4d280994494b604,1,boleto,1,46.78,2017-10-11,2017-11-08 00:00:00.000000,2026-08-27T05:17:09.287600+00:00,D:/D drive recovery/Shiva JH/Projects/OneLake Medallion/data/landing/2017-10-11/order_payments.parquet,2017-10-11
b6bfbeea1b933b34c91ec0b216a50347,1,credit_card,4,308.3,2017-10-11,2017-11-07 00:00:00.000000,2026-08-27T05:17:09.287600+00:00,D:/D drive recovery/Shiva JH/Projects/OneLake Medallion/data/landing/2017-10-11/order_payments.parquet,2017-10-11
8875c81503e02bc22eae5a31637d6db1,1,credit_card,4,188.43,2017-10-11,2017-11-03 00:00:00.000000,2026-08-27T05:17:09.287600+00:00,D:/D drive recovery/Shiva JH/Projects/OneLake Medallion/data/landing/2017-10-11/order_payments.parquet,2017-10-11
980b9aef670d4659912793b2fffdea29,1,credit_card,1,47.38,2017-11-04,2017-11-27 00:00:00.000000,2026-08-27T05:17:09.287600+00:00,D:/D drive recovery/Shiva JH/Projects/OneLake Medallion/data/landing/2017-11-04/order_payments.parquet,2017-11-04
fbee1784fcce86e1c120a0b525750e57,1,credit_card,4,40.79,2017-11-04,2017-11-27 00:00:00.000000,2026-08-27T05:17:09.287600+00:00,D:/D drive recovery/Shiva JH/Projects/OneLake Medallion/data/landing/2017-11-04/order_payments.parquet,2017-11-04
2299befc86b7b31fc23dcba911582355,1,credit_card,1,25.5,2017-11-16,2017-12-05 00:00:00.000000,2026-08-27T05:17:09.287600+00:00,D:/D drive recovery/Shiva JH/Projects/OneLake Medallion/data/landing/2017-11-16/order_payments.parquet,2017-11-16
c28916da587551ac4d1de7970fc929c8,1,credit_card,8,128.5,2017-11-16,2017-12-14 00:00:00.000000,2026-08-27T05:17:09.287600+00:00,D:/D drive recovery/Shiva JH/Projects/OneLake Medallion/data/landing/2017-11-16/order_payments.parquet,2017-11-16
bac5252be9b1269976695ebd118ef43d,1,credit_card,1,15.2,2017-11-16,2018-01-16 21:36:56.000000,2026-08-27T05:17:09.287600+00:00,D:/D drive recovery/Shiva JH/Projects/OneLake Medallion/data/landing/2017-11-16/order_payments.parquet,2017-11-16
bac5252be9b1269976695ebd118ef43d,2,voucher,1,29.48,2017-11-16,2018-01-16 21:36:56.000000,2026-08-27T05:17:09.287600+00:00,D:/D drive recovery/Shiva JH/Projects/OneLake Medallion/data/landing/2017-11-16/order_payments.parquet,2017-11-16
9c27a49a6afffd10bd25a5990a02c1e1,1,boleto,1,52.38,2017-11-28,2017-12-19 00:00:00.000000,2026-08-27T05:17:09.287600+00:00,D:/D drive recovery/Shiva JH/Projects/OneLake Medallion/data/landing/2017-11-28/order_payments.parquet,2017-11-28
42c99d4e378b852657e71d810ef1858c,1,credit_card,1,29.56,2017-11-28,2017-12-22 00:14:21.000000,2026-08-27T05:17:09.287600+00:00,D:/D drive recovery/Shiva JH/Projects/OneLake Medallion/data/landing/2017-11-28/order_payments.parquet,2017-11-28
48ae434efdce6ee8ed43531400f53bb6,1,credit_card,2,102.3,2017-11-28,2017-12-19 00:00:00.000000,2026-08-27T05:17:09.287600+00:00,D:/D drive recovery/Shiva JH/Projects/OneLake Medallion/data/landing/2017-11-28/order_payments.parquet,2017-11-28
f5e3df1b6d4ee5b4e795cbd56705d35b,1,credit_card,3,299.76,2017-11-28,2017-12-22 00:00:00.000000,2026-08-27T05:17:09.287600+00:00,D:/D drive recovery/Shiva JH/Projects/OneLake Medallion/data/landing/2017-11-28/order_payments.parquet,2017-11-28
453b1d86b22e9fdb0d1da9c446dd2828,1,credit_card,1,72.43,2017-11-28,2017-12-19 00:00:00.000000,2026-08-27T05:17:09.287600+00:00,D:/D drive recovery/Shiva JH/Projects/OneLake Medallion/data/landing/2017-11-28/order_payments.parquet,2017-11-28
5536d8682e25ee3f39ed444105996fee,1,credit_card,1,142.26,2017-11-28,2017-12-12 00:00:00.000000,2026-08-27T05:17:09.287600+00:00,D:/D drive recovery/Shiva JH/Projects/OneLake Medallion/data/landing/2017-11-28/order_payments.parquet,2017-11-28
51ee2d580bfba3ac0ba884a8bb098468,1,credit_card,7,148.75,2017-11-28,2017-12-20 18:10:43.000000,2026-08-27T05:17:09.287600+00:00,D:/D drive recovery/Shiva JH/Projects/OneLake Medallion/data/landing/2017-11-28/order_payments.parquet,2017-11-28
32064cd340eabfc585488b852e90efaf,1,credit_card,2,116.24,2017-11-28,2017-12-19 00:00:00.000000,2026-08-27T05:17:09.287600+00:00,D:/D drive recovery/Shiva JH/Projects/OneLake Medallion/data/landing/2017-11-28/order_payments.parquet,2017-11-28
d2e35975e8fe7c281515b3d1175d03bf,1,credit_card,2,238.69,2017-12-10,2018-01-09 00:00:00.000000,2026-08-27T05:17:09.287600+00:00,D:/D drive recovery/Shiva JH/Projects/OneLake Medallion/data/landing/2017-12-10/order_payments.parquet,2017-12-10
d68f3a6decbb8a868a1a87c33c9f50cd,1,credit_card,2,108.16,2017-12-10,2017-12-28 00:00:00.000000,2026-08-27T05:17:09.287600+00:00,D:/D drive recovery/Shiva JH/Projects/OneLake Medallion/data/landing/2017-12-10/order_payments.parquet,2017-12-10
92403e7845bd4b2d3d51719fcdde71ca,1,credit_card,1,79.17,2017-12-10,2017-12-28 00:00:00.000000,2026-08-27T05:17:09.287600+00:00,D:/D drive recovery/Shiva JH/Projects/OneLake Medallion/data/landing/2017-12-10/order_payments.parquet,2017-12-10
35e8b6cc47f7c18667028737368a1d8e,1,credit_card,1,72.43,2017-12-10,2018-01-04 00:00:00.000000,2026-08-27T05:17:09.287600+00:00,D:/D drive recovery/Shiva JH/Projects/OneLake Medallion/data/landing/2017-12-10/order_payments.parquet,2017-12-10
c37588362e2c244b0994c310bcf37393,1,credit_card,1,40.85,2017-12-10,2018-01-04 00:00:00.000000,2026-08-27T05:17:09.287600+00:00,D:/D drive recovery/Shiva JH/Projects/OneLake Medallion/data/landing/2017-12-10/order_payments.parquet,2017-12-10
ec3537b6b3607220dc74b6ca4f505e03,1,credit_card,4,146.47,2017-12-10,2018-01-15 00:00:00.000000,2026-08-27T05:17:09.287600+00:00,D:/D drive recovery/Shiva JH/Projects/OneLake Medallion/data/landing/2017-12-10/order_payments.parquet,2017-12-10
0b13a698a0b7a62e8ec891081558b7aa,1,credit_card,7,72.27,2017-12-22,2018-02-02 00:00:00.000000,2026-08-27T05:17:09.287600+00:00,D:/D drive recovery/Shiva JH/Projects/OneLake Medallion/data/landing/2017-12-22/order_payments.parquet,2017-12-22
2efa8cad37f73bd607920b772a59b715,1,credit_card,10,173.23,2018-01-03,2018-02-01 00:00:00.000000,2026-08-27T05:17:09.287600+00:00,D:/D drive recovery/Shiva JH/Projects/OneLake Medallion/data/landing/2018-01-03/order_payments.parquet,2018-01-03
e68888548de4c863a78ae2de41ec0215,1,credit_card,3,324.44,2018-01-03,2018-02-05 00:00:00.000000,2026-08-27T05:17:09.287600+00:00,D:/D drive recovery/Shiva JH/Projects/OneLake Medallion/data/landing/2018-01-03/order_payments.parquet,2018-01-03
6e4eb025aa5ac0a41d80958001accfaf,1,credit_card,1,39.59,2018-01-03,2018-01-31 00:00:00.000000,2026-08-27T05:17:09.287600+00:00,D:/D drive recovery/Shiva JH/Projects/OneLake Medallion/data/landing/2018-01-03/order_payments.parquet,2018-01-03
82aef313910460a7cef56d256d1c30af,1,credit_card,4,217.96,2018-01-03,2018-02-15 00:00:00.000000,2026-08-27T05:17:09.287600+00:00,D:/D drive recovery/Shiva JH/Projects/OneLake Medallion/data/landing/2018-01-03/order_payments.parquet,2018-01-03
c2036cc87daa31d91f63b204717a9602,1,boleto,1,217.96,2018-01-03,2018-02-07 00:00:00.000000,2026-08-27T05:17:09.287600+00:00,D:/D drive recovery/Shiva JH/Projects/OneLake Medallion/data/landing/2018-01-03/order_payments.parquet,2018-01-03
0521b661c320287be1f5a92a52760c8b,1,credit_card,3,194.48,2018-01-03,2018-02-06 00:00:00.000000,2026-08-27T05:17:09.287600+00:00,D:/D drive recovery/Shiva JH/Projects/OneLake Medallion/data/landing/2018-01-03/order_payments.parquet,2018-01-03
6fd8d29c2aba16768615748086578d34,1,credit_card,2,356.74,2018-01-03,2018-02-06 00:00:00.000000,2026-08-27T05:17:09.287600+00:00,D:/D drive recovery/Shiva JH/Projects/OneLake Medallion/data/landing/2018-01-03/order_payments.parquet,2018-01-03
f62e1cc968992b573558a1406edc8ccc,1,boleto,1,35.0,2018-01-03,2018-01-30 00:00:00.000000,2026-08-27T05:17:09.287600+00:00,D:/D drive recovery/Shiva JH/Projects/OneLake Medallion/data/landing/2018-01-03/order_payments.parquet,2018-01-03
1250f8fc1f64f9c63ea3cd35c0a36a85,1,credit_card,2,158.3,2018-01-15,2018-02-26 00:00:00.000000,2026-08-27T05:17:09.287600+00:00,D:/D drive recovery/Shiva JH/Projects/OneLake Medallion/data/landing/2018-01-15/order_payments.parquet,2018-01-15
0d82956d17aa687909a59706168bfe98,1,voucher,1,85.14,2018-01-15,2018-02-09 00:00:00.000000,2026-08-27T05:17:09.287600+00:00,D:/D drive recovery/Shiva JH/Projects/OneLake Medallion/data/landing/2018-01-15/order_payments.parquet,2018-01-15
cbc28da5a607b870e7129df9121366a2,1,boleto,1,106.38,2018-01-15,2018-02-19 00:00:00.000000,2026-08-27T05:17:09.287600+00:00,D:/D drive recovery/Shiva JH/Projects/OneLake Medallion/data/landing/2018-01-15/order_payments.parquet,2018-01-15
961a477711141b3811b897eb49216db1,1,credit_card,2,102.64,2018-01-15,2018-02-28 19:43:57.000000,2026-08-27T05:17:09.287600+00:00,D:/D drive recovery/Shiva JH/Projects/OneLake Medallion/data/landing/2018-01-15/order_payments.parquet,2018-01-15
8304cd42545c641d13b9165c7028c85a,1,credit_card,4,294.31,2018-01-15,2018-02-14 00:00:00.000000,2026-08-27T05:17:09.287600+00:00,D:/D drive recovery/Shiva JH/Projects/OneLake Medallion/data/landing/2018-01-15/order_payments.parquet,2018-01-15
9c9471a2e1b2cb608b22437f51cbe184,1,credit_card,1,47.68,2018-01-27,2018-02-14 00:00:00.000000,2026-08-27T05:17:09.287600+00:00,D:/D drive recovery/Shiva JH/Projects/OneLake Medallion/data/landing/2018-01-27/order_payments.parquet,2018-01-27
1d309784fd7cb2fc8c74ef03c942426c,1,credit_card,1,21.77,2018-01-27,2018-02-14 00:00:00.000000,2026-08-27T05:17:09.287600+00:00,D:/D drive recovery/Shiva JH/Projects/OneLake Medallion/data/landing/2018-01-27/order_payments.parquet,2018-01-27
2365573dec3c55b420a248893b61d168,1,credit_card,1,20.08,2018-01-27,2018-02-15 00:00:00.000000,2026-08-27T05:17:09.287600+00:00,D:/D drive recovery/Shiva JH/Projects/OneLake Medallion/data/landing/2018-01-27/order_payments.parquet,2018-01-27
b1b6c6679301e883c54342f1610a5360,1,credit_card,10,206.84,2018-01-27,2018-03-12 00:00:00.000000,2026-08-27T05:17:09.287600+00:00,D:/D drive recovery/Shiva JH/Projects/OneLake Medallion/data/landing/2018-01-27/order_payments.parquet,2018-01-27
2b44f8afc9f2df6a6090d45db68f9162,1,credit_card,1,217.06,2018-01-27,2018-03-01 00:00:00.000000,2026-08-27T05:17:09.287600+00:00,D:/D drive recovery/Shiva JH/Projects/OneLake Medallion/data/landing/2018-01-27/order_payments.parquet,2018-01-27
37ce40447807e0d3e58cc474ce549881,1,credit_card,6,117.04,2018-01-27,2018-02-26 00:00:00.000000,2026-08-27T05:17:09.287600+00:00,D:/D drive recovery/Shiva JH/Projects/OneLake Medallion/data/landing/2018-01-27/order_payments.parquet,2018-01-27
a7e30722ecb34ffbeb0fb198ff547677,1,credit_card,3,163.06,2018-02-08,2018-03-02 00:00:00.000000,2026-08-27T05:17:09.287600+00:00,D:/D drive recovery/Shiva JH/Projects/OneLake Medallion/data/landing/2018-02-08/order_payments.parquet,2018-02-08
ae6892262d72790a9568fd4f4ac198f3,1,credit_card,1,67.5,2018-02-08,2018-03-06 00:00:00.000000,2026-08-27T05:17:09.287600+00:00,D:/D drive recovery/Shiva JH/Projects/OneLake Medallion/data/landing/2018-02-08/order_payments.parquet,2018-02-08
a04b614ebff4852b2d63c655c1588654,1,credit_card,5,291.5,2018-02-08,2018-03-22 00:00:00.000000,2026-08-27T05:17:09.287600+00:00,D:/D drive recovery/Shiva JH/Projects/OneLake Medallion/data/landing/2018-02-08/order_payments.parquet,2018-02-08
8a9b30ac80da3860f049247b7464596f,1,credit_card,1,35.41,2018-02-08,2018-02-26 00:00:00.000000,2026-08-27T05:17:09.287600+00:00,D:/D drive recovery/Shiva JH/Projects/OneLake Medallion/data/landing/2018-02-08/order_payments.parquet,2018-02-08
6482a6de4a9253a18abae1bc97af64aa,1,credit_card,1,166.96,2018-02-20,2018-03-16 00:00:00.000000,2026-08-27T05:17:09.287600+00:00,D:/D drive recovery/Shiva JH/Projects/OneLake Medallion/data/landing/2018-02-20/order_payments.parquet,2018-02-20
19ad2d72d688eca2dc11bf19bc9ffcf2,1,credit_card,1,51.69,2018-02-20,2018-03-16 00:00:00.000000,2026-08-27T05:17:09.287600+00:00,D:/D drive recovery/Shiva JH/Projects/OneLake Medallion/data/landing/2018-02-20/order_payments.parquet,2018-02-20
fbf9ac61453ac646ce8ad9783d7d0af6,1,boleto,1,125.43,2018-02-20,2018-03-21 22:03:54.000000,2026-08-27T05:17:09.287600+00:00,D:/D drive recovery/Shiva JH/Projects/OneLake Medallion/data/landing/2018-02-20/order_payments.parquet,2018-02-20
64cfbc6d10f3a5091889f0fab6233167,1,credit_card,1,35.77,2018-02-20,2018-03-06 00:00:00.000000,2026-08-27T05:17:09.287600+00:00,D:/D drive recovery/Shiva JH/Projects/OneLake Medallion/data/landing/2018-02-20/order_payments.parquet,2018-02-20
1218b7b8dcee5607631650cd962f6436,1,credit_card,4,99.09,2018-02-20,2018-03-20 00:00:00.000000,2026-08-27T05:17:09.287600+00:00,D:/D drive recovery/Shiva JH/Projects/OneLake Medallion/data/landing/2018-02-20/order_payments.parquet,2018-02-20
46300fb44bc5e5cc05d54d33cbc243fc,1,boleto,1,173.27,2018-02-20,2018-03-13 00:00:00.000000,2026-08-27T05:17:09.287600+00:00,D:/D drive recovery/Shiva JH/Projects/OneLake Medallion/data/landing/2018-02-20/order_payments.parquet,2018-02-20
ad71054dc5d178fd3d92e89a84f5edcc,1,boleto,1,341.02,2018-03-04,2018-03-22 00:00:00.000000,2026-08-27T05:17:09.287600+00:00,D:/D drive recovery/Shiva JH/Projects/OneLake Medallion/data/landing/2018-03-04/order_payments.parquet,2018-03-04
eedcf6db339a0b2ce303e615dceaee65,1,credit_card,5,233.94,2018-03-04,2018-03-23 00:00:00.000000,2026-08-27T05:17:09.287600+00:00,D:/D drive recovery/Shiva JH/Projects/OneLake Medallion/data/landing/2018-03-04/order_payments.parquet,2018-03-04
e2f80e58aa7bb597859b1b01b6bc366d,1,credit_card,1,47.05,2018-03-04,2018-04-03 00:00:00.000000,2026-08-27T05:17:09.287600+00:00,D:/D drive recovery/Shiva JH/Projects/OneLake Medallion/data/landing/2018-03-04/order_payments.parquet,2018-03-04
7e460703dd3adb450213b20170a237f6,1,credit_card,1,47.25,2018-03-04,2018-03-21 00:00:00.000000,2026-08-27T05:17:09.287600+00:00,D:/D drive recovery/Shiva JH/Projects/OneLake Medallion/data/landing/2018-03-04/order_payments.parquet,2018-03-04
50ed8128c8b7ee1458b9961d8b100a23,1,credit_card,5,51.0,2018-03-04,2018-03-28 00:00:00.000000,2026-08-27T05:17:09.287600+00:00,D:/D drive recovery/Shiva JH/Projects/OneLake Medallion/data/landing/2018-03-04/order_payments.parquet,2018-03-04
c136ccb91ace39bbcdd1012fe2002d8d,1,credit_card,3,37.05,2018-03-16,2018-04-11 00:00:00.000000,2026-08-27T05:17:09.287600+00:00,D:/D drive recovery/Shiva JH/Projects/OneLake Medallion/data/landing/2018-03-16/order_payments.parquet,2018-03-16
84040a45ab0e33cc43b8c196aad15732,1,credit_card,1,44.96,2018-03-16,2018-04-16 00:00:00.000000,2026-08-27T05:17:09.287600+00:00,D:/D drive recovery/Shiva JH/Projects/OneLake Medallion/data/landing/2018-03-16/order_payments.parquet,2018-03-16
09cd0ef00759c25af3a62b31366074bb,1,credit_card,10,109.12,2018-03-16,2018-04-24 15:52:57.000000,2026-08-27T05:17:09.287600+00:00,D:/D drive recovery/Shiva JH/Projects/OneLake Medallion/data/landing/2018-03-16/order_payments.parquet,2018-03-16
fef89b64a9e94a0533f8c0afa152f524,1,credit_card,1,11.71,2018-03-16,2018-04-09 18:16:35.000000,2026-08-27T05:17:09.287600+00:00,D:/D drive recovery/Shiva JH/Projects/OneLake Medallion/data/landing/2018-03-16/order_payments.parquet,2018-03-16
fef89b64a9e94a0533f8c0afa152f524,2,voucher,1,19.58,2018-03-16,2018-04-09 18:16:35.000000,2026-08-27T05:17:09.287600+00:00,D:/D drive recovery/Shiva JH/Projects/OneLake Medallion/data/landing/2018-03-16/order_payments.parquet,2018-03-16
65dcb85abbb41e3ece2afabaacad1d2d,1,credit_card,3,58.85,2018-03-16,2018-04-10 00:00:00.000000,2026-08-27T05:17:09.287600+00:00,D:/D drive recovery/Shiva JH/Projects/OneLake Medallion/data/landing/2018-03-16/order_payments.parquet,2018-03-16
cca5e85092bfd9c1cb6c4d936cd86ecd,1,credit_card,1,99.43,2018-03-16,2018-05-05 12:53:58.000000,2026-08-27T05:17:09.287600+00:00,D:/D drive recovery/Shiva JH/Projects/OneLake Medallion/data/landing/2018-03-16/order_payments.parquet,2018-03-16
e9df66519c360c741bedc488149685e9,1,boleto,1,314.57,2018-03-16,2018-04-10 19:58:48.000000,2026-08-27T05:17:09.287600+00:00,D:/D drive recovery/Shiva JH/Projects/OneLake Medallion/data/landing/2018-03-16/order_payments.parquet,2018-03-16
a4d782cea9ad01e830a3603bc4e7a716,1,credit_card,1,197.8,2018-03-16,2018-04-23 00:00:00.000000,2026-08-27T05:17:09.287600+00:00,D:/D drive recovery/Shiva JH/Projects/OneLake Medallion/data/landing/2018-03-16/order_payments.parquet,2018-03-16
edca1e6e5049a09e73c18ba943979a84,1,boleto,1,365.13,2018-03-28,2018-04-23 00:00:00.000000,2026-08-27T05:17:09.287600+00:00,D:/D drive recovery/Shiva JH/Projects/OneLake Medallion/data/landing/2018-03-28/order_payments.parquet,2018-03-28
3d1a23961fdfd767d8596bd2851bdb5a,1,debit_card,1,153.39,2018-03-28,2018-04-20 00:00:00.000000,2026-08-27T05:17:09.287600+00:00,D:/D drive recovery/Shiva JH/Projects/OneLake Medallion/data/landing/2018-03-28/order_payments.parquet,2018-03-28
0464277e582666bde336336fd5fb9ff8,1,credit_card,10,158.98,2018-04-09,2018-05-07 00:00:00.000000,2026-08-27T05:17:09.287600+00:00,D:/D drive recovery/Shiva JH/Projects/OneLake Medallion/data/landing/2018-04-09/order_payments.parquet,2018-04-09
717903b4b996a7ae799b0c76b779fa0c,1,credit_card,2,43.29,2018-04-09,2018-04-19 00:00:00.000000,2026-08-27T05:17:09.287600+00:00,D:/D drive recovery/Shiva JH/Projects/OneLake Medallion/data/landing/2018-04-09/order_payments.parquet,2018-04-09
d7dd7b5a139c49fb68a6977797599973,1,credit_card,1,377.94,2018-04-09,2018-05-04 00:00:00.000000,2026-08-27T05:17:09.287600+00:00,D:/D drive recovery/Shiva JH/Projects/OneLake Medallion/data/landing/2018-04-09/order_payments.parquet,2018-04-09
341703185940265471b257c17af4790d,1,credit_card,2,148.69,2018-04-09,2018-05-07 00:00:00.000000,2026-08-27T05:17:09.287600+00:00,D:/D drive recovery/Shiva JH/Projects/OneLake Medallion/data/landing/2018-04-09/order_payments.parquet,2018-04-09
4d482023bb4e9eed15c299bf7c88d7a0,1,credit_card,1,67.23,2018-04-21,2018-05-21 00:00:00.000000,2026-08-27T05:17:09.287600+00:00,D:/D drive recovery/Shiva JH/Projects/OneLake Medallion/data/landing/2018-04-21/order_payments.parquet,2018-04-21
29bf861fea8df0d2df2b141d46aea6a5,1,credit_card,9,241.15,2018-04-21,2018-05-11 00:00:00.000000,2026-08-27T05:17:09.287600+00:00,D:/D drive recovery/Shiva JH/Projects/OneLake Medallion/data/landing/2018-04-21/order_payments.parquet,2018-04-21
ca7fc2f0ccaa981c829f79898f513337,1,credit_card,1,71.33,2018-04-21,2018-05-11 00:00:00.000000,2026-08-27T05:17:09.287600+00:00,D:/D drive recovery/Shiva JH/Projects/OneLake Medallion/data/landing/2018-04-21/order_payments.parquet,2018-04-21
adff109236fcf060cf7989c67c4280a5,1,boleto,1,38.13,2018-04-21,2018-06-01 00:00:00.000000,2026-08-27T05:17:09.287600+00:00,D:/D drive recovery/Shiva JH/Projects/OneLake Medallion/data/landing/2018-04-21/order_payments.parquet,2018-04-21
cdf44e8d562b9d32c7efe051c5cb71dd,1,credit_card,1,44.42,2018-04-21,2018-05-15 00:00:00.000000,2026-08-27T05:17:09.287600+00:00,D:/D drive recovery/Shiva JH/Projects/OneLake Medallion/data/landing/2018-04-21/order_payments.parquet,2018-04-21
e9136cf586a5b6aecf6fcd804542772c,1,credit_card,1,48.42,2018-04-21,2018-05-04 00:00:00.000000,2026-08-27T05:17:09.287600+00:00,D:/D drive recovery/Shiva JH/Projects/OneLake Medallion/data/landing/2018-04-21/order_payments.parquet,2018-04-21
8fb11f0652ca9a1fc2a32dd1b792fabf,1,credit_card,1,317.1,2018-05-03,2018-05-25 00:00:00.000000,2026-08-27T05:17:09.287600+00:00,D:/D drive recovery/Shiva JH/Projects/OneLake Medallion/data/landing/2018-05-03/order_payments.parquet,2018-05-03
7e33051b148132bd0c823915b8863e35,1,credit_card,5,179.99,2018-05-03,2018-05-28 00:00:00.000000,2026-08-27T05:17:09.287600+00:00,D:/D drive recovery/Shiva JH/Projects/OneLake Medallion/data/landing/2018-05-03/order_payments.parquet,2018-05-03
76dd6b675eeba81086553a3c272e0423,1,credit_card,4,231.3,2018-05-03,2018-05-29 00:00:00.000000,2026-08-27T05:17:09.287600+00:00,D:/D drive recovery/Shiva JH/Projects/OneLake Medallion/data/landing/2018-05-03/order_payments.parquet,2018-05-03
c745c678c9834e0c537732afa099248a,1,credit_card,9,295.83,2018-05-03,2018-05-22 00:00:00.000000,2026-08-27T05:17:09.287600+00:00,D:/D drive recovery/Shiva JH/Projects/OneLake Medallion/data/landing/2018-05-03/order_payments.parquet,2018-05-03
6f4c22d6819340866bb330c97cb45c81,1,credit_card,1,98.43,2018-05-03,2018-06-12 00:00:00.000000,2026-08-27T05:17:09.287600+00:00,D:/D drive recovery/Shiva JH/Projects/OneLake Medallion/data/landing/2018-05-03/order_payments.parquet,2018-05-03
efd36975d7d35f5e51dc4e13aabc0f2d,1,boleto,1,1107.96,2018-05-03,2018-06-01 00:00:00.000000,2026-08-27T05:17:09.287600+00:00,D:/D drive recovery/Shiva JH/Projects/OneLake Medallion/data/landing/2018-05-03/order_payments.parquet,2018-05-03
332dbacb7e4b30fa11983953ea356627,1,credit_card,1,51.61,2018-05-03,2018-05-21 00:00:00.000000,2026-08-27T05:17:09.287600+00:00,D:/D drive recovery/Shiva JH/Projects/OneLake Medallion/data/landing/2018-05-03/order_payments.parquet,2018-05-03
db6b63568221b91ede8c733e175bcb0f,1,credit_card,4,206.34,2018-05-03,2018-05-22 00:00:00.000000,2026-08-27T05:17:09.287600+00:00,D:/D drive recovery/Shiva JH/Projects/OneLake Medallion/data/landing/2018-05-03/order_payments.parquet,2018-05-03
2d8b7efa1e3e13012f43533582104eae,1,credit_card,3,68.35,2018-05-03,2018-05-21 00:00:00.000000,2026-08-27T05:17:09.287600+00:00,D:/D drive recovery/Shiva JH/Projects/OneLake Medallion/data/landing/2018-05-03/order_payments.parquet,2018-05-03
516b0fe870022210bab4e170fbf10ec1,2,voucher,1,17.84,2018-05-15,2018-06-08 00:00:00.000000,2026-08-27T05:17:09.287600+00:00,D:/D drive recovery/Shiva JH/Projects/OneLake Medallion/data/landing/2018-05-15/order_payments.parquet,2018-05-15
5d111a2da7b316aa34aadd1fb06b483a,1,credit_card,5,175.98,2018-05-15,2018-06-11 16:11:56.000000,2026-08-27T05:17:09.287600+00:00,D:/D drive recovery/Shiva JH/Projects/OneLake Medallion/data/landing/2018-05-15/order_payments.parquet,2018-05-15
516b0fe870022210bab4e170fbf10ec1,1,voucher,1,20.0,2018-05-15,2018-06-08 00:00:00.000000,2026-08-27T05:17:09.287600+00:00,D:/D drive recovery/Shiva JH/Projects/OneLake Medallion/data/landing/2018-05-15/order_payments.parquet,2018-05-15
4b9cf74b2132266bf6d3342a77342433,1,credit_card,3,72.35,2018-05-15,2018-05-25 00:00:00.000000,2026-08-27T05:17:09.287600+00:00,D:/D drive recovery/Shiva JH/Projects/OneLake Medallion/data/landing/2018-05-15/order_payments.parquet,2018-05-15
c4606ff4ac2ce55892c33ab655ee5562,1,credit_card,2,28.24,2018-05-15,2018-05-29 00:00:00.000000,2026-08-27T05:17:09.287600+00:00,D:/D drive recovery/Shiva JH/Projects/OneLake Medallion/data/landing/2018-05-15/order_payments.parquet,2018-05-15
835dcecf534791041554b984434d72a0,1,credit_card,10,110.26,2018-05-15,2018-05-29 00:00:00.000000,2026-08-27T05:17:09.287600+00:00,D:/D drive recovery/Shiva JH/Projects/OneLake Medallion/data/landing/2018-05-15/order_payments.parquet,2018-05-15
1b5616e7176516b92c005cf30da4dd69,1,credit_card,2,61.93,2018-06-08,2018-07-13 00:00:00.000000,2026-08-27T05:17:09.287600+00:00,D:/D drive recovery/Shiva JH/Projects/OneLake Medallion/data/landing/2018-06-08/order_payments.parquet,2018-06-08
67237faa0d1a15c51811b4888270a4c2,1,credit_card,2,118.57,2018-06-08,2018-07-03 00:00:00.000000,2026-08-27T05:17:09.287600+00:00,D:/D drive recovery/Shiva JH/Projects/OneLake Medallion/data/landing/2018-06-08/order_payments.parquet,2018-06-08
46756e8b057947b9f69b5a70f084817f,1,boleto,1,106.34,2018-06-08,2018-07-11 00:00:00.000000,2026-08-27T05:17:09.287600+00:00,D:/D drive recovery/Shiva JH/Projects/OneLake Medallion/data/landing/2018-06-08/order_payments.parquet,2018-06-08
1c05a65d4250595c0369fe2e5771f5a1,1,credit_card,3,69.32,2018-06-08,2018-07-17 00:00:00.000000,2026-08-27T05:17:09.287600+00:00,D:/D drive recovery/Shiva JH/Projects/OneLake Medallion/data/landing/2018-06-08/order_payments.parquet,2018-06-08
7d9bcfa3311de116da3d91d20236b5c5,1,credit_card,4,138.62,2018-06-08,2018-07-11 00:00:00.000000,2026-08-27T05:17:09.287600+00:00,D:/D drive recovery/Shiva JH/Projects/OneLake Medallion/data/landing/2018-06-08/order_payments.parquet,2018-06-08
719beedd6c2193b3e1e1ea1d2706eaf1,1,credit_card,1,88.2,2018-06-20,2018-07-05 00:00:00.000000,2026-08-27T05:17:09.287600+00:00,D:/D drive recovery/Shiva JH/Projects/OneLake Medallion/data/landing/2018-06-20/order_payments.parquet,2018-06-20
34b426d7bae7fa280beff9a3cda190da,1,credit_card,1,31.11,2018-06-20,2018-07-26 00:00:00.000000,2026-08-27T05:17:09.287600+00:00,D:/D drive recovery/Shiva JH/Projects/OneLake Medallion/data/landing/2018-06-20/order_payments.parquet,2018-06-20
51122623ee1ccdaadbb6fcd95f077d8a,1,credit_card,5,190.33,2018-06-20,2018-08-02 00:00:00.000000,2026-08-27T05:17:09.287600+00:00,D:/D drive recovery/Shiva JH/Projects/OneLake Medallion/data/landing/2018-06-20/order_payments.parquet,2018-06-20
977f92d98cab7bb13fedbec436375f8d,1,credit_card,1,48.21,2018-06-20,2018-07-23 00:00:00.000000,2026-08-27T05:17:09.287600+00:00,D:/D drive recovery/Shiva JH/Projects/OneLake Medallion/data/landing/2018-06-20/order_payments.parquet,2018-06-20
ae24b4bd36760cf8c026d52448d408f1,1,credit_card,5,154.23,2018-06-20,2018-07-20 00:00:00.000000,2026-08-27T05:17:09.287600+00:00,D:/D drive recovery/Shiva JH/Projects/OneLake Medallion/data/landing/2018-06-20/order_payments.parquet,2018-06-20
