review_id,order_id,review_score,review_comment_title,review_comment_message,review_creation_date,review_answer_timestamp,order_date,updated_at,_ingested_at,_source_file,_batch_id
81c5669fa311c2c445ae5edd0508bdae,a6ecc5068e6e585b2dca3e496ba4b277,5,,,2018-07-25 00:00:00,2018-07-26 10:29:04,2018-07-13,2018-07-26 10:29:04.000000,2026-08-27T05:20:36.199400+00:00,D:/D drive recovery/Shiva JH/Projects/OneLake Medallion/data/landing/2018-07-13/order_reviews.parquet,2018-07-13
a2115fc4324c598dd5f443e143ed28a5,e15c6296371161f7eabd6ce8335b5b51,5,,,2018-07-27 00:00:00,2018-07-30 21:56:18,2018-07-13,2018-07-30 21:56:18.000000,2026-08-27T05:20:36.199400+00:00,D:/D drive recovery/Shiva JH/Projects/OneLake Medallion/data/landing/2018-07-13/order_reviews.parquet,2018-07-13
a95e8735e96653b72e94260dee841afd,de6ecf700b95b7b8f6d4dbea03fd56dc,5,,,2018-07-27 00:00:00,2018-08-03 01:09:22,2018-07-19,2018-08-03 01:09:22.000000,2026-08-27T05:21:26.143436+00:00,D:/D drive recovery/Shiva JH/Projects/OneLake Medallion/data/landing/2018-07-19/order_reviews.parquet,2018-07-19
7548eb73f33de2608a1985e65302320f,a415ad4db7ac7a8d3f67fa7aeb0d569e,5,recomendo,,2018-07-24 00:00:00,2018-07-25 12:56:46,2018-07-19,2018-07-25 12:56:46.000000,2026-08-27T05:21:26.143436+00:00,D:/D drive recovery/Shiva JH/Projects/OneLake Medallion/data/landing/2018-07-19/order_reviews.parquet,2018-07-19
73169d4d6221ff5683934657b95884ff,87850ccd83d669cf004ea32dd917d6c4,5,,,2018-07-31 00:00:00,2018-07-31 19:05:08,2018-07-19,2018-07-31 19:05:08.000000,2026-08-27T05:21:26.143436+00:00,D:/D drive recovery/Shiva JH/Projects/OneLake Medallion/data/landing/2018-07-19/order_reviews.parquet,2018-07-19
2d55d27ca66d810201a1f4e5b26a5da8,8a16ff3cd34e92ae56b0bdcb66dc56e3,5,,,2018-07-21 00:00:00,2018-07-24 09:06:41,2018-07-18,2018-07-24 09:06:41.000000,2026-08-27T05:21:18.103171+00:00,D:/D drive recovery/Shiva JH/Projects/OneLake Medallion/data/landing/2018-07-18/order_reviews.parquet,2018-07-18
8de2541607b532c525fbeac7ef3e0e2f,af8f5e473ef8dd20e4357b3bddf1accd,4,,,2018-07-26 00:00:00,2018-07-27 11:03:48,2018-07-18,2018-07-27 11:03:48.000000,2026-08-27T05:21:18.103171+00:00,D:/D drive recovery/Shiva JH/Projects/OneLake Medallion/data/landing/2018-07-18/order_reviews.parquet,2018-07-18
4e238abca8ef1c4b80163dc048c47db6,39f59663a51684e7a63cb122f615af62,4,,,2018-07-27 00:00:00,2018-07-30 07:54:21,2018-07-18,2018-07-30 07:54:21.000000,2026-08-27T05:21:18.103171+00:00,D:/D drive recovery/Shiva JH/Projects/OneLake Medallion/data/landing/2018-07-18/order_reviews.parquet,2018-07-18
5f15ee468edfd04e2ca5ecd29b67ad40,162f8986e2cc7a5fca25fd4be685b98d,5,,,2018-08-02 00:00:00,2018-08-08 16:02:41,2018-07-18,2018-08-08 16:02:41.000000,2026-08-27T05:21:18.103171+00:00,D:/D drive recovery/Shiva JH/Projects/OneLake Medallion/data/landing/2018-07-18/order_reviews.parquet,2018-07-18
876170a550c72ee4d0b7e955d1165926,192280704cc4c1f82086c55f0622f09b,4,,,2018-07-31 00:00:00,2018-08-01 14:00:09,2018-07-18,2018-08-01 14:00:09.000000,2026-08-27T05:21:18.103171+00:00,D:/D drive recovery/Shiva JH/Projects/OneLake Medallion/data/landing/2018-07-18/order_reviews.parquet,2018-07-18
21cfcdc86f6794bc713bb43618a91971,818bd343c0073f9624ca1801fd39f4db,5,,,2018-07-21 00:00:00,2018-07-23 21:21:22,2018-07-18,2018-07-23 21:21:22.000000,2026-08-27T05:21:18.103171+00:00,D:/D drive recovery/Shiva JH/Projects/OneLake Medallion/data/landing/2018-07-18/order_reviews.parquet,2018-07-18
5116147859c4aaf846b457db0244c4cf,701a22b8c16c09a0c9514c41dfbf28de,5,Muito boa.,,2018-08-07 00:00:00,2018-08-10 01:38:49,2018-07-18,2018-08-10 01:38:49.000000,2026-08-27T05:21:18.103171+00:00,D:/D drive recovery/Shiva JH/Projects/OneLake Medallion/data/landing/2018-07-18/order_reviews.parquet,2018-07-18
e2a8dc5c702bc7c006e91ee921d39abb,4870f8be587a9e5643156fb4f22d02e2,5,,,2018-08-01 00:00:00,2018-08-02 01:07:22,2018-07-18,2018-08-02 01:07:22.000000,2026-08-27T05:21:18.103171+00:00,D:/D drive recovery/Shiva JH/Projects/OneLake Medallion/data/landing/2018-07-18/order_reviews.parquet,2018-07-18
17ec6ea7fb425f051d8c34855cbe7541,1a4514c5462bbdb806d15e6b241c7a70,5,,,2018-07-25 00:00:00,2018-07-25 20:36:50,2018-07-18,2018-07-25 20:36:50.000000,2026-08-27T05:21:18.103171+00:00,D:/D drive recovery/Shiva JH/Projects/OneLake Medallion/data/landing/2018-07-18/order_reviews.parquet,2018-07-18
26253c502429b573941a028ba6191aa9,8cb4c3b93d004ba346c01cbbc9cf5c73,5,RECOMENDADO,Recebi bem antes do prazo,2018-07-28 00:00:00,2018-07-30 11:34:04,2018-07-18,2018-07-30 11:34:04.000000,2026-08-27T05:21:18.103171+00:00,D:/D drive recovery/Shiva JH/Projects/OneLake Medallion/data/landing/2018-07-18/order_reviews.parquet,2018-07-18
92c0c385494c0b05e01d0272ef7724f3,93c781a8790c89bac596f6ff7d924c73,4,RAPIDO E FACIL,MUITO BOM,2018-07-11 00:00:00,2018-07-12 11:26:07,2018-07-03,2018-07-12 11:26:07.000000,2026-08-27T05:19:08.521759+00:00,D:/D drive recovery/Shiva JH/Projects/OneLake Medallion/data/landing/2018-07-03/order_reviews.parquet,2018-07-03
33a409a330f4a74b79696a4d5f3c6e1e,ceb435f46d86d2fb2890334c4862315a,4,Avaliando,consumindo apenas a 4 dias.. ainda é cedo p ver resultados,2018-07-13 00:00:00,2018-07-15 14:15:49,2018-07-03,2018-07-15 14:15:49.000000,2026-08-27T05:19:08.521759+00:00,D:/D drive recovery/Shiva JH/Projects/OneLake Medallion/data/landing/2018-07-03/order_reviews.parquet,2018-07-03
3fe1686db81a09a78d2c0867ed2f94c6,edc438144eedf58c321995efd0225e19,3,,,2018-07-26 00:00:00,2018-07-29 12:58:28,2018-07-12,2018-07-29 12:58:28.000000,2026-08-27T05:20:27.664843+00:00,D:/D drive recovery/Shiva JH/Projects/OneLake Medallion/data/landing/2018-07-12/order_reviews.parquet,2018-07-12
8cdc7e71240af601025767b05079f468,ad6137b47c7f7c1c621f4de13c3d5bc9,5,Muito satisfeita,"Estou gostando de comprar com a lojas lannister, além de responsabilidade o produto vem antes do prazo e em perfeito estado. Obrigada. ",2018-07-21 00:00:00,2018-07-23 23:06:45,2018-07-12,2018-07-23 23:06:45.000000,2026-08-27T05:20:27.664843+00:00,D:/D drive recovery/Shiva JH/Projects/OneLake Medallion/data/landing/2018-07-12/order_reviews.parquet,2018-07-12
d7e5e399f6a99a7705377c9f0e355477,ed3b269b4badaf0126050c9d4f7b854c,5,ótima.,muito prático e pontual.,2018-07-24 00:00:00,2018-07-25 01:01:41,2018-07-12,2018-07-25 01:01:41.000000,2026-08-27T05:20:27.664843+00:00,D:/D drive recovery/Shiva JH/Projects/OneLake Medallion/data/landing/2018-07-12/order_reviews.parquet,2018-07-12
5c8016728064913b32a051588b9eae28,2b2354a7ca69d0b7f006aeab04524c12,5,,,2018-07-24 00:00:00,2018-07-24 23:05:31,2018-07-08,2018-07-24 23:05:31.000000,2026-08-27T05:19:49.478351+00:00,D:/D drive recovery/Shiva JH/Projects/OneLake Medallion/data/landing/2018-07-08/order_reviews.parquet,2018-07-08
36791a7ac0424d319d0eea7476af2426,99d63f07f1159c807e4175e692a8a815,5,,,2018-07-24 00:00:00,2018-07-24 23:42:36,2018-07-08,2018-07-24 23:42:36.000000,2026-08-27T05:19:49.478351+00:00,D:/D drive recovery/Shiva JH/Projects/OneLake Medallion/data/landing/2018-07-08/order_reviews.parquet,2018-07-08
8b4c14417bccab81710772ecb8b23fd6,62a575a2a9f2c005b7ec7ff7dd76d5ee,1,,produto deu defeito na 1 vez de uso.,2018-08-03 00:00:00,2018-08-04 19:32:39,2018-07-23,2018-08-04 19:32:39.000000,2026-08-27T05:22:03.203712+00:00,D:/D drive recovery/Shiva JH/Projects/OneLake Medallion/data/landing/2018-07-23/order_reviews.parquet,2018-07-23
b7c91daaff3a57561cb88809055b3963,f69cf3b291cebc67406533d345c21e01,1,,Sem comentários,2018-08-25 00:00:00,2018-08-26 23:53:32,2018-07-23,2018-08-26 23:53:32.000000,2026-08-27T05:22:03.203712+00:00,D:/D drive recovery/Shiva JH/Projects/OneLake Medallion/data/landing/2018-07-23/order_reviews.parquet,2018-07-23
9141f5b8d7904bfd5f4cfaa871339030,72729c533aa3957ddd96bcbc9237a49b,4,,,2018-08-03 00:00:00,2018-08-04 13:52:15,2018-07-23,2018-08-04 13:52:15.000000,2026-08-27T05:22:03.203712+00:00,D:/D drive recovery/Shiva JH/Projects/OneLake Medallion/data/landing/2018-07-23/order_reviews.parquet,2018-07-23
e57f346bb31aca9d3e316c7414f25b9e,f717c8f177b0e2927fb48196bc6b6383,5,,,2018-08-01 00:00:00,2018-08-04 16:56:26,2018-07-23,2018-08-04 16:56:26.000000,2026-08-27T05:22:03.203712+00:00,D:/D drive recovery/Shiva JH/Projects/OneLake Medallion/data/landing/2018-07-23/order_reviews.parquet,2018-07-23
f5e03f8e99a226f3073a19c4467dec04,19a3924da2b67dee34bf1f76a7689459,4,,,2018-08-02 00:00:00,2018-08-06 11:14:48,2018-07-23,2018-08-06 11:14:48.000000,2026-08-27T05:22:03.203712+00:00,D:/D drive recovery/Shiva JH/Projects/OneLake Medallion/data/landing/2018-07-23/order_reviews.parquet,2018-07-23
a6ca112e75e34854769e9bec4b21eeca,e9583867c3868714af8937a417c1adc5,5,,,2018-08-01 00:00:00,2018-08-02 01:13:37,2018-07-23,2018-08-02 01:13:37.000000,2026-08-27T05:22:03.203712+00:00,D:/D drive recovery/Shiva JH/Projects/OneLake Medallion/data/landing/2018-07-23/order_reviews.parquet,2018-07-23
dd6580bfa5875da8453a2a00c8bd8d06,47d248c19f5affa1ef2a5b91c8006ddf,4,Bom serviço ,,2018-08-01 00:00:00,2018-08-03 14:38:30,2018-07-23,2018-08-03 14:38:30.000000,2026-08-27T05:22:03.203712+00:00,D:/D drive recovery/Shiva JH/Projects/OneLake Medallion/data/landing/2018-07-23/order_reviews.parquet,2018-07-23
e1088218cfccda8e69880a954fa051e5,b6e50b69ddbd5210737d0c881056771d,5,,,2018-08-02 00:00:00,2018-08-02 11:32:39,2018-07-23,2018-08-02 11:32:39.000000,2026-08-27T05:22:03.203712+00:00,D:/D drive recovery/Shiva JH/Projects/OneLake Medallion/data/landing/2018-07-23/order_reviews.parquet,2018-07-23
96b66724c3a8e913588e7ecbe96f72f2,04749a8c0b72cda9ebbd79d27a0d1e40,5,,,2018-08-08 00:00:00,2018-08-10 17:18:23,2018-07-23,2018-08-10 17:18:23.000000,2026-08-27T05:22:03.203712+00:00,D:/D drive recovery/Shiva JH/Projects/OneLake Medallion/data/landing/2018-07-23/order_reviews.parquet,2018-07-23
4a715f741b2b22fb6adadbfdc01a40d5,6f21ad30200f041d3f19995a8718cd11,5,,,2018-07-26 00:00:00,2018-07-27 01:23:14,2018-07-23,2018-07-27 01:23:14.000000,2026-08-27T05:22:03.203712+00:00,D:/D drive recovery/Shiva JH/Projects/OneLake Medallion/data/landing/2018-07-23/order_reviews.parquet,2018-07-23
d795e67dd5391596ebc2934494fef2a4,30d7af26cb5f8577b5c6a0164dc814c5,1,,,2018-08-09 00:00:00,2018-08-09 15:46:58,2018-07-26,2018-08-09 15:46:58.000000,2026-08-27T05:22:35.058837+00:00,D:/D drive recovery/Shiva JH/Projects/OneLake Medallion/data/landing/2018-07-26/order_reviews.parquet,2018-07-26
9f5c68ee162eaa86a4626e76e87cff46,e42b66326781591510efdca88022604d,5,,,2018-07-29 00:00:00,2018-07-30 10:32:11,2018-07-26,2018-07-30 10:32:11.000000,2026-08-27T05:22:35.058837+00:00,D:/D drive recovery/Shiva JH/Projects/OneLake Medallion/data/landing/2018-07-26/order_reviews.parquet,2018-07-26
9db047a03054f014c2b584fa04382ed7,a49146f414b54879adb68c422428a68e,4,Bom produto,"produto de boa qualidade;somente dois fatores contra.1 o suporte para a base do bolo fica solto,corre o risco do bolo cair.2 alguns cortes de encaixe são finos demais,quase quebrei ao montar.",2018-08-08 00:00:00,2018-08-09 00:50:08,2018-07-26,2018-08-09 00:50:08.000000,2026-08-27T05:22:35.058837+00:00,D:/D drive recovery/Shiva JH/Projects/OneLake Medallion/data/landing/2018-07-26/order_reviews.parquet,2018-07-26
5fbf8f5c3bad74a8532810142a110dce,c5625e0deb904fd1ae3c6c4a3a4a55d5,5,show de bolissimo,pó comprar,2018-08-01 00:00:00,2018-08-03 21:34:12,2018-07-26,2018-08-03 21:34:12.000000,2026-08-27T05:22:35.058837+00:00,D:/D drive recovery/Shiva JH/Projects/OneLake Medallion/data/landing/2018-07-26/order_reviews.parquet,2018-07-26
bf469ff9760b3869c3b4a089e7610113,e9f0f8f24251a03416e4e76735969db1,5,,,2018-07-31 00:00:00,2018-08-02 22:51:59,2018-07-26,2018-08-02 22:51:59.000000,2026-08-27T05:22:35.058837+00:00,D:/D drive recovery/Shiva JH/Projects/OneLake Medallion/data/landing/2018-07-26/order_reviews.parquet,2018-07-26
3852d2ffcb4fe6b743c05d5be7e02f60,7c372cacf9e2626dd13cc5277d73c6e3,5,,,2018-08-04 00:00:00,2018-08-04 17:08:01,2018-07-26,2018-08-04 17:08:01.000000,2026-08-27T05:22:35.058837+00:00,D:/D drive recovery/Shiva JH/Projects/OneLake Medallion/data/landing/2018-07-26/order_reviews.parquet,2018-07-26
352625bd46fa2c89589537ff4de43121,34fa7b125777f2296cee0450560eeeac,5,tudo perfeito,,2018-08-02 00:00:00,2018-08-03 18:10:35,2018-07-26,2018-08-03 18:10:35.000000,2026-08-27T05:22:35.058837+00:00,D:/D drive recovery/Shiva JH/Projects/OneLake Medallion/data/landing/2018-07-26/order_reviews.parquet,2018-07-26
b28e95549063e8006adf8c2078132b2d,936791179c34e3075442addfba1a3089,5,Produto chegou,Produto chegou sem problemas,2018-07-29 00:00:00,2018-07-31 19:56:33,2018-07-26,2018-07-31 19:56:33.000000,2026-08-27T05:22:35.058837+00:00,D:/D drive recovery/Shiva JH/Projects/OneLake Medallion/data/landing/2018-07-26/order_reviews.parquet,2018-07-26
930d918a6835e8f6ff922be59a70a240,c5a136c7cf492a759889d92627006f25,5,,,2018-08-01 00:00:00,2018-08-01 23:18:15,2018-07-26,2018-08-01 23:18:15.000000,2026-08-27T05:22:35.058837+00:00,D:/D drive recovery/Shiva JH/Projects/OneLake Medallion/data/landing/2018-07-26/order_reviews.parquet,2018-07-26
3d06580c8e3a792770b9c89b639ed304,60a7df16f9a8d8f38bd974b8a873167d,4,,,2018-07-31 00:00:00,2018-08-01 01:15:45,2018-07-26,2018-08-01 01:15:45.000000,2026-08-27T05:22:35.058837+00:00,D:/D drive recovery/Shiva JH/Projects/OneLake Medallion/data/landing/2018-07-26/order_reviews.parquet,2018-07-26
7a30087d160bc3d008ed28957171606e,dbd0a0b89b3fe516f8534b0f5de08534,5,,,2018-07-21 00:00:00,2018-07-23 23:56:13,2018-07-09,2018-07-23 23:56:13.000000,2026-08-27T05:19:59.700293+00:00,D:/D drive recovery/Shiva JH/Projects/OneLake Medallion/data/landing/2018-07-09/order_reviews.parquet,2018-07-09
fc51f8dd7c6c50aa188c6d5acd27b810,42ec328ff647d401412f3531462b0b96,3,Chegou tudo certo mas...,Poderia chegar mais rápido como os outros produtos adquiridos pela lannister. ,2018-07-31 00:00:00,2018-08-01 00:32:58,2018-07-09,2018-08-01 00:32:58.000000,2026-08-27T05:19:59.700293+00:00,D:/D drive recovery/Shiva JH/Projects/OneLake Medallion/data/landing/2018-07-09/order_reviews.parquet,2018-07-09
e9c735606761cacb7236acd390336db4,fa4e67c2fc9315f348f252ab6490b03c,4,Muito bom,"Muito bom, comprei no site e chegou tudo certinho, obrigada.",2018-07-27 00:00:00,2018-07-27 20:03:41,2018-07-16,2018-07-27 20:03:41.000000,2026-08-27T05:21:01.834505+00:00,D:/D drive recovery/Shiva JH/Projects/OneLake Medallion/data/landing/2018-07-16/order_reviews.parquet,2018-07-16
67da38c15f8d822971a309ee17e52e34,138f041df3644d9ad82f50c67b7bb304,5,,,2018-07-27 00:00:00,2018-07-29 22:04:54,2018-07-16,2018-07-29 22:04:54.000000,2026-08-27T05:21:01.834505+00:00,D:/D drive recovery/Shiva JH/Projects/OneLake Medallion/data/landing/2018-07-16/order_reviews.parquet,2018-07-16
c1166a213b70fe47692a82a3ba88b5d3,afc68d1f35e9dfe8220c9b9e27647065,5,,,2018-07-27 00:00:00,2018-07-30 11:55:47,2018-07-16,2018-07-30 11:55:47.000000,2026-08-27T05:21:01.834505+00:00,D:/D drive recovery/Shiva JH/Projects/OneLake Medallion/data/landing/2018-07-16/order_reviews.parquet,2018-07-16
fea2bd5e36cfeeab50950735863acd8f,21acd87ab0e70951d2aa3b0cd6445c69,5,,,2018-07-25 00:00:00,2018-07-25 22:39:30,2018-07-16,2018-07-25 22:39:30.000000,2026-08-27T05:21:01.834505+00:00,D:/D drive recovery/Shiva JH/Projects/OneLake Medallion/data/landing/2018-07-16/order_reviews.parquet,2018-07-16
3c6c35cf43cded35891fe92f83bf6a33,6ac314f1970b39cf3b7760803caf3c23,5,,muito bom,2018-07-24 00:00:00,2018-07-27 01:06:32,2018-07-16,2018-07-27 01:06:32.000000,2026-08-27T05:21:01.834505+00:00,D:/D drive recovery/Shiva JH/Projects/OneLake Medallion/data/landing/2018-07-16/order_reviews.parquet,2018-07-16
7954529bbd9fc91c56fd2d9e041d9a9a,1f7ca128c2e0034d8ebe8a38824c0db1,5,,,2018-07-27 00:00:00,2018-07-27 14:26:08,2018-07-16,2018-07-27 14:26:08.000000,2026-08-27T05:21:01.834505+00:00,D:/D drive recovery/Shiva JH/Projects/OneLake Medallion/data/landing/2018-07-16/order_reviews.parquet,2018-07-16
5065761b18c7c5b73ec934b68cdd9efe,ac89e7344d2cb5597d862e338301ef8d,2,Raquetes não muito boas,As raquetes vieram soltando a borracha da Madeira. Tive que colar com uma cola instantânea. Produto nota 3. ,2018-07-26 00:00:00,2018-07-29 05:04:59,2018-07-16,2018-07-29 05:04:59.000000,2026-08-27T05:21:01.834505+00:00,D:/D drive recovery/Shiva JH/Projects/OneLake Medallion/data/landing/2018-07-16/order_reviews.parquet,2018-07-16
7eb72e6da37271bd2a023ccb44fddfae,7c6a24cab7128145feb51412987798c6,5,super recomendo,,2018-07-24 00:00:00,2018-07-25 11:11:58,2018-07-16,2018-07-25 11:11:58.000000,2026-08-27T05:21:01.834505+00:00,D:/D drive recovery/Shiva JH/Projects/OneLake Medallion/data/landing/2018-07-16/order_reviews.parquet,2018-07-16
b85738751d74763cc9e9fa9dcffccff9,47e7c69b3f435b43a16da911cf937369,3,,,2018-07-24 00:00:00,2018-08-02 13:14:44,2018-07-16,2018-08-02 13:14:44.000000,2026-08-27T05:21:01.834505+00:00,D:/D drive recovery/Shiva JH/Projects/OneLake Medallion/data/landing/2018-07-16/order_reviews.parquet,2018-07-16
f93a6332128cacfebb46d09e7357a498,44d266dec578366b923e9b3a636c8311,5,,,2018-07-22 00:00:00,2018-07-24 17:33:18,2018-07-16,2018-07-24 17:33:18.000000,2026-08-27T05:21:01.834505+00:00,D:/D drive recovery/Shiva JH/Projects/OneLake Medallion/data/landing/2018-07-16/order_reviews.parquet,2018-07-16
4f29f8cf81c5c0339f009e16f2ddc17d,82f4c933483d577ca9f00f49b1203155,1,produto não entregue,"meu produto não foi entregue, querem que eu retire no correio que é do outro lado da cidade, eu paguei para entregar na minha casa.",2018-08-03 00:00:00,2018-08-03 16:18:56,2018-07-16,2018-08-03 16:18:56.000000,2026-08-27T05:21:01.834505+00:00,D:/D drive recovery/Shiva JH/Projects/OneLake Medallion/data/landing/2018-07-16/order_reviews.parquet,2018-07-16
b86811c81dfd3332dfc308b9f10e6b28,fafc6736ffc73023e2685c30aa3822c2,5,,,2018-07-22 00:00:00,2018-07-24 21:24:40,2018-07-15,2018-07-24 21:24:40.000000,2026-08-27T05:20:53.815879+00:00,D:/D drive recovery/Shiva JH/Projects/OneLake Medallion/data/landing/2018-07-15/order_reviews.parquet,2018-07-15
ae5eea2abe1f60b66c4bfa492e7f8830,f1f053637dd55791fa3a8ae1df1f3605,5,Excelente.,,2018-07-28 00:00:00,2018-07-28 19:24:59,2018-07-15,2018-07-28 19:24:59.000000,2026-08-27T05:20:53.815879+00:00,D:/D drive recovery/Shiva JH/Projects/OneLake Medallion/data/landing/2018-07-15/order_reviews.parquet,2018-07-15
16ba3e220a3ebb4daee6c4b310eb4f98,7448f861b4547fc4407e432c043ee4a0,5,,,2018-07-24 00:00:00,2018-07-25 15:59:08,2018-07-15,2018-07-25 15:59:08.000000,2026-08-27T05:20:53.815879+00:00,D:/D drive recovery/Shiva JH/Projects/OneLake Medallion/data/landing/2018-07-15/order_reviews.parquet,2018-07-15
f9056df5097377c6e002bfedaaf3c50a,ceae0f133957c3337b7f630eb8bf80d9,5,Muito bom,Muito bom!,2018-07-21 00:00:00,2018-07-23 18:49:27,2018-07-15,2018-07-23 18:49:27.000000,2026-08-27T05:20:53.815879+00:00,D:/D drive recovery/Shiva JH/Projects/OneLake Medallion/data/landing/2018-07-15/order_reviews.parquet,2018-07-15
3ac0c6143f2953365f42ad92adbdce7a,f9ea6cc9d3f50070aba77ffd39ef6d13,5,,,2018-07-24 00:00:00,2018-07-29 18:18:14,2018-07-15,2018-07-29 18:18:14.000000,2026-08-27T05:20:53.815879+00:00,D:/D drive recovery/Shiva JH/Projects/OneLake Medallion/data/landing/2018-07-15/order_reviews.parquet,2018-07-15
051df6d3dc4fc66d7f3bdf1c7711c728,ad33ed1fc2b45e7f714e3cec25e31334,5,Ótimos ,Até aqui tenho comprado e tenho sido nemm atendida nada a reclamar,2018-07-27 00:00:00,2018-07-29 19:11:40,2018-07-21,2018-07-29 19:11:40.000000,2026-08-27T05:21:42.709336+00:00,D:/D drive recovery/Shiva JH/Projects/OneLake Medallion/data/landing/2018-07-21/order_reviews.parquet,2018-07-21
d8dd604e2b3829c12bca3a62dc18add9,0c1e49ce507979f2fb222498663ce653,5,,,2018-08-01 00:00:00,2018-08-01 23:10:30,2018-07-21,2018-08-01 23:10:30.000000,2026-08-27T05:21:42.709336+00:00,D:/D drive recovery/Shiva JH/Projects/OneLake Medallion/data/landing/2018-07-21/order_reviews.parquet,2018-07-21
d97fae7a25252c164a9ddcddbc3fad9f,425dece5c02ae29542005b6c0a9c3b63,5,,,2018-07-21 00:00:00,2018-07-23 21:38:34,2018-07-14,2018-07-23 21:38:34.000000,2026-08-27T05:20:45.236672+00:00,D:/D drive recovery/Shiva JH/Projects/OneLake Medallion/data/landing/2018-07-14/order_reviews.parquet,2018-07-14
c5716f4e76753ed8b6f57ba9ab2feb79,c4416b46a61a027f858fdc3746644312,5,,Produto muito bonito entrega super rápida ,2018-07-26 00:00:00,2018-07-27 00:53:17,2018-07-14,2018-07-27 00:53:17.000000,2026-08-27T05:20:45.236672+00:00,D:/D drive recovery/Shiva JH/Projects/OneLake Medallion/data/landing/2018-07-14/order_reviews.parquet,2018-07-14
a5435496dca5dae6a26acc55814478ab,61c77cbdc7ac0a0ded411b067c32baf8,5,,Ótimo!,2018-07-25 00:00:00,2018-07-26 00:41:19,2018-07-14,2018-07-26 00:41:19.000000,2026-08-27T05:20:45.236672+00:00,D:/D drive recovery/Shiva JH/Projects/OneLake Medallion/data/landing/2018-07-14/order_reviews.parquet,2018-07-14
aafef478c2279d2296fff2ab948e9c55,c5e30f4818a17e20a66b7277cd2eda07,5,,,2018-07-24 00:00:00,2018-07-24 21:18:05,2018-07-14,2018-07-24 21:18:05.000000,2026-08-27T05:20:45.236672+00:00,D:/D drive recovery/Shiva JH/Projects/OneLake Medallion/data/landing/2018-07-14/order_reviews.parquet,2018-07-14
7ee0b28d45ccec1de14578bece79af0d,628111ec0fcace16f3112336b1138aef,1,Falta de compromisso,"Solicito o estorno do pagamento no cartão de crédito,pela falta de entrega do produto.",2018-08-04 00:00:00,2018-08-04 12:12:17,2018-07-14,2018-08-04 12:12:17.000000,2026-08-27T05:20:45.236672+00:00,D:/D drive recovery/Shiva JH/Projects/OneLake Medallion/data/landing/2018-07-14/order_reviews.parquet,2018-07-14
395190484a1e9ddac7919f8fc3ab0771,7a8f4f62037bb98afd289fc2ee3da497,5,,,2018-07-24 00:00:00,2018-07-25 02:04:00,2018-07-14,2018-07-25 02:04:00.000000,2026-08-27T05:20:45.236672+00:00,D:/D drive recovery/Shiva JH/Projects/OneLake Medallion/data/landing/2018-07-14/order_reviews.parquet,2018-07-14
b3fe587e4444a33a3c695868e059efe5,13fe5b8b3ad46c558f0c53939589776b,1,Ruim,O relógio mau teve contato com a água e já parou ,2018-08-02 00:00:00,2018-08-25 23:23:32,2018-07-14,2018-08-25 23:23:32.000000,2026-08-27T05:20:45.236672+00:00,D:/D drive recovery/Shiva JH/Projects/OneLake Medallion/data/landing/2018-07-14/order_reviews.parquet,2018-07-14
14a0374bfc1f16229bab18eefd74dc41,6042c0c3800159373b3343dd442c86bd,4,,,2018-07-26 00:00:00,2018-08-06 03:08:06,2018-07-14,2018-08-06 03:08:06.000000,2026-08-27T05:20:45.236672+00:00,D:/D drive recovery/Shiva JH/Projects/OneLake Medallion/data/landing/2018-07-14/order_reviews.parquet,2018-07-14
d02f2a3a93a12aa1d09d2a8017bebbb8,ac1b68b95d77ee9e9c3829ed43f2ccbb,4,,,2018-07-13 00:00:00,2018-07-15 03:44:46,2018-07-06,2018-07-15 03:44:46.000000,2026-08-27T05:19:33.228042+00:00,D:/D drive recovery/Shiva JH/Projects/OneLake Medallion/data/landing/2018-07-06/order_reviews.parquet,2018-07-06
34da1fbee2cbe2c497124ae4df0a2139,35c7d117e60b7447a3ee63f69addcd2c,5,super recomendo,,2018-07-28 00:00:00,2018-08-07 02:55:56,2018-07-06,2018-08-07 02:55:56.000000,2026-08-27T05:19:33.228042+00:00,D:/D drive recovery/Shiva JH/Projects/OneLake Medallion/data/landing/2018-07-06/order_reviews.parquet,2018-07-06
c91d4ae7473872e0696bcb22a5a92df0,0039500db36d50d7d0bfaf23723550f3,5,Ótima qualidade,"Produto de ótima qualidade, sabor ótimo. Entregue antes do prazo",2018-07-22 00:00:00,2018-07-24 17:58:29,2018-07-06,2018-07-24 17:58:29.000000,2026-08-27T05:19:33.228042+00:00,D:/D drive recovery/Shiva JH/Projects/OneLake Medallion/data/landing/2018-07-06/order_reviews.parquet,2018-07-06
8420267eb05d52cd715b8bcc10ac7bd3,929ccb6e3021ed4afe8860fe50791967,1,Produto errado ,O produto veio diferente do que eu pedi paguei frete é tive de ir aos Correios em uma agência muito distante de casa ,2018-07-11 00:00:00,2018-07-12 21:26:17,2018-07-04,2018-07-12 21:26:17.000000,2026-08-27T05:19:16.572190+00:00,D:/D drive recovery/Shiva JH/Projects/OneLake Medallion/data/landing/2018-07-04/order_reviews.parquet,2018-07-04
b1eeb16a661d22a761743bf373e811d4,d4a72eff3bfdb6ff7667bef4119283e9,5,Produto muito bom,"Produto de ótima qualidade, conforme anunciado.",2018-07-12 00:00:00,2018-07-14 23:07:36,2018-07-04,2018-07-14 23:07:36.000000,2026-08-27T05:19:16.572190+00:00,D:/D drive recovery/Shiva JH/Projects/OneLake Medallion/data/landing/2018-07-04/order_reviews.parquet,2018-07-04
bc2da986c8242d9ea04b84ed246c9835,f85a3babb8f57542a4493f9c45523501,5,,,2018-07-12 00:00:00,2018-07-12 22:44:47,2018-07-04,2018-07-12 22:44:47.000000,2026-08-27T05:19:16.572190+00:00,D:/D drive recovery/Shiva JH/Projects/OneLake Medallion/data/landing/2018-07-04/order_reviews.parquet,2018-07-04
df161398577f47fc29d4bbc9b68fc0d9,7a0f0934c14eafa4b5afc9a590b9386f,5,,,2018-07-11 00:00:00,2018-07-14 20:47:26,2018-07-04,2018-07-14 20:47:26.000000,2026-08-27T05:19:16.572190+00:00,D:/D drive recovery/Shiva JH/Projects/OneLake Medallion/data/landing/2018-07-04/order_reviews.parquet,2018-07-04
ebff1d9377e676433b02e8ffc667d5b4,a99d889887e1de4ac286fc3847455a97,3,,,2018-07-07 00:00:00,2018-07-19 22:14:59,2018-07-04,2018-07-19 22:14:59.000000,2026-08-27T05:19:16.572190+00:00,D:/D drive recovery/Shiva JH/Projects/OneLake Medallion/data/landing/2018-07-04/order_reviews.parquet,2018-07-04
7f05ffaf413a01b93e9cbe3e527a91ab,004345d16a1ab2c21962992c721c8643,5,Bom.,"Recebi tudo certinho, recomendo.",2018-07-12 00:00:00,2018-07-12 20:59:46,2018-07-04,2018-07-12 20:59:46.000000,2026-08-27T05:19:16.572190+00:00,D:/D drive recovery/Shiva JH/Projects/OneLake Medallion/data/landing/2018-07-04/order_reviews.parquet,2018-07-04
ad791eb98392b3cb1ca42d1e576bf59c,244e8c98d54a7a388245e6b5b85d37ee,5,Ótima!,,2018-07-07 00:00:00,2018-07-07 21:55:06,2018-07-04,2018-07-07 21:55:06.000000,2026-08-27T05:19:16.572190+00:00,D:/D drive recovery/Shiva JH/Projects/OneLake Medallion/data/landing/2018-07-04/order_reviews.parquet,2018-07-04
3b916475bf862b01e3b1eda31bea8ea4,7cedc87ca678cbe2ce928829cee6bf3e,5,,,2018-07-14 00:00:00,2018-07-14 21:25:54,2018-07-04,2018-07-14 21:25:54.000000,2026-08-27T05:19:16.572190+00:00,D:/D drive recovery/Shiva JH/Projects/OneLake Medallion/data/landing/2018-07-04/order_reviews.parquet,2018-07-04
1556453c34fb7134d6f1d472ee4bac55,f0d367f04ecab8c00411ee7320a5ca77,5,Tudo nos conformes!,Entrega efetuada no prazo. Muito satisfeito com produto.,2018-07-07 00:00:00,2018-07-07 23:32:01,2018-07-02,2018-07-07 23:32:01.000000,2026-08-27T05:18:59.817328+00:00,D:/D drive recovery/Shiva JH/Projects/OneLake Medallion/data/landing/2018-07-02/order_reviews.parquet,2018-07-02
60da0a256e4173c2959e24b7f890b56d,44fdca9e41cfd8248c3ac1e369447eff,5,,,2018-07-07 00:00:00,2018-07-09 16:44:46,2018-07-02,2018-07-09 16:44:46.000000,2026-08-27T05:18:59.817328+00:00,D:/D drive recovery/Shiva JH/Projects/OneLake Medallion/data/landing/2018-07-02/order_reviews.parquet,2018-07-02
a2563ee91f5e24b7d57796efcf6c0fc2,17a020262f659ee7b1103f36824ee2f6,5,SUPER RECOMENDO,,2018-07-10 00:00:00,2018-07-12 21:23:30,2018-07-02,2018-07-12 21:23:30.000000,2026-08-27T05:18:59.817328+00:00,D:/D drive recovery/Shiva JH/Projects/OneLake Medallion/data/landing/2018-07-02/order_reviews.parquet,2018-07-02
d525500c2f8448ff1479c3d93919031b,dd162c4f0d3abff78621372170e9c19a,5,,,2018-07-07 00:00:00,2018-07-18 10:52:57,2018-07-02,2018-07-18 10:52:57.000000,2026-08-27T05:18:59.817328+00:00,D:/D drive recovery/Shiva JH/Projects/OneLake Medallion/data/landing/2018-07-02/order_reviews.parquet,2018-07-02
21500f482bf16fbc28b9ebf2b439f99a,de45fff90798d4416b9ba1b7aa4ccd7b,4,,,2018-07-27 00:00:00,2018-07-27 14:08:35,2018-07-02,2018-07-27 14:08:35.000000,2026-08-27T05:18:59.817328+00:00,D:/D drive recovery/Shiva JH/Projects/OneLake Medallion/data/landing/2018-07-02/order_reviews.parquet,2018-07-02
169dfba83e9ee29c8c999cf56ef6a8c7,20e966193a16a101f6a264df9dd92968,5,,,2018-07-12 00:00:00,2018-07-12 22:14:27,2018-07-02,2018-07-12 22:14:27.000000,2026-08-27T05:18:59.817328+00:00,D:/D drive recovery/Shiva JH/Projects/OneLake Medallion/data/landing/2018-07-02/order_reviews.parquet,2018-07-02
765c8d93ab6b6cd35e88bb759eedf2a4,97445d49acef660b9217b07d0fc1ce3a,5,,,2018-08-08 00:00:00,2018-08-22 21:35:34,2018-07-30,2018-08-22 21:35:34.000000,2026-08-27T05:23:14.286155+00:00,D:/D drive recovery/Shiva JH/Projects/OneLake Medallion/data/landing/2018-07-30/order_reviews.parquet,2018-07-30
957e7a039f4cf7199467aef6b350056a,85897c1837af1ba410fee4573c3f16de,4,ótima,"Nota mil no prazo de entrega, porém nota 01 na qualidade das tintas.",2018-08-07 00:00:00,2018-08-07 22:21:58,2018-07-30,2018-08-07 22:21:58.000000,2026-08-27T05:23:14.286155+00:00,D:/D drive recovery/Shiva JH/Projects/OneLake Medallion/data/landing/2018-07-30/order_reviews.parquet,2018-07-30
ddbea3d8a189abb55b409d1edec41638,e48c42a05954c6542e0631596bfb6fe2,1,Não recebi o produdo ,Data prevista de entrega era dia 10/08 é ainda não recebi.,2018-08-12 00:00:00,2018-08-13 22:06:36,2018-07-30,2018-08-13 22:06:36.000000,2026-08-27T05:23:14.286155+00:00,D:/D drive recovery/Shiva JH/Projects/OneLake Medallion/data/landing/2018-07-30/order_reviews.parquet,2018-07-30
3560d357a9d3929c8169904cb567c27a,09a5c8d751662bfb96c5a3307619cb36,3,Produto não entregue,"Somente 1 dos produtos foi entregue (a corda)
Não recebi o palmar.

",2018-08-04 00:00:00,2018-08-06 17:41:15,2018-07-30,2018-08-06 17:41:15.000000,2026-08-27T05:23:14.286155+00:00,D:/D drive recovery/Shiva JH/Projects/OneLake Medallion/data/landing/2018-07-30/order_reviews.parquet,2018-07-30
856f989f8fa7922bd5247471928d42c7,b5244709b8ea124be6761680b9966925,4,,,2018-08-03 00:00:00,2018-08-05 20:51:27,2018-07-27,2018-08-05 20:51:27.000000,2026-08-27T05:22:44.160162+00:00,D:/D drive recovery/Shiva JH/Projects/OneLake Medallion/data/landing/2018-07-27/order_reviews.parquet,2018-07-27
1819fd78b61c246eaaecc0f4cbd64391,84869ba3df14629b57ca40c491a842e6,1,,,2018-08-15 00:00:00,2018-08-17 11:17:27,2018-07-27,2018-08-17 11:17:27.000000,2026-08-27T05:22:44.160162+00:00,D:/D drive recovery/Shiva JH/Projects/OneLake Medallion/data/landing/2018-07-27/order_reviews.parquet,2018-07-27
533823ab9e5c4e16d8e003cb8cb1aa39,4e9cb71601575577f2208d3aedf933cc,5,🌟🌟🌟🌟🌟 super recomend,"Produto perfeito , b",2018-07-27 00:00:00,2018-07-29 15:43:39,2018-07-10,2018-07-29 15:43:39.000000,2026-08-27T05:20:10.324599+00:00,D:/D drive recovery/Shiva JH/Projects/OneLake Medallion/data/landing/2018-07-10/order_reviews.parquet,2018-07-10
8b2374da24b217889848698b87017cfb,9d9fcb45ee8881b84ca11e65a913941a,5,,,2018-07-17 00:00:00,2018-07-18 10:10:20,2018-07-10,2018-07-18 10:10:20.000000,2026-08-27T05:20:10.324599+00:00,D:/D drive recovery/Shiva JH/Projects/OneLake Medallion/data/landing/2018-07-10/order_reviews.parquet,2018-07-10
9c0bfb057999b8e701873093a78659e1,cedea2bde15dac9808c6cd430cbf03f4,4,,,2018-07-24 00:00:00,2018-07-28 14:36:54,2018-07-10,2018-07-28 14:36:54.000000,2026-08-27T05:20:10.324599+00:00,D:/D drive recovery/Shiva JH/Projects/OneLake Medallion/data/landing/2018-07-10/order_reviews.parquet,2018-07-10
79b900cd7917668e3ad36a1b49f401d6,4a1c879db7056f078a037fdf72b6d0fc,3,,,2018-08-01 00:00:00,2018-08-01 12:46:33,2018-07-10,2018-08-01 12:46:33.000000,2026-08-27T05:20:10.324599+00:00,D:/D drive recovery/Shiva JH/Projects/OneLake Medallion/data/landing/2018-07-10/order_reviews.parquet,2018-07-10
8fd49482b5ae86fc85023cd573383dc1,6c170781e28b9d780b0338e8d3cbedb7,5,,,2018-07-26 00:00:00,2018-07-26 21:35:20,2018-07-07,2018-07-26 21:35:20.000000,2026-08-27T05:19:41.373610+00:00,D:/D drive recovery/Shiva JH/Projects/OneLake Medallion/data/landing/2018-07-07/order_reviews.parquet,2018-07-07
7f713c4b627e2bde51eeede5a85dcd90,c5c6895d5f18ff51c8fb2af8121d1c9c,5,,,2018-07-12 00:00:00,2018-07-13 11:57:47,2018-07-07,2018-07-13 11:57:47.000000,2026-08-27T05:19:41.373610+00:00,D:/D drive recovery/Shiva JH/Projects/OneLake Medallion/data/landing/2018-07-07/order_reviews.parquet,2018-07-07
975a97c4f064191f97e43a36bcc44157,2af1664ed08d6f1bc9b2c0e743cafded,5,,,2018-07-28 00:00:00,2018-07-29 12:06:45,2018-07-24,2018-07-29 12:06:45.000000,2026-08-27T05:22:12.203093+00:00,D:/D drive recovery/Shiva JH/Projects/OneLake Medallion/data/landing/2018-07-24/order_reviews.parquet,2018-07-24
53b47420c3ebe1e66854700693a34547,e299d0b6b42a62df652195edf2b551da,5,,,2018-08-01 00:00:00,2018-08-03 21:20:37,2018-07-24,2018-08-03 21:20:37.000000,2026-08-27T05:22:12.203093+00:00,D:/D drive recovery/Shiva JH/Projects/OneLake Medallion/data/landing/2018-07-24/order_reviews.parquet,2018-07-24
5c2a98615a8208ed9fc34b854d6f1816,13188f2e3cfdae1480d1552e58d19d7d,5,Bom produto,"Entrega rápido, gostei da qualidade da torneira.",2018-07-27 00:00:00,2018-07-30 02:15:44,2018-07-24,2018-07-30 02:15:44.000000,2026-08-27T05:22:12.203093+00:00,D:/D drive recovery/Shiva JH/Projects/OneLake Medallion/data/landing/2018-07-24/order_reviews.parquet,2018-07-24
261f715fde88e9b0956356b3bb88654f,275b46c1b462043f24768a0b168bc654,5,,,2018-07-31 00:00:00,2018-08-02 15:19:26,2018-07-24,2018-08-02 15:19:26.000000,2026-08-27T05:22:12.203093+00:00,D:/D drive recovery/Shiva JH/Projects/OneLake Medallion/data/landing/2018-07-24/order_reviews.parquet,2018-07-24
f0fe5c1f30996a7fd54ebbed7d0c62bb,a6288025a106ed8a4db8010e42d44577,4,,,2018-08-17 00:00:00,2018-08-18 02:52:59,2018-07-28,2018-08-18 02:52:59.000000,2026-08-27T05:22:53.299498+00:00,D:/D drive recovery/Shiva JH/Projects/OneLake Medallion/data/landing/2018-07-28/order_reviews.parquet,2018-07-28
e3d411e1f2b944ca50d8769f1b78f26c,b7fa03eeccba341d5ab0dc86bfb1b08c,1,Ainda não recebi o produt,,2018-08-05 00:00:00,2018-08-05 03:52:44,2018-07-28,2018-08-05 03:52:44.000000,2026-08-27T05:22:53.299498+00:00,D:/D drive recovery/Shiva JH/Projects/OneLake Medallion/data/landing/2018-07-28/order_reviews.parquet,2018-07-28
dfc29eccdfe063872958524a3a4ef8e5,ebd7da4bdaffcf5891595b0f78707bba,4,,"Achei que o veda porta era de corino, como o outro que comprei, mas este é de tecido, não gostei",2018-08-09 00:00:00,2018-08-12 16:08:44,2018-07-28,2018-08-12 16:08:44.000000,2026-08-27T05:22:53.299498+00:00,D:/D drive recovery/Shiva JH/Projects/OneLake Medallion/data/landing/2018-07-28/order_reviews.parquet,2018-07-28
927842bbcb8eacfbc8ee378ec2dad131,98546163385352e1876cead1613db3d1,4,,ótima loja eu recomendo ,2018-08-04 00:00:00,2018-08-04 22:04:52,2018-07-28,2018-08-04 22:04:52.000000,2026-08-27T05:22:53.299498+00:00,D:/D drive recovery/Shiva JH/Projects/OneLake Medallion/data/landing/2018-07-28/order_reviews.parquet,2018-07-28
9d25a54a1a44411d1adf1a5fa4557445,96cf7ecd8c676d61be261ffdda90b008,5,Ótimo atendimento ,Loja confiável ,2018-07-21 00:00:00,2018-07-23 20:39:23,2018-07-17,2018-07-23 20:39:23.000000,2026-08-27T05:21:10.303320+00:00,D:/D drive recovery/Shiva JH/Projects/OneLake Medallion/data/landing/2018-07-17/order_reviews.parquet,2018-07-17
f2f7e56eac707f11cd0a86e0725d386a,2dc5825eb69b865a9c9b8fbfa69c340d,5,,,2018-07-27 00:00:00,2018-07-27 20:05:48,2018-07-17,2018-07-27 20:05:48.000000,2026-08-27T05:21:10.303320+00:00,D:/D drive recovery/Shiva JH/Projects/OneLake Medallion/data/landing/2018-07-17/order_reviews.parquet,2018-07-17
8f0679feb25aedbee435e934f82d7e01,4faebdf74e934f7b66d8da301d77d774,4,Bom,Vou usar o produto pra ver se é o que promete ! Se não for vou denunciar !,2018-07-31 00:00:00,2018-07-31 20:55:54,2018-07-17,2018-07-31 20:55:54.000000,2026-08-27T05:21:10.303320+00:00,D:/D drive recovery/Shiva JH/Projects/OneLake Medallion/data/landing/2018-07-17/order_reviews.parquet,2018-07-17
2e14426c976518e1372a5abd5e088e86,274f33c3b4d5612a37e3a223a2d9bc5a,5,,,2018-07-25 00:00:00,2018-07-26 14:07:51,2018-07-17,2018-07-26 14:07:51.000000,2026-08-27T05:21:10.303320+00:00,D:/D drive recovery/Shiva JH/Projects/OneLake Medallion/data/landing/2018-07-17/order_reviews.parquet,2018-07-17
fc3c48fcac6822ac8080f47bb90ba322,5b514a1a40e8cd51a1f35c2df28da032,5,Super recomendado,"Gostei de comprar com voces, obrigado pelo bom atendimento.",2018-08-05 00:00:00,2018-08-05 21:28:14,2018-07-17,2018-08-05 21:28:14.000000,2026-08-27T05:21:10.303320+00:00,D:/D drive recovery/Shiva JH/Projects/OneLake Medallion/data/landing/2018-07-17/order_reviews.parquet,2018-07-17
d46eb02773dc771b8ce8b44b9a25dcb0,2d9196aaddb5713a576a0f4acdf102a0,5,,,2018-07-28 00:00:00,2018-07-29 20:53:24,2018-07-25,2018-07-29 20:53:24.000000,2026-08-27T05:22:25.619517+00:00,D:/D drive recovery/Shiva JH/Projects/OneLake Medallion/data/landing/2018-07-25/order_reviews.parquet,2018-07-25
31b8c2f5d2aef6dc4dd8d033056cc3bb,1fb291320c9a5276869ee9f50fe885e2,5,,,2018-08-02 00:00:00,2018-08-05 18:59:49,2018-07-25,2018-08-05 18:59:49.000000,2026-08-27T05:22:25.619517+00:00,D:/D drive recovery/Shiva JH/Projects/OneLake Medallion/data/landing/2018-07-25/order_reviews.parquet,2018-07-25
99d1c31bb250abaee9dc78f4b124ae6d,5a6566ca1aa7d313e6a34e0443e32ba1,5,,,2018-08-09 00:00:00,2018-08-09 19:41:31,2018-07-25,2018-08-09 19:41:31.000000,2026-08-27T05:22:25.619517+00:00,D:/D drive recovery/Shiva JH/Projects/OneLake Medallion/data/landing/2018-07-25/order_reviews.parquet,2018-07-25
693cfa97a95a247807e165f3f84fe548,2d7259ea0267605a75c5d2a55c1470bd,5,,,2018-07-31 00:00:00,2018-08-03 02:03:35,2018-07-25,2018-08-03 02:03:35.000000,2026-08-27T05:22:25.619517+00:00,D:/D drive recovery/Shiva JH/Projects/OneLake Medallion/data/landing/2018-07-25/order_reviews.parquet,2018-07-25
15edbbae2baf972322806123be792e9f,8eca0ff73474c8c18f8daa7603c1cff7,5,Excelente ,É uma logística dinâmica que cumpre com suas responsabilidades ,2018-08-01 00:00:00,2018-08-01 18:33:47,2018-07-25,2018-08-01 18:33:47.000000,2026-08-27T05:22:25.619517+00:00,D:/D drive recovery/Shiva JH/Projects/OneLake Medallion/data/landing/2018-07-25/order_reviews.parquet,2018-07-25
7d0f7752f613fb85fdad8c35a6934e53,07bcb0695fd4e3121e2fae21fbef3d28,5,recomendado,entregue antes do prazo! ,2018-08-04 00:00:00,2018-08-05 01:10:25,2018-07-25,2018-08-05 01:10:25.000000,2026-08-27T05:22:25.619517+00:00,D:/D drive recovery/Shiva JH/Projects/OneLake Medallion/data/landing/2018-07-25/order_reviews.parquet,2018-07-25
af3ca49ac3f2f46ef6b31425bc2c0968,03798f08af4c622b81b2c8f46c8bfba9,5,,Ótimo ,2018-08-02 00:00:00,2018-08-05 00:48:21,2018-07-25,2018-08-05 00:48:21.000000,2026-08-27T05:22:25.619517+00:00,D:/D drive recovery/Shiva JH/Projects/OneLake Medallion/data/landing/2018-07-25/order_reviews.parquet,2018-07-25
cb66dc22b96109950d53c7066ec228f3,88df6b44c27501b5e7af076d193440dd,4,,"Ótimo produto,só pensei que era mais grosso mas gostei muito",2018-08-03 00:00:00,2018-08-03 21:42:31,2018-07-25,2018-08-03 21:42:31.000000,2026-08-27T05:22:25.619517+00:00,D:/D drive recovery/Shiva JH/Projects/OneLake Medallion/data/landing/2018-07-25/order_reviews.parquet,2018-07-25
e34be04aa616fa96044271b98fd97486,525e92612e912b7ee6e24ae17bb4a79f,4,super recomendavel,gostei muito sempre vou comprar nesta loja,2018-08-03 00:00:00,2018-08-08 23:23:09,2018-07-25,2018-08-08 23:23:09.000000,2026-08-27T05:22:25.619517+00:00,D:/D drive recovery/Shiva JH/Projects/OneLake Medallion/data/landing/2018-07-25/order_reviews.parquet,2018-07-25
300e38d0e60064589ab69142cc38883a,0ec4af8420f96af137f9b52194956497,4,Head Set Xbox one,"produto chego antes do prazo de entrega, mas notei que a caixa estava bem danificada, não vou poder reotilizar a caixa para guarda o produto isso é uma pena porque a embalagem é bem bonita",2018-08-03 00:00:00,2018-08-10 13:23:29,2018-07-25,2018-08-10 13:23:29.000000,2026-08-27T05:22:25.619517+00:00,D:/D drive recovery/Shiva JH/Projects/OneLake Medallion/data/landing/2018-07-25/order_reviews.parquet,2018-07-25
cfc5346f666dbc99063b63227a461c5c,9419274d2366b746f60fce753c5a3618,5,,,2018-08-01 00:00:00,2018-08-03 19:28:29,2018-07-22,2018-08-03 19:28:29.000000,2026-08-27T05:21:50.737679+00:00,D:/D drive recovery/Shiva JH/Projects/OneLake Medallion/data/landing/2018-07-22/order_reviews.parquet,2018-07-22
cfebfb2e92d1d14dfb7652969da0f2f5,05a5446738fb49ff21e44d318df1189d,5,,,2018-07-31 00:00:00,2018-08-03 03:11:11,2018-07-22,2018-08-03 03:11:11.000000,2026-08-27T05:21:50.737679+00:00,D:/D drive recovery/Shiva JH/Projects/OneLake Medallion/data/landing/2018-07-22/order_reviews.parquet,2018-07-22
b5e488b41bd71db5161308b095e40293,d9d8dc6068a3a115e15bc276d53afc8e,4,,,2018-08-03 00:00:00,2018-08-06 02:11:17,2018-07-22,2018-08-06 02:11:17.000000,2026-08-27T05:21:50.737679+00:00,D:/D drive recovery/Shiva JH/Projects/OneLake Medallion/data/landing/2018-07-22/order_reviews.parquet,2018-07-22
b338d71362b0befeea1fea45df5b0c55,37c647851a4d30342bc4dd9ec8c95861,1,Não recebi retorno,"Estou aguardando uma luminária que não chegou, só veio uma na caixa que recebi, só veio uma luminária dentro.
Não obtive retorno sobre a minha reclamação.",2018-07-12 00:00:00,2018-07-16 13:06:07,2018-07-01,2018-07-16 13:06:07.000000,2026-08-27T05:18:50.393518+00:00,D:/D drive recovery/Shiva JH/Projects/OneLake Medallion/data/landing/2018-07-01/order_reviews.parquet,2018-07-01
52dab8c4e0a7504db34eee485e60d794,77e9d2f71c740441b1fce48743b8e358,5,,,2018-07-31 00:00:00,2018-08-01 11:27:02,2018-07-11,2018-08-01 11:27:02.000000,2026-08-27T05:20:19.296566+00:00,D:/D drive recovery/Shiva JH/Projects/OneLake Medallion/data/landing/2018-07-11/order_reviews.parquet,2018-07-11
633538990df4c5fb118483feb8557347,442a41b00a8a8bda35511fdf1eb65cc5,1,Atraso na entrega,O pedido do produto foi realizado no dia 11/07 com previsão de entrega para o dia 21. A nota fiscal só foi emitida no dia 22; já estamos no dia 24 e o produto sequer saiu para entrega.,2018-07-22 00:00:00,2018-07-24 13:06:43,2018-07-11,2018-07-24 13:06:43.000000,2026-08-27T05:20:19.296566+00:00,D:/D drive recovery/Shiva JH/Projects/OneLake Medallion/data/landing/2018-07-11/order_reviews.parquet,2018-07-11
377f5ba3ac5fcc587c0b852b5504e2d5,0bb6d291f1488ae4922e89c2f6105f33,5,,,2018-07-15 00:00:00,2018-07-15 21:23:52,2018-07-11,2018-07-15 21:23:52.000000,2026-08-27T05:20:19.296566+00:00,D:/D drive recovery/Shiva JH/Projects/OneLake Medallion/data/landing/2018-07-11/order_reviews.parquet,2018-07-11
0dde827df5722d548a1c3047a0e9b94c,d10503eeef371049c26e11de7d6552dc,5,,,2018-07-14 00:00:00,2018-07-16 20:52:59,2018-07-11,2018-07-16 20:52:59.000000,2026-08-27T05:20:19.296566+00:00,D:/D drive recovery/Shiva JH/Projects/OneLake Medallion/data/landing/2018-07-11/order_reviews.parquet,2018-07-11
709c355db86cad2a5bd2554c370033ac,bb953a084ab406da9e19dfdc06df0245,5,muito boa,"Tudo aconteceu de forma favorável, desde o início, até a entrega!",2018-08-14 00:00:00,2018-08-15 00:32:40,2018-07-29,2018-08-15 00:32:40.000000,2026-08-27T05:23:04.653227+00:00,D:/D drive recovery/Shiva JH/Projects/OneLake Medallion/data/landing/2018-07-29/order_reviews.parquet,2018-07-29
0d1382624563a517c318cad9d925ccc5,614c7adfc74985b5d111c1e38f0ad0cd,5,Perfeito!,"Chegou antes do praço, nada a reclamar.",2018-08-08 00:00:00,2018-08-11 16:16:03,2018-07-29,2018-08-11 16:16:03.000000,2026-08-27T05:23:04.653227+00:00,D:/D drive recovery/Shiva JH/Projects/OneLake Medallion/data/landing/2018-07-29/order_reviews.parquet,2018-07-29
2ee063e4692a8e9c51b17e74076aa056,fd7ad9fe2a5c9cf444bd25691f4900d9,1,,,2018-08-18 00:00:00,2018-08-18 10:54:16,2018-07-29,2018-08-18 10:54:16.000000,2026-08-27T05:23:04.653227+00:00,D:/D drive recovery/Shiva JH/Projects/OneLake Medallion/data/landing/2018-07-29/order_reviews.parquet,2018-07-29
dcb88ddd3638a85095df40fc27788a1e,d66c390445566a6735c7a703c75e4e68,3,,,2018-08-02 00:00:00,2018-08-04 23:13:53,2018-07-29,2018-08-04 23:13:53.000000,2026-08-27T05:23:04.653227+00:00,D:/D drive recovery/Shiva JH/Projects/OneLake Medallion/data/landing/2018-07-29/order_reviews.parquet,2018-07-29
7072d3ceb8f67cc1b384f1594e1fc04f,b41055f900d670bae8cfbf3a8df79d8c,4,Produto como indicado,Bom produto. Apresenta as características como descrito no site. Entregue antes do prazo.,2018-08-08 00:00:00,2018-08-08 19:50:54,2018-07-29,2018-08-08 19:50:54.000000,2026-08-27T05:23:04.653227+00:00,D:/D drive recovery/Shiva JH/Projects/OneLake Medallion/data/landing/2018-07-29/order_reviews.parquet,2018-07-29
208c562073a7fba0e6d10e8296cf3b1d,4ed4fa202c468c14366fbf603c8698fd,1,,A EMPRESA NÃO ENTREGOU MEU PRODUTO. ESPEROU PASSAR 20 DIAS PARA AVISAR QUE NÃO TINHA PEÇAS DISPONÍVEIS PARA VENDA. TENHO MAIS DE UMA SEMANA AGUARDANDO ESTORNAREM A COMPRA NO CARTÃO. ,2018-08-24 00:00:00,2018-08-24 18:30:12,2018-07-29,2018-08-24 18:30:12.000000,2026-08-27T05:23:04.653227+00:00,D:/D drive recovery/Shiva JH/Projects/OneLake Medallion/data/landing/2018-07-29/order_reviews.parquet,2018-07-29
bb3ee73c755be92c161aa5531600b1c0,d1ab8de1e279bd8a55e4135f83d5c599,5,,,2018-08-02 00:00:00,2018-08-05 11:41:37,2018-07-29,2018-08-05 11:41:37.000000,2026-08-27T05:23:04.653227+00:00,D:/D drive recovery/Shiva JH/Projects/OneLake Medallion/data/landing/2018-07-29/order_reviews.parquet,2018-07-29
808ae92529afbd426dc631830f9353a3,a7dc01ae91acf2567d1367a25ce303e5,5,,,2018-08-06 00:00:00,2018-08-09 23:38:21,2018-07-29,2018-08-09 23:38:21.000000,2026-08-27T05:23:04.653227+00:00,D:/D drive recovery/Shiva JH/Projects/OneLake Medallion/data/landing/2018-07-29/order_reviews.parquet,2018-07-29
65f495177ca44a579a05fa928d11369e,c89b4f89b285537cd75b46ad90c49a50,4,Entrega rápida ,Produto chegou rápido.,2018-08-03 00:00:00,2018-08-03 22:10:33,2018-07-20,2018-08-03 22:10:33.000000,2026-08-27T05:21:34.651514+00:00,D:/D drive recovery/Shiva JH/Projects/OneLake Medallion/data/landing/2018-07-20/order_reviews.parquet,2018-07-20
65b9e4853b2d8fba311ecf103a48701d,934838488a3fc133b3cb9b1f716c5937,3,Bom,"Gostei, chegou bem rapido",2018-07-28 00:00:00,2018-07-30 17:45:37,2018-07-20,2018-07-30 17:45:37.000000,2026-08-27T05:21:34.651514+00:00,D:/D drive recovery/Shiva JH/Projects/OneLake Medallion/data/landing/2018-07-20/order_reviews.parquet,2018-07-20
7fad149f92d233b83a5d8ab136ad9ae7,d8bfdbbe1b81198977776595047a0d98,3,Suspeita,"Acontece que, na mesma semana, comprei outro relógio da mesma marca em outro site, e este enviou-me dentro de uma caixa da Orient mesmo, o que não aconteceu com o relógio comprado pela site lannister",2018-07-31 00:00:00,2018-08-01 12:04:14,2018-07-20,2018-08-01 12:04:14.000000,2026-08-27T05:21:34.651514+00:00,D:/D drive recovery/Shiva JH/Projects/OneLake Medallion/data/landing/2018-07-20/order_reviews.parquet,2018-07-20
d3da51f8af3df9e05a6270b4d1082d8b,69aca49c98f05af05bec6fa1f87a3059,5,Muito bom,,2018-07-26 00:00:00,2018-07-26 20:44:55,2018-07-20,2018-07-26 20:44:55.000000,2026-08-27T05:21:34.651514+00:00,D:/D drive recovery/Shiva JH/Projects/OneLake Medallion/data/landing/2018-07-20/order_reviews.parquet,2018-07-20
6752af557755746f1409e92db8c11370,17d0317e0d3f083fa6f59927059e98b3,4,,,2018-07-26 00:00:00,2018-07-29 17:50:54,2018-07-20,2018-07-29 17:50:54.000000,2026-08-27T05:21:34.651514+00:00,D:/D drive recovery/Shiva JH/Projects/OneLake Medallion/data/landing/2018-07-20/order_reviews.parquet,2018-07-20
df9c2604c804c35b2bb8f2a0a91423f8,5c4c16f0db1537d3ef9e718f12dde7c4,4,,,2018-07-27 00:00:00,2018-07-29 16:39:18,2018-07-20,2018-07-29 16:39:18.000000,2026-08-27T05:21:34.651514+00:00,D:/D drive recovery/Shiva JH/Projects/OneLake Medallion/data/landing/2018-07-20/order_reviews.parquet,2018-07-20
ac42698a571f85d03c3f24f8b26de0d7,e5c7ad83fffff48754bc2696e1ea59fb,1,,,2018-07-11 00:00:00,2018-07-22 04:08:31,2018-07-05,2018-07-22 04:08:31.000000,2026-08-27T05:19:25.318726+00:00,D:/D drive recovery/Shiva JH/Projects/OneLake Medallion/data/landing/2018-07-05/order_reviews.parquet,2018-07-05
302b5d9f5b685b84707a6528e40b11f2,32c1eb77cf7ceaa6358640e4cad0d14c,4,,,2018-07-11 00:00:00,2018-07-12 11:59:11,2018-07-05,2018-07-12 11:59:11.000000,2026-08-27T05:19:25.318726+00:00,D:/D drive recovery/Shiva JH/Projects/OneLake Medallion/data/landing/2018-07-05/order_reviews.parquet,2018-07-05
775640332c9527d595effcecbd91297c,d559ca25e0953705de5c369c8bdebc48,5,,,2018-07-14 00:00:00,2018-08-10 02:25:57,2018-07-05,2018-08-10 02:25:57.000000,2026-08-27T05:19:25.318726+00:00,D:/D drive recovery/Shiva JH/Projects/OneLake Medallion/data/landing/2018-07-05/order_reviews.parquet,2018-07-05
2edfa8881ed571ce62e34f0fd871e435,f0755c7d99a4a7f0bfa967f87d657855,4,,,2018-07-14 00:00:00,2018-07-17 09:01:29,2018-07-05,2018-07-17 09:01:29.000000,2026-08-27T05:19:25.318726+00:00,D:/D drive recovery/Shiva JH/Projects/OneLake Medallion/data/landing/2018-07-05/order_reviews.parquet,2018-07-05
0dc0bfcb5b6e9e9b920bdfbd7c491b53,76eb528b2b3ae258e1c9a8d0eedad2b4,4,,,2018-08-02 00:00:00,2018-08-06 14:40:34,2018-07-05,2018-08-06 14:40:34.000000,2026-08-27T05:19:25.318726+00:00,D:/D drive recovery/Shiva JH/Projects/OneLake Medallion/data/landing/2018-07-05/order_reviews.parquet,2018-07-05
4f0f66126c962e92d1e99fe5d84a772a,fd4b04818375a4ba579a80c8d37f1b24,5,,,2016-10-19 00:00:00,2016-10-19 23:30:43,2016-10-07,2016-10-19 23:30:43.000000,2026-08-27T05:17:09.287600+00:00,D:/D drive recovery/Shiva JH/Projects/OneLake Medallion/data/landing/2016-10-07/order_reviews.parquet,2016-10-07
75f6ff69ce8b427b7b3d6a5e643eb2f3,50f357099566f1be7abfaf8d9dc5b004,5,,,2016-10-22 00:00:00,2016-10-25 00:44:30,2016-10-07,2016-10-25 00:44:30.000000,2026-08-27T05:17:09.287600+00:00,D:/D drive recovery/Shiva JH/Projects/OneLake Medallion/data/landing/2016-10-07/order_reviews.parquet,2016-10-07
e9651b370d483da0e3997896680ac286,95d31d53ccc53bca2c13fcd535d67526,5,,Veio antes do prazo que era de 38 dias veio em 7 dias e eu to amando ,2016-10-18 00:00:00,2016-10-21 05:00:10,2016-10-07,2016-10-21 05:00:10.000000,2026-08-27T05:17:09.287600+00:00,D:/D drive recovery/Shiva JH/Projects/OneLake Medallion/data/landing/2016-10-07/order_reviews.parquet,2016-10-07
e0fd4fb84435cd327b8f7469fbc5761a,8b94c85a97b61f51a419a57e451d4e3a,5,,,2017-01-19 00:00:00,2017-01-21 13:36:12,2017-01-11,2017-01-21 13:36:12.000000,2026-08-27T05:17:09.287600+00:00,D:/D drive recovery/Shiva JH/Projects/OneLake Medallion/data/landing/2017-01-11/order_reviews.parquet,2017-01-11
350fb3fc9a933fcce0ac3b5593a93241,3a96b8ddd22b9f22c3b8a556d2003fd8,4,,"Sendo ausência de plástico bolha, mais chegou antes do prazo e em perfeito estado!",2017-02-22 00:00:00,2017-03-07 00:18:46,2017-02-04,2017-03-07 00:18:46.000000,2026-08-27T05:17:09.287600+00:00,D:/D drive recovery/Shiva JH/Projects/OneLake Medallion/data/landing/2017-02-04/order_reviews.parquet,2017-02-04
2476b223f83ab20f6eb2de4cb33bbe47,cc585bf1df31232b1654bde95ef0730e,5,,Entrega Ntes do prazo recomemdo!!,2017-02-09 00:00:00,2017-02-10 13:33:00,2017-02-04,2017-02-10 13:33:00.000000,2026-08-27T05:17:09.287600+00:00,D:/D drive recovery/Shiva JH/Projects/OneLake Medallion/data/landing/2017-02-04/order_reviews.parquet,2017-02-04
5067c7a8c7f694c57218adca8c286dd2,84f788243b8e0583367e3a10ceee9457,5,,Produto chegou no prazo e em perfeitas condições....,2017-02-23 00:00:00,2017-02-24 13:19:38,2017-02-16,2017-02-24 13:19:38.000000,2026-08-27T05:17:09.287600+00:00,D:/D drive recovery/Shiva JH/Projects/OneLake Medallion/data/landing/2017-02-16/order_reviews.parquet,2017-02-16
2fad9ff7106365e96daca663338850ca,b0220dd81253d8ca2c9dd8be8caf49b5,5,,,2017-04-18 00:00:00,2017-04-21 13:41:23,2017-03-24,2017-04-21 13:41:23.000000,2026-08-27T05:17:09.287600+00:00,D:/D drive recovery/Shiva JH/Projects/OneLake Medallion/data/landing/2017-03-24/order_reviews.parquet,2017-03-24
1a56a98cf137740c8dece46c988a647d,188c13d1aa80d3a7ffc208eb983bf267,5,,Recebi dentro do prazo,2017-05-16 00:00:00,2017-05-19 20:04:50,2017-04-29,2017-05-19 20:04:50.000000,2026-08-27T05:17:09.287600+00:00,D:/D drive recovery/Shiva JH/Projects/OneLake Medallion/data/landing/2017-04-29/order_reviews.parquet,2017-04-29
e8425fa52a031a4482ca760e270ad3e1,da8eefd7ee5ebac9e6163fec64141557,5,,,2017-05-09 00:00:00,2017-05-11 16:08:09,2017-04-29,2017-05-11 16:08:09.000000,2026-08-27T05:17:09.287600+00:00,D:/D drive recovery/Shiva JH/Projects/OneLake Medallion/data/landing/2017-04-29/order_reviews.parquet,2017-04-29
4691c38690d216c750e4f944c477906a,95c9ce1fdafddf9a5d87142c464aa09d,5,,,2017-05-12 00:00:00,2017-05-13 01:20:06,2017-04-29,2017-05-13 01:20:06.000000,2026-08-27T05:17:09.287600+00:00,D:/D drive recovery/Shiva JH/Projects/OneLake Medallion/data/landing/2017-04-29/order_reviews.parquet,2017-04-29
e34fd36927c18de73e4edbfec0ae4ba7,a16c048c79d11f82c31fb4fbf407e6cf,1,,O teclado não funcionou em meu mac mini. Chegou a localiza-lo porém não consegui emparelhar. Parece que não houve compatibilidade com o mac. ,2017-05-19 00:00:00,2017-05-21 23:07:22,2017-05-11,2017-05-21 23:07:22.000000,2026-08-27T05:17:09.287600+00:00,D:/D drive recovery/Shiva JH/Projects/OneLake Medallion/data/landing/2017-05-11/order_reviews.parquet,2017-05-11
eda256f0fd8435029ae40ad550dc0b9a,6108ae9acd8ee0ffd527598b9ebc6acc,5,,,2017-06-01 00:00:00,2017-06-02 00:22:14,2017-05-23,2017-06-02 00:22:14.000000,2026-08-27T05:17:09.287600+00:00,D:/D drive recovery/Shiva JH/Projects/OneLake Medallion/data/landing/2017-05-23/order_reviews.parquet,2017-05-23
a9559b956ee5575a434e09fdd2cbe1f4,7dfc1b9142ff06ae86300fd5d601c74b,4,,,2017-06-13 00:00:00,2017-06-15 23:41:07,2017-06-04,2017-06-15 23:41:07.000000,2026-08-27T05:17:09.287600+00:00,D:/D drive recovery/Shiva JH/Projects/OneLake Medallion/data/landing/2017-06-04/order_reviews.parquet,2017-06-04
4349a99cb629ca2cf7f6c49a77930a9c,a742e3a941299687aed413c581a7dce9,1,,"Não recomendo a loja pq demorou muito a entrega. E quando compramos é pq é
Já estamos precisando",2017-06-21 00:00:00,2017-06-22 10:10:00,2017-06-04,2017-06-22 10:10:00.000000,2026-08-27T05:17:09.287600+00:00,D:/D drive recovery/Shiva JH/Projects/OneLake Medallion/data/landing/2017-06-04/order_reviews.parquet,2017-06-04
60e2ebeb52a3892e6f6dd9e404d79238,95a87e0d2cf1cb63b02eba222ceaecc7,4,,As tampas não têm pressão,2017-06-22 00:00:00,2017-06-25 15:01:26,2017-06-04,2017-06-25 15:01:26.000000,2026-08-27T05:17:09.287600+00:00,D:/D drive recovery/Shiva JH/Projects/OneLake Medallion/data/landing/2017-06-04/order_reviews.parquet,2017-06-04
4aaf612c133139bffa9cb156536c9847,65c56aa08aaade99b2cd074e12f1b18b,5,,,2017-07-12 00:00:00,2017-07-21 22:12:06,2017-06-28,2017-07-21 22:12:06.000000,2026-08-27T05:17:09.287600+00:00,D:/D drive recovery/Shiva JH/Projects/OneLake Medallion/data/landing/2017-06-28/order_reviews.parquet,2017-06-28
7e34eb6050632ab17bad79b5ec6089bf,4d31272d8cb07c4ab84562c8ae2e0fdb,5,,,2017-07-26 00:00:00,2017-07-28 07:12:47,2017-07-10,2017-07-28 07:12:47.000000,2026-08-27T05:17:09.287600+00:00,D:/D drive recovery/Shiva JH/Projects/OneLake Medallion/data/landing/2017-07-10/order_reviews.parquet,2017-07-10
7f18372cd8c4f09623b7876420981d58,f30b0f98bf4dd642e36ee8185aba1329,4,,,2017-08-09 00:00:00,2017-08-10 12:23:55,2017-07-10,2017-08-10 12:23:55.000000,2026-08-27T05:17:09.287600+00:00,D:/D drive recovery/Shiva JH/Projects/OneLake Medallion/data/landing/2017-07-10/order_reviews.parquet,2017-07-10
ba6ce821dcb3394f9e67294c02aafcee,8ba312c27b6123e1c49276f0d9b84598,3,,,2017-08-05 00:00:00,2017-08-06 12:47:28,2017-07-22,2017-08-06 12:47:28.000000,2026-08-27T05:17:09.287600+00:00,D:/D drive recovery/Shiva JH/Projects/OneLake Medallion/data/landing/2017-07-22/order_reviews.parquet,2017-07-22
9f368b1268ba433bbd346788b7bd1c7c,1353506aaf9cbe711a4d41f9442d4167,4,,,2017-08-03 00:00:00,2017-08-05 21:10:58,2017-07-22,2017-08-05 21:10:58.000000,2026-08-27T05:17:09.287600+00:00,D:/D drive recovery/Shiva JH/Projects/OneLake Medallion/data/landing/2017-07-22/order_reviews.parquet,2017-07-22
d05954766a15fad53df92cab29f86470,186efcd656d8ac4332156f594df02572,3,,"Recomendo, porém meu produto veio com avaria, a bacia veio amassada.",2017-08-16 00:00:00,2017-08-17 12:40:25,2017-08-03,2017-08-17 12:40:25.000000,2026-08-27T05:17:09.287600+00:00,D:/D drive recovery/Shiva JH/Projects/OneLake Medallion/data/landing/2017-08-03/order_reviews.parquet,2017-08-03
b3da5ca1a82902f3db441b6ae39d7e76,ee1fd5d090d5f8772860cad42d39c986,5,,,2017-09-10 00:00:00,2017-09-11 14:28:43,2017-08-15,2017-09-11 14:28:43.000000,2026-08-27T05:17:09.287600+00:00,D:/D drive recovery/Shiva JH/Projects/OneLake Medallion/data/landing/2017-08-15/order_reviews.parquet,2017-08-15
0247e27944b82977f107c04c498a4875,fad1e133ca16d525f3b6e2ae6008840e,5,,"excelente empresa recomendo a todos.
O produto foi entregue antes do prazo!!!",2017-08-24 00:00:00,2017-08-28 21:34:59,2017-08-15,2017-08-28 21:34:59.000000,2026-08-27T05:17:09.287600+00:00,D:/D drive recovery/Shiva JH/Projects/OneLake Medallion/data/landing/2017-08-15/order_reviews.parquet,2017-08-15
ae2b1e27a5145f22c5caa62d6a65f44e,f40c9a0dfd3542502b65ecac2fcbe501,4,,,2017-08-23 00:00:00,2017-08-25 14:07:29,2017-08-15,2017-08-25 14:07:29.000000,2026-08-27T05:17:09.287600+00:00,D:/D drive recovery/Shiva JH/Projects/OneLake Medallion/data/landing/2017-08-15/order_reviews.parquet,2017-08-15
1ad9412991bf4541dd980fb21a88134f,534a0fa02fb111d37c01c86326fc38bb,5,,,2017-08-22 00:00:00,2017-08-28 23:15:11,2017-08-15,2017-08-28 23:15:11.000000,2026-08-27T05:17:09.287600+00:00,D:/D drive recovery/Shiva JH/Projects/OneLake Medallion/data/landing/2017-08-15/order_reviews.parquet,2017-08-15
942ce178b66e9c6bef6771051cea5678,3735a11cbccd8916dbc9ccf5f671cc2c,2,,"bom dia....ainda não recebi o carrinho ate a data presente..
estou no aguardo",2017-09-04 00:00:00,2017-09-04 10:36:50,2017-08-27,2017-09-04 10:36:50.000000,2026-08-27T05:17:09.287600+00:00,D:/D drive recovery/Shiva JH/Projects/OneLake Medallion/data/landing/2017-08-27/order_reviews.parquet,2017-08-27
7bf98cb883cc961c3a4dd5c2b9751176,e37462f737a59fcd8f12079e0e927205,4,,,2017-09-12 00:00:00,2017-09-15 10:02:24,2017-08-27,2017-09-15 10:02:24.000000,2026-08-27T05:17:09.287600+00:00,D:/D drive recovery/Shiva JH/Projects/OneLake Medallion/data/landing/2017-08-27/order_reviews.parquet,2017-08-27
008e5ba12d250222469aa178f05d75c6,4405dd1dbfa6260371541a45422c0840,5,,,2017-09-02 00:00:00,2017-09-04 16:40:54,2017-08-27,2017-09-04 16:40:54.000000,2026-08-27T05:17:09.287600+00:00,D:/D drive recovery/Shiva JH/Projects/OneLake Medallion/data/landing/2017-08-27/order_reviews.parquet,2017-08-27
521739cf8279a5e13514bf78035f24d6,259dac9ae7597d3dd6371ad21a6aa57b,5,,,2017-09-20 00:00:00,2017-09-20 23:13:04,2017-09-08,2017-09-20 23:13:04.000000,2026-08-27T05:17:09.287600+00:00,D:/D drive recovery/Shiva JH/Projects/OneLake Medallion/data/landing/2017-09-08/order_reviews.parquet,2017-09-08
0c5e8bf6dc83fc407de52a342fa2cf71,b8ab7d209a05e9462921ece50de1c177,5,,Tudo em ordem.,2017-09-29 00:00:00,2017-10-01 15:34:38,2017-09-08,2017-10-01 15:34:38.000000,2026-08-27T05:17:09.287600+00:00,D:/D drive recovery/Shiva JH/Projects/OneLake Medallion/data/landing/2017-09-08/order_reviews.parquet,2017-09-08
5a7b0246051fe78c3a75bf9e2cd5b5b1,fd174ef3d3535971d1bea4398b2248bd,5,,,2017-10-17 00:00:00,2017-10-20 22:46:24,2017-09-20,2017-10-20 22:46:24.000000,2026-08-27T05:17:09.287600+00:00,D:/D drive recovery/Shiva JH/Projects/OneLake Medallion/data/landing/2017-09-20/order_reviews.parquet,2017-09-20
4a746391af112fb32935992ad3d0e913,19530a2973e25dffb52a39210f27ebb0,2,,"Qanto a maquina de tosa recebi super rapido,porem fiz junto na mesma data o pedido do cortador de unha.O qual foi cobrado na mesma fatura com o mesmo cartão de crédito,porem até a presente data não.",2017-09-23 00:00:00,2017-09-27 03:22:02,2017-09-20,2017-09-27 03:22:02.000000,2026-08-27T05:17:09.287600+00:00,D:/D drive recovery/Shiva JH/Projects/OneLake Medallion/data/landing/2017-09-20/order_reviews.parquet,2017-09-20
68871a4e13bca5d0500b78d7bd973665,1c2bab4c18a97c3bba457866ee72bdbd,4,,,2017-10-05 00:00:00,2017-10-06 01:34:13,2017-09-20,2017-10-06 01:34:13.000000,2026-08-27T05:17:09.287600+00:00,D:/D drive recovery/Shiva JH/Projects/OneLake Medallion/data/landing/2017-09-20/order_reviews.parquet,2017-09-20
4ffce642e2d875cee1f58ae187621408,03ea970e60ecfa4b84a69ddc665262a5,5,,,2017-09-27 00:00:00,2017-10-03 19:41:09,2017-09-20,2017-10-03 19:41:09.000000,2026-08-27T05:17:09.287600+00:00,D:/D drive recovery/Shiva JH/Projects/OneLake Medallion/data/landing/2017-09-20/order_reviews.parquet,2017-09-20
1f557ffabed06ef131852039cea459b1,f5f61cf2cbe09e08293021b6b12d9e4d,5,,,2017-10-17 00:00:00,2017-10-18 19:15:43,2017-10-02,2017-10-18 19:15:43.000000,2026-08-27T05:17:09.287600+00:00,D:/D drive recovery/Shiva JH/Projects/OneLake Medallion/data/landing/2017-10-02/order_reviews.parquet,2017-10-02
9c579c25ff0bfee48e750738c706f6d2,b22fe8539dd76cacfc5337279db388b9,5,,,2017-10-12 00:00:00,2017-10-14 13:10:28,2017-10-02,2017-10-14 13:10:28.000000,2026-08-27T05:17:09.287600+00:00,D:/D drive recovery/Shiva JH/Projects/OneLake Medallion/data/landing/2017-10-02/order_reviews.parquet,2017-10-02
37573e4d69f4234cf5644f2544f4c5e9,602a7458f2248260d368f81cd86377a8,4,,,2017-10-14 00:00:00,2017-10-15 01:29:02,2017-10-02,2017-10-15 01:29:02.000000,2026-08-27T05:17:09.287600+00:00,D:/D drive recovery/Shiva JH/Projects/OneLake Medallion/data/landing/2017-10-02/order_reviews.parquet,2017-10-02
eeb09a5dade99682ad9768ed19fffa93,0aaf8268ec2a56cb1befff78bd5cc190,4,,,2017-10-07 00:00:00,2017-10-08 13:27:00,2017-10-02,2017-10-08 13:27:00.000000,2026-08-27T05:17:09.287600+00:00,D:/D drive recovery/Shiva JH/Projects/OneLake Medallion/data/landing/2017-10-02/order_reviews.parquet,2017-10-02
1e7111e4c4272844a9506d7ed27d5c35,911bdca18557d7d16cfd3964cd603460,5,,,2017-10-10 00:00:00,2017-10-13 12:21:29,2017-10-02,2017-10-13 12:21:29.000000,2026-08-27T05:17:09.287600+00:00,D:/D drive recovery/Shiva JH/Projects/OneLake Medallion/data/landing/2017-10-02/order_reviews.parquet,2017-10-02
1d0f1ef6c99f80fcac4811845bf75a71,b4a1c1abe13b0e2adafb21da024cef98,1,,Comprei um walk talk e recebi uma baba eletrônica não consigo contato para efetuar a troca ! Peço por favor que seja enviado o produto adquirido,2017-10-10 00:00:00,2017-10-12 21:08:26,2017-10-02,2017-10-12 21:08:26.000000,2026-08-27T05:17:09.287600+00:00,D:/D drive recovery/Shiva JH/Projects/OneLake Medallion/data/landing/2017-10-02/order_reviews.parquet,2017-10-02
99143104b35eebdc731fbef8e6e4e384,db5a41f8a08f620920c7c413e91a4438,1,,"No anuncio diz ser 3 cores, mas veio com varias cores",2017-10-27 00:00:00,2017-10-30 16:26:16,2017-10-14,2017-10-30 16:26:16.000000,2026-08-27T05:17:09.287600+00:00,D:/D drive recovery/Shiva JH/Projects/OneLake Medallion/data/landing/2017-10-14/order_reviews.parquet,2017-10-14
31a6c50e4f65e71ffb6c99f31bdaca26,5ad82a9fb12ff34f8883ccfaddf3da4f,1,,meu pedido nao veio comprei dois relogio branco so veio 1,2017-11-01 00:00:00,2017-12-20 15:01:20,2017-10-26,2017-12-20 15:01:20.000000,2026-08-27T05:17:09.287600+00:00,D:/D drive recovery/Shiva JH/Projects/OneLake Medallion/data/landing/2017-10-26/order_reviews.parquet,2017-10-26
2ee92781414928d777b86f305cfcd140,63c7797265c51bbc8aadc80de737f96c,5,,,2017-11-01 00:00:00,2017-11-01 20:15:15,2017-10-26,2017-11-01 20:15:15.000000,2026-08-27T05:17:09.287600+00:00,D:/D drive recovery/Shiva JH/Projects/OneLake Medallion/data/landing/2017-10-26/order_reviews.parquet,2017-10-26
5f60c77696f7eaec3d3439ed0201520a,33a0cbee893f2c8ed0a6abfdc48926b6,3,,,2017-11-09 00:00:00,2017-11-13 10:55:38,2017-10-26,2017-11-13 10:55:38.000000,2026-08-27T05:17:09.287600+00:00,D:/D drive recovery/Shiva JH/Projects/OneLake Medallion/data/landing/2017-10-26/order_reviews.parquet,2017-10-26
472c9dd16fc75a789c4c51422e4d1a91,b3c0d30328473d54c9e53a0e9aa04aca,5,,Tudo certo . Recomendo,2017-11-17 00:00:00,2017-11-21 22:08:47,2017-11-07,2017-11-21 22:08:47.000000,2026-08-27T05:17:09.287600+00:00,D:/D drive recovery/Shiva JH/Projects/OneLake Medallion/data/landing/2017-11-07/order_reviews.parquet,2017-11-07
289e4207888191ad961d35017f1ac596,838182c127d317f0eca3ea49a529146d,5,,,2017-11-19 00:00:00,2017-11-20 18:35:39,2017-11-07,2017-11-20 18:35:39.000000,2026-08-27T05:17:09.287600+00:00,D:/D drive recovery/Shiva JH/Projects/OneLake Medallion/data/landing/2017-11-07/order_reviews.parquet,2017-11-07
9b5d97aab1ca23bcdb2bd90db2c11f37,48aaa0a6d934cf4a57020d72908f94cb,1,,Meu produto q comprei junto com este ñ chegou ,2017-11-23 00:00:00,2017-11-29 14:37:48,2017-11-07,2017-11-29 14:37:48.000000,2026-08-27T05:17:09.287600+00:00,D:/D drive recovery/Shiva JH/Projects/OneLake Medallion/data/landing/2017-11-07/order_reviews.parquet,2017-11-07
59e24d900e86fc6ab77f76719315527e,ce3397e3e383fc93adefff9aa6a9aa7b,5,,Rapidez e qualidade!,2017-11-21 00:00:00,2017-11-21 15:53:49,2017-11-07,2017-11-21 15:53:49.000000,2026-08-27T05:17:09.287600+00:00,D:/D drive recovery/Shiva JH/Projects/OneLake Medallion/data/landing/2017-11-07/order_reviews.parquet,2017-11-07
b5e50b3e6611835ff3c6714cdf46db67,af8b2f03e1bfa7e0b86ed73ac5653938,5,,,2017-11-15 00:00:00,2017-11-16 14:04:24,2017-11-07,2017-11-16 14:04:24.000000,2026-08-27T05:17:09.287600+00:00,D:/D drive recovery/Shiva JH/Projects/OneLake Medallion/data/landing/2017-11-07/order_reviews.parquet,2017-11-07
c35f133e7ff47c10f897c56fee85aef1,4319e802aaabad931ad3a44bd949720d,4,,,2017-12-09 00:00:00,2017-12-10 21:35:26,2017-11-19,2017-12-10 21:35:26.000000,2026-08-27T05:17:09.287600+00:00,D:/D drive recovery/Shiva JH/Projects/OneLake Medallion/data/landing/2017-11-19/order_reviews.parquet,2017-11-19
026b7d11ec1ad5f6883175a1ca28922b,6961987bf1f3af131cc426530c982cc7,4,,,2017-11-28 00:00:00,2017-11-29 15:08:09,2017-11-19,2017-11-29 15:08:09.000000,2026-08-27T05:17:09.287600+00:00,D:/D drive recovery/Shiva JH/Projects/OneLake Medallion/data/landing/2017-11-19/order_reviews.parquet,2017-11-19
67a2b3eb83b9a2485a5c9611221546a7,e2a03ccf5ea816036608b2d8c3ab8e60,1,,,2017-12-14 00:00:00,2017-12-21 14:44:48,2017-11-19,2017-12-21 14:44:48.000000,2026-08-27T05:17:09.287600+00:00,D:/D drive recovery/Shiva JH/Projects/OneLake Medallion/data/landing/2017-11-19/order_reviews.parquet,2017-11-19
6c273f962ca9319bef08084bd1e8747e,0870d202dc3234340a499505dc36c7a4,5,,,2017-11-28 00:00:00,2017-11-28 21:22:51,2017-11-19,2017-11-28 21:22:51.000000,2026-08-27T05:17:09.287600+00:00,D:/D drive recovery/Shiva JH/Projects/OneLake Medallion/data/landing/2017-11-19/order_reviews.parquet,2017-11-19
3174be472473a1a73da9880380e7f740,002d040018d12a3853c059f7f23ab5b1,3,,,2017-11-28 00:00:00,2017-11-30 19:44:06,2017-11-19,2017-11-30 19:44:06.000000,2026-08-27T05:17:09.287600+00:00,D:/D drive recovery/Shiva JH/Projects/OneLake Medallion/data/landing/2017-11-19/order_reviews.parquet,2017-11-19
42a5b34fadf9ea08f22a51c6492212fe,53f3cb0dcdecd62675e235186f24adcf,1,,"Não entregou até agora,éo correio fala que não tinha ninguém pra recebe ",2017-12-03 00:00:00,2017-12-03 08:33:37,2017-11-19,2017-12-03 08:33:37.000000,2026-08-27T05:17:09.287600+00:00,D:/D drive recovery/Shiva JH/Projects/OneLake Medallion/data/landing/2017-11-19/order_reviews.parquet,2017-11-19
b1034294843e23006427f7f9ec02ceda,99c9fec8ab028336e605f216e55337e6,5,,,2017-12-19 00:00:00,2017-12-19 23:47:54,2017-12-01,2017-12-19 23:47:54.000000,2026-08-27T05:17:09.287600+00:00,D:/D drive recovery/Shiva JH/Projects/OneLake Medallion/data/landing/2017-12-01/order_reviews.parquet,2017-12-01
65db5280a253f9be0ad1a779ffa97952,b5839f6ef0df11dd4912bc5bfa299e3f,4,,,2017-12-15 00:00:00,2017-12-15 20:16:06,2017-12-01,2017-12-15 20:16:06.000000,2026-08-27T05:17:09.287600+00:00,D:/D drive recovery/Shiva JH/Projects/OneLake Medallion/data/landing/2017-12-01/order_reviews.parquet,2017-12-01
0dc9537c62959c4cf71e71e3c6822d43,c91b29576f970b27d90f5b214c88283f,5,,Melhor pós venda da história. Me ligaram para falar que não tinha a cor que eu havia solicitado e ofereceram soluções. Foram super gentis e o produto ainda chegou antes do prazo. Muito bom.,2017-12-13 00:00:00,2017-12-17 14:42:09,2017-12-01,2017-12-17 14:42:09.000000,2026-08-27T05:17:09.287600+00:00,D:/D drive recovery/Shiva JH/Projects/OneLake Medallion/data/landing/2017-12-01/order_reviews.parquet,2017-12-01
9232dda0bcd4b9c7121fd9ade3d2384f,f20cb0150781a32271cd460ad28a5ed2,3,,,2017-12-12 00:00:00,2017-12-14 09:55:35,2017-12-01,2017-12-14 09:55:35.000000,2026-08-27T05:17:09.287600+00:00,D:/D drive recovery/Shiva JH/Projects/OneLake Medallion/data/landing/2017-12-01/order_reviews.parquet,2017-12-01
785b6f5225a860e4158074ff1b2abd8e,78d80f8efd220a6a3b81a6cd1b9737e1,5,,"Produto muito bom, prático e útil.",2017-12-07 00:00:00,2017-12-08 11:24:51,2017-12-01,2017-12-08 11:24:51.000000,2026-08-27T05:17:09.287600+00:00,D:/D drive recovery/Shiva JH/Projects/OneLake Medallion/data/landing/2017-12-01/order_reviews.parquet,2017-12-01
8bfb442d252b97d1962ae30e548a8c16,666a3fba59ffe0f70203090fdff3a61f,5,,Produto entregue antes do prazo! ,2017-12-08 00:00:00,2017-12-09 14:54:38,2017-12-01,2017-12-09 14:54:38.000000,2026-08-27T05:17:09.287600+00:00,D:/D drive recovery/Shiva JH/Projects/OneLake Medallion/data/landing/2017-12-01/order_reviews.parquet,2017-12-01
32c8550cf2e5d8911710e5700b53752a,8f56d95ba4712b40163a057ba5ab89ac,5,,"Ótimo produto, chegou antes do prazo",2017-12-13 00:00:00,2017-12-13 21:28:54,2017-12-01,2017-12-13 21:28:54.000000,2026-08-27T05:17:09.287600+00:00,D:/D drive recovery/Shiva JH/Projects/OneLake Medallion/data/landing/2017-12-01/order_reviews.parquet,2017-12-01
1a8f19a565e8cf1f9e47283d43298ff1,a4626ad7558acf9abc9358586c8bacaf,1,,,2017-12-28 00:00:00,2017-12-29 09:07:23,2017-12-01,2017-12-29 09:07:23.000000,2026-08-27T05:17:09.287600+00:00,D:/D drive recovery/Shiva JH/Projects/OneLake Medallion/data/landing/2017-12-01/order_reviews.parquet,2017-12-01
d46c635de82830c84c172dd2502e9b8c,338fe34bc3c6875bdb7981bfb5a53b26,5,,"muito bom, no prazo! recomendo.",2017-12-16 00:00:00,2018-01-11 15:40:31,2017-12-01,2018-01-11 15:40:31.000000,2026-08-27T05:17:09.287600+00:00,D:/D drive recovery/Shiva JH/Projects/OneLake Medallion/data/landing/2017-12-01/order_reviews.parquet,2017-12-01
bd54109818e75f22f3d87d08fad15eab,8704f37bae751578cdec362f48c61232,4,,,2017-12-23 00:00:00,2017-12-26 10:04:41,2017-12-13,2017-12-26 10:04:41.000000,2026-08-27T05:17:09.287600+00:00,D:/D drive recovery/Shiva JH/Projects/OneLake Medallion/data/landing/2017-12-13/order_reviews.parquet,2017-12-13
ffad3e0ba9be7132d5e6156c430c59e9,43836bb9e5c73e492e6361c1c5af52f0,4,,,2017-12-17 00:00:00,2017-12-20 19:46:45,2017-12-13,2017-12-20 19:46:45.000000,2026-08-27T05:17:09.287600+00:00,D:/D drive recovery/Shiva JH/Projects/OneLake Medallion/data/landing/2017-12-13/order_reviews.parquet,2017-12-13
0280899f05e1401ad1545621ee8174af,a2dd8c16ba2548569497fdc4a440b967,5,,"É a segunda vez que compro nessa loja e chegou mto antes do prazo, mto bom mesmo obrigada.",2017-12-21 00:00:00,2017-12-21 22:10:21,2017-12-13,2017-12-21 22:10:21.000000,2026-08-27T05:17:09.287600+00:00,D:/D drive recovery/Shiva JH/Projects/OneLake Medallion/data/landing/2017-12-13/order_reviews.parquet,2017-12-13
332a72420f3d8729d2bfdbfb55e96cf1,cdab66293e2e4ea2b956d8016c5ad97d,5,,"Site claro e objetivo, comprometimento com o cliente, prazo de entrega superou a data proposta.",2017-12-23 00:00:00,2017-12-26 03:50:33,2017-12-13,2017-12-26 03:50:33.000000,2026-08-27T05:17:09.287600+00:00,D:/D drive recovery/Shiva JH/Projects/OneLake Medallion/data/landing/2017-12-13/order_reviews.parquet,2017-12-13
f827a6cef42f7b9da3367fe73c975d60,fa3b5273908399cce287019297580550,5,,"Recomendo, meu produto chegou bem antes do prazo informado pelo sistema, o mesmo estava ( Ok), de acordo com o esperado. ",2017-12-22 00:00:00,2017-12-23 02:32:38,2017-12-13,2017-12-23 02:32:38.000000,2026-08-27T05:17:09.287600+00:00,D:/D drive recovery/Shiva JH/Projects/OneLake Medallion/data/landing/2017-12-13/order_reviews.parquet,2017-12-13
d583c213d8e1070dad6fdd5c0b138729,1d301b935a2555d96600d432bbf859b9,3,,Bom mdjdubdhdudbbshsisbsbjsusbshdidbdbdj,2017-12-23 00:00:00,2017-12-24 12:59:50,2017-12-13,2017-12-24 12:59:50.000000,2026-08-27T05:17:09.287600+00:00,D:/D drive recovery/Shiva JH/Projects/OneLake Medallion/data/landing/2017-12-13/order_reviews.parquet,2017-12-13
d1588c25e7659114e06fc88304444ed4,21ca56b276a6b8d082a1261f33786085,3,,,2017-12-30 00:00:00,2017-12-31 10:48:14,2017-12-13,2017-12-31 10:48:14.000000,2026-08-27T05:17:09.287600+00:00,D:/D drive recovery/Shiva JH/Projects/OneLake Medallion/data/landing/2017-12-13/order_reviews.parquet,2017-12-13
ee4bc8e340e8648a44c2e33fee6b27e4,73c8ab38f07dc94389065f7eba4f297a,1,,,2017-12-29 00:00:00,2017-12-31 12:08:24,2017-12-13,2017-12-31 12:08:24.000000,2026-08-27T05:17:09.287600+00:00,D:/D drive recovery/Shiva JH/Projects/OneLake Medallion/data/landing/2017-12-13/order_reviews.parquet,2017-12-13
7d328342beb9e32fc3fa6a17a89de11d,cc6b24184c966c627e754fcdc80e9e53,5,,,2017-12-29 00:00:00,2017-12-31 15:48:06,2017-12-25,2017-12-31 15:48:06.000000,2026-08-27T05:17:09.287600+00:00,D:/D drive recovery/Shiva JH/Projects/OneLake Medallion/data/landing/2017-12-25/order_reviews.parquet,2017-12-25
081bfa58ebec68aeeb3393ed0b856c65,d65848ec24d6595e5a459c4196c01b7c,5,,Amei,2018-01-16 00:00:00,2018-01-19 15:44:08,2017-12-25,2018-01-19 15:44:08.000000,2026-08-27T05:17:09.287600+00:00,D:/D drive recovery/Shiva JH/Projects/OneLake Medallion/data/landing/2017-12-25/order_reviews.parquet,2017-12-25
9aed88ab0fd50fff7a5f81668e529ff2,72a704e8fb6c499fad9b26bd8873bd39,5,,,2017-12-29 00:00:00,2017-12-29 23:50:17,2017-12-25,2017-12-29 23:50:17.000000,2026-08-27T05:17:09.287600+00:00,D:/D drive recovery/Shiva JH/Projects/OneLake Medallion/data/landing/2017-12-25/order_reviews.parquet,2017-12-25
c739731e9f85763b82469172457372d6,974c26d25f3764b5acde8a0b556843be,1,,,2018-01-09 00:00:00,2018-01-14 12:35:27,2017-12-25,2018-01-14 12:35:27.000000,2026-08-27T05:17:09.287600+00:00,D:/D drive recovery/Shiva JH/Projects/OneLake Medallion/data/landing/2017-12-25/order_reviews.parquet,2017-12-25
8bb77b9c669b348ffdb4673de77b9a4e,3d44f7b0d44056fcb488f7d2fd22e820,5,,,2018-01-20 00:00:00,2018-01-22 11:58:38,2018-01-06,2018-01-22 11:58:38.000000,2026-08-27T05:17:09.287600+00:00,D:/D drive recovery/Shiva JH/Projects/OneLake Medallion/data/landing/2018-01-06/order_reviews.parquet,2018-01-06
1fdca540840033854523586a675fb74c,98cc17e56c367cbbe628aca0bbf9f08e,4,,,2018-01-23 00:00:00,2018-01-24 11:41:49,2018-01-06,2018-01-24 11:41:49.000000,2026-08-27T05:17:09.287600+00:00,D:/D drive recovery/Shiva JH/Projects/OneLake Medallion/data/landing/2018-01-06/order_reviews.parquet,2018-01-06
ecbe2c616d3374375dcb7452cda5c382,8293cb6241edbf2b03ae13125b6b334a,2,,Comprei três produtos e recebi apenas um .,2018-01-25 00:00:00,2018-01-25 23:24:35,2018-01-06,2018-01-25 23:24:35.000000,2026-08-27T05:17:09.287600+00:00,D:/D drive recovery/Shiva JH/Projects/OneLake Medallion/data/landing/2018-01-06/order_reviews.parquet,2018-01-06
cfaa07af04ff25fb65bc94a295a8454a,bbe32ce108f0fa16e209fbaee6005f2b,1,,"Não comprem esse produto, muito mal acabado, veio acabamento com furos no pé da cadeira, acabamento das costas com furos errados e mal cortado alem da fragilidade do encosto. Não Recomendo.",2018-02-18 00:00:00,2018-02-19 23:48:51,2018-01-06,2018-02-19 23:48:51.000000,2026-08-27T05:17:09.287600+00:00,D:/D drive recovery/Shiva JH/Projects/OneLake Medallion/data/landing/2018-01-06/order_reviews.parquet,2018-01-06
46f9879699b4e03b66bca19214c5eadf,1aee3456393950993d316010ffc4088b,4,,,2018-02-04 00:00:00,2018-02-07 00:02:59,2018-01-18,2018-02-07 00:02:59.000000,2026-08-27T05:17:09.287600+00:00,D:/D drive recovery/Shiva JH/Projects/OneLake Medallion/data/landing/2018-01-18/order_reviews.parquet,2018-01-18
21407d0edfb750030004fea0acfc5141,b5874324518a48132da83d062f675fb3,5,,Gostei e recomendo.,2018-01-26 00:00:00,2018-01-26 21:37:12,2018-01-18,2018-01-26 21:37:12.000000,2026-08-27T05:17:09.287600+00:00,D:/D drive recovery/Shiva JH/Projects/OneLake Medallion/data/landing/2018-01-18/order_reviews.parquet,2018-01-18
dccc948f22eaca19210e94a08c5b736a,a2087914bc836b0a52e2369d6f30fde4,5,,loja muito boa entrega rápido,2018-01-31 00:00:00,2018-02-02 15:28:07,2018-01-18,2018-02-02 15:28:07.000000,2026-08-27T05:17:09.287600+00:00,D:/D drive recovery/Shiva JH/Projects/OneLake Medallion/data/landing/2018-01-18/order_reviews.parquet,2018-01-18
2719467a4206f0cf7507a62c9e7d6b2d,a69ddc335f989aa05576bc19f8b9a549,1,,"O pedido chegou em recife, voltou pra são paulo e até agora não conseguimos passar os dados bancários para a devolução do valor pago. pois não ligam para o meu número de contato, só ligam para o outro",2018-04-05 00:00:00,2018-04-09 18:10:03,2018-01-18,2018-04-09 18:10:03.000000,2026-08-27T05:17:09.287600+00:00,D:/D drive recovery/Shiva JH/Projects/OneLake Medallion/data/landing/2018-01-18/order_reviews.parquet,2018-01-18
b55e9aa460009ef68334134b8fecd0df,09df1b5edd28f22201dd19d1acccd5f3,5,,,2018-02-17 00:00:00,2018-02-22 18:39:24,2018-01-18,2018-02-22 18:39:24.000000,2026-08-27T05:17:09.287600+00:00,D:/D drive recovery/Shiva JH/Projects/OneLake Medallion/data/landing/2018-01-18/order_reviews.parquet,2018-01-18
a9fb99a72b3c4158d6328d2aec7cded0,2c0850997a2ee7ab84dbd7b4c909b667,5,,,2018-01-30 00:00:00,2018-02-05 22:11:49,2018-01-18,2018-02-05 22:11:49.000000,2026-08-27T05:17:09.287600+00:00,D:/D drive recovery/Shiva JH/Projects/OneLake Medallion/data/landing/2018-01-18/order_reviews.parquet,2018-01-18
034086f034454f61cf45c740af435409,a267e89993dbe4178c877361a582f06e,4,,,2018-02-03 00:00:00,2018-02-05 10:28:37,2018-01-30,2018-02-05 10:28:37.000000,2026-08-27T05:17:09.287600+00:00,D:/D drive recovery/Shiva JH/Projects/OneLake Medallion/data/landing/2018-01-30/order_reviews.parquet,2018-01-30
26a2f2f273973c9929ed5e4009445ed5,3d037089d7e5c79581fdc67f54191a25,5,,,2018-02-27 00:00:00,2018-02-28 11:09:29,2018-01-30,2018-02-28 11:09:29.000000,2026-08-27T05:17:09.287600+00:00,D:/D drive recovery/Shiva JH/Projects/OneLake Medallion/data/landing/2018-01-30/order_reviews.parquet,2018-01-30
a9d014b2f44502bb1256522c16b9f960,b1e5cc374b5c4f7c12ef420d322b07e1,5,,"A carteira é pequena, e não ocupa muito lugar no bolso ( excelente ).",2018-02-17 00:00:00,2018-02-19 17:08:17,2018-02-11,2018-02-19 17:08:17.000000,2026-08-27T05:17:09.287600+00:00,D:/D drive recovery/Shiva JH/Projects/OneLake Medallion/data/landing/2018-02-11/order_reviews.parquet,2018-02-11
f824aa85aa76932d26a1bb040d56ac5f,ffa2a7fdee9759a1c69f742f0a21d371,4,,,2018-02-17 00:00:00,2018-02-20 15:05:44,2018-02-11,2018-02-20 15:05:44.000000,2026-08-27T05:17:09.287600+00:00,D:/D drive recovery/Shiva JH/Projects/OneLake Medallion/data/landing/2018-02-11/order_reviews.parquet,2018-02-11
8334e9382f55df1a5696680190ce2b9f,c496970811b313659dbbcfd57ffd1b42,5,,"Novo, lacrado, otimo atendimento, recomendo",2018-03-10 00:00:00,2018-03-14 22:41:35,2018-02-11,2018-03-14 22:41:35.000000,2026-08-27T05:17:09.287600+00:00,D:/D drive recovery/Shiva JH/Projects/OneLake Medallion/data/landing/2018-02-11/order_reviews.parquet,2018-02-11
ea0407b792effbefbf136d64a5d5d299,d722b334d743dc19d08939ed8a57664e,5,,PRODUTO ALÉM DAS EXPECTATIVAS,2018-02-17 00:00:00,2018-02-17 21:42:34,2018-02-11,2018-02-17 21:42:34.000000,2026-08-27T05:17:09.287600+00:00,D:/D drive recovery/Shiva JH/Projects/OneLake Medallion/data/landing/2018-02-11/order_reviews.parquet,2018-02-11
51a1578250f045f0a1044b653ee9b3be,8006a29212bfc6b554bdb445427822bf,1,,produto diferente do anunciado ,2018-03-06 00:00:00,2018-03-07 01:18:54,2018-02-11,2018-03-07 01:18:54.000000,2026-08-27T05:17:09.287600+00:00,D:/D drive recovery/Shiva JH/Projects/OneLake Medallion/data/landing/2018-02-11/order_reviews.parquet,2018-02-11
9150b15043bbe0ddb2099210ee22b6bf,592f871804e88d1167c1532ebff9fb84,5,,Produto entregue antes da data e tudo certinho,2018-03-01 00:00:00,2018-03-01 21:22:37,2018-02-11,2018-03-01 21:22:37.000000,2026-08-27T05:17:09.287600+00:00,D:/D drive recovery/Shiva JH/Projects/OneLake Medallion/data/landing/2018-02-11/order_reviews.parquet,2018-02-11
7f7241edd813156265f1fc98b45c1a34,e832fe7f7808b5f981ee02746681d40e,5,,,2018-03-06 00:00:00,2018-03-08 23:03:17,2018-02-23,2018-03-08 23:03:17.000000,2026-08-27T05:17:09.287600+00:00,D:/D drive recovery/Shiva JH/Projects/OneLake Medallion/data/landing/2018-02-23/order_reviews.parquet,2018-02-23
4ef3c08d00750d2d0af209641766c803,d8094f20356ae7f08b20de937ea31041,5,,,2018-03-03 00:00:00,2018-03-03 19:28:43,2018-02-23,2018-03-03 19:28:43.000000,2026-08-27T05:17:09.287600+00:00,D:/D drive recovery/Shiva JH/Projects/OneLake Medallion/data/landing/2018-02-23/order_reviews.parquet,2018-02-23
2782c35c17e22a97de3d5990a91e33fb,5a33eef69ed2fbfe4d2ef90f288fb9c8,4,,"Comprei um Playstation 2 em 2018! Sinceramente não acreditava que receberia o aparelho novo, mas para minha surpresa é zero! A unica coisa que não gostei foi o controle que veio, não é original.",2018-03-06 00:00:00,2018-03-06 12:37:48,2018-02-23,2018-03-06 12:37:48.000000,2026-08-27T05:17:09.287600+00:00,D:/D drive recovery/Shiva JH/Projects/OneLake Medallion/data/landing/2018-02-23/order_reviews.parquet,2018-02-23
bcec8ad692c54bbd74053aede2d30379,e832fe7f7808b5f981ee02746681d40e,5,,,2018-03-02 00:00:00,2018-03-05 02:26:57,2018-02-23,2018-03-05 02:26:57.000000,2026-08-27T05:17:09.287600+00:00,D:/D drive recovery/Shiva JH/Projects/OneLake Medallion/data/landing/2018-02-23/order_reviews.parquet,2018-02-23
7b7d2ea83b2acebc1fc9e9ac8ffaced3,e8a923aa92f0c87c9bfcd7be05546918,5,,Superou minhas expectativas. Feliz pelo produto adquirido,2018-03-20 00:00:00,2018-03-20 21:03:41,2018-03-07,2018-03-20 21:03:41.000000,2026-08-27T05:17:09.287600+00:00,D:/D drive recovery/Shiva JH/Projects/OneLake Medallion/data/landing/2018-03-07/order_reviews.parquet,2018-03-07
ad0631422a7d1ec28e6eef2f7234b171,20ce4fa87bcbac1808a7c504a7273ea7,4,,,2018-03-16 00:00:00,2018-03-20 22:02:58,2018-03-07,2018-03-20 22:02:58.000000,2026-08-27T05:17:09.287600+00:00,D:/D drive recovery/Shiva JH/Projects/OneLake Medallion/data/landing/2018-03-07/order_reviews.parquet,2018-03-07
7c9c060454626bb583897d7804bc3f23,1ab69e6a88c55054f55e82b7ea1c9d34,5,,,2018-03-20 00:00:00,2018-03-21 09:57:31,2018-03-07,2018-03-21 09:57:31.000000,2026-08-27T05:17:09.287600+00:00,D:/D drive recovery/Shiva JH/Projects/OneLake Medallion/data/landing/2018-03-07/order_reviews.parquet,2018-03-07
a7f632aac983f339f46fda0121eda61d,48b5f03747afdec20ba2388eee0d3acb,5,,,2018-03-15 00:00:00,2018-03-16 17:32:57,2018-03-07,2018-03-16 17:32:57.000000,2026-08-27T05:17:09.287600+00:00,D:/D drive recovery/Shiva JH/Projects/OneLake Medallion/data/landing/2018-03-07/order_reviews.parquet,2018-03-07
0a539b33a9b5f6821191b10cd1c93b9f,7bdbf26950bfc3b92d415498376864fd,5,,,2018-03-23 00:00:00,2018-03-24 17:17:01,2018-03-07,2018-03-24 17:17:01.000000,2026-08-27T05:17:09.287600+00:00,D:/D drive recovery/Shiva JH/Projects/OneLake Medallion/data/landing/2018-03-07/order_reviews.parquet,2018-03-07
11ce0ba03ac4bf8d8276aa8847741b6b,b9968318b0149a5239e1b401ffb54ace,3,,O produto foi entregue.,2018-03-14 00:00:00,2018-03-16 21:28:14,2018-03-07,2018-03-16 21:28:14.000000,2026-08-27T05:17:09.287600+00:00,D:/D drive recovery/Shiva JH/Projects/OneLake Medallion/data/landing/2018-03-07/order_reviews.parquet,2018-03-07
41ab9ddc94baa7d2b3040b8553abf094,1d5c39819bbfb4a4e2443ce5409d4148,5,,"Material de ótima qualidade, chegou antes do prazo.",2018-03-23 00:00:00,2018-03-26 13:11:59,2018-03-19,2018-03-26 13:11:59.000000,2026-08-27T05:17:09.287600+00:00,D:/D drive recovery/Shiva JH/Projects/OneLake Medallion/data/landing/2018-03-19/order_reviews.parquet,2018-03-19
83bac6a770ece3e86ffe7c9b0ab38e01,7770f0fa803309f7765d9c449f1a7db4,5,,,2018-03-30 00:00:00,2018-04-02 02:10:57,2018-03-19,2018-04-02 02:10:57.000000,2026-08-27T05:17:09.287600+00:00,D:/D drive recovery/Shiva JH/Projects/OneLake Medallion/data/landing/2018-03-19/order_reviews.parquet,2018-03-19
bcc783302a58fbb9c9fc5bf2578ddae1,22cee08cd372f903b380852fdf75a1eb,1,,Năo recomendo. Năo recebi e já está sendo cobrada a parcela na minha fatura de maio,2018-04-27 00:00:00,2018-04-29 15:52:49,2018-03-19,2018-04-29 15:52:49.000000,2026-08-27T05:17:09.287600+00:00,D:/D drive recovery/Shiva JH/Projects/OneLake Medallion/data/landing/2018-03-19/order_reviews.parquet,2018-03-19
a698bc9b3bde4249efecf9b21719563a,99ca8b25a7b584ec1b48b0a857a9211b,5,,,2018-04-25 00:00:00,2018-04-26 09:56:09,2018-03-31,2018-04-26 09:56:09.000000,2026-08-27T05:17:09.287600+00:00,D:/D drive recovery/Shiva JH/Projects/OneLake Medallion/data/landing/2018-03-31/order_reviews.parquet,2018-03-31
0802c92782cef12076e9d8a2c0a30d6a,7b73889e40574f23f35f71c026fb141c,5,,,2018-04-11 00:00:00,2018-04-12 15:16:54,2018-03-31,2018-04-12 15:16:54.000000,2026-08-27T05:17:09.287600+00:00,D:/D drive recovery/Shiva JH/Projects/OneLake Medallion/data/landing/2018-03-31/order_reviews.parquet,2018-03-31
fc1395b367022dd8607c055eb30d8859,4b21c757f8c1a51d41c1653e15d8f289,5,,,2018-04-08 00:00:00,2018-04-14 00:47:48,2018-03-31,2018-04-14 00:47:48.000000,2026-08-27T05:17:09.287600+00:00,D:/D drive recovery/Shiva JH/Projects/OneLake Medallion/data/landing/2018-03-31/order_reviews.parquet,2018-03-31
0018fa5c17bf85fdccfde1bc8d907e58,b109cd82203e670b7963d9945099ca6b,5,,,2018-04-27 00:00:00,2018-04-28 02:28:01,2018-04-12,2018-04-28 02:28:01.000000,2026-08-27T05:17:09.287600+00:00,D:/D drive recovery/Shiva JH/Projects/OneLake Medallion/data/landing/2018-04-12/order_reviews.parquet,2018-04-12
4e92f3a115dd9a198a28ca1b43a26329,564d8bd235927df0c8c8bfe8ff4aee6d,5,,,2018-04-21 00:00:00,2018-04-24 00:28:08,2018-04-12,2018-04-24 00:28:08.000000,2026-08-27T05:17:09.287600+00:00,D:/D drive recovery/Shiva JH/Projects/OneLake Medallion/data/landing/2018-04-12/order_reviews.parquet,2018-04-12
a960a525fe1f8bc382be6ae86e2c286e,801486e590af3202e69113a4542ef133,5,,"Aí, adorei, chegou bem antes do prazo, e a armação é lindaaaaa, do jeitinho que eu queria ",2018-04-21 00:00:00,2018-04-24 00:48:25,2018-04-12,2018-04-24 00:48:25.000000,2026-08-27T05:17:09.287600+00:00,D:/D drive recovery/Shiva JH/Projects/OneLake Medallion/data/landing/2018-04-12/order_reviews.parquet,2018-04-12
9cf1969c61f4c65914029cc0b697ab2d,408df9004bd631081333aab0584bcfe4,5,,"Adorei o produto, chegou antes do tempo estimado. Super recomendo.",2018-04-18 00:00:00,2018-04-19 11:26:01,2018-04-12,2018-04-19 11:26:01.000000,2026-08-27T05:17:09.287600+00:00,D:/D drive recovery/Shiva JH/Projects/OneLake Medallion/data/landing/2018-04-12/order_reviews.parquet,2018-04-12
2a4d172780e91b068dd449577b74284e,1a58f35be1cae85f27119089958d5c7a,4,,,2018-04-20 00:00:00,2018-04-23 18:33:29,2018-04-12,2018-04-23 18:33:29.000000,2026-08-27T05:17:09.287600+00:00,D:/D drive recovery/Shiva JH/Projects/OneLake Medallion/data/landing/2018-04-12/order_reviews.parquet,2018-04-12
b381825f3d2f84b81fb00ab1c294dd5c,e8ddca0d6240b571472906ab8a331f85,3,5,Foi entregue de acordo com o prazo Obrigada,2018-04-27 00:00:00,2018-04-28 01:42:26,2018-04-24,2018-04-28 01:42:26.000000,2026-08-27T05:17:09.287600+00:00,D:/D drive recovery/Shiva JH/Projects/OneLake Medallion/data/landing/2018-04-24/order_reviews.parquet,2018-04-24
33684f59cc1570a8b9b62a7ad7ebd35a,39840651d975d5a257f08661d376e085,5,Recomendo Sim,"Como de costume, a lannister manda muito bem no serviço e o relógio era tudo que eu esperava, estou muito satisfeito",2018-05-04 00:00:00,2018-05-06 02:31:44,2018-04-24,2018-05-06 02:31:44.000000,2026-08-27T05:17:09.287600+00:00,D:/D drive recovery/Shiva JH/Projects/OneLake Medallion/data/landing/2018-04-24/order_reviews.parquet,2018-04-24
12af03f8a4351bd38ad659962bede6bb,0d0665d64b4dd1dae2ed97fa92509144,1,Não recebi o produto,Preciso de uma posição. Até agora não recebi o produto.,2018-05-18 00:00:00,2018-05-20 09:07:31,2018-04-24,2018-05-20 09:07:31.000000,2026-08-27T05:17:09.287600+00:00,D:/D drive recovery/Shiva JH/Projects/OneLake Medallion/data/landing/2018-04-24/order_reviews.parquet,2018-04-24
d65787c000c5e5fb2d31ee0a84347be7,3d0edcf47a5092f12524fc91a5fbdaee,5,,,2018-05-09 00:00:00,2018-05-10 17:48:00,2018-04-24,2018-05-10 17:48:00.000000,2026-08-27T05:17:09.287600+00:00,D:/D drive recovery/Shiva JH/Projects/OneLake Medallion/data/landing/2018-04-24/order_reviews.parquet,2018-04-24
2cdca72c0db1a23655cdd4edb0763b10,a843db5b5fcf2b053e8ae0b87b02ffdc,5,,,2018-05-09 00:00:00,2018-05-10 15:13:49,2018-04-24,2018-05-10 15:13:49.000000,2026-08-27T05:17:09.287600+00:00,D:/D drive recovery/Shiva JH/Projects/OneLake Medallion/data/landing/2018-04-24/order_reviews.parquet,2018-04-24
ae1704594801246693d4dd9a8cc7cc30,cea7e28bd63ef382ebf6010b228208f2,5,Ótimo,Parabéns !!!!! Um bom atendimento em todos os sentidos.,2018-05-01 00:00:00,2018-05-03 23:12:54,2018-04-24,2018-05-03 23:12:54.000000,2026-08-27T05:17:09.287600+00:00,D:/D drive recovery/Shiva JH/Projects/OneLake Medallion/data/landing/2018-04-24/order_reviews.parquet,2018-04-24
82613c31f0fe1bab2faa8f2895f80417,590ab3344f70c64950c4108f56f56280,4,recomendo,"demorou um pouco demais a entrega, já estava apreensiva pq o prazo estava esgotando, no mais adorei o produto",2018-06-02 00:00:00,2018-06-02 22:18:24,2018-04-24,2018-06-02 22:18:24.000000,2026-08-27T05:17:09.287600+00:00,D:/D drive recovery/Shiva JH/Projects/OneLake Medallion/data/landing/2018-04-24/order_reviews.parquet,2018-04-24
2f76fd90bb933b54f0239a6aa1152990,1efe916e0147732877ae7c2ae6a245ba,4,,,2018-05-11 00:00:00,2018-05-14 11:14:32,2018-04-24,2018-05-14 11:14:32.000000,2026-08-27T05:17:09.287600+00:00,D:/D drive recovery/Shiva JH/Projects/OneLake Medallion/data/landing/2018-04-24/order_reviews.parquet,2018-04-24
0c622057453e0e71d3ea455a430eb1a2,d916bc63daa29deee391ab3e479e2923,4,,,2018-05-11 00:00:00,2018-05-21 02:13:47,2018-04-24,2018-05-21 02:13:47.000000,2026-08-27T05:17:09.287600+00:00,D:/D drive recovery/Shiva JH/Projects/OneLake Medallion/data/landing/2018-04-24/order_reviews.parquet,2018-04-24
efcfb423723a79ff4eab800e7ec39965,37f699e1c2746962c33774a34872fad7,5,,,2018-05-11 00:00:00,2018-05-14 21:55:37,2018-04-24,2018-05-14 21:55:37.000000,2026-08-27T05:17:09.287600+00:00,D:/D drive recovery/Shiva JH/Projects/OneLake Medallion/data/landing/2018-04-24/order_reviews.parquet,2018-04-24
2e9e5ca5c2c34d76c1d15347915defbe,aa2cd8b186c94011da9d0f80785a3f20,5,Excelente,.,2018-05-10 00:00:00,2018-05-11 00:38:22,2018-05-06,2018-05-11 00:38:22.000000,2026-08-27T05:17:09.287600+00:00,D:/D drive recovery/Shiva JH/Projects/OneLake Medallion/data/landing/2018-05-06/order_reviews.parquet,2018-05-06
61fedac2714fb13ffb7bff8f1f73b5e0,96e427c3f1f84bc2ae037b8ca5d22110,4,,,2018-05-17 00:00:00,2018-05-21 13:58:24,2018-05-06,2018-05-21 13:58:24.000000,2026-08-27T05:17:09.287600+00:00,D:/D drive recovery/Shiva JH/Projects/OneLake Medallion/data/landing/2018-05-06/order_reviews.parquet,2018-05-06
7708f25610a2fdf33582de4391a5ad23,04b9b5e585a9c4f0a8e54706eb6dca47,5,Ótimo ,Chegou tudo certo e rápido ,2018-05-12 00:00:00,2018-05-13 01:31:44,2018-05-06,2018-05-13 01:31:44.000000,2026-08-27T05:17:09.287600+00:00,D:/D drive recovery/Shiva JH/Projects/OneLake Medallion/data/landing/2018-05-06/order_reviews.parquet,2018-05-06
ecb0655e9b79bd3727d8731a994e2f77,048937ad68e3d2ec6e64f5105184589d,5,,,2018-05-24 00:00:00,2018-05-24 14:47:40,2018-05-06,2018-05-24 14:47:40.000000,2026-08-27T05:17:09.287600+00:00,D:/D drive recovery/Shiva JH/Projects/OneLake Medallion/data/landing/2018-05-06/order_reviews.parquet,2018-05-06
6330cb3bb7783cbcb41409718a627404,8f1b87d8fb573caa3a4f426564eb3e8d,4,Boa,,2018-06-02 00:00:00,2018-06-03 10:42:16,2018-05-18,2018-06-03 10:42:16.000000,2026-08-27T05:17:09.287600+00:00,D:/D drive recovery/Shiva JH/Projects/OneLake Medallion/data/landing/2018-05-18/order_reviews.parquet,2018-05-18
4a8e63e30165b3ce96d6c76a43e9c977,36dc666b3287023e11e5497252e98707,4,,,2018-06-09 00:00:00,2018-06-11 11:31:49,2018-05-18,2018-06-11 11:31:49.000000,2026-08-27T05:17:09.287600+00:00,D:/D drive recovery/Shiva JH/Projects/OneLake Medallion/data/landing/2018-05-18/order_reviews.parquet,2018-05-18
7af54cea11f7d5876c67bc84a5a7e362,1565a76a3a30915bbcab8d5e698836cc,5,Perfeito,Excelente produto.,2018-05-24 00:00:00,2018-05-26 00:01:47,2018-05-18,2018-05-26 00:01:47.000000,2026-08-27T05:17:09.287600+00:00,D:/D drive recovery/Shiva JH/Projects/OneLake Medallion/data/landing/2018-05-18/order_reviews.parquet,2018-05-18
615ef7509519fdde9dbb873ad9da204f,f458316312c3e16919d3eb5f56c95930,5,,,2018-06-08 00:00:00,2018-06-11 17:31:41,2018-05-18,2018-06-11 17:31:41.000000,2026-08-27T05:17:09.287600+00:00,D:/D drive recovery/Shiva JH/Projects/OneLake Medallion/data/landing/2018-05-18/order_reviews.parquet,2018-05-18
6618f85cda09db2b6c7d3267aa0fd751,a4423627568451619a53fb219d9ab5e9,1,Péssimo ,"Produto disponível para compra, porém na hora da entrega não está mais",2018-06-08 00:00:00,2018-06-10 06:35:00,2018-05-18,2018-06-10 06:35:00.000000,2026-08-27T05:17:09.287600+00:00,D:/D drive recovery/Shiva JH/Projects/OneLake Medallion/data/landing/2018-05-18/order_reviews.parquet,2018-05-18
e553e625f00801a49a88933a1753841c,4872f8ddca1a62529306384f9c48cbae,5,Otimo ,"Empresa de responsabilidade e credibilidade em entregar o produto em casa recebi o meu antes do prazo previsto .
Excelente .",2018-06-02 00:00:00,2018-06-19 18:43:05,2018-05-18,2018-06-19 18:43:05.000000,2026-08-27T05:17:09.287600+00:00,D:/D drive recovery/Shiva JH/Projects/OneLake Medallion/data/landing/2018-05-18/order_reviews.parquet,2018-05-18
829ca530e0680e4467603722c2c3e221,3e153abd068ad6638364a06df17cdc5d,5,Recomendo,"Produto chegou antes do prazo previsto, bem embalado, relógio muito bonito.",2018-05-23 00:00:00,2018-05-23 11:18:11,2018-05-18,2018-05-23 11:18:11.000000,2026-08-27T05:17:09.287600+00:00,D:/D drive recovery/Shiva JH/Projects/OneLake Medallion/data/landing/2018-05-18/order_reviews.parquet,2018-05-18
b614815acfc3b4cd7a7db60fa7453a8d,03a77816f8b67ef237ecca2c772c4851,5,,,2018-06-13 00:00:00,2018-06-15 20:36:35,2018-05-30,2018-06-15 20:36:35.000000,2026-08-27T05:17:09.287600+00:00,D:/D drive recovery/Shiva JH/Projects/OneLake Medallion/data/landing/2018-05-30/order_reviews.parquet,2018-05-30
508de3f386fab61033697c8816aa29bc,b528343ff0b10c32c5c7baf68f6536ba,5,,,2018-06-05 00:00:00,2018-06-11 13:13:39,2018-05-30,2018-06-11 13:13:39.000000,2026-08-27T05:17:09.287600+00:00,D:/D drive recovery/Shiva JH/Projects/OneLake Medallion/data/landing/2018-05-30/order_reviews.parquet,2018-05-30
3406c4e7a645428a47f5f99578e36138,47aa0308326d0c781ffa998ee36dc409,5,,,2018-06-07 00:00:00,2018-06-08 00:44:40,2018-05-30,2018-06-08 00:44:40.000000,2026-08-27T05:17:09.287600+00:00,D:/D drive recovery/Shiva JH/Projects/OneLake Medallion/data/landing/2018-05-30/order_reviews.parquet,2018-05-30
ed1abc8df9e01dae7a468e4a5b73fa2b,4c93b283893b057fe314b13138f01119,5,,,2018-06-24 00:00:00,2018-06-26 21:13:19,2018-06-11,2018-06-26 21:13:19.000000,2026-08-27T05:17:09.287600+00:00,D:/D drive recovery/Shiva JH/Projects/OneLake Medallion/data/landing/2018-06-11/order_reviews.parquet,2018-06-11
ea7bb065e03e16c0ee0f4b9be794e787,d55b88c264e0cacf41c8f8ce846bc1ee,5,Produto Excelente!,Me surpreendeu! Bom e de boa qualidade.,2018-07-05 00:00:00,2018-07-08 00:13:43,2018-06-11,2018-07-08 00:13:43.000000,2026-08-27T05:17:09.287600+00:00,D:/D drive recovery/Shiva JH/Projects/OneLake Medallion/data/landing/2018-06-11/order_reviews.parquet,2018-06-11
e395ab9c4712c3b4150e562bab002ba9,7ac7aa6251f124754c968e2a83346b96,5,,,2018-06-14 00:00:00,2018-06-15 18:15:27,2018-06-11,2018-06-15 18:15:27.000000,2026-08-27T05:17:09.287600+00:00,D:/D drive recovery/Shiva JH/Projects/OneLake Medallion/data/landing/2018-06-11/order_reviews.parquet,2018-06-11
0502ae3573e54d097f0b962a63d00fcb,73c772511dcde525870ffbe869770da0,5,Excelente,Excelente gostei o produto chegou antes do prazo,2018-06-22 00:00:00,2018-06-22 22:57:33,2018-06-11,2018-06-22 22:57:33.000000,2026-08-27T05:17:09.287600+00:00,D:/D drive recovery/Shiva JH/Projects/OneLake Medallion/data/landing/2018-06-11/order_reviews.parquet,2018-06-11
ab9cc0ea51e1676fb7bed4d30685546d,8115c56b23b02cb96cdfce13531a5a7d,5,,,2018-06-22 00:00:00,2018-06-26 17:17:23,2018-06-11,2018-06-26 17:17:23.000000,2026-08-27T05:17:09.287600+00:00,D:/D drive recovery/Shiva JH/Projects/OneLake Medallion/data/landing/2018-06-11/order_reviews.parquet,2018-06-11
b6e272cd6699e4f6ff6688002b927caa,3bdf42bf290aa910a8df3ece52413067,4,Gostei,Mercadoria boa e bem embalado nota mil,2018-06-21 00:00:00,2018-06-22 15:02:13,2018-06-11,2018-06-22 15:02:13.000000,2026-08-27T05:17:09.287600+00:00,D:/D drive recovery/Shiva JH/Projects/OneLake Medallion/data/landing/2018-06-11/order_reviews.parquet,2018-06-11
11da6665c7716320fd88fb468d1172f9,9433f58821239b782c8861534af7e5bd,5,Boa,"Cortina linda e de boa qualidade, ainda não estalei, mas ja vi que vai resolver meu problema com a luz do brindex.",2018-06-17 00:00:00,2018-06-18 00:07:15,2018-06-11,2018-06-18 00:07:15.000000,2026-08-27T05:17:09.287600+00:00,D:/D drive recovery/Shiva JH/Projects/OneLake Medallion/data/landing/2018-06-11/order_reviews.parquet,2018-06-11
68d98763aae5444055138f29afdf052c,95ab576c40cc5e27afe26b35bf6198eb,4,,,2018-07-10 00:00:00,2018-07-11 13:15:06,2018-06-23,2018-07-11 13:15:06.000000,2026-08-27T05:17:09.287600+00:00,D:/D drive recovery/Shiva JH/Projects/OneLake Medallion/data/landing/2018-06-23/order_reviews.parquet,2018-06-23
052c5a33299681185642259725a73992,17f6822b66a6bb2281a02c2c906336a8,1,Reclamação ,Só tem um problema. Ela está marcando errado,2018-06-27 00:00:00,2018-06-28 00:25:11,2018-06-23,2018-06-28 00:25:11.000000,2026-08-27T05:17:09.287600+00:00,D:/D drive recovery/Shiva JH/Projects/OneLake Medallion/data/landing/2018-06-23/order_reviews.parquet,2018-06-23
c7f0b473d06550f8c68b14ee81fad400,caef45ebcbb19b79936b20d0bf662db3,5,,,2018-07-04 00:00:00,2018-07-04 20:56:27,2018-06-23,2018-07-04 20:56:27.000000,2026-08-27T05:17:09.287600+00:00,D:/D drive recovery/Shiva JH/Projects/OneLake Medallion/data/landing/2018-06-23/order_reviews.parquet,2018-06-23
fe6d60f5aba03d89f9795778a5a1c0b4,764bcaebe1a019d6c12165f67656db9b,5,,,2018-06-30 00:00:00,2018-07-01 02:25:36,2018-06-23,2018-07-01 02:25:36.000000,2026-08-27T05:17:09.287600+00:00,D:/D drive recovery/Shiva JH/Projects/OneLake Medallion/data/landing/2018-06-23/order_reviews.parquet,2018-06-23
37c30633484c5746a10d2722b17229f0,070a62ae87136bfbe6ef6d0e2883cda5,4,,"Tenho um produto comprado nos EUA, vou verificar se a qualidade é a mesma.",2018-08-05 00:00:00,2018-08-06 18:30:12,2018-06-23,2018-08-06 18:30:12.000000,2026-08-27T05:17:09.287600+00:00,D:/D drive recovery/Shiva JH/Projects/OneLake Medallion/data/landing/2018-06-23/order_reviews.parquet,2018-06-23
bf22d4de761586bc179a51b588be9a2b,6f748695717d537b882406da58acefec,5,,,2017-03-04 00:00:00,2017-03-04 19:23:13,2017-01-12,2017-03-04 19:23:13.000000,2026-08-27T05:17:09.287600+00:00,D:/D drive recovery/Shiva JH/Projects/OneLake Medallion/data/landing/2017-01-12/order_reviews.parquet,2017-01-12
6091aa867528f6f0d6b59551a0e1bf0c,591634e3db632b8d5a60099a1b81cf7a,4,,,2017-02-14 00:00:00,2017-02-18 23:30:37,2017-02-05,2017-02-18 23:30:37.000000,2026-08-27T05:17:09.287600+00:00,D:/D drive recovery/Shiva JH/Projects/OneLake Medallion/data/landing/2017-02-05/order_reviews.parquet,2017-02-05
69e2e475cc2cdf01efe383fb418a92f7,6a38a689d8240ba6b2e79f89a9ecf5c2,5,,Produto adaquirido chegou muito antes do prazo.,2017-02-24 00:00:00,2017-02-26 20:57:29,2017-02-17,2017-02-26 20:57:29.000000,2026-08-27T05:17:09.287600+00:00,D:/D drive recovery/Shiva JH/Projects/OneLake Medallion/data/landing/2017-02-17/order_reviews.parquet,2017-02-17
898984f38c6811df1588f4ad27c02cb0,81a6ac5a2e54ea1f2883d6054be7b339,5,,,2017-03-04 00:00:00,2017-03-05 00:21:29,2017-02-17,2017-03-05 00:21:29.000000,2026-08-27T05:17:09.287600+00:00,D:/D drive recovery/Shiva JH/Projects/OneLake Medallion/data/landing/2017-02-17/order_reviews.parquet,2017-02-17
e1cccdd6d9ec6897464531c05f947991,674e6f9346c417bc4de022b215ba282b,4,,,2017-03-16 00:00:00,2017-03-19 04:13:13,2017-03-13,2017-03-19 04:13:13.000000,2026-08-27T05:17:09.287600+00:00,D:/D drive recovery/Shiva JH/Projects/OneLake Medallion/data/landing/2017-03-13/order_reviews.parquet,2017-03-13
71c00e1120c2f7f8146a6a5ce9aef938,45b8bb0bfeacbf5aebe4c3f5cbcd2b06,5,,,2017-03-17 00:00:00,2017-03-18 14:23:13,2017-03-13,2017-03-18 14:23:13.000000,2026-08-27T05:17:09.287600+00:00,D:/D drive recovery/Shiva JH/Projects/OneLake Medallion/data/landing/2017-03-13/order_reviews.parquet,2017-03-13
b4f1cee548fca64f9edaa02b285308ce,a12361dc52836f98226e3a57cf3569bf,1,,"Material horrível ,totalmente diferente do que apresenta na imagem e na descrição , não vale o valor .",2017-03-28 00:00:00,2017-03-29 11:34:21,2017-03-13,2017-03-29 11:34:21.000000,2026-08-27T05:17:09.287600+00:00,D:/D drive recovery/Shiva JH/Projects/OneLake Medallion/data/landing/2017-03-13/order_reviews.parquet,2017-03-13
b2a498418141ccd5fec53cd0e4b37751,197fdb2270597913a3ba471f251d01c5,5,,,2017-04-01 00:00:00,2017-04-05 11:01:15,2017-03-25,2017-04-05 11:01:15.000000,2026-08-27T05:17:09.287600+00:00,D:/D drive recovery/Shiva JH/Projects/OneLake Medallion/data/landing/2017-03-25/order_reviews.parquet,2017-03-25
01629dc27909205db2b54bb230365693,094af1d0ffa8afa4ddce0e4892491313,4,,Produto entregue antes dá data prometida!,2017-04-12 00:00:00,2017-04-15 00:04:31,2017-04-06,2017-04-15 00:04:31.000000,2026-08-27T05:17:09.287600+00:00,D:/D drive recovery/Shiva JH/Projects/OneLake Medallion/data/landing/2017-04-06/order_reviews.parquet,2017-04-06
da68c9afe9e3bf73307a5c7f415e9810,016b1af508245e59ef75d83e3fe20a92,5,,,2017-04-20 00:00:00,2017-04-20 22:42:34,2017-04-06,2017-04-20 22:42:34.000000,2026-08-27T05:17:09.287600+00:00,D:/D drive recovery/Shiva JH/Projects/OneLake Medallion/data/landing/2017-04-06/order_reviews.parquet,2017-04-06
de86f9639f6c0bad63385d590b62b76d,8bacc2f32b92ef5631a9c135352efee2,5,,pena que o prazo foi longo,2017-05-16 00:00:00,2017-05-17 11:51:27,2017-04-18,2017-05-17 11:51:27.000000,2026-08-27T05:17:09.287600+00:00,D:/D drive recovery/Shiva JH/Projects/OneLake Medallion/data/landing/2017-04-18/order_reviews.parquet,2017-04-18
77792c325fd1e797aba27f0778639c8a,44a04882ddb9f1358c4d11d83027bed3,5,,adorei o produto,2017-04-30 00:00:00,2017-05-02 22:38:34,2017-04-18,2017-05-02 22:38:34.000000,2026-08-27T05:17:09.287600+00:00,D:/D drive recovery/Shiva JH/Projects/OneLake Medallion/data/landing/2017-04-18/order_reviews.parquet,2017-04-18
d2084404234d70c9b2ab0d0b7f4bf384,7d07b6c1321e0ae86b7d6205e015f0a1,4,,,2017-04-28 00:00:00,2017-05-01 11:33:11,2017-04-18,2017-05-01 11:33:11.000000,2026-08-27T05:17:09.287600+00:00,D:/D drive recovery/Shiva JH/Projects/OneLake Medallion/data/landing/2017-04-18/order_reviews.parquet,2017-04-18
7f3f11cea03d8e88e20a4eb738d55cec,58e005414df700025a261e572c2a9fc1,5,,,2017-05-20 00:00:00,2017-05-21 23:10:08,2017-05-12,2017-05-21 23:10:08.000000,2026-08-27T05:17:09.287600+00:00,D:/D drive recovery/Shiva JH/Projects/OneLake Medallion/data/landing/2017-05-12/order_reviews.parquet,2017-05-12
ff5bfe846ae7290029f19a78a5202ddc,9dad14cb70926812afb5ca62be79f298,5,,entregou antes do prazo produto bom. Poden comprar . ,2017-05-17 00:00:00,2017-05-17 22:47:16,2017-05-12,2017-05-17 22:47:16.000000,2026-08-27T05:17:09.287600+00:00,D:/D drive recovery/Shiva JH/Projects/OneLake Medallion/data/landing/2017-05-12/order_reviews.parquet,2017-05-12
7486c63022d2a9900aca4e9e8b18ad34,162e41cca84030fa1901010d70ae0bed,4,,,2017-06-02 00:00:00,2017-06-04 18:49:40,2017-05-24,2017-06-04 18:49:40.000000,2026-08-27T05:17:09.287600+00:00,D:/D drive recovery/Shiva JH/Projects/OneLake Medallion/data/landing/2017-05-24/order_reviews.parquet,2017-05-24
c84b7356e14993978ed16caca06c343f,7744b010dedfdb100e51ac9096022331,5,,"Adorei fazer essa compra, chegou antes do prazo recomendo.",2017-05-30 00:00:00,2017-05-31 00:06:34,2017-05-24,2017-05-31 00:06:34.000000,2026-08-27T05:17:09.287600+00:00,D:/D drive recovery/Shiva JH/Projects/OneLake Medallion/data/landing/2017-05-24/order_reviews.parquet,2017-05-24
89fe8a8eecf0297cbd4d46dfb6c435ae,e2638c5bf9a25fab6628686b0ed83f9f,4,,,2017-06-07 00:00:00,2017-06-09 15:08:41,2017-05-24,2017-06-09 15:08:41.000000,2026-08-27T05:17:09.287600+00:00,D:/D drive recovery/Shiva JH/Projects/OneLake Medallion/data/landing/2017-05-24/order_reviews.parquet,2017-05-24
f6d954ff5c6f051e90687a4c58ad3edc,19179eded4e54ba2c63655b3708f4fc0,4,,,2017-06-20 00:00:00,2017-06-21 03:22:59,2017-06-05,2017-06-21 03:22:59.000000,2026-08-27T05:17:09.287600+00:00,D:/D drive recovery/Shiva JH/Projects/OneLake Medallion/data/landing/2017-06-05/order_reviews.parquet,2017-06-05
b43cf0ac25fd538437e15c229f49f9b5,a544402adb66ebc329117c687bd975a2,5,,,2017-06-20 00:00:00,2017-06-21 00:29:50,2017-06-05,2017-06-21 00:29:50.000000,2026-08-27T05:17:09.287600+00:00,D:/D drive recovery/Shiva JH/Projects/OneLake Medallion/data/landing/2017-06-05/order_reviews.parquet,2017-06-05
21768322d2dd7e5ede1c091590185c7d,7ecfa19903fa2693cf01e180885b6235,4,,é o que eu esperava ,2017-06-21 00:00:00,2017-06-24 01:51:36,2017-06-05,2017-06-24 01:51:36.000000,2026-08-27T05:17:09.287600+00:00,D:/D drive recovery/Shiva JH/Projects/OneLake Medallion/data/landing/2017-06-05/order_reviews.parquet,2017-06-05
4d5c61c87de3caefc097c3086b374896,6122108ba6a69151ca91c80d6ce5eb75,5,,,2017-06-20 00:00:00,2017-06-20 23:27:43,2017-06-05,2017-06-20 23:27:43.000000,2026-08-27T05:17:09.287600+00:00,D:/D drive recovery/Shiva JH/Projects/OneLake Medallion/data/landing/2017-06-05/order_reviews.parquet,2017-06-05
a221a6baf6663949c985e7bc3c89500e,5b6ef6be2fa71ebc92c95847830eb35f,4,,,2017-06-23 00:00:00,2017-06-23 23:26:09,2017-06-17,2017-06-23 23:26:09.000000,2026-08-27T05:17:09.287600+00:00,D:/D drive recovery/Shiva JH/Projects/OneLake Medallion/data/landing/2017-06-17/order_reviews.parquet,2017-06-17
1a9bfaf727ce12d738dd972a8cb35808,97b8a149d521ea9fbbbce767a458846e,1,,Até agora só transtorno por causa desse produto.,2017-07-05 00:00:00,2017-07-05 16:18:56,2017-06-17,2017-07-05 16:18:56.000000,2026-08-27T05:17:09.287600+00:00,D:/D drive recovery/Shiva JH/Projects/OneLake Medallion/data/landing/2017-06-17/order_reviews.parquet,2017-06-17
dbc7c9c6472b461c9a92de317f0cf176,c26b94aa87e95d1c1eb1b592f43eb223,5,,atendimento ótimo em todos os sentido,2017-07-11 00:00:00,2017-07-12 02:45:48,2017-06-29,2017-07-12 02:45:48.000000,2026-08-27T05:17:09.287600+00:00,D:/D drive recovery/Shiva JH/Projects/OneLake Medallion/data/landing/2017-06-29/order_reviews.parquet,2017-06-29
515dddb6c003154fd239522ab66332b3,655352dd31829855980e8ba883725b47,5,,Amei o produto.,2017-07-27 00:00:00,2017-07-28 12:40:31,2017-06-29,2017-07-28 12:40:31.000000,2026-08-27T05:17:09.287600+00:00,D:/D drive recovery/Shiva JH/Projects/OneLake Medallion/data/landing/2017-06-29/order_reviews.parquet,2017-06-29
34d81c696a1d7ad3f132f8d4cc7b5c69,993628d27f2ae9981422ecb389adfa59,5,,,2017-07-08 00:00:00,2017-07-09 14:55:30,2017-06-29,2017-07-09 14:55:30.000000,2026-08-27T05:17:09.287600+00:00,D:/D drive recovery/Shiva JH/Projects/OneLake Medallion/data/landing/2017-06-29/order_reviews.parquet,2017-06-29
fc2fef694db6a15268ef8d653a586821,9e13610356ba6774adf5c06c32f8448f,2,,Muito bom!,2017-07-15 00:00:00,2017-07-20 18:58:17,2017-07-11,2017-07-20 18:58:17.000000,2026-08-27T05:17:09.287600+00:00,D:/D drive recovery/Shiva JH/Projects/OneLake Medallion/data/landing/2017-07-11/order_reviews.parquet,2017-07-11
f8ccc8c20d709ec3d3cc84a2f53ae90d,2283bc123debf0264cfbdef89f109122,5,,,2017-07-26 00:00:00,2017-07-28 19:27:08,2017-07-11,2017-07-28 19:27:08.000000,2026-08-27T05:17:09.287600+00:00,D:/D drive recovery/Shiva JH/Projects/OneLake Medallion/data/landing/2017-07-11/order_reviews.parquet,2017-07-11
beb336ba89a6895623f8837542fbf2f0,07429f7601b56a66d1854c79a2f5c9e5,5,,"Prazo de entrega bem antes do previsto, produto de acordo com as descrições, Recomendo.",2017-07-22 00:00:00,2017-07-24 11:19:02,2017-07-11,2017-07-24 11:19:02.000000,2026-08-27T05:17:09.287600+00:00,D:/D drive recovery/Shiva JH/Projects/OneLake Medallion/data/landing/2017-07-11/order_reviews.parquet,2017-07-11
4a9edbb51ae6b8d85b2b111eae41baf5,d9f085069cebe18379f8a966f47e4cbe,4,,,2017-07-20 00:00:00,2017-07-24 14:59:19,2017-07-11,2017-07-24 14:59:19.000000,2026-08-27T05:17:09.287600+00:00,D:/D drive recovery/Shiva JH/Projects/OneLake Medallion/data/landing/2017-07-11/order_reviews.parquet,2017-07-11
4cc01b93aa451de16b0508810fcc223a,6a98e607278ee9f5ad38602191a60843,5,,"Essa empresa está de parabéns, o produto que comprei foi do jeito que esperava.",2017-08-10 00:00:00,2017-08-12 12:29:52,2017-07-11,2017-08-12 12:29:52.000000,2026-08-27T05:17:09.287600+00:00,D:/D drive recovery/Shiva JH/Projects/OneLake Medallion/data/landing/2017-07-11/order_reviews.parquet,2017-07-11
7c62d46c656192b6c69a5e05d46d018f,6d25b49ec255fb0bffe632d77a6345ec,3,,"Comprei duas cadeiras com o pé cromado, porém vieram 2 com os pés de plásticos..",2017-08-17 00:00:00,2017-08-24 16:52:07,2017-08-04,2017-08-24 16:52:07.000000,2026-08-27T05:17:09.287600+00:00,D:/D drive recovery/Shiva JH/Projects/OneLake Medallion/data/landing/2017-08-04/order_reviews.parquet,2017-08-04
8ff869fed1670a66435bfef270d4addc,f2664c7a8066f3a82b36c7c8f916eab4,5,,,2017-08-24 00:00:00,2017-08-28 12:00:59,2017-08-04,2017-08-28 12:00:59.000000,2026-08-27T05:17:09.287600+00:00,D:/D drive recovery/Shiva JH/Projects/OneLake Medallion/data/landing/2017-08-04/order_reviews.parquet,2017-08-04
112b10f14456a09a349979f161284f45,ad267363f417fe1945d534f8df659562,5,,,2017-08-25 00:00:00,2017-08-28 13:49:00,2017-08-16,2017-08-28 13:49:00.000000,2026-08-27T05:17:09.287600+00:00,D:/D drive recovery/Shiva JH/Projects/OneLake Medallion/data/landing/2017-08-16/order_reviews.parquet,2017-08-16
22ea9b1a0fdafe2587a4cc1da362b472,9993e9c87a491b66f16f75f61d99fb61,5,,,2017-08-27 00:00:00,2017-08-29 17:19:36,2017-08-16,2017-08-29 17:19:36.000000,2026-08-27T05:17:09.287600+00:00,D:/D drive recovery/Shiva JH/Projects/OneLake Medallion/data/landing/2017-08-16/order_reviews.parquet,2017-08-16
e2e5dce3b568f4f13473c7cc9cf29554,fa0ee03f451f7e7f2df9fda0a1496bc0,5,,.,2017-08-19 00:00:00,2017-08-20 03:40:18,2017-08-16,2017-08-20 03:40:18.000000,2026-08-27T05:17:09.287600+00:00,D:/D drive recovery/Shiva JH/Projects/OneLake Medallion/data/landing/2017-08-16/order_reviews.parquet,2017-08-16
0bde3772773c0b44ea240e94f389a238,311354a710a3326281f5ce1ff0149d09,5,,Esse modelo de travesseiro não é muuuito alto e é bem duro. É bom para quem busca esse tipo.,2017-08-26 00:00:00,2017-08-28 11:24:12,2017-08-16,2017-08-28 11:24:12.000000,2026-08-27T05:17:09.287600+00:00,D:/D drive recovery/Shiva JH/Projects/OneLake Medallion/data/landing/2017-08-16/order_reviews.parquet,2017-08-16
d47c6a159b2b62e5e9ab9c8508838f02,0e4e2b4f0485ebee2020fa22ebe41766,5,,,2017-08-29 00:00:00,2017-08-31 02:22:23,2017-08-16,2017-08-31 02:22:23.000000,2026-08-27T05:17:09.287600+00:00,D:/D drive recovery/Shiva JH/Projects/OneLake Medallion/data/landing/2017-08-16/order_reviews.parquet,2017-08-16
580c8bdb5768d1e3d16c17a7ae10de36,9fe7878dd156cead30e4d3005fb93de7,4,,,2017-08-24 00:00:00,2017-08-28 13:45:04,2017-08-16,2017-08-28 13:45:04.000000,2026-08-27T05:17:09.287600+00:00,D:/D drive recovery/Shiva JH/Projects/OneLake Medallion/data/landing/2017-08-16/order_reviews.parquet,2017-08-16
43e676521e8936752abb5fbe62a7d9f7,2fb7dfe5fec51c8a96ee5349c1faf9c0,5,,"Produto muito bom , veio bem antes do prazo ",2017-08-26 00:00:00,2017-08-27 01:32:22,2017-08-16,2017-08-27 01:32:22.000000,2026-08-27T05:17:09.287600+00:00,D:/D drive recovery/Shiva JH/Projects/OneLake Medallion/data/landing/2017-08-16/order_reviews.parquet,2017-08-16
471a50fd9e0799b02b1eb74e8658cccb,3c04118e4788bb999f7371015e3dbdbe,5,,otimo!,2017-08-26 00:00:00,2017-09-06 23:51:25,2017-08-16,2017-09-06 23:51:25.000000,2026-08-27T05:17:09.287600+00:00,D:/D drive recovery/Shiva JH/Projects/OneLake Medallion/data/landing/2017-08-16/order_reviews.parquet,2017-08-16
c13f87a36c7144c71ef9d5b513edd413,0d7409418627f0c642e73823145c505b,4,,,2017-09-05 00:00:00,2017-09-06 10:34:09,2017-08-28,2017-09-06 10:34:09.000000,2026-08-27T05:17:09.287600+00:00,D:/D drive recovery/Shiva JH/Projects/OneLake Medallion/data/landing/2017-08-28/order_reviews.parquet,2017-08-28
96fb3c504979d3d8848e694ee1c3c086,c0fb1f0e7d72b79458a1e6a9b8165488,4,,muito bom eu tenho comercio aqui gostaria de saber se você vende em atacado.se vende qual a porcentagem obrigado. ,2017-09-13 00:00:00,2017-09-18 13:23:05,2017-08-28,2017-09-18 13:23:05.000000,2026-08-27T05:17:09.287600+00:00,D:/D drive recovery/Shiva JH/Projects/OneLake Medallion/data/landing/2017-08-28/order_reviews.parquet,2017-08-28
00796066fd362662aad56f248cd7a5fb,5b249d0d2a393d918ffae8d9de5dfb4c,5,,"o produto é otimo, super resistente e muito mais higienica que as outras..recomendo.",2017-09-26 00:00:00,2017-09-27 23:41:04,2017-09-09,2017-09-27 23:41:04.000000,2026-08-27T05:17:09.287600+00:00,D:/D drive recovery/Shiva JH/Projects/OneLake Medallion/data/landing/2017-09-09/order_reviews.parquet,2017-09-09
81179fb702dbed3b5421a8b9e4f2cf7f,9686875d0d9dcbe392244b6773605882,5,,,2017-09-21 00:00:00,2017-09-22 02:09:20,2017-09-09,2017-09-22 02:09:20.000000,2026-08-27T05:17:09.287600+00:00,D:/D drive recovery/Shiva JH/Projects/OneLake Medallion/data/landing/2017-09-09/order_reviews.parquet,2017-09-09
82a51d551e434e948dff8d4b15bd8da1,1a1aa9714d0f88e8a2b20b0c7c037d0b,1,,"APESAR DE TER CUMPRIDO PRAZO DE ENTREGA, NÃO RECEBI O PRODUTO CONFORME NF",2017-10-03 00:00:00,2017-10-15 01:55:13,2017-09-21,2017-10-15 01:55:13.000000,2026-08-27T05:17:09.287600+00:00,D:/D drive recovery/Shiva JH/Projects/OneLake Medallion/data/landing/2017-09-21/order_reviews.parquet,2017-09-21
509db727909f7c9d13fdfb2bc1d1494e,90289a17e4361481e6880e751590f140,5,,,2017-09-26 00:00:00,2017-10-02 19:38:54,2017-09-21,2017-10-02 19:38:54.000000,2026-08-27T05:17:09.287600+00:00,D:/D drive recovery/Shiva JH/Projects/OneLake Medallion/data/landing/2017-09-21/order_reviews.parquet,2017-09-21
b52800da0078250e0654063fd7ccb947,52111a53370a73bd98fdd7144c9129e7,5,,,2017-10-14 00:00:00,2017-10-16 11:38:53,2017-09-21,2017-10-16 11:38:53.000000,2026-08-27T05:17:09.287600+00:00,D:/D drive recovery/Shiva JH/Projects/OneLake Medallion/data/landing/2017-09-21/order_reviews.parquet,2017-09-21
a17490c0a8ee2205c77f4d6425992b82,55826c853b7245fee48da8b2539b6944,3,,recomendo,2017-10-04 00:00:00,2017-10-09 00:49:50,2017-09-21,2017-10-09 00:49:50.000000,2026-08-27T05:17:09.287600+00:00,D:/D drive recovery/Shiva JH/Projects/OneLake Medallion/data/landing/2017-09-21/order_reviews.parquet,2017-09-21
5697ff38c1fe9b443920d3f190dcde39,fda140e135ccab872e95fb03e76ba27a,5,,,2017-10-12 00:00:00,2017-10-12 17:43:14,2017-10-03,2017-10-12 17:43:14.000000,2026-08-27T05:17:09.287600+00:00,D:/D drive recovery/Shiva JH/Projects/OneLake Medallion/data/landing/2017-10-03/order_reviews.parquet,2017-10-03
2781351202288b5687ddbf45393dbdec,1e54ddebe12a41afeba0ff4dff0613f8,5,,lindo! entrega rapida!,2017-10-14 00:00:00,2017-10-16 18:46:25,2017-10-03,2017-10-16 18:46:25.000000,2026-08-27T05:17:09.287600+00:00,D:/D drive recovery/Shiva JH/Projects/OneLake Medallion/data/landing/2017-10-03/order_reviews.parquet,2017-10-03
f48efda92d748b8be3d6d8cb473f7597,f7c983ea77108633138dd0ff5e2fbd3a,1,,O produto deveria ter chegado dia 03/11 mas nao chegou. Ele continua como no status da nota fiscal emitida. A empresa responsável designava 20 dias úteis (que ja é um tempo considerável).,2017-11-05 00:00:00,2017-11-05 03:03:06,2017-10-03,2017-11-05 03:03:06.000000,2026-08-27T05:17:09.287600+00:00,D:/D drive recovery/Shiva JH/Projects/OneLake Medallion/data/landing/2017-10-03/order_reviews.parquet,2017-10-03
c44bcd1dcd2dfa3e1327896af27db804,e1171120e3b1615034d5372b0d3254a7,5,,,2017-10-12 00:00:00,2017-10-14 22:53:45,2017-10-03,2017-10-14 22:53:45.000000,2026-08-27T05:17:09.287600+00:00,D:/D drive recovery/Shiva JH/Projects/OneLake Medallion/data/landing/2017-10-03/order_reviews.parquet,2017-10-03
9bb99841295b81d305f138b682e7c428,8c7b47a875c412c4303eefc88e9d92c9,4,,Sempre no prazo ,2017-10-10 00:00:00,2017-10-11 21:06:35,2017-10-03,2017-10-11 21:06:35.000000,2026-08-27T05:17:09.287600+00:00,D:/D drive recovery/Shiva JH/Projects/OneLake Medallion/data/landing/2017-10-03/order_reviews.parquet,2017-10-03
94770e3c936d0d831f26a020784b5f5f,07dcf38560b8c50e101b3281edda6112,4,,Ainda nao utilizei motivo pelo qual nao posso emitir minha opiniao quanto a qualidade do produto.,2017-10-07 00:00:00,2017-10-10 01:08:20,2017-10-03,2017-10-10 01:08:20.000000,2026-08-27T05:17:09.287600+00:00,D:/D drive recovery/Shiva JH/Projects/OneLake Medallion/data/landing/2017-10-03/order_reviews.parquet,2017-10-03
c86ba4be8d5f34ef7bc7cf268ac74c9f,e2c195168dcfb7f5465c1b342ac094ee,4,,,2017-10-11 00:00:00,2017-10-25 18:53:49,2017-10-03,2017-10-25 18:53:49.000000,2026-08-27T05:17:09.287600+00:00,D:/D drive recovery/Shiva JH/Projects/OneLake Medallion/data/landing/2017-10-03/order_reviews.parquet,2017-10-03
ea89628cf22606ea59b71c3d70167c21,d76365196bbcbd01da5825472503cf32,3,,"Gostei do produto, a entrega muito rápida.",2017-10-22 00:00:00,2017-10-22 19:39:44,2017-10-15,2017-10-22 19:39:44.000000,2026-08-27T05:17:09.287600+00:00,D:/D drive recovery/Shiva JH/Projects/OneLake Medallion/data/landing/2017-10-15/order_reviews.parquet,2017-10-15
0d0a5e9de08f12332d98443595099e58,862492c97a277f223e8cb4d665d80c0a,5,,,2017-10-28 00:00:00,2017-11-06 20:20:07,2017-10-15,2017-11-06 20:20:07.000000,2026-08-27T05:17:09.287600+00:00,D:/D drive recovery/Shiva JH/Projects/OneLake Medallion/data/landing/2017-10-15/order_reviews.parquet,2017-10-15
0aa9ee8d880dbe7042495c6eecb9a73c,ce6615d572a95ae4df7bcb227fa4d3a0,1,,Produto ...bom..como eu esperava..com o no anúncio,2017-11-08 00:00:00,2017-11-11 00:10:15,2017-10-27,2017-11-11 00:10:15.000000,2026-08-27T05:17:09.287600+00:00,D:/D drive recovery/Shiva JH/Projects/OneLake Medallion/data/landing/2017-10-27/order_reviews.parquet,2017-10-27
abb93006043ed53e6d7f0b863040a193,b36055b266e36286316fa70c35de581a,4,,,2017-11-11 00:00:00,2017-11-14 10:59:31,2017-10-27,2017-11-14 10:59:31.000000,2026-08-27T05:17:09.287600+00:00,D:/D drive recovery/Shiva JH/Projects/OneLake Medallion/data/landing/2017-10-27/order_reviews.parquet,2017-10-27
18695c248de6b19fd8914765fe3a5009,1457abef78cd241e85fd946503cb4e16,5,,,2017-11-08 00:00:00,2017-11-08 20:46:32,2017-10-27,2017-11-08 20:46:32.000000,2026-08-27T05:17:09.287600+00:00,D:/D drive recovery/Shiva JH/Projects/OneLake Medallion/data/landing/2017-10-27/order_reviews.parquet,2017-10-27
6719ca4752058aff0db13972cbf5b0b6,7ecd6da80b57a803fc59819f59bcdc4b,5,,Produto entregue dentro do prazo e em perfeitas condições. ,2017-11-09 00:00:00,2017-11-17 14:09:16,2017-10-27,2017-11-17 14:09:16.000000,2026-08-27T05:17:09.287600+00:00,D:/D drive recovery/Shiva JH/Projects/OneLake Medallion/data/landing/2017-10-27/order_reviews.parquet,2017-10-27
e4b83333e2782af08040415842311eef,60a348897e04524c8ab3287426da6417,3,,Pagamos o frete para a equipe da entrega não nos entregar no domicilio. Tive que chegar super tarde no trabalho para me deslocar até os correios.,2017-11-17 00:00:00,2017-11-17 15:02:51,2017-10-27,2017-11-17 15:02:51.000000,2026-08-27T05:17:09.287600+00:00,D:/D drive recovery/Shiva JH/Projects/OneLake Medallion/data/landing/2017-10-27/order_reviews.parquet,2017-10-27
96db2ca7f9c270c5a234d4d3e39dc879,1446f87ab63443ca948c7faa3d7ef194,1,,"Do total de 2 produtos foi entregue apenas um, e o outro até o presente momento nada ( 21/11/2017)",2017-11-15 00:00:00,2017-11-21 15:13:00,2017-11-08,2017-11-21 15:13:00.000000,2026-08-27T05:17:09.287600+00:00,D:/D drive recovery/Shiva JH/Projects/OneLake Medallion/data/landing/2017-11-08/order_reviews.parquet,2017-11-08
66ae480859346b3ac6614d9646357524,4316bb50be3f59538c354e3d820f1d9c,3,,,2017-11-30 00:00:00,2017-11-30 18:50:44,2017-11-08,2017-11-30 18:50:44.000000,2026-08-27T05:17:09.287600+00:00,D:/D drive recovery/Shiva JH/Projects/OneLake Medallion/data/landing/2017-11-08/order_reviews.parquet,2017-11-08
be1183402642c1d375b75112b2c4cf13,88355d23a2bdd3a707ab181aef5411e8,5,,,2017-11-23 00:00:00,2017-11-23 23:58:10,2017-11-20,2017-11-23 23:58:10.000000,2026-08-27T05:17:09.287600+00:00,D:/D drive recovery/Shiva JH/Projects/OneLake Medallion/data/landing/2017-11-20/order_reviews.parquet,2017-11-20
a3bfd5f662de2b1e476ba8c4c31bd169,feebc8143071c1f555cbce155a2d8295,3,,,2017-12-19 00:00:00,2017-12-20 11:17:18,2017-11-20,2017-12-20 11:17:18.000000,2026-08-27T05:17:09.287600+00:00,D:/D drive recovery/Shiva JH/Projects/OneLake Medallion/data/landing/2017-11-20/order_reviews.parquet,2017-11-20
fa6802dda2cd5015410612ad9725dfbf,3a20bcc250e5404ca717dfa90e8a9c05,1,,Falta de compromisso ,2017-12-09 00:00:00,2017-12-09 20:29:47,2017-11-20,2017-12-09 20:29:47.000000,2026-08-27T05:17:09.287600+00:00,D:/D drive recovery/Shiva JH/Projects/OneLake Medallion/data/landing/2017-11-20/order_reviews.parquet,2017-11-20
3913502fd291ae0e2a1626aa66a267cc,6951c3fa48b145ff2b579b11554d8116,4,,,2017-11-30 00:00:00,2017-12-05 15:26:33,2017-11-20,2017-12-05 15:26:33.000000,2026-08-27T05:17:09.287600+00:00,D:/D drive recovery/Shiva JH/Projects/OneLake Medallion/data/landing/2017-11-20/order_reviews.parquet,2017-11-20
c5c74010c5c6109c80c992291216f482,205e94cc10bf8b9be1917d15963e6648,5,,,2017-12-21 00:00:00,2017-12-22 13:35:45,2017-12-02,2017-12-22 13:35:45.000000,2026-08-27T05:17:09.287600+00:00,D:/D drive recovery/Shiva JH/Projects/OneLake Medallion/data/landing/2017-12-02/order_reviews.parquet,2017-12-02
78558a30a710f287e37ff65000b691b9,80242ba2ebddeb4f86af40cd158ff6fc,4,,,2017-12-19 00:00:00,2017-12-22 19:01:12,2017-12-02,2017-12-22 19:01:12.000000,2026-08-27T05:17:09.287600+00:00,D:/D drive recovery/Shiva JH/Projects/OneLake Medallion/data/landing/2017-12-02/order_reviews.parquet,2017-12-02
56df0ad463546a440ed1efb60c6d3def,284a65b124f634fdf426aa8e768fe8ab,1,,"Comprei para ser presente de natal, porem nao recebi o produto, estou solicitando o reembolso",2018-01-07 00:00:00,2018-01-09 12:53:23,2017-12-02,2018-01-09 12:53:23.000000,2026-08-27T05:17:09.287600+00:00,D:/D drive recovery/Shiva JH/Projects/OneLake Medallion/data/landing/2017-12-02/order_reviews.parquet,2017-12-02
f84b72441f9eef9a80b308a66712824d,b7500c718b66aa61283dcc1565a39bf0,5,,,2018-01-05 00:00:00,2018-01-06 20:20:56,2017-12-02,2018-01-06 20:20:56.000000,2026-08-27T05:17:09.287600+00:00,D:/D drive recovery/Shiva JH/Projects/OneLake Medallion/data/landing/2017-12-02/order_reviews.parquet,2017-12-02
335889d90eb539151df37e3470fc653b,91bcb2a4582479914b3c1e17a7464caa,1,,Era duas mesas e só recebi um quando irá chegar a outra e pq não foi as duas de vez,2017-12-31 00:00:00,2017-12-31 19:14:32,2017-12-14,2017-12-31 19:14:32.000000,2026-08-27T05:17:09.287600+00:00,D:/D drive recovery/Shiva JH/Projects/OneLake Medallion/data/landing/2017-12-14/order_reviews.parquet,2017-12-14
3e5ea3a9fa3be7c94934e6d82e8c1d9c,cd23f3689cab3a020096a36f849bcd20,4,,"Comprei cartucho compatível com a impressora Deskjet 4580 , cartucho colorido 21 ml.
Recebi com 17 ml e na embalagem não consta o número de minha Deskjet. . O que faço ? 
",2017-12-27 00:00:00,2017-12-31 13:09:47,2017-12-14,2017-12-31 13:09:47.000000,2026-08-27T05:17:09.287600+00:00,D:/D drive recovery/Shiva JH/Projects/OneLake Medallion/data/landing/2017-12-14/order_reviews.parquet,2017-12-14
1e0d37b57b91572635aaff46516a0bf9,528d7f1b0be23f9c70baba6be75d8a26,3,,Tonner reciclado,2017-12-28 00:00:00,2018-01-02 10:17:29,2017-12-14,2018-01-02 10:17:29.000000,2026-08-27T05:17:09.287600+00:00,D:/D drive recovery/Shiva JH/Projects/OneLake Medallion/data/landing/2017-12-14/order_reviews.parquet,2017-12-14
02451cbf84d82609e4d10d4a8e798a57,2ca72b762bd6252e6d2ffb6188556add,5,,,2018-01-06 00:00:00,2018-01-07 18:46:53,2017-12-14,2018-01-07 18:46:53.000000,2026-08-27T05:17:09.287600+00:00,D:/D drive recovery/Shiva JH/Projects/OneLake Medallion/data/landing/2017-12-14/order_reviews.parquet,2017-12-14
22f7463ed27395bdc6ffb5241c0c04fc,aeee18f9e96661619be19ae8346c072e,5,,,2017-12-21 00:00:00,2018-01-09 18:54:44,2017-12-14,2018-01-09 18:54:44.000000,2026-08-27T05:17:09.287600+00:00,D:/D drive recovery/Shiva JH/Projects/OneLake Medallion/data/landing/2017-12-14/order_reviews.parquet,2017-12-14
e4adcb366bf9daba66d61c6a1d7b551f,44899a0a37e97bd716c345a12ad20bbe,4,,,2018-01-06 00:00:00,2018-01-08 23:24:04,2017-12-14,2018-01-08 23:24:04.000000,2026-08-27T05:17:09.287600+00:00,D:/D drive recovery/Shiva JH/Projects/OneLake Medallion/data/landing/2017-12-14/order_reviews.parquet,2017-12-14
7e93d377fae040c326c094cf805dc5dc,950d73734673943202a34946bb62db32,5,,,2017-12-29 00:00:00,2017-12-30 13:20:52,2017-12-14,2017-12-30 13:20:52.000000,2026-08-27T05:17:09.287600+00:00,D:/D drive recovery/Shiva JH/Projects/OneLake Medallion/data/landing/2017-12-14/order_reviews.parquet,2017-12-14
ebb82a65ec6634eef1d030c982b54451,bb9e3fdfc33f7fe56fd38f6adacf760f,1,,Impossível avaliar sem o produto em mãos ,2018-01-20 00:00:00,2018-01-23 09:22:59,2017-12-26,2018-01-23 09:22:59.000000,2026-08-27T05:17:09.287600+00:00,D:/D drive recovery/Shiva JH/Projects/OneLake Medallion/data/landing/2017-12-26/order_reviews.parquet,2017-12-26
728a2ebc092053ee5170c789f7819f31,18eb214910ec2bded53b74594b53a8ec,5,,Excelente vendedor. Rápido e eficiente.,2018-01-24 00:00:00,2018-01-25 10:45:54,2017-12-26,2018-01-25 10:45:54.000000,2026-08-27T05:17:09.287600+00:00,D:/D drive recovery/Shiva JH/Projects/OneLake Medallion/data/landing/2017-12-26/order_reviews.parquet,2017-12-26
085e8ab4b5e7f3fd118b64dd3680f40f,e2862f848920abc6614808a5f4b9e963,5,,,2018-01-20 00:00:00,2018-01-23 23:09:25,2017-12-26,2018-01-23 23:09:25.000000,2026-08-27T05:17:09.287600+00:00,D:/D drive recovery/Shiva JH/Projects/OneLake Medallion/data/landing/2017-12-26/order_reviews.parquet,2017-12-26
29af1dbf82191f0edfe25f006f7fe2d1,ef690426d84aff4f5560cb63d1092557,5,,,2018-01-14 00:00:00,2018-01-15 00:14:11,2018-01-07,2018-01-15 00:14:11.000000,2026-08-27T05:17:09.287600+00:00,D:/D drive recovery/Shiva JH/Projects/OneLake Medallion/data/landing/2018-01-07/order_reviews.parquet,2018-01-07
a5d5e322bbf12a7db241dc219328bcf3,ad6162000c72729addfa515bacd820a5,3,,,2018-01-17 00:00:00,2018-01-18 18:40:30,2018-01-07,2018-01-18 18:40:30.000000,2026-08-27T05:17:09.287600+00:00,D:/D drive recovery/Shiva JH/Projects/OneLake Medallion/data/landing/2018-01-07/order_reviews.parquet,2018-01-07
92ebd832fa678fdf3033f31507d76d24,40bc1f323f6bb2c5fb7d2cae41952a21,5,,"Chegou antes do prazo, tapete lindo e ótimo 
",2018-01-16 00:00:00,2018-01-16 20:52:50,2018-01-07,2018-01-16 20:52:50.000000,2026-08-27T05:17:09.287600+00:00,D:/D drive recovery/Shiva JH/Projects/OneLake Medallion/data/landing/2018-01-07/order_reviews.parquet,2018-01-07
0bf6d8e60683395ced2b361ca9a33695,cdd73574196041c23e5d79e121180830,4,,"O controle veio com um defeito na carcaça mas é de ótima qualidade, recomendo.",2018-01-27 00:00:00,2018-01-28 01:38:05,2018-01-19,2018-01-28 01:38:05.000000,2026-08-27T05:17:09.287600+00:00,D:/D drive recovery/Shiva JH/Projects/OneLake Medallion/data/landing/2018-01-19/order_reviews.parquet,2018-01-19
77a36e7d802314d13fc47829d2a0c469,25f3b8d528da241b7344e926baf475e1,5,,"Produto chegou antes do previsto. 
Impecável!
Recomendo.",2018-01-24 00:00:00,2018-01-25 18:17:27,2018-01-19,2018-01-25 18:17:27.000000,2026-08-27T05:17:09.287600+00:00,D:/D drive recovery/Shiva JH/Projects/OneLake Medallion/data/landing/2018-01-19/order_reviews.parquet,2018-01-19
11de09cabd100775867a307b5a5de8d9,b4ea6b63bcab8995631b98deef749657,5,,O produto foi entregue muito antes do prazo. Estou muito satisfeita com a empresa.,2018-01-24 00:00:00,2018-01-26 12:44:19,2018-01-19,2018-01-26 12:44:19.000000,2026-08-27T05:17:09.287600+00:00,D:/D drive recovery/Shiva JH/Projects/OneLake Medallion/data/landing/2018-01-19/order_reviews.parquet,2018-01-19
c8e20e8dd9f3039d4807722ffc39ecdf,18837d7b525922b9023193325e574a6c,5,,,2018-01-30 00:00:00,2018-01-31 11:43:51,2018-01-19,2018-01-31 11:43:51.000000,2026-08-27T05:17:09.287600+00:00,D:/D drive recovery/Shiva JH/Projects/OneLake Medallion/data/landing/2018-01-19/order_reviews.parquet,2018-01-19
940026ec83007a6e8aeefecaf0c56a92,85cebb5f41967daca44f7c7883856f96,4,,,2018-01-30 00:00:00,2018-02-01 23:49:08,2018-01-19,2018-02-01 23:49:08.000000,2026-08-27T05:17:09.287600+00:00,D:/D drive recovery/Shiva JH/Projects/OneLake Medallion/data/landing/2018-01-19/order_reviews.parquet,2018-01-19
fae24fd071918f711f1386f325003004,86c1a1c5de6b99e0aed1e7f053862ff9,4,,"Produto de excelente qualidade eu super indico 
",2018-02-15 00:00:00,2018-02-18 12:32:34,2018-01-31,2018-02-18 12:32:34.000000,2026-08-27T05:17:09.287600+00:00,D:/D drive recovery/Shiva JH/Projects/OneLake Medallion/data/landing/2018-01-31/order_reviews.parquet,2018-01-31
b80910a5d2ab042c9198b5afef519da6,16b8cfa26ae224399e457bd5aa7918b8,4,,"Entrega bem antes do esperado 
Gostei!",2018-02-21 00:00:00,2018-02-22 03:07:11,2018-01-31,2018-02-22 03:07:11.000000,2026-08-27T05:17:09.287600+00:00,D:/D drive recovery/Shiva JH/Projects/OneLake Medallion/data/landing/2018-01-31/order_reviews.parquet,2018-01-31
4484faf212258ba6964269def863767d,e07a84ec1cfd8380eecb3f1a2afa7eb6,5,,,2018-02-16 00:00:00,2018-02-16 22:36:52,2018-01-31,2018-02-16 22:36:52.000000,2026-08-27T05:17:09.287600+00:00,D:/D drive recovery/Shiva JH/Projects/OneLake Medallion/data/landing/2018-01-31/order_reviews.parquet,2018-01-31
19866247db89845ef558ef19a6c26fcd,5236307716393b7114b53ee991f36956,5,,Excelente apontador! Em 3 segundos uma ponta perfeita!,2018-02-17 00:00:00,2018-02-18 23:24:14,2018-01-31,2018-02-18 23:24:14.000000,2026-08-27T05:17:09.287600+00:00,D:/D drive recovery/Shiva JH/Projects/OneLake Medallion/data/landing/2018-01-31/order_reviews.parquet,2018-01-31
a4379204b87e1d13d1f6d0e6ea10ab32,a557df88b44a07cf9885eb897089f0f9,1,,O produto entregue não corresponde ao produto que eu encomendei. ,2018-03-08 00:00:00,2018-03-08 21:34:48,2018-02-12,2018-03-08 21:34:48.000000,2026-08-27T05:17:09.287600+00:00,D:/D drive recovery/Shiva JH/Projects/OneLake Medallion/data/landing/2018-02-12/order_reviews.parquet,2018-02-12
101953a8fbbf1cc53809d5615bbf893b,cf287f639abd10b1630574c4a065d4f1,2,,"Meu pedido veio incompleto. No envelope que recebi pelo correio havia apenas uma calculadora, mas na nota informava que eram duas unidades.",2018-02-17 00:00:00,2018-02-19 00:00:01,2018-02-12,2018-02-19 00:00:01.000000,2026-08-27T05:17:09.287600+00:00,D:/D drive recovery/Shiva JH/Projects/OneLake Medallion/data/landing/2018-02-12/order_reviews.parquet,2018-02-12
675a66d46c8923a442096ddf5a1c63d7,b34456bfbeeab3b57566ff099173e885,5,,,2018-02-28 00:00:00,2018-03-02 14:59:20,2018-02-12,2018-03-02 14:59:20.000000,2026-08-27T05:17:09.287600+00:00,D:/D drive recovery/Shiva JH/Projects/OneLake Medallion/data/landing/2018-02-12/order_reviews.parquet,2018-02-12
e6123a594bc62bc95c98dad82ac78bf5,cf751a641521be29ac2213cd1756490b,3,,,2018-03-02 00:00:00,2018-03-02 23:07:38,2018-02-12,2018-03-02 23:07:38.000000,2026-08-27T05:17:09.287600+00:00,D:/D drive recovery/Shiva JH/Projects/OneLake Medallion/data/landing/2018-02-12/order_reviews.parquet,2018-02-12
0a78a7216883be834c7a5d539268a3bb,814948d5529f58dfc7bf33ac7f6adba4,5,,,2018-02-28 00:00:00,2018-02-28 21:24:16,2018-02-12,2018-02-28 21:24:16.000000,2026-08-27T05:17:09.287600+00:00,D:/D drive recovery/Shiva JH/Projects/OneLake Medallion/data/landing/2018-02-12/order_reviews.parquet,2018-02-12
86362c9c929a6901b32c28a80781434e,5175f15824e2cc42b048406820e7d7ce,5,,,2018-02-27 00:00:00,2018-03-04 02:43:24,2018-02-12,2018-03-04 02:43:24.000000,2026-08-27T05:17:09.287600+00:00,D:/D drive recovery/Shiva JH/Projects/OneLake Medallion/data/landing/2018-02-12/order_reviews.parquet,2018-02-12
5b27b1594e25503debba67a7c60cb45a,ac6a6a3e424f679d5069f2cac25e1022,3,,,2018-02-27 00:00:00,2018-03-02 09:42:37,2018-02-12,2018-03-02 09:42:37.000000,2026-08-27T05:17:09.287600+00:00,D:/D drive recovery/Shiva JH/Projects/OneLake Medallion/data/landing/2018-02-12/order_reviews.parquet,2018-02-12
dc802d5e90de0becae76977219c9d247,cc61a8a634ed495116b2ce1fc8d1a1e1,3,,"A minha avaliação é Muito Baixa..., pois, ainda NÃO RECEBI A MINHA COPRA!!!",2018-03-18 00:00:00,2018-03-20 17:28:55,2018-02-24,2018-03-20 17:28:55.000000,2026-08-27T05:17:09.287600+00:00,D:/D drive recovery/Shiva JH/Projects/OneLake Medallion/data/landing/2018-02-24/order_reviews.parquet,2018-02-24
0a5683a1c7e0b53e725dfdc0af95218a,69bc60eaf6ebaa60161426acc2dc5fb4,5,,,2018-03-17 00:00:00,2018-03-18 23:20:09,2018-02-24,2018-03-18 23:20:09.000000,2026-08-27T05:17:09.287600+00:00,D:/D drive recovery/Shiva JH/Projects/OneLake Medallion/data/landing/2018-02-24/order_reviews.parquet,2018-02-24
8d4820d6c1952382a090963ea418a324,e09138cfa9999701ae2e856b3a5eea54,5,,,2018-03-09 00:00:00,2018-03-11 23:52:57,2018-02-24,2018-03-11 23:52:57.000000,2026-08-27T05:17:09.287600+00:00,D:/D drive recovery/Shiva JH/Projects/OneLake Medallion/data/landing/2018-02-24/order_reviews.parquet,2018-02-24
fe66e29cf4cfc800c0686e0ea3eb58a0,45046e1ecaba60bb78aab9cee0da08f5,5,,,2018-03-21 00:00:00,2018-03-22 15:54:07,2018-02-24,2018-03-22 15:54:07.000000,2026-08-27T05:17:09.287600+00:00,D:/D drive recovery/Shiva JH/Projects/OneLake Medallion/data/landing/2018-02-24/order_reviews.parquet,2018-02-24
f007b4e6172cec5a456710b599a3c0b2,395e54e708db966770b5dcc0ad2d93d4,4,,"Otimo,chegou antes do prazo de entrega.produto em otimo estado, muito bom RECOMENTO",2018-03-14 00:00:00,2018-03-16 02:12:39,2018-03-08,2018-03-16 02:12:39.000000,2026-08-27T05:17:09.287600+00:00,D:/D drive recovery/Shiva JH/Projects/OneLake Medallion/data/landing/2018-03-08/order_reviews.parquet,2018-03-08
15c83a1a4f9021f3951967e89a67c227,a5df54b2f6e8aeb73d9547b791a51823,4,,,2018-03-21 00:00:00,2018-03-23 10:19:50,2018-03-08,2018-03-23 10:19:50.000000,2026-08-27T05:17:09.287600+00:00,D:/D drive recovery/Shiva JH/Projects/OneLake Medallion/data/landing/2018-03-08/order_reviews.parquet,2018-03-08
d8af7d6f9c30064ef82591515f589ef8,adaeda2bff57a2960eb4710347cbffa4,2,,"Olá boa noite. Foi entregue apenas 1 travesseiro. Na minha compra são dois kits, no total de quatro travesseiros. Peço que verifique o erro e possa me dá uma resposta em breve.",2018-04-03 00:00:00,2018-04-03 21:32:16,2018-03-20,2018-04-03 21:32:16.000000,2026-08-27T05:17:09.287600+00:00,D:/D drive recovery/Shiva JH/Projects/OneLake Medallion/data/landing/2018-03-20/order_reviews.parquet,2018-03-20
45f17d4d646ab56632c51159f06a5b14,ffec1a6d35149778ec575d5048d44db8,4,,"Amo comprar no baratheon, sempre recebemos os produtos antes do prazo da entrega. As ofertas cabe em nossos bolsos. ",2018-03-29 00:00:00,2018-04-02 12:37:00,2018-03-20,2018-04-02 12:37:00.000000,2026-08-27T05:17:09.287600+00:00,D:/D drive recovery/Shiva JH/Projects/OneLake Medallion/data/landing/2018-03-20/order_reviews.parquet,2018-03-20
375a6c5f8fe9339ace88a863a59e8358,6c1b56e12310e446624917427d430c95,4,,,2018-03-28 00:00:00,2018-04-05 23:24:16,2018-03-20,2018-04-05 23:24:16.000000,2026-08-27T05:17:09.287600+00:00,D:/D drive recovery/Shiva JH/Projects/OneLake Medallion/data/landing/2018-03-20/order_reviews.parquet,2018-03-20
1d90dc444afcaaae38dd84ab89d982d6,a0bd30e5d025046a3a4bc67e02ca6a3a,5,,Produto igual o especificado,2018-04-06 00:00:00,2018-04-06 21:07:11,2018-03-20,2018-04-06 21:07:11.000000,2026-08-27T05:17:09.287600+00:00,D:/D drive recovery/Shiva JH/Projects/OneLake Medallion/data/landing/2018-03-20/order_reviews.parquet,2018-03-20
825c1883f2f33d47de3b3cbd1fd992c1,681ab8d80849148ae66f3f191a142a1f,3,,,2018-04-01 00:00:00,2018-04-10 11:17:11,2018-03-20,2018-04-10 11:17:11.000000,2026-08-27T05:17:09.287600+00:00,D:/D drive recovery/Shiva JH/Projects/OneLake Medallion/data/landing/2018-03-20/order_reviews.parquet,2018-03-20
db2d10962ac9704627748a98c111b28e,c047e1042ab337c92ea23d512b54c5bf,5,,"Produto muito bom, recomendo a loja e o produto",2018-04-10 00:00:00,2018-04-13 08:05:06,2018-03-20,2018-04-13 08:05:06.000000,2026-08-27T05:17:09.287600+00:00,D:/D drive recovery/Shiva JH/Projects/OneLake Medallion/data/landing/2018-03-20/order_reviews.parquet,2018-03-20
0ccdc8567f6c249ae630535382e43bef,1e5a6ddd2dbe3e6f65699e6e643dc5cf,1,,Não recebi.,2018-04-15 00:00:00,2018-04-15 14:23:37,2018-03-20,2018-04-15 14:23:37.000000,2026-08-27T05:17:09.287600+00:00,D:/D drive recovery/Shiva JH/Projects/OneLake Medallion/data/landing/2018-03-20/order_reviews.parquet,2018-03-20
3d6bfefdd379aca2da6257d87591f0df,bb45e059db1abcd5cedfdacadc9abd5e,4,,,2018-03-22 00:00:00,2018-03-24 19:04:59,2018-03-20,2018-03-24 19:04:59.000000,2026-08-27T05:17:09.287600+00:00,D:/D drive recovery/Shiva JH/Projects/OneLake Medallion/data/landing/2018-03-20/order_reviews.parquet,2018-03-20
0b89db97b78e8a32cf537f263f4aeb65,bfcec6fcc6a68c5505537bb8a0a38039,1,,"Não cumpre o prazo de entrega,até agora não recebi o meu produto.",2018-04-08 00:00:00,2018-04-08 12:20:23,2018-03-20,2018-04-08 12:20:23.000000,2026-08-27T05:17:09.287600+00:00,D:/D drive recovery/Shiva JH/Projects/OneLake Medallion/data/landing/2018-03-20/order_reviews.parquet,2018-03-20
ca50d05af330515f3afdbe1204bbddb3,019edbdfeb6923e55558362c2b84ec37,5,,,2018-04-06 00:00:00,2018-04-06 22:40:37,2018-04-01,2018-04-06 22:40:37.000000,2026-08-27T05:17:09.287600+00:00,D:/D drive recovery/Shiva JH/Projects/OneLake Medallion/data/landing/2018-04-01/order_reviews.parquet,2018-04-01
e54453ba6af08977b4593d9cfdca389d,14b8a3dec1630400442e5cb91e6a3e38,5,,,2018-04-11 00:00:00,2018-04-11 13:57:06,2018-04-01,2018-04-11 13:57:06.000000,2026-08-27T05:17:09.287600+00:00,D:/D drive recovery/Shiva JH/Projects/OneLake Medallion/data/landing/2018-04-01/order_reviews.parquet,2018-04-01
e0019ab7c4d0ce1a22aaf3688d5bb61f,f2228e3e55ff956909ad7750f08516fd,5,,,2018-04-12 00:00:00,2018-04-13 11:09:23,2018-04-01,2018-04-13 11:09:23.000000,2026-08-27T05:17:09.287600+00:00,D:/D drive recovery/Shiva JH/Projects/OneLake Medallion/data/landing/2018-04-01/order_reviews.parquet,2018-04-01
3cf4aaa7f15e480d968c98623517811b,388d683431db37774946413cbb22210b,1,,,2018-04-06 00:00:00,2018-04-15 15:19:20,2018-04-01,2018-04-15 15:19:20.000000,2026-08-27T05:17:09.287600+00:00,D:/D drive recovery/Shiva JH/Projects/OneLake Medallion/data/landing/2018-04-01/order_reviews.parquet,2018-04-01
1bb683a9b01d9bbd58fc9ccce0cbfde4,793313d521603b9c7030e6bc60f6c692,5,,Tudo ok,2018-04-10 00:00:00,2018-04-10 16:27:54,2018-04-01,2018-04-10 16:27:54.000000,2026-08-27T05:17:09.287600+00:00,D:/D drive recovery/Shiva JH/Projects/OneLake Medallion/data/landing/2018-04-01/order_reviews.parquet,2018-04-01
6d6bb0ca40705a2ec114ec7205726bc4,b62c9d7c54bcbba4952040001348e00c,5,,muito bom,2018-04-25 00:00:00,2018-04-26 11:59:53,2018-04-13,2018-04-26 11:59:53.000000,2026-08-27T05:17:09.287600+00:00,D:/D drive recovery/Shiva JH/Projects/OneLake Medallion/data/landing/2018-04-13/order_reviews.parquet,2018-04-13
67400179a95f842aa144cb397211bb59,793c97a0188117b9b0aad84f6cc8883e,5,,"O tempo de entrega chegou até antes,eu estava muito ansiosa para receber o produto.chegou na caixa tudo certo,garantia e nota fiscal.achei até que fosse réplica por ser leve,mas é original.",2018-04-24 00:00:00,2018-04-26 09:02:39,2018-04-13,2018-04-26 09:02:39.000000,2026-08-27T05:17:09.287600+00:00,D:/D drive recovery/Shiva JH/Projects/OneLake Medallion/data/landing/2018-04-13/order_reviews.parquet,2018-04-13
2ce5725e9e7848bbafd96d70ba6ffe68,ae58081c0be4ca730f53473f8f5d5df7,5,,,2018-04-19 00:00:00,2018-04-19 22:42:07,2018-04-13,2018-04-19 22:42:07.000000,2026-08-27T05:17:09.287600+00:00,D:/D drive recovery/Shiva JH/Projects/OneLake Medallion/data/landing/2018-04-13/order_reviews.parquet,2018-04-13
330fe0ce99ba24f9e8c1fe4493ecf9b9,ffc2926aeab97ab6dc7585276c9b9371,5,Recomendo ,Gosto de acompanhar o pedido e essa empresa nos fornece esse recurso. ,2018-04-26 00:00:00,2018-04-26 19:15:43,2018-04-13,2018-04-26 19:15:43.000000,2026-08-27T05:17:09.287600+00:00,D:/D drive recovery/Shiva JH/Projects/OneLake Medallion/data/landing/2018-04-13/order_reviews.parquet,2018-04-13
6321fbe8fb98d0a693f19c033b055fa5,43c37b919d77db66c82f92bb20543879,5,Aprovadissimo ,"Entrega rápida, relógio lindo e em perfeito estado. Produto também veio muito bem embalado. Parabéns a lannister.",2018-05-03 00:00:00,2018-05-07 03:30:31,2018-04-25,2018-05-07 03:30:31.000000,2026-08-27T05:17:09.287600+00:00,D:/D drive recovery/Shiva JH/Projects/OneLake Medallion/data/landing/2018-04-25/order_reviews.parquet,2018-04-25
82cdd7ec5726837cbcb0dbd88a2f5f95,bb7cf7d6dbc99d0fd7bf5c103862d714,4,otimo,"atendeu as minhas necessidades gostei muito 


 ",2018-05-17 00:00:00,2018-05-26 16:45:33,2018-04-25,2018-05-26 16:45:33.000000,2026-08-27T05:17:09.287600+00:00,D:/D drive recovery/Shiva JH/Projects/OneLake Medallion/data/landing/2018-04-25/order_reviews.parquet,2018-04-25
ccc4309d7e66b821569f55580626329e,a7e7febecea6f5fe00ebcc7a0a91080d,5,,,2018-05-09 00:00:00,2018-05-11 19:56:02,2018-04-25,2018-05-11 19:56:02.000000,2026-08-27T05:17:09.287600+00:00,D:/D drive recovery/Shiva JH/Projects/OneLake Medallion/data/landing/2018-04-25/order_reviews.parquet,2018-04-25
a92ff583018978f811ce3059af6d3e9d,e69ba661394e76586286fdc88fdfa5f4,4,Boa.,Eu gostei porém não estarei aínda.,2018-05-03 00:00:00,2018-05-04 18:00:40,2018-04-25,2018-05-04 18:00:40.000000,2026-08-27T05:17:09.287600+00:00,D:/D drive recovery/Shiva JH/Projects/OneLake Medallion/data/landing/2018-04-25/order_reviews.parquet,2018-04-25
32721a8bec9837ab2da52be0aa20aeec,ecd832254262868776a1381df4b0be02,5,tudo ok,conforme o combinado ,2018-05-13 00:00:00,2018-05-21 17:38:58,2018-04-25,2018-05-21 17:38:58.000000,2026-08-27T05:17:09.287600+00:00,D:/D drive recovery/Shiva JH/Projects/OneLake Medallion/data/landing/2018-04-25/order_reviews.parquet,2018-04-25
0444581764dc8d090ada6a048fe83d09,8507049ba787aece6fadc233efdbb0b3,5,,,2018-05-09 00:00:00,2018-05-10 11:00:12,2018-04-25,2018-05-10 11:00:12.000000,2026-08-27T05:17:09.287600+00:00,D:/D drive recovery/Shiva JH/Projects/OneLake Medallion/data/landing/2018-04-25/order_reviews.parquet,2018-04-25
24e9d0479424c21f1f6e57a48b3664fd,d52ec59371d4477349b3a26e9607dc2c,5,,,2018-05-11 00:00:00,2018-05-14 11:16:55,2018-05-07,2018-05-14 11:16:55.000000,2026-08-27T05:17:09.287600+00:00,D:/D drive recovery/Shiva JH/Projects/OneLake Medallion/data/landing/2018-05-07/order_reviews.parquet,2018-05-07
88e109b99da73e2277fe13ac2c15c86f,299c93716e44a3cc7521ffd9b2db1fc3,5,,Ótimo adorei o produto foi entregue no prazo muito bom recomendo,2018-05-17 00:00:00,2018-05-21 10:48:55,2018-05-07,2018-05-21 10:48:55.000000,2026-08-27T05:17:09.287600+00:00,D:/D drive recovery/Shiva JH/Projects/OneLake Medallion/data/landing/2018-05-07/order_reviews.parquet,2018-05-07
5aa2f39d402a357776c83db27af12f5f,e57d5707be958772890c6933f30e7e21,5,Sempre perfeita,O produto é de excelente qualidade. Entrega antes do prazo. Sou cliente antigo. Aqui encontro tudo que preciso e com um preço justo. ,2018-05-16 00:00:00,2018-05-17 02:17:09,2018-05-07,2018-05-17 02:17:09.000000,2026-08-27T05:17:09.287600+00:00,D:/D drive recovery/Shiva JH/Projects/OneLake Medallion/data/landing/2018-05-07/order_reviews.parquet,2018-05-07
8818b8c260bee30465f7f3ca5a24a2a8,afd40c7db09c18759908ed9d6c66fa2a,3,,,2018-05-15 00:00:00,2018-05-17 10:02:43,2018-05-07,2018-05-17 10:02:43.000000,2026-08-27T05:17:09.287600+00:00,D:/D drive recovery/Shiva JH/Projects/OneLake Medallion/data/landing/2018-05-07/order_reviews.parquet,2018-05-07
8bb45fbd1d428e36f2966f9da39e69b7,31effa440b34ae0432d83ef645db463a,5,Gostei muito!,"Muito boa a entrega, recomendo .",2018-05-19 00:00:00,2018-05-22 14:07:41,2018-05-07,2018-05-22 14:07:41.000000,2026-08-27T05:17:09.287600+00:00,D:/D drive recovery/Shiva JH/Projects/OneLake Medallion/data/landing/2018-05-07/order_reviews.parquet,2018-05-07
8eef81d5c11d56f0c34a3dd6193bbb5b,7355fd322343b5e2adebd1f0c88e0e33,5,Muito bom,Confio nas Lojas lannister. Obrigado.,2018-05-30 00:00:00,2018-06-01 12:48:56,2018-05-07,2018-06-01 12:48:56.000000,2026-08-27T05:17:09.287600+00:00,D:/D drive recovery/Shiva JH/Projects/OneLake Medallion/data/landing/2018-05-07/order_reviews.parquet,2018-05-07
78b6343eb3a567a56a8a89af3726d04b,adf96d0e2ffb63b63d3a13180811c100,5,,,2018-06-11 00:00:00,2018-06-11 16:11:33,2018-05-19,2018-06-11 16:11:33.000000,2026-08-27T05:17:09.287600+00:00,D:/D drive recovery/Shiva JH/Projects/OneLake Medallion/data/landing/2018-05-19/order_reviews.parquet,2018-05-19
cd8d4a30ad24a355409b1e453644c5e9,c1b677b6a491c2855ba8486d1f5343b9,5,,,2018-06-06 00:00:00,2018-06-08 18:33:31,2018-05-19,2018-06-08 18:33:31.000000,2026-08-27T05:17:09.287600+00:00,D:/D drive recovery/Shiva JH/Projects/OneLake Medallion/data/landing/2018-05-19/order_reviews.parquet,2018-05-19
97606e0a6fd5b7b5173f5b1edf6204ff,6223137644b9e1da72b9876c3de86b39,3,,,2018-06-10 00:00:00,2018-06-10 14:55:03,2018-05-31,2018-06-10 14:55:03.000000,2026-08-27T05:17:09.287600+00:00,D:/D drive recovery/Shiva JH/Projects/OneLake Medallion/data/landing/2018-05-31/order_reviews.parquet,2018-05-31
ef6722f7a6ab41a46064e6c0c8ff6792,df5c6aca62db71fbe451c0408bde2817,5,,,2018-06-13 00:00:00,2018-06-13 23:35:55,2018-05-31,2018-06-13 23:35:55.000000,2026-08-27T05:17:09.287600+00:00,D:/D drive recovery/Shiva JH/Projects/OneLake Medallion/data/landing/2018-05-31/order_reviews.parquet,2018-05-31
9a8884861c6d83bcab8cb26237a83c12,c950a394ee0369c853e3a1a55090e287,5,,,2018-06-04 00:00:00,2018-06-08 02:59:34,2018-05-31,2018-06-08 02:59:34.000000,2026-08-27T05:17:09.287600+00:00,D:/D drive recovery/Shiva JH/Projects/OneLake Medallion/data/landing/2018-05-31/order_reviews.parquet,2018-05-31
0782c3132b72ffc718287a941715cd64,743f0286b8d819a10c071fdf2c1e2f5f,5,ok,,2018-06-07 00:00:00,2018-06-07 19:25:53,2018-05-31,2018-06-07 19:25:53.000000,2026-08-27T05:17:09.287600+00:00,D:/D drive recovery/Shiva JH/Projects/OneLake Medallion/data/landing/2018-05-31/order_reviews.parquet,2018-05-31
c05c91077c7375b78234541b461f8acf,59362dfdfc742008cd6889fda33dd61e,4,Nota 9,"Adorei o produto, como na imagem.",2018-06-23 00:00:00,2018-06-24 02:22:17,2018-05-31,2018-06-24 02:22:17.000000,2026-08-27T05:17:09.287600+00:00,D:/D drive recovery/Shiva JH/Projects/OneLake Medallion/data/landing/2018-05-31/order_reviews.parquet,2018-05-31
fbd668fbb4413897cf389704293d7a48,46dc14e76e68252f0c7883545008ca1a,3,dvolução do produto,"quero devolver oproduto,po no mesmo dia que comprei cancelei a compra antes de emitir a nota fiscal,como manda o site então gostaria de estar devolvendo",2018-06-08 00:00:00,2018-06-08 14:54:23,2018-05-31,2018-06-08 14:54:23.000000,2026-08-27T05:17:09.287600+00:00,D:/D drive recovery/Shiva JH/Projects/OneLake Medallion/data/landing/2018-05-31/order_reviews.parquet,2018-05-31
fa37a262602f63dad206cb8bfda17ad0,3b981944c4d2df767cc524ebcb06d7e9,5,,,2018-06-21 00:00:00,2018-06-22 10:56:36,2018-06-12,2018-06-22 10:56:36.000000,2026-08-27T05:17:09.287600+00:00,D:/D drive recovery/Shiva JH/Projects/OneLake Medallion/data/landing/2018-06-12/order_reviews.parquet,2018-06-12
8746a6150417f7cb4e628b3fd7c2bac6,f4ee4273538924bda6212f5948e80fde,5,Maravilha,Tudo perfeito,2018-06-26 00:00:00,2018-06-27 00:35:57,2018-06-12,2018-06-27 00:35:57.000000,2026-08-27T05:17:09.287600+00:00,D:/D drive recovery/Shiva JH/Projects/OneLake Medallion/data/landing/2018-06-12/order_reviews.parquet,2018-06-12
0441b44048d2bdca1077c917998510fe,6f35836667ade2d13ba10c2b18bfd713,5,,,2018-06-20 00:00:00,2018-06-20 20:23:27,2018-06-12,2018-06-20 20:23:27.000000,2026-08-27T05:17:09.287600+00:00,D:/D drive recovery/Shiva JH/Projects/OneLake Medallion/data/landing/2018-06-12/order_reviews.parquet,2018-06-12
4b751c1da001293498303658d78929d8,5cb4a587f7a1629930151748b4197991,5,Ameeeeei,"Livro maravilhoso,muito aprendizado, a entrega veio antes do prazo previsto!",2018-06-20 00:00:00,2018-06-23 17:55:38,2018-06-12,2018-06-23 17:55:38.000000,2026-08-27T05:17:09.287600+00:00,D:/D drive recovery/Shiva JH/Projects/OneLake Medallion/data/landing/2018-06-12/order_reviews.parquet,2018-06-12
255914c36bceb7a16751300ec93b8b07,fd2f3b1ef3f5448ff37c4e0fea64c1cd,5,,,2018-06-15 00:00:00,2018-06-20 14:15:12,2018-06-12,2018-06-20 14:15:12.000000,2026-08-27T05:17:09.287600+00:00,D:/D drive recovery/Shiva JH/Projects/OneLake Medallion/data/landing/2018-06-12/order_reviews.parquet,2018-06-12
19619b6048127b31e46773bc1b7db961,fcc9c76cda1ab5637e8ada986e1e3cbe,5,Ok,Otimo,2018-06-27 00:00:00,2018-06-30 01:19:57,2018-06-24,2018-06-30 01:19:57.000000,2026-08-27T05:17:09.287600+00:00,D:/D drive recovery/Shiva JH/Projects/OneLake Medallion/data/landing/2018-06-24/order_reviews.parquet,2018-06-24
1b685ff48ce5d895d63397cb23330f55,627e47b61d377f25bcbf4528f2f4c78a,4,,,2018-06-29 00:00:00,2018-07-02 11:12:03,2018-06-24,2018-07-02 11:12:03.000000,2026-08-27T05:17:09.287600+00:00,D:/D drive recovery/Shiva JH/Projects/OneLake Medallion/data/landing/2018-06-24/order_reviews.parquet,2018-06-24
5d7c107ed1b53722f9a22c68a0ce83e3,ec042ef0cc05d098905c4383c70f9132,4,,,2018-06-27 00:00:00,2018-06-30 01:20:12,2018-06-24,2018-06-30 01:20:12.000000,2026-08-27T05:17:09.287600+00:00,D:/D drive recovery/Shiva JH/Projects/OneLake Medallion/data/landing/2018-06-24/order_reviews.parquet,2018-06-24
740e35bcf941e3a8d0d687bad6dd4c9e,adf766a719fd52b485fa2127fa0dd9a7,5,Bem satisfeito,"Produto chegou bem antes do prazo,recomendo.",2018-06-30 00:00:00,2018-06-30 23:57:35,2018-06-24,2018-06-30 23:57:35.000000,2026-08-27T05:17:09.287600+00:00,D:/D drive recovery/Shiva JH/Projects/OneLake Medallion/data/landing/2018-06-24/order_reviews.parquet,2018-06-24
ffdef1448d1d29619038284fc2e55613,af045d3e5d7082db57d5b5dde3c0c97b,5,,,2017-02-09 00:00:00,2017-02-11 10:27:17,2017-02-01,2017-02-11 10:27:17.000000,2026-08-27T05:17:09.287600+00:00,D:/D drive recovery/Shiva JH/Projects/OneLake Medallion/data/landing/2017-02-01/order_reviews.parquet,2017-02-01
0b28f809b84e3d410886d1accd8e5029,bea5dc01a53188cc309de4fc1f309025,5,,,2017-02-19 00:00:00,2017-02-20 17:57:57,2017-02-13,2017-02-20 17:57:57.000000,2026-08-27T05:17:09.287600+00:00,D:/D drive recovery/Shiva JH/Projects/OneLake Medallion/data/landing/2017-02-13/order_reviews.parquet,2017-02-13
72ec0f869f0fd599ce09812ffb685dfa,e5476d1c0a9bcc909b2f4bc24559bdde,1,,,2017-03-18 00:00:00,2017-03-19 09:44:34,2017-02-13,2017-03-19 09:44:34.000000,2026-08-27T05:17:09.287600+00:00,D:/D drive recovery/Shiva JH/Projects/OneLake Medallion/data/landing/2017-02-13/order_reviews.parquet,2017-02-13
10e7a2cd3aacf1b0b8000e0294b8831e,fdfe08dafc921baeeb1bd5258728837b,4,,,2017-03-04 00:00:00,2017-03-05 17:14:03,2017-02-13,2017-03-05 17:14:03.000000,2026-08-27T05:17:09.287600+00:00,D:/D drive recovery/Shiva JH/Projects/OneLake Medallion/data/landing/2017-02-13/order_reviews.parquet,2017-02-13
1ae2ddf20d9f5d020152afc1d6683e34,a303f65e39cc18fa50d33767fd278543,3,,"Não fosse por causa dos Correios teria recebido no prazo. Mas esta empresa é incapaz de realizar um serviço decente.
Moro em apartamento e os Correios não interfonam no apartamento, apenas na portari",2017-03-08 00:00:00,2017-03-09 12:10:31,2017-02-13,2017-03-09 12:10:31.000000,2026-08-27T05:17:09.287600+00:00,D:/D drive recovery/Shiva JH/Projects/OneLake Medallion/data/landing/2017-02-13/order_reviews.parquet,2017-02-13
39af5f61f760923cf08354a15a81de0c,7743f1958c77de9ebc175860fd1773a6,5,,,2017-03-21 00:00:00,2017-03-22 13:48:37,2017-03-09,2017-03-22 13:48:37.000000,2026-08-27T05:17:09.287600+00:00,D:/D drive recovery/Shiva JH/Projects/OneLake Medallion/data/landing/2017-03-09/order_reviews.parquet,2017-03-09
868c4827b9ab7272338ae1c95d192505,2f0bf599e06ae4fcb639c0acaac2f0ee,5,,,2017-03-16 00:00:00,2017-03-17 12:05:28,2017-03-09,2017-03-17 12:05:28.000000,2026-08-27T05:17:09.287600+00:00,D:/D drive recovery/Shiva JH/Projects/OneLake Medallion/data/landing/2017-03-09/order_reviews.parquet,2017-03-09
4a2342d04cde5e7736b53e012cd83c8b,dc7a419b3cd13b51c38ff9442dfd4009,1,,"Falta de respeito com o consumidor, um dia antes de fechar o prazo máximo de entrega os status mudaram para ""produto indisponível"", falta de respeito é pouco, não recebi uma ligação ou contato da loja",2017-04-19 00:00:00,2017-04-19 07:09:23,2017-03-21,2017-04-19 07:09:23.000000,2026-08-27T05:17:09.287600+00:00,D:/D drive recovery/Shiva JH/Projects/OneLake Medallion/data/landing/2017-03-21/order_reviews.parquet,2017-03-21
6592fa532af0ab4dab03b4f9b40f05c1,a651dd7999c6a879cc25638f0cc36c54,3,,,2017-03-31 00:00:00,2017-04-03 02:19:18,2017-03-21,2017-04-03 02:19:18.000000,2026-08-27T05:17:09.287600+00:00,D:/D drive recovery/Shiva JH/Projects/OneLake Medallion/data/landing/2017-03-21/order_reviews.parquet,2017-03-21
93723f7b1a6b405592c987c0bce2d83e,21508e950b0edd39774e72dadfd809b1,5,,,2017-04-21 00:00:00,2017-04-24 11:22:28,2017-04-02,2017-04-24 11:22:28.000000,2026-08-27T05:17:09.287600+00:00,D:/D drive recovery/Shiva JH/Projects/OneLake Medallion/data/landing/2017-04-02/order_reviews.parquet,2017-04-02
664afb189b16adb04d16ae13cc77270a,82383d6d5aa835a4c02cf0c9d56895ce,5,,,2017-04-11 00:00:00,2017-04-13 21:16:37,2017-04-02,2017-04-13 21:16:37.000000,2026-08-27T05:17:09.287600+00:00,D:/D drive recovery/Shiva JH/Projects/OneLake Medallion/data/landing/2017-04-02/order_reviews.parquet,2017-04-02
bcb07258bada3f6ec84dccba47b17b65,24cfb770f308b181cc3ae36ca3d573ad,1,,,2017-04-28 00:00:00,2017-04-28 18:49:19,2017-04-02,2017-04-28 18:49:19.000000,2026-08-27T05:17:09.287600+00:00,D:/D drive recovery/Shiva JH/Projects/OneLake Medallion/data/landing/2017-04-02/order_reviews.parquet,2017-04-02
8f06dfa1fbdec585568c69552401f1bf,7f93d00f6512fe25e73b5de688cd5677,3,,,2017-05-10 00:00:00,2017-05-10 05:44:17,2017-04-14,2017-05-10 05:44:17.000000,2026-08-27T05:17:09.287600+00:00,D:/D drive recovery/Shiva JH/Projects/OneLake Medallion/data/landing/2017-04-14/order_reviews.parquet,2017-04-14
3e20cc612c0b6c72d47f94155517c88a,3ddfb3c5858191cc1e798ac13e6ef582,5,,,2017-05-06 00:00:00,2017-05-08 11:17:12,2017-04-26,2017-05-08 11:17:12.000000,2026-08-27T05:17:09.287600+00:00,D:/D drive recovery/Shiva JH/Projects/OneLake Medallion/data/landing/2017-04-26/order_reviews.parquet,2017-04-26
0eecd75ccf637161edfc076b931948bf,75090e5cd5378d0ed281964a43e7bca9,4,,,2017-05-11 00:00:00,2017-05-12 01:13:03,2017-04-26,2017-05-12 01:13:03.000000,2026-08-27T05:17:09.287600+00:00,D:/D drive recovery/Shiva JH/Projects/OneLake Medallion/data/landing/2017-04-26/order_reviews.parquet,2017-04-26
4003ebd026ac7d5cbc89c4f32bd82190,cfdf81381a8bc683d8905713f2ed6614,1,,,2017-05-28 00:00:00,2017-05-30 02:05:25,2017-04-26,2017-05-30 02:05:25.000000,2026-08-27T05:17:09.287600+00:00,D:/D drive recovery/Shiva JH/Projects/OneLake Medallion/data/landing/2017-04-26/order_reviews.parquet,2017-04-26
e2af094d930fb1a5e8eee10dd6202e41,1ffb9dc91fdfd3d86671c5dc2a94dab1,5,,"Muito boa a entrega e no tempo certo, valeu a pena!",2017-05-27 00:00:00,2017-05-27 23:01:03,2017-05-08,2017-05-27 23:01:03.000000,2026-08-27T05:17:09.287600+00:00,D:/D drive recovery/Shiva JH/Projects/OneLake Medallion/data/landing/2017-05-08/order_reviews.parquet,2017-05-08
d28d679d1c57ef5e01455d287846065e,c820d5fbb72e2b0a48074c0f7f08a295,5,,,2017-05-25 00:00:00,2017-05-26 00:49:12,2017-05-08,2017-05-26 00:49:12.000000,2026-08-27T05:17:09.287600+00:00,D:/D drive recovery/Shiva JH/Projects/OneLake Medallion/data/landing/2017-05-08/order_reviews.parquet,2017-05-08
d1e7de71d02ce65bb1cc80e57b732c77,75769af508ae5e105845b3b4813fa07a,5,,Bom,2017-05-28 00:00:00,2017-05-29 09:34:57,2017-05-20,2017-05-29 09:34:57.000000,2026-08-27T05:17:09.287600+00:00,D:/D drive recovery/Shiva JH/Projects/OneLake Medallion/data/landing/2017-05-20/order_reviews.parquet,2017-05-20
67a324676fbd027b3fc65235ed4961f5,c94aabd5205ddd8647579a7bdebd6992,5,,MUITO BOM PRODUTO CHEGOU NO PRAZO.,2017-06-01 00:00:00,2017-06-04 10:38:04,2017-05-20,2017-06-04 10:38:04.000000,2026-08-27T05:17:09.287600+00:00,D:/D drive recovery/Shiva JH/Projects/OneLake Medallion/data/landing/2017-05-20/order_reviews.parquet,2017-05-20
adb92132fe809d3e231646f0edaa98dc,8e8f66d7e07a38eded748a76f43cff5f,4,,,2017-05-24 00:00:00,2017-05-25 03:08:57,2017-05-20,2017-05-25 03:08:57.000000,2026-08-27T05:17:09.287600+00:00,D:/D drive recovery/Shiva JH/Projects/OneLake Medallion/data/landing/2017-05-20/order_reviews.parquet,2017-05-20
28559fbd808ad45e5db5d66e35b9b286,3e1d096455531309ff1f946ed0f580cc,5,,,2017-05-26 00:00:00,2017-05-28 00:06:18,2017-05-20,2017-05-28 00:06:18.000000,2026-08-27T05:17:09.287600+00:00,D:/D drive recovery/Shiva JH/Projects/OneLake Medallion/data/landing/2017-05-20/order_reviews.parquet,2017-05-20
3bd21696bcc6ec4f7c233bb9145d5cc2,510c373425eabae593ad4cb8953d60f0,3,,"Produto muito bom, recomendo. ",2017-05-28 00:00:00,2017-05-28 19:06:38,2017-05-20,2017-05-28 19:06:38.000000,2026-08-27T05:17:09.287600+00:00,D:/D drive recovery/Shiva JH/Projects/OneLake Medallion/data/landing/2017-05-20/order_reviews.parquet,2017-05-20
2008bdf4c9a947f47b7a01da4693e4ae,236636425340d1fcd5ba19f6b9a38319,1,,"A caixa estava violada, o trocador estava sujo nas extremidades, assim como dois pés da banheira e a mangueira estava presa com fita crepe. Minha impressão é que o produto estava no mostruário.",2017-06-10 00:00:00,2017-06-11 13:14:37,2017-06-01,2017-06-11 13:14:37.000000,2026-08-27T05:17:09.287600+00:00,D:/D drive recovery/Shiva JH/Projects/OneLake Medallion/data/landing/2017-06-01/order_reviews.parquet,2017-06-01
aed720775e673c202ee970b07757838d,dbc3ca1d6537663640e36dc83a097a68,5,,,2017-06-09 00:00:00,2017-06-12 11:21:58,2017-06-01,2017-06-12 11:21:58.000000,2026-08-27T05:17:09.287600+00:00,D:/D drive recovery/Shiva JH/Projects/OneLake Medallion/data/landing/2017-06-01/order_reviews.parquet,2017-06-01
20fcbe1f8f75d2badfd9258b3a165338,0d50b2840102f8cec365fffa6d42a690,5,,,2017-06-10 00:00:00,2017-06-11 18:04:47,2017-06-01,2017-06-11 18:04:47.000000,2026-08-27T05:17:09.287600+00:00,D:/D drive recovery/Shiva JH/Projects/OneLake Medallion/data/landing/2017-06-01/order_reviews.parquet,2017-06-01
2bf6e0c426c367739347388f4aef4dee,45f4469896c24f0ab44900f3bc3eac3b,3,,Qualidade do produto inferior ao desejado!,2017-06-21 00:00:00,2017-06-21 19:21:04,2017-06-13,2017-06-21 19:21:04.000000,2026-08-27T05:17:09.287600+00:00,D:/D drive recovery/Shiva JH/Projects/OneLake Medallion/data/landing/2017-06-13/order_reviews.parquet,2017-06-13
123a72853e873f1364e77eff12fa10bd,77dc1b33326d12cbce03cfda27efafda,5,,,2017-06-29 00:00:00,2017-06-30 20:33:22,2017-06-13,2017-06-30 20:33:22.000000,2026-08-27T05:17:09.287600+00:00,D:/D drive recovery/Shiva JH/Projects/OneLake Medallion/data/landing/2017-06-13/order_reviews.parquet,2017-06-13
77582e2d774525519c51f0c3f08e3330,aba142e1b0636b0e443cbe4ce0a93e43,5,,Produto excelente.,2017-07-07 00:00:00,2017-07-09 23:00:42,2017-06-25,2017-07-09 23:00:42.000000,2026-08-27T05:17:09.287600+00:00,D:/D drive recovery/Shiva JH/Projects/OneLake Medallion/data/landing/2017-06-25/order_reviews.parquet,2017-06-25
e7503b0420cb877166745f01c2a84c19,c334df2de33b1fe163046d893b2cc28d,4,,Recebi produto conforme anunciado,2017-06-29 00:00:00,2017-06-30 01:04:14,2017-06-25,2017-06-30 01:04:14.000000,2026-08-27T05:17:09.287600+00:00,D:/D drive recovery/Shiva JH/Projects/OneLake Medallion/data/landing/2017-06-25/order_reviews.parquet,2017-06-25
2b81b4b91cb3848b85309c878cab7b8f,a7b5e82b294d8eac1109824b0194abb9,5,,,2017-07-12 00:00:00,2017-07-13 10:56:44,2017-06-25,2017-07-13 10:56:44.000000,2026-08-27T05:17:09.287600+00:00,D:/D drive recovery/Shiva JH/Projects/OneLake Medallion/data/landing/2017-06-25/order_reviews.parquet,2017-06-25
ccf2b8c637bd34d6621fb9fbab6032ee,01b6bbf0a9ac5d54dfebb11ddcd8fa8e,5,,gostei muito obrigado,2017-07-02 00:00:00,2017-07-04 20:36:48,2017-06-25,2017-07-04 20:36:48.000000,2026-08-27T05:17:09.287600+00:00,D:/D drive recovery/Shiva JH/Projects/OneLake Medallion/data/landing/2017-06-25/order_reviews.parquet,2017-06-25
9508ccd5e5440e9149239e7f617d0b84,c3ea5c5d0f6da616026d4cee6df674a5,2,,"previsão de entrega será até 28/07, não posso opinar sobre este serviço prestado pois estamos no dia 03/07 hoje. Não recebi mais feedback do fornecedor até no momento, obrigado!",2017-07-02 00:00:00,2017-07-03 14:48:15,2017-06-25,2017-07-03 14:48:15.000000,2026-08-27T05:17:09.287600+00:00,D:/D drive recovery/Shiva JH/Projects/OneLake Medallion/data/landing/2017-06-25/order_reviews.parquet,2017-06-25
584d557d42a363433e67b35b21630880,800c2d74bc71b0e27ce365ad43cf16dc,3,,,2017-07-17 00:00:00,2017-07-20 01:35:22,2017-07-07,2017-07-20 01:35:22.000000,2026-08-27T05:17:09.287600+00:00,D:/D drive recovery/Shiva JH/Projects/OneLake Medallion/data/landing/2017-07-07/order_reviews.parquet,2017-07-07
4b429edbf0d55d1cf6f677d2eadbc05a,aed5fd4c4ada58504679761465a6486e,1,,,2017-08-10 00:00:00,2017-08-13 16:33:50,2017-07-07,2017-08-13 16:33:50.000000,2026-08-27T05:17:09.287600+00:00,D:/D drive recovery/Shiva JH/Projects/OneLake Medallion/data/landing/2017-07-07/order_reviews.parquet,2017-07-07
05371cca056cd073af2adbdb21b41d09,e236416fb32f25eb00a7da9097cf36a4,5,,,2017-07-14 00:00:00,2017-07-17 10:33:49,2017-07-07,2017-07-17 10:33:49.000000,2026-08-27T05:17:09.287600+00:00,D:/D drive recovery/Shiva JH/Projects/OneLake Medallion/data/landing/2017-07-07/order_reviews.parquet,2017-07-07
0288d42bef3dfe36930740c9588a570f,33d8795f04dd631f3480d7aaf90da3dc,3,,,2017-07-29 00:00:00,2017-07-31 17:11:04,2017-07-07,2017-07-31 17:11:04.000000,2026-08-27T05:17:09.287600+00:00,D:/D drive recovery/Shiva JH/Projects/OneLake Medallion/data/landing/2017-07-07/order_reviews.parquet,2017-07-07
08196fa1e7fe623b67086fa9027eab9e,29d81f9fcfa8f77ad68afa83d9fbf83b,5,,Entrega antes do prazo,2017-07-19 00:00:00,2017-07-20 03:22:32,2017-07-07,2017-07-20 03:22:32.000000,2026-08-27T05:17:09.287600+00:00,D:/D drive recovery/Shiva JH/Projects/OneLake Medallion/data/landing/2017-07-07/order_reviews.parquet,2017-07-07
16814e4d2e1cb7da90f927f41cb1bb77,99f10393ec3328b3b416a154afd5d714,5,,,2017-08-05 00:00:00,2017-08-07 19:26:10,2017-07-19,2017-08-07 19:26:10.000000,2026-08-27T05:17:09.287600+00:00,D:/D drive recovery/Shiva JH/Projects/OneLake Medallion/data/landing/2017-07-19/order_reviews.parquet,2017-07-19
e235e69cb778a6050a939b37ef45bb30,7263686303ac0eabc2a7fc96d65405cf,3,,pedido chega rapido,2017-08-09 00:00:00,2017-08-11 16:44:59,2017-07-19,2017-08-11 16:44:59.000000,2026-08-27T05:17:09.287600+00:00,D:/D drive recovery/Shiva JH/Projects/OneLake Medallion/data/landing/2017-07-19/order_reviews.parquet,2017-07-19
b196670f5730b0f0f7136c246c4a19b7,93e66102f38a99ee0f9f24af6d0ce1d8,5,,,2017-08-05 00:00:00,2017-08-05 20:04:43,2017-07-19,2017-08-05 20:04:43.000000,2026-08-27T05:17:09.287600+00:00,D:/D drive recovery/Shiva JH/Projects/OneLake Medallion/data/landing/2017-07-19/order_reviews.parquet,2017-07-19
0617204904a032b4fe8eeefd029ba288,f392f7aa851a5da079d2a4fb24357b46,5,,,2017-08-06 00:00:00,2017-08-09 17:38:20,2017-07-19,2017-08-09 17:38:20.000000,2026-08-27T05:17:09.287600+00:00,D:/D drive recovery/Shiva JH/Projects/OneLake Medallion/data/landing/2017-07-19/order_reviews.parquet,2017-07-19
b75dc7805531d56ff9440e7114d88a34,799236014ffd7f07bb4ab4172f2f9a56,5,,,2017-07-27 00:00:00,2017-07-27 20:59:24,2017-07-19,2017-07-27 20:59:24.000000,2026-08-27T05:17:09.287600+00:00,D:/D drive recovery/Shiva JH/Projects/OneLake Medallion/data/landing/2017-07-19/order_reviews.parquet,2017-07-19
62fc4a26d6a47c33586e4aebe50f833a,ff71fa43cf5b726cd4a5763c7d819a35,1,,"Após transtornos com a primeira compra recebi um vale da loja para que outra compra fosse realizada com o valor, porém, no segundo pedido com o valor do vale houve um problema no pagamento ",2017-08-16 00:00:00,2017-08-16 16:31:57,2017-07-19,2017-08-16 16:31:57.000000,2026-08-27T05:17:09.287600+00:00,D:/D drive recovery/Shiva JH/Projects/OneLake Medallion/data/landing/2017-07-19/order_reviews.parquet,2017-07-19
1e7c0877502e2a11bac56cbcc8c07164,71ccac4998b863217b4480c50294b465,5,,,2017-08-12 00:00:00,2017-08-13 11:47:28,2017-07-31,2017-08-13 11:47:28.000000,2026-08-27T05:17:09.287600+00:00,D:/D drive recovery/Shiva JH/Projects/OneLake Medallion/data/landing/2017-07-31/order_reviews.parquet,2017-07-31
07cbd94aae13a65e907f8cc2deaec844,c8fc63e28cfdb28172db4303396499ed,5,,Produto chegou antes do previsto e possui ótima qualidade. Recomendo.,2017-08-04 00:00:00,2017-08-06 21:26:15,2017-07-31,2017-08-06 21:26:15.000000,2026-08-27T05:17:09.287600+00:00,D:/D drive recovery/Shiva JH/Projects/OneLake Medallion/data/landing/2017-07-31/order_reviews.parquet,2017-07-31
aa8f97387bd3bc56dcab7283fa70ea7c,4ed2338dc000b3d9acaf348a1fc6a395,1,,"Entrega super rápida , os produtos são bons porém vem todos iguais achei disnecessario vou ficar com muitos pincéis sem usar pelo fato de serem iguais.",2017-08-03 00:00:00,2017-08-04 00:31:42,2017-07-31,2017-08-04 00:31:42.000000,2026-08-27T05:17:09.287600+00:00,D:/D drive recovery/Shiva JH/Projects/OneLake Medallion/data/landing/2017-07-31/order_reviews.parquet,2017-07-31
d369cb2feb24adca233998445b4b23b0,601aeff176a15b40925c874c87b0cc16,5,,Chegou antes do prazo estipulado. ,2017-08-19 00:00:00,2017-08-19 23:41:08,2017-08-12,2017-08-19 23:41:08.000000,2026-08-27T05:17:09.287600+00:00,D:/D drive recovery/Shiva JH/Projects/OneLake Medallion/data/landing/2017-08-12/order_reviews.parquet,2017-08-12
3acabc17e33272ca45b0cc8a7ff8a366,1c9383e11b19c66a7655bf8a31dd0ad3,5,,,2017-09-05 00:00:00,2017-09-06 09:21:13,2017-08-24,2017-09-06 09:21:13.000000,2026-08-27T05:17:09.287600+00:00,D:/D drive recovery/Shiva JH/Projects/OneLake Medallion/data/landing/2017-08-24/order_reviews.parquet,2017-08-24
c082e0aae7f21e68309e64aee157ce18,680f4f731eeef8098bb1e587bb0c3363,5,,,2017-09-17 00:00:00,2017-09-18 18:07:47,2017-08-24,2017-09-18 18:07:47.000000,2026-08-27T05:17:09.287600+00:00,D:/D drive recovery/Shiva JH/Projects/OneLake Medallion/data/landing/2017-08-24/order_reviews.parquet,2017-08-24
110ffd5a8719c2950b6b2c7eacb84ca7,bd1d2815016a0d22c926101c1c99d140,5,,,2017-09-07 00:00:00,2017-09-07 20:28:10,2017-08-24,2017-09-07 20:28:10.000000,2026-08-27T05:17:09.287600+00:00,D:/D drive recovery/Shiva JH/Projects/OneLake Medallion/data/landing/2017-08-24/order_reviews.parquet,2017-08-24
84497ba50d06f5e8e6205d05f3c8d305,b24b30b2680c0388fd18c9175271a8cb,5,,gosto de comprar neste sait fico satifeita e acho que é mais barato que os outros.,2017-09-02 00:00:00,2017-09-06 13:35:41,2017-08-24,2017-09-06 13:35:41.000000,2026-08-27T05:17:09.287600+00:00,D:/D drive recovery/Shiva JH/Projects/OneLake Medallion/data/landing/2017-08-24/order_reviews.parquet,2017-08-24
7419ae2974af3c7ed9dafd7f48d8eba1,457714bcb907cac0b11252276a09f406,5,,"vou continuar comprando com
certeza muito gato",2017-09-22 00:00:00,2017-09-24 00:13:30,2017-09-05,2017-09-24 00:13:30.000000,2026-08-27T05:17:09.287600+00:00,D:/D drive recovery/Shiva JH/Projects/OneLake Medallion/data/landing/2017-09-05/order_reviews.parquet,2017-09-05
b321dbc0a7903e69123e7acb987f164d,8053c8b6bcfa27de650bb879815c3835,4,,"Entrega dentro do prazo e produto de qualidade.
",2017-09-22 00:00:00,2017-09-27 02:16:53,2017-09-05,2017-09-27 02:16:53.000000,2026-08-27T05:17:09.287600+00:00,D:/D drive recovery/Shiva JH/Projects/OneLake Medallion/data/landing/2017-09-05/order_reviews.parquet,2017-09-05
2df6e0778f1a97086cb6d8eba3a3c375,2791f136b9474da2f7f56a8366675b0e,5,,,2017-09-22 00:00:00,2017-09-23 09:43:02,2017-09-17,2017-09-23 09:43:02.000000,2026-08-27T05:17:09.287600+00:00,D:/D drive recovery/Shiva JH/Projects/OneLake Medallion/data/landing/2017-09-17/order_reviews.parquet,2017-09-17
f9db3fad8649b47d4de61f5dd0ecfae1,d8b5d1ea87d75046c7b453b1b128fcc3,4,,,2017-09-22 00:00:00,2017-09-23 13:56:52,2017-09-17,2017-09-23 13:56:52.000000,2026-08-27T05:17:09.287600+00:00,D:/D drive recovery/Shiva JH/Projects/OneLake Medallion/data/landing/2017-09-17/order_reviews.parquet,2017-09-17
4f5d107c9f8bd6f6e840ccf35aeb6a8a,99a29a0878f41a8dd8d2e20b2aa621c6,4,,Preços excelentes!!!,2017-09-26 00:00:00,2017-09-27 01:53:33,2017-09-17,2017-09-27 01:53:33.000000,2026-08-27T05:17:09.287600+00:00,D:/D drive recovery/Shiva JH/Projects/OneLake Medallion/data/landing/2017-09-17/order_reviews.parquet,2017-09-17
1864f49a77e9d6b978f43ae4686ef876,fc355d449ceaea8f858ef33c4eba83fa,3,,"Estou esperando o meu produto ser enviado nova mente. Para as agencias do,correios ",2017-10-27 00:00:00,2017-10-30 12:17:04,2017-09-29,2017-10-30 12:17:04.000000,2026-08-27T05:17:09.287600+00:00,D:/D drive recovery/Shiva JH/Projects/OneLake Medallion/data/landing/2017-09-29/order_reviews.parquet,2017-09-29
f7612a5071d26320ada727766d16c42e,408bba49e507e2efa9fbb77966ca4697,5,,,2017-10-11 00:00:00,2017-10-12 12:01:21,2017-09-29,2017-10-12 12:01:21.000000,2026-08-27T05:17:09.287600+00:00,D:/D drive recovery/Shiva JH/Projects/OneLake Medallion/data/landing/2017-09-29/order_reviews.parquet,2017-09-29
386710188727553caa23f1edcb48eab1,4b3a605942f29d490cb74bd6ace6b9f0,5,,,2017-10-01 00:00:00,2017-10-03 20:30:28,2017-09-29,2017-10-03 20:30:28.000000,2026-08-27T05:17:09.287600+00:00,D:/D drive recovery/Shiva JH/Projects/OneLake Medallion/data/landing/2017-09-29/order_reviews.parquet,2017-09-29
0328101f90a5cee5bed609d24c0c2b69,05ad33706a0ad42482ba7f17236d4bba,5,,LINDA!!!,2017-10-19 00:00:00,2017-10-21 12:30:44,2017-10-11,2017-10-21 12:30:44.000000,2026-08-27T05:17:09.287600+00:00,D:/D drive recovery/Shiva JH/Projects/OneLake Medallion/data/landing/2017-10-11/order_reviews.parquet,2017-10-11
4cf5f26d977e6d1b89193f334e8aee05,366e36538aace156a4d280994494b604,5,,,2017-11-02 00:00:00,2017-11-02 16:00:04,2017-10-11,2017-11-02 16:00:04.000000,2026-08-27T05:17:09.287600+00:00,D:/D drive recovery/Shiva JH/Projects/OneLake Medallion/data/landing/2017-10-11/order_reviews.parquet,2017-10-11
06dd01bfcdf34d35a04393628862a4be,b6bfbeea1b933b34c91ec0b216a50347,5,,O produto chegou antes do prazo e é idêntico a descrição feita no anuncio... Sem contar que estava com o menor preço anunciado na internet na época que comprei.,2017-10-21 00:00:00,2017-10-21 21:19:24,2017-10-11,2017-10-21 21:19:24.000000,2026-08-27T05:17:09.287600+00:00,D:/D drive recovery/Shiva JH/Projects/OneLake Medallion/data/landing/2017-10-11/order_reviews.parquet,2017-10-11
03e7de3d54348786a0f77fdc8aafa72c,ff07e8cf368d59bc41752e3648994b36,5,,"super recomendo, todas as compras chegam direitinho do jeito que encomendei e antes do prazo,",2017-10-21 00:00:00,2017-10-24 18:01:25,2017-10-11,2017-10-24 18:01:25.000000,2026-08-27T05:17:09.287600+00:00,D:/D drive recovery/Shiva JH/Projects/OneLake Medallion/data/landing/2017-10-11/order_reviews.parquet,2017-10-11
754190f5df1d45cea4157107e7f1c6a6,8875c81503e02bc22eae5a31637d6db1,4,,,2017-10-26 00:00:00,2017-11-23 04:14:40,2017-10-11,2017-11-23 04:14:40.000000,2026-08-27T05:17:09.287600+00:00,D:/D drive recovery/Shiva JH/Projects/OneLake Medallion/data/landing/2017-10-11/order_reviews.parquet,2017-10-11
5369e3876d996bab1e9ef4e721fbe282,980b9aef670d4659912793b2fffdea29,5,,Pulseira superou as expectativas. E ainda veio com silicone e bolinhas extras. Chegou antes do prazo.,2017-11-11 00:00:00,2017-11-11 22:45:45,2017-11-04,2017-11-11 22:45:45.000000,2026-08-27T05:17:09.287600+00:00,D:/D drive recovery/Shiva JH/Projects/OneLake Medallion/data/landing/2017-11-04/order_reviews.parquet,2017-11-04
6ee9a2b70fb593de9e647cb974591104,fbee1784fcce86e1c120a0b525750e57,5,,"Gostei muito, pois foi entregue antes do prazo e a mercadoria correta. Parabéns ",2017-11-11 00:00:00,2017-11-12 03:53:24,2017-11-04,2017-11-12 03:53:24.000000,2026-08-27T05:17:09.287600+00:00,D:/D drive recovery/Shiva JH/Projects/OneLake Medallion/data/landing/2017-11-04/order_reviews.parquet,2017-11-04
1ba4e2f21aa1924984dfc1f85d13a423,2299befc86b7b31fc23dcba911582355,5,,Produto entregue antes do prazo. Perfeito. Parabéns.,2017-11-24 00:00:00,2017-11-26 23:38:13,2017-11-16,2017-11-26 23:38:13.000000,2026-08-27T05:17:09.287600+00:00,D:/D drive recovery/Shiva JH/Projects/OneLake Medallion/data/landing/2017-11-16/order_reviews.parquet,2017-11-16
2d3da1fe8b7df474800df2a283f34818,bac5252be9b1269976695ebd118ef43d,5,,Necessário informar se a entrega será pelos Correios.,2017-12-01 00:00:00,2017-12-01 17:10:58,2017-11-16,2017-12-01 17:10:58.000000,2026-08-27T05:17:09.287600+00:00,D:/D drive recovery/Shiva JH/Projects/OneLake Medallion/data/landing/2017-11-16/order_reviews.parquet,2017-11-16
0851c315c5c37f875f6db20d4837e6e7,c28916da587551ac4d1de7970fc929c8,4,,,2017-12-05 00:00:00,2017-12-07 19:42:38,2017-11-16,2017-12-07 19:42:38.000000,2026-08-27T05:17:09.287600+00:00,D:/D drive recovery/Shiva JH/Projects/OneLake Medallion/data/landing/2017-11-16/order_reviews.parquet,2017-11-16
ffbcde686a7aaab98ffa7ac3ea38d99f,32064cd340eabfc585488b852e90efaf,5,,Muito rápido na entrega!!!!,2017-12-06 00:00:00,2017-12-08 22:55:46,2017-11-28,2017-12-08 22:55:46.000000,2026-08-27T05:17:09.287600+00:00,D:/D drive recovery/Shiva JH/Projects/OneLake Medallion/data/landing/2017-11-28/order_reviews.parquet,2017-11-28
94099da24211f1dcf4e6bbf67a89156c,42c99d4e378b852657e71d810ef1858c,4,,,2017-12-22 00:00:00,2017-12-27 11:21:00,2017-11-28,2017-12-27 11:21:00.000000,2026-08-27T05:17:09.287600+00:00,D:/D drive recovery/Shiva JH/Projects/OneLake Medallion/data/landing/2017-11-28/order_reviews.parquet,2017-11-28
d2ae6f25ee2d53957c78b73f33d87f8c,9c27a49a6afffd10bd25a5990a02c1e1,5,,,2017-12-06 00:00:00,2017-12-08 20:20:40,2017-11-28,2017-12-08 20:20:40.000000,2026-08-27T05:17:09.287600+00:00,D:/D drive recovery/Shiva JH/Projects/OneLake Medallion/data/landing/2017-11-28/order_reviews.parquet,2017-11-28
3d43d5f488bd5bf1f89d58d8a9a63d5c,51ee2d580bfba3ac0ba884a8bb098468,2,,,2017-12-20 00:00:00,2017-12-20 13:39:53,2017-11-28,2017-12-20 13:39:53.000000,2026-08-27T05:17:09.287600+00:00,D:/D drive recovery/Shiva JH/Projects/OneLake Medallion/data/landing/2017-11-28/order_reviews.parquet,2017-11-28
74b10850efab4ca8f88935ebc0a7a8d4,5536d8682e25ee3f39ed444105996fee,5,,,2017-12-12 00:00:00,2017-12-13 11:04:16,2017-11-28,2017-12-13 11:04:16.000000,2026-08-27T05:17:09.287600+00:00,D:/D drive recovery/Shiva JH/Projects/OneLake Medallion/data/landing/2017-11-28/order_reviews.parquet,2017-11-28
03cdea49d7d4b6572381159db095d506,48ae434efdce6ee8ed43531400f53bb6,5,,,2017-12-06 00:00:00,2017-12-06 21:49:30,2017-11-28,2017-12-06 21:49:30.000000,2026-08-27T05:17:09.287600+00:00,D:/D drive recovery/Shiva JH/Projects/OneLake Medallion/data/landing/2017-11-28/order_reviews.parquet,2017-11-28
1d87cfe2af1681a2b4549c96189a7443,453b1d86b22e9fdb0d1da9c446dd2828,5,,,2017-12-15 00:00:00,2017-12-15 20:34:59,2017-11-28,2017-12-15 20:34:59.000000,2026-08-27T05:17:09.287600+00:00,D:/D drive recovery/Shiva JH/Projects/OneLake Medallion/data/landing/2017-11-28/order_reviews.parquet,2017-11-28
f59ed1c9af9dd55864ae26305d95eda7,f5e3df1b6d4ee5b4e795cbd56705d35b,5,,,2017-12-13 00:00:00,2017-12-13 17:37:59,2017-11-28,2017-12-13 17:37:59.000000,2026-08-27T05:17:09.287600+00:00,D:/D drive recovery/Shiva JH/Projects/OneLake Medallion/data/landing/2017-11-28/order_reviews.parquet,2017-11-28
ef5a2ffe3f5a144b465b5ae40412bac6,ec3537b6b3607220dc74b6ca4f505e03,1,,,2018-01-06 00:00:00,2018-01-07 12:20:09,2017-12-10,2018-01-07 12:20:09.000000,2026-08-27T05:17:09.287600+00:00,D:/D drive recovery/Shiva JH/Projects/OneLake Medallion/data/landing/2017-12-10/order_reviews.parquet,2017-12-10
eacbcf7a3f376056e04ce37959c83edc,35e8b6cc47f7c18667028737368a1d8e,5,,,2017-12-27 00:00:00,2017-12-28 15:39:10,2017-12-10,2017-12-28 15:39:10.000000,2026-08-27T05:17:09.287600+00:00,D:/D drive recovery/Shiva JH/Projects/OneLake Medallion/data/landing/2017-12-10/order_reviews.parquet,2017-12-10
72a2322088ceb8ceb7bfea5a1ef7aa68,92403e7845bd4b2d3d51719fcdde71ca,5,,,2017-12-15 00:00:00,2017-12-16 01:56:29,2017-12-10,2017-12-16 01:56:29.000000,2026-08-27T05:17:09.287600+00:00,D:/D drive recovery/Shiva JH/Projects/OneLake Medallion/data/landing/2017-12-10/order_reviews.parquet,2017-12-10
02f751b3d20960a82c45140550c94c5f,d68f3a6decbb8a868a1a87c33c9f50cd,5,,,2017-12-15 00:00:00,2017-12-16 00:51:54,2017-12-10,2017-12-16 00:51:54.000000,2026-08-27T05:17:09.287600+00:00,D:/D drive recovery/Shiva JH/Projects/OneLake Medallion/data/landing/2017-12-10/order_reviews.parquet,2017-12-10
a03129bae6bd7758a159ec18028c5aae,c37588362e2c244b0994c310bcf37393,5,,,2017-12-16 00:00:00,2017-12-17 09:19:48,2017-12-10,2017-12-17 09:19:48.000000,2026-08-27T05:17:09.287600+00:00,D:/D drive recovery/Shiva JH/Projects/OneLake Medallion/data/landing/2017-12-10/order_reviews.parquet,2017-12-10
57992bbee9020df0fa6d8d04371d554a,d2e35975e8fe7c281515b3d1175d03bf,5,,,2018-01-04 00:00:00,2018-01-08 23:25:04,2017-12-10,2018-01-08 23:25:04.000000,2026-08-27T05:17:09.287600+00:00,D:/D drive recovery/Shiva JH/Projects/OneLake Medallion/data/landing/2017-12-10/order_reviews.parquet,2017-12-10
7ae3003ed24b061b8398e9d0dd1ac7eb,0b13a698a0b7a62e8ec891081558b7aa,5,,,2018-01-18 00:00:00,2018-01-19 00:20:29,2017-12-22,2018-01-19 00:20:29.000000,2026-08-27T05:17:09.287600+00:00,D:/D drive recovery/Shiva JH/Projects/OneLake Medallion/data/landing/2017-12-22/order_reviews.parquet,2017-12-22
431e4b3f419549aa70b8e1be4a93d25a,0521b661c320287be1f5a92a52760c8b,5,,,2018-01-16 00:00:00,2018-01-18 20:59:06,2018-01-03,2018-01-18 20:59:06.000000,2026-08-27T05:17:09.287600+00:00,D:/D drive recovery/Shiva JH/Projects/OneLake Medallion/data/landing/2018-01-03/order_reviews.parquet,2018-01-03
37928401d9f3d87c84fabce8bc16b3cf,2efa8cad37f73bd607920b772a59b715,5,,"Produto maravilhoso.
Lojas lannister nota 10.",2018-01-13 00:00:00,2018-01-16 01:19:52,2018-01-03,2018-01-16 01:19:52.000000,2026-08-27T05:17:09.287600+00:00,D:/D drive recovery/Shiva JH/Projects/OneLake Medallion/data/landing/2018-01-03/order_reviews.parquet,2018-01-03
9ffa065acfdad7bf40c3a6a05333702d,e68888548de4c863a78ae2de41ec0215,5,,,2018-01-27 00:00:00,2018-01-30 01:17:59,2018-01-03,2018-01-30 01:17:59.000000,2026-08-27T05:17:09.287600+00:00,D:/D drive recovery/Shiva JH/Projects/OneLake Medallion/data/landing/2018-01-03/order_reviews.parquet,2018-01-03
14165dafd7d59b78bf798552a2b88b2f,6fd8d29c2aba16768615748086578d34,5,,,2018-01-17 00:00:00,2018-01-17 23:46:11,2018-01-03,2018-01-17 23:46:11.000000,2026-08-27T05:17:09.287600+00:00,D:/D drive recovery/Shiva JH/Projects/OneLake Medallion/data/landing/2018-01-03/order_reviews.parquet,2018-01-03
70024e90b931ebffa07dccaebe9482ff,6e4eb025aa5ac0a41d80958001accfaf,5,,Excelente,2018-01-17 00:00:00,2018-01-17 22:22:55,2018-01-03,2018-01-17 22:22:55.000000,2026-08-27T05:17:09.287600+00:00,D:/D drive recovery/Shiva JH/Projects/OneLake Medallion/data/landing/2018-01-03/order_reviews.parquet,2018-01-03
5b3fd6f4ac0a822aaaf3028dac61a660,c2036cc87daa31d91f63b204717a9602,5,,,2018-01-17 00:00:00,2018-01-20 09:00:52,2018-01-03,2018-01-20 09:00:52.000000,2026-08-27T05:17:09.287600+00:00,D:/D drive recovery/Shiva JH/Projects/OneLake Medallion/data/landing/2018-01-03/order_reviews.parquet,2018-01-03
8e20f25e06a4f1208bf2976f8d092b7c,f62e1cc968992b573558a1406edc8ccc,5,,,2018-01-23 00:00:00,2018-01-24 20:18:57,2018-01-03,2018-01-24 20:18:57.000000,2026-08-27T05:17:09.287600+00:00,D:/D drive recovery/Shiva JH/Projects/OneLake Medallion/data/landing/2018-01-03/order_reviews.parquet,2018-01-03
73ab10ccb3931523eaf0c5453754ca3f,82aef313910460a7cef56d256d1c30af,5,,,2018-01-12 00:00:00,2018-01-15 10:48:23,2018-01-03,2018-01-15 10:48:23.000000,2026-08-27T05:17:09.287600+00:00,D:/D drive recovery/Shiva JH/Projects/OneLake Medallion/data/landing/2018-01-03/order_reviews.parquet,2018-01-03
59f56ca12912f3f57d4c1a877a90dc6d,1250f8fc1f64f9c63ea3cd35c0a36a85,5,,Excelente vendedor entrega dentro do prazo,2018-02-11 00:00:00,2018-02-13 10:58:08,2018-01-15,2018-02-13 10:58:08.000000,2026-08-27T05:17:09.287600+00:00,D:/D drive recovery/Shiva JH/Projects/OneLake Medallion/data/landing/2018-01-15/order_reviews.parquet,2018-01-15
4f4e8ff6c4ae172764e15ee2dfbf083e,cbc28da5a607b870e7129df9121366a2,5,,"produto de ótima qualidade, acompanhado por um estojo lindo, recomendo.",2018-01-31 00:00:00,2018-02-01 01:15:19,2018-01-15,2018-02-01 01:15:19.000000,2026-08-27T05:17:09.287600+00:00,D:/D drive recovery/Shiva JH/Projects/OneLake Medallion/data/landing/2018-01-15/order_reviews.parquet,2018-01-15
b2d2922ee4a57f219678f6fa8c7d173d,0d82956d17aa687909a59706168bfe98,5,,,2018-01-30 00:00:00,2018-02-01 18:04:29,2018-01-15,2018-02-01 18:04:29.000000,2026-08-27T05:17:09.287600+00:00,D:/D drive recovery/Shiva JH/Projects/OneLake Medallion/data/landing/2018-01-15/order_reviews.parquet,2018-01-15
4614bfc1a35ae20fd0015adbff8295cb,961a477711141b3811b897eb49216db1,1,,"Eu não recebi a mochila, não sei se o problema foi da empresa ou da transportadora. Mais independente não estou satisfeita, porque ainda não recebi o produto.",2018-02-07 00:00:00,2018-02-07 03:15:22,2018-01-15,2018-02-07 03:15:22.000000,2026-08-27T05:17:09.287600+00:00,D:/D drive recovery/Shiva JH/Projects/OneLake Medallion/data/landing/2018-01-15/order_reviews.parquet,2018-01-15
fea4fa6bcfd953b9656d75d0e0218dbd,8304cd42545c641d13b9165c7028c85a,2,,,2018-01-24 00:00:00,2018-01-25 11:31:36,2018-01-15,2018-01-25 11:31:36.000000,2026-08-27T05:17:09.287600+00:00,D:/D drive recovery/Shiva JH/Projects/OneLake Medallion/data/landing/2018-01-15/order_reviews.parquet,2018-01-15
70d2258489cae12a65d36c8c09fd54c1,b1b6c6679301e883c54342f1610a5360,1,,Comprei Rosa com Braços Brancos e entregam toda Preta ?,2018-02-24 00:00:00,2018-02-25 02:46:18,2018-01-27,2018-02-25 02:46:18.000000,2026-08-27T05:17:09.287600+00:00,D:/D drive recovery/Shiva JH/Projects/OneLake Medallion/data/landing/2018-01-27/order_reviews.parquet,2018-01-27
eb1cf3ea473c3813a53ff0748416996b,2365573dec3c55b420a248893b61d168,5,,,2018-02-08 00:00:00,2018-02-10 19:39:18,2018-01-27,2018-02-10 19:39:18.000000,2026-08-27T05:17:09.287600+00:00,D:/D drive recovery/Shiva JH/Projects/OneLake Medallion/data/landing/2018-01-27/order_reviews.parquet,2018-01-27
579509fefea5f21ad18910bc6ad14da4,9c9471a2e1b2cb608b22437f51cbe184,1,,"Película de tamaño MUITO menor que a tela, sequer cobre a parte escura da tela, torta, além de passar raiva de receber um produto de de péssima qualidade terei que ir até os correios devolver.



",2018-02-03 00:00:00,2018-02-05 10:55:33,2018-01-27,2018-02-05 10:55:33.000000,2026-08-27T05:17:09.287600+00:00,D:/D drive recovery/Shiva JH/Projects/OneLake Medallion/data/landing/2018-01-27/order_reviews.parquet,2018-01-27
773fcd98555183849e0b5ba9a9fa6407,2b44f8afc9f2df6a6090d45db68f9162,4,,,2018-02-27 00:00:00,2018-02-28 11:16:02,2018-01-27,2018-02-28 11:16:02.000000,2026-08-27T05:17:09.287600+00:00,D:/D drive recovery/Shiva JH/Projects/OneLake Medallion/data/landing/2018-01-27/order_reviews.parquet,2018-01-27
3b22a9112f01b314a909b9692c049d7e,37ce40447807e0d3e58cc474ce549881,1,,Ainda não recebi o produto posso cancelar a parcela do pedido. e tentar comprar outro.,2018-02-28 00:00:00,2018-03-08 18:44:43,2018-01-27,2018-03-08 18:44:43.000000,2026-08-27T05:17:09.287600+00:00,D:/D drive recovery/Shiva JH/Projects/OneLake Medallion/data/landing/2018-01-27/order_reviews.parquet,2018-01-27
5da3e1eb43a10f552be98890e4d1fc25,1d309784fd7cb2fc8c74ef03c942426c,2,,Não recebi ainda estou aguardando!,2018-02-01 00:00:00,2018-02-04 00:02:43,2018-01-27,2018-02-04 00:02:43.000000,2026-08-27T05:17:09.287600+00:00,D:/D drive recovery/Shiva JH/Projects/OneLake Medallion/data/landing/2018-01-27/order_reviews.parquet,2018-01-27
53fb4cdd382cd843f1493402cfc7430a,8a9b30ac80da3860f049247b7464596f,3,,,2018-02-17 00:00:00,2018-02-18 00:41:47,2018-02-08,2018-02-18 00:41:47.000000,2026-08-27T05:17:09.287600+00:00,D:/D drive recovery/Shiva JH/Projects/OneLake Medallion/data/landing/2018-02-08/order_reviews.parquet,2018-02-08
cb48e1f4ce3b467be30c955755e25d34,a7e30722ecb34ffbeb0fb198ff547677,5,,,2018-02-17 00:00:00,2018-02-17 19:10:08,2018-02-08,2018-02-17 19:10:08.000000,2026-08-27T05:17:09.287600+00:00,D:/D drive recovery/Shiva JH/Projects/OneLake Medallion/data/landing/2018-02-08/order_reviews.parquet,2018-02-08
a920f13717cdf90b93867dca9d472516,ae6892262d72790a9568fd4f4ac198f3,5,,O produto tem ótimo acabamento e o valor é o melhor que encontrei. Entrega realizada antes do previsto. ,2018-02-22 00:00:00,2018-02-23 02:21:11,2018-02-08,2018-02-23 02:21:11.000000,2026-08-27T05:17:09.287600+00:00,D:/D drive recovery/Shiva JH/Projects/OneLake Medallion/data/landing/2018-02-08/order_reviews.parquet,2018-02-08
6b6e34e5e0705176bbe92786d0b31dfc,a04b614ebff4852b2d63c655c1588654,2,," PRODUTO INCORRETO ALEM DE VIM TROCADO VEIO DE VALOR MENOR, COMPREI UM KIT ANNY CASAL 5 PEÇAS COM FRONHAS EM FORMA DE CORAÇÃO NA COR/CÁQUI..
E VEIO UMA COLCHA CASAL ANNE 5 PEÇAS BORDADA. ",2018-02-28 00:00:00,2018-02-28 11:26:23,2018-02-08,2018-02-28 11:26:23.000000,2026-08-27T05:17:09.287600+00:00,D:/D drive recovery/Shiva JH/Projects/OneLake Medallion/data/landing/2018-02-08/order_reviews.parquet,2018-02-08
54acc5f8976a0e7d1d00d309ec56f7ba,19ad2d72d688eca2dc11bf19bc9ffcf2,5,,,2018-03-04 00:00:00,2018-03-07 02:04:37,2018-02-20,2018-03-07 02:04:37.000000,2026-08-27T05:17:09.287600+00:00,D:/D drive recovery/Shiva JH/Projects/OneLake Medallion/data/landing/2018-02-20/order_reviews.parquet,2018-02-20
6a1a8e54de03ab98e6e8ff56e56e507f,fbf9ac61453ac646ce8ad9783d7d0af6,2,,Demora muito entregar. Já passou o prazo e ainda não recebi minha encomenda.,2018-03-16 00:00:00,2018-03-20 23:10:58,2018-02-20,2018-03-20 23:10:58.000000,2026-08-27T05:17:09.287600+00:00,D:/D drive recovery/Shiva JH/Projects/OneLake Medallion/data/landing/2018-02-20/order_reviews.parquet,2018-02-20
375288acfad43f1bdd54a92275875aa8,64cfbc6d10f3a5091889f0fab6233167,4,,"O produto foi entregue antes do esperado e a qualidade me surpreendeu. Só não avaliei como ótimo, pois a película de vidro veio com um pequeno defeito. ",2018-02-28 00:00:00,2018-02-28 13:05:19,2018-02-20,2018-02-28 13:05:19.000000,2026-08-27T05:17:09.287600+00:00,D:/D drive recovery/Shiva JH/Projects/OneLake Medallion/data/landing/2018-02-20/order_reviews.parquet,2018-02-20
e868b215b0a7261456229e8c663b2df3,6482a6de4a9253a18abae1bc97af64aa,5,,,2018-03-08 00:00:00,2018-03-11 02:44:08,2018-02-20,2018-03-11 02:44:08.000000,2026-08-27T05:17:09.287600+00:00,D:/D drive recovery/Shiva JH/Projects/OneLake Medallion/data/landing/2018-02-20/order_reviews.parquet,2018-02-20
7521bd9067519e3c35d05884aa72f5a4,1218b7b8dcee5607631650cd962f6436,5,,"Adorei, recomendo",2018-03-06 00:00:00,2018-03-07 01:30:06,2018-02-20,2018-03-07 01:30:06.000000,2026-08-27T05:17:09.287600+00:00,D:/D drive recovery/Shiva JH/Projects/OneLake Medallion/data/landing/2018-02-20/order_reviews.parquet,2018-02-20
6c8980658fc618acaa8785664c688d82,46300fb44bc5e5cc05d54d33cbc243fc,5,,,2018-03-02 00:00:00,2018-03-09 17:07:15,2018-02-20,2018-03-09 17:07:15.000000,2026-08-27T05:17:09.287600+00:00,D:/D drive recovery/Shiva JH/Projects/OneLake Medallion/data/landing/2018-02-20/order_reviews.parquet,2018-02-20
d5946e4f86a9083da4356e80669069c8,ad71054dc5d178fd3d92e89a84f5edcc,5,,,2018-03-19 00:00:00,2018-03-20 00:04:51,2018-03-04,2018-03-20 00:04:51.000000,2026-08-27T05:17:09.287600+00:00,D:/D drive recovery/Shiva JH/Projects/OneLake Medallion/data/landing/2018-03-04/order_reviews.parquet,2018-03-04
99abdce1cf23d45762bd90872fcefdb5,7e460703dd3adb450213b20170a237f6,5,,,2018-03-09 00:00:00,2018-03-10 15:41:09,2018-03-04,2018-03-10 15:41:09.000000,2026-08-27T05:17:09.287600+00:00,D:/D drive recovery/Shiva JH/Projects/OneLake Medallion/data/landing/2018-03-04/order_reviews.parquet,2018-03-04
ee06b47268ef5836e559b7df7b8a7743,eedcf6db339a0b2ce303e615dceaee65,3,,"COLOQUEI COMO NÃO POIS SO VEIO UM PRODUTO E FICOU FALTANDO O OUTRO.
NA AVALIAÇÃO CONSTA OS 2 PRODUTOS SENDO QUE SO RECEBI UM. ENTREI EM CONTATO COM A lannister E NÃO ME RESPONDERAM AINDA.
",2018-03-16 00:00:00,2018-03-20 12:18:04,2018-03-04,2018-03-20 12:18:04.000000,2026-08-27T05:17:09.287600+00:00,D:/D drive recovery/Shiva JH/Projects/OneLake Medallion/data/landing/2018-03-04/order_reviews.parquet,2018-03-04
ca8f12c33cc60ad4fbb73dd7f093670e,e2f80e58aa7bb597859b1b01b6bc366d,5,,,2018-03-16 00:00:00,2018-03-17 14:13:02,2018-03-04,2018-03-17 14:13:02.000000,2026-08-27T05:17:09.287600+00:00,D:/D drive recovery/Shiva JH/Projects/OneLake Medallion/data/landing/2018-03-04/order_reviews.parquet,2018-03-04
2a325036f232bd862df013f8545ee8a1,50ed8128c8b7ee1458b9961d8b100a23,4,,,2018-03-27 00:00:00,2018-03-30 01:44:07,2018-03-04,2018-03-30 01:44:07.000000,2026-08-27T05:17:09.287600+00:00,D:/D drive recovery/Shiva JH/Projects/OneLake Medallion/data/landing/2018-03-04/order_reviews.parquet,2018-03-04
b6517873f6f94096dd470517be872976,e9df66519c360c741bedc488149685e9,1,,,2018-04-08 00:00:00,2018-04-09 11:19:16,2018-03-16,2018-04-09 11:19:16.000000,2026-08-27T05:17:09.287600+00:00,D:/D drive recovery/Shiva JH/Projects/OneLake Medallion/data/landing/2018-03-16/order_reviews.parquet,2018-03-16
1d686db6ccb45c5d2e5d3c2ede9f4874,09cd0ef00759c25af3a62b31366074bb,2,,Exagerada a espera pra receber no produto.,2018-04-18 00:00:00,2018-04-18 12:24:36,2018-03-16,2018-04-18 12:24:36.000000,2026-08-27T05:17:09.287600+00:00,D:/D drive recovery/Shiva JH/Projects/OneLake Medallion/data/landing/2018-03-16/order_reviews.parquet,2018-03-16
3f4c980191b310bd55bfaa63c02ad996,84040a45ab0e33cc43b8c196aad15732,1,,Foi entregue uma capa com zíper e eu comprei uma capa envelope como consta na listagem dos meus pedidos. Gostaria de saber como será resolvido este problema. ,2018-04-05 00:00:00,2018-04-05 16:49:12,2018-03-16,2018-04-05 16:49:12.000000,2026-08-27T05:17:09.287600+00:00,D:/D drive recovery/Shiva JH/Projects/OneLake Medallion/data/landing/2018-03-16/order_reviews.parquet,2018-03-16
fb0dc0ec2d312b398a85cdf08dafed37,65dcb85abbb41e3ece2afabaacad1d2d,1,,"Chegou aqui ao invés do reparador de pneus, um kit de para brisas, totalmente fora do contexto.
Sem controle de qualidade total.",2018-03-27 00:00:00,2018-03-28 22:53:13,2018-03-16,2018-03-28 22:53:13.000000,2026-08-27T05:17:09.287600+00:00,D:/D drive recovery/Shiva JH/Projects/OneLake Medallion/data/landing/2018-03-16/order_reviews.parquet,2018-03-16
4fa0c4a3953ef6f837a6f406d2be55a9,a4d782cea9ad01e830a3603bc4e7a716,5,,,2018-04-03 00:00:00,2018-04-04 02:27:21,2018-03-16,2018-04-04 02:27:21.000000,2026-08-27T05:17:09.287600+00:00,D:/D drive recovery/Shiva JH/Projects/OneLake Medallion/data/landing/2018-03-16/order_reviews.parquet,2018-03-16
3ed98fa9953bce43e612a3c9f90f3ebc,c136ccb91ace39bbcdd1012fe2002d8d,1,,Estou muito chateada pois aguardei e até agora nada.,2018-04-13 00:00:00,2018-04-13 13:40:45,2018-03-16,2018-04-13 13:40:45.000000,2026-08-27T05:17:09.287600+00:00,D:/D drive recovery/Shiva JH/Projects/OneLake Medallion/data/landing/2018-03-16/order_reviews.parquet,2018-03-16
2a41d919848aa91c805abd009131aff9,fef89b64a9e94a0533f8c0afa152f524,2,,,2018-04-07 00:00:00,2018-04-07 12:42:41,2018-03-16,2018-04-07 12:42:41.000000,2026-08-27T05:17:09.287600+00:00,D:/D drive recovery/Shiva JH/Projects/OneLake Medallion/data/landing/2018-03-16/order_reviews.parquet,2018-03-16
de23f86dbb86407c4e9ee0e6225ea824,3d1a23961fdfd767d8596bd2851bdb5a,4,,,2018-04-10 00:00:00,2018-04-13 15:37:16,2018-03-28,2018-04-13 15:37:16.000000,2026-08-27T05:17:09.287600+00:00,D:/D drive recovery/Shiva JH/Projects/OneLake Medallion/data/landing/2018-03-28/order_reviews.parquet,2018-03-28
4d98e12d6ee6f57a74c88a41f3bd9ef1,edca1e6e5049a09e73c18ba943979a84,5,,,2018-04-12 00:00:00,2018-04-12 23:11:22,2018-03-28,2018-04-12 23:11:22.000000,2026-08-27T05:17:09.287600+00:00,D:/D drive recovery/Shiva JH/Projects/OneLake Medallion/data/landing/2018-03-28/order_reviews.parquet,2018-03-28
1a968237ed0361de85df36f41729e040,341703185940265471b257c17af4790d,5,,,2018-04-20 00:00:00,2018-04-23 14:30:16,2018-04-09,2018-04-23 14:30:16.000000,2026-08-27T05:17:09.287600+00:00,D:/D drive recovery/Shiva JH/Projects/OneLake Medallion/data/landing/2018-04-09/order_reviews.parquet,2018-04-09
5f4472e6d7a00244c2016b7bbc320002,717903b4b996a7ae799b0c76b779fa0c,5,,,2018-04-12 00:00:00,2018-04-13 04:24:19,2018-04-09,2018-04-13 04:24:19.000000,2026-08-27T05:17:09.287600+00:00,D:/D drive recovery/Shiva JH/Projects/OneLake Medallion/data/landing/2018-04-09/order_reviews.parquet,2018-04-09
d62e2e10550e6f0f93cd26399c6bca3c,0464277e582666bde336336fd5fb9ff8,5,,,2018-04-17 00:00:00,2018-04-18 00:45:59,2018-04-09,2018-04-18 00:45:59.000000,2026-08-27T05:17:09.287600+00:00,D:/D drive recovery/Shiva JH/Projects/OneLake Medallion/data/landing/2018-04-09/order_reviews.parquet,2018-04-09
b07a4283d08e15564baca2e90d54ba8e,d7dd7b5a139c49fb68a6977797599973,4,,,2018-04-17 00:00:00,2018-04-18 10:53:50,2018-04-09,2018-04-18 10:53:50.000000,2026-08-27T05:17:09.287600+00:00,D:/D drive recovery/Shiva JH/Projects/OneLake Medallion/data/landing/2018-04-09/order_reviews.parquet,2018-04-09
781b6ee4da0d63c6a2aff4d62a1d6638,cdf44e8d562b9d32c7efe051c5cb71dd,5,Muito bom,Gostei entrega rapida,2018-04-28 00:00:00,2018-04-29 02:58:38,2018-04-21,2018-04-29 02:58:38.000000,2026-08-27T05:17:09.287600+00:00,D:/D drive recovery/Shiva JH/Projects/OneLake Medallion/data/landing/2018-04-21/order_reviews.parquet,2018-04-21
ebbfc8286e6d53c5a08bdc259cd45d70,e9136cf586a5b6aecf6fcd804542772c,4,,,2018-04-25 00:00:00,2018-04-26 13:06:51,2018-04-21,2018-04-26 13:06:51.000000,2026-08-27T05:17:09.287600+00:00,D:/D drive recovery/Shiva JH/Projects/OneLake Medallion/data/landing/2018-04-21/order_reviews.parquet,2018-04-21
8aa214e94f673f2a85a9aa08d9ac7962,ca7fc2f0ccaa981c829f79898f513337,5,,,2018-05-04 00:00:00,2018-05-08 21:24:46,2018-04-21,2018-05-08 21:24:46.000000,2026-08-27T05:17:09.287600+00:00,D:/D drive recovery/Shiva JH/Projects/OneLake Medallion/data/landing/2018-04-21/order_reviews.parquet,2018-04-21
c269f37f9fb9646968262c01309214dc,4d482023bb4e9eed15c299bf7c88d7a0,4,,,2018-05-05 00:00:00,2018-05-07 08:59:34,2018-04-21,2018-05-07 08:59:34.000000,2026-08-27T05:17:09.287600+00:00,D:/D drive recovery/Shiva JH/Projects/OneLake Medallion/data/landing/2018-04-21/order_reviews.parquet,2018-04-21
8e44933b5ed51f71553e328d8f760457,29bf861fea8df0d2df2b141d46aea6a5,5,,,2018-04-28 00:00:00,2018-04-29 01:09:00,2018-04-21,2018-04-29 01:09:00.000000,2026-08-27T05:17:09.287600+00:00,D:/D drive recovery/Shiva JH/Projects/OneLake Medallion/data/landing/2018-04-21/order_reviews.parquet,2018-04-21
270b08a2e6d47fe0e0f9f3746e2d3b10,adff109236fcf060cf7989c67c4280a5,5,,"O material poderia ser melhor, fã está desfiando 😔😏",2018-04-27 00:00:00,2018-04-30 12:01:51,2018-04-21,2018-04-30 12:01:51.000000,2026-08-27T05:17:09.287600+00:00,D:/D drive recovery/Shiva JH/Projects/OneLake Medallion/data/landing/2018-04-21/order_reviews.parquet,2018-04-21
8cc688cf3e938822bee215dc5af30a2b,6f4c22d6819340866bb330c97cb45c81,5,Entrega rapida,Produto entregue muito antes do prazo e com a qualidade esperada,2018-05-11 00:00:00,2018-05-12 14:00:37,2018-05-03,2018-05-12 14:00:37.000000,2026-08-27T05:17:09.287600+00:00,D:/D drive recovery/Shiva JH/Projects/OneLake Medallion/data/landing/2018-05-03/order_reviews.parquet,2018-05-03
a178c1234cfd80cdae6f0a18ea8050c2,8fb11f0652ca9a1fc2a32dd1b792fabf,5,,,2018-05-15 00:00:00,2018-05-16 08:53:48,2018-05-03,2018-05-16 08:53:48.000000,2026-08-27T05:17:09.287600+00:00,D:/D drive recovery/Shiva JH/Projects/OneLake Medallion/data/landing/2018-05-03/order_reviews.parquet,2018-05-03
24f737232c44dd5843685879e7fc3e0c,2d8b7efa1e3e13012f43533582104eae,5,Ótimo,Valew nota 1000,2018-05-11 00:00:00,2018-05-12 12:02:33,2018-05-03,2018-05-12 12:02:33.000000,2026-08-27T05:17:09.287600+00:00,D:/D drive recovery/Shiva JH/Projects/OneLake Medallion/data/landing/2018-05-03/order_reviews.parquet,2018-05-03
1bdb882f0431b775fbe6b4411687c3e0,efd36975d7d35f5e51dc4e13aabc0f2d,5,,,2018-05-16 00:00:00,2018-05-21 13:51:39,2018-05-03,2018-05-21 13:51:39.000000,2026-08-27T05:17:09.287600+00:00,D:/D drive recovery/Shiva JH/Projects/OneLake Medallion/data/landing/2018-05-03/order_reviews.parquet,2018-05-03
27c06cbbb2a7e2fd3967743bb26ff619,db6b63568221b91ede8c733e175bcb0f,1,Recebi incompleto,"Recebi apenas uma garrafa do produto Limoncello Italiano Premium Coppo 700 ml
",2018-05-15 00:00:00,2018-05-15 20:19:02,2018-05-03,2018-05-15 20:19:02.000000,2026-08-27T05:17:09.287600+00:00,D:/D drive recovery/Shiva JH/Projects/OneLake Medallion/data/landing/2018-05-03/order_reviews.parquet,2018-05-03
a2bcd584138dc729a42453191e868ad7,7e33051b148132bd0c823915b8863e35,5,,,2018-05-09 00:00:00,2018-05-10 10:23:47,2018-05-03,2018-05-10 10:23:47.000000,2026-08-27T05:17:09.287600+00:00,D:/D drive recovery/Shiva JH/Projects/OneLake Medallion/data/landing/2018-05-03/order_reviews.parquet,2018-05-03
256869e03116bbbed6bf81934f8b2a7e,c745c678c9834e0c537732afa099248a,3,Produto entregue errado,"Produto entregue errado, ainda não recebi o que comprei.",2018-05-15 00:00:00,2018-05-23 13:50:00,2018-05-03,2018-05-23 13:50:00.000000,2026-08-27T05:17:09.287600+00:00,D:/D drive recovery/Shiva JH/Projects/OneLake Medallion/data/landing/2018-05-03/order_reviews.parquet,2018-05-03
4799e73ec255a03191f4bcc5e50ceb3e,332dbacb7e4b30fa11983953ea356627,5,,,2018-05-08 00:00:00,2018-05-10 19:55:21,2018-05-03,2018-05-10 19:55:21.000000,2026-08-27T05:17:09.287600+00:00,D:/D drive recovery/Shiva JH/Projects/OneLake Medallion/data/landing/2018-05-03/order_reviews.parquet,2018-05-03
867ffa2bed32c526c8fd753f14229497,76dd6b675eeba81086553a3c272e0423,4,,,2018-05-26 00:00:00,2018-05-29 14:17:46,2018-05-03,2018-05-29 14:17:46.000000,2026-08-27T05:17:09.287600+00:00,D:/D drive recovery/Shiva JH/Projects/OneLake Medallion/data/landing/2018-05-03/order_reviews.parquet,2018-05-03
c3e8cd83117a3b560a2f191dc07bc07e,835dcecf534791041554b984434d72a0,5,"Aprovadíssimo, recomendo!","Nunca recebi uma encomenda tão rápido assim, o produto chegou perfeito do jeito que eu queria e super rápido.",2018-05-17 00:00:00,2018-05-22 20:29:32,2018-05-15,2018-05-22 20:29:32.000000,2026-08-27T05:17:09.287600+00:00,D:/D drive recovery/Shiva JH/Projects/OneLake Medallion/data/landing/2018-05-15/order_reviews.parquet,2018-05-15
75f53029a3a3e4b5447faa20583ca297,4b9cf74b2132266bf6d3342a77342433,5,,,2018-05-19 00:00:00,2018-05-22 16:00:45,2018-05-15,2018-05-22 16:00:45.000000,2026-08-27T05:17:09.287600+00:00,D:/D drive recovery/Shiva JH/Projects/OneLake Medallion/data/landing/2018-05-15/order_reviews.parquet,2018-05-15
15c69eede4536bd2a6dfdd77ba1df07f,c4606ff4ac2ce55892c33ab655ee5562,5,,,2018-05-27 00:00:00,2018-05-29 12:37:07,2018-05-15,2018-05-29 12:37:07.000000,2026-08-27T05:17:09.287600+00:00,D:/D drive recovery/Shiva JH/Projects/OneLake Medallion/data/landing/2018-05-15/order_reviews.parquet,2018-05-15
244664da52395affd91995d5c13406d2,516b0fe870022210bab4e170fbf10ec1,5,Entrega antes do prazo ,"Produto em ótimo estado, funcionando e entregue antes do prazo. Ótima loja, obrigado.",2018-05-26 00:00:00,2018-05-26 17:52:55,2018-05-15,2018-05-26 17:52:55.000000,2026-08-27T05:17:09.287600+00:00,D:/D drive recovery/Shiva JH/Projects/OneLake Medallion/data/landing/2018-05-15/order_reviews.parquet,2018-05-15
170b122d01f94b40e901a7a1d22cf67a,5d111a2da7b316aa34aadd1fb06b483a,1,Não recebi,"O produto não chegou ainda, está em atraso.",2018-06-08 00:00:00,2018-06-08 07:43:23,2018-05-15,2018-06-08 07:43:23.000000,2026-08-27T05:17:09.287600+00:00,D:/D drive recovery/Shiva JH/Projects/OneLake Medallion/data/landing/2018-05-15/order_reviews.parquet,2018-05-15
9cc5200030d61b018e0d5bf8d3cd6123,7d9bcfa3311de116da3d91d20236b5c5,5,Ótimo,Chegou antes do previsto!! Super recomendo!!,2018-06-16 00:00:00,2018-06-16 22:29:18,2018-06-08,2018-06-16 22:29:18.000000,2026-08-27T05:17:09.287600+00:00,D:/D drive recovery/Shiva JH/Projects/OneLake Medallion/data/landing/2018-06-08/order_reviews.parquet,2018-06-08
16ed07a3fc73e7dc8cb20694142da8c2,1b5616e7176516b92c005cf30da4dd69,5,,,2018-06-19 00:00:00,2018-06-22 02:02:14,2018-06-08,2018-06-22 02:02:14.000000,2026-08-27T05:17:09.287600+00:00,D:/D drive recovery/Shiva JH/Projects/OneLake Medallion/data/landing/2018-06-08/order_reviews.parquet,2018-06-08
37d4f4b4badc6d5d6c3bc067ffa3efe0,67237faa0d1a15c51811b4888270a4c2,4,,,2018-06-16 00:00:00,2018-06-16 12:51:44,2018-06-08,2018-06-16 12:51:44.000000,2026-08-27T05:17:09.287600+00:00,D:/D drive recovery/Shiva JH/Projects/OneLake Medallion/data/landing/2018-06-08/order_reviews.parquet,2018-06-08
52544e7ce09beb4f77c3c660770b4f67,46756e8b057947b9f69b5a70f084817f,4,,"Não veio com tudo que disse que vinha , nas informações do produto no vendedor , informa que vem com gelo térmico , mas veio sem",2018-07-05 00:00:00,2018-07-08 14:13:57,2018-06-08,2018-07-08 14:13:57.000000,2026-08-27T05:17:09.287600+00:00,D:/D drive recovery/Shiva JH/Projects/OneLake Medallion/data/landing/2018-06-08/order_reviews.parquet,2018-06-08
5346a18e34aa8faf8b750d2a11386de2,1c05a65d4250595c0369fe2e5771f5a1,4,,,2018-06-23 00:00:00,2018-06-25 13:04:55,2018-06-08,2018-06-25 13:04:55.000000,2026-08-27T05:17:09.287600+00:00,D:/D drive recovery/Shiva JH/Projects/OneLake Medallion/data/landing/2018-06-08/order_reviews.parquet,2018-06-08
670eb4d96ffcdea9f3a823f489a84112,719beedd6c2193b3e1e1ea1d2706eaf1,5,,,2018-06-22 00:00:00,2018-06-30 11:26:27,2018-06-20,2018-06-30 11:26:27.000000,2026-08-27T05:17:09.287600+00:00,D:/D drive recovery/Shiva JH/Projects/OneLake Medallion/data/landing/2018-06-20/order_reviews.parquet,2018-06-20
41b80ae9d42a291d78de4a0ce8403f5a,51122623ee1ccdaadbb6fcd95f077d8a,5,,Serviço rápido e eficiente.,2018-06-26 00:00:00,2018-06-26 22:01:20,2018-06-20,2018-06-26 22:01:20.000000,2026-08-27T05:17:09.287600+00:00,D:/D drive recovery/Shiva JH/Projects/OneLake Medallion/data/landing/2018-06-20/order_reviews.parquet,2018-06-20
e68f050cd3593ac2ee65fb7306ecfb81,977f92d98cab7bb13fedbec436375f8d,4,,,2018-06-28 00:00:00,2018-07-01 08:39:53,2018-06-20,2018-07-01 08:39:53.000000,2026-08-27T05:17:09.287600+00:00,D:/D drive recovery/Shiva JH/Projects/OneLake Medallion/data/landing/2018-06-20/order_reviews.parquet,2018-06-20
c7c843a11b6a2590f949b58350beef6a,34b426d7bae7fa280beff9a3cda190da,5,,,2018-06-30 00:00:00,2018-06-30 22:29:15,2018-06-20,2018-06-30 22:29:15.000000,2026-08-27T05:17:09.287600+00:00,D:/D drive recovery/Shiva JH/Projects/OneLake Medallion/data/landing/2018-06-20/order_reviews.parquet,2018-06-20
81bd5e4078bf11ae80a52bfc88c0851b,ae24b4bd36760cf8c026d52448d408f1,4,Loja excelente ,Nossa que loja boa chegou muito rápido recomendo ,2018-06-28 00:00:00,2018-06-28 15:48:21,2018-06-20,2018-06-28 15:48:21.000000,2026-08-27T05:17:09.287600+00:00,D:/D drive recovery/Shiva JH/Projects/OneLake Medallion/data/landing/2018-06-20/order_reviews.parquet,2018-06-20
f834b477f8ef44384df782b2318005ea,2f9d4ee8ca77fe0951ebfe9064cad953,5,,"Chegou tudo nos conformes,dentro do prazo e de excelente qualidade as pulseiras,recomendo.",2016-10-30 00:00:00,2016-11-01 16:48:31,2016-10-09,2016-11-01 16:48:31.000000,2026-08-27T05:17:09.287600+00:00,D:/D drive recovery/Shiva JH/Projects/OneLake Medallion/data/landing/2016-10-09/order_reviews.parquet,2016-10-09
ad6cf8eaea460341666797f3fea1773f,f7b9821d83a86f942cd40560f3c06622,1,,o produto chegou antes do prazo.porem chegou danificado(suas rodas de plásticos vieram quebradas).,2017-01-26 00:00:00,2017-01-26 16:58:19,2017-01-13,2017-01-26 16:58:19.000000,2026-08-27T05:17:09.287600+00:00,D:/D drive recovery/Shiva JH/Projects/OneLake Medallion/data/landing/2017-01-13/order_reviews.parquet,2017-01-13
9dc50077272395ec4c7dcf0ff89be4fa,c5a468ae781ffb0ec6d36ae89fe512b0,5,,Super Recomendo..Um encanto :-),2017-01-21 00:00:00,2017-01-23 09:57:30,2017-01-13,2017-01-23 09:57:30.000000,2026-08-27T05:17:09.287600+00:00,D:/D drive recovery/Shiva JH/Projects/OneLake Medallion/data/landing/2017-01-13/order_reviews.parquet,2017-01-13
6b963b1150c616b27485bc5c900cbae8,8f359a870a6206af39d54ab82c99619d,4,,,2017-02-04 00:00:00,2017-02-07 16:19:52,2017-01-25,2017-02-07 16:19:52.000000,2026-08-27T05:17:09.287600+00:00,D:/D drive recovery/Shiva JH/Projects/OneLake Medallion/data/landing/2017-01-25/order_reviews.parquet,2017-01-25
359db63856a2bd3a4a0531eb4f446b30,a50d16f8c24acdc0c3d2fe0af2cd5c87,3,,,2017-02-21 00:00:00,2017-02-21 09:45:29,2017-01-25,2017-02-21 09:45:29.000000,2026-08-27T05:17:09.287600+00:00,D:/D drive recovery/Shiva JH/Projects/OneLake Medallion/data/landing/2017-01-25/order_reviews.parquet,2017-01-25
3d085e2e91bfea3927ef38697bb1346e,bc7bc14f585b1879f63e89cb0e4cfa17,5,,excelente,2017-02-04 00:00:00,2017-02-07 10:50:17,2017-01-25,2017-02-07 10:50:17.000000,2026-08-27T05:17:09.287600+00:00,D:/D drive recovery/Shiva JH/Projects/OneLake Medallion/data/landing/2017-01-25/order_reviews.parquet,2017-01-25
b420ce5036a7cfb9ac1f54e09b97be59,c9e893d2e32f6ca9988b30669eb71e5a,1,,"Embora no site da stark consta que o produto foi entregue eu não o recebi. Segundo a portaria do meu condomínio( pessoal da segurança) a mercadoria não foi entregue, ou seja eles não refeberam nad",2017-03-15 00:00:00,2017-03-15 04:03:18,2017-02-06,2017-03-15 04:03:18.000000,2026-08-27T05:17:09.287600+00:00,D:/D drive recovery/Shiva JH/Projects/OneLake Medallion/data/landing/2017-02-06/order_reviews.parquet,2017-02-06
4d96a948142ef05cb1b7a1375bf0945b,61792640e5c6bc477b960e28fff4d779,5,,,2017-02-25 00:00:00,2017-02-28 14:37:46,2017-02-18,2017-02-28 14:37:46.000000,2026-08-27T05:17:09.287600+00:00,D:/D drive recovery/Shiva JH/Projects/OneLake Medallion/data/landing/2017-02-18/order_reviews.parquet,2017-02-18
ce1c8f5c23a5b96c8d27878e666ad3f2,d77031d6a3c8a52f019764e68f211c69,5,,"o produto chegou antes do prazo, é muito bom",2017-03-04 00:00:00,2017-06-20 23:17:56,2017-02-18,2017-06-20 23:17:56.000000,2026-08-27T05:17:09.287600+00:00,D:/D drive recovery/Shiva JH/Projects/OneLake Medallion/data/landing/2017-02-18/order_reviews.parquet,2017-02-18
a05feaba5e505e8cb3610b41bab12946,72da473ce9c065b6b7120da52ad4ac02,5,,,2017-03-08 00:00:00,2017-03-09 18:00:01,2017-03-02,2017-03-09 18:00:01.000000,2026-08-27T05:17:09.287600+00:00,D:/D drive recovery/Shiva JH/Projects/OneLake Medallion/data/landing/2017-03-02/order_reviews.parquet,2017-03-02
0c7fa2e12e64d5e2559e523472de5053,6d5e1e480d92f1bde5e9eb187fa388d5,5,,,2017-03-15 00:00:00,2017-03-15 23:24:18,2017-03-02,2017-03-15 23:24:18.000000,2026-08-27T05:17:09.287600+00:00,D:/D drive recovery/Shiva JH/Projects/OneLake Medallion/data/landing/2017-03-02/order_reviews.parquet,2017-03-02
0243f3c35c81026f39dccad4f44b67a7,bdbb8c171bf0fe78ba7607be04099506,4,,,2017-03-17 00:00:00,2017-03-17 23:50:03,2017-03-02,2017-03-17 23:50:03.000000,2026-08-27T05:17:09.287600+00:00,D:/D drive recovery/Shiva JH/Projects/OneLake Medallion/data/landing/2017-03-02/order_reviews.parquet,2017-03-02
57c15c4f086c90d2201a8e7a778edd4a,153e41d2dbed0732e8c41f472d912453,3,,,2017-04-01 00:00:00,2017-04-03 13:16:03,2017-03-14,2017-04-03 13:16:03.000000,2026-08-27T05:17:09.287600+00:00,D:/D drive recovery/Shiva JH/Projects/OneLake Medallion/data/landing/2017-03-14/order_reviews.parquet,2017-03-14
6ff9bab509f2532243acd7d652c0f598,cdfc8d98469b5469527223fa4d487882,3,,ok! muito bonito,2017-03-23 00:00:00,2017-03-24 14:19:00,2017-03-14,2017-03-24 14:19:00.000000,2026-08-27T05:17:09.287600+00:00,D:/D drive recovery/Shiva JH/Projects/OneLake Medallion/data/landing/2017-03-14/order_reviews.parquet,2017-03-14
b283b8e6a1508056c5f5fe2ef53e00bb,707b67c6036569d9eba912e2c8609ee4,5,,,2017-04-06 00:00:00,2017-04-06 21:36:43,2017-03-26,2017-04-06 21:36:43.000000,2026-08-27T05:17:09.287600+00:00,D:/D drive recovery/Shiva JH/Projects/OneLake Medallion/data/landing/2017-03-26/order_reviews.parquet,2017-03-26
e86abc84ddea8b2dd57ff1d120df185a,0ee0c320d2ceda401e28f8bc01e2fde2,3,,,2017-04-19 00:00:00,2017-04-19 21:16:51,2017-03-26,2017-04-19 21:16:51.000000,2026-08-27T05:17:09.287600+00:00,D:/D drive recovery/Shiva JH/Projects/OneLake Medallion/data/landing/2017-03-26/order_reviews.parquet,2017-03-26
ba3ce7e100524d266588fd5d91e3a996,73d609151d68d82b9e930d9e14458b61,5,,,2017-04-20 00:00:00,2017-09-04 20:18:45,2017-04-07,2017-09-04 20:18:45.000000,2026-08-27T05:17:09.287600+00:00,D:/D drive recovery/Shiva JH/Projects/OneLake Medallion/data/landing/2017-04-07/order_reviews.parquet,2017-04-07
b2578a96bfc6d23188834c0ac6945540,2217b5983c4fe87f26639368401a2f6c,5,,,2017-04-21 00:00:00,2017-04-22 19:29:59,2017-04-07,2017-04-22 19:29:59.000000,2026-08-27T05:17:09.287600+00:00,D:/D drive recovery/Shiva JH/Projects/OneLake Medallion/data/landing/2017-04-07/order_reviews.parquet,2017-04-07
d16e270a8749ea30552fe699886ed275,5cf5cdef34e1a2488666267e4eda1792,5,,Lindas bonecas com um cheirinho sensacional. ,2017-04-19 00:00:00,2017-04-20 02:02:28,2017-04-07,2017-04-20 02:02:28.000000,2026-08-27T05:17:09.287600+00:00,D:/D drive recovery/Shiva JH/Projects/OneLake Medallion/data/landing/2017-04-07/order_reviews.parquet,2017-04-07
4132da55c34f5a64456b42ceeba47b82,36f03c686bcee7c593f6227fb80b7109,1,,,2017-05-11 00:00:00,2017-05-11 13:28:29,2017-04-07,2017-05-11 13:28:29.000000,2026-08-27T05:17:09.287600+00:00,D:/D drive recovery/Shiva JH/Projects/OneLake Medallion/data/landing/2017-04-07/order_reviews.parquet,2017-04-07
7df47f50d2ddad0edf25e8017449459d,7bfe238bd2ede94073ec8c6c64509b90,5,,,2017-05-03 00:00:00,2017-05-04 13:29:53,2017-04-19,2017-05-04 13:29:53.000000,2026-08-27T05:17:09.287600+00:00,D:/D drive recovery/Shiva JH/Projects/OneLake Medallion/data/landing/2017-04-19/order_reviews.parquet,2017-04-19
77767f0edcd775f81aeb2117173e2d91,a14932a44ab80c8a470ee1786eda7573,5,,,2017-05-11 00:00:00,2017-05-12 11:08:25,2017-04-19,2017-05-12 11:08:25.000000,2026-08-27T05:17:09.287600+00:00,D:/D drive recovery/Shiva JH/Projects/OneLake Medallion/data/landing/2017-04-19/order_reviews.parquet,2017-04-19
b09db21fd783b4ace8039a73ba7f605f,2e1bbcd435bc99b41a07959ef2c3965e,5,,Bom atendimento e entrega correta,2017-04-28 00:00:00,2017-04-28 21:10:05,2017-04-19,2017-04-28 21:10:05.000000,2026-08-27T05:17:09.287600+00:00,D:/D drive recovery/Shiva JH/Projects/OneLake Medallion/data/landing/2017-04-19/order_reviews.parquet,2017-04-19
53dd0909550a186b853081d0a0461fb0,e3d211011fde3f5b8aaf8ecd42c4eed0,5,,,2017-05-05 00:00:00,2017-05-06 18:52:54,2017-05-01,2017-05-06 18:52:54.000000,2026-08-27T05:17:09.287600+00:00,D:/D drive recovery/Shiva JH/Projects/OneLake Medallion/data/landing/2017-05-01/order_reviews.parquet,2017-05-01
e30ba78059f09dbf666e5bb26b67eb7c,70b746f6d25c9df56e8e41bc05da3f1c,4,,,2017-05-18 00:00:00,2017-05-19 01:29:59,2017-05-01,2017-05-19 01:29:59.000000,2026-08-27T05:17:09.287600+00:00,D:/D drive recovery/Shiva JH/Projects/OneLake Medallion/data/landing/2017-05-01/order_reviews.parquet,2017-05-01
bc397a1ca49e7616f9bf0b842e33b9fe,36fc3a00019db8f893021f9508f695c8,5,,Muito bom mesmo recebir meu produto antes da data .. muito satisfeito...,2017-05-17 00:00:00,2017-05-20 23:58:59,2017-05-01,2017-05-20 23:58:59.000000,2026-08-27T05:17:09.287600+00:00,D:/D drive recovery/Shiva JH/Projects/OneLake Medallion/data/landing/2017-05-01/order_reviews.parquet,2017-05-01
da8c86c9aa816768bf948003b19a2935,d9c7d6586555e3adb3709a7047e36c11,4,,,2017-05-23 00:00:00,2017-05-23 14:00:57,2017-05-13,2017-05-23 14:00:57.000000,2026-08-27T05:17:09.287600+00:00,D:/D drive recovery/Shiva JH/Projects/OneLake Medallion/data/landing/2017-05-13/order_reviews.parquet,2017-05-13
53456afcfa7926552997ac1df1d1d101,0168a7f186c1f066748d15d8c51f489a,4,,,2017-05-19 00:00:00,2017-05-22 13:21:32,2017-05-13,2017-05-22 13:21:32.000000,2026-08-27T05:17:09.287600+00:00,D:/D drive recovery/Shiva JH/Projects/OneLake Medallion/data/landing/2017-05-13/order_reviews.parquet,2017-05-13
282a33665e1cf2febbd38887a7f666b0,357773e5b110f8f600e99720f07ac480,5,,"bom, estou usando e como o cesto ainda não se desmontou então está bom",2017-06-01 00:00:00,2017-06-02 03:18:22,2017-05-25,2017-06-02 03:18:22.000000,2026-08-27T05:17:09.287600+00:00,D:/D drive recovery/Shiva JH/Projects/OneLake Medallion/data/landing/2017-05-25/order_reviews.parquet,2017-05-25
ce58a98cf32ae367f3aff15f7a5c55f0,ac809d1a80a159ae8a440c726f579700,5,,,2017-06-03 00:00:00,2017-06-04 12:24:10,2017-05-25,2017-06-04 12:24:10.000000,2026-08-27T05:17:09.287600+00:00,D:/D drive recovery/Shiva JH/Projects/OneLake Medallion/data/landing/2017-05-25/order_reviews.parquet,2017-05-25
653e517823bcde0315f7ae5906f42add,f38becfd5e80f3d9d988ecab0b0a8d41,3,,,2017-06-17 00:00:00,2017-06-19 00:27:58,2017-06-06,2017-06-19 00:27:58.000000,2026-08-27T05:17:09.287600+00:00,D:/D drive recovery/Shiva JH/Projects/OneLake Medallion/data/landing/2017-06-06/order_reviews.parquet,2017-06-06
6ca2937f94a03357106813cde7a695ac,423a4ec1579258ccf1267d7414246c52,5,,,2017-06-17 00:00:00,2017-06-22 00:02:45,2017-06-06,2017-06-22 00:02:45.000000,2026-08-27T05:17:09.287600+00:00,D:/D drive recovery/Shiva JH/Projects/OneLake Medallion/data/landing/2017-06-06/order_reviews.parquet,2017-06-06
c3016fff50725fe3e66d4ba1d0c8d5d0,01bb52d7a8dffb8bef5b79268487cd10,5,,,2017-06-20 00:00:00,2017-06-21 18:55:16,2017-06-06,2017-06-21 18:55:16.000000,2026-08-27T05:17:09.287600+00:00,D:/D drive recovery/Shiva JH/Projects/OneLake Medallion/data/landing/2017-06-06/order_reviews.parquet,2017-06-06
8a6d4e532f234e0726b028de0bf81baf,16e4c23dc1892082c649911189c18f27,5,,Bom produto e lannister como sempre entregando antes do prazo... Recomendo!,2017-06-21 00:00:00,2017-06-23 15:22:42,2017-06-06,2017-06-23 15:22:42.000000,2026-08-27T05:17:09.287600+00:00,D:/D drive recovery/Shiva JH/Projects/OneLake Medallion/data/landing/2017-06-06/order_reviews.parquet,2017-06-06
b6460c871b6b1b8eca16e23f74276ff1,acf439da18812b2e710a2e7abe7f0ab2,4,,Atendimento cumprido.,2017-06-24 00:00:00,2017-06-25 12:04:59,2017-06-06,2017-06-25 12:04:59.000000,2026-08-27T05:17:09.287600+00:00,D:/D drive recovery/Shiva JH/Projects/OneLake Medallion/data/landing/2017-06-06/order_reviews.parquet,2017-06-06
e92c7e2c8591a747e9112eb06ca610b7,4a335c9b6c47353962fc6f0b1911eb03,5,,.,2017-06-29 00:00:00,2017-06-29 23:11:43,2017-06-18,2017-06-29 23:11:43.000000,2026-08-27T05:17:09.287600+00:00,D:/D drive recovery/Shiva JH/Projects/OneLake Medallion/data/landing/2017-06-18/order_reviews.parquet,2017-06-18
9cbecd241c7ed7873e2e1a6113017d5c,773fd1a45866c4100d7cc2b770f08901,5,,Produto entregue bem rápido.,2017-07-07 00:00:00,2017-07-25 00:32:28,2017-06-30,2017-07-25 00:32:28.000000,2026-08-27T05:17:09.287600+00:00,D:/D drive recovery/Shiva JH/Projects/OneLake Medallion/data/landing/2017-06-30/order_reviews.parquet,2017-06-30
115fcb3dc00a009a9d8df833081d3218,c0a1dc99f45387972d7c24cb3ffb3727,5,,"Super Recomendo,atendimento maravilhoso,entrega rápidae no prazo..Ameiii",2017-07-15 00:00:00,2017-07-18 01:40:39,2017-06-30,2017-07-18 01:40:39.000000,2026-08-27T05:17:09.287600+00:00,D:/D drive recovery/Shiva JH/Projects/OneLake Medallion/data/landing/2017-06-30/order_reviews.parquet,2017-06-30
085198bfe0ca99b07e5d4420e4a13aff,70de7b6034bc0e9a1f6074627ffab810,4,,,2017-08-01 00:00:00,2017-08-02 11:48:10,2017-07-12,2017-08-02 11:48:10.000000,2026-08-27T05:17:09.287600+00:00,D:/D drive recovery/Shiva JH/Projects/OneLake Medallion/data/landing/2017-07-12/order_reviews.parquet,2017-07-12
8858e37108a15029eef04f510161fb8a,bf92c69b7cc70f7fc2c37de43e366173,5,,,2017-08-01 00:00:00,2017-08-02 01:22:24,2017-07-24,2017-08-02 01:22:24.000000,2026-08-27T05:17:09.287600+00:00,D:/D drive recovery/Shiva JH/Projects/OneLake Medallion/data/landing/2017-07-24/order_reviews.parquet,2017-07-24
fd583e47e87e6b63f632e99f3e693991,1527c3b9bc481583f9752e89841e4686,4,,,2017-08-04 00:00:00,2017-08-04 22:24:56,2017-07-24,2017-08-04 22:24:56.000000,2026-08-27T05:17:09.287600+00:00,D:/D drive recovery/Shiva JH/Projects/OneLake Medallion/data/landing/2017-07-24/order_reviews.parquet,2017-07-24
2baf037efd3591bfcdcde143b6f57004,59a0441d0335d0179d1077e2dcb46cdc,5,,,2017-07-28 00:00:00,2017-07-28 19:53:41,2017-07-24,2017-07-28 19:53:41.000000,2026-08-27T05:17:09.287600+00:00,D:/D drive recovery/Shiva JH/Projects/OneLake Medallion/data/landing/2017-07-24/order_reviews.parquet,2017-07-24
d64c44384c521d43b081504264b61ba1,ae3e8160dfb11ba7791e416b096d2525,1,,"Touca chegou com furo e um risco que falta pouco pra rasgar também. 
Nas instruções de uso do produto diz que não pode ser usado se estiver rasgado, sendo assim não poderei usar o produto comprado.",2017-08-12 00:00:00,2017-08-14 22:31:05,2017-08-05,2017-08-14 22:31:05.000000,2026-08-27T05:17:09.287600+00:00,D:/D drive recovery/Shiva JH/Projects/OneLake Medallion/data/landing/2017-08-05/order_reviews.parquet,2017-08-05
16718406b54c271fec22425ae9d5c2d3,9baa1fea77be1dc7d5ef2ad847110a14,5,,Produto super confortável e muito bonito.,2017-08-22 00:00:00,2017-08-23 01:53:49,2017-08-05,2017-08-23 01:53:49.000000,2026-08-27T05:17:09.287600+00:00,D:/D drive recovery/Shiva JH/Projects/OneLake Medallion/data/landing/2017-08-05/order_reviews.parquet,2017-08-05
b24c95365275623a91f46a84aeeff00e,cab587eb398be7856799cbd4f9f57b28,5,,Bom,2017-08-22 00:00:00,2017-08-23 11:44:57,2017-08-05,2017-08-23 11:44:57.000000,2026-08-27T05:17:09.287600+00:00,D:/D drive recovery/Shiva JH/Projects/OneLake Medallion/data/landing/2017-08-05/order_reviews.parquet,2017-08-05
19adf576ec465563985ba4525b1e6a03,e81f9367113fbd126f1b01da8b50f0f3,5,,,2017-08-23 00:00:00,2017-08-26 22:11:17,2017-08-05,2017-08-26 22:11:17.000000,2026-08-27T05:17:09.287600+00:00,D:/D drive recovery/Shiva JH/Projects/OneLake Medallion/data/landing/2017-08-05/order_reviews.parquet,2017-08-05
395c3fc562a5ddb4d62c89ab488aac53,a59e5a3085765eccf13872b4529fba3c,5,,,2017-08-20 00:00:00,2017-08-20 19:41:24,2017-08-17,2017-08-20 19:41:24.000000,2026-08-27T05:17:09.287600+00:00,D:/D drive recovery/Shiva JH/Projects/OneLake Medallion/data/landing/2017-08-17/order_reviews.parquet,2017-08-17
647180e0d3af1055d95f758f75e67593,761d2a6c3fc081b13c3cbfa01c4a8c37,1,,Como vou avaliar um.produto que não recebi ainda ,2017-09-14 00:00:00,2017-09-14 04:33:39,2017-08-17,2017-09-14 04:33:39.000000,2026-08-27T05:17:09.287600+00:00,D:/D drive recovery/Shiva JH/Projects/OneLake Medallion/data/landing/2017-08-17/order_reviews.parquet,2017-08-17
f14a8f7e68eab7abd33f8b0cb3c75b06,9d7b5f17627d128b343baf0300b45c7f,4,,,2017-08-26 00:00:00,2017-08-26 20:57:30,2017-08-17,2017-08-26 20:57:30.000000,2026-08-27T05:17:09.287600+00:00,D:/D drive recovery/Shiva JH/Projects/OneLake Medallion/data/landing/2017-08-17/order_reviews.parquet,2017-08-17
96aed235a791b12edba9daadb3152e8e,1e48c52ecdb582b211ad22ae74ad2247,5,,,2017-09-05 00:00:00,2017-09-06 11:55:45,2017-08-29,2017-09-06 11:55:45.000000,2026-08-27T05:17:09.287600+00:00,D:/D drive recovery/Shiva JH/Projects/OneLake Medallion/data/landing/2017-08-29/order_reviews.parquet,2017-08-29
516b10cfc16729ea3cc343840e1ca5df,d2881983257f5db81d89259c7d0c6012,4,,Muito bom.só achei um pouco pequeno mais nada de mais,2017-09-19 00:00:00,2017-09-20 11:23:46,2017-08-29,2017-09-20 11:23:46.000000,2026-08-27T05:17:09.287600+00:00,D:/D drive recovery/Shiva JH/Projects/OneLake Medallion/data/landing/2017-08-29/order_reviews.parquet,2017-08-29
6ce064fb6730f195ad24c215398acd4e,e3a83a19707a6f27e4fde8d6b13d43f4,5,,,2017-09-19 00:00:00,2017-09-20 02:05:45,2017-09-10,2017-09-20 02:05:45.000000,2026-08-27T05:17:09.287600+00:00,D:/D drive recovery/Shiva JH/Projects/OneLake Medallion/data/landing/2017-09-10/order_reviews.parquet,2017-09-10
c82df119ff103760fc83cfab192ce4df,9b1d71b20edcf15ab15e0bb4a932f23f,1,,,2017-10-01 00:00:00,2017-10-02 15:16:16,2017-09-10,2017-10-02 15:16:16.000000,2026-08-27T05:17:09.287600+00:00,D:/D drive recovery/Shiva JH/Projects/OneLake Medallion/data/landing/2017-09-10/order_reviews.parquet,2017-09-10
8262ae27cc3f1cbe1fb5606699fbe081,9d83ef2eae9001ced10bfc373722a184,5,,,2017-10-03 00:00:00,2017-10-04 03:35:42,2017-09-22,2017-10-04 03:35:42.000000,2026-08-27T05:17:09.287600+00:00,D:/D drive recovery/Shiva JH/Projects/OneLake Medallion/data/landing/2017-09-22/order_reviews.parquet,2017-09-22
47628e0486f52a12061e56755da46dbc,59a9185f4ae4b284bf06962763f4317d,5,,,2017-10-11 00:00:00,2017-10-14 09:58:40,2017-10-04,2017-10-14 09:58:40.000000,2026-08-27T05:17:09.287600+00:00,D:/D drive recovery/Shiva JH/Projects/OneLake Medallion/data/landing/2017-10-04/order_reviews.parquet,2017-10-04
f70e964711c7a9229ad088240d7232d5,2301a0f5629f3d66f880849265f50515,4,,,2017-10-11 00:00:00,2017-10-12 00:20:31,2017-10-04,2017-10-12 00:20:31.000000,2026-08-27T05:17:09.287600+00:00,D:/D drive recovery/Shiva JH/Projects/OneLake Medallion/data/landing/2017-10-04/order_reviews.parquet,2017-10-04
ba00672e913ce14547c103153135a83b,06ebe0964f3c6ad099d9117fb1e66980,5,,produto de otima qualidade chegou rapido,2017-10-24 00:00:00,2017-10-25 16:21:55,2017-10-16,2017-10-25 16:21:55.000000,2026-08-27T05:17:09.287600+00:00,D:/D drive recovery/Shiva JH/Projects/OneLake Medallion/data/landing/2017-10-16/order_reviews.parquet,2017-10-16
7d9b01bd9b552658945a37f30f0822ce,ac28921ef185c0a4f81b4fbbdf4d645e,4,,,2017-12-06 00:00:00,2017-12-12 17:01:09,2017-10-28,2017-12-12 17:01:09.000000,2026-08-27T05:17:09.287600+00:00,D:/D drive recovery/Shiva JH/Projects/OneLake Medallion/data/landing/2017-10-28/order_reviews.parquet,2017-10-28
256aae8a79de657299448a217cd03d57,d3762703e4549c646c1f000b5094abea,5,,"Entregue antes do prazo, sempre compro no baratheon, recomendo, parabéns.",2017-11-02 00:00:00,2017-11-02 20:13:39,2017-10-28,2017-11-02 20:13:39.000000,2026-08-27T05:17:09.287600+00:00,D:/D drive recovery/Shiva JH/Projects/OneLake Medallion/data/landing/2017-10-28/order_reviews.parquet,2017-10-28
b08c96c8af635c2a0cfd56e6761531d7,a1eca0e86d2739a6adeb18015e4bc249,5,,,2017-11-28 00:00:00,2017-12-07 01:47:29,2017-11-09,2017-12-07 01:47:29.000000,2026-08-27T05:17:09.287600+00:00,D:/D drive recovery/Shiva JH/Projects/OneLake Medallion/data/landing/2017-11-09/order_reviews.parquet,2017-11-09
e5bb7480580f928a76ddbfc7456283d4,448632769b45cb2d1dfce6b88fb4bf88,5,,Estou muito satisfeita com o produto e com o atendimento,2017-11-23 00:00:00,2017-11-23 15:28:02,2017-11-09,2017-11-23 15:28:02.000000,2026-08-27T05:17:09.287600+00:00,D:/D drive recovery/Shiva JH/Projects/OneLake Medallion/data/landing/2017-11-09/order_reviews.parquet,2017-11-09
58caf182b6032a88ef7f797e893bd02b,d9a2b5f65a8710b7b169d27db28c5d26,5,,,2017-11-15 00:00:00,2017-11-21 00:17:57,2017-11-09,2017-11-21 00:17:57.000000,2026-08-27T05:17:09.287600+00:00,D:/D drive recovery/Shiva JH/Projects/OneLake Medallion/data/landing/2017-11-09/order_reviews.parquet,2017-11-09
0e4c7e0fed7a47538eba6865280dd08d,42c43329be23eae70ca32f087617feef,5,,Esta loja entregou bem rápido ,2017-11-18 00:00:00,2017-11-18 15:21:28,2017-11-09,2017-11-18 15:21:28.000000,2026-08-27T05:17:09.287600+00:00,D:/D drive recovery/Shiva JH/Projects/OneLake Medallion/data/landing/2017-11-09/order_reviews.parquet,2017-11-09
26ff70cb1eab608cccc067e017dfd654,b94e0a48d1692a46852bfce35ac0bea9,5,,,2017-11-14 00:00:00,2017-11-16 20:31:08,2017-11-09,2017-11-16 20:31:08.000000,2026-08-27T05:17:09.287600+00:00,D:/D drive recovery/Shiva JH/Projects/OneLake Medallion/data/landing/2017-11-09/order_reviews.parquet,2017-11-09
8d94ef9f02e083a7e34383c2f842e9eb,b4c80521e552d11e209d1388067ce814,4,,,2017-12-13 00:00:00,2017-12-14 01:45:40,2017-11-09,2017-12-14 01:45:40.000000,2026-08-27T05:17:09.287600+00:00,D:/D drive recovery/Shiva JH/Projects/OneLake Medallion/data/landing/2017-11-09/order_reviews.parquet,2017-11-09
7edd166bcd53114de518002b7ec6e869,a43da589ba6d3c9eb959a36699088162,1,,"Comprei estojo de pinceis de maquiagem, a loja me entregou tesouras de cortar cabelo.
Péssimo",2017-11-23 00:00:00,2017-11-26 18:36:31,2017-11-09,2017-11-26 18:36:31.000000,2026-08-27T05:17:09.287600+00:00,D:/D drive recovery/Shiva JH/Projects/OneLake Medallion/data/landing/2017-11-09/order_reviews.parquet,2017-11-09
6960efb6b843ab5a9373b37749747ac0,34f7af5479dd2e19cb5e205d6cc40bc1,5,,Entrega no prazo,2017-11-29 00:00:00,2017-11-30 00:37:31,2017-11-21,2017-11-30 00:37:31.000000,2026-08-27T05:17:09.287600+00:00,D:/D drive recovery/Shiva JH/Projects/OneLake Medallion/data/landing/2017-11-21/order_reviews.parquet,2017-11-21
6ea6f2e8ed87ad644b580276666eab1f,9bb64540c8b861abd76559cbf18a9230,4,,,2017-11-29 00:00:00,2017-11-30 14:05:43,2017-11-21,2017-11-30 14:05:43.000000,2026-08-27T05:17:09.287600+00:00,D:/D drive recovery/Shiva JH/Projects/OneLake Medallion/data/landing/2017-11-21/order_reviews.parquet,2017-11-21
c1e44441ae36d9267e3eabc8c587bbde,da5d566236538abb69c83b6283383b60,5,,,2017-12-07 00:00:00,2017-12-08 20:23:35,2017-11-21,2017-12-08 20:23:35.000000,2026-08-27T05:17:09.287600+00:00,D:/D drive recovery/Shiva JH/Projects/OneLake Medallion/data/landing/2017-11-21/order_reviews.parquet,2017-11-21
b1709dcf8547891933b0a46ada304453,1c596aea2c7f298b4ccafe3b88d7dfeb,1,,,2017-12-14 00:00:00,2017-12-15 10:44:08,2017-11-21,2017-12-15 10:44:08.000000,2026-08-27T05:17:09.287600+00:00,D:/D drive recovery/Shiva JH/Projects/OneLake Medallion/data/landing/2017-11-21/order_reviews.parquet,2017-11-21
0daa4a00b83f510d9a3caccd6352e7c3,be0d916fb5cf8a5dddcd98ad4905678e,4,,,2017-12-13 00:00:00,2017-12-13 11:09:04,2017-11-21,2017-12-13 11:09:04.000000,2026-08-27T05:17:09.287600+00:00,D:/D drive recovery/Shiva JH/Projects/OneLake Medallion/data/landing/2017-11-21/order_reviews.parquet,2017-11-21
04fcdc70fc4ef992e85666d65c19e853,b67c30c269ecce5a92826b392f1749e5,1,,"faltou as quatro pulseiras.. 
só veio 3 pulseiras na embalagem.. 
eu efetuei duas compras.. uma de um kit de 3 pulseiras e outra com um kit de 4 pulseiras..
só chegou o kit de 3 pulseiras.. ",2017-12-13 00:00:00,2017-12-14 10:36:10,2017-12-03,2017-12-14 10:36:10.000000,2026-08-27T05:17:09.287600+00:00,D:/D drive recovery/Shiva JH/Projects/OneLake Medallion/data/landing/2017-12-03/order_reviews.parquet,2017-12-03
caa465973285df6396dd4aaff0ae6766,be8b50c8a24a137dbed81d6c202e8d64,5,,Recomendo!!,2017-12-27 00:00:00,2018-01-15 13:01:03,2017-12-03,2018-01-15 13:01:03.000000,2026-08-27T05:17:09.287600+00:00,D:/D drive recovery/Shiva JH/Projects/OneLake Medallion/data/landing/2017-12-03/order_reviews.parquet,2017-12-03
2c00029fd778ac903d51e4652f026d77,12a6df267536bb8c253d9e7bb8b9e4aa,4,,,2017-12-07 00:00:00,2017-12-09 21:28:21,2017-12-03,2017-12-09 21:28:21.000000,2026-08-27T05:17:09.287600+00:00,D:/D drive recovery/Shiva JH/Projects/OneLake Medallion/data/landing/2017-12-03/order_reviews.parquet,2017-12-03
2d23c0453a074ca1f2a082ec78779b69,bc8e669b7c085a9d09f9c2b94c7693ab,1,,Eu comprei vários produtos e até agora tenho recebido td certinho até antes do prazo.,2017-12-14 00:00:00,2017-12-17 19:09:35,2017-12-03,2017-12-17 19:09:35.000000,2026-08-27T05:17:09.287600+00:00,D:/D drive recovery/Shiva JH/Projects/OneLake Medallion/data/landing/2017-12-03/order_reviews.parquet,2017-12-03
dfb35f36a65b007e40223c3597e475a6,58d29b7e20a6fd9ece06ae3981c5e1e4,5,,O produto chegou antes do prazo.,2017-12-20 00:00:00,2017-12-20 19:18:44,2017-12-03,2017-12-20 19:18:44.000000,2026-08-27T05:17:09.287600+00:00,D:/D drive recovery/Shiva JH/Projects/OneLake Medallion/data/landing/2017-12-03/order_reviews.parquet,2017-12-03
d3fb06a4ab70488b47f9d81af0bc0e4f,9ef5ae9f2a3b5c7cd4858cf4ffdc1b9c,1,,,2018-01-06 00:00:00,2018-01-06 12:27:40,2017-12-03,2018-01-06 12:27:40.000000,2026-08-27T05:17:09.287600+00:00,D:/D drive recovery/Shiva JH/Projects/OneLake Medallion/data/landing/2017-12-03/order_reviews.parquet,2017-12-03
02b04a05fca8dd721ff1f8e00e50415a,dc1e38158c000863ec33ac43a40c3366,5,,,2017-12-16 00:00:00,2017-12-18 20:58:17,2017-12-03,2017-12-18 20:58:17.000000,2026-08-27T05:17:09.287600+00:00,D:/D drive recovery/Shiva JH/Projects/OneLake Medallion/data/landing/2017-12-03/order_reviews.parquet,2017-12-03
feb4aa0ee392a879f3f3672972ac71d2,4b23422a153d74fd8d5b29e7fd978a4e,4,,,2017-12-19 00:00:00,2017-12-19 20:25:21,2017-12-15,2017-12-19 20:25:21.000000,2026-08-27T05:17:09.287600+00:00,D:/D drive recovery/Shiva JH/Projects/OneLake Medallion/data/landing/2017-12-15/order_reviews.parquet,2017-12-15
8de9015ac8c83ab56bcdf04d8b29a5b6,80039f1a61066974579290461478b384,5,,"Muito bom atendimento, entrega antes do prazo. Recomendo...",2018-01-05 00:00:00,2018-01-06 09:50:23,2017-12-15,2018-01-06 09:50:23.000000,2026-08-27T05:17:09.287600+00:00,D:/D drive recovery/Shiva JH/Projects/OneLake Medallion/data/landing/2017-12-15/order_reviews.parquet,2017-12-15
a22346996ffb3c918dbd18da80cd3a7e,91d9a72e928a84866b4d506c0398b723,2,,Minha insatisfação se refere ao produto recebido. Ao colocar a película no celular observei que as extremidades não aderiram e após um dia com ele no bolso observei que ela trincou.,2018-01-12 00:00:00,2018-01-19 10:20:58,2017-12-27,2018-01-19 10:20:58.000000,2026-08-27T05:17:09.287600+00:00,D:/D drive recovery/Shiva JH/Projects/OneLake Medallion/data/landing/2017-12-27/order_reviews.parquet,2017-12-27
3af81a159eceb3fed8da9182044511c7,8cee1e77f3ff782a0f7fc304065941b6,5,,,2018-01-13 00:00:00,2018-01-13 19:49:28,2018-01-08,2018-01-13 19:49:28.000000,2026-08-27T05:17:09.287600+00:00,D:/D drive recovery/Shiva JH/Projects/OneLake Medallion/data/landing/2018-01-08/order_reviews.parquet,2018-01-08
79f864ba1b0f733d6005b763d83cd78d,d2f55c412b906bd31c6a464fcd59ee26,5,,,2018-01-23 00:00:00,2018-01-23 23:49:33,2018-01-08,2018-01-23 23:49:33.000000,2026-08-27T05:17:09.287600+00:00,D:/D drive recovery/Shiva JH/Projects/OneLake Medallion/data/landing/2018-01-08/order_reviews.parquet,2018-01-08
8404579e5369d5ed471d75af4d2bd23c,fafd2c21c936debfbe975488ded4667a,4,,,2018-01-23 00:00:00,2018-01-26 00:07:50,2018-01-08,2018-01-26 00:07:50.000000,2026-08-27T05:17:09.287600+00:00,D:/D drive recovery/Shiva JH/Projects/OneLake Medallion/data/landing/2018-01-08/order_reviews.parquet,2018-01-08
7e528c8955fd85d931b4e3866eb42354,47032972f71019cd453baab392482f5d,3,,,2018-01-22 00:00:00,2018-05-16 19:33:31,2018-01-08,2018-05-16 19:33:31.000000,2026-08-27T05:17:09.287600+00:00,D:/D drive recovery/Shiva JH/Projects/OneLake Medallion/data/landing/2018-01-08/order_reviews.parquet,2018-01-08
37e0bf14a8ceb48555e6929cada1ad43,d6be19fade8df35d46c377eaeb737f67,5,,,2018-02-10 00:00:00,2018-02-10 18:58:35,2018-01-08,2018-02-10 18:58:35.000000,2026-08-27T05:17:09.287600+00:00,D:/D drive recovery/Shiva JH/Projects/OneLake Medallion/data/landing/2018-01-08/order_reviews.parquet,2018-01-08
a39ed3ccd146ff485b8977d68df3606d,8a8d4a399c6ef91d4c20458be5048c3b,5,,,2018-01-16 00:00:00,2018-06-07 14:27:55,2018-01-08,2018-06-07 14:27:55.000000,2026-08-27T05:17:09.287600+00:00,D:/D drive recovery/Shiva JH/Projects/OneLake Medallion/data/landing/2018-01-08/order_reviews.parquet,2018-01-08
4b86ae20ca921ceade754fabf0995988,f7c666a64887124db742dd9a8a4e300d,5,,,2018-01-16 00:00:00,2018-01-19 00:15:34,2018-01-08,2018-01-19 00:15:34.000000,2026-08-27T05:17:09.287600+00:00,D:/D drive recovery/Shiva JH/Projects/OneLake Medallion/data/landing/2018-01-08/order_reviews.parquet,2018-01-08
602b514b10171f4197b9f7539c6a96e5,478f2ae691d27c91c581c47b8e9f61d4,1,,vem mt pouco só da pra usar uma vez e já acaba,2018-01-19 00:00:00,2018-01-22 11:43:27,2018-01-08,2018-01-22 11:43:27.000000,2026-08-27T05:17:09.287600+00:00,D:/D drive recovery/Shiva JH/Projects/OneLake Medallion/data/landing/2018-01-08/order_reviews.parquet,2018-01-08
734395fdc08e44f9c855b9915ba40f57,c46172d2acb91b47e43297edd9d8b3ed,5,,,2018-01-27 00:00:00,2018-01-29 08:52:59,2018-01-20,2018-01-29 08:52:59.000000,2026-08-27T05:17:09.287600+00:00,D:/D drive recovery/Shiva JH/Projects/OneLake Medallion/data/landing/2018-01-20/order_reviews.parquet,2018-01-20
42102c9d6c4638b2386ab2963404fc35,cad0978e6d52213f4c78b26626fc40c0,5,,Ótimo chegou bem rápido,2018-01-25 00:00:00,2018-01-27 23:08:09,2018-01-20,2018-01-27 23:08:09.000000,2026-08-27T05:17:09.287600+00:00,D:/D drive recovery/Shiva JH/Projects/OneLake Medallion/data/landing/2018-01-20/order_reviews.parquet,2018-01-20
003da935bbc8bc0808b8d980579d7f7e,08733fad8b29896d4920d381cd3f7cf1,5,,Evitem mandar coisas pelos Correios. Tem muitas transportadoras por aí que oferecem o mesmo serviço. Os Correios é a pior instituição de transportes de encomendas do Brasil. Não encontram casa alguma,2018-02-10 00:00:00,2018-02-12 13:05:05,2018-01-20,2018-02-12 13:05:05.000000,2026-08-27T05:17:09.287600+00:00,D:/D drive recovery/Shiva JH/Projects/OneLake Medallion/data/landing/2018-01-20/order_reviews.parquet,2018-01-20
d9a6fece37173ab38f0b0a31ca335fad,207fcb4ce4deeff5a3ec9db8f38acff0,4,,,2018-02-24 00:00:00,2018-02-27 01:11:34,2018-02-01,2018-02-27 01:11:34.000000,2026-08-27T05:17:09.287600+00:00,D:/D drive recovery/Shiva JH/Projects/OneLake Medallion/data/landing/2018-02-01/order_reviews.parquet,2018-02-01
d5c9e4d4b75e4d4e6697512c43068318,1000fd60c36051932866242b91c5ef43,1,,Utilizei a chapa é quando fui higienizar no caso sem água somente com papel toalha começou a soltar tinta... no mínimo ao aquecer ela deve ter soltado nas carnes que assai produto de péssima qualidade,2018-02-08 00:00:00,2018-02-11 03:45:08,2018-02-01,2018-02-11 03:45:08.000000,2026-08-27T05:17:09.287600+00:00,D:/D drive recovery/Shiva JH/Projects/OneLake Medallion/data/landing/2018-02-01/order_reviews.parquet,2018-02-01
6b8c02263a389ef285b0913144ed50b9,fc662bafa52d2ef16078f6f6141009d6,5,,,2018-02-12 00:00:00,2018-02-14 19:12:43,2018-02-01,2018-02-14 19:12:43.000000,2026-08-27T05:17:09.287600+00:00,D:/D drive recovery/Shiva JH/Projects/OneLake Medallion/data/landing/2018-02-01/order_reviews.parquet,2018-02-01
02e66ada7ab6db21cba9e7086a2cc31e,183ee0e3ebd4c1c995e5f9ac2d950ee8,4,,Espero que continue funcionando bem ,2018-02-15 00:00:00,2018-02-16 19:42:38,2018-02-01,2018-02-16 19:42:38.000000,2026-08-27T05:17:09.287600+00:00,D:/D drive recovery/Shiva JH/Projects/OneLake Medallion/data/landing/2018-02-01/order_reviews.parquet,2018-02-01
c99d3debfd0b97dfba3475798ad8584e,7787175cbb70f20d210824b01d4225d9,5,,,2018-02-23 00:00:00,2018-02-24 12:09:59,2018-02-13,2018-02-24 12:09:59.000000,2026-08-27T05:17:09.287600+00:00,D:/D drive recovery/Shiva JH/Projects/OneLake Medallion/data/landing/2018-02-13/order_reviews.parquet,2018-02-13
a0b7b8341d904f0ce5a3c432e0ca3747,9d01fa0e65583ec53f3864ee0e73d015,2,,A loja não cumpri prazo estipulado.,2018-03-07 00:00:00,2018-03-09 18:09:03,2018-02-13,2018-03-09 18:09:03.000000,2026-08-27T05:17:09.287600+00:00,D:/D drive recovery/Shiva JH/Projects/OneLake Medallion/data/landing/2018-02-13/order_reviews.parquet,2018-02-13
4d6185694fa123f9f351e0620d59cea2,faf18cecda32bcf685059fb419574421,1,,Impossível avaliar um serviço que não foi completado ,2018-03-09 00:00:00,2018-03-12 11:58:37,2018-02-13,2018-03-12 11:58:37.000000,2026-08-27T05:17:09.287600+00:00,D:/D drive recovery/Shiva JH/Projects/OneLake Medallion/data/landing/2018-02-13/order_reviews.parquet,2018-02-13
2a5a94bcbc6296bfe547ef3878c029cb,1c2d22c1d55459e10c141fba4eed75be,5,,,2018-03-06 00:00:00,2018-03-06 16:55:01,2018-02-13,2018-03-06 16:55:01.000000,2026-08-27T05:17:09.287600+00:00,D:/D drive recovery/Shiva JH/Projects/OneLake Medallion/data/landing/2018-02-13/order_reviews.parquet,2018-02-13
d03f11d6105f2b3e54b5eccfd55e3174,2383d9fafbf6a8af2c96b3ffd0c70280,5,,,2018-03-08 00:00:00,2018-03-11 14:10:53,2018-02-25,2018-03-11 14:10:53.000000,2026-08-27T05:17:09.287600+00:00,D:/D drive recovery/Shiva JH/Projects/OneLake Medallion/data/landing/2018-02-25/order_reviews.parquet,2018-02-25
7297267be9a23cb77084d2b4c90dedbe,bdabf4d21213c2844d0b672d8fd72054,1,,Paguei e não vi o produto até agora. Depois de um mês de espera recebi um e-mail dos correios dizendo que não haviam recebido o produto. Pedi o cancelamento e não vi o dinheiro até agora.,2018-03-28 00:00:00,2018-03-28 17:11:47,2018-02-25,2018-03-28 17:11:47.000000,2026-08-27T05:17:09.287600+00:00,D:/D drive recovery/Shiva JH/Projects/OneLake Medallion/data/landing/2018-02-25/order_reviews.parquet,2018-02-25
d6941d0cd2e8d9898d2d532ff8d06f3a,2ccca1fe20c84ea4cb95b191e260cf16,5,,Bom,2018-03-06 00:00:00,2018-03-06 22:47:44,2018-02-25,2018-03-06 22:47:44.000000,2026-08-27T05:17:09.287600+00:00,D:/D drive recovery/Shiva JH/Projects/OneLake Medallion/data/landing/2018-02-25/order_reviews.parquet,2018-02-25
0153550f6dd1a6bdfc334a919622abfb,ecab90c9933c58908d3d6add7c6f5ae3,4,,,2018-03-28 00:00:00,2018-03-29 16:38:11,2018-02-25,2018-03-29 16:38:11.000000,2026-08-27T05:17:09.287600+00:00,D:/D drive recovery/Shiva JH/Projects/OneLake Medallion/data/landing/2018-02-25/order_reviews.parquet,2018-02-25
a51a9bca8396c197e49e3523834c147b,505a00852bc2f5b6d0b53b7a04c2fbad,3,,Paguei o frete mas tive que buscar nós Correios. Insatisfeita.,2018-03-22 00:00:00,2018-03-22 18:41:22,2018-03-09,2018-03-22 18:41:22.000000,2026-08-27T05:17:09.287600+00:00,D:/D drive recovery/Shiva JH/Projects/OneLake Medallion/data/landing/2018-03-09/order_reviews.parquet,2018-03-09
bda128c6ff4947180ab204a452ea368a,f190884813097fe74073188f97302e98,2,,Fiz um compra de três produtos e só chegou dois o que vcs vão fazer.,2018-04-04 00:00:00,2018-04-04 11:32:02,2018-03-09,2018-04-04 11:32:02.000000,2026-08-27T05:17:09.287600+00:00,D:/D drive recovery/Shiva JH/Projects/OneLake Medallion/data/landing/2018-03-09/order_reviews.parquet,2018-03-09
fda78c9286f8f5725cc376387e1b2d95,e1fba0870a0b10ccd04d57ed78831c13,4,,,2018-03-22 00:00:00,2018-03-23 00:05:29,2018-03-09,2018-03-23 00:05:29.000000,2026-08-27T05:17:09.287600+00:00,D:/D drive recovery/Shiva JH/Projects/OneLake Medallion/data/landing/2018-03-09/order_reviews.parquet,2018-03-09
7a4ca65b6efe962cd4c9247af26f582f,de96144dc55ce453b7dd9b5995a87c6a,4,,,2018-03-23 00:00:00,2018-03-26 12:57:21,2018-03-09,2018-03-26 12:57:21.000000,2026-08-27T05:17:09.287600+00:00,D:/D drive recovery/Shiva JH/Projects/OneLake Medallion/data/landing/2018-03-09/order_reviews.parquet,2018-03-09
60358249ed3f8de42c03ebacb2079a1a,48c35042cb072a8ed4da07c418f0b125,5,,,2018-03-29 00:00:00,2018-03-29 23:58:30,2018-03-21,2018-03-29 23:58:30.000000,2026-08-27T05:17:09.287600+00:00,D:/D drive recovery/Shiva JH/Projects/OneLake Medallion/data/landing/2018-03-21/order_reviews.parquet,2018-03-21
5964ae29099cdba5644ff46fd05f4e6e,fd9ee5b912fcbd8a218a3c7cf6fb4f0d,5,,,2018-04-03 00:00:00,2018-04-04 11:33:48,2018-03-21,2018-04-04 11:33:48.000000,2026-08-27T05:17:09.287600+00:00,D:/D drive recovery/Shiva JH/Projects/OneLake Medallion/data/landing/2018-03-21/order_reviews.parquet,2018-03-21
d0651105ab4c4d47acaa2da6a081207c,25f2336ad64d9dfaf347d85bca407b44,3,,So queria receber meu produto mais nao chegou ainda,2018-04-20 00:00:00,2018-04-20 10:17:08,2018-03-21,2018-04-20 10:17:08.000000,2026-08-27T05:17:09.287600+00:00,D:/D drive recovery/Shiva JH/Projects/OneLake Medallion/data/landing/2018-03-21/order_reviews.parquet,2018-03-21
5a672c216cb0c21ddf36d1493c50ccbe,4f940e976473a0facd3c6def01f9fc19,5,,,2018-04-07 00:00:00,2018-04-07 22:26:44,2018-03-21,2018-04-07 22:26:44.000000,2026-08-27T05:17:09.287600+00:00,D:/D drive recovery/Shiva JH/Projects/OneLake Medallion/data/landing/2018-03-21/order_reviews.parquet,2018-03-21
34283cdbe607e46b28f0dfc409d485fb,0e2d7ec6702478f04fd7b14b55b906b0,5,,,2018-04-06 00:00:00,2018-04-08 20:45:47,2018-03-21,2018-04-08 20:45:47.000000,2026-08-27T05:17:09.287600+00:00,D:/D drive recovery/Shiva JH/Projects/OneLake Medallion/data/landing/2018-03-21/order_reviews.parquet,2018-03-21
0785a492c4c477245e84a7edd46c5f1e,84b91dcef1e21e8151a9618564095dae,4,,,2018-04-18 00:00:00,2018-04-20 02:46:28,2018-03-21,2018-04-20 02:46:28.000000,2026-08-27T05:17:09.287600+00:00,D:/D drive recovery/Shiva JH/Projects/OneLake Medallion/data/landing/2018-03-21/order_reviews.parquet,2018-03-21
9f47b47620392148a6b42f7e9dc6a0de,dc20710a4582a12ed1eb1504bd916272,5,,,2018-04-07 00:00:00,2018-04-10 02:32:42,2018-04-02,2018-04-10 02:32:42.000000,2026-08-27T05:17:09.287600+00:00,D:/D drive recovery/Shiva JH/Projects/OneLake Medallion/data/landing/2018-04-02/order_reviews.parquet,2018-04-02
24fd83292cc6c8fe42ac855a6f163271,d74f695d00f9997798afe64684937fff,4,,,2018-04-24 00:00:00,2018-05-07 17:42:00,2018-04-02,2018-05-07 17:42:00.000000,2026-08-27T05:17:09.287600+00:00,D:/D drive recovery/Shiva JH/Projects/OneLake Medallion/data/landing/2018-04-02/order_reviews.parquet,2018-04-02
5e33269228033e7fbacbc9aa3936bb3e,01c7b08f0c05952ce15edb928bb63d2d,5,,,2018-04-19 00:00:00,2018-04-22 01:26:41,2018-04-02,2018-04-22 01:26:41.000000,2026-08-27T05:17:09.287600+00:00,D:/D drive recovery/Shiva JH/Projects/OneLake Medallion/data/landing/2018-04-02/order_reviews.parquet,2018-04-02
f919859ad6ba723610b66d6e55b6cf51,45c5fceca4f4409e9b086fff7c29e6bb,1,,,2018-04-25 00:00:00,2018-04-25 11:17:39,2018-04-02,2018-04-25 11:17:39.000000,2026-08-27T05:17:09.287600+00:00,D:/D drive recovery/Shiva JH/Projects/OneLake Medallion/data/landing/2018-04-02/order_reviews.parquet,2018-04-02
52bbad217aa9f4465b31956c5b09444b,c633811fc9f385653545e0f903b60fe5,5,,,2018-04-14 00:00:00,2018-04-17 11:08:03,2018-04-02,2018-04-17 11:08:03.000000,2026-08-27T05:17:09.287600+00:00,D:/D drive recovery/Shiva JH/Projects/OneLake Medallion/data/landing/2018-04-02/order_reviews.parquet,2018-04-02
789f5dac2ced7f535c2a287f16c2ef96,c92ef068e2628ab736ea295a7d536c7d,3,,,2018-05-16 00:00:00,2018-05-20 10:20:32,2018-04-14,2018-05-20 10:20:32.000000,2026-08-27T05:17:09.287600+00:00,D:/D drive recovery/Shiva JH/Projects/OneLake Medallion/data/landing/2018-04-14/order_reviews.parquet,2018-04-14
2272c52761a07a031bae90baeba3a0cb,90d4fd66e34f42131ae8035b8c32a862,5,,,2018-04-26 00:00:00,2018-04-27 00:52:33,2018-04-14,2018-04-27 00:52:33.000000,2026-08-27T05:17:09.287600+00:00,D:/D drive recovery/Shiva JH/Projects/OneLake Medallion/data/landing/2018-04-14/order_reviews.parquet,2018-04-14
2eff7240b89b4d5bebffdc74ba9869ed,a5a8f79e024db5dd26d9b264c2aacb26,5,,"ENTREGA ANTES DO PRAZO, RÁPIDO E PERFEITA.",2018-04-21 00:00:00,2018-04-23 12:27:49,2018-04-14,2018-04-23 12:27:49.000000,2026-08-27T05:17:09.287600+00:00,D:/D drive recovery/Shiva JH/Projects/OneLake Medallion/data/landing/2018-04-14/order_reviews.parquet,2018-04-14
1aa8f6134b5f4b2a4b00161dccd44828,05f9e5c577faa3a272454a2ceed5c64d,1,Não recebi o produto,Bom dia. Ainda não recebi o produto.,2018-05-17 00:00:00,2018-05-21 11:10:26,2018-04-14,2018-05-21 11:10:26.000000,2026-08-27T05:17:09.287600+00:00,D:/D drive recovery/Shiva JH/Projects/OneLake Medallion/data/landing/2018-04-14/order_reviews.parquet,2018-04-14
b637dc6db7825570622d3c27eaade2c7,9c462c053ec072efcaa5186110cf96b8,3,,,2018-04-24 00:00:00,2018-04-30 00:42:31,2018-04-14,2018-04-30 00:42:31.000000,2026-08-27T05:17:09.287600+00:00,D:/D drive recovery/Shiva JH/Projects/OneLake Medallion/data/landing/2018-04-14/order_reviews.parquet,2018-04-14
80964cc5a73704d492da1d4cde3c5c46,41b0c346ca595e5a94067d231e4106af,3,,,2018-04-28 00:00:00,2018-04-30 21:14:05,2018-04-14,2018-04-30 21:14:05.000000,2026-08-27T05:17:09.287600+00:00,D:/D drive recovery/Shiva JH/Projects/OneLake Medallion/data/landing/2018-04-14/order_reviews.parquet,2018-04-14
4ed9c6ca1fc816a36c99f7c195ad404c,2c8574e8710a496641d98e80143c7b98,5,,,2018-05-06 00:00:00,2018-05-06 20:55:34,2018-04-26,2018-05-06 20:55:34.000000,2026-08-27T05:17:09.287600+00:00,D:/D drive recovery/Shiva JH/Projects/OneLake Medallion/data/landing/2018-04-26/order_reviews.parquet,2018-04-26
5b25c43bd513b2bd8b98ff729e7a75ae,3de337ef9b7afb31444752b9b6383b1f,4,,,2018-05-05 00:00:00,2018-05-07 01:41:00,2018-04-26,2018-05-07 01:41:00.000000,2026-08-27T05:17:09.287600+00:00,D:/D drive recovery/Shiva JH/Projects/OneLake Medallion/data/landing/2018-04-26/order_reviews.parquet,2018-04-26
bacfe13c5929ee4b9eebef83a62a674e,68a688be62a4e82e6f8450c215d3fdae,5,bom,,2018-05-19 00:00:00,2018-05-20 17:43:59,2018-05-08,2018-05-20 17:43:59.000000,2026-08-27T05:17:09.287600+00:00,D:/D drive recovery/Shiva JH/Projects/OneLake Medallion/data/landing/2018-05-08/order_reviews.parquet,2018-05-08
e5833bce39dcb98ba164ecfaa7ec6844,499973f14af890d0e5c08bc600590ec4,5,Recomendo,,2018-05-18 00:00:00,2018-05-20 19:45:21,2018-05-08,2018-05-20 19:45:21.000000,2026-08-27T05:17:09.287600+00:00,D:/D drive recovery/Shiva JH/Projects/OneLake Medallion/data/landing/2018-05-08/order_reviews.parquet,2018-05-08
2df2a78096111af48e197fa2786b82ed,168a385694949b4ff7b62fba2f7cd23c,5,,,2018-05-12 00:00:00,2018-05-15 17:17:20,2018-05-08,2018-05-15 17:17:20.000000,2026-08-27T05:17:09.287600+00:00,D:/D drive recovery/Shiva JH/Projects/OneLake Medallion/data/landing/2018-05-08/order_reviews.parquet,2018-05-08
abe316c431dbfadb75c691215f8e3c21,6ca82d9e4eb3effeb9ad7d3a592d3cc4,5,Otimo!!!,"Chegou em 7 dias corridos, super recomendo!! Permfume maravilhosooooooooooooooooooo!!!",2018-05-16 00:00:00,2018-05-16 17:22:25,2018-05-08,2018-05-16 17:22:25.000000,2026-08-27T05:17:09.287600+00:00,D:/D drive recovery/Shiva JH/Projects/OneLake Medallion/data/landing/2018-05-08/order_reviews.parquet,2018-05-08
a644567c94d9a5a308e4c962277e80e5,9893da51f6d1ad5bf15a1756e3b8c9b3,5,,,2018-05-15 00:00:00,2018-05-21 14:57:09,2018-05-08,2018-05-21 14:57:09.000000,2026-08-27T05:17:09.287600+00:00,D:/D drive recovery/Shiva JH/Projects/OneLake Medallion/data/landing/2018-05-08/order_reviews.parquet,2018-05-08
e4de03ed1606cb618792c2d82b61f172,9f7acee13d271fc4082692dd7d0485c5,4,,,2018-05-19 00:00:00,2018-05-22 20:57:40,2018-05-08,2018-05-22 20:57:40.000000,2026-08-27T05:17:09.287600+00:00,D:/D drive recovery/Shiva JH/Projects/OneLake Medallion/data/landing/2018-05-08/order_reviews.parquet,2018-05-08
95b1d50fc97be09b61fa81f47253557f,ff40f38705c95a8eceea1a0db29bff66,2,recomendo,Comprei 02 relógios e um veio correto e o outro totalmente errado.,2018-05-16 00:00:00,2018-05-22 15:27:44,2018-05-08,2018-05-22 15:27:44.000000,2026-08-27T05:17:09.287600+00:00,D:/D drive recovery/Shiva JH/Projects/OneLake Medallion/data/landing/2018-05-08/order_reviews.parquet,2018-05-08
ad3fd2d64b3ecb30be2340ec96ecd382,887c5d8c7e26394fd67b1ba6f1c72c7a,1,Ainda não recebi.,"Recebi o e-mail perguntando se eu recebi meu produto, porem já passou do prazo de entrega e ainda NÃO recebi meu produto, e diz que se eu não responder o e-mail seria dado como produto entregue.",2018-05-31 00:00:00,2018-06-03 19:24:55,2018-05-20,2018-06-03 19:24:55.000000,2026-08-27T05:17:09.287600+00:00,D:/D drive recovery/Shiva JH/Projects/OneLake Medallion/data/landing/2018-05-20/order_reviews.parquet,2018-05-20
d021663c03b27c25a76c9b2793fb1945,a92e6290657082950fa4ebb6fe8141a6,1,,"N recebi o produto ainda, o prazo era pra ate o dia 8 e hoge é 10, na espera",2018-06-10 00:00:00,2018-06-10 20:02:26,2018-05-20,2018-06-10 20:02:26.000000,2026-08-27T05:17:09.287600+00:00,D:/D drive recovery/Shiva JH/Projects/OneLake Medallion/data/landing/2018-05-20/order_reviews.parquet,2018-05-20
202954554e262fd0978d5596a159f65e,f1aae2e4d1a714c4204f8fbfa09ea9b1,5,,Tudo entregue corretamente!,2018-06-09 00:00:00,2018-06-11 10:57:37,2018-05-20,2018-06-11 10:57:37.000000,2026-08-27T05:17:09.287600+00:00,D:/D drive recovery/Shiva JH/Projects/OneLake Medallion/data/landing/2018-05-20/order_reviews.parquet,2018-05-20
1a0b94a4c8a1c041d9d2c87c4dfd950b,5ba66b05da23d680e9f6ab20a3ae5bc6,5,Nota10,Muito bom e.rápido chegou antes.do prazo 👍👍👍👍,2018-05-25 00:00:00,2018-05-25 21:54:48,2018-05-20,2018-05-25 21:54:48.000000,2026-08-27T05:17:09.287600+00:00,D:/D drive recovery/Shiva JH/Projects/OneLake Medallion/data/landing/2018-05-20/order_reviews.parquet,2018-05-20
7177b0d791beb900ab8906e728b29455,22393c9bb58fd23ba0aaf68dab5094cc,5,Relogio casio entregue,"E a segunda compra q realizo neste site e todos entregue dentro do prazo mesmo com a greve dos caminhoneiros 
Parabéns a empresa 👏🏽👏🏽👏🏽",2018-06-05 00:00:00,2018-06-06 17:54:34,2018-05-20,2018-06-06 17:54:34.000000,2026-08-27T05:17:09.287600+00:00,D:/D drive recovery/Shiva JH/Projects/OneLake Medallion/data/landing/2018-05-20/order_reviews.parquet,2018-05-20
91845d1f2ee1fdb677c769fad86f2109,f30149f4a8882a08895b6a242aa0d612,5,,,2018-06-07 00:00:00,2018-06-08 10:59:20,2018-05-20,2018-06-08 10:59:20.000000,2026-08-27T05:17:09.287600+00:00,D:/D drive recovery/Shiva JH/Projects/OneLake Medallion/data/landing/2018-05-20/order_reviews.parquet,2018-05-20
9565e792fb302ed7f0036b2d9a6c4223,3f98a80c882c8294f35d35a4667490c4,5,,,2018-05-30 00:00:00,2018-06-04 11:34:33,2018-05-20,2018-06-04 11:34:33.000000,2026-08-27T05:17:09.287600+00:00,D:/D drive recovery/Shiva JH/Projects/OneLake Medallion/data/landing/2018-05-20/order_reviews.parquet,2018-05-20
7469aa78a712ba9f4b1d646008a8b082,ea639b1119b066a5966041d2367ce1e7,4,,,2018-07-15 00:00:00,2018-07-15 04:40:03,2018-06-01,2018-07-15 04:40:03.000000,2026-08-27T05:17:09.287600+00:00,D:/D drive recovery/Shiva JH/Projects/OneLake Medallion/data/landing/2018-06-01/order_reviews.parquet,2018-06-01
c509ba9cdc3a1e2f3d963baa031d93fe,6553bc307b0ce8eded2609f0008ae2bd,4,,,2018-06-14 00:00:00,2018-06-15 04:08:01,2018-06-01,2018-06-15 04:08:01.000000,2026-08-27T05:17:09.287600+00:00,D:/D drive recovery/Shiva JH/Projects/OneLake Medallion/data/landing/2018-06-01/order_reviews.parquet,2018-06-01
c6b5eeebcb1c5ea668bbdea49171008a,e6e4672e14ca0ff3cbdf2e23e1d6cc30,5,,,2018-06-14 00:00:00,2018-06-14 19:37:25,2018-06-01,2018-06-14 19:37:25.000000,2026-08-27T05:17:09.287600+00:00,D:/D drive recovery/Shiva JH/Projects/OneLake Medallion/data/landing/2018-06-01/order_reviews.parquet,2018-06-01
7badf50b8b9567162b169939d11311bb,d245d1728ad7cc2081cb50838d7d6fcb,5,***** super recomendo,"Muito rápida mesmo com paralisação dos caminhoneiros não atrasou a entrega.
Gostei muito. ",2018-06-06 00:00:00,2018-06-07 11:25:58,2018-06-01,2018-06-07 11:25:58.000000,2026-08-27T05:17:09.287600+00:00,D:/D drive recovery/Shiva JH/Projects/OneLake Medallion/data/landing/2018-06-01/order_reviews.parquet,2018-06-01
03b1ad9a9803d894cf1a50dc7fcee0c4,05bdb94211a1ae1e3734545262f50da3,3,,,2018-06-06 00:00:00,2018-06-08 22:55:48,2018-06-01,2018-06-08 22:55:48.000000,2026-08-27T05:17:09.287600+00:00,D:/D drive recovery/Shiva JH/Projects/OneLake Medallion/data/landing/2018-06-01/order_reviews.parquet,2018-06-01
6d21381c445adb86e9e9d568748a4129,f51de224914539ecac4ad066fcaa5a1e,1,Péssimo,"O produto veio embrulhado numa embalagem inapropriada e com isso o pote do chá acabou ficando danificado durante o trajeto. Quando abri a embalagem o chá estava todo derramado
",2018-06-20 00:00:00,2018-06-21 19:19:06,2018-06-13,2018-06-21 19:19:06.000000,2026-08-27T05:17:09.287600+00:00,D:/D drive recovery/Shiva JH/Projects/OneLake Medallion/data/landing/2018-06-13/order_reviews.parquet,2018-06-13
bd8fd9d593911a1e9148e17e4e1ea850,d318b798f415b925411c4b1158c2ca9a,4,super recomendo,,2018-06-21 00:00:00,2018-06-22 01:25:34,2018-06-13,2018-06-22 01:25:34.000000,2026-08-27T05:17:09.287600+00:00,D:/D drive recovery/Shiva JH/Projects/OneLake Medallion/data/landing/2018-06-13/order_reviews.parquet,2018-06-13
983d0409326cada6195d69b477be4265,5c3daac471748ba7152bf6760e8c12b8,5,,,2018-06-24 00:00:00,2018-06-24 14:56:26,2018-06-13,2018-06-24 14:56:26.000000,2026-08-27T05:17:09.287600+00:00,D:/D drive recovery/Shiva JH/Projects/OneLake Medallion/data/landing/2018-06-13/order_reviews.parquet,2018-06-13
6063f7365eb911377d18f111a3c65d74,138922735946aa65c66ca7e7bd4e5980,5,super recomendo ,fis uma execenti conpra muito bem atendido valeu ,2018-07-01 00:00:00,2018-07-04 15:49:54,2018-06-13,2018-07-04 15:49:54.000000,2026-08-27T05:17:09.287600+00:00,D:/D drive recovery/Shiva JH/Projects/OneLake Medallion/data/landing/2018-06-13/order_reviews.parquet,2018-06-13
db8f46cb81510052e882f641a328a2e1,e92f3505810692cd4a0350b19e2d9045,5,,,2018-06-23 00:00:00,2018-06-24 03:33:20,2018-06-13,2018-06-24 03:33:20.000000,2026-08-27T05:17:09.287600+00:00,D:/D drive recovery/Shiva JH/Projects/OneLake Medallion/data/landing/2018-06-13/order_reviews.parquet,2018-06-13
6ff77c8c4ad816fab54d6039e6641706,4fa933d3af1ace6329bd375b0be6398b,5,,,2018-06-17 00:00:00,2018-06-17 22:39:02,2018-06-13,2018-06-17 22:39:02.000000,2026-08-27T05:17:09.287600+00:00,D:/D drive recovery/Shiva JH/Projects/OneLake Medallion/data/landing/2018-06-13/order_reviews.parquet,2018-06-13
5b9294d41c3872e8fe9421d11ba0c95a,af18c8b9b0890d5387074340f9d39cc7,4,,,2018-06-29 00:00:00,2018-06-30 09:39:22,2018-06-13,2018-06-30 09:39:22.000000,2026-08-27T05:17:09.287600+00:00,D:/D drive recovery/Shiva JH/Projects/OneLake Medallion/data/landing/2018-06-13/order_reviews.parquet,2018-06-13
a79d0e55a3c1bb354483afb7565c8715,048741d7885a7fded1de887eb956fff3,5,otimo,Sastifeito com a mercadoria e com a entrega antes do prazo parabens,2018-06-21 00:00:00,2018-06-21 21:05:25,2018-06-13,2018-06-21 21:05:25.000000,2026-08-27T05:17:09.287600+00:00,D:/D drive recovery/Shiva JH/Projects/OneLake Medallion/data/landing/2018-06-13/order_reviews.parquet,2018-06-13
7da5d7c9584345242b9d2cfa385455fe,3391274af8aa8372225f9c42c63d853e,5,,,2018-06-21 00:00:00,2018-06-21 06:00:00,2018-06-13,2018-06-21 06:00:00.000000,2026-08-27T05:17:09.287600+00:00,D:/D drive recovery/Shiva JH/Projects/OneLake Medallion/data/landing/2018-06-13/order_reviews.parquet,2018-06-13
198577d57b0d4e9ae645b8e89c4a969d,b7af6b8813fa3bb23a67f2fd8284db1e,5,,,2018-06-29 00:00:00,2018-06-29 16:32:45,2018-06-25,2018-06-29 16:32:45.000000,2026-08-27T05:17:09.287600+00:00,D:/D drive recovery/Shiva JH/Projects/OneLake Medallion/data/landing/2018-06-25/order_reviews.parquet,2018-06-25
cd97c51e3ae02c42c6bb290b2d49ce15,d9137c81bf939fd8a1934f77b701422c,2,Satisfatório,Esperava um produto de maior qualidade.,2018-06-30 00:00:00,2018-07-02 09:34:31,2018-06-25,2018-07-02 09:34:31.000000,2026-08-27T05:17:09.287600+00:00,D:/D drive recovery/Shiva JH/Projects/OneLake Medallion/data/landing/2018-06-25/order_reviews.parquet,2018-06-25
eb4921e5a177383a2766d77c6413fbe3,1d74feccf8381303587104e6f647a189,4,,,2018-06-30 00:00:00,2018-07-02 18:56:46,2018-06-25,2018-07-02 18:56:46.000000,2026-08-27T05:17:09.287600+00:00,D:/D drive recovery/Shiva JH/Projects/OneLake Medallion/data/landing/2018-06-25/order_reviews.parquet,2018-06-25
53ebe680729c13da534981914a3f12a5,1f9fa4b707b82f25dbf52e6695842e8c,4,,loja muito eficiente.. recomendo!!!,2017-02-14 00:00:00,2017-02-15 17:48:16,2017-01-31,2017-02-15 17:48:16.000000,2026-08-27T05:17:09.287600+00:00,D:/D drive recovery/Shiva JH/Projects/OneLake Medallion/data/landing/2017-01-31/order_reviews.parquet,2017-01-31
26258857eb3791e5f3720fda70bdd9c4,5525c00bfd980bae1cac46f7dcf88224,3,,O tapete não é tao peludo quanto a foto... ele é bem fino e os pelos bem baixos.,2017-03-11 00:00:00,2017-03-17 12:01:09,2017-01-31,2017-03-17 12:01:09.000000,2026-08-27T05:17:09.287600+00:00,D:/D drive recovery/Shiva JH/Projects/OneLake Medallion/data/landing/2017-01-31/order_reviews.parquet,2017-01-31
de37ffb4e50d4378c9955406da439eb8,77f8ac5734b5b2f8c1572102f854d329,5,,,2017-03-16 00:00:00,2017-03-20 13:17:48,2017-03-08,2017-03-20 13:17:48.000000,2026-08-27T05:17:09.287600+00:00,D:/D drive recovery/Shiva JH/Projects/OneLake Medallion/data/landing/2017-03-08/order_reviews.parquet,2017-03-08
1d7a85ea6d9c7aa926bda38e518c1ae3,d0d85933667e8a90939ca37947942b62,4,,,2017-03-17 00:00:00,2017-03-17 19:30:35,2017-03-08,2017-03-17 19:30:35.000000,2026-08-27T05:17:09.287600+00:00,D:/D drive recovery/Shiva JH/Projects/OneLake Medallion/data/landing/2017-03-08/order_reviews.parquet,2017-03-08
35a56c0eb759ac5879c2cb6c1ae16ff1,1e5116c850ec5a9a3a83ff73bd06aef6,5,,"Sempre tive um certo receio de fazer compras pela Internet, resolvi comprar por insistência dos filhos e graças a Deus nunca tive problemas os produtos que comprei no stark sempre foram entregue",2017-04-14 00:00:00,2017-04-16 11:42:32,2017-03-20,2017-04-16 11:42:32.000000,2026-08-27T05:17:09.287600+00:00,D:/D drive recovery/Shiva JH/Projects/OneLake Medallion/data/landing/2017-03-20/order_reviews.parquet,2017-03-20
bef175bd6ef90af0938b390a08bec6a3,b4dc09cbd4cc735632779c738cda842b,5,,"Recomendo a todos a comprar nesta loja, atendimento, prazo de entrega conforme indicado!!! Parabéns... ",2017-03-29 00:00:00,2017-03-30 12:46:38,2017-03-20,2017-03-30 12:46:38.000000,2026-08-27T05:17:09.287600+00:00,D:/D drive recovery/Shiva JH/Projects/OneLake Medallion/data/landing/2017-03-20/order_reviews.parquet,2017-03-20
42eff6e5b1a865ad07ee31c7da64aeb6,9da02db988be4c6560597e90391a4cdc,5,,PRODUTO ENTREGUE NO PRAZO E CORRETAMENTE.,2017-04-11 00:00:00,2017-04-18 13:57:44,2017-04-01,2017-04-18 13:57:44.000000,2026-08-27T05:17:09.287600+00:00,D:/D drive recovery/Shiva JH/Projects/OneLake Medallion/data/landing/2017-04-01/order_reviews.parquet,2017-04-01
e419c2f9cca982f8532681fe25ca0d9b,ad9bcd26dc9183d66b36db87ffc26904,3,,,2017-04-21 00:00:00,2017-04-26 13:59:46,2017-04-01,2017-04-26 13:59:46.000000,2026-08-27T05:17:09.287600+00:00,D:/D drive recovery/Shiva JH/Projects/OneLake Medallion/data/landing/2017-04-01/order_reviews.parquet,2017-04-01
861d92ec33d23b0b5a393fc1384816f5,813f8916cd12b887b0fa271f3263a4d3,3,,"Apesar de terem emitido Nfe com dados incorretos, corrigiram e o produto foi entregue, mas fora do prazo. Mesmo assim recomendo!!!",2017-05-10 00:00:00,2017-05-11 12:18:48,2017-04-13,2017-05-11 12:18:48.000000,2026-08-27T05:17:09.287600+00:00,D:/D drive recovery/Shiva JH/Projects/OneLake Medallion/data/landing/2017-04-13/order_reviews.parquet,2017-04-13
fdbb3651169dcb6787e54d597b35018f,f0ab33ceba10623b929d52fe23fff27b,5,,,2017-05-12 00:00:00,2017-05-16 12:59:36,2017-04-13,2017-05-16 12:59:36.000000,2026-08-27T05:17:09.287600+00:00,D:/D drive recovery/Shiva JH/Projects/OneLake Medallion/data/landing/2017-04-13/order_reviews.parquet,2017-04-13
85aec12917d89d87ae7fbb400c194c86,d8d0488eb1aa33a391551c5bbe00e93f,5,,,2017-05-05 00:00:00,2017-05-06 05:01:51,2017-04-25,2017-05-06 05:01:51.000000,2026-08-27T05:17:09.287600+00:00,D:/D drive recovery/Shiva JH/Projects/OneLake Medallion/data/landing/2017-04-25/order_reviews.parquet,2017-04-25
2016497db24ae9318425947d717da8aa,50b8644a6f58db94a0d3beb21e0e9a01,5,,Recebido dentro do prazo em perfeitas condições ,2017-05-10 00:00:00,2017-05-11 10:41:30,2017-04-25,2017-05-11 10:41:30.000000,2026-08-27T05:17:09.287600+00:00,D:/D drive recovery/Shiva JH/Projects/OneLake Medallion/data/landing/2017-04-25/order_reviews.parquet,2017-04-25
b11ebf36758b9c569919ff62cf495945,ef59d8fd00ca64c9dea7310396e1bed2,5,,,2017-05-11 00:00:00,2017-05-11 11:02:48,2017-04-25,2017-05-11 11:02:48.000000,2026-08-27T05:17:09.287600+00:00,D:/D drive recovery/Shiva JH/Projects/OneLake Medallion/data/landing/2017-04-25/order_reviews.parquet,2017-04-25
3e503c47b25dfa418a5588a38401a261,0fb55482ffb326ed131c67051fe87192,5,,,2017-05-12 00:00:00,2017-05-15 21:53:47,2017-04-25,2017-05-15 21:53:47.000000,2026-08-27T05:17:09.287600+00:00,D:/D drive recovery/Shiva JH/Projects/OneLake Medallion/data/landing/2017-04-25/order_reviews.parquet,2017-04-25
7d96b04a25a76c729f5dee895a73ec74,504d3fdb152668257245784f42c6fbc7,4,,sim recebi na cor preta ....queria na cor vermelha...queria o que aconteceu...obriagodo b oa n oite ,2017-05-16 00:00:00,2017-05-16 21:06:22,2017-05-07,2017-05-16 21:06:22.000000,2026-08-27T05:17:09.287600+00:00,D:/D drive recovery/Shiva JH/Projects/OneLake Medallion/data/landing/2017-05-07/order_reviews.parquet,2017-05-07
8ee90ac383cf825bb7f4756130d4e74a,8e350e1e4254bd7c68913b98bde7d3a7,5,,recomendo,2017-05-30 00:00:00,2017-06-02 18:16:17,2017-05-19,2017-06-02 18:16:17.000000,2026-08-27T05:17:09.287600+00:00,D:/D drive recovery/Shiva JH/Projects/OneLake Medallion/data/landing/2017-05-19/order_reviews.parquet,2017-05-19
260b8badf10666253ac8a8eda99119f9,8e350e1e4254bd7c68913b98bde7d3a7,1,,"Não recebi o pedido completo ,veio faltando 1 jogo de toalhas.Comprei 2 jogos Nota Fiscal 001689. Aguardo solução urgente.Faltou jogo vermelho.Fornecedor Ibitinga Decora.Aguardo solução urgente ",2017-06-01 00:00:00,2017-06-02 18:29:03,2017-05-19,2017-06-02 18:29:03.000000,2026-08-27T05:17:09.287600+00:00,D:/D drive recovery/Shiva JH/Projects/OneLake Medallion/data/landing/2017-05-19/order_reviews.parquet,2017-05-19
93416c817937dcf1e85dbe616b7b2a2d,907b36ec45e03307bb335fc31304b66d,4,,,2017-05-31 00:00:00,2017-06-02 23:06:17,2017-05-19,2017-06-02 23:06:17.000000,2026-08-27T05:17:09.287600+00:00,D:/D drive recovery/Shiva JH/Projects/OneLake Medallion/data/landing/2017-05-19/order_reviews.parquet,2017-05-19
6d7ca6aa6ca9fd6837343c7e4512d09f,635d6eda3af27d4cdcee17a82b7aca92,5,,,2017-05-27 00:00:00,2017-05-28 05:00:41,2017-05-19,2017-05-28 05:00:41.000000,2026-08-27T05:17:09.287600+00:00,D:/D drive recovery/Shiva JH/Projects/OneLake Medallion/data/landing/2017-05-19/order_reviews.parquet,2017-05-19
0e81217a55ac5de93d01c0e6bf2774ea,d3d5d98dda9bb549d81a9b4b9e404bc2,5,,,2017-06-06 00:00:00,2017-06-08 23:56:06,2017-05-31,2017-06-08 23:56:06.000000,2026-08-27T05:17:09.287600+00:00,D:/D drive recovery/Shiva JH/Projects/OneLake Medallion/data/landing/2017-05-31/order_reviews.parquet,2017-05-31
d1ca42d06c401dd493296d8e2afaea43,7cd5af34e77c36b52c7af3c605135722,2,,"Bom dia estou aguardando a minha encomenda não chegou eu já paguei no cartão foi parcelado em 10 vezes, agora guando chegar eu mudo a minha opinião, era pra dar de presente ",2017-07-07 00:00:00,2017-07-07 09:46:37,2017-06-12,2017-07-07 09:46:37.000000,2026-08-27T05:17:09.287600+00:00,D:/D drive recovery/Shiva JH/Projects/OneLake Medallion/data/landing/2017-06-12/order_reviews.parquet,2017-06-12
1ba3d4941243a8b20c14438937171b07,d15b470095fbc3ced455be6889f344fc,4,,,2017-07-06 00:00:00,2017-07-10 14:28:06,2017-06-24,2017-07-10 14:28:06.000000,2026-08-27T05:17:09.287600+00:00,D:/D drive recovery/Shiva JH/Projects/OneLake Medallion/data/landing/2017-06-24/order_reviews.parquet,2017-06-24
61fe4e7d1ae801bbe169eb67b86c6eda,7d04189e83c072cfdde15bcd1deaa23b,4,,,2017-07-19 00:00:00,2017-07-20 12:06:11,2017-07-06,2017-07-20 12:06:11.000000,2026-08-27T05:17:09.287600+00:00,D:/D drive recovery/Shiva JH/Projects/OneLake Medallion/data/landing/2017-07-06/order_reviews.parquet,2017-07-06
e1d7ff48e2297f5d79fd1d256b0c737c,9dc7932b1c116c2d56c1a2c52442d0cb,5,,,2017-08-01 00:00:00,2017-08-02 11:16:00,2017-07-18,2017-08-02 11:16:00.000000,2026-08-27T05:17:09.287600+00:00,D:/D drive recovery/Shiva JH/Projects/OneLake Medallion/data/landing/2017-07-18/order_reviews.parquet,2017-07-18
94fa54c810a2561ac2805734c4a91ce2,b5ed14c14034b74bb0ae1c0427d72304,5,,,2017-09-02 00:00:00,2017-09-02 23:43:48,2017-08-23,2017-09-02 23:43:48.000000,2026-08-27T05:17:09.287600+00:00,D:/D drive recovery/Shiva JH/Projects/OneLake Medallion/data/landing/2017-08-23/order_reviews.parquet,2017-08-23
4658407c18969a172a5c2b39fd35a887,46afec49491e4385870de60c96bc956e,5,,"Sempre compro pelo site da lannister.com e nunca tive nenhum tipo de problemas com a entrega é o produto comprado. Parabenizo essa empresa pela qualidade, pontualidade e respeito às minhas compras.",2017-09-14 00:00:00,2017-09-18 20:34:17,2017-09-04,2017-09-18 20:34:17.000000,2026-08-27T05:17:09.287600+00:00,D:/D drive recovery/Shiva JH/Projects/OneLake Medallion/data/landing/2017-09-04/order_reviews.parquet,2017-09-04
a4d156565bfde26b33da1e13b5811199,16a02781e79ebfb2354323d102e53b8a,4,,,2017-09-16 00:00:00,2017-09-19 23:35:08,2017-09-04,2017-09-19 23:35:08.000000,2026-08-27T05:17:09.287600+00:00,D:/D drive recovery/Shiva JH/Projects/OneLake Medallion/data/landing/2017-09-04/order_reviews.parquet,2017-09-04
ca3e9ebf3b0397c515106698dc261c9c,99dde9a4d6ee5c602380551b002ddad7,4,,,2017-09-14 00:00:00,2017-09-15 01:25:42,2017-09-04,2017-09-15 01:25:42.000000,2026-08-27T05:17:09.287600+00:00,D:/D drive recovery/Shiva JH/Projects/OneLake Medallion/data/landing/2017-09-04/order_reviews.parquet,2017-09-04
415c61aa5897b0f143f15d33340b34a3,aeebf4abbcfb9bac43b6a31399a3e93c,1,,"Não recebi nem o produto, nem email informando a situação.",2017-09-30 00:00:00,2017-10-12 14:22:13,2017-09-04,2017-10-12 14:22:13.000000,2026-08-27T05:17:09.287600+00:00,D:/D drive recovery/Shiva JH/Projects/OneLake Medallion/data/landing/2017-09-04/order_reviews.parquet,2017-09-04
33e25481ef205ce6260e0881ac9f9bc7,0ea8f90c4ad8782358cbc97abcb2d013,5,,TUDO OK,2017-10-06 00:00:00,2017-10-09 04:41:12,2017-09-16,2017-10-09 04:41:12.000000,2026-08-27T05:17:09.287600+00:00,D:/D drive recovery/Shiva JH/Projects/OneLake Medallion/data/landing/2017-09-16/order_reviews.parquet,2017-09-16
67a618e25552356bdfeb16d53433386b,3bf5639554dc908f97a75a89878ad197,5,,,2017-09-26 00:00:00,2017-09-29 23:08:48,2017-09-16,2017-09-29 23:08:48.000000,2026-08-27T05:17:09.287600+00:00,D:/D drive recovery/Shiva JH/Projects/OneLake Medallion/data/landing/2017-09-16/order_reviews.parquet,2017-09-16
907c06539705a2882f818c5a4ddb8e97,6b5a2cfa488fc5324f22cafe995bd8eb,4,,"adorei o tapete, otimo custo beneficio. Melhor que imaginava",2017-09-21 00:00:00,2017-09-22 14:06:54,2017-09-16,2017-09-22 14:06:54.000000,2026-08-27T05:17:09.287600+00:00,D:/D drive recovery/Shiva JH/Projects/OneLake Medallion/data/landing/2017-09-16/order_reviews.parquet,2017-09-16
7c0eaf9e5dec2e32c7f2cf4d18446c25,1ab115802be10ff22d8907afe81ba5b0,4,,"Atendimento rápido, como também foi a entrega. Parabéns!",2017-10-11 00:00:00,2017-10-12 21:03:35,2017-09-28,2017-10-12 21:03:35.000000,2026-08-27T05:17:09.287600+00:00,D:/D drive recovery/Shiva JH/Projects/OneLake Medallion/data/landing/2017-09-28/order_reviews.parquet,2017-09-28
4a8d739553fd90d040bda4572aab5bbf,a5d3d2b978722a86e82f2b7bd0567840,1,,Produto que chegou é apenas ok. Mas faltar é grave,2017-10-13 00:00:00,2017-10-14 05:00:20,2017-09-28,2017-10-14 05:00:20.000000,2026-08-27T05:17:09.287600+00:00,D:/D drive recovery/Shiva JH/Projects/OneLake Medallion/data/landing/2017-09-28/order_reviews.parquet,2017-09-28
7312244806651234199206c84f565453,4cdf8813fc5f4c3d74041453f606868c,1,,Comprei são faz tempo e nada estou indiguinado paguei 279 e cadê meu aparelho,2017-10-25 00:00:00,2017-10-25 09:03:05,2017-10-10,2017-10-25 09:03:05.000000,2026-08-27T05:17:09.287600+00:00,D:/D drive recovery/Shiva JH/Projects/OneLake Medallion/data/landing/2017-10-10/order_reviews.parquet,2017-10-10
00a0ad594cfe7b3c31259ba04e26402a,e8e5d972d73d38807a474519f2f23658,4,,,2017-10-17 00:00:00,2017-10-18 14:35:44,2017-10-10,2017-10-18 14:35:44.000000,2026-08-27T05:17:09.287600+00:00,D:/D drive recovery/Shiva JH/Projects/OneLake Medallion/data/landing/2017-10-10/order_reviews.parquet,2017-10-10
446588742c92bdb6ac682fc2777b1c1d,a8dcdaca6b71b71297497af76297b1d0,1,,Não recebi o produto.,2017-11-05 00:00:00,2017-11-05 11:01:40,2017-10-10,2017-11-05 11:01:40.000000,2026-08-27T05:17:09.287600+00:00,D:/D drive recovery/Shiva JH/Projects/OneLake Medallion/data/landing/2017-10-10/order_reviews.parquet,2017-10-10
84b71fd378d07ed7264e981fd6ba5129,e985c8488218e5162cef0338ba6d5236,4,,,2017-10-21 00:00:00,2017-10-23 15:30:01,2017-10-10,2017-10-23 15:30:01.000000,2026-08-27T05:17:09.287600+00:00,D:/D drive recovery/Shiva JH/Projects/OneLake Medallion/data/landing/2017-10-10/order_reviews.parquet,2017-10-10
980e67c16e1f5dbe4a0940444961d249,a33e332399ed231007a28d4fdac21158,3,,O controle remoto não funciona direito. Utiliza-se uma vez e depois não funciona mais.,2017-10-19 00:00:00,2017-10-20 17:04:21,2017-10-10,2017-10-20 17:04:21.000000,2026-08-27T05:17:09.287600+00:00,D:/D drive recovery/Shiva JH/Projects/OneLake Medallion/data/landing/2017-10-10/order_reviews.parquet,2017-10-10
1ea888462a7ed1457556cfa3f1230a44,d000351234683484e2ef3ad59427bbba,5,,,2017-10-31 00:00:00,2017-11-01 19:35:35,2017-10-22,2017-11-01 19:35:35.000000,2026-08-27T05:17:09.287600+00:00,D:/D drive recovery/Shiva JH/Projects/OneLake Medallion/data/landing/2017-10-22/order_reviews.parquet,2017-10-22
1135cf31430b7651c2f3e666c1a6c876,445f70d8cd0cc47a45c806cf81e37b61,4,,,2017-11-01 00:00:00,2017-11-04 00:10:02,2017-10-22,2017-11-04 00:10:02.000000,2026-08-27T05:17:09.287600+00:00,D:/D drive recovery/Shiva JH/Projects/OneLake Medallion/data/landing/2017-10-22/order_reviews.parquet,2017-10-22
acee4ff3c0acf93f85dc1c7c374a09c3,7df5b9c1787d425d92ce5b4dacc70c34,4,,,2017-11-09 00:00:00,2017-11-12 02:15:07,2017-10-22,2017-11-12 02:15:07.000000,2026-08-27T05:17:09.287600+00:00,D:/D drive recovery/Shiva JH/Projects/OneLake Medallion/data/landing/2017-10-22/order_reviews.parquet,2017-10-22
e8b83281c8f3202536fd338d4f9caeb9,f76887473f528c398659936663331251,4,,,2017-11-14 00:00:00,2017-11-16 20:33:04,2017-11-03,2017-11-16 20:33:04.000000,2026-08-27T05:17:09.287600+00:00,D:/D drive recovery/Shiva JH/Projects/OneLake Medallion/data/landing/2017-11-03/order_reviews.parquet,2017-11-03
8717a0492bd1b0e67696feec35ab01c3,502b66ddeae1875100eae9074f5d189a,4,,,2017-11-23 00:00:00,2017-11-29 13:01:34,2017-11-03,2017-11-29 13:01:34.000000,2026-08-27T05:17:09.287600+00:00,D:/D drive recovery/Shiva JH/Projects/OneLake Medallion/data/landing/2017-11-03/order_reviews.parquet,2017-11-03
57e894084414798ee2d3d35d2853d4fc,f71915184c3ccd8f36251500f01de53a,5,,"Chegou tudo certinho, produto em prrfeito estado, recomendo! ",2017-11-24 00:00:00,2017-11-28 09:48:47,2017-11-15,2017-11-28 09:48:47.000000,2026-08-27T05:17:09.287600+00:00,D:/D drive recovery/Shiva JH/Projects/OneLake Medallion/data/landing/2017-11-15/order_reviews.parquet,2017-11-15
81922b2df902fea413bb7defe61345d3,2e82ec02fd250aec723a595b1970500e,5,,,2017-11-25 00:00:00,2017-11-27 20:40:17,2017-11-15,2017-11-27 20:40:17.000000,2026-08-27T05:17:09.287600+00:00,D:/D drive recovery/Shiva JH/Projects/OneLake Medallion/data/landing/2017-11-15/order_reviews.parquet,2017-11-15
5a7142e97f58c992e5c19043f70ac1c5,9c9d1799a0c105b12976da39ae431d1c,5,,,2017-11-23 00:00:00,2017-11-23 20:25:17,2017-11-15,2017-11-23 20:25:17.000000,2026-08-27T05:17:09.287600+00:00,D:/D drive recovery/Shiva JH/Projects/OneLake Medallion/data/landing/2017-11-15/order_reviews.parquet,2017-11-15
58c9735f7c1cd784fa618b8db98bab73,4579e3f6942a0728b34083a4e28bbb3d,3,,,2017-11-29 00:00:00,2017-11-30 08:37:33,2017-11-15,2017-11-30 08:37:33.000000,2026-08-27T05:17:09.287600+00:00,D:/D drive recovery/Shiva JH/Projects/OneLake Medallion/data/landing/2017-11-15/order_reviews.parquet,2017-11-15
fc6ca4288685017f316425202c012f58,ce9fc4b5d521bad32b0c3893b9b3788f,1,,,2017-12-09 00:00:00,2017-12-09 19:49:12,2017-11-15,2017-12-09 19:49:12.000000,2026-08-27T05:17:09.287600+00:00,D:/D drive recovery/Shiva JH/Projects/OneLake Medallion/data/landing/2017-11-15/order_reviews.parquet,2017-11-15
ad5bfdec46d974dd106560c69871eae3,ef9c3f4c087b655a9255b0c846640e7c,3,,Entrega foi rapida e bem embalada..muito bom,2017-11-29 00:00:00,2017-11-30 01:12:42,2017-11-27,2017-11-30 01:12:42.000000,2026-08-27T05:17:09.287600+00:00,D:/D drive recovery/Shiva JH/Projects/OneLake Medallion/data/landing/2017-11-27/order_reviews.parquet,2017-11-27
054e76ca95b1825c0b53ebb69ba9416f,104a388dc1207b546c35e97288953ef2,4,,,2017-12-13 00:00:00,2017-12-14 02:59:32,2017-11-27,2017-12-14 02:59:32.000000,2026-08-27T05:17:09.287600+00:00,D:/D drive recovery/Shiva JH/Projects/OneLake Medallion/data/landing/2017-11-27/order_reviews.parquet,2017-11-27
c6330ba4b1840ec01ad72c2202c2f145,6be09fd2c367b8fad5b25b1315c335bb,1,,"Um dia antes do prazo final para a entrega mandaram um e-mail avisando q o produto não iria ser entregue na data combinada, fora q deram um mês para entregar, outras lojas 7 dias após pgto já entregam",2017-12-22 00:00:00,2017-12-22 14:06:19,2017-11-27,2017-12-22 14:06:19.000000,2026-08-27T05:17:09.287600+00:00,D:/D drive recovery/Shiva JH/Projects/OneLake Medallion/data/landing/2017-11-27/order_reviews.parquet,2017-11-27
a277243fc9c9e9b66964a2c5ae489658,04b8c60eb3cceaecde917716daa30bde,1,,"Essa parceria não foi boa , não emitiu nem nota fiscal e não mandou o produto , e pelo visto não vai mandar , péssimos parceiros ",2017-12-20 00:00:00,2017-12-22 10:25:06,2017-11-27,2017-12-22 10:25:06.000000,2026-08-27T05:17:09.287600+00:00,D:/D drive recovery/Shiva JH/Projects/OneLake Medallion/data/landing/2017-11-27/order_reviews.parquet,2017-11-27
eec8f5d4353f4d7da238d9a7e4f19a42,9cffda8a5be9e20be381cc47ef5e8e00,4,,,2017-12-07 00:00:00,2017-12-11 10:40:29,2017-11-27,2017-12-11 10:40:29.000000,2026-08-27T05:17:09.287600+00:00,D:/D drive recovery/Shiva JH/Projects/OneLake Medallion/data/landing/2017-11-27/order_reviews.parquet,2017-11-27
a224d6d552a2f34f69ab9c23dbc6addf,9cffda8a5be9e20be381cc47ef5e8e00,4,,,2017-12-06 00:00:00,2017-12-06 19:44:43,2017-11-27,2017-12-06 19:44:43.000000,2026-08-27T05:17:09.287600+00:00,D:/D drive recovery/Shiva JH/Projects/OneLake Medallion/data/landing/2017-11-27/order_reviews.parquet,2017-11-27
1fe397ffe4782ffcee5aae2ffa321e6b,1800f4a4362310d7eb38281634f6dfd1,4,,,2017-12-23 00:00:00,2017-12-24 13:53:17,2017-11-27,2017-12-24 13:53:17.000000,2026-08-27T05:17:09.287600+00:00,D:/D drive recovery/Shiva JH/Projects/OneLake Medallion/data/landing/2017-11-27/order_reviews.parquet,2017-11-27
de9334df6c19333f2d6cc900914076c5,adf6c7a4c57ba5caa49483326f12cd3f,1,,"Bom dia! 

Comprei dois produtos, mas só recebi um. ",2017-12-08 00:00:00,2017-12-09 10:25:49,2017-11-27,2017-12-09 10:25:49.000000,2026-08-27T05:17:09.287600+00:00,D:/D drive recovery/Shiva JH/Projects/OneLake Medallion/data/landing/2017-11-27/order_reviews.parquet,2017-11-27
5ac8391bcea66a00feb352bf52bd880b,c277b80337c0ca11cae04fe7280ed4eb,4,,"Coloquei 4 estrelas pois ainda não testei o produto , presente de natal, mais fiquei muito feliz com a agilidade na entrega...recomendaria com certeza...",2017-12-01 00:00:00,2017-12-02 01:24:52,2017-11-27,2017-12-02 01:24:52.000000,2026-08-27T05:17:09.287600+00:00,D:/D drive recovery/Shiva JH/Projects/OneLake Medallion/data/landing/2017-11-27/order_reviews.parquet,2017-11-27
9fac6388ebbf6de9130a3672eaa5d509,3d7ee397cbe71826e767837af0d81c2a,4,,,2017-12-17 00:00:00,2017-12-17 09:11:32,2017-11-27,2017-12-17 09:11:32.000000,2026-08-27T05:17:09.287600+00:00,D:/D drive recovery/Shiva JH/Projects/OneLake Medallion/data/landing/2017-11-27/order_reviews.parquet,2017-11-27
599b072e1800d527ab4c1700324653e2,5c6a84ff68eff6e372bf9529b864e4aa,5,,,2017-12-12 00:00:00,2017-12-12 18:17:23,2017-11-27,2017-12-12 18:17:23.000000,2026-08-27T05:17:09.287600+00:00,D:/D drive recovery/Shiva JH/Projects/OneLake Medallion/data/landing/2017-11-27/order_reviews.parquet,2017-11-27
ace64eeedde5327084c212e690fdb63e,d60f3552bae079e5ca539727400d118e,1,,"Não sei se é culpa da loja ou dos correios,mais comprei já tem um mês e não recebi,por isso recomendaria.",2017-12-29 00:00:00,2017-12-29 10:49:34,2017-11-27,2017-12-29 10:49:34.000000,2026-08-27T05:17:09.287600+00:00,D:/D drive recovery/Shiva JH/Projects/OneLake Medallion/data/landing/2017-11-27/order_reviews.parquet,2017-11-27
df5c98fbfbfeabf0732123c00b7fb845,5e126b0990d319279bcc8e8e8e5ba03c,5,,,2018-01-09 00:00:00,2018-01-10 00:12:53,2017-12-09,2018-01-10 00:12:53.000000,2026-08-27T05:17:09.287600+00:00,D:/D drive recovery/Shiva JH/Projects/OneLake Medallion/data/landing/2017-12-09/order_reviews.parquet,2017-12-09
b1646412d6ab9d7043af844ac1b78dcf,91e154e25811db233145b3d5d9c3b29a,5,,,2017-12-19 00:00:00,2017-12-20 01:19:14,2017-12-09,2017-12-20 01:19:14.000000,2026-08-27T05:17:09.287600+00:00,D:/D drive recovery/Shiva JH/Projects/OneLake Medallion/data/landing/2017-12-09/order_reviews.parquet,2017-12-09
8bf884a02d3c4e947396e331ac19a48c,b00bc9aa349637ff735625300d040f51,5,,,2017-12-24 00:00:00,2018-01-18 00:23:23,2017-12-21,2018-01-18 00:23:23.000000,2026-08-27T05:17:09.287600+00:00,D:/D drive recovery/Shiva JH/Projects/OneLake Medallion/data/landing/2017-12-21/order_reviews.parquet,2017-12-21
275c998c0fd3f71d70f437bab2629452,505efa2eaeb145cfa984edf0efc092f2,5,,,2018-01-11 00:00:00,2018-01-12 00:26:47,2017-12-21,2018-01-12 00:26:47.000000,2026-08-27T05:17:09.287600+00:00,D:/D drive recovery/Shiva JH/Projects/OneLake Medallion/data/landing/2017-12-21/order_reviews.parquet,2017-12-21
0f6a0487a080490108870490ff7431fe,0d3528428e45b7c383b746222c715332,5,,,2018-01-14 00:00:00,2018-01-15 14:15:47,2018-01-02,2018-01-15 14:15:47.000000,2026-08-27T05:17:09.287600+00:00,D:/D drive recovery/Shiva JH/Projects/OneLake Medallion/data/landing/2018-01-02/order_reviews.parquet,2018-01-02
bce7be0c4ed3ca2922cef8ac2423a5de,52cba627ccdd9b94ac5a9be42d31b58a,5,,,2018-01-09 00:00:00,2018-01-12 10:09:44,2018-01-02,2018-01-12 10:09:44.000000,2026-08-27T05:17:09.287600+00:00,D:/D drive recovery/Shiva JH/Projects/OneLake Medallion/data/landing/2018-01-02/order_reviews.parquet,2018-01-02
625717993593cd59e1ee1a4fca266df0,aee18d60fc803049a82d81af5f2a75ab,1,,,2018-02-03 00:00:00,2018-02-05 11:25:44,2018-01-02,2018-02-05 11:25:44.000000,2026-08-27T05:17:09.287600+00:00,D:/D drive recovery/Shiva JH/Projects/OneLake Medallion/data/landing/2018-01-02/order_reviews.parquet,2018-01-02
552ab2df7dcb817e99b85eb4570fd6fa,a294c654ef8ddfa4587ab732ff8aa101,4,,,2018-01-13 00:00:00,2018-01-13 23:56:42,2018-01-02,2018-01-13 23:56:42.000000,2026-08-27T05:17:09.287600+00:00,D:/D drive recovery/Shiva JH/Projects/OneLake Medallion/data/landing/2018-01-02/order_reviews.parquet,2018-01-02
9159979e0579bea0d3a24e0a0dc1dc05,55ff54e053fea20c279fe3c8b698bcca,5,,,2018-01-21 00:00:00,2018-01-21 21:34:28,2018-01-14,2018-01-21 21:34:28.000000,2026-08-27T05:17:09.287600+00:00,D:/D drive recovery/Shiva JH/Projects/OneLake Medallion/data/landing/2018-01-14/order_reviews.parquet,2018-01-14
2a8a02b64cae598d2607b0d773cc185d,8ac3b1365e8a70ae432b2a1ee0f68f23,5,,"Gostei muito da mercadoria 
Parabéns ",2018-01-30 00:00:00,2018-01-30 23:35:18,2018-01-14,2018-01-30 23:35:18.000000,2026-08-27T05:17:09.287600+00:00,D:/D drive recovery/Shiva JH/Projects/OneLake Medallion/data/landing/2018-01-14/order_reviews.parquet,2018-01-14
9b17e39fcadd3432739e4423dd777c91,6b71838c4be9dce33810de87c333e365,3,,,2018-01-19 00:00:00,2018-01-20 00:51:51,2018-01-14,2018-01-20 00:51:51.000000,2026-08-27T05:17:09.287600+00:00,D:/D drive recovery/Shiva JH/Projects/OneLake Medallion/data/landing/2018-01-14/order_reviews.parquet,2018-01-14
1d66c5e9ba83aa6bb8fad2b496478979,f9b70a12018e8fc54ff01781ea794a6b,5,,,2018-01-26 00:00:00,2018-01-27 13:19:01,2018-01-14,2018-01-27 13:19:01.000000,2026-08-27T05:17:09.287600+00:00,D:/D drive recovery/Shiva JH/Projects/OneLake Medallion/data/landing/2018-01-14/order_reviews.parquet,2018-01-14
6bbd7fdd75249405c1cf00b2948fc427,f28fdc3611b69cc93b0bbd8b1b3afc30,4,,,2018-01-31 00:00:00,2018-02-01 02:21:21,2018-01-26,2018-02-01 02:21:21.000000,2026-08-27T05:17:09.287600+00:00,D:/D drive recovery/Shiva JH/Projects/OneLake Medallion/data/landing/2018-01-26/order_reviews.parquet,2018-01-26
a918070634830797780dad0b452e2c8f,b6bce07e667be9039b22c511e12bfc0f,5,,,2018-01-31 00:00:00,2018-01-31 22:53:34,2018-01-26,2018-01-31 22:53:34.000000,2026-08-27T05:17:09.287600+00:00,D:/D drive recovery/Shiva JH/Projects/OneLake Medallion/data/landing/2018-01-26/order_reviews.parquet,2018-01-26
1b38e2bca1bf010a6a4fb931e0fbbf9b,80ce2b07c4a46dfc98710e39bfe3bd26,5,,,2018-02-15 00:00:00,2018-02-18 14:36:19,2018-01-26,2018-02-18 14:36:19.000000,2026-08-27T05:17:09.287600+00:00,D:/D drive recovery/Shiva JH/Projects/OneLake Medallion/data/landing/2018-01-26/order_reviews.parquet,2018-01-26
20479052cd3d43c45e0babcc01c2a69c,d58ee8a6ff29ae9de6d1c8037e0576fe,4,,"Suporte diferenciado, pois permite depois que já apertou os parafuso, apenas encaixar a TV na parte do suporte da parede.",2018-02-03 00:00:00,2018-02-05 21:13:33,2018-01-26,2018-02-05 21:13:33.000000,2026-08-27T05:17:09.287600+00:00,D:/D drive recovery/Shiva JH/Projects/OneLake Medallion/data/landing/2018-01-26/order_reviews.parquet,2018-01-26
9c01d29282d21ad5ab4385a71c53ec85,0646e0e4885dd8c69dddd6b2742b3b1b,5,,"Eu recebi mas compreo o produto errado,queria ver para poder trocar. obrigado",2018-02-22 00:00:00,2018-02-23 00:46:12,2018-02-07,2018-02-23 00:46:12.000000,2026-08-27T05:17:09.287600+00:00,D:/D drive recovery/Shiva JH/Projects/OneLake Medallion/data/landing/2018-02-07/order_reviews.parquet,2018-02-07
16dc5956e7ef3a212daf660643aedace,e7b8437c3c5f2441634448e5a2a3d8fb,5,,,2018-03-07 00:00:00,2018-03-07 10:27:13,2018-02-07,2018-03-07 10:27:13.000000,2026-08-27T05:17:09.287600+00:00,D:/D drive recovery/Shiva JH/Projects/OneLake Medallion/data/landing/2018-02-07/order_reviews.parquet,2018-02-07
770bc816ae1d307b69a1d1d34632550d,1d4e3c08acd5f70230aa904ef3cb86e3,2,,Bom dia! Até o presente momento o meu produto não foi entregue.,2018-03-15 00:00:00,2018-03-15 12:07:58,2018-02-19,2018-03-15 12:07:58.000000,2026-08-27T05:17:09.287600+00:00,D:/D drive recovery/Shiva JH/Projects/OneLake Medallion/data/landing/2018-02-19/order_reviews.parquet,2018-02-19
145c24aecda414ba9fa7059de794a9af,59bc56d45d476a352332408dfd911694,1,,,2018-03-11 00:00:00,2018-03-12 12:09:40,2018-02-19,2018-03-12 12:09:40.000000,2026-08-27T05:17:09.287600+00:00,D:/D drive recovery/Shiva JH/Projects/OneLake Medallion/data/landing/2018-02-19/order_reviews.parquet,2018-02-19
05b04e8b8c6a0c69006fc4cebeda265c,c312c453f248b2bd69d3e18e2112214e,5,,,2018-03-01 00:00:00,2018-03-02 00:35:29,2018-02-19,2018-03-02 00:35:29.000000,2026-08-27T05:17:09.287600+00:00,D:/D drive recovery/Shiva JH/Projects/OneLake Medallion/data/landing/2018-02-19/order_reviews.parquet,2018-02-19
1fae24aaba7973969dcba66b9722e331,d2978c1c5c6b9400dfa6a1c08f735314,5,,"Apesar da greve dos correios, o produto chegou no prazo e bem embalado. ",2018-03-14 00:00:00,2018-03-15 00:40:04,2018-02-19,2018-03-15 00:40:04.000000,2026-08-27T05:17:09.287600+00:00,D:/D drive recovery/Shiva JH/Projects/OneLake Medallion/data/landing/2018-02-19/order_reviews.parquet,2018-02-19
0fe5837adf926ede8955b3496326529f,e840db297233ce8300fa3cd91c595ba6,5,,,2018-02-28 00:00:00,2018-03-01 10:36:45,2018-02-19,2018-03-01 10:36:45.000000,2026-08-27T05:17:09.287600+00:00,D:/D drive recovery/Shiva JH/Projects/OneLake Medallion/data/landing/2018-02-19/order_reviews.parquet,2018-02-19
b4cbe092ac9209092de7a6608b0f4e1a,4334cbad2570eb17ab0f2be70bcc22b7,5,,,2018-02-27 00:00:00,2018-02-28 04:11:30,2018-02-19,2018-02-28 04:11:30.000000,2026-08-27T05:17:09.287600+00:00,D:/D drive recovery/Shiva JH/Projects/OneLake Medallion/data/landing/2018-02-19/order_reviews.parquet,2018-02-19
b8c236fc178042925d6397c6f0de3ad5,fa5d14fa4f6dd2527b10d4d1dab415c4,5,,,2018-03-01 00:00:00,2018-03-02 13:57:16,2018-02-19,2018-03-02 13:57:16.000000,2026-08-27T05:17:09.287600+00:00,D:/D drive recovery/Shiva JH/Projects/OneLake Medallion/data/landing/2018-02-19/order_reviews.parquet,2018-02-19
26bbcbf3a949d010226ea82a05d68a1e,4a473906f11c8fe0749d47d07c24d13f,5,,,2018-02-23 00:00:00,2018-02-24 03:10:39,2018-02-19,2018-02-24 03:10:39.000000,2026-08-27T05:17:09.287600+00:00,D:/D drive recovery/Shiva JH/Projects/OneLake Medallion/data/landing/2018-02-19/order_reviews.parquet,2018-02-19
45ddede17d89d9443fb15e453dc6b5fa,7284ecc4524ff324863b12456e842055,1,,nao recebi o produto ainda,2018-03-23 00:00:00,2018-04-02 15:06:18,2018-03-03,2018-04-02 15:06:18.000000,2026-08-27T05:17:09.287600+00:00,D:/D drive recovery/Shiva JH/Projects/OneLake Medallion/data/landing/2018-03-03/order_reviews.parquet,2018-03-03
eaa9309e9160d078c11ca435fa65e7de,65b776d1206b0677bbeb15704021af48,3,,,2018-03-18 00:00:00,2018-03-18 23:17:10,2018-03-03,2018-03-18 23:17:10.000000,2026-08-27T05:17:09.287600+00:00,D:/D drive recovery/Shiva JH/Projects/OneLake Medallion/data/landing/2018-03-03/order_reviews.parquet,2018-03-03
559db27f4855f3a95e183ec1acfbbd3c,c7ecacd47d6d485595133ef36fc23570,5,,,2018-03-09 00:00:00,2018-03-09 23:12:09,2018-03-03,2018-03-09 23:12:09.000000,2026-08-27T05:17:09.287600+00:00,D:/D drive recovery/Shiva JH/Projects/OneLake Medallion/data/landing/2018-03-03/order_reviews.parquet,2018-03-03
193c9abb1fd013179778d5c3093d8b11,1809a44d4cfef40b413aa8a35d87903e,4,,,2018-03-07 00:00:00,2018-03-12 12:08:54,2018-03-03,2018-03-12 12:08:54.000000,2026-08-27T05:17:09.287600+00:00,D:/D drive recovery/Shiva JH/Projects/OneLake Medallion/data/landing/2018-03-03/order_reviews.parquet,2018-03-03
d749cdf693036ddcc0cded4d8dbf2851,29fc23bcd9e04ac6a5919350404eb36c,5,,Sempre fui bem atendida e recebi os produtos conforme descritos no site.,2018-04-05 00:00:00,2018-04-06 16:40:50,2018-03-03,2018-04-06 16:40:50.000000,2026-08-27T05:17:09.287600+00:00,D:/D drive recovery/Shiva JH/Projects/OneLake Medallion/data/landing/2018-03-03/order_reviews.parquet,2018-03-03
973a2a6b811f2295d788c22c4f2ab253,ae647800f7009520d784c9c9ab2de7be,1,,"Compramos uma torneira para o banheiro , torneira cascata e é uma peça muito delicada de vidro , ela veio com um trincado no círculo, fiquei muito chateado pois não é uma peça cara c defeito",2018-03-22 00:00:00,2018-03-22 22:17:09,2018-03-03,2018-03-22 22:17:09.000000,2026-08-27T05:17:09.287600+00:00,D:/D drive recovery/Shiva JH/Projects/OneLake Medallion/data/landing/2018-03-03/order_reviews.parquet,2018-03-03
ece0eb1fa8ec71e0b9e60d8b506b821f,950f0e1bdbb03fb26f76d3373ad70e54,4,,Muito bonito o produto...,2018-03-14 00:00:00,2018-03-17 02:12:58,2018-03-03,2018-03-17 02:12:58.000000,2026-08-27T05:17:09.287600+00:00,D:/D drive recovery/Shiva JH/Projects/OneLake Medallion/data/landing/2018-03-03/order_reviews.parquet,2018-03-03
0d4fefa6b329eba608b0c97b19b542be,4191fb72d0d41e2814969339894ec19e,5,,,2018-04-20 00:00:00,2018-04-29 15:47:52,2018-03-15,2018-04-29 15:47:52.000000,2026-08-27T05:17:09.287600+00:00,D:/D drive recovery/Shiva JH/Projects/OneLake Medallion/data/landing/2018-03-15/order_reviews.parquet,2018-03-15
285fa62b847ecdeebbcebc66c8343279,4cb8dd7ed38c78241066cdaa289811ba,5,,,2018-03-27 00:00:00,2018-03-27 19:30:05,2018-03-15,2018-03-27 19:30:05.000000,2026-08-27T05:17:09.287600+00:00,D:/D drive recovery/Shiva JH/Projects/OneLake Medallion/data/landing/2018-03-15/order_reviews.parquet,2018-03-15
e0159245718e8bf21999aa2de4c2c36c,e30e1b2d38289d666f614ee04f5951ba,5,,,2018-03-24 00:00:00,2018-03-26 22:02:00,2018-03-15,2018-03-26 22:02:00.000000,2026-08-27T05:17:09.287600+00:00,D:/D drive recovery/Shiva JH/Projects/OneLake Medallion/data/landing/2018-03-15/order_reviews.parquet,2018-03-15
66100555d47522c766b4d34717b8b01d,2158e65196d4219c8f22cf686e1cc8de,3,,,2018-04-05 00:00:00,2018-04-06 11:43:20,2018-03-15,2018-04-06 11:43:20.000000,2026-08-27T05:17:09.287600+00:00,D:/D drive recovery/Shiva JH/Projects/OneLake Medallion/data/landing/2018-03-15/order_reviews.parquet,2018-03-15
1560d514fa5cef06533d80810da76496,1ef47fb13ee9044b5e5aa3bd388755de,1,,"Meu produto n chegou ainda ao destino, ainda n recebi n posso avaliar.",2018-04-08 00:00:00,2018-04-08 04:14:47,2018-03-15,2018-04-08 04:14:47.000000,2026-08-27T05:17:09.287600+00:00,D:/D drive recovery/Shiva JH/Projects/OneLake Medallion/data/landing/2018-03-15/order_reviews.parquet,2018-03-15
7889a64cf27904ad238610d6959f7c01,13d5066bb747cafa23f1bb6d1838eee4,5,,"Produto é melhor do que esperado, mas demorou demais, era um presente e acabei dando o mesmo atrasado. :(",2018-04-03 00:00:00,2018-04-04 13:49:26,2018-03-15,2018-04-04 13:49:26.000000,2026-08-27T05:17:09.287600+00:00,D:/D drive recovery/Shiva JH/Projects/OneLake Medallion/data/landing/2018-03-15/order_reviews.parquet,2018-03-15
8c75e1cd4106616ebac70a00e1300d92,4f47419e65cf0a0ad0d769a6287fc6fa,4,,,2018-04-03 00:00:00,2018-04-04 12:12:34,2018-03-15,2018-04-04 12:12:34.000000,2026-08-27T05:17:09.287600+00:00,D:/D drive recovery/Shiva JH/Projects/OneLake Medallion/data/landing/2018-03-15/order_reviews.parquet,2018-03-15
49193248e63bd80256d68e9ba1e5011e,13f33384dcc1bd99cabcc96a491fe5e3,5,,,2018-04-04 00:00:00,2018-04-09 20:26:53,2018-03-27,2018-04-09 20:26:53.000000,2026-08-27T05:17:09.287600+00:00,D:/D drive recovery/Shiva JH/Projects/OneLake Medallion/data/landing/2018-03-27/order_reviews.parquet,2018-03-27
c5830f169bde03a4215f97fdd9119d4d,2e9459cba62b0d848703c2c3d1c50abe,4,,,2018-04-13 00:00:00,2018-04-14 12:31:50,2018-03-27,2018-04-14 12:31:50.000000,2026-08-27T05:17:09.287600+00:00,D:/D drive recovery/Shiva JH/Projects/OneLake Medallion/data/landing/2018-03-27/order_reviews.parquet,2018-03-27
0f400b5da6a7def21db3e0bb26759881,ba637aace31b817e0f186405ae78ccca,5,,,2018-04-10 00:00:00,2018-04-10 19:36:43,2018-03-27,2018-04-10 19:36:43.000000,2026-08-27T05:17:09.287600+00:00,D:/D drive recovery/Shiva JH/Projects/OneLake Medallion/data/landing/2018-03-27/order_reviews.parquet,2018-03-27
32be1a65f2e057885763592643c0f1ba,30f0086bfe1b046a524f8acf1d3eaa11,4,,,2018-04-11 00:00:00,2018-04-13 03:45:58,2018-03-27,2018-04-13 03:45:58.000000,2026-08-27T05:17:09.287600+00:00,D:/D drive recovery/Shiva JH/Projects/OneLake Medallion/data/landing/2018-03-27/order_reviews.parquet,2018-03-27
cadf9426a5d725e7cb645fc3c9cb0b20,fd042392e06a76d51f027c8659ff6815,3,,"Custo x benefício, vale a pena.",2018-04-06 00:00:00,2018-04-10 19:14:06,2018-03-27,2018-04-10 19:14:06.000000,2026-08-27T05:17:09.287600+00:00,D:/D drive recovery/Shiva JH/Projects/OneLake Medallion/data/landing/2018-03-27/order_reviews.parquet,2018-03-27
d4812b0ada135add8694da73cf34c3e0,6c529370da5caa0a00a077160dc16b01,4,,,2018-04-17 00:00:00,2018-04-23 19:35:10,2018-04-08,2018-04-23 19:35:10.000000,2026-08-27T05:17:09.287600+00:00,D:/D drive recovery/Shiva JH/Projects/OneLake Medallion/data/landing/2018-04-08/order_reviews.parquet,2018-04-08
62312ca72fbfc46b6533069edf9dec0c,a1cc6e60e142d31a699056328d83cf82,3,,Ainda está no prazo; porém não recebi ,2018-04-19 00:00:00,2018-04-19 19:41:09,2018-04-08,2018-04-19 19:41:09.000000,2026-08-27T05:17:09.287600+00:00,D:/D drive recovery/Shiva JH/Projects/OneLake Medallion/data/landing/2018-04-08/order_reviews.parquet,2018-04-08
4461cca0ba4e345a1d505f198e1fd8dc,b4d6bee8b34f0daf1309fc764051cce5,4,,"Mercadoria entregue no prazo. Há uma pequena diferença na cor.Lojista esclareceu dúvidas pelo whatszap. Ponto negativo: mais de um item do mesmo pedido entregue separadamente, onerando custos de frete",2018-04-21 00:00:00,2018-04-24 11:41:07,2018-04-08,2018-04-24 11:41:07.000000,2026-08-27T05:17:09.287600+00:00,D:/D drive recovery/Shiva JH/Projects/OneLake Medallion/data/landing/2018-04-08/order_reviews.parquet,2018-04-08
bee0d3563b9ef587e0fc1c4b07870784,925ee6cfbb7a083de5384773197aa9f6,1,Recebi parte do produto,Só chegou o acoplamento dos carro. O carrinho e bebe conforto não veio.,2018-05-03 00:00:00,2018-05-03 22:19:52,2018-04-08,2018-05-03 22:19:52.000000,2026-08-27T05:17:09.287600+00:00,D:/D drive recovery/Shiva JH/Projects/OneLake Medallion/data/landing/2018-04-08/order_reviews.parquet,2018-04-08
fe178e554333a4aa1ebd413e67d1419f,7ed69fbc79fbda50e09caa9c127026e5,5,OTIMO,OTIMO,2018-05-10 00:00:00,2018-05-11 13:58:25,2018-04-20,2018-05-11 13:58:25.000000,2026-08-27T05:17:09.287600+00:00,D:/D drive recovery/Shiva JH/Projects/OneLake Medallion/data/landing/2018-04-20/order_reviews.parquet,2018-04-20
d008598ef4388efaf9c344c2cc9f7a9b,93d02f5f55e689031c89bf0162e50fc9,5,Super recomendo,"Produto chegou corretamente, foi entregue antes do prazo.",2018-05-09 00:00:00,2018-05-10 00:36:08,2018-05-02,2018-05-10 00:36:08.000000,2026-08-27T05:17:09.287600+00:00,D:/D drive recovery/Shiva JH/Projects/OneLake Medallion/data/landing/2018-05-02/order_reviews.parquet,2018-05-02
eac0b3c759a637f2007a89ac67eca505,0547cd893959df1f7e54aeaee4368577,3,,Bom,2018-05-11 00:00:00,2018-05-13 22:34:43,2018-05-02,2018-05-13 22:34:43.000000,2026-08-27T05:17:09.287600+00:00,D:/D drive recovery/Shiva JH/Projects/OneLake Medallion/data/landing/2018-05-02/order_reviews.parquet,2018-05-02
3265ae4914a87f7313f4f0db1f413f94,ef6a08eb361817fe2908f1553b5d00f1,5,,,2018-05-04 00:00:00,2018-05-05 00:01:32,2018-05-02,2018-05-05 00:01:32.000000,2026-08-27T05:17:09.287600+00:00,D:/D drive recovery/Shiva JH/Projects/OneLake Medallion/data/landing/2018-05-02/order_reviews.parquet,2018-05-02
2588680763b03e5e9dc9bee4865a2c6e,707ce3d3698a90d1ab9d9c2dc47223c2,3,recomendado,preciso de ajuda este meu produto veio quebrado e desde que recebi estou entrando em contato com vocês e não tive nenhuma resposta.preciso de ajuda por favor ou vou procurar outros recursos me ajudem.,2018-05-10 00:00:00,2018-05-11 13:54:43,2018-05-02,2018-05-11 13:54:43.000000,2026-08-27T05:17:09.287600+00:00,D:/D drive recovery/Shiva JH/Projects/OneLake Medallion/data/landing/2018-05-02/order_reviews.parquet,2018-05-02
4fdea985ac7414091a0f0f67c3a66999,426cb887d39c423e83e61bcc40e6c973,5,,,2018-05-12 00:00:00,2018-05-12 23:58:09,2018-05-02,2018-05-12 23:58:09.000000,2026-08-27T05:17:09.287600+00:00,D:/D drive recovery/Shiva JH/Projects/OneLake Medallion/data/landing/2018-05-02/order_reviews.parquet,2018-05-02
29e83569a2a659f3b87ac73fa1127811,33f11ddd5042dcc18008c3f804d67a7c,4,,,2018-05-10 00:00:00,2018-05-14 17:41:27,2018-05-02,2018-05-14 17:41:27.000000,2026-08-27T05:17:09.287600+00:00,D:/D drive recovery/Shiva JH/Projects/OneLake Medallion/data/landing/2018-05-02/order_reviews.parquet,2018-05-02
2387313fc12ab019ca71e086faf30679,5bebe39740e4434a58d1fead1a4d854d,5,Maravilhosa ,"Superou nossas expectativas, mochila linda , bem espaçosa. Super recomendo a mochila é top!",2018-05-19 00:00:00,2018-05-22 12:47:40,2018-05-02,2018-05-22 12:47:40.000000,2026-08-27T05:17:09.287600+00:00,D:/D drive recovery/Shiva JH/Projects/OneLake Medallion/data/landing/2018-05-02/order_reviews.parquet,2018-05-02
2e6cb967386752bc76e6fa60e96f9ef6,20b4a1345c31cae5591e4faccbba51e6,5,Otimo,Satisfeito com a compra,2018-05-22 00:00:00,2018-05-23 13:39:57,2018-05-02,2018-05-23 13:39:57.000000,2026-08-27T05:17:09.287600+00:00,D:/D drive recovery/Shiva JH/Projects/OneLake Medallion/data/landing/2018-05-02/order_reviews.parquet,2018-05-02
aa16e415bd06c6ba1c6552facc539eea,715001949a42ea3ce6599c13f748dbb5,5,,,2018-05-11 00:00:00,2018-05-14 01:49:55,2018-05-02,2018-05-14 01:49:55.000000,2026-08-27T05:17:09.287600+00:00,D:/D drive recovery/Shiva JH/Projects/OneLake Medallion/data/landing/2018-05-02/order_reviews.parquet,2018-05-02
c1939ef6b3f070233def0de8f0012c5a,c1ce7c20699d83bcfb424c8e800a1788,3,Estou aguardando o produt,,2018-06-09 00:00:00,2018-06-09 13:05:20,2018-05-14,2018-06-09 13:05:20.000000,2026-08-27T05:17:09.287600+00:00,D:/D drive recovery/Shiva JH/Projects/OneLake Medallion/data/landing/2018-05-14/order_reviews.parquet,2018-05-14
87ae3a5be8d8157b1c4d825b1bf659fd,21235c5a99a117c776a72a4de3276027,4,Produto pequeno demais.,"Foi entregue, mas produto muito aquem do solicitado. 
Veio a medida muito pequeno, no site de venda o ideal seria ter um link demonstrativo de; P, M, G e GG.
Att;
Laudenir Carvalho
",2018-05-25 00:00:00,2018-05-26 14:38:55,2018-05-14,2018-05-26 14:38:55.000000,2026-08-27T05:17:09.287600+00:00,D:/D drive recovery/Shiva JH/Projects/OneLake Medallion/data/landing/2018-05-14/order_reviews.parquet,2018-05-14
1ed3d92bbe5b851411fd5be5b490a960,940e896188811aa2bf507e26b3af6f14,4,,,2018-06-05 00:00:00,2018-06-06 23:14:38,2018-05-14,2018-06-06 23:14:38.000000,2026-08-27T05:17:09.287600+00:00,D:/D drive recovery/Shiva JH/Projects/OneLake Medallion/data/landing/2018-05-14/order_reviews.parquet,2018-05-14
75025553ebd580879ebc66f8872aaeb7,9fb02202e7778ace9ab4c5bd3d1fc95d,5,,,2018-05-19 00:00:00,2018-05-22 07:51:06,2018-05-14,2018-05-22 07:51:06.000000,2026-08-27T05:17:09.287600+00:00,D:/D drive recovery/Shiva JH/Projects/OneLake Medallion/data/landing/2018-05-14/order_reviews.parquet,2018-05-14
acba4c38aaf0e9359773fd11c088c28c,7ad268e7217705092ee455d9bd8d3aad,5,,,2018-05-22 00:00:00,2018-05-26 13:52:15,2018-05-14,2018-05-26 13:52:15.000000,2026-08-27T05:17:09.287600+00:00,D:/D drive recovery/Shiva JH/Projects/OneLake Medallion/data/landing/2018-05-14/order_reviews.parquet,2018-05-14
612201a213fb01d4f977e5711837356b,7a571da00e7b58c32fce2e6eb560dbde,2,Bom,"Só não gostei das fragrâncias, bem enjoativas e doces.",2018-05-24 00:00:00,2018-05-25 11:07:05,2018-05-14,2018-05-25 11:07:05.000000,2026-08-27T05:17:09.287600+00:00,D:/D drive recovery/Shiva JH/Projects/OneLake Medallion/data/landing/2018-05-14/order_reviews.parquet,2018-05-14
e3648e7221e74338c6ebba181d2ad9bc,a73d909b08c8058d8c1f42cdb2ada6ae,5,recomendavel,lannister nota dez,2018-06-02 00:00:00,2018-06-02 19:11:33,2018-05-26,2018-06-02 19:11:33.000000,2026-08-27T05:17:09.287600+00:00,D:/D drive recovery/Shiva JH/Projects/OneLake Medallion/data/landing/2018-05-26/order_reviews.parquet,2018-05-26
8d79c90be907cfc8edd847132afb65f6,f3863782b51a1c378f36a99845aacbe7,5,Muito bom,,2018-06-09 00:00:00,2018-06-11 14:10:26,2018-05-26,2018-06-11 14:10:26.000000,2026-08-27T05:17:09.287600+00:00,D:/D drive recovery/Shiva JH/Projects/OneLake Medallion/data/landing/2018-05-26/order_reviews.parquet,2018-05-26
19e370114e66c7d76fb8bc05527c91be,765f62aa9ec878cf62b1533261ae8e87,5,,,2018-06-12 00:00:00,2018-06-13 01:34:37,2018-05-26,2018-06-13 01:34:37.000000,2026-08-27T05:17:09.287600+00:00,D:/D drive recovery/Shiva JH/Projects/OneLake Medallion/data/landing/2018-05-26/order_reviews.parquet,2018-05-26
65b934c20d632fc2df0fd4723464fa78,824d9780d0313771024a0c70fe9dd9a7,3,Erraram na caixa acústica,"Apesar de ter sido entregue rapidamente, substituíram a caixa METEORO pela caixa BORNE. Quando tentei reclamar nas lannister o sistema estaav fora do ar. A guitarra e acessórios estavam corretos.",2018-06-12 00:00:00,2018-06-12 22:36:18,2018-06-07,2018-06-12 22:36:18.000000,2026-08-27T05:17:09.287600+00:00,D:/D drive recovery/Shiva JH/Projects/OneLake Medallion/data/landing/2018-06-07/order_reviews.parquet,2018-06-07
5635e81df4ef8959f297a41e1491092d,de0d5d6bf2003cc68cddbcbb3783b87d,5,,,2018-06-26 00:00:00,2018-06-27 09:07:35,2018-06-07,2018-06-27 09:07:35.000000,2026-08-27T05:17:09.287600+00:00,D:/D drive recovery/Shiva JH/Projects/OneLake Medallion/data/landing/2018-06-07/order_reviews.parquet,2018-06-07
a38b5db6a6e216e30990c5b9a5bfc308,85c14f3be89a889592d53a5b8ff031bb,5,Super recomendo,"Grande satisfação pela compra.
Produto de excelente qualidade superando minhas expectativas, prazo de entrega antecipado.
Meu sincero obrigada a equipe.",2018-06-15 00:00:00,2018-06-19 11:43:06,2018-06-07,2018-06-19 11:43:06.000000,2026-08-27T05:17:09.287600+00:00,D:/D drive recovery/Shiva JH/Projects/OneLake Medallion/data/landing/2018-06-07/order_reviews.parquet,2018-06-07
5a8608437f4b52bec5cd143f37258b5e,dcb36b511fcac050b97cd5c05de84dc3,5,Nota dez,Obrigado pela atenção. Lojas lannister perfeito em tudo.,2018-07-03 00:00:00,2018-07-03 15:10:07,2018-06-07,2018-07-03 15:10:07.000000,2026-08-27T05:17:09.287600+00:00,D:/D drive recovery/Shiva JH/Projects/OneLake Medallion/data/landing/2018-06-07/order_reviews.parquet,2018-06-07
76a2c91e6bf615fe58abe97b55a19ee1,ff014de83d667807820e68d8ea975281,5,,,2018-06-30 00:00:00,2018-07-03 13:33:08,2018-06-19,2018-07-03 13:33:08.000000,2026-08-27T05:17:09.287600+00:00,D:/D drive recovery/Shiva JH/Projects/OneLake Medallion/data/landing/2018-06-19/order_reviews.parquet,2018-06-19
99fc0cadcf89ed06997b6a77ef203212,bd7f8a8a67a2c07406735945fc28b4c7,4,Entrega ,"Como comprei o celular e a capa+ película juntos, o. Ideal era receber tudo junto.",2018-06-22 00:00:00,2018-06-23 12:49:42,2018-06-19,2018-06-23 12:49:42.000000,2026-08-27T05:17:09.287600+00:00,D:/D drive recovery/Shiva JH/Projects/OneLake Medallion/data/landing/2018-06-19/order_reviews.parquet,2018-06-19
5d3c7ba10e48bdd4cbde0968d5d0e603,fdad9ac63eb92d4413a159106156cab1,5,,,2018-07-01 00:00:00,2018-07-01 16:54:29,2018-06-19,2018-07-01 16:54:29.000000,2026-08-27T05:17:09.287600+00:00,D:/D drive recovery/Shiva JH/Projects/OneLake Medallion/data/landing/2018-06-19/order_reviews.parquet,2018-06-19
79202b9685bdfd7e6c2bbafcfd290cf5,3a1f0844864136aa18f6710238f40e6e,5,,"Material de boa qualidade e resistente, e o pedido chegou muito antes do previsível",2018-06-27 00:00:00,2018-06-28 01:36:30,2018-06-19,2018-06-28 01:36:30.000000,2026-08-27T05:17:09.287600+00:00,D:/D drive recovery/Shiva JH/Projects/OneLake Medallion/data/landing/2018-06-19/order_reviews.parquet,2018-06-19
2e4cd597b19df93f8381c1e4bbb15556,6d78521e00f69cd15f0a4f73f9f561e4,5,,,2018-06-28 00:00:00,2018-07-04 13:57:50,2018-06-19,2018-07-04 13:57:50.000000,2026-08-27T05:17:09.287600+00:00,D:/D drive recovery/Shiva JH/Projects/OneLake Medallion/data/landing/2018-06-19/order_reviews.parquet,2018-06-19
f86204a38b62ac54fc88aa2a2d287491,50c4d73707f3154c08eb85d0fd1e5149,5,,,2018-06-28 00:00:00,2018-06-30 22:35:28,2018-06-19,2018-06-30 22:35:28.000000,2026-08-27T05:17:09.287600+00:00,D:/D drive recovery/Shiva JH/Projects/OneLake Medallion/data/landing/2018-06-19/order_reviews.parquet,2018-06-19
4be3f739d95775636100f3ce54c53b3d,de81104d0d1d1a5d4dd09e89a7ea4cd1,4,,,2017-02-22 00:00:00,2017-02-23 10:08:27,2017-02-10,2017-02-23 10:08:27.000000,2026-08-27T05:17:09.287600+00:00,D:/D drive recovery/Shiva JH/Projects/OneLake Medallion/data/landing/2017-02-10/order_reviews.parquet,2017-02-10
16ab37c50c57d6f54f06a0bd3401035a,825df75b7a4b5c436b9d2443f653cab2,5,,,2017-02-17 00:00:00,2017-02-18 02:55:19,2017-02-10,2017-02-18 02:55:19.000000,2026-08-27T05:17:09.287600+00:00,D:/D drive recovery/Shiva JH/Projects/OneLake Medallion/data/landing/2017-02-10/order_reviews.parquet,2017-02-10
a30622dee68b75e7be69ed954a166277,5e22038cfe14c065388be1dd0a85ba77,5,,Boa compra,2017-03-03 00:00:00,2017-03-04 00:19:13,2017-02-22,2017-03-04 00:19:13.000000,2026-08-27T05:17:09.287600+00:00,D:/D drive recovery/Shiva JH/Projects/OneLake Medallion/data/landing/2017-02-22/order_reviews.parquet,2017-02-22
4225476f760fb04956ad5e6218ef9bdd,1d0e8770169496e47622b6cbc0d10bda,5,,Muito rápido a stark sempre 10 bem antes do prazo produto certinho!!!,2017-03-02 00:00:00,2017-03-02 19:37:01,2017-02-22,2017-03-02 19:37:01.000000,2026-08-27T05:17:09.287600+00:00,D:/D drive recovery/Shiva JH/Projects/OneLake Medallion/data/landing/2017-02-22/order_reviews.parquet,2017-02-22
674284fb702f8ddd14cc53649c5905b1,8b8c17015e5e5bea026c24e0f03c9dcf,5,,"Produto entregue de forma rapida, recomendo!",2017-03-31 00:00:00,2017-04-02 04:18:44,2017-03-06,2017-04-02 04:18:44.000000,2026-08-27T05:17:09.287600+00:00,D:/D drive recovery/Shiva JH/Projects/OneLake Medallion/data/landing/2017-03-06/order_reviews.parquet,2017-03-06
75203f7dc4f5068579ae9c02ddf5aad2,b6d9ea292226815b57dc2034dcc70a91,4,,Eu super recomendo !,2017-03-14 00:00:00,2017-03-17 22:10:29,2017-03-06,2017-03-17 22:10:29.000000,2026-08-27T05:17:09.287600+00:00,D:/D drive recovery/Shiva JH/Projects/OneLake Medallion/data/landing/2017-03-06/order_reviews.parquet,2017-03-06
efb17f17e745484a14473005be1b1629,632ec9368030a0679acafa0d23b7be2c,4,,,2017-04-12 00:00:00,2017-04-17 11:37:38,2017-03-18,2017-04-17 11:37:38.000000,2026-08-27T05:17:09.287600+00:00,D:/D drive recovery/Shiva JH/Projects/OneLake Medallion/data/landing/2017-03-18/order_reviews.parquet,2017-03-18
f99baf1c00dccd869e97e5e0230dbd34,60b8f5496f3fa2d3dbe08692dc63b4b3,4,,,2017-04-14 00:00:00,2017-04-15 10:57:16,2017-03-18,2017-04-15 10:57:16.000000,2026-08-27T05:17:09.287600+00:00,D:/D drive recovery/Shiva JH/Projects/OneLake Medallion/data/landing/2017-03-18/order_reviews.parquet,2017-03-18
3719d6660d488e42075cd85d63a05eb5,b5106eeb869b64ba86ab9d880e31c0bb,5,,,2017-03-29 00:00:00,2017-03-31 13:09:43,2017-03-18,2017-03-31 13:09:43.000000,2026-08-27T05:17:09.287600+00:00,D:/D drive recovery/Shiva JH/Projects/OneLake Medallion/data/landing/2017-03-18/order_reviews.parquet,2017-03-18
3171979b1a7f31c323c2807e85246b47,bf43328103299ae529116e4521e82191,3,,"Comprei uma cadeira, recebi no prazo, porém a cadeira veio quebrada na parte inferior. Poderiam ter um maior cuidado na embalagem.",2017-04-13 00:00:00,2017-04-17 22:18:19,2017-03-30,2017-04-17 22:18:19.000000,2026-08-27T05:17:09.287600+00:00,D:/D drive recovery/Shiva JH/Projects/OneLake Medallion/data/landing/2017-03-30/order_reviews.parquet,2017-03-30
d0d49ea19bed5df1abec503bb748afb4,ebf89b8a3abd6ac66f597f269e84c3dd,3,,,2017-04-28 00:00:00,2017-05-02 10:17:29,2017-04-11,2017-05-02 10:17:29.000000,2026-08-27T05:17:09.287600+00:00,D:/D drive recovery/Shiva JH/Projects/OneLake Medallion/data/landing/2017-04-11/order_reviews.parquet,2017-04-11
3d91b7898958e4de7abcd1833b52de44,ef0db33f981ff522a3a3ad0212e9148e,4,,Muito bom comprar nesta loja a entrega foi boa e o preço foi bom também,2017-05-03 00:00:00,2017-05-04 09:23:30,2017-04-23,2017-05-04 09:23:30.000000,2026-08-27T05:17:09.287600+00:00,D:/D drive recovery/Shiva JH/Projects/OneLake Medallion/data/landing/2017-04-23/order_reviews.parquet,2017-04-23
12dab90701d7d8b7ba22515a5d3081da,9794a238ab3d4acf86002d2f0ddb2890,3,,Ótima compra demoro um pouco para chegar mais de resto tudo certo ,2017-05-18 00:00:00,2017-05-19 03:24:12,2017-05-05,2017-05-19 03:24:12.000000,2026-08-27T05:17:09.287600+00:00,D:/D drive recovery/Shiva JH/Projects/OneLake Medallion/data/landing/2017-05-05/order_reviews.parquet,2017-05-05
a5639483a41a4a4b6b7b095a34418eac,b9df3ba1cd5cd93a66fa5f902ab0dbc5,1,,"Eu comprei um ""Limpa Vidro Com Imã Magnético Super Rodo""e me entregaram uma balança.Era um presente e me envergonhei qdo a pessoa abriu.Tive que ligar para o baratheon e estou aguardando um contato. ",2017-05-16 00:00:00,2017-05-17 20:29:22,2017-05-05,2017-05-17 20:29:22.000000,2026-08-27T05:17:09.287600+00:00,D:/D drive recovery/Shiva JH/Projects/OneLake Medallion/data/landing/2017-05-05/order_reviews.parquet,2017-05-05
858ed261089bdf654a41a979f8724d34,6c30b488cb5cc67b2731e01894825ed6,1,,Produto entregue fora do prazo previsto. E com medidas diferentes da descrição da pagina na web.,2017-05-20 00:00:00,2017-05-22 12:53:36,2017-05-05,2017-05-22 12:53:36.000000,2026-08-27T05:17:09.287600+00:00,D:/D drive recovery/Shiva JH/Projects/OneLake Medallion/data/landing/2017-05-05/order_reviews.parquet,2017-05-05
639749d7fdce2faa963c65a73488f0a6,a9e7b797dd41979738e86a33cc9e8520,4,,,2017-05-17 00:00:00,2017-05-24 12:03:37,2017-05-05,2017-05-24 12:03:37.000000,2026-08-27T05:17:09.287600+00:00,D:/D drive recovery/Shiva JH/Projects/OneLake Medallion/data/landing/2017-05-05/order_reviews.parquet,2017-05-05
e059719b7ddc2190281d737bf5b2f526,8176c11ca059602f1a7b1615f4cebbd6,5,,,2017-05-20 00:00:00,2017-05-21 19:21:00,2017-05-17,2017-05-21 19:21:00.000000,2026-08-27T05:17:09.287600+00:00,D:/D drive recovery/Shiva JH/Projects/OneLake Medallion/data/landing/2017-05-17/order_reviews.parquet,2017-05-17
2317d1174e79594762c5777e2d34ba69,4886bdc3d38b4558a42cca69e30e0808,4,,Recomendo stark a outras pessoas,2017-05-26 00:00:00,2017-05-27 01:41:52,2017-05-17,2017-05-27 01:41:52.000000,2026-08-27T05:17:09.287600+00:00,D:/D drive recovery/Shiva JH/Projects/OneLake Medallion/data/landing/2017-05-17/order_reviews.parquet,2017-05-17
d84c0043073a843280cb7315c3ec6fdf,094960a25bb327dca31de0e2b9a788f9,5,,,2017-06-06 00:00:00,2017-06-07 11:25:07,2017-05-29,2017-06-07 11:25:07.000000,2026-08-27T05:17:09.287600+00:00,D:/D drive recovery/Shiva JH/Projects/OneLake Medallion/data/landing/2017-05-29/order_reviews.parquet,2017-05-29
f50f4259099035d5c45d287fe92cb99e,e302764b4fa6c74b926997b8b171f5d7,5,,,2017-06-02 00:00:00,2017-06-06 00:02:13,2017-05-29,2017-06-06 00:02:13.000000,2026-08-27T05:17:09.287600+00:00,D:/D drive recovery/Shiva JH/Projects/OneLake Medallion/data/landing/2017-05-29/order_reviews.parquet,2017-05-29
37259426130c08cc5ad366c9cc59865b,cb54c9069dc123fa6cfca4b4cf94eb9c,5,,,2017-06-08 00:00:00,2017-06-19 02:53:25,2017-05-29,2017-06-19 02:53:25.000000,2026-08-27T05:17:09.287600+00:00,D:/D drive recovery/Shiva JH/Projects/OneLake Medallion/data/landing/2017-05-29/order_reviews.parquet,2017-05-29
ed220a131b4a45da65fd328c6dec3848,ad3653ed7fa95d0e6ed3c9748c66e86e,3,,"Entrega até antes do prazo e de maneira correta, porém eu esperava um produto de melhor qualidade. As toalhas não são tão macias e felpudas, como aparenta na fotos.",2017-06-03 00:00:00,2017-06-07 16:57:20,2017-05-29,2017-06-07 16:57:20.000000,2026-08-27T05:17:09.287600+00:00,D:/D drive recovery/Shiva JH/Projects/OneLake Medallion/data/landing/2017-05-29/order_reviews.parquet,2017-05-29
331b8bc62ef860c2ec8ccba8c8bf8b54,36c5444b254b4f1810d3ece9523fca71,4,,,2017-06-20 00:00:00,2017-06-21 11:29:49,2017-05-29,2017-06-21 11:29:49.000000,2026-08-27T05:17:09.287600+00:00,D:/D drive recovery/Shiva JH/Projects/OneLake Medallion/data/landing/2017-05-29/order_reviews.parquet,2017-05-29
920924f2d1d3bad22d33fdb845ead99b,58911a5b99a60d9f2f64485528c69a84,5,,,2017-06-06 00:00:00,2017-06-07 11:01:39,2017-05-29,2017-06-07 11:01:39.000000,2026-08-27T05:17:09.287600+00:00,D:/D drive recovery/Shiva JH/Projects/OneLake Medallion/data/landing/2017-05-29/order_reviews.parquet,2017-05-29
5f8aab8dff6472050f6b3c227d381e90,f11fbb27b667b259485343a1ad29b609,5,,,2017-06-28 00:00:00,2017-06-29 15:41:20,2017-06-10,2017-06-29 15:41:20.000000,2026-08-27T05:17:09.287600+00:00,D:/D drive recovery/Shiva JH/Projects/OneLake Medallion/data/landing/2017-06-10/order_reviews.parquet,2017-06-10
1147baf11d86b3fc590d807756fa32bb,2ee460773e708be4e0208745a3864b8c,1,,,2017-08-09 00:00:00,2017-08-09 10:42:03,2017-06-22,2017-08-09 10:42:03.000000,2026-08-27T05:17:09.287600+00:00,D:/D drive recovery/Shiva JH/Projects/OneLake Medallion/data/landing/2017-06-22/order_reviews.parquet,2017-06-22
8c203061749ce8630c334af4ddd4b401,14f478070db62f51c33367debce4f1d1,4,,,2017-07-13 00:00:00,2017-07-14 13:41:12,2017-07-04,2017-07-14 13:41:12.000000,2026-08-27T05:17:09.287600+00:00,D:/D drive recovery/Shiva JH/Projects/OneLake Medallion/data/landing/2017-07-04/order_reviews.parquet,2017-07-04
137afdf25d3daadb92e8ad08b6cba00e,876ccdbffe8b9e0d081dd74f449ba339,5,,,2017-07-12 00:00:00,2017-07-25 22:13:02,2017-07-04,2017-07-25 22:13:02.000000,2026-08-27T05:17:09.287600+00:00,D:/D drive recovery/Shiva JH/Projects/OneLake Medallion/data/landing/2017-07-04/order_reviews.parquet,2017-07-04
96e966e38837f437b8e2d68749b511bf,03e1f719ea43e7eb59344cf78cd99ff4,4,,,2017-07-13 00:00:00,2017-07-14 10:50:18,2017-07-04,2017-07-14 10:50:18.000000,2026-08-27T05:17:09.287600+00:00,D:/D drive recovery/Shiva JH/Projects/OneLake Medallion/data/landing/2017-07-04/order_reviews.parquet,2017-07-04
4b8febab0589b8b1f5521944163254d2,4509ce51e5c9ab113add9aac39e97512,5,,Como sempre mas que pontual ,2017-07-11 00:00:00,2017-07-12 21:34:57,2017-07-04,2017-07-12 21:34:57.000000,2026-08-27T05:17:09.287600+00:00,D:/D drive recovery/Shiva JH/Projects/OneLake Medallion/data/landing/2017-07-04/order_reviews.parquet,2017-07-04
fa9a905d9fc5dce711c00437dc218fac,edf0616bd376b3416b676c10dffad049,1,,Até agora esperando chegar e nada solicito um esclarecimento e resolução o prazo de entrega expirou preciso do produto urgente,2017-08-26 00:00:00,2017-08-26 13:00:49,2017-07-16,2017-08-26 13:00:49.000000,2026-08-27T05:17:09.287600+00:00,D:/D drive recovery/Shiva JH/Projects/OneLake Medallion/data/landing/2017-07-16/order_reviews.parquet,2017-07-16
cf495005465270a485897288e6899038,33c00e6b5e5d1f829753828969590a33,5,,,2017-07-27 00:00:00,2017-07-27 23:27:24,2017-07-16,2017-07-27 23:27:24.000000,2026-08-27T05:17:09.287600+00:00,D:/D drive recovery/Shiva JH/Projects/OneLake Medallion/data/landing/2017-07-16/order_reviews.parquet,2017-07-16
dc08f2f27712c24b99930ddce3f6822e,631252ac24a799cf8f1c7823248527d5,5,,,2017-07-29 00:00:00,2017-08-01 23:48:28,2017-07-16,2017-08-01 23:48:28.000000,2026-08-27T05:17:09.287600+00:00,D:/D drive recovery/Shiva JH/Projects/OneLake Medallion/data/landing/2017-07-16/order_reviews.parquet,2017-07-16
768f6e9e18c4d4a6d34591d62b10b069,60e8b42fc95ec83d1e3bc2c7f7b4350d,4,,,2017-08-12 00:00:00,2017-08-13 14:52:00,2017-07-28,2017-08-13 14:52:00.000000,2026-08-27T05:17:09.287600+00:00,D:/D drive recovery/Shiva JH/Projects/OneLake Medallion/data/landing/2017-07-28/order_reviews.parquet,2017-07-28
ce8c8ec746ba02543bf2868076b71076,b0ca5afc6c53a1b2bd7c6af809913f9e,5,,"Adorei o produto,recomendo!",2017-08-12 00:00:00,2017-08-12 22:02:00,2017-08-09,2017-08-12 22:02:00.000000,2026-08-27T05:17:09.287600+00:00,D:/D drive recovery/Shiva JH/Projects/OneLake Medallion/data/landing/2017-08-09/order_reviews.parquet,2017-08-09
bcae61e2935384d09ae5738426e71f3a,47c5b42ecbd216813dc0dbcdfb964a9e,5,,,2017-08-19 00:00:00,2017-08-19 23:35:09,2017-08-09,2017-08-19 23:35:09.000000,2026-08-27T05:17:09.287600+00:00,D:/D drive recovery/Shiva JH/Projects/OneLake Medallion/data/landing/2017-08-09/order_reviews.parquet,2017-08-09
451cba223bef44c794efd257c91527e7,5f77756df7ee84e204c730c024312542,5,,,2017-08-29 00:00:00,2017-08-29 21:15:04,2017-08-21,2017-08-29 21:15:04.000000,2026-08-27T05:17:09.287600+00:00,D:/D drive recovery/Shiva JH/Projects/OneLake Medallion/data/landing/2017-08-21/order_reviews.parquet,2017-08-21
4d39f7831f5d8478f0b67d454866364c,a7a0c8ebf2557ea4b30103fbff81e64d,5,,Produto foi entregue no prazo.,2017-09-06 00:00:00,2017-09-10 13:26:41,2017-08-21,2017-09-10 13:26:41.000000,2026-08-27T05:17:09.287600+00:00,D:/D drive recovery/Shiva JH/Projects/OneLake Medallion/data/landing/2017-08-21/order_reviews.parquet,2017-08-21
885f81ec57c545a6c9eee239879edbb1,e9e856785fb0793e8ebc749b65858a89,5,,,2017-08-25 00:00:00,2017-08-30 00:29:15,2017-08-21,2017-08-30 00:29:15.000000,2026-08-27T05:17:09.287600+00:00,D:/D drive recovery/Shiva JH/Projects/OneLake Medallion/data/landing/2017-08-21/order_reviews.parquet,2017-08-21
ca3d826e071e51f9ccb5815c068d4806,33ca67f12b946d8830eb3805cc63761b,5,,,2017-09-01 00:00:00,2017-09-02 17:51:01,2017-08-21,2017-09-02 17:51:01.000000,2026-08-27T05:17:09.287600+00:00,D:/D drive recovery/Shiva JH/Projects/OneLake Medallion/data/landing/2017-08-21/order_reviews.parquet,2017-08-21
f5c8d733c21c26c461ebd6bcff992b44,1335770a97f98c72818680ee3ff1d00a,5,,,2017-08-29 00:00:00,2017-09-01 12:30:45,2017-08-21,2017-09-01 12:30:45.000000,2026-08-27T05:17:09.287600+00:00,D:/D drive recovery/Shiva JH/Projects/OneLake Medallion/data/landing/2017-08-21/order_reviews.parquet,2017-08-21
95785acbde42d09cd9081cbb86f05154,845741b02081020193c3b7ea4dbe1a23,5,,,2017-08-30 00:00:00,2017-08-30 21:15:02,2017-08-21,2017-08-30 21:15:02.000000,2026-08-27T05:17:09.287600+00:00,D:/D drive recovery/Shiva JH/Projects/OneLake Medallion/data/landing/2017-08-21/order_reviews.parquet,2017-08-21
9f01e203cd83eedbc71909557725d8d2,8ac6c055babd36dbe48009daf04f005c,5,,,2017-08-29 00:00:00,2017-08-30 01:00:11,2017-08-21,2017-08-30 01:00:11.000000,2026-08-27T05:17:09.287600+00:00,D:/D drive recovery/Shiva JH/Projects/OneLake Medallion/data/landing/2017-08-21/order_reviews.parquet,2017-08-21
01e431670424432df0c011e5dda3c043,578ef9ed2638d4e10337e50e37566344,5,,,2017-09-23 00:00:00,2017-09-24 23:05:12,2017-09-02,2017-09-24 23:05:12.000000,2026-08-27T05:17:09.287600+00:00,D:/D drive recovery/Shiva JH/Projects/OneLake Medallion/data/landing/2017-09-02/order_reviews.parquet,2017-09-02
9fa6da0e49664ae28d480eed250ee827,6878dd8f91f3b3ee7fa8edbea6c3af45,4,,,2017-09-12 00:00:00,2017-09-13 10:26:20,2017-09-02,2017-09-13 10:26:20.000000,2026-08-27T05:17:09.287600+00:00,D:/D drive recovery/Shiva JH/Projects/OneLake Medallion/data/landing/2017-09-02/order_reviews.parquet,2017-09-02
9fb5fef7bd2efec053d0a01c22169d8f,4b723c793fead9a09146174b94577802,4,,,2017-09-19 00:00:00,2017-09-21 12:08:22,2017-09-02,2017-09-21 12:08:22.000000,2026-08-27T05:17:09.287600+00:00,D:/D drive recovery/Shiva JH/Projects/OneLake Medallion/data/landing/2017-09-02/order_reviews.parquet,2017-09-02
1dbab9ee5e892adf2049ba50ca4f9523,5942bd3a8502a95cab0655d31eb2c6fc,5,,Produto chegou muito rápido.adorei,2017-09-14 00:00:00,2017-09-15 12:01:30,2017-09-02,2017-09-15 12:01:30.000000,2026-08-27T05:17:09.287600+00:00,D:/D drive recovery/Shiva JH/Projects/OneLake Medallion/data/landing/2017-09-02/order_reviews.parquet,2017-09-02
a4c6296d07ac95caffb947e114f5a115,ef29d8249c4f5670c259bda87461e3e4,4,,,2017-09-23 00:00:00,2017-09-25 11:00:54,2017-09-14,2017-09-25 11:00:54.000000,2026-08-27T05:17:09.287600+00:00,D:/D drive recovery/Shiva JH/Projects/OneLake Medallion/data/landing/2017-09-14/order_reviews.parquet,2017-09-14
4c99b5e6348f000745b50dd4368776d8,de983bdf0e92645dd32e0ba39d8e7dd8,5,,,2017-10-17 00:00:00,2017-10-21 02:35:38,2017-09-26,2017-10-21 02:35:38.000000,2026-08-27T05:17:09.287600+00:00,D:/D drive recovery/Shiva JH/Projects/OneLake Medallion/data/landing/2017-09-26/order_reviews.parquet,2017-09-26
e75f97d500634247090a01262857263b,c439a063d60f29fa2a257b40cef5c379,5,,produto excelente.,2017-10-19 00:00:00,2017-10-20 12:36:15,2017-09-26,2017-10-20 12:36:15.000000,2026-08-27T05:17:09.287600+00:00,D:/D drive recovery/Shiva JH/Projects/OneLake Medallion/data/landing/2017-09-26/order_reviews.parquet,2017-09-26
42366114f72a3bd6060fd9b31f5538fd,7b9346f5875f5ba40aa2f851365d3daf,5,,,2017-10-03 00:00:00,2017-10-05 00:39:45,2017-09-26,2017-10-05 00:39:45.000000,2026-08-27T05:17:09.287600+00:00,D:/D drive recovery/Shiva JH/Projects/OneLake Medallion/data/landing/2017-09-26/order_reviews.parquet,2017-09-26
0005bc906dfe3b73261020bf8e9b76cf,75cc0defdf90cda65066ce0ac171e2ab,5,,Muito bom ,2017-10-15 01:00:00,2017-10-15 17:53:22,2017-10-08,2017-10-15 17:53:22.000000,2026-08-27T05:17:09.287600+00:00,D:/D drive recovery/Shiva JH/Projects/OneLake Medallion/data/landing/2017-10-08/order_reviews.parquet,2017-10-08
e2a7130379d931098cc0248cc7fd3a05,d5adb7496b40cf5ac248505008ba61d5,5,,,2017-10-12 00:00:00,2017-10-13 11:00:06,2017-10-08,2017-10-13 11:00:06.000000,2026-08-27T05:17:09.287600+00:00,D:/D drive recovery/Shiva JH/Projects/OneLake Medallion/data/landing/2017-10-08/order_reviews.parquet,2017-10-08
b7654b0f527378bd085fea8a1014daec,eeb03bd554e175a6c6ae5cdc2e86d841,3,,Tudo em ordem.,2017-10-14 00:00:00,2017-10-15 19:29:25,2017-10-08,2017-10-15 19:29:25.000000,2026-08-27T05:17:09.287600+00:00,D:/D drive recovery/Shiva JH/Projects/OneLake Medallion/data/landing/2017-10-08/order_reviews.parquet,2017-10-08
29969bc9058e85a11fb0e03dea005271,3ef9cbaa0a848de9dd30b1953d31a730,3,,"São dois pedidos, na mesma loja. Mas so chegou um.",2017-10-21 00:00:00,2017-10-21 21:37:35,2017-10-08,2017-10-21 21:37:35.000000,2026-08-27T05:17:09.287600+00:00,D:/D drive recovery/Shiva JH/Projects/OneLake Medallion/data/landing/2017-10-08/order_reviews.parquet,2017-10-08
8fbc641eaf9ccaf224c356262f6ac9d6,e97af7fcb2f185b68e1ef48e5c5ebb8c,4,,Tudo tranquilo.,2017-11-05 00:00:00,2017-11-09 13:17:21,2017-10-20,2017-11-09 13:17:21.000000,2026-08-27T05:17:09.287600+00:00,D:/D drive recovery/Shiva JH/Projects/OneLake Medallion/data/landing/2017-10-20/order_reviews.parquet,2017-10-20
ac1001352ad3b724e3db6ff2a8cb896f,8b54ad5dd057cd34a1308553e2bba5dd,5,,,2017-10-26 00:00:00,2017-10-27 17:44:39,2017-10-20,2017-10-27 17:44:39.000000,2026-08-27T05:17:09.287600+00:00,D:/D drive recovery/Shiva JH/Projects/OneLake Medallion/data/landing/2017-10-20/order_reviews.parquet,2017-10-20
a52b6248b690d929fcefeebdb68de9bc,2f4ed6d6a154e53f5593682472f8e6ea,4,,,2017-11-17 00:00:00,2017-11-17 14:15:14,2017-11-01,2017-11-17 14:15:14.000000,2026-08-27T05:17:09.287600+00:00,D:/D drive recovery/Shiva JH/Projects/OneLake Medallion/data/landing/2017-11-01/order_reviews.parquet,2017-11-01
7d4cdd029ed60a01c10247a0c31b6a52,6ec283e06546387eaab356a4764d8298,4,,,2017-11-29 00:00:00,2017-11-29 21:17:43,2017-11-01,2017-11-29 21:17:43.000000,2026-08-27T05:17:09.287600+00:00,D:/D drive recovery/Shiva JH/Projects/OneLake Medallion/data/landing/2017-11-01/order_reviews.parquet,2017-11-01
cb73a32ef41462a83067d3fee0754384,de3a93f2df895a8b77a7e947b56a1af5,5,,,2017-11-23 00:00:00,2017-11-23 14:31:19,2017-11-13,2017-11-23 14:31:19.000000,2026-08-27T05:17:09.287600+00:00,D:/D drive recovery/Shiva JH/Projects/OneLake Medallion/data/landing/2017-11-13/order_reviews.parquet,2017-11-13
78a41ca2ae82d3594002c65dd93661b9,0a89bc2ec7e822a78b0cef45518d6217,5,,Ocorreu tudo bem mas em outras compras eu recebia em casa tudo certo no prazo e nessa tive q ir buscar na agencia dos correios mim borrando de medo q os correios entrassem em greve so n gostei disso! ,2017-11-25 00:00:00,2017-11-25 20:04:06,2017-11-13,2017-11-25 20:04:06.000000,2026-08-27T05:17:09.287600+00:00,D:/D drive recovery/Shiva JH/Projects/OneLake Medallion/data/landing/2017-11-13/order_reviews.parquet,2017-11-13
f704b94ca16ee58590854a6168f55a93,30941734c8d62ce23498ca4758409a29,5,,,2017-12-10 00:00:00,2017-12-13 10:36:23,2017-11-13,2017-12-13 10:36:23.000000,2026-08-27T05:17:09.287600+00:00,D:/D drive recovery/Shiva JH/Projects/OneLake Medallion/data/landing/2017-11-13/order_reviews.parquet,2017-11-13
347cf9be0e520335bf2ec209b1c66d5d,f3753df1e0c5a22ca7c2ff5722387739,4,,,2017-11-29 00:00:00,2017-12-01 17:19:42,2017-11-13,2017-12-01 17:19:42.000000,2026-08-27T05:17:09.287600+00:00,D:/D drive recovery/Shiva JH/Projects/OneLake Medallion/data/landing/2017-11-13/order_reviews.parquet,2017-11-13
93d7ed285197dfdb0e4e9e69b887cae0,4e5eb92b77d7214fc3587113fd8374d7,4,,,2017-11-29 00:00:00,2017-11-30 10:24:35,2017-11-13,2017-11-30 10:24:35.000000,2026-08-27T05:17:09.287600+00:00,D:/D drive recovery/Shiva JH/Projects/OneLake Medallion/data/landing/2017-11-13/order_reviews.parquet,2017-11-13
521cdd0eac08cccb2c9555decedda2bb,0c2b0060d3c030936fff3266c4224733,5,,,2017-11-24 00:00:00,2017-11-27 12:33:21,2017-11-13,2017-11-27 12:33:21.000000,2026-08-27T05:17:09.287600+00:00,D:/D drive recovery/Shiva JH/Projects/OneLake Medallion/data/landing/2017-11-13/order_reviews.parquet,2017-11-13
8b2dab20fb79eb54b7eaa8e4f825a652,c0a15de26f8add28b3ebed18a13e6831,2,,,2017-12-07 00:00:00,2017-12-09 17:47:22,2017-11-25,2017-12-09 17:47:22.000000,2026-08-27T05:17:09.287600+00:00,D:/D drive recovery/Shiva JH/Projects/OneLake Medallion/data/landing/2017-11-25/order_reviews.parquet,2017-11-25
c62e19e7cd011b989cd45ab8e6d286bf,9950e10864fad6c02ade4829884ebd39,5,,Entrega feita perfeitamente. Recomendo !,2017-12-13 00:00:00,2017-12-14 02:31:40,2017-11-25,2017-12-14 02:31:40.000000,2026-08-27T05:17:09.287600+00:00,D:/D drive recovery/Shiva JH/Projects/OneLake Medallion/data/landing/2017-11-25/order_reviews.parquet,2017-11-25
791f47cdf98a3a261b3f39168592eb01,567818fc7d9f84b0f5eac47aef90658e,5,,"Entregaram o produto certo e no prazo, só deixaram a desejar um pouco na comunicação com o site das lannister, pois no site não mostrava as atualizações de rastreio, fora isso a entrega foi feita.",2017-12-24 00:00:00,2017-12-27 11:00:53,2017-11-25,2017-12-27 11:00:53.000000,2026-08-27T05:17:09.287600+00:00,D:/D drive recovery/Shiva JH/Projects/OneLake Medallion/data/landing/2017-11-25/order_reviews.parquet,2017-11-25
a8bd8ed6b552db2882474a572bce16e4,ec9a51782b5483ba996ab13bc3bbc30d,4,,Recebi conforme o esperado.,2017-12-12 00:00:00,2017-12-13 08:48:42,2017-11-25,2017-12-13 08:48:42.000000,2026-08-27T05:17:09.287600+00:00,D:/D drive recovery/Shiva JH/Projects/OneLake Medallion/data/landing/2017-11-25/order_reviews.parquet,2017-11-25
2dd3619b616ae9b83615b14f62577fd9,ff36cbc44b8f228e0449c92ef089c843,5,,,2017-12-08 00:00:00,2017-12-10 02:39:15,2017-11-25,2017-12-10 02:39:15.000000,2026-08-27T05:17:09.287600+00:00,D:/D drive recovery/Shiva JH/Projects/OneLake Medallion/data/landing/2017-11-25/order_reviews.parquet,2017-11-25
209c73b9a7bfea85bfafa7fa8616351a,cb4591b9a09b86b55be10a9ea234de8c,1,,"Como posso avaliar algo que não recebi.
Já paguei o produto e no status diz que o produto não chegou ainda na unidade da minha cidade.
entrega para 21/12/2017.
cadê o produto?fico no prejuízo?",2017-12-22 00:00:00,2017-12-22 10:24:44,2017-11-25,2017-12-22 10:24:44.000000,2026-08-27T05:17:09.287600+00:00,D:/D drive recovery/Shiva JH/Projects/OneLake Medallion/data/landing/2017-11-25/order_reviews.parquet,2017-11-25
2d874aaa3b4a3b05afe9f6205e538a4f,ed3d229ff5daade6f2f99efc36a7fd05,5,,,2017-12-12 00:00:00,2017-12-15 09:14:42,2017-11-25,2017-12-15 09:14:42.000000,2026-08-27T05:17:09.287600+00:00,D:/D drive recovery/Shiva JH/Projects/OneLake Medallion/data/landing/2017-11-25/order_reviews.parquet,2017-11-25
5baaaeb65506c4aa2ba78e500c8064d6,7dc4ac6da71948249ca79f45c9de13b1,5,,,2017-12-12 00:00:00,2017-12-13 07:48:29,2017-11-25,2017-12-13 07:48:29.000000,2026-08-27T05:17:09.287600+00:00,D:/D drive recovery/Shiva JH/Projects/OneLake Medallion/data/landing/2017-11-25/order_reviews.parquet,2017-11-25
7b29e032a2fa1e48e5a3df647dc8c4dd,d4a4641b9e4409b16a31dd61760e89cc,4,,"A única queixa é que não tive atualizações do status do produto. Gostaria de saber melhor as fases até ele ser entregue pra eu poder estar esperando. Fora isso, tudo certo!",2017-12-14 00:00:00,2017-12-14 23:21:17,2017-11-25,2017-12-14 23:21:17.000000,2026-08-27T05:17:09.287600+00:00,D:/D drive recovery/Shiva JH/Projects/OneLake Medallion/data/landing/2017-11-25/order_reviews.parquet,2017-11-25
c4aa3952af431d1e99b0608de0dedb5a,73cafc0c127f9cee457b39b5c0e3fc16,1,,,2017-12-22 00:00:00,2017-12-24 12:19:16,2017-11-25,2017-12-24 12:19:16.000000,2026-08-27T05:17:09.287600+00:00,D:/D drive recovery/Shiva JH/Projects/OneLake Medallion/data/landing/2017-11-25/order_reviews.parquet,2017-11-25
00c9af676fa4c30c0ee4160d82e2d58a,05e2ab8de37670d9d0524473585092ec,4,,,2017-12-06 00:00:00,2017-12-08 12:08:53,2017-11-25,2017-12-08 12:08:53.000000,2026-08-27T05:17:09.287600+00:00,D:/D drive recovery/Shiva JH/Projects/OneLake Medallion/data/landing/2017-11-25/order_reviews.parquet,2017-11-25
c5e556ab499c4e9adaf369ed5363d63f,53ba9277abd171947b33bd9073297827,5,,mt bom o produto,2017-12-13 00:00:00,2017-12-15 03:33:19,2017-11-25,2017-12-15 03:33:19.000000,2026-08-27T05:17:09.287600+00:00,D:/D drive recovery/Shiva JH/Projects/OneLake Medallion/data/landing/2017-11-25/order_reviews.parquet,2017-11-25
c2fa0291c88ce5fb3732c4265b693ce1,cae916a392d51a600dd6d7b5eb9b8106,5,,,2017-12-03 00:00:00,2017-12-05 21:42:31,2017-11-25,2017-12-05 21:42:31.000000,2026-08-27T05:17:09.287600+00:00,D:/D drive recovery/Shiva JH/Projects/OneLake Medallion/data/landing/2017-11-25/order_reviews.parquet,2017-11-25
37670fe840bcf226054f1aa95744335d,115a21a6b20efa52b4f92b81bfe0ef62,1,,Apesar de informar que recebi o produto danificado e solicitar a devolução até o momento não recebi qualquer contato de orientação do vendedor. ,2017-12-14 00:00:00,2017-12-15 12:47:12,2017-11-25,2017-12-15 12:47:12.000000,2026-08-27T05:17:09.287600+00:00,D:/D drive recovery/Shiva JH/Projects/OneLake Medallion/data/landing/2017-11-25/order_reviews.parquet,2017-11-25
3c15004ee749e593c6ee0613d1c96d86,1391644298485796a935f0422f8989e8,1,,"vou registrar queixa no reclameaqui porque, apesar de informar que, me enviaram produto para tensao errada (pedi 110V e mandaram 220V) apresentei reclamaçao e nao me deram satisfaçao",2017-12-13 00:00:00,2017-12-14 01:17:06,2017-12-07,2017-12-14 01:17:06.000000,2026-08-27T05:17:09.287600+00:00,D:/D drive recovery/Shiva JH/Projects/OneLake Medallion/data/landing/2017-12-07/order_reviews.parquet,2017-12-07
e1e20e85692e62618babef8dfc1812b8,de5a57660fb17fcd0cb97f5874739ddd,5,,,2017-12-14 00:00:00,2017-12-17 02:11:17,2017-12-07,2017-12-17 02:11:17.000000,2026-08-27T05:17:09.287600+00:00,D:/D drive recovery/Shiva JH/Projects/OneLake Medallion/data/landing/2017-12-07/order_reviews.parquet,2017-12-07
0c478e32c74cc1054a88a6662adcbc95,4b2b9a77b0645d1efdf00bc2ac1ba023,5,,PRODUTO DE BOA QUALIDADE CHEGA NO PRAZO,2018-01-04 00:00:00,2018-01-08 16:01:29,2017-12-07,2018-01-08 16:01:29.000000,2026-08-27T05:17:09.287600+00:00,D:/D drive recovery/Shiva JH/Projects/OneLake Medallion/data/landing/2017-12-07/order_reviews.parquet,2017-12-07
fbaeda2e4fadc0ee2e9b0ce10aa8df2b,1150c73ca4c9c78e59170256f8b93e16,5,,"Recebi o produto correto e muito rápido. Fiquei impressionada.
Super recomendo!!!",2017-12-09 00:00:00,2017-12-11 11:57:31,2017-12-07,2017-12-11 11:57:31.000000,2026-08-27T05:17:09.287600+00:00,D:/D drive recovery/Shiva JH/Projects/OneLake Medallion/data/landing/2017-12-07/order_reviews.parquet,2017-12-07
76bc9d92155e41baca9bc18c3ea8f45c,7e7e487c8215464b81d26682798ee38c,5,,,2017-12-17 00:00:00,2017-12-19 22:18:35,2017-12-07,2017-12-19 22:18:35.000000,2026-08-27T05:17:09.287600+00:00,D:/D drive recovery/Shiva JH/Projects/OneLake Medallion/data/landing/2017-12-07/order_reviews.parquet,2017-12-07
6a338f13aba9d2b7116f441541770bbe,8ff3300441375a48890e65ad8d06233b,5,,,2017-12-29 00:00:00,2017-12-29 18:10:44,2017-12-19,2017-12-29 18:10:44.000000,2026-08-27T05:17:09.287600+00:00,D:/D drive recovery/Shiva JH/Projects/OneLake Medallion/data/landing/2017-12-19/order_reviews.parquet,2017-12-19
3b187828862c9bc35e649a4e5635449a,7d0e17bbcb31318fdc2390ad7cfc7399,5,,,2018-01-09 00:00:00,2018-01-10 15:50:11,2017-12-19,2018-01-10 15:50:11.000000,2026-08-27T05:17:09.287600+00:00,D:/D drive recovery/Shiva JH/Projects/OneLake Medallion/data/landing/2017-12-19/order_reviews.parquet,2017-12-19
b31d99425b80191f650ccbaae11ceeea,b01e3ee0b1aa883fb12d7161e3d979fc,3,,,2018-01-12 00:00:00,2018-01-13 12:17:15,2017-12-31,2018-01-13 12:17:15.000000,2026-08-27T05:17:09.287600+00:00,D:/D drive recovery/Shiva JH/Projects/OneLake Medallion/data/landing/2017-12-31/order_reviews.parquet,2017-12-31
4e4d646e5219d36b79c26efa76bb65d5,6cb7111806a9b07928d2623e7708e8c6,4,,,2018-01-26 00:00:00,2018-01-26 22:04:46,2018-01-12,2018-01-26 22:04:46.000000,2026-08-27T05:17:09.287600+00:00,D:/D drive recovery/Shiva JH/Projects/OneLake Medallion/data/landing/2018-01-12/order_reviews.parquet,2018-01-12
68e3c34929224bf3d4c9778d615f611c,28c35e27d64425be0368e275997f7779,5,,,2018-01-24 00:00:00,2018-01-26 16:27:52,2018-01-12,2018-01-26 16:27:52.000000,2026-08-27T05:17:09.287600+00:00,D:/D drive recovery/Shiva JH/Projects/OneLake Medallion/data/landing/2018-01-12/order_reviews.parquet,2018-01-12
9a46fcaa0f3e5f56ad82a3895a34b7cb,baec85e7fa005a17b89b8bf93300cb5f,1,,"Eles não entrega 
Péssima loja 
Não recomendo 
Quero meu dinheiro de volta 
",2018-02-02 00:00:00,2018-02-02 03:23:41,2018-01-12,2018-02-02 03:23:41.000000,2026-08-27T05:17:09.287600+00:00,D:/D drive recovery/Shiva JH/Projects/OneLake Medallion/data/landing/2018-01-12/order_reviews.parquet,2018-01-12
8bfa44208afecfa464af0df5d1a7e975,b6dbd61bb13118766af40ef6a325e303,4,,O produto é muito bonitinho e bem acabado. O envio foi rápido e chegou perfeito. ,2018-01-27 00:00:00,2018-02-03 11:33:07,2018-01-12,2018-02-03 11:33:07.000000,2026-08-27T05:17:09.287600+00:00,D:/D drive recovery/Shiva JH/Projects/OneLake Medallion/data/landing/2018-01-12/order_reviews.parquet,2018-01-12
47726b34b5c962d47451bb1046047399,2a4afa0d6cc69510f96d2a3e8fae85cd,2,,Ainda estou aguardando a entrega,2018-01-26 00:00:00,2018-01-27 00:15:53,2018-01-12,2018-01-27 00:15:53.000000,2026-08-27T05:17:09.287600+00:00,D:/D drive recovery/Shiva JH/Projects/OneLake Medallion/data/landing/2018-01-12/order_reviews.parquet,2018-01-12
f02112b16bfb454f23f9eafe200b1340,0762fe35b71987563f8771eb6d14938f,3,,"Já realizei outras compras por este site, só que desta vez não fiquei muito satisfeita com o prazo de entrega,muito demorado.
Boa tarde",2018-02-15 00:00:00,2018-02-15 16:08:07,2018-01-24,2018-02-15 16:08:07.000000,2026-08-27T05:17:09.287600+00:00,D:/D drive recovery/Shiva JH/Projects/OneLake Medallion/data/landing/2018-01-24/order_reviews.parquet,2018-01-24
7abd67c3c3061a7ea5c5311faa0071a9,a49f05cadcb7f056c2725a1463b7d7db,1,,,2018-02-06 00:00:00,2018-02-17 21:34:15,2018-01-24,2018-02-17 21:34:15.000000,2026-08-27T05:17:09.287600+00:00,D:/D drive recovery/Shiva JH/Projects/OneLake Medallion/data/landing/2018-01-24/order_reviews.parquet,2018-01-24
142055a131e1a3cc74d00b4195e69837,e599e00118212fd3f10f88ef85587204,4,,,2018-02-03 00:00:00,2018-02-03 20:53:42,2018-01-24,2018-02-03 20:53:42.000000,2026-08-27T05:17:09.287600+00:00,D:/D drive recovery/Shiva JH/Projects/OneLake Medallion/data/landing/2018-01-24/order_reviews.parquet,2018-01-24
19fd138c7f1c5e3d291efebf2faebecc,4cd5aded458b2bb658108cfe0f705ab5,5,,,2018-02-20 00:00:00,2018-02-22 21:30:39,2018-02-05,2018-02-22 21:30:39.000000,2026-08-27T05:17:09.287600+00:00,D:/D drive recovery/Shiva JH/Projects/OneLake Medallion/data/landing/2018-02-05/order_reviews.parquet,2018-02-05
ac9355421b1843f12e7f135c47054f0d,3df54c9248f6d2eef8f08ad39f422abd,5,,"Chegou antes do prazo final, muito bom!",2018-02-10 00:00:00,2018-02-13 15:36:35,2018-02-05,2018-02-13 15:36:35.000000,2026-08-27T05:17:09.287600+00:00,D:/D drive recovery/Shiva JH/Projects/OneLake Medallion/data/landing/2018-02-05/order_reviews.parquet,2018-02-05
0ec9e79b203cab4d78d9f3ebacf12586,96bfce289cf4a045ce6adad34b55a912,2,,,2018-03-06 00:00:00,2018-03-09 01:10:17,2018-02-05,2018-03-09 01:10:17.000000,2026-08-27T05:17:09.287600+00:00,D:/D drive recovery/Shiva JH/Projects/OneLake Medallion/data/landing/2018-02-05/order_reviews.parquet,2018-02-05
f17aff44e4678e4cb2a4bc0f06fd4082,bef79681fbe33b2789095e966c159563,5,,O produto recebido chegou dentro do prazo e das expectativas de qualidadexpreço.,2018-02-15 00:00:00,2018-02-19 13:19:26,2018-02-05,2018-02-19 13:19:26.000000,2026-08-27T05:17:09.287600+00:00,D:/D drive recovery/Shiva JH/Projects/OneLake Medallion/data/landing/2018-02-05/order_reviews.parquet,2018-02-05
ad6ed47916b810787de42a5d88be0642,a95c742fa7426798396959c1bd1d6ab8,5,,,2018-02-22 00:00:00,2018-02-27 01:53:29,2018-02-05,2018-02-27 01:53:29.000000,2026-08-27T05:17:09.287600+00:00,D:/D drive recovery/Shiva JH/Projects/OneLake Medallion/data/landing/2018-02-05/order_reviews.parquet,2018-02-05
4c76514419c2d6a65ed43eacae046a4c,dfa82c0d8cadaa36975ca3f856251e6c,5,,Boa,2018-02-09 00:00:00,2018-02-10 02:03:35,2018-02-05,2018-02-10 02:03:35.000000,2026-08-27T05:17:09.287600+00:00,D:/D drive recovery/Shiva JH/Projects/OneLake Medallion/data/landing/2018-02-05/order_reviews.parquet,2018-02-05
6ffe1fce6dd204b4e35ddccf68807f4e,41edd5d27833b73b29761df99f146624,5,,,2018-02-28 00:00:00,2018-03-03 01:56:26,2018-02-05,2018-03-03 01:56:26.000000,2026-08-27T05:17:09.287600+00:00,D:/D drive recovery/Shiva JH/Projects/OneLake Medallion/data/landing/2018-02-05/order_reviews.parquet,2018-02-05
66168c22d5a5df09165ed9fea941bfd7,fa3d745324c8a96e112e217b025689f1,5,,,2018-02-20 00:00:00,2018-02-20 19:44:25,2018-02-05,2018-02-20 19:44:25.000000,2026-08-27T05:17:09.287600+00:00,D:/D drive recovery/Shiva JH/Projects/OneLake Medallion/data/landing/2018-02-05/order_reviews.parquet,2018-02-05
3a36f699ff17d318607904fc7ac9099d,005059edee63c8c708ba61910793b31b,3,,bom,2018-02-20 00:00:00,2018-02-22 11:16:19,2018-02-05,2018-02-22 11:16:19.000000,2026-08-27T05:17:09.287600+00:00,D:/D drive recovery/Shiva JH/Projects/OneLake Medallion/data/landing/2018-02-05/order_reviews.parquet,2018-02-05
c08f7bad45d60d52bebb6b95bc2281e2,b466442834849de831692c9474402ba7,4,,Entrega antes do prazo e produto muito bom como descrito!!,2018-03-06 00:00:00,2018-03-07 03:41:42,2018-02-17,2018-03-07 03:41:42.000000,2026-08-27T05:17:09.287600+00:00,D:/D drive recovery/Shiva JH/Projects/OneLake Medallion/data/landing/2018-02-17/order_reviews.parquet,2018-02-17
ffc17a5c05d0802db7811dd800e99648,3bece71a0ce79d5d8945d9d665e5164e,3,,"NÃO RECEBI MEU PEDIDO AINDA , O PRAZO ERA ATÉ DIA 20/03/18. ",2018-03-21 00:00:00,2018-03-22 13:45:51,2018-02-17,2018-03-22 13:45:51.000000,2026-08-27T05:17:09.287600+00:00,D:/D drive recovery/Shiva JH/Projects/OneLake Medallion/data/landing/2018-02-17/order_reviews.parquet,2018-02-17
ceaf1147cc8a49ad404cab3fef9fe02f,82532c4ff0d663ca01d2a9fb7d7123bd,5,,,2018-03-10 00:00:00,2018-03-11 11:50:08,2018-02-17,2018-03-11 11:50:08.000000,2026-08-27T05:17:09.287600+00:00,D:/D drive recovery/Shiva JH/Projects/OneLake Medallion/data/landing/2018-02-17/order_reviews.parquet,2018-02-17
c6eb0a009b8da1bba0f65abf4957575d,4c3cc41d9fad33476cbf842592458f36,2,,O produto não foi entregue na data prevista e o vendedor não me informou os motivos da demora para a entrega.,2018-03-18 00:00:00,2018-03-20 17:27:41,2018-02-17,2018-03-20 17:27:41.000000,2026-08-27T05:17:09.287600+00:00,D:/D drive recovery/Shiva JH/Projects/OneLake Medallion/data/landing/2018-02-17/order_reviews.parquet,2018-02-17
72ee24a462cecd2aabbb189322f1fa59,237f9d2cdf1d87f8b252ad4e11bb42a7,5,,"Recomendo compras, não tive nenhum problema com os produtos.",2018-03-03 00:00:00,2018-03-05 14:31:22,2018-02-17,2018-03-05 14:31:22.000000,2026-08-27T05:17:09.287600+00:00,D:/D drive recovery/Shiva JH/Projects/OneLake Medallion/data/landing/2018-02-17/order_reviews.parquet,2018-02-17
a46bdf91998cbf58faad3df6fa721f06,fc66d84250e23153ad4d3424f01388d6,5,,produto entregue e dentro do prazo estipulado pelo vendedor.,2018-02-28 00:00:00,2018-03-01 10:49:57,2018-02-17,2018-03-01 10:49:57.000000,2026-08-27T05:17:09.287600+00:00,D:/D drive recovery/Shiva JH/Projects/OneLake Medallion/data/landing/2018-02-17/order_reviews.parquet,2018-02-17
d4553d96055a0b508e3b0af45738981e,498e066f76ea893807edbcf498e2cac7,5,,"LIVRO SUPER BEM EMBALADO, CAPRICHOSAMENTE BEM PROTEGIDO DE QUALQUER PROBLEMA NA VIAGEM.
SÓ DEMOROU A ENTREGAR POR CONTA DA GREVE DOS CORREIOS MAS PELO SITE DO stark ERA POSSÍVEL RASTREAR CERTINHO",2018-03-21 00:00:00,2018-03-23 11:09:19,2018-03-01,2018-03-23 11:09:19.000000,2026-08-27T05:17:09.287600+00:00,D:/D drive recovery/Shiva JH/Projects/OneLake Medallion/data/landing/2018-03-01/order_reviews.parquet,2018-03-01
b0846e798e7d1ee0485f77020b5c242f,23fd789ce06f3c54f212b3b9d358579f,1,,,2018-03-24 00:00:00,2018-03-24 15:24:53,2018-03-01,2018-03-24 15:24:53.000000,2026-08-27T05:17:09.287600+00:00,D:/D drive recovery/Shiva JH/Projects/OneLake Medallion/data/landing/2018-03-01/order_reviews.parquet,2018-03-01
aebc69751298fd841b4ceba47617640f,4c9ad1ec8d135d9f6cda60ba64fdc5bf,1,,,2018-03-23 00:00:00,2018-03-25 10:09:21,2018-03-01,2018-03-25 10:09:21.000000,2026-08-27T05:17:09.287600+00:00,D:/D drive recovery/Shiva JH/Projects/OneLake Medallion/data/landing/2018-03-01/order_reviews.parquet,2018-03-01
53a9fcfc200d360afecd856f79b3b1b0,16288edc7382ecd4230909d0907fb939,5,,,2018-03-15 00:00:00,2018-03-16 12:59:16,2018-03-01,2018-03-16 12:59:16.000000,2026-08-27T05:17:09.287600+00:00,D:/D drive recovery/Shiva JH/Projects/OneLake Medallion/data/landing/2018-03-01/order_reviews.parquet,2018-03-01
a51afd5a17b8eeeeb91959fc9456410e,7501e0d79e115a1491674e6154b47bd4,5,,Parabéns. sempre mantendo atualizada as informações acerca da entrega,2018-04-10 00:00:00,2018-04-11 00:07:32,2018-03-13,2018-04-11 00:07:32.000000,2026-08-27T05:17:09.287600+00:00,D:/D drive recovery/Shiva JH/Projects/OneLake Medallion/data/landing/2018-03-13/order_reviews.parquet,2018-03-13
6dd257608bc423989a4c093f517534c9,b5572b1a9c58d00d3ad345667cd3a0de,5,,americana sempre entrega rapida e tudo certo agadeço e parabens pela competencia,2018-04-12 00:00:00,2018-04-18 15:58:18,2018-03-13,2018-04-18 15:58:18.000000,2026-08-27T05:17:09.287600+00:00,D:/D drive recovery/Shiva JH/Projects/OneLake Medallion/data/landing/2018-03-13/order_reviews.parquet,2018-03-13
315ea2c8288b411d1bd2d46496e37b87,b0e07744a89c97ec7dc4be61ddf6a5ac,1,,"Tenho dúvidas se o problema é com o fornecedor ou com o entregador, pois na operacionalização da compra beleza, já quanto ao tempo de entrega (via correios) tudo atrasado.",2018-04-12 00:00:00,2018-04-13 18:23:32,2018-03-13,2018-04-13 18:23:32.000000,2026-08-27T05:17:09.287600+00:00,D:/D drive recovery/Shiva JH/Projects/OneLake Medallion/data/landing/2018-03-13/order_reviews.parquet,2018-03-13
3452475a6272b3a06c807872578c8bd2,4a91f42df2d4a84668e0c30d7880c7c0,5,,,2018-04-07 00:00:00,2018-04-08 23:01:25,2018-03-25,2018-04-08 23:01:25.000000,2026-08-27T05:17:09.287600+00:00,D:/D drive recovery/Shiva JH/Projects/OneLake Medallion/data/landing/2018-03-25/order_reviews.parquet,2018-03-25
4277fdef42c160f8f7b6ccb97c5f2405,e32d9626a1453e6287c515aac985098f,5,,,2018-04-06 00:00:00,2018-04-09 13:12:04,2018-03-25,2018-04-09 13:12:04.000000,2026-08-27T05:17:09.287600+00:00,D:/D drive recovery/Shiva JH/Projects/OneLake Medallion/data/landing/2018-03-25/order_reviews.parquet,2018-03-25
718ee1244eef667cce7ee597e37844ac,cc7dfc8992e6aaa96f3248ff602ee264,4,,,2018-04-10 00:00:00,2018-04-11 09:22:17,2018-03-25,2018-04-11 09:22:17.000000,2026-08-27T05:17:09.287600+00:00,D:/D drive recovery/Shiva JH/Projects/OneLake Medallion/data/landing/2018-03-25/order_reviews.parquet,2018-03-25
8798635f9ab911f8e09f501c9ad85647,f3e7fae1e0a6001047deeefa288f96a9,5,,,2018-04-06 00:00:00,2018-04-06 20:29:36,2018-03-25,2018-04-06 20:29:36.000000,2026-08-27T05:17:09.287600+00:00,D:/D drive recovery/Shiva JH/Projects/OneLake Medallion/data/landing/2018-03-25/order_reviews.parquet,2018-03-25
5f988d6be11147f523a4e3585cedb879,efade7725d5dfe59a8c281511cea69e2,4,,as informações foram claras e os prasos dentro do esperado.,2018-04-07 00:00:00,2018-04-13 00:54:49,2018-03-25,2018-04-13 00:54:49.000000,2026-08-27T05:17:09.287600+00:00,D:/D drive recovery/Shiva JH/Projects/OneLake Medallion/data/landing/2018-03-25/order_reviews.parquet,2018-03-25
535b7712eeca2786357101586e3ff379,111cad04d7595482f30e12764539fcbc,5,,,2018-04-12 00:00:00,2018-04-13 01:55:54,2018-04-06,2018-04-13 01:55:54.000000,2026-08-27T05:17:09.287600+00:00,D:/D drive recovery/Shiva JH/Projects/OneLake Medallion/data/landing/2018-04-06/order_reviews.parquet,2018-04-06
aabfcd2d6b24e6e49d382d129d5f55b9,aba40f06818d2d5bd3590b335352fd3f,4,,,2018-04-11 00:00:00,2018-04-12 02:40:37,2018-04-06,2018-04-12 02:40:37.000000,2026-08-27T05:17:09.287600+00:00,D:/D drive recovery/Shiva JH/Projects/OneLake Medallion/data/landing/2018-04-06/order_reviews.parquet,2018-04-06
6aa5ce3d257c3df510ae0698a8ff88ec,d5fbbc2e51c9e93de3502e15b4159d46,5,,,2018-04-18 00:00:00,2018-04-19 00:25:51,2018-04-06,2018-04-19 00:25:51.000000,2026-08-27T05:17:09.287600+00:00,D:/D drive recovery/Shiva JH/Projects/OneLake Medallion/data/landing/2018-04-06/order_reviews.parquet,2018-04-06
1a369aa9fa3de2ecbcdf4725603921e0,79b690847d556fdcccfe7dfdd9d77dd4,3,,,2018-05-12 00:00:00,2018-05-14 20:14:56,2018-04-06,2018-05-14 20:14:56.000000,2026-08-27T05:17:09.287600+00:00,D:/D drive recovery/Shiva JH/Projects/OneLake Medallion/data/landing/2018-04-06/order_reviews.parquet,2018-04-06
d7a8af8aeaa393de52c78024a1e10a64,396ecd66e534ab22f8c11be648298286,5,RECOMENDO,recomendo,2018-05-10 00:00:00,2018-05-13 23:37:25,2018-04-18,2018-05-13 23:37:25.000000,2026-08-27T05:17:09.287600+00:00,D:/D drive recovery/Shiva JH/Projects/OneLake Medallion/data/landing/2018-04-18/order_reviews.parquet,2018-04-18
ecdbbdef91021e549b9ae411353b1d80,cd6f283a1308f75b894c315359b521d7,1,ruim,"não gostei, efetuei a compra, paguei pelo frete, e o produto esta nos correios bem longe de minha residencia, quero meu estorno.",2018-05-16 00:00:00,2018-05-17 21:00:35,2018-04-30,2018-05-17 21:00:35.000000,2026-08-27T05:17:09.287600+00:00,D:/D drive recovery/Shiva JH/Projects/OneLake Medallion/data/landing/2018-04-30/order_reviews.parquet,2018-04-30
64ac46c3ccf3709497ce56cc48f50cea,c7eceb983991b7e80256afc58a39d0aa,3,Gostei ,Chegou super rápido ..antes do prazo ... O plástico é um pouco mole mas no geral produto bom e funcional ,2018-05-08 00:00:00,2018-05-10 15:25:26,2018-04-30,2018-05-10 15:25:26.000000,2026-08-27T05:17:09.287600+00:00,D:/D drive recovery/Shiva JH/Projects/OneLake Medallion/data/landing/2018-04-30/order_reviews.parquet,2018-04-30
65b2d00dbbb7dc5e4b16070d961e6e44,9ec76eb1505d29c81d9bfadf8c2e3afa,5,Recomendo,"Compra super tranquila, preço bom e entrega antes do prazo.",2018-05-17 00:00:00,2018-05-20 14:39:48,2018-04-30,2018-05-20 14:39:48.000000,2026-08-27T05:17:09.287600+00:00,D:/D drive recovery/Shiva JH/Projects/OneLake Medallion/data/landing/2018-04-30/order_reviews.parquet,2018-04-30
30442486d5d1263f3bfde8f6587159bb,41467837b8621b5014b5a91e78ab3747,5,,,2018-05-15 00:00:00,2018-05-20 11:07:38,2018-04-30,2018-05-20 11:07:38.000000,2026-08-27T05:17:09.287600+00:00,D:/D drive recovery/Shiva JH/Projects/OneLake Medallion/data/landing/2018-04-30/order_reviews.parquet,2018-04-30
efff0f88520bffc0ff1a593f252a76fb,610d2254a191363a1f87185789c63231,4,,,2018-05-11 00:00:00,2018-05-12 01:06:17,2018-04-30,2018-05-12 01:06:17.000000,2026-08-27T05:17:09.287600+00:00,D:/D drive recovery/Shiva JH/Projects/OneLake Medallion/data/landing/2018-04-30/order_reviews.parquet,2018-04-30
a09d236fe6739f2940a58603f77bcbe9,0c31953b008c5e98882d436f4298cde0,5,Excelente ,,2018-05-05 00:00:00,2018-05-06 10:33:15,2018-04-30,2018-05-06 10:33:15.000000,2026-08-27T05:17:09.287600+00:00,D:/D drive recovery/Shiva JH/Projects/OneLake Medallion/data/landing/2018-04-30/order_reviews.parquet,2018-04-30
87fb6d43599d7f865746d157c3566cd3,e14ffd08eda953986d92a6cf45978ad3,5,,,2018-05-24 00:00:00,2018-05-24 18:58:29,2018-05-12,2018-05-24 18:58:29.000000,2026-08-27T05:17:09.287600+00:00,D:/D drive recovery/Shiva JH/Projects/OneLake Medallion/data/landing/2018-05-12/order_reviews.parquet,2018-05-12
9a03e7686fffaca544dc733a8e503c76,7d8f5bfd5aff648220374a2df62e84d5,5,Otimo,Ótimos produtos ,2018-06-02 00:00:00,2018-06-04 23:36:11,2018-05-12,2018-06-04 23:36:11.000000,2026-08-27T05:17:09.287600+00:00,D:/D drive recovery/Shiva JH/Projects/OneLake Medallion/data/landing/2018-05-12/order_reviews.parquet,2018-05-12
9a08e58eeb5b89121d1ba21392363580,c7f9a63be296b2be1bb5ad47c7d61dd2,3,,,2018-05-18 00:00:00,2018-05-21 13:00:34,2018-05-12,2018-05-21 13:00:34.000000,2026-08-27T05:17:09.287600+00:00,D:/D drive recovery/Shiva JH/Projects/OneLake Medallion/data/landing/2018-05-12/order_reviews.parquet,2018-05-12
5f60fcd1444ddc7c159b051453b98853,21babe33a62ea8ca20539175f5f77dd2,4,,,2018-05-16 00:00:00,2018-05-17 12:41:44,2018-05-12,2018-05-17 12:41:44.000000,2026-08-27T05:17:09.287600+00:00,D:/D drive recovery/Shiva JH/Projects/OneLake Medallion/data/landing/2018-05-12/order_reviews.parquet,2018-05-12
ab6887f9c2a130bf54bce112850868f8,7dae8e764e7cce9b6197c024b802e5d9,5,,,2018-06-07 00:00:00,2018-06-11 22:12:10,2018-05-24,2018-06-11 22:12:10.000000,2026-08-27T05:17:09.287600+00:00,D:/D drive recovery/Shiva JH/Projects/OneLake Medallion/data/landing/2018-05-24/order_reviews.parquet,2018-05-24
90f6a28d675f8096708f727464d686c7,2feb60b66471f9985b3f06df1f360f34,5,Otimo,"Entregue antes do prazo previsto, embalado certinho.. Muito bom, estou satisfeito.",2018-06-21 00:00:00,2018-06-21 22:02:36,2018-06-05,2018-06-21 22:02:36.000000,2026-08-27T05:17:09.287600+00:00,D:/D drive recovery/Shiva JH/Projects/OneLake Medallion/data/landing/2018-06-05/order_reviews.parquet,2018-06-05
be9155faae3d9e61e3af472914dc0899,ec65679b4c5a964591180c6066177c5d,5,,,2018-06-10 00:00:00,2018-06-12 00:30:19,2018-06-05,2018-06-12 00:30:19.000000,2026-08-27T05:17:09.287600+00:00,D:/D drive recovery/Shiva JH/Projects/OneLake Medallion/data/landing/2018-06-05/order_reviews.parquet,2018-06-05
31d64cb6782dbd19682df0fea3c47eab,b2b22e6b8ad71ac3e8d2242b8f49c910,5,,,2018-06-12 00:00:00,2018-06-13 00:08:44,2018-06-05,2018-06-13 00:08:44.000000,2026-08-27T05:17:09.287600+00:00,D:/D drive recovery/Shiva JH/Projects/OneLake Medallion/data/landing/2018-06-05/order_reviews.parquet,2018-06-05
79678d87b1651d655eac974bd19f1050,4ee512b414a41f8ed0239751fc1d77bf,5,Boa ,,2018-06-14 00:00:00,2018-06-14 19:51:04,2018-06-05,2018-06-14 19:51:04.000000,2026-08-27T05:17:09.287600+00:00,D:/D drive recovery/Shiva JH/Projects/OneLake Medallion/data/landing/2018-06-05/order_reviews.parquet,2018-06-05
5a41d27bdd51e06007c9cc86c7ae7903,9979adea9a6e9beb05f965201bfe6e5b,5,super recomendo,"o produto chegou 20 dias antes do prazo
",2018-06-12 00:00:00,2018-06-13 16:22:34,2018-06-05,2018-06-13 16:22:34.000000,2026-08-27T05:17:09.287600+00:00,D:/D drive recovery/Shiva JH/Projects/OneLake Medallion/data/landing/2018-06-05/order_reviews.parquet,2018-06-05
54da200ef88ac1a6145d3f3302065f67,b97ba3fb5b212d01ef75f4f4131c1207,5,,,2018-06-20 00:00:00,2018-06-21 01:23:50,2018-06-17,2018-06-21 01:23:50.000000,2026-08-27T05:17:09.287600+00:00,D:/D drive recovery/Shiva JH/Projects/OneLake Medallion/data/landing/2018-06-17/order_reviews.parquet,2018-06-17
9dbc4fb2099b2adaf2d96c16e2f46256,9139babf733ce09659b1ed642a48d227,5,Altamente recomendável,Rapidez e bom preço,2018-06-22 00:00:00,2018-06-22 18:27:44,2018-06-17,2018-06-22 18:27:44.000000,2026-08-27T05:17:09.287600+00:00,D:/D drive recovery/Shiva JH/Projects/OneLake Medallion/data/landing/2018-06-17/order_reviews.parquet,2018-06-17
b4019206ede1b4b34013c9b4b12b63b9,0e9f9f05e9d249728b37d577ce0661da,5,,,2018-07-04 00:00:00,2018-07-04 22:04:59,2018-06-29,2018-07-04 22:04:59.000000,2026-08-27T05:17:09.287600+00:00,D:/D drive recovery/Shiva JH/Projects/OneLake Medallion/data/landing/2018-06-29/order_reviews.parquet,2018-06-29
8951e441128d4fe769c173e0c35c7efb,1e89e2312f1a1fd948c615602f200480,3,,O meu pedido foi para o correio e fui retirar e ja foi devolvido ...Por favor verificam pra mim,2018-07-25 00:00:00,2018-07-27 03:31:11,2018-06-29,2018-07-27 03:31:11.000000,2026-08-27T05:17:09.287600+00:00,D:/D drive recovery/Shiva JH/Projects/OneLake Medallion/data/landing/2018-06-29/order_reviews.parquet,2018-06-29
b80a1f90b5cfaa7c2c617eea805f4516,04221a4eb2e1a30903ffaaa72f8b268c,5,,,2018-07-06 00:00:00,2018-07-07 13:57:47,2018-06-29,2018-07-07 13:57:47.000000,2026-08-27T05:17:09.287600+00:00,D:/D drive recovery/Shiva JH/Projects/OneLake Medallion/data/landing/2018-06-29/order_reviews.parquet,2018-06-29
25766dbcf21d72eaa9300e8d0d49cde8,bf88003f2580db7589007ec44bc85695,5,,,2017-02-07 00:00:00,2017-02-10 11:07:12,2017-01-28,2017-02-10 11:07:12.000000,2026-08-27T05:17:09.287600+00:00,D:/D drive recovery/Shiva JH/Projects/OneLake Medallion/data/landing/2017-01-28/order_reviews.parquet,2017-01-28
135df63f4871bf893d89ca67df0f921c,0943d27820129d9446a32ca20cf9bee1,3,,,2017-02-16 00:00:00,2017-02-17 08:53:37,2017-02-09,2017-02-17 08:53:37.000000,2026-08-27T05:17:09.287600+00:00,D:/D drive recovery/Shiva JH/Projects/OneLake Medallion/data/landing/2017-02-09/order_reviews.parquet,2017-02-09
8f35d774f5e46ba68d94ad713db0f413,c4314d0c3517d1afc447262855bd2a08,4,,,2017-05-05 00:00:00,2017-05-07 15:27:22,2017-02-21,2017-05-07 15:27:22.000000,2026-08-27T05:17:09.287600+00:00,D:/D drive recovery/Shiva JH/Projects/OneLake Medallion/data/landing/2017-02-21/order_reviews.parquet,2017-02-21
f48a949fd7652d2457f2fcfb8b856c60,78b0df67ddee0b34012114100c7a549d,1,,,2017-03-11 00:00:00,2017-03-13 23:37:58,2017-03-05,2017-03-13 23:37:58.000000,2026-08-27T05:17:09.287600+00:00,D:/D drive recovery/Shiva JH/Projects/OneLake Medallion/data/landing/2017-03-05/order_reviews.parquet,2017-03-05
10f1bf802d508620001c474d1de2af55,ad63b1036f777673118b46ace8ac9a27,5,,"Vendedor correto e rápido. Envio perfeito e no prazo. Parabéns, recomendado.",2017-03-15 00:00:00,2017-03-17 14:29:15,2017-03-05,2017-03-17 14:29:15.000000,2026-08-27T05:17:09.287600+00:00,D:/D drive recovery/Shiva JH/Projects/OneLake Medallion/data/landing/2017-03-05/order_reviews.parquet,2017-03-05
4b6cf5ce92d18c635b3ce8d99acd4b34,cec8f5f7a13e5ab934a486ec9eb713c8,5,,ÓTIMA,2017-04-08 00:00:00,2017-04-10 12:16:38,2017-03-17,2017-04-10 12:16:38.000000,2026-08-27T05:17:09.287600+00:00,D:/D drive recovery/Shiva JH/Projects/OneLake Medallion/data/landing/2017-03-17/order_reviews.parquet,2017-03-17
5c3f2a94aa82a70fbd5a5efca8c6d9ec,09ae0443d05fc72908daed24036acb22,1,,"Apesar da entrega rápida, o produto é de má qualidade. Trata-se de um relógio 3em 1 (relógio, bússola e termômetro), mas a bússola não funciona...",2017-03-24 00:00:00,2017-03-27 12:53:07,2017-03-17,2017-03-27 12:53:07.000000,2026-08-27T05:17:09.287600+00:00,D:/D drive recovery/Shiva JH/Projects/OneLake Medallion/data/landing/2017-03-17/order_reviews.parquet,2017-03-17
f29e6d77fec6ddf0f64438efe2ceda49,d493b5c44e863b686314d9f5b6086c82,1,,Produto não chegou em minha residência ,2017-05-17 00:00:00,2017-05-17 10:05:16,2017-04-10,2017-05-17 10:05:16.000000,2026-08-27T05:17:09.287600+00:00,D:/D drive recovery/Shiva JH/Projects/OneLake Medallion/data/landing/2017-04-10/order_reviews.parquet,2017-04-10
ec35313af1594d609d01987e1e5770e3,b83a53aed7b1da149fe5272c3ea0a9da,2,,Caixa destruída e rasgo no assento ,2017-06-14 00:00:00,2017-06-17 20:09:31,2017-05-04,2017-06-17 20:09:31.000000,2026-08-27T05:17:09.287600+00:00,D:/D drive recovery/Shiva JH/Projects/OneLake Medallion/data/landing/2017-05-04/order_reviews.parquet,2017-05-04
ddacc3ef27deefcbf5c3d7565a1e6270,b21e6bcd5267e76e22e29c178d43aff5,5,,"Produto chegou no prazo, em perfeito estado. Recomendo!",2017-05-11 00:00:00,2017-05-12 05:53:07,2017-05-04,2017-05-12 05:53:07.000000,2026-08-27T05:17:09.287600+00:00,D:/D drive recovery/Shiva JH/Projects/OneLake Medallion/data/landing/2017-05-04/order_reviews.parquet,2017-05-04
912242ad50a3a83495aa5877fa8a5756,8fc027e2e96d738a4816f043f2c946ba,3,,,2017-06-02 00:00:00,2017-06-02 20:47:39,2017-05-04,2017-06-02 20:47:39.000000,2026-08-27T05:17:09.287600+00:00,D:/D drive recovery/Shiva JH/Projects/OneLake Medallion/data/landing/2017-05-04/order_reviews.parquet,2017-05-04
9c8e07c7d7c205cd9423b31598c939d9,3163a067949a10a752bec5cca69511b2,4,,,2017-05-21 00:00:00,2017-05-22 19:57:53,2017-05-04,2017-05-22 19:57:53.000000,2026-08-27T05:17:09.287600+00:00,D:/D drive recovery/Shiva JH/Projects/OneLake Medallion/data/landing/2017-05-04/order_reviews.parquet,2017-05-04
1d47087197efbee5273ac404dce54c49,af26a72d60cab61a090fbb420d4c6954,4,,,2017-05-24 00:00:00,2017-05-27 03:31:38,2017-05-16,2017-05-27 03:31:38.000000,2026-08-27T05:17:09.287600+00:00,D:/D drive recovery/Shiva JH/Projects/OneLake Medallion/data/landing/2017-05-16/order_reviews.parquet,2017-05-16
4b260124c37fa1631a516b19eeee2558,a1d50a1883814a31c8629adf354c1013,5,,,2017-05-23 00:00:00,2017-05-24 03:46:59,2017-05-16,2017-05-24 03:46:59.000000,2026-08-27T05:17:09.287600+00:00,D:/D drive recovery/Shiva JH/Projects/OneLake Medallion/data/landing/2017-05-16/order_reviews.parquet,2017-05-16
aee1caf0b806baa0e2f95325d29df253,6c2332524797ccf47797e85207250b4a,1,,"No anuncio diz que é isolado ,mas na verdade é 100% whey. Comprei enganado.!!!",2017-05-24 00:00:00,2017-05-25 11:04:22,2017-05-16,2017-05-25 11:04:22.000000,2026-08-27T05:17:09.287600+00:00,D:/D drive recovery/Shiva JH/Projects/OneLake Medallion/data/landing/2017-05-16/order_reviews.parquet,2017-05-16
26ee133126d04cf77e2b598c38a82ae9,362aa88dd1265e7b4ea491b5836fb5f6,1,,Na descrição dizia kit grupo shimano claris pois k7 veio san Reis e correte nem sei a marca cubos sabe Deus acho que é o mais vagabundo .,2017-05-30 00:00:00,2017-05-30 17:54:13,2017-05-16,2017-05-30 17:54:13.000000,2026-08-27T05:17:09.287600+00:00,D:/D drive recovery/Shiva JH/Projects/OneLake Medallion/data/landing/2017-05-16/order_reviews.parquet,2017-05-16
ea367d520c1e07a970c0452a97496afe,e6293b688f0d1387e634ae8841feca17,1,,Nao recebi um dos produtos. o pedido veio incompleto!,2017-05-27 00:00:00,2017-05-30 01:10:05,2017-05-16,2017-05-30 01:10:05.000000,2026-08-27T05:17:09.287600+00:00,D:/D drive recovery/Shiva JH/Projects/OneLake Medallion/data/landing/2017-05-16/order_reviews.parquet,2017-05-16
44d1e9165ec54b1d89d33594856af859,a1d50a1883814a31c8629adf354c1013,4,,,2017-05-24 00:00:00,2017-05-24 23:15:21,2017-05-16,2017-05-24 23:15:21.000000,2026-08-27T05:17:09.287600+00:00,D:/D drive recovery/Shiva JH/Projects/OneLake Medallion/data/landing/2017-05-16/order_reviews.parquet,2017-05-16
63401e3b4a27113df14673ae7925a261,c2c1d5e4d5168620dcd230dcc8f4130c,4,,"Ótimo atendimento, dentro do prazo.
Obrigado",2017-05-23 00:00:00,2017-05-27 12:48:16,2017-05-16,2017-05-27 12:48:16.000000,2026-08-27T05:17:09.287600+00:00,D:/D drive recovery/Shiva JH/Projects/OneLake Medallion/data/landing/2017-05-16/order_reviews.parquet,2017-05-16
2969f1a504f0e85e00a51c16ceb59ab5,135adf658da97bfb1a171f1cbe3e15c2,5,,Muito bom amei a omeleteira antiaderente ,2017-05-31 00:00:00,2017-05-31 23:20:09,2017-05-16,2017-05-31 23:20:09.000000,2026-08-27T05:17:09.287600+00:00,D:/D drive recovery/Shiva JH/Projects/OneLake Medallion/data/landing/2017-05-16/order_reviews.parquet,2017-05-16
126da370db6c75ab55d993662e98d0ea,3f6a663f694c4e450b66eb8ecbdf73a1,5,,,2017-06-02 00:00:00,2017-06-03 12:08:00,2017-05-28,2017-06-03 12:08:00.000000,2026-08-27T05:17:09.287600+00:00,D:/D drive recovery/Shiva JH/Projects/OneLake Medallion/data/landing/2017-05-28/order_reviews.parquet,2017-05-28
d02434f2a4626ad832af9be023580d17,d1bd65aed378a00706c69353b62cfa2b,5,,,2017-06-03 00:00:00,2017-06-04 00:40:53,2017-05-28,2017-06-04 00:40:53.000000,2026-08-27T05:17:09.287600+00:00,D:/D drive recovery/Shiva JH/Projects/OneLake Medallion/data/landing/2017-05-28/order_reviews.parquet,2017-05-28
7e1b4695796c1ce19c3299085297e9d3,45f515769238adec68b3ed763acbc3b2,5,,,2017-06-20 00:00:00,2017-06-21 01:10:08,2017-06-09,2017-06-21 01:10:08.000000,2026-08-27T05:17:09.287600+00:00,D:/D drive recovery/Shiva JH/Projects/OneLake Medallion/data/landing/2017-06-09/order_reviews.parquet,2017-06-09
5ad4323c774d87ef0f6f06fb985907fc,2e506fd7d44cb2a909964a9328d86e01,4,,,2017-07-11 00:00:00,2017-07-12 20:33:03,2017-07-03,2017-07-12 20:33:03.000000,2026-08-27T05:17:09.287600+00:00,D:/D drive recovery/Shiva JH/Projects/OneLake Medallion/data/landing/2017-07-03/order_reviews.parquet,2017-07-03
785a64e63e471915cda743da06d0a8e9,da4c436373694f136c48e1ead3632f06,5,,,2017-07-07 00:00:00,2017-07-08 00:11:55,2017-07-03,2017-07-08 00:11:55.000000,2026-08-27T05:17:09.287600+00:00,D:/D drive recovery/Shiva JH/Projects/OneLake Medallion/data/landing/2017-07-03/order_reviews.parquet,2017-07-03
f58340751e98f1f00c055fbafe30caac,ba05596e1b0875fac4abdf6a6d036743,5,,,2017-08-02 00:00:00,2017-08-04 22:28:15,2017-07-15,2017-08-04 22:28:15.000000,2026-08-27T05:17:09.287600+00:00,D:/D drive recovery/Shiva JH/Projects/OneLake Medallion/data/landing/2017-07-15/order_reviews.parquet,2017-07-15
13f29f2a6273e37f21c0a0b065f2a349,0dfd5d2f0b9f06775f9630defe80d510,4,,,2017-08-05 00:00:00,2017-08-06 11:25:13,2017-07-27,2017-08-06 11:25:13.000000,2026-08-27T05:17:09.287600+00:00,D:/D drive recovery/Shiva JH/Projects/OneLake Medallion/data/landing/2017-07-27/order_reviews.parquet,2017-07-27
4e6978c0a53b3b1e5be5ecc79e39e544,c770a2c821be1649e3bff529f0e97b7d,5,,,2017-08-02 00:00:00,2017-08-03 00:09:47,2017-07-27,2017-08-03 00:09:47.000000,2026-08-27T05:17:09.287600+00:00,D:/D drive recovery/Shiva JH/Projects/OneLake Medallion/data/landing/2017-07-27/order_reviews.parquet,2017-07-27
70bc6f748a6d59d66fc13f39a8ad8dfd,5e99406dbc4e63affa6367a3fd43c8af,5,,sem reclamações,2017-08-04 00:00:00,2017-08-07 12:32:29,2017-07-27,2017-08-07 12:32:29.000000,2026-08-27T05:17:09.287600+00:00,D:/D drive recovery/Shiva JH/Projects/OneLake Medallion/data/landing/2017-07-27/order_reviews.parquet,2017-07-27
16a26b8cbbe0f0f5cc3ea274299ffaa6,17c378811f6ab30e2c7d554f2d4fbd44,5,,,2017-08-30 00:00:00,2017-08-31 01:02:36,2017-07-27,2017-08-31 01:02:36.000000,2026-08-27T05:17:09.287600+00:00,D:/D drive recovery/Shiva JH/Projects/OneLake Medallion/data/landing/2017-07-27/order_reviews.parquet,2017-07-27
ae3f1e58153474fd2b9402fa3bf785c0,c80568cc3de3ee4efd40e9329b74b233,5,,,2017-08-10 00:00:00,2017-08-10 23:28:22,2017-07-27,2017-08-10 23:28:22.000000,2026-08-27T05:17:09.287600+00:00,D:/D drive recovery/Shiva JH/Projects/OneLake Medallion/data/landing/2017-07-27/order_reviews.parquet,2017-07-27
ce5cb137f0ed7bda7cd4c92424520889,d43f72571877365b197ee657196d8d30,3,,,2017-08-23 00:00:00,2017-08-23 23:34:05,2017-08-08,2017-08-23 23:34:05.000000,2026-08-27T05:17:09.287600+00:00,D:/D drive recovery/Shiva JH/Projects/OneLake Medallion/data/landing/2017-08-08/order_reviews.parquet,2017-08-08
a503cb18307d978b77b4f37b6cf65ec4,34797e815a679fdaea88d3aa30dbf46c,3,,"O tapete é fino, com qualidade razoável, condizente com o preço.",2017-08-19 00:00:00,2017-08-21 16:11:05,2017-08-08,2017-08-21 16:11:05.000000,2026-08-27T05:17:09.287600+00:00,D:/D drive recovery/Shiva JH/Projects/OneLake Medallion/data/landing/2017-08-08/order_reviews.parquet,2017-08-08
a2ab1a3ae39be45f3bc5d2878133dd6b,eec4cdb15e74c35073cc163bfd9fa2b2,5,,,2017-08-25 00:00:00,2017-08-28 01:38:01,2017-08-20,2017-08-28 01:38:01.000000,2026-08-27T05:17:09.287600+00:00,D:/D drive recovery/Shiva JH/Projects/OneLake Medallion/data/landing/2017-08-20/order_reviews.parquet,2017-08-20
4d47d981ed08a2b0e948675cd0f41c5a,3102ea2ab7ac2a1a88a1286fe68d8ed8,4,,"Como sempre prestando um excelente trabalho, e surpreendo cm a rapidez na entrega",2017-08-24 00:00:00,2017-08-25 08:48:07,2017-08-20,2017-08-25 08:48:07.000000,2026-08-27T05:17:09.287600+00:00,D:/D drive recovery/Shiva JH/Projects/OneLake Medallion/data/landing/2017-08-20/order_reviews.parquet,2017-08-20
1ae4c8e3bfb1ecf291da5ce6e3f0c708,5add03213ad417aab3988852ea890572,4,,,2017-09-12 00:00:00,2017-09-13 14:43:58,2017-09-01,2017-09-13 14:43:58.000000,2026-08-27T05:17:09.287600+00:00,D:/D drive recovery/Shiva JH/Projects/OneLake Medallion/data/landing/2017-09-01/order_reviews.parquet,2017-09-01
501080ee5530612c3d677c7683f8e960,bc4854efd86d9f42140c951c595d20c1,5,,Meu sobrinho adorou o presente!,2017-09-07 00:00:00,2017-09-08 22:54:24,2017-09-01,2017-09-08 22:54:24.000000,2026-08-27T05:17:09.287600+00:00,D:/D drive recovery/Shiva JH/Projects/OneLake Medallion/data/landing/2017-09-01/order_reviews.parquet,2017-09-01
9e98484625ab9d49072a184e72bcdb5b,028369515408fa864cfe50091d4e76c5,5,,,2017-09-13 00:00:00,2017-09-14 14:17:23,2017-09-01,2017-09-14 14:17:23.000000,2026-08-27T05:17:09.287600+00:00,D:/D drive recovery/Shiva JH/Projects/OneLake Medallion/data/landing/2017-09-01/order_reviews.parquet,2017-09-01
4ffb6bf138e553127c82883457119656,5a211401338dee5fa1388f6b4b70b456,5,,,2017-09-14 00:00:00,2017-09-19 01:39:13,2017-09-01,2017-09-19 01:39:13.000000,2026-08-27T05:17:09.287600+00:00,D:/D drive recovery/Shiva JH/Projects/OneLake Medallion/data/landing/2017-09-01/order_reviews.parquet,2017-09-01
7b34f56de47413a83e5f24a4110880a2,12d9723638a09350ec19ea8d66073249,4,,,2017-09-12 00:00:00,2017-09-13 02:13:46,2017-09-01,2017-09-13 02:13:46.000000,2026-08-27T05:17:09.287600+00:00,D:/D drive recovery/Shiva JH/Projects/OneLake Medallion/data/landing/2017-09-01/order_reviews.parquet,2017-09-01
02c96d8d6734cc1422ec6ef7464ae448,1fab4ac9d85079b3da72a11475ae1685,5,,,2017-09-09 00:00:00,2017-09-12 00:59:18,2017-09-01,2017-09-12 00:59:18.000000,2026-08-27T05:17:09.287600+00:00,D:/D drive recovery/Shiva JH/Projects/OneLake Medallion/data/landing/2017-09-01/order_reviews.parquet,2017-09-01
74010c1b229e6e2fd80a28951808d69c,30afa4792f6e5ee287ff87fa649e56f9,5,,,2017-09-07 00:00:00,2017-09-08 12:19:14,2017-09-01,2017-09-08 12:19:14.000000,2026-08-27T05:17:09.287600+00:00,D:/D drive recovery/Shiva JH/Projects/OneLake Medallion/data/landing/2017-09-01/order_reviews.parquet,2017-09-01
f3ffaddec4f8079d58b476a5c878455f,33b50846ef5349564b8be2af1d6000aa,1,,"Deveria entregar na minha residência como no combinado na hora da compra,
Mais infelizmente eles enganam o povo e temos que perder uma hora de trabalho para ir retirar mercadoria na Ag dos correios..",2017-09-27 00:00:00,2017-09-28 12:14:17,2017-09-13,2017-09-28 12:14:17.000000,2026-08-27T05:17:09.287600+00:00,D:/D drive recovery/Shiva JH/Projects/OneLake Medallion/data/landing/2017-09-13/order_reviews.parquet,2017-09-13
1daaeb71a17c6a769276e9f1f0db339c,d621888cede8755cd9ddc50a33e1b398,1,,,2017-09-22 00:00:00,2017-09-23 10:58:59,2017-09-13,2017-09-23 10:58:59.000000,2026-08-27T05:17:09.287600+00:00,D:/D drive recovery/Shiva JH/Projects/OneLake Medallion/data/landing/2017-09-13/order_reviews.parquet,2017-09-13
2227b9ba156c7032a4fe30bef7be72fd,47531efe4ed25555eba8637f9f6dc6ee,3,,,2017-09-27 00:00:00,2017-09-30 17:23:35,2017-09-13,2017-09-30 17:23:35.000000,2026-08-27T05:17:09.287600+00:00,D:/D drive recovery/Shiva JH/Projects/OneLake Medallion/data/landing/2017-09-13/order_reviews.parquet,2017-09-13
cc3131420fc4ad3a0cd49b2bddb483ee,18517c2680695f31500ceb6b1840b8e4,5,,,2017-10-12 00:00:00,2017-10-16 23:41:30,2017-09-25,2017-10-16 23:41:30.000000,2026-08-27T05:17:09.287600+00:00,D:/D drive recovery/Shiva JH/Projects/OneLake Medallion/data/landing/2017-09-25/order_reviews.parquet,2017-09-25
0b5c4b8efb01896ec133e5e8239d09db,d2d141fcfa835ec7db744de7b57de03c,3,,Frete caro,2017-09-30 00:00:00,2017-10-02 16:05:10,2017-09-25,2017-10-02 16:05:10.000000,2026-08-27T05:17:09.287600+00:00,D:/D drive recovery/Shiva JH/Projects/OneLake Medallion/data/landing/2017-09-25/order_reviews.parquet,2017-09-25
fdd19811489f329495e231967989a5db,449e7790774601c0b03963b03aa6b193,5,,,2017-10-12 00:00:00,2017-10-17 15:26:13,2017-09-25,2017-10-17 15:26:13.000000,2026-08-27T05:17:09.287600+00:00,D:/D drive recovery/Shiva JH/Projects/OneLake Medallion/data/landing/2017-09-25/order_reviews.parquet,2017-09-25
cae8651bc963bd5d2cd382b4a5db11cb,535b29494ee7ee79968ec7d9f42b3e23,4,,,2017-10-07 00:00:00,2017-10-08 11:58:19,2017-09-25,2017-10-08 11:58:19.000000,2026-08-27T05:17:09.287600+00:00,D:/D drive recovery/Shiva JH/Projects/OneLake Medallion/data/landing/2017-09-25/order_reviews.parquet,2017-09-25
6de29bcd3fe5fedf40ffcc9e33585f2f,5c347356bed376c15129f3ab48c5dcdb,5,,Gostei muito bom,2017-10-12 00:00:00,2017-10-12 22:32:12,2017-10-07,2017-10-12 22:32:12.000000,2026-08-27T05:17:09.287600+00:00,D:/D drive recovery/Shiva JH/Projects/OneLake Medallion/data/landing/2017-10-07/order_reviews.parquet,2017-10-07
b85581528ab90e18f71b5f54c56d7ed1,4be3435a18d709c7bec9b8d5651088b4,2,,"Ate a presente data o produto não foi entregue. Outros produtos que foram comprados juntos, no mesma data, já foram recebidos.",2017-10-28 00:00:00,2017-10-29 11:04:54,2017-10-07,2017-10-29 11:04:54.000000,2026-08-27T05:17:09.287600+00:00,D:/D drive recovery/Shiva JH/Projects/OneLake Medallion/data/landing/2017-10-07/order_reviews.parquet,2017-10-07
4c0130f8c0577c9c4ce71bb235948639,7bb5a7e4263888da1c8db8cbdc6330c5,5,,,2017-10-25 00:00:00,2017-10-25 18:00:30,2017-10-19,2017-10-25 18:00:30.000000,2026-08-27T05:17:09.287600+00:00,D:/D drive recovery/Shiva JH/Projects/OneLake Medallion/data/landing/2017-10-19/order_reviews.parquet,2017-10-19
8f6655fc4e3a6175a53fe8dc4ec0dc7e,957dd53876f89c2fcc4d8448da116430,4,,,2017-10-31 00:00:00,2018-01-29 14:54:42,2017-10-19,2018-01-29 14:54:42.000000,2026-08-27T05:17:09.287600+00:00,D:/D drive recovery/Shiva JH/Projects/OneLake Medallion/data/landing/2017-10-19/order_reviews.parquet,2017-10-19
1e26ba1ee1b67a1efba82744dd049d83,8cf0fd0e7dc9c106fa1f09ba6bce7626,5,,TUDO CONFORME PEDIDO. BOM VENDEDOR.,2017-11-24 00:00:00,2017-11-24 12:09:25,2017-10-31,2017-11-24 12:09:25.000000,2026-08-27T05:17:09.287600+00:00,D:/D drive recovery/Shiva JH/Projects/OneLake Medallion/data/landing/2017-10-31/order_reviews.parquet,2017-10-31
27dcd226bf40307e2c3dd7dff805e497,483c0f7f44eec6fd0fbd90914d187226,4,,,2017-11-22 00:00:00,2017-12-04 19:12:54,2017-10-31,2017-12-04 19:12:54.000000,2026-08-27T05:17:09.287600+00:00,D:/D drive recovery/Shiva JH/Projects/OneLake Medallion/data/landing/2017-10-31/order_reviews.parquet,2017-10-31
9f5600c5ab1457f1ec08b2ea6720cf49,952da942e2586c7131de1381aba049a3,1,,entrega muito atrasada.,2017-11-18 00:00:00,2017-11-18 16:40:47,2017-10-31,2017-11-18 16:40:47.000000,2026-08-27T05:17:09.287600+00:00,D:/D drive recovery/Shiva JH/Projects/OneLake Medallion/data/landing/2017-10-31/order_reviews.parquet,2017-10-31
cfdf4985d57615143f120e83431f493f,8747a928f786c8b31e0afb1b815886bc,4,,"o produto é otimo, lindo do jeito que esta na foto ,a unica questao que deve foi q o produto deu com entregue no site e, só chegou depois de 5 dias ..",2017-12-06 00:00:00,2017-12-12 18:46:29,2017-11-12,2017-12-12 18:46:29.000000,2026-08-27T05:17:09.287600+00:00,D:/D drive recovery/Shiva JH/Projects/OneLake Medallion/data/landing/2017-11-12/order_reviews.parquet,2017-11-12
d9b68452ae2257f6f6eace1066ecf105,1093494b7fa933fd10ddc38171db9e58,5,,,2017-11-23 00:00:00,2017-11-24 00:27:12,2017-11-12,2017-11-24 00:27:12.000000,2026-08-27T05:17:09.287600+00:00,D:/D drive recovery/Shiva JH/Projects/OneLake Medallion/data/landing/2017-11-12/order_reviews.parquet,2017-11-12
a4fc4677ae081564a29f815be9fe978b,a2f7984f0b3604184f39c1d5a93813fb,5,,,2017-11-23 00:00:00,2017-12-05 15:34:32,2017-11-12,2017-12-05 15:34:32.000000,2026-08-27T05:17:09.287600+00:00,D:/D drive recovery/Shiva JH/Projects/OneLake Medallion/data/landing/2017-11-12/order_reviews.parquet,2017-11-12
64581ce2496145f34a9c56847bba8a2a,7cd15a71ceaf712ec5e134996f2f8586,5,,,2017-11-21 00:00:00,2017-11-21 23:46:50,2017-11-12,2017-11-21 23:46:50.000000,2026-08-27T05:17:09.287600+00:00,D:/D drive recovery/Shiva JH/Projects/OneLake Medallion/data/landing/2017-11-12/order_reviews.parquet,2017-11-12
24f548221d0d85043fe201d409b7c8e5,d37320918ed46f4cd29a218da930fb0c,5,,,2017-12-03 00:00:00,2017-12-18 15:59:21,2017-11-24,2017-12-18 15:59:21.000000,2026-08-27T05:17:09.287600+00:00,D:/D drive recovery/Shiva JH/Projects/OneLake Medallion/data/landing/2017-11-24/order_reviews.parquet,2017-11-24
1c40e29290a1f02915bf8a05196da48c,08ea06da9974b971f8fad4929380e24b,5,,,2017-12-14 00:00:00,2017-12-16 21:02:57,2017-11-24,2017-12-16 21:02:57.000000,2026-08-27T05:17:09.287600+00:00,D:/D drive recovery/Shiva JH/Projects/OneLake Medallion/data/landing/2017-11-24/order_reviews.parquet,2017-11-24
f2ef17ea539f3da77a01144db79e3d0b,394ff86ee81814bb5f88c7e8ad2812b3,5,,A compra foi feita e entregue no prazo. Recomendo a loja e o site da lannister.,2017-11-30 00:00:00,2017-11-30 15:25:36,2017-11-24,2017-11-30 15:25:36.000000,2026-08-27T05:17:09.287600+00:00,D:/D drive recovery/Shiva JH/Projects/OneLake Medallion/data/landing/2017-11-24/order_reviews.parquet,2017-11-24
074f86ba25fd25ebdaaa25d680ce3d2a,4b268b926cd4a679fd237d8cffb79e20,5,,,2017-12-14 00:00:00,2017-12-18 16:30:11,2017-11-24,2017-12-18 16:30:11.000000,2026-08-27T05:17:09.287600+00:00,D:/D drive recovery/Shiva JH/Projects/OneLake Medallion/data/landing/2017-11-24/order_reviews.parquet,2017-11-24
977d842e45f211b86689307ae6f2972e,6c8221844e21df82eaa09b45f2ca47b7,5,,,2017-12-09 00:00:00,2017-12-09 22:58:12,2017-11-24,2017-12-09 22:58:12.000000,2026-08-27T05:17:09.287600+00:00,D:/D drive recovery/Shiva JH/Projects/OneLake Medallion/data/landing/2017-11-24/order_reviews.parquet,2017-11-24
a8b63e1292141b8158d2f87355b15686,e0043b9e113bdc5f84b14893d62e00ac,5,,,2017-12-01 00:00:00,2017-12-04 00:13:56,2017-11-24,2017-12-04 00:13:56.000000,2026-08-27T05:17:09.287600+00:00,D:/D drive recovery/Shiva JH/Projects/OneLake Medallion/data/landing/2017-11-24/order_reviews.parquet,2017-11-24
9f9d8b527b8c79f1231b326b7f772398,6c690f3acecd6d2c000b1a67a1a699c3,1,,Ainda nao recebi meu produto,2017-12-22 00:00:00,2017-12-24 20:37:19,2017-11-24,2017-12-24 20:37:19.000000,2026-08-27T05:17:09.287600+00:00,D:/D drive recovery/Shiva JH/Projects/OneLake Medallion/data/landing/2017-11-24/order_reviews.parquet,2017-11-24
42d76ab26ee1a346ed43093c9f2b4496,b6a5d12becb37fd570472afa5a0daaba,5,,,2017-12-12 00:00:00,2017-12-13 16:15:59,2017-11-24,2017-12-13 16:15:59.000000,2026-08-27T05:17:09.287600+00:00,D:/D drive recovery/Shiva JH/Projects/OneLake Medallion/data/landing/2017-11-24/order_reviews.parquet,2017-11-24
e274ddbb3bc6cce5e578d2b3e0826f71,5414180e118bc59734a59e7759b1c8af,5,,Pedido conforme solicitado. Chegou antes do prazo. Ainda não testei . ,2017-12-05 00:00:00,2017-12-06 14:25:55,2017-11-24,2017-12-06 14:25:55.000000,2026-08-27T05:17:09.287600+00:00,D:/D drive recovery/Shiva JH/Projects/OneLake Medallion/data/landing/2017-11-24/order_reviews.parquet,2017-11-24
1169bc9ba51fcee0bb2a8773596a8037,52e5445828db681d83dccb33a15ecac4,3,,O prazo para entrega é muito longo.,2017-12-20 00:00:00,2018-01-22 13:15:19,2017-11-24,2018-01-22 13:15:19.000000,2026-08-27T05:17:09.287600+00:00,D:/D drive recovery/Shiva JH/Projects/OneLake Medallion/data/landing/2017-11-24/order_reviews.parquet,2017-11-24
20860ca8afb68621a9d7382fcf5dd16c,ee0ad0da72450479a221d3130c63afd1,5,,,2017-12-21 00:00:00,2017-12-23 13:51:23,2017-11-24,2017-12-23 13:51:23.000000,2026-08-27T05:17:09.287600+00:00,D:/D drive recovery/Shiva JH/Projects/OneLake Medallion/data/landing/2017-11-24/order_reviews.parquet,2017-11-24
6d404309850cc7da65029d59abeaa596,4bea538b29c975028b7af11cf3bf97f1,5,,,2017-12-10 00:00:00,2017-12-11 14:34:19,2017-11-24,2017-12-11 14:34:19.000000,2026-08-27T05:17:09.287600+00:00,D:/D drive recovery/Shiva JH/Projects/OneLake Medallion/data/landing/2017-11-24/order_reviews.parquet,2017-11-24
a2ee73ad4475687f9797bbcdd06733f4,65b93b14fb25e2776692abdbd64a44f7,5,,No mercado existe oferta do mesmo produto com preços bem mais em conta.,2017-12-09 00:00:00,2017-12-10 14:55:06,2017-11-24,2017-12-10 14:55:06.000000,2026-08-27T05:17:09.287600+00:00,D:/D drive recovery/Shiva JH/Projects/OneLake Medallion/data/landing/2017-11-24/order_reviews.parquet,2017-11-24
418221e83af613d71525282aa3c5073e,75681e645ebf121d79cde28849994e7c,1,,Não recomendo essa loja pra ninguém comprar porque não fiquei sartifeito com uma compra que fiz,2017-12-05 00:00:00,2017-12-08 00:07:39,2017-11-24,2017-12-08 00:07:39.000000,2026-08-27T05:17:09.287600+00:00,D:/D drive recovery/Shiva JH/Projects/OneLake Medallion/data/landing/2017-11-24/order_reviews.parquet,2017-11-24
a54035ea12126417d1ac4b0db7af2b10,96eb7f709abac11cbb2502c63d8c1ae6,5,,,2017-12-09 00:00:00,2017-12-09 08:31:16,2017-11-24,2017-12-09 08:31:16.000000,2026-08-27T05:17:09.287600+00:00,D:/D drive recovery/Shiva JH/Projects/OneLake Medallion/data/landing/2017-11-24/order_reviews.parquet,2017-11-24
c0a0b063ce8ba4a27b35b8e60a3cef1d,3355c17e0d48695739874417b6d421b3,4,,,2017-12-02 00:00:00,2017-12-02 22:51:20,2017-11-24,2017-12-02 22:51:20.000000,2026-08-27T05:17:09.287600+00:00,D:/D drive recovery/Shiva JH/Projects/OneLake Medallion/data/landing/2017-11-24/order_reviews.parquet,2017-11-24
b99d39e19fa92dcdba81b946cf93be3a,1a75ed2e9cc04b329fbbf472ea0ea100,5,,,2017-12-10 00:00:00,2017-12-10 20:26:00,2017-11-24,2017-12-10 20:26:00.000000,2026-08-27T05:17:09.287600+00:00,D:/D drive recovery/Shiva JH/Projects/OneLake Medallion/data/landing/2017-11-24/order_reviews.parquet,2017-11-24
8944fb234be40c2ea3bac77b41a40be6,404ae63d165e7de5dd0bade9787b50c0,5,,"Estou muito satisfeito com a compra. Produto de excelente qualidade, chegou antes do prazo !!! Podem comprar com tranquilidade. Parabéns Lojas lannister pela competência, agilidade, honestidade.",2017-12-05 00:00:00,2017-12-05 16:52:47,2017-11-24,2017-12-05 16:52:47.000000,2026-08-27T05:17:09.287600+00:00,D:/D drive recovery/Shiva JH/Projects/OneLake Medallion/data/landing/2017-11-24/order_reviews.parquet,2017-11-24
6e87c7eedc83cced4c3d441add3a2066,16e6eb900110dfb1f423bfc65820ff87,5,,,2017-12-08 00:00:00,2017-12-11 11:09:08,2017-11-24,2017-12-11 11:09:08.000000,2026-08-27T05:17:09.287600+00:00,D:/D drive recovery/Shiva JH/Projects/OneLake Medallion/data/landing/2017-11-24/order_reviews.parquet,2017-11-24
19847386b15f34cd99bec6eaa2c62558,c642d222512a5f6e0b07d52ae97e8e68,3,,,2017-12-13 00:00:00,2017-12-14 18:53:04,2017-11-24,2017-12-14 18:53:04.000000,2026-08-27T05:17:09.287600+00:00,D:/D drive recovery/Shiva JH/Projects/OneLake Medallion/data/landing/2017-11-24/order_reviews.parquet,2017-11-24
056ff087f8e5fe614bc6cce3caa0c480,fd9ec02005605e0b338a29e03bc6eb30,5,,O produto chegou muito antes do prazo e veio em ótimas condições!,2017-12-01 00:00:00,2017-12-01 17:20:55,2017-11-24,2017-12-01 17:20:55.000000,2026-08-27T05:17:09.287600+00:00,D:/D drive recovery/Shiva JH/Projects/OneLake Medallion/data/landing/2017-11-24/order_reviews.parquet,2017-11-24
3e33eee1e8cd67541aec8fbd66a0f6d8,00275bce676303c3bfd7292aefdfa223,5,,"Muito bom, so não testei ainda o produto mas super recomendo",2017-12-05 00:00:00,2017-12-05 23:23:00,2017-11-24,2017-12-05 23:23:00.000000,2026-08-27T05:17:09.287600+00:00,D:/D drive recovery/Shiva JH/Projects/OneLake Medallion/data/landing/2017-11-24/order_reviews.parquet,2017-11-24
f90a1198666c8652cb446c44d716821e,d3cef289324500ecc29f7f0697299919,5,,,2017-12-06 00:00:00,2017-12-06 20:11:40,2017-11-24,2017-12-06 20:11:40.000000,2026-08-27T05:17:09.287600+00:00,D:/D drive recovery/Shiva JH/Projects/OneLake Medallion/data/landing/2017-11-24/order_reviews.parquet,2017-11-24
a068040054c83807053a4648acb73f8d,9d3bb95e31653d7f709918f0979f6d5a,5,,,2017-12-04 00:00:00,2017-12-06 12:50:26,2017-11-24,2017-12-06 12:50:26.000000,2026-08-27T05:17:09.287600+00:00,D:/D drive recovery/Shiva JH/Projects/OneLake Medallion/data/landing/2017-11-24/order_reviews.parquet,2017-11-24
ef21e22eacabf844f9676d90e0b1733d,c6318a262b5020f830c5355ef73f09be,5,,,2017-12-12 00:00:00,2017-12-15 00:24:34,2017-11-24,2017-12-15 00:24:34.000000,2026-08-27T05:17:09.287600+00:00,D:/D drive recovery/Shiva JH/Projects/OneLake Medallion/data/landing/2017-11-24/order_reviews.parquet,2017-11-24
8176e8dd1d7df9a91e00007557eba356,11642e99761a28ab38643f6a876f4e9b,4,,,2017-12-21 00:00:00,2017-12-23 15:10:31,2017-12-06,2017-12-23 15:10:31.000000,2026-08-27T05:17:09.287600+00:00,D:/D drive recovery/Shiva JH/Projects/OneLake Medallion/data/landing/2017-12-06/order_reviews.parquet,2017-12-06
6b623a288f06c0cfdc6e8a0ac73ade89,9526afac09af0c00e87b74eb7290b6ec,3,,,2017-12-19 00:00:00,2018-01-03 12:05:48,2017-12-06,2018-01-03 12:05:48.000000,2026-08-27T05:17:09.287600+00:00,D:/D drive recovery/Shiva JH/Projects/OneLake Medallion/data/landing/2017-12-06/order_reviews.parquet,2017-12-06
7ce31af2616bcf922d89adb063b33987,12841a11f62453c88f68ee1f7cb45c47,5,,,2017-12-20 00:00:00,2017-12-21 10:23:42,2017-12-06,2017-12-21 10:23:42.000000,2026-08-27T05:17:09.287600+00:00,D:/D drive recovery/Shiva JH/Projects/OneLake Medallion/data/landing/2017-12-06/order_reviews.parquet,2017-12-06
df3f96e7ea82d817e16bef8ec9641c0c,ddd05ce5cf8b84ccf7f200b027c7753f,5,,,2017-12-23 00:00:00,2017-12-26 10:04:50,2017-12-18,2017-12-26 10:04:50.000000,2026-08-27T05:17:09.287600+00:00,D:/D drive recovery/Shiva JH/Projects/OneLake Medallion/data/landing/2017-12-18/order_reviews.parquet,2017-12-18
2958840453b63101bb3ac7d4f2e33d54,8ae7bca1e289e5b580b39a20f9454900,1,,,2018-01-18 00:00:00,2018-01-19 14:41:12,2017-12-18,2018-01-19 14:41:12.000000,2026-08-27T05:17:09.287600+00:00,D:/D drive recovery/Shiva JH/Projects/OneLake Medallion/data/landing/2017-12-18/order_reviews.parquet,2017-12-18
cbccabb9e42a90df1663bc72db10d3c8,a53622dd658d57199cd7a1e677564385,5,,Fiz uma ótima compra,2018-01-05 00:00:00,2018-01-06 19:21:56,2017-12-18,2018-01-06 19:21:56.000000,2026-08-27T05:17:09.287600+00:00,D:/D drive recovery/Shiva JH/Projects/OneLake Medallion/data/landing/2017-12-18/order_reviews.parquet,2017-12-18
9847e626f35fc2ec1742f843a9fa748e,962938a0eb303d087976fbcbe632723a,4,,,2018-01-10 00:00:00,2018-01-11 12:52:49,2017-12-18,2018-01-11 12:52:49.000000,2026-08-27T05:17:09.287600+00:00,D:/D drive recovery/Shiva JH/Projects/OneLake Medallion/data/landing/2017-12-18/order_reviews.parquet,2017-12-18
89d28f0a0ee76674699d1b7de657ab01,a3d3f48cf45e81344a235255f2dd9010,5,,Só a cor que queria lilás e veio rosa.,2018-01-10 00:00:00,2018-01-11 00:20:48,2017-12-18,2018-01-11 00:20:48.000000,2026-08-27T05:17:09.287600+00:00,D:/D drive recovery/Shiva JH/Projects/OneLake Medallion/data/landing/2017-12-18/order_reviews.parquet,2017-12-18
afcd6f7bcf425a6d5e4c42ef080c72e6,46e0dd5cd4dd2530f0e9563886d82e09,3,,"O produto foi entregue, porém a pelicula do celular veio no tamanho incorreto, impedindo o uso.
Ou seja, usei apenas a capinha, paguei total de 100% para usar 50%.",2017-12-21 00:00:00,2017-12-22 14:29:10,2017-12-18,2017-12-22 14:29:10.000000,2026-08-27T05:17:09.287600+00:00,D:/D drive recovery/Shiva JH/Projects/OneLake Medallion/data/landing/2017-12-18/order_reviews.parquet,2017-12-18
b3655e16c359dd1122f9d9fa91a7739e,885d5da568caf7ca9663ddedff5a5aaa,5,,,2018-01-17 00:00:00,2018-01-18 02:15:25,2017-12-30,2018-01-18 02:15:25.000000,2026-08-27T05:17:09.287600+00:00,D:/D drive recovery/Shiva JH/Projects/OneLake Medallion/data/landing/2017-12-30/order_reviews.parquet,2017-12-30
c6b281c6e0f8c129be95178a7881acf7,3f220b15c7ba9352cf87f6c869c55314,4,,,2018-01-30 00:00:00,2018-02-01 16:18:13,2018-01-11,2018-02-01 16:18:13.000000,2026-08-27T05:17:09.287600+00:00,D:/D drive recovery/Shiva JH/Projects/OneLake Medallion/data/landing/2018-01-11/order_reviews.parquet,2018-01-11
0c615a5ae23e4c64c5584900009dc1ad,89b8ad4ff7b96f3b514eb7d8c71d771c,5,,Entregue no prazo .,2018-02-01 00:00:00,2018-02-04 22:11:22,2018-01-11,2018-02-04 22:11:22.000000,2026-08-27T05:17:09.287600+00:00,D:/D drive recovery/Shiva JH/Projects/OneLake Medallion/data/landing/2018-01-11/order_reviews.parquet,2018-01-11
b754b29e13ab35305636bca5fc2781e8,ad2650f8f266036c200a50ceb506a8c6,5,,,2018-01-24 00:00:00,2018-01-26 15:13:43,2018-01-11,2018-01-26 15:13:43.000000,2026-08-27T05:17:09.287600+00:00,D:/D drive recovery/Shiva JH/Projects/OneLake Medallion/data/landing/2018-01-11/order_reviews.parquet,2018-01-11
5719c40d3c6471d615af26b797edba5d,1e648b21368a3ed91634edf2b262d33c,5,,,2018-01-17 00:00:00,2018-01-24 20:48:43,2018-01-11,2018-01-24 20:48:43.000000,2026-08-27T05:17:09.287600+00:00,D:/D drive recovery/Shiva JH/Projects/OneLake Medallion/data/landing/2018-01-11/order_reviews.parquet,2018-01-11
8b469d41800a49a7d82f6c95f6b238fb,4bfddd9392014699ab2cbae22a27a574,5,,"Ajudou a solucionar um erro do comprador, muito atencioso",2018-02-09 00:00:00,2018-03-06 12:22:13,2018-01-23,2018-03-06 12:22:13.000000,2026-08-27T05:17:09.287600+00:00,D:/D drive recovery/Shiva JH/Projects/OneLake Medallion/data/landing/2018-01-23/order_reviews.parquet,2018-01-23
fe5c833752953fed3209646f1f63b53c,d3775e436e60258e62e678a0f68a0f8d,1,,"Comprei dois produtos e ambos, mesmo enviados em dias diferentes, estão como em ""dificuldade na entrega"" segundo o rastreamento dos Correios. O que nunca me aconteceu antes.",2018-02-28 00:00:00,2018-02-28 13:57:52,2018-01-23,2018-02-28 13:57:52.000000,2026-08-27T05:17:09.287600+00:00,D:/D drive recovery/Shiva JH/Projects/OneLake Medallion/data/landing/2018-01-23/order_reviews.parquet,2018-01-23
37ca892ffbcb782b8c6523d463371fdd,6e49598a67a4161d3fe1299418fe5d43,5,,,2018-02-18 00:00:00,2018-02-20 11:17:24,2018-01-23,2018-02-20 11:17:24.000000,2026-08-27T05:17:09.287600+00:00,D:/D drive recovery/Shiva JH/Projects/OneLake Medallion/data/landing/2018-01-23/order_reviews.parquet,2018-01-23
55baf197a9760a5a0ce539351a3ec433,2a430c80705b17c17f1e9e5b138e52d5,5,,,2018-03-15 00:00:00,2018-03-17 23:49:54,2018-02-04,2018-03-17 23:49:54.000000,2026-08-27T05:17:09.287600+00:00,D:/D drive recovery/Shiva JH/Projects/OneLake Medallion/data/landing/2018-02-04/order_reviews.parquet,2018-02-04
63ff31b1b2302a7fdf22ac553514e0ac,f896589d5423240044b0425caf71bc96,5,,"Apesar do atraso, recomendo sim.",2018-02-28 00:00:00,2018-02-28 20:05:21,2018-02-04,2018-02-28 20:05:21.000000,2026-08-27T05:17:09.287600+00:00,D:/D drive recovery/Shiva JH/Projects/OneLake Medallion/data/landing/2018-02-04/order_reviews.parquet,2018-02-04
7712df4e2a6b7c043cb0658a15a01e0a,cdeec5de39a62045ad7edd0f00cc8858,1,,"Comprei por volta de 20/02/2018 e até agora (22/03) o produto não foi entregue. E sequer pode ser culpa apenas dos Correios, já que foi postado apenas na semana passada!",2018-03-16 00:00:00,2018-03-22 12:04:46,2018-02-16,2018-03-22 12:04:46.000000,2026-08-27T05:17:09.287600+00:00,D:/D drive recovery/Shiva JH/Projects/OneLake Medallion/data/landing/2018-02-16/order_reviews.parquet,2018-02-16
1fe8101413459da070928e996123ddf9,d5f1b4c2e52be04dafb9cdacb1b86921,1,,"comprei uma bateria 12v xb 1270 e recebi uma xb 12AL, de amperagem menor que a efetivamente comprada.",2018-02-27 00:00:00,2018-02-28 00:02:15,2018-02-16,2018-02-28 00:02:15.000000,2026-08-27T05:17:09.287600+00:00,D:/D drive recovery/Shiva JH/Projects/OneLake Medallion/data/landing/2018-02-16/order_reviews.parquet,2018-02-16
c904f274e6aee6e13fa5f635c0d79d9a,30123d8900ab69af8d7017c4e66ea57e,5,,"Otimo produto, loja cumpriu com todos os prazos
Super recomendo loja e produto",2018-03-10 00:00:00,2018-03-12 20:12:01,2018-02-16,2018-03-12 20:12:01.000000,2026-08-27T05:17:09.287600+00:00,D:/D drive recovery/Shiva JH/Projects/OneLake Medallion/data/landing/2018-02-16/order_reviews.parquet,2018-02-16
e320cdd9113f16bee04fe740cc34fccc,8180b588f7239fba96aeaa6985040c1a,5,,,2018-02-27 00:00:00,2018-02-27 22:43:06,2018-02-16,2018-02-27 22:43:06.000000,2026-08-27T05:17:09.287600+00:00,D:/D drive recovery/Shiva JH/Projects/OneLake Medallion/data/landing/2018-02-16/order_reviews.parquet,2018-02-16
c10dc3303dbec37e9da26a563b42b259,f42afa7297d7d5f4c540fd31c4196821,5,,"Cortina como eu esperava, acabamento bonito. Atendei minhas expectativas. ",2018-03-08 00:00:00,2018-03-09 11:58:54,2018-02-16,2018-03-09 11:58:54.000000,2026-08-27T05:17:09.287600+00:00,D:/D drive recovery/Shiva JH/Projects/OneLake Medallion/data/landing/2018-02-16/order_reviews.parquet,2018-02-16
830cc72c5691e78c2cde500865e21e65,6ce409ae9fc35c1c78c3190b660a23b4,5,,"recebi o produto dentro do prazo informado, ainda não utilizei.",2018-03-24 00:00:00,2018-03-27 12:24:58,2018-02-28,2018-03-27 12:24:58.000000,2026-08-27T05:17:09.287600+00:00,D:/D drive recovery/Shiva JH/Projects/OneLake Medallion/data/landing/2018-02-28/order_reviews.parquet,2018-02-28
686823494fda1dca78aaffd12df409d3,ed4e8b0a842c00f7ff68654911fbea63,5,,,2018-03-21 00:00:00,2018-03-22 04:02:43,2018-02-28,2018-03-22 04:02:43.000000,2026-08-27T05:17:09.287600+00:00,D:/D drive recovery/Shiva JH/Projects/OneLake Medallion/data/landing/2018-02-28/order_reviews.parquet,2018-02-28
78bce65a726daa67046650d4b35a9a4e,8e3ab8811f9c3a04413aa4e14f84b872,1,,Meu produto não chegou ,2018-03-28 00:00:00,2018-04-03 14:01:52,2018-02-28,2018-04-03 14:01:52.000000,2026-08-27T05:17:09.287600+00:00,D:/D drive recovery/Shiva JH/Projects/OneLake Medallion/data/landing/2018-02-28/order_reviews.parquet,2018-02-28
251571af902e3c4c70e61961e01b026d,e914e961033af34e2fc13b3b0d698a94,3,,"Caso precise levar algo mais pesado, como latas ou vasilhas mais cheias é ruim. O cooler tem a alça costurada na aba do velcro, se o alimento/bebida foi mais pesado (500g) a alça puxa a aba e abre.",2018-03-15 00:00:00,2018-03-15 11:33:12,2018-02-28,2018-03-15 11:33:12.000000,2026-08-27T05:17:09.287600+00:00,D:/D drive recovery/Shiva JH/Projects/OneLake Medallion/data/landing/2018-02-28/order_reviews.parquet,2018-02-28
5e13c06cf3e841f2d1c76cce488f566c,fbefd1a1d596025d72cd7cbf21c4f804,1,,ATÉ O PRESENTE MOMENTO NÃO RECEBI O PRODUTO.,2018-03-22 00:00:00,2018-03-22 11:54:10,2018-02-28,2018-03-22 11:54:10.000000,2026-08-27T05:17:09.287600+00:00,D:/D drive recovery/Shiva JH/Projects/OneLake Medallion/data/landing/2018-02-28/order_reviews.parquet,2018-02-28
b81218057adb7c11fb63ced847ad9451,aae245e2849c2032f94d4baad11dab79,4,,,2018-03-09 00:00:00,2018-03-22 14:07:35,2018-02-28,2018-03-22 14:07:35.000000,2026-08-27T05:17:09.287600+00:00,D:/D drive recovery/Shiva JH/Projects/OneLake Medallion/data/landing/2018-02-28/order_reviews.parquet,2018-02-28
242efdde8adc4ffa54841fcb35988ad4,7ec86dae6dc7ee75dd06ce14839f34da,5,,,2018-03-19 00:00:00,2018-03-24 14:42:04,2018-02-28,2018-03-24 14:42:04.000000,2026-08-27T05:17:09.287600+00:00,D:/D drive recovery/Shiva JH/Projects/OneLake Medallion/data/landing/2018-02-28/order_reviews.parquet,2018-02-28
6e953d401a9a879abd4f93f04de947a9,2c7e3ff60588c94964e40bd1dca4415f,5,,,2018-03-16 00:00:00,2018-03-16 11:10:34,2018-02-28,2018-03-16 11:10:34.000000,2026-08-27T05:17:09.287600+00:00,D:/D drive recovery/Shiva JH/Projects/OneLake Medallion/data/landing/2018-02-28/order_reviews.parquet,2018-02-28
28ca3eaa548b6b9f4c7382f7decb25c0,bd34c0a8e58e5e3a0116f8be431a86ff,1,,"Entregue apenas o bebê conforto , falta o carrinho de bebê e a base.",2018-03-10 00:00:00,2018-03-11 00:17:51,2018-02-28,2018-03-11 00:17:51.000000,2026-08-27T05:17:09.287600+00:00,D:/D drive recovery/Shiva JH/Projects/OneLake Medallion/data/landing/2018-02-28/order_reviews.parquet,2018-02-28
a5c2c9a72d1fa84a9134723bbc0ddf0c,90d5620d5953ab91dee8d433291dd274,1,,Ainda não recebemos o produto,2018-04-07 00:00:00,2018-04-09 14:25:20,2018-03-12,2018-04-09 14:25:20.000000,2026-08-27T05:17:09.287600+00:00,D:/D drive recovery/Shiva JH/Projects/OneLake Medallion/data/landing/2018-03-12/order_reviews.parquet,2018-03-12
bee62df4971660d173dc75562129886e,412e4fb4c148a6d31f905c16481d75e6,4,,,2018-04-04 00:00:00,2018-04-09 00:02:05,2018-03-12,2018-04-09 00:02:05.000000,2026-08-27T05:17:09.287600+00:00,D:/D drive recovery/Shiva JH/Projects/OneLake Medallion/data/landing/2018-03-12/order_reviews.parquet,2018-03-12
10398bad17ab17c451c39a0b2c47464c,412e4fb4c148a6d31f905c16481d75e6,5,,,2018-04-04 00:00:00,2018-04-09 00:00:43,2018-03-12,2018-04-09 00:00:43.000000,2026-08-27T05:17:09.287600+00:00,D:/D drive recovery/Shiva JH/Projects/OneLake Medallion/data/landing/2018-03-12/order_reviews.parquet,2018-03-12
22bb204853a239c2a3f82f8012100818,cd2774a60636ce7ebc1f7efa829bf729,5,,Infelizmente os correios demoram muito pra entregar. Compreendo que não seja culpa da loja.,2018-03-28 00:00:00,2018-03-29 18:47:20,2018-03-12,2018-03-29 18:47:20.000000,2026-08-27T05:17:09.287600+00:00,D:/D drive recovery/Shiva JH/Projects/OneLake Medallion/data/landing/2018-03-12/order_reviews.parquet,2018-03-12
f25dfa2ad81f4900cb3aaf5299e79732,40a5bd91abf23d336d1f3584101d860d,5,,,2018-03-27 00:00:00,2018-03-27 22:29:51,2018-03-12,2018-03-27 22:29:51.000000,2026-08-27T05:17:09.287600+00:00,D:/D drive recovery/Shiva JH/Projects/OneLake Medallion/data/landing/2018-03-12/order_reviews.parquet,2018-03-12
9ccfe41feb9d68e0671066db25061bbb,690ce80c28087f2dc808a71e7ea057fd,5,,,2018-03-16 00:00:00,2018-03-17 12:45:56,2018-03-12,2018-03-17 12:45:56.000000,2026-08-27T05:17:09.287600+00:00,D:/D drive recovery/Shiva JH/Projects/OneLake Medallion/data/landing/2018-03-12/order_reviews.parquet,2018-03-12
90a70e4f1b9d91e8e9743c6333332e8b,64600db8a4995fc16ae799da1eace4be,1,,,2018-04-14 00:00:00,2018-04-16 13:19:51,2018-03-12,2018-04-16 13:19:51.000000,2026-08-27T05:17:09.287600+00:00,D:/D drive recovery/Shiva JH/Projects/OneLake Medallion/data/landing/2018-03-12/order_reviews.parquet,2018-03-12
1830b5a68fdd4a466a2531d6ae2cca76,15341b05d64b1a27163a196767a80afe,5,,Gostei muito do produto.,2018-04-12 00:00:00,2018-04-13 11:04:01,2018-03-24,2018-04-13 11:04:01.000000,2026-08-27T05:17:09.287600+00:00,D:/D drive recovery/Shiva JH/Projects/OneLake Medallion/data/landing/2018-03-24/order_reviews.parquet,2018-03-24
63f7901c8d81ccea49eb75afbb1e2af7,4aaf9b9778e313ecfcfe11ba5673b136,2,,Meu produto ainda não recebi preciso de uma posição a respeito do meu produto.,2018-04-29 00:00:00,2018-05-01 11:29:15,2018-03-24,2018-05-01 11:29:15.000000,2026-08-27T05:17:09.287600+00:00,D:/D drive recovery/Shiva JH/Projects/OneLake Medallion/data/landing/2018-03-24/order_reviews.parquet,2018-03-24
6f4801888572adf80560244081832b91,df81dcb40098fb783a6525fa2f868bc9,1,Nao posso avaliar ainda ,"Ate agora nao chegou nada , nao posso avaliar",2018-05-06 00:00:00,2018-05-06 03:21:40,2018-03-24,2018-05-06 03:21:40.000000,2026-08-27T05:17:09.287600+00:00,D:/D drive recovery/Shiva JH/Projects/OneLake Medallion/data/landing/2018-03-24/order_reviews.parquet,2018-03-24
5a27bebda2d497ab1fbc6f425abdc6b8,824ed066dde5116b8bcf4d75381e056d,5,,,2018-04-12 00:00:00,2018-04-13 11:56:19,2018-04-05,2018-04-13 11:56:19.000000,2026-08-27T05:17:09.287600+00:00,D:/D drive recovery/Shiva JH/Projects/OneLake Medallion/data/landing/2018-04-05/order_reviews.parquet,2018-04-05
1beb542e12be99601ae98b99b17bebcf,4ab2f2ac4c50d1a98dab6d9541a633ee,2,Regular.,Mercadoria demorou muito para chegar! E recebi com avarias.,2018-05-19 00:00:00,2018-05-20 23:19:00,2018-04-05,2018-05-20 23:19:00.000000,2026-08-27T05:17:09.287600+00:00,D:/D drive recovery/Shiva JH/Projects/OneLake Medallion/data/landing/2018-04-05/order_reviews.parquet,2018-04-05
c04524fe0f269e0a47531be277fdd9d1,0d799dd97f4ffcecba2864882585f677,5,,"Muito bom o produto , entrega foi realizada 10 dias antes do prazo . muito satisfeito",2018-04-13 00:00:00,2018-04-15 17:04:01,2018-04-05,2018-04-15 17:04:01.000000,2026-08-27T05:17:09.287600+00:00,D:/D drive recovery/Shiva JH/Projects/OneLake Medallion/data/landing/2018-04-05/order_reviews.parquet,2018-04-05
c1a3f2b111b614de24bb09824606decf,88236ec3283901ac03893885acd80574,5,,,2018-04-11 00:00:00,2018-04-13 16:30:15,2018-04-05,2018-04-13 16:30:15.000000,2026-08-27T05:17:09.287600+00:00,D:/D drive recovery/Shiva JH/Projects/OneLake Medallion/data/landing/2018-04-05/order_reviews.parquet,2018-04-05
e07dba6a1f2f56b4ed77b215807f2331,618b0dccb6cd114a77a84daef8d565c4,1,Entrega FRACIONADA,Esta é mais uma das mensagens que envio desde 27/04/18. Não recebi minha compra completa. Falta 1(um) cartucho. Justamente o MAIS CARO! O colorido. ,2018-04-29 00:00:00,2018-05-01 23:05:15,2018-04-17,2018-05-01 23:05:15.000000,2026-08-27T05:17:09.287600+00:00,D:/D drive recovery/Shiva JH/Projects/OneLake Medallion/data/landing/2018-04-17/order_reviews.parquet,2018-04-17
56aab966ce7e9b08266a50bdc7f9a644,d20dc9a4af7f6a0c44930ff40e4d6725,4,,,2018-04-25 00:00:00,2018-04-26 17:23:10,2018-04-17,2018-04-26 17:23:10.000000,2026-08-27T05:17:09.287600+00:00,D:/D drive recovery/Shiva JH/Projects/OneLake Medallion/data/landing/2018-04-17/order_reviews.parquet,2018-04-17
f89e0138e8320ad1a15258f9b645ad4f,886a55792a14cb019feabb58baa814c7,5,,,2018-04-29 00:00:00,2018-04-29 20:33:27,2018-04-17,2018-04-29 20:33:27.000000,2026-08-27T05:17:09.287600+00:00,D:/D drive recovery/Shiva JH/Projects/OneLake Medallion/data/landing/2018-04-17/order_reviews.parquet,2018-04-17
f092c9c1838dc277654e2cb24136ef0b,b1c87cf3c9ac90d18dbf33b6a5c32d83,5,,,2018-05-09 00:00:00,2018-05-16 11:52:40,2018-04-29,2018-05-16 11:52:40.000000,2026-08-27T05:17:09.287600+00:00,D:/D drive recovery/Shiva JH/Projects/OneLake Medallion/data/landing/2018-04-29/order_reviews.parquet,2018-04-29
333af296b8756d01d76f5b109b526398,328c309ec547992c3c426906fe279dc0,5,Aerógrafo,"Produto entregue muito antes do prometido, e o que foi anunciado,muito bom, recomendo o fornecedor é o produto",2018-05-09 00:00:00,2018-05-11 18:34:48,2018-04-29,2018-05-11 18:34:48.000000,2026-08-27T05:17:09.287600+00:00,D:/D drive recovery/Shiva JH/Projects/OneLake Medallion/data/landing/2018-04-29/order_reviews.parquet,2018-04-29
c92a7efd46270fd8d8782d04af427a38,ca8abc474e7636166e173909fa9973ce,4,,,2018-05-09 00:00:00,2018-05-10 00:07:41,2018-04-29,2018-05-10 00:07:41.000000,2026-08-27T05:17:09.287600+00:00,D:/D drive recovery/Shiva JH/Projects/OneLake Medallion/data/landing/2018-04-29/order_reviews.parquet,2018-04-29
bf190bbaa8eb6962a3561a7a7e6543b6,e450bc6e7ca8d8338ef53b5cf23b72ce,5,10,"Muito boa a mercadoria, A entrega super rápida 8 dias eu moro em minas gerais.relógio original. Simplesmente amei ...",2018-05-15 00:00:00,2018-05-20 15:17:24,2018-04-29,2018-05-20 15:17:24.000000,2026-08-27T05:17:09.287600+00:00,D:/D drive recovery/Shiva JH/Projects/OneLake Medallion/data/landing/2018-04-29/order_reviews.parquet,2018-04-29
1abac05e1e583a75395c1cd4659eba7e,a5a3c295445dd23736b0a5c49bf376dd,5,Otimol,,2018-05-05 00:00:00,2018-05-05 22:27:17,2018-04-29,2018-05-05 22:27:17.000000,2026-08-27T05:17:09.287600+00:00,D:/D drive recovery/Shiva JH/Projects/OneLake Medallion/data/landing/2018-04-29/order_reviews.parquet,2018-04-29
d23344d389302de02aedb9e59ef21e6e,10946918b6dfb9d446d7fd1a39a45055,2,,,2018-05-25 00:00:00,2018-05-26 01:39:01,2018-05-11,2018-05-26 01:39:01.000000,2026-08-27T05:17:09.287600+00:00,D:/D drive recovery/Shiva JH/Projects/OneLake Medallion/data/landing/2018-05-11/order_reviews.parquet,2018-05-11
53bdd47e56c31c07e0c8b7c5a412a0b3,9734c61e70431951ceea6da4c1c2a063,1,NÃO RECOMENDO!,"Ainda não recebi o produto, e considerando a paralisação de caminhoneiros, já era pra ter sido entregue. ",2018-06-08 00:00:00,2018-06-08 10:32:29,2018-05-11,2018-06-08 10:32:29.000000,2026-08-27T05:17:09.287600+00:00,D:/D drive recovery/Shiva JH/Projects/OneLake Medallion/data/landing/2018-05-11/order_reviews.parquet,2018-05-11
ee55bd4c11b3c671aa02bbdcc6548e73,2345b8390d7bd4e3dd2bdd0dd7ab89cb,4,,,2018-06-08 00:00:00,2018-06-08 18:29:10,2018-05-11,2018-06-08 18:29:10.000000,2026-08-27T05:17:09.287600+00:00,D:/D drive recovery/Shiva JH/Projects/OneLake Medallion/data/landing/2018-05-11/order_reviews.parquet,2018-05-11
82050dd6a5856305f24edd692643f032,4964b712511de5c351d07b12d57e5cc7,3,Recomendo.,"Recebi parte dos produtos, ou seja, uma manta na cor palha. A cor ROSA não chegou, até esta data (28/05/2018).",2018-05-25 00:00:00,2018-05-28 12:24:45,2018-05-11,2018-05-28 12:24:45.000000,2026-08-27T05:17:09.287600+00:00,D:/D drive recovery/Shiva JH/Projects/OneLake Medallion/data/landing/2018-05-11/order_reviews.parquet,2018-05-11
23438fddb970d0b71172e40fbb8ec7f5,8f79a0d3f0989f318565ef2aa28577fb,5,,,2018-05-24 00:00:00,2018-05-24 11:30:17,2018-05-11,2018-05-24 11:30:17.000000,2026-08-27T05:17:09.287600+00:00,D:/D drive recovery/Shiva JH/Projects/OneLake Medallion/data/landing/2018-05-11/order_reviews.parquet,2018-05-11
afc6e7593b7ecaf4fcdc92af5fce9e2b,07b683def65270f286578e5208c5adc0,3,,,2018-05-18 00:00:00,2018-05-20 16:10:08,2018-05-11,2018-05-20 16:10:08.000000,2026-08-27T05:17:09.287600+00:00,D:/D drive recovery/Shiva JH/Projects/OneLake Medallion/data/landing/2018-05-11/order_reviews.parquet,2018-05-11
d7559704e5f0c4999feb930d49cd2a84,3af58300549c324fa418f079815fc952,4,,,2018-06-09 00:00:00,2018-06-09 20:57:47,2018-05-23,2018-06-09 20:57:47.000000,2026-08-27T05:17:09.287600+00:00,D:/D drive recovery/Shiva JH/Projects/OneLake Medallion/data/landing/2018-05-23/order_reviews.parquet,2018-05-23
eb326e9a7018d8b8775570898e677425,9e05956862c333308733e2155ca16950,1,Entregue pela metade,O produto pedido foi entregue pela metade. Faltou a trava. Chegou só o porteiro eletrônico.,2018-06-09 00:00:00,2018-06-09 22:37:49,2018-05-23,2018-06-09 22:37:49.000000,2026-08-27T05:17:09.287600+00:00,D:/D drive recovery/Shiva JH/Projects/OneLake Medallion/data/landing/2018-05-23/order_reviews.parquet,2018-05-23
1806fa2e72b7635540f97854a5ab71a2,236c5c6711eb7864803f0f0c739e5c05,1,,,2018-06-08 00:00:00,2018-06-11 11:57:53,2018-05-23,2018-06-11 11:57:53.000000,2026-08-27T05:17:09.287600+00:00,D:/D drive recovery/Shiva JH/Projects/OneLake Medallion/data/landing/2018-05-23/order_reviews.parquet,2018-05-23
16dc0b3de56e678df949720042f45013,131d8d336159b7912c323b1dcf578525,5,,,2018-06-05 00:00:00,2018-06-07 19:55:33,2018-05-23,2018-06-07 19:55:33.000000,2026-08-27T05:17:09.287600+00:00,D:/D drive recovery/Shiva JH/Projects/OneLake Medallion/data/landing/2018-05-23/order_reviews.parquet,2018-05-23
47f329b64899a286af06460410a3fda6,578e406b34a3ef878b509b9fe1813dda,5,,,2018-06-06 00:00:00,2018-06-09 23:03:59,2018-05-23,2018-06-09 23:03:59.000000,2026-08-27T05:17:09.287600+00:00,D:/D drive recovery/Shiva JH/Projects/OneLake Medallion/data/landing/2018-05-23/order_reviews.parquet,2018-05-23
5ea1576a7bf2b9ddedf2888d1728a756,31ce9e3b5b94389a0b2597743083ff98,5,,Ótimo produto... ótimo vendedor!!,2018-06-06 00:00:00,2018-06-07 02:25:19,2018-05-23,2018-06-07 02:25:19.000000,2026-08-27T05:17:09.287600+00:00,D:/D drive recovery/Shiva JH/Projects/OneLake Medallion/data/landing/2018-05-23/order_reviews.parquet,2018-05-23
f0ef72d2a83ce2082f60ed3560949a17,3308880e8f58b1d2c21bd5b1bf64aad4,5,,,2018-06-19 00:00:00,2018-06-19 21:58:40,2018-06-04,2018-06-19 21:58:40.000000,2026-08-27T05:17:09.287600+00:00,D:/D drive recovery/Shiva JH/Projects/OneLake Medallion/data/landing/2018-06-04/order_reviews.parquet,2018-06-04
b574e9b0f264b9e3b28aba26be427937,8b7b9c6bbef1d12f004035806f43996a,4,,"Cartucho colorido não foi entregue devido, segundo eles, erro de estoque. ",2018-06-14 00:00:00,2018-06-15 12:42:10,2018-06-04,2018-06-15 12:42:10.000000,2026-08-27T05:17:09.287600+00:00,D:/D drive recovery/Shiva JH/Projects/OneLake Medallion/data/landing/2018-06-04/order_reviews.parquet,2018-06-04
f374fe11ad7189b6a30e5268f28aa88e,903bf628219e968e070f205a97500735,5,recomendo,,2018-06-13 00:00:00,2018-06-14 13:32:49,2018-06-04,2018-06-14 13:32:49.000000,2026-08-27T05:17:09.287600+00:00,D:/D drive recovery/Shiva JH/Projects/OneLake Medallion/data/landing/2018-06-04/order_reviews.parquet,2018-06-04
0e58a53b2fd4c5c97cbfcda639055e66,ab87dc5a5f1856a10640d5f42e4c2fd9,5,,,2018-06-12 00:00:00,2018-06-13 01:09:08,2018-06-04,2018-06-13 01:09:08.000000,2026-08-27T05:17:09.287600+00:00,D:/D drive recovery/Shiva JH/Projects/OneLake Medallion/data/landing/2018-06-04/order_reviews.parquet,2018-06-04
f48833d0cd363c7b1eb37c08581ac27d,b865bf62fce1552218ba53aaa950e1cc,5,,,2018-06-30 00:00:00,2018-07-03 12:29:49,2018-06-16,2018-07-03 12:29:49.000000,2026-08-27T05:17:09.287600+00:00,D:/D drive recovery/Shiva JH/Projects/OneLake Medallion/data/landing/2018-06-16/order_reviews.parquet,2018-06-16
7783bfe83964decbc2e2acb180ea6097,2a03326bc3dd548e425fafa5c7be54ed,5,Ótimo!,"Ótima capa a película bem melhor que a anterior!
Satisfeito!!!",2018-06-27 00:00:00,2018-06-27 22:59:17,2018-06-16,2018-06-27 22:59:17.000000,2026-08-27T05:17:09.287600+00:00,D:/D drive recovery/Shiva JH/Projects/OneLake Medallion/data/landing/2018-06-16/order_reviews.parquet,2018-06-16
b7e2d36740010c9fcfcb0e0789e7bcb9,9b21d7e7e61740911f0008fc81681e63,5,Execelente,produto entregue no prazo ,2018-06-26 00:00:00,2018-06-26 21:14:29,2018-06-16,2018-06-26 21:14:29.000000,2026-08-27T05:17:09.287600+00:00,D:/D drive recovery/Shiva JH/Projects/OneLake Medallion/data/landing/2018-06-16/order_reviews.parquet,2018-06-16
aecdc81e65fd3fb1fd7476694d7213c8,b70c2a4797319570dbecddc366fb25c0,5,Sem dúvida recomendo,"Loja extremamente cuidadosa, desde a embalagem, produtos de excelente qualidade, muito bom mesmo !! Superou as expectativas !!!!!",2018-07-15 00:00:00,2018-07-17 18:17:39,2018-06-28,2018-07-17 18:17:39.000000,2026-08-27T05:17:09.287600+00:00,D:/D drive recovery/Shiva JH/Projects/OneLake Medallion/data/landing/2018-06-28/order_reviews.parquet,2018-06-28
42640ef0057b47f4bafd780b8be55f83,8f82857f5a738c96bb40a551c4c0bb40,1,Avaliação prejudicada. ,Produto ainda não foi entregue !!! ,2018-07-05 00:00:00,2018-07-06 13:46:08,2018-06-28,2018-07-06 13:46:08.000000,2026-08-27T05:17:09.287600+00:00,D:/D drive recovery/Shiva JH/Projects/OneLake Medallion/data/landing/2018-06-28/order_reviews.parquet,2018-06-28
f780d7ea287845fc3f6ea0d4ae187eb8,7063524166dbe4d1f15029bafcd95070,4,,,2018-07-05 00:00:00,2018-07-05 22:27:14,2018-06-28,2018-07-05 22:27:14.000000,2026-08-27T05:17:09.287600+00:00,D:/D drive recovery/Shiva JH/Projects/OneLake Medallion/data/landing/2018-06-28/order_reviews.parquet,2018-06-28
2d5172ede7ede0087215a615f852a532,9ecc63b839c404ca47e48f1af1f54702,5,,,2017-03-12 00:00:00,2017-03-13 02:56:33,2017-03-03,2017-03-13 02:56:33.000000,2026-08-27T05:17:09.287600+00:00,D:/D drive recovery/Shiva JH/Projects/OneLake Medallion/data/landing/2017-03-03/order_reviews.parquet,2017-03-03
ea88898e75d153da5b7656e8e0d48fb8,671c1562854f03c1d68f6d48e1fa4c7d,3,,,2017-03-10 00:00:00,2017-03-11 10:54:23,2017-03-03,2017-03-11 10:54:23.000000,2026-08-27T05:17:09.287600+00:00,D:/D drive recovery/Shiva JH/Projects/OneLake Medallion/data/landing/2017-03-03/order_reviews.parquet,2017-03-03
f1f3cedf7b06fc5296d98ec6cefd929d,63c9a278e2db31d8f1c92babe1b0ae5d,5,,,2017-03-28 00:00:00,2017-03-29 11:23:38,2017-03-15,2017-03-29 11:23:38.000000,2026-08-27T05:17:09.287600+00:00,D:/D drive recovery/Shiva JH/Projects/OneLake Medallion/data/landing/2017-03-15/order_reviews.parquet,2017-03-15
e1f3f0c777099f7ba04af9b49ce18616,4b9a2fcf7058ab9f5609fc6556941297,5,,,2017-04-01 00:00:00,2017-04-02 00:59:27,2017-03-15,2017-04-02 00:59:27.000000,2026-08-27T05:17:09.287600+00:00,D:/D drive recovery/Shiva JH/Projects/OneLake Medallion/data/landing/2017-03-15/order_reviews.parquet,2017-03-15
00abc9afe95137e7e25b08d4317d736b,0928b1d58fe76f5a1e63be5a47ea6253,4,,escelente,2017-03-22 00:00:00,2017-03-24 16:11:35,2017-03-15,2017-03-24 16:11:35.000000,2026-08-27T05:17:09.287600+00:00,D:/D drive recovery/Shiva JH/Projects/OneLake Medallion/data/landing/2017-03-15/order_reviews.parquet,2017-03-15
86d1d8e90d025080c1149859146eb097,e316d17cafee5024c175ba56fc437d56,5,,,2017-04-05 00:00:00,2017-04-08 09:13:52,2017-03-27,2017-04-08 09:13:52.000000,2026-08-27T05:17:09.287600+00:00,D:/D drive recovery/Shiva JH/Projects/OneLake Medallion/data/landing/2017-03-27/order_reviews.parquet,2017-03-27
981b69a54a387ccff54f277394d867b4,e9781329bbd9648bc8c210acc30c130c,5,,,2017-04-18 00:00:00,2017-04-21 11:27:10,2017-03-27,2017-04-21 11:27:10.000000,2026-08-27T05:17:09.287600+00:00,D:/D drive recovery/Shiva JH/Projects/OneLake Medallion/data/landing/2017-03-27/order_reviews.parquet,2017-03-27
873660831d8dab232801dd2be94c861c,1006246e3feed80b0a2f83d8364240f7,3,,"Gosto de comprar no site ,mas não estou satisfeita pois solicitei a troca da mercadoria mas até agora não me enviaram o codico para troca,ei prazo já está quase esgotado ",2017-04-19 00:00:00,2017-04-20 22:38:37,2017-04-08,2017-04-20 22:38:37.000000,2026-08-27T05:17:09.287600+00:00,D:/D drive recovery/Shiva JH/Projects/OneLake Medallion/data/landing/2017-04-08/order_reviews.parquet,2017-04-08
f28281373ab8815bafafe371218f02ce,fa65dad1b0e818e3ccc5cb0e39231352,1,,A mercadoria não foi entregue. Entrara em contato no dia 22/05 e avisando que a mercadoria seria devolvida para cidade do Paraná. Solicitei o estorno da mercadoria.,2017-05-21 00:00:00,2017-05-24 16:21:27,2017-04-20,2017-05-24 16:21:27.000000,2026-08-27T05:17:09.287600+00:00,D:/D drive recovery/Shiva JH/Projects/OneLake Medallion/data/landing/2017-04-20/order_reviews.parquet,2017-04-20
c1fd718996213232fd0e7c0b0ab5a1c1,64d5bb1764f742cbecaed917d384da32,5,,,2017-05-06 00:00:00,2017-05-09 12:24:26,2017-04-20,2017-05-09 12:24:26.000000,2026-08-27T05:17:09.287600+00:00,D:/D drive recovery/Shiva JH/Projects/OneLake Medallion/data/landing/2017-04-20/order_reviews.parquet,2017-04-20
25855a26f9dd9fb8ace45e2c7643f81a,cb61f25ed186c04d0a96e8830a3078d2,4,,,2017-05-19 00:00:00,2017-05-23 17:38:47,2017-05-02,2017-05-23 17:38:47.000000,2026-08-27T05:17:09.287600+00:00,D:/D drive recovery/Shiva JH/Projects/OneLake Medallion/data/landing/2017-05-02/order_reviews.parquet,2017-05-02
317424786f416435834d8cea3d02112f,1930118fbe694636a60c0d5f97c32597,5,,Os produtos são de ótima qualidade.,2017-05-25 00:00:00,2017-05-26 14:20:11,2017-05-14,2017-05-26 14:20:11.000000,2026-08-27T05:17:09.287600+00:00,D:/D drive recovery/Shiva JH/Projects/OneLake Medallion/data/landing/2017-05-14/order_reviews.parquet,2017-05-14
a152102c38d64be9beb3fa8f070461bc,71d33900d3db33c09ceff19ffc7ec460,5,,,2017-05-31 00:00:00,2017-06-03 04:24:02,2017-05-14,2017-06-03 04:24:02.000000,2026-08-27T05:17:09.287600+00:00,D:/D drive recovery/Shiva JH/Projects/OneLake Medallion/data/landing/2017-05-14/order_reviews.parquet,2017-05-14
f966f9e1cca0d7d44a2668e23b6a1247,66a8d9453b15cd3fe5a7322ad363ad7f,1,,,2017-06-02 00:00:00,2017-06-03 15:14:23,2017-05-14,2017-06-03 15:14:23.000000,2026-08-27T05:17:09.287600+00:00,D:/D drive recovery/Shiva JH/Projects/OneLake Medallion/data/landing/2017-05-14/order_reviews.parquet,2017-05-14
b5cd7672dd3fa97055212a262c133f9e,f443ec3003e193944b796356e1d62f8f,5,,,2017-06-01 00:00:00,2017-06-02 09:57:44,2017-05-26,2017-06-02 09:57:44.000000,2026-08-27T05:17:09.287600+00:00,D:/D drive recovery/Shiva JH/Projects/OneLake Medallion/data/landing/2017-05-26/order_reviews.parquet,2017-05-26
e1d0beed7602f323f5eca2089ef3fdb8,7cbc65f44f89c2a106408220f92ee3c7,5,,,2017-06-08 00:00:00,2017-06-10 23:19:19,2017-05-26,2017-06-10 23:19:19.000000,2026-08-27T05:17:09.287600+00:00,D:/D drive recovery/Shiva JH/Projects/OneLake Medallion/data/landing/2017-05-26/order_reviews.parquet,2017-05-26
70d50e50a39d0d1f8c80b17b3382a9e2,255111c7355b48e49add6f5a16c22483,4,,CONSUMIDOR SATISFEITO !!,2017-06-22 00:00:00,2017-06-23 19:24:16,2017-05-26,2017-06-23 19:24:16.000000,2026-08-27T05:17:09.287600+00:00,D:/D drive recovery/Shiva JH/Projects/OneLake Medallion/data/landing/2017-05-26/order_reviews.parquet,2017-05-26
fae0ad298d39766d5492150c1c010910,9f6fd425786e354166bb381926773047,5,,"Tudo ótimo, produto chegou bem antes do previsto. ",2017-06-14 00:00:00,2017-06-14 20:08:08,2017-05-26,2017-06-14 20:08:08.000000,2026-08-27T05:17:09.287600+00:00,D:/D drive recovery/Shiva JH/Projects/OneLake Medallion/data/landing/2017-05-26/order_reviews.parquet,2017-05-26
eced93dc135439ea4b7875047628d96f,5ca29c3c00080a507890c89a0323f06d,5,,,2017-06-22 00:00:00,2017-06-25 13:05:57,2017-06-07,2017-06-25 13:05:57.000000,2026-08-27T05:17:09.287600+00:00,D:/D drive recovery/Shiva JH/Projects/OneLake Medallion/data/landing/2017-06-07/order_reviews.parquet,2017-06-07
d7d56c09d51d8f77b672ac60c613afc7,217fa6305f49722c5712365fa9fb7685,4,,Sempre recomendo as Lojas lannister!,2017-07-11 00:00:00,2017-07-14 10:39:13,2017-06-19,2017-07-14 10:39:13.000000,2026-08-27T05:17:09.287600+00:00,D:/D drive recovery/Shiva JH/Projects/OneLake Medallion/data/landing/2017-06-19/order_reviews.parquet,2017-06-19
8063a55d3f8d1297ed2e1950f1026370,47d051e89cf6490245136694a26a4395,4,,Entregue no prazo,2017-06-27 00:00:00,2017-06-28 11:56:48,2017-06-19,2017-06-28 11:56:48.000000,2026-08-27T05:17:09.287600+00:00,D:/D drive recovery/Shiva JH/Projects/OneLake Medallion/data/landing/2017-06-19/order_reviews.parquet,2017-06-19
642c089e45f231185f4a6a2863487d1b,680e610535fa4d02ce2d6a820946afb8,5,,"Comprei um kit bolsa para bebê e gostei muito, chegou bem antes do combinado...

Superou minhas expectativas...",2017-06-29 00:00:00,2017-07-01 23:12:07,2017-06-19,2017-07-01 23:12:07.000000,2026-08-27T05:17:09.287600+00:00,D:/D drive recovery/Shiva JH/Projects/OneLake Medallion/data/landing/2017-06-19/order_reviews.parquet,2017-06-19
73d2d73f76f857a51993c67e9ac795a7,27dfe580597e36bfdb283184aa96a201,5,,,2017-07-01 00:00:00,2017-07-02 21:15:36,2017-06-19,2017-07-02 21:15:36.000000,2026-08-27T05:17:09.287600+00:00,D:/D drive recovery/Shiva JH/Projects/OneLake Medallion/data/landing/2017-06-19/order_reviews.parquet,2017-06-19
ac443bb306c762a980b06ba203187917,2ccc4ef33a6274500f8eb7b10c5f4b39,5,,"Gostei bastante do tecido, bem macio",2017-07-06 00:00:00,2017-07-07 02:59:26,2017-07-01,2017-07-07 02:59:26.000000,2026-08-27T05:17:09.287600+00:00,D:/D drive recovery/Shiva JH/Projects/OneLake Medallion/data/landing/2017-07-01/order_reviews.parquet,2017-07-01
e1e43960c5bb366451cd5afeeb26cf18,0c77e9308e3c15bbeb6c16405a2da080,5,,,2017-07-22 00:00:00,2017-07-30 21:33:54,2017-07-13,2017-07-30 21:33:54.000000,2026-08-27T05:17:09.287600+00:00,D:/D drive recovery/Shiva JH/Projects/OneLake Medallion/data/landing/2017-07-13/order_reviews.parquet,2017-07-13
af6a415368b54be90f0c12722acf07c6,73d34a2bf529090b8e28797f2169823c,5,,,2017-07-25 00:00:00,2017-07-27 00:22:45,2017-07-13,2017-07-27 00:22:45.000000,2026-08-27T05:17:09.287600+00:00,D:/D drive recovery/Shiva JH/Projects/OneLake Medallion/data/landing/2017-07-13/order_reviews.parquet,2017-07-13
8bdf8d31b7c84fbf827bcb3ade03eac4,12788f3056c6392e73afcd37df5482ad,4,,,2017-07-21 00:00:00,2017-08-01 16:39:56,2017-07-13,2017-08-01 16:39:56.000000,2026-08-27T05:17:09.287600+00:00,D:/D drive recovery/Shiva JH/Projects/OneLake Medallion/data/landing/2017-07-13/order_reviews.parquet,2017-07-13
c032aa699c4db61e343b1790e0ca19f3,e462b9c1dbe3c306a5b7b78d72dd7f79,5,,,2017-08-18 00:00:00,2017-08-21 23:26:18,2017-07-25,2017-08-21 23:26:18.000000,2026-08-27T05:17:09.287600+00:00,D:/D drive recovery/Shiva JH/Projects/OneLake Medallion/data/landing/2017-07-25/order_reviews.parquet,2017-07-25
9b37e54820eeecd861ac57254f5a567a,109b43dc12d67a5107cbbfb7fe98d0ae,3,,,2017-08-21 00:00:00,2017-08-30 20:18:12,2017-07-25,2017-08-30 20:18:12.000000,2026-08-27T05:17:09.287600+00:00,D:/D drive recovery/Shiva JH/Projects/OneLake Medallion/data/landing/2017-07-25/order_reviews.parquet,2017-07-25
d2a3f393b48a68bfb8e8dd060991f8e2,5b0290e4420f938665a61fda8ee5ced6,5,,,2017-08-02 00:00:00,2017-08-03 11:17:46,2017-07-25,2017-08-03 11:17:46.000000,2026-08-27T05:17:09.287600+00:00,D:/D drive recovery/Shiva JH/Projects/OneLake Medallion/data/landing/2017-07-25/order_reviews.parquet,2017-07-25
686fbd8075163ec07a18b7841a9d553e,cd02db25220d623f419da3b1fa2921ff,5,,,2017-08-03 00:00:00,2017-08-06 13:14:13,2017-07-25,2017-08-06 13:14:13.000000,2026-08-27T05:17:09.287600+00:00,D:/D drive recovery/Shiva JH/Projects/OneLake Medallion/data/landing/2017-07-25/order_reviews.parquet,2017-07-25
3dbc4c3fc7544be24079d3a735f94d0c,5ea0a482c758f0cbbcc6b10b0962a6a9,5,,XXXXXXXXXXXXXXXXXXXXXXXXXXXXXXXXXXXXXXXXXXXXXXXXXXXXXXXXXXXXXXXXX,2017-08-29 00:00:00,2017-09-01 18:47:51,2017-08-06,2017-09-01 18:47:51.000000,2026-08-27T05:17:09.287600+00:00,D:/D drive recovery/Shiva JH/Projects/OneLake Medallion/data/landing/2017-08-06/order_reviews.parquet,2017-08-06
101e875cdc3ca5139722b09e4d3f781e,90cd8e765a696947ccb0afa686c933fd,5,,,2017-08-23 00:00:00,2017-08-24 13:42:30,2017-08-18,2017-08-24 13:42:30.000000,2026-08-27T05:17:09.287600+00:00,D:/D drive recovery/Shiva JH/Projects/OneLake Medallion/data/landing/2017-08-18/order_reviews.parquet,2017-08-18
dcb237b419d0bb1486be67e0bb3db691,f5469d54daa9f43486f2d4ab2b154406,4,,,2017-09-19 00:00:00,2017-09-20 10:43:50,2017-08-18,2017-09-20 10:43:50.000000,2026-08-27T05:17:09.287600+00:00,D:/D drive recovery/Shiva JH/Projects/OneLake Medallion/data/landing/2017-08-18/order_reviews.parquet,2017-08-18
0dee874b2138dd3f2259525eaa7ac0b0,297dfeab4cdd5749b9d6485e13e89877,1,,Solicitado jogo americano e foi entregue capa para disco plato.,2017-08-24 00:00:00,2017-08-29 02:10:12,2017-08-18,2017-08-29 02:10:12.000000,2026-08-27T05:17:09.287600+00:00,D:/D drive recovery/Shiva JH/Projects/OneLake Medallion/data/landing/2017-08-18/order_reviews.parquet,2017-08-18
ab124d7374c19efd308e74e2e672fbbb,48f2d0b950703bfb145b7c3c0641b4bb,1,,"Péssima experiência, nunca mais comprarei por esse site. ",2017-09-22 00:00:00,2017-09-22 09:29:31,2017-08-30,2017-09-22 09:29:31.000000,2026-08-27T05:17:09.287600+00:00,D:/D drive recovery/Shiva JH/Projects/OneLake Medallion/data/landing/2017-08-30/order_reviews.parquet,2017-08-30
fba43576c7c1810f2b689de9da061fea,a218ea1ed05e2375702ed63c94625b06,1,,O produto veio com peças faltando. Não consigo usá-lo.,2017-09-14 00:00:00,2017-09-14 13:35:04,2017-08-30,2017-09-14 13:35:04.000000,2026-08-27T05:17:09.287600+00:00,D:/D drive recovery/Shiva JH/Projects/OneLake Medallion/data/landing/2017-08-30/order_reviews.parquet,2017-08-30
c883403791a395cc06f0e6cdd1646792,5ddf0e8fc807d25c638fe981189bb8db,5,,,2017-09-12 00:00:00,2017-09-12 20:48:39,2017-08-30,2017-09-12 20:48:39.000000,2026-08-27T05:17:09.287600+00:00,D:/D drive recovery/Shiva JH/Projects/OneLake Medallion/data/landing/2017-08-30/order_reviews.parquet,2017-08-30
7c53a172be1d4873465c3e34b23943dd,f8d5d7ba22e58d80d291b95ac9de9f8b,5,,,2017-09-06 00:00:00,2017-09-06 20:39:59,2017-08-30,2017-09-06 20:39:59.000000,2026-08-27T05:17:09.287600+00:00,D:/D drive recovery/Shiva JH/Projects/OneLake Medallion/data/landing/2017-08-30/order_reviews.parquet,2017-08-30
8869c3ad393203c35017b4f5256113b1,642bbe453ce83b61eda0dcb53d3339d8,5,,,2017-09-05 00:00:00,2017-09-07 19:59:50,2017-08-30,2017-09-07 19:59:50.000000,2026-08-27T05:17:09.287600+00:00,D:/D drive recovery/Shiva JH/Projects/OneLake Medallion/data/landing/2017-08-30/order_reviews.parquet,2017-08-30
8c908c89069859950fad408d06af38a8,90dea0577f835cee1385c71345f7a1d9,1,,,2017-09-14 00:00:00,2017-09-15 17:38:49,2017-08-30,2017-09-15 17:38:49.000000,2026-08-27T05:17:09.287600+00:00,D:/D drive recovery/Shiva JH/Projects/OneLake Medallion/data/landing/2017-08-30/order_reviews.parquet,2017-08-30
2c943532979e45abc2bc927e11a0cf2e,4187eb76c2b3b265e55590002bd353bd,1,,,2017-09-14 00:00:00,2017-09-14 21:01:41,2017-08-30,2017-09-14 21:01:41.000000,2026-08-27T05:17:09.287600+00:00,D:/D drive recovery/Shiva JH/Projects/OneLake Medallion/data/landing/2017-08-30/order_reviews.parquet,2017-08-30
ce263c48a3ab62504bfaea21480f670b,e0f04a1acc50a7daf0cbb0654d438725,5,,,2017-09-12 00:00:00,2017-09-19 20:18:20,2017-08-30,2017-09-19 20:18:20.000000,2026-08-27T05:17:09.287600+00:00,D:/D drive recovery/Shiva JH/Projects/OneLake Medallion/data/landing/2017-08-30/order_reviews.parquet,2017-08-30
5c0384360c2c628892c1614b37c31045,e169b880e5f68fbd4500941ac7107168,5,,,2017-09-27 00:00:00,2017-09-28 00:31:07,2017-09-11,2017-09-28 00:31:07.000000,2026-08-27T05:17:09.287600+00:00,D:/D drive recovery/Shiva JH/Projects/OneLake Medallion/data/landing/2017-09-11/order_reviews.parquet,2017-09-11
8e9ab92ca9f53b56568aead8edb08372,fb8f03cec06678a33b2782cb3f5a9942,5,,,2017-10-12 00:00:00,2017-10-12 16:35:41,2017-09-11,2017-10-12 16:35:41.000000,2026-08-27T05:17:09.287600+00:00,D:/D drive recovery/Shiva JH/Projects/OneLake Medallion/data/landing/2017-09-11/order_reviews.parquet,2017-09-11
136dc1af79e13c08e790cfbcdc75f293,fdafcfbadd88c33d4798432d3bcf6004,5,,Recomendados.,2017-09-15 00:00:00,2017-09-16 01:06:23,2017-09-11,2017-09-16 01:06:23.000000,2026-08-27T05:17:09.287600+00:00,D:/D drive recovery/Shiva JH/Projects/OneLake Medallion/data/landing/2017-09-11/order_reviews.parquet,2017-09-11
c3fd248a8aa8e05c56a5e0402113bb5c,c2b0a01a95828a432d2f335db23e23b6,1,,O produto é totalmente diferente do que está sendo mostrado no site. Muito inferior.,2017-09-20 00:00:00,2017-09-21 18:42:55,2017-09-11,2017-09-21 18:42:55.000000,2026-08-27T05:17:09.287600+00:00,D:/D drive recovery/Shiva JH/Projects/OneLake Medallion/data/landing/2017-09-11/order_reviews.parquet,2017-09-11
85f04a676cfecf3196cef2e8d8845be4,ef4927f51923ddcf7b75fb84f51126b7,5,,,2017-09-14 00:00:00,2017-09-14 20:48:40,2017-09-11,2017-09-14 20:48:40.000000,2026-08-27T05:17:09.287600+00:00,D:/D drive recovery/Shiva JH/Projects/OneLake Medallion/data/landing/2017-09-11/order_reviews.parquet,2017-09-11
5f4b66dd1012fa27ab203890de15ea5e,0ae449254770bfec75a99b8d804e5b10,5,,"Fornecedor responsável,produto bem embalado, entrega rápida. Faz jus a uma boa recomendação!",2017-09-22 00:00:00,2017-09-26 01:42:13,2017-09-11,2017-09-26 01:42:13.000000,2026-08-27T05:17:09.287600+00:00,D:/D drive recovery/Shiva JH/Projects/OneLake Medallion/data/landing/2017-09-11/order_reviews.parquet,2017-09-11
e9c41bc2d7ddaedd777e1647a4b5c6f6,157b4fe03013e7a9db562091a12c2f8d,5,,,2017-10-15 01:00:00,2017-10-15 18:08:14,2017-09-23,2017-10-15 18:08:14.000000,2026-08-27T05:17:09.287600+00:00,D:/D drive recovery/Shiva JH/Projects/OneLake Medallion/data/landing/2017-09-23/order_reviews.parquet,2017-09-23
9104c0fff4305df551ad34f3d123b89b,eaa99789a47020b46cb0effbc0db5c52,5,,O produto foi enviado corretamente e no prazo.,2017-11-08 00:00:00,2017-11-21 15:01:18,2017-10-17,2017-11-21 15:01:18.000000,2026-08-27T05:17:09.287600+00:00,D:/D drive recovery/Shiva JH/Projects/OneLake Medallion/data/landing/2017-10-17/order_reviews.parquet,2017-10-17
b528084c90e427003b278df07ef26a94,4258b5bedf2331953c0b974849dd7b24,4,,,2017-11-02 00:00:00,2017-11-13 14:31:19,2017-10-17,2017-11-13 14:31:19.000000,2026-08-27T05:17:09.287600+00:00,D:/D drive recovery/Shiva JH/Projects/OneLake Medallion/data/landing/2017-10-17/order_reviews.parquet,2017-10-17
706be2a0206411a303893e98731de570,f4644597165c84bebe72a057c53a0698,1,,"Foi encaminhado ontem um E-mail informando que a mercadoria veio faltando, ate o momento não recebi nenhuma ligação e nem um contato que posso entrar.",2017-11-10 00:00:00,2017-11-10 16:26:02,2017-10-17,2017-11-10 16:26:02.000000,2026-08-27T05:17:09.287600+00:00,D:/D drive recovery/Shiva JH/Projects/OneLake Medallion/data/landing/2017-10-17/order_reviews.parquet,2017-10-17
29e2074bc5f98bcc150fe14a7c32d2d0,f9d90a312f7c442297e418dbf9564475,4,,Produto bonito e funcional. Entrega bem antes do prometido,2017-11-10 00:00:00,2017-11-10 20:34:54,2017-10-17,2017-11-10 20:34:54.000000,2026-08-27T05:17:09.287600+00:00,D:/D drive recovery/Shiva JH/Projects/OneLake Medallion/data/landing/2017-10-17/order_reviews.parquet,2017-10-17
7bfbf756b427b09db345f73fb5545be4,418cd8f1328f8746e2483646f1d1b250,5,,,2017-11-07 00:00:00,2017-11-08 15:24:39,2017-10-29,2017-11-08 15:24:39.000000,2026-08-27T05:17:09.287600+00:00,D:/D drive recovery/Shiva JH/Projects/OneLake Medallion/data/landing/2017-10-29/order_reviews.parquet,2017-10-29
818a5187dd832037151fffdad9e3dbf3,0286c83491d80e29a5f16c150abb76b2,4,,,2017-11-02 00:00:00,2017-11-03 14:00:23,2017-10-29,2017-11-03 14:00:23.000000,2026-08-27T05:17:09.287600+00:00,D:/D drive recovery/Shiva JH/Projects/OneLake Medallion/data/landing/2017-10-29/order_reviews.parquet,2017-10-29
b875605192c5f30949d4020942d3c0f6,8667d8b065b72f775a46212c6170fde2,5,,"Obrigado pela preocupacao com o clinte fiquei muito sastifeita 

 com o produto o produto veio do gente q pedir no site. ",2017-12-05 00:00:00,2017-12-06 02:10:51,2017-11-10,2017-12-06 02:10:51.000000,2026-08-27T05:17:09.287600+00:00,D:/D drive recovery/Shiva JH/Projects/OneLake Medallion/data/landing/2017-11-10/order_reviews.parquet,2017-11-10
2ad58c333491dbd7cb48811e88cc2bc6,10444bce3a6e45509282fc392e7d7c14,5,,,2017-11-22 00:00:00,2017-11-25 10:51:47,2017-11-10,2017-11-25 10:51:47.000000,2026-08-27T05:17:09.287600+00:00,D:/D drive recovery/Shiva JH/Projects/OneLake Medallion/data/landing/2017-11-10/order_reviews.parquet,2017-11-10
223aae73375d548116aaacb25719c24b,3a3b0394c09dbf1c3f658c1fbe9adc31,1,,"loja pessima nao indicaria pra ninguem,.na lannister eu nao conpro mas nada 8 mercadoria que eu conprei so foi entregue 4 entregue nao eu tive de ir busca nos correio paguei fretepra nada ",2017-12-15 00:00:00,2017-12-17 20:35:40,2017-11-10,2017-12-17 20:35:40.000000,2026-08-27T05:17:09.287600+00:00,D:/D drive recovery/Shiva JH/Projects/OneLake Medallion/data/landing/2017-11-10/order_reviews.parquet,2017-11-10
96ddcefe8418d35641dc0056054300c5,0ff7d7a45a6dc4220eab2b7aac2367d6,4,,,2017-11-27 00:00:00,2017-11-27 23:41:50,2017-11-10,2017-11-27 23:41:50.000000,2026-08-27T05:17:09.287600+00:00,D:/D drive recovery/Shiva JH/Projects/OneLake Medallion/data/landing/2017-11-10/order_reviews.parquet,2017-11-10
342e58ab98e8b1aefeff8e7da41ca348,a54f35a6dfb350a13c6410aa276e52d8,5,,,2017-11-19 00:00:00,2017-11-19 19:52:32,2017-11-10,2017-11-19 19:52:32.000000,2026-08-27T05:17:09.287600+00:00,D:/D drive recovery/Shiva JH/Projects/OneLake Medallion/data/landing/2017-11-10/order_reviews.parquet,2017-11-10
e464991d0f321fecfe2efce20c77ad10,53b3e2250cde35f4d38113ae5e3b8055,1,,"Comprei uma carteira,e não recebi não mandaram o número do pedido, e nem o código de rastreio. ",2017-11-22 00:00:00,2017-11-22 21:21:41,2017-11-10,2017-11-22 21:21:41.000000,2026-08-27T05:17:09.287600+00:00,D:/D drive recovery/Shiva JH/Projects/OneLake Medallion/data/landing/2017-11-10/order_reviews.parquet,2017-11-10
5be681cafb61e6e5ef90019319201ba6,968cb4fb4acbc42bc8ad87fc3caba34d,4,,,2017-12-21 00:00:00,2017-12-26 18:17:08,2017-11-22,2017-12-26 18:17:08.000000,2026-08-27T05:17:09.287600+00:00,D:/D drive recovery/Shiva JH/Projects/OneLake Medallion/data/landing/2017-11-22/order_reviews.parquet,2017-11-22
1c01c5d191c0cfa13d7e4e68e386bc70,63d0e1d41c99fb9deaabffa058aeeace,4,,,2017-11-29 00:00:00,2017-12-01 10:41:57,2017-11-22,2017-12-01 10:41:57.000000,2026-08-27T05:17:09.287600+00:00,D:/D drive recovery/Shiva JH/Projects/OneLake Medallion/data/landing/2017-11-22/order_reviews.parquet,2017-11-22
3f65a1c0f2fa1c2a72494435b54a1589,f907eb5eddb04b68f52bbba38b075e8d,5,,,2017-12-10 00:00:00,2017-12-11 01:50:20,2017-11-22,2017-12-11 01:50:20.000000,2026-08-27T05:17:09.287600+00:00,D:/D drive recovery/Shiva JH/Projects/OneLake Medallion/data/landing/2017-11-22/order_reviews.parquet,2017-11-22
8223885755e0056badc216f6f81cbfac,dbfc85111e9812da1a864f78aaf6d282,5,,,2017-11-25 00:00:00,2017-11-27 11:26:01,2017-11-22,2017-11-27 11:26:01.000000,2026-08-27T05:17:09.287600+00:00,D:/D drive recovery/Shiva JH/Projects/OneLake Medallion/data/landing/2017-11-22/order_reviews.parquet,2017-11-22
577fc7c75cd18802dc2f75c16dfe7df2,fe9eb7fc7765ab4b09f817fda0b63089,1,,Apesar de fazer o pedido pelo telefone o prazo dado não foi cumprido.,2018-01-04 00:00:00,2018-01-04 19:58:59,2017-12-04,2018-01-04 19:58:59.000000,2026-08-27T05:17:09.287600+00:00,D:/D drive recovery/Shiva JH/Projects/OneLake Medallion/data/landing/2017-12-04/order_reviews.parquet,2017-12-04
bc2877cc7b2e274dea7785589cda7b1b,11da60acfcd7ff313e1ef9c2f86029b9,5,,Ainda Não Usei o Produto uma vez que comprei porque o meu cartucho anterior está no seu limite de utilização,2017-12-15 00:00:00,2017-12-18 13:26:54,2017-12-04,2017-12-18 13:26:54.000000,2026-08-27T05:17:09.287600+00:00,D:/D drive recovery/Shiva JH/Projects/OneLake Medallion/data/landing/2017-12-04/order_reviews.parquet,2017-12-04
c69ea95429901115de84722df9f484c5,32246337a2acef34f1c9b793e13032d5,5,,,2017-12-08 00:00:00,2017-12-10 23:58:00,2017-12-04,2017-12-10 23:58:00.000000,2026-08-27T05:17:09.287600+00:00,D:/D drive recovery/Shiva JH/Projects/OneLake Medallion/data/landing/2017-12-04/order_reviews.parquet,2017-12-04
0094dde1b39ed6847a41b15204fd3cdd,9dc439a9d732ca991174a53f114c3cde,3,,produto ainda não entregue,2017-12-13 00:00:00,2017-12-14 16:59:28,2017-12-04,2017-12-14 16:59:28.000000,2026-08-27T05:17:09.287600+00:00,D:/D drive recovery/Shiva JH/Projects/OneLake Medallion/data/landing/2017-12-04/order_reviews.parquet,2017-12-04
5e66ca86bcc4efd731f992123c97fa63,6ea1f20d81136864e6e10ac9cce17901,1,,"Demora do carai pra mandar o pedido. Daí fiz cancelamento da venda, to esperando um feedbeck.",2018-01-14 00:00:00,2018-01-14 03:07:18,2017-12-04,2018-01-14 03:07:18.000000,2026-08-27T05:17:09.287600+00:00,D:/D drive recovery/Shiva JH/Projects/OneLake Medallion/data/landing/2017-12-04/order_reviews.parquet,2017-12-04
c7d37f514c090c92fb1d1475f60fbbd3,774398c3ac79463f502a2fff60e2518f,5,,,2017-12-11 00:00:00,2017-12-11 18:40:28,2017-12-04,2017-12-11 18:40:28.000000,2026-08-27T05:17:09.287600+00:00,D:/D drive recovery/Shiva JH/Projects/OneLake Medallion/data/landing/2017-12-04/order_reviews.parquet,2017-12-04
95d3ae18c064a4b0856c7c59de43941f,fbf9b050c89a7d7447452338455c8c0b,5,,,2017-12-17 00:00:00,2017-12-17 15:32:08,2017-12-04,2017-12-17 15:32:08.000000,2026-08-27T05:17:09.287600+00:00,D:/D drive recovery/Shiva JH/Projects/OneLake Medallion/data/landing/2017-12-04/order_reviews.parquet,2017-12-04
3f6dc3d7a268249b780625351bac1edf,1cfb210fdaf81f98065605323fe31fa3,1,,Não recebi meu produto,2018-01-04 00:00:00,2018-01-04 21:37:47,2017-12-04,2018-01-04 21:37:47.000000,2026-08-27T05:17:09.287600+00:00,D:/D drive recovery/Shiva JH/Projects/OneLake Medallion/data/landing/2017-12-04/order_reviews.parquet,2017-12-04
91d5337b32702f242348be4e82b3efaa,ac9c563c1293db37e4a035f8ee3763db,5,,Ótima compra. Produto correto e de qualidade. Vendedora atenciosa. Recomendo!,2017-12-21 00:00:00,2017-12-21 11:52:54,2017-12-04,2017-12-21 11:52:54.000000,2026-08-27T05:17:09.287600+00:00,D:/D drive recovery/Shiva JH/Projects/OneLake Medallion/data/landing/2017-12-04/order_reviews.parquet,2017-12-04
e683f30aaf9e0f38c8814e30a8e8ed3a,0374e57efce00e3004e93acd6310c58f,4,,Ótimo ,2017-12-21 00:00:00,2017-12-22 17:31:23,2017-12-16,2017-12-22 17:31:23.000000,2026-08-27T05:17:09.287600+00:00,D:/D drive recovery/Shiva JH/Projects/OneLake Medallion/data/landing/2017-12-16/order_reviews.parquet,2017-12-16
ca53b01299ac09638c28745a0b3369c4,4faeccf035f43d918905b68a474d4c47,5,,,2017-12-31 00:00:00,2018-01-01 18:13:20,2017-12-16,2018-01-01 18:13:20.000000,2026-08-27T05:17:09.287600+00:00,D:/D drive recovery/Shiva JH/Projects/OneLake Medallion/data/landing/2017-12-16/order_reviews.parquet,2017-12-16
701817d3510d86b20405af93b11a186b,274a1c50ff2991f27b21bd8465c43882,5,,,2018-01-07 00:00:00,2018-01-09 15:56:47,2017-12-16,2018-01-09 15:56:47.000000,2026-08-27T05:17:09.287600+00:00,D:/D drive recovery/Shiva JH/Projects/OneLake Medallion/data/landing/2017-12-16/order_reviews.parquet,2017-12-16
19913b58ed7b54d074d76de553595340,2718df8b2c0fc264750dd28232e31eff,4,,,2018-01-09 00:00:00,2018-01-10 18:40:06,2017-12-28,2018-01-10 18:40:06.000000,2026-08-27T05:17:09.287600+00:00,D:/D drive recovery/Shiva JH/Projects/OneLake Medallion/data/landing/2017-12-28/order_reviews.parquet,2017-12-28
29fc1f3cee418015b3128498ed694698,ca5806ea7cd456a6c3ec4e7591331402,5,,,2018-01-10 00:00:00,2018-01-10 22:39:26,2017-12-28,2018-01-10 22:39:26.000000,2026-08-27T05:17:09.287600+00:00,D:/D drive recovery/Shiva JH/Projects/OneLake Medallion/data/landing/2017-12-28/order_reviews.parquet,2017-12-28
4bc0a454e4c1887e0f0c2fb2f4b3221c,62f85456fc470d391e292c649d8f0124,5,,Ótima loja...,2018-01-10 00:00:00,2018-01-11 12:45:31,2017-12-28,2018-01-11 12:45:31.000000,2026-08-27T05:17:09.287600+00:00,D:/D drive recovery/Shiva JH/Projects/OneLake Medallion/data/landing/2017-12-28/order_reviews.parquet,2017-12-28
987016354841e54f7eb08a6cff44ad68,fc85b94eb688b0abb29954cf6354c1bc,1,,"Comprei dois jogos de cama da mesma marca mas com cores diferentes, porém veio o mesmo produto",2018-01-24 00:00:00,2018-01-25 00:34:18,2018-01-09,2018-01-25 00:34:18.000000,2026-08-27T05:17:09.287600+00:00,D:/D drive recovery/Shiva JH/Projects/OneLake Medallion/data/landing/2018-01-09/order_reviews.parquet,2018-01-09
622352f648be8b030b6dfc833ea69ea2,5678a93db2ffe2111a1b3224911aa1c2,5,,,2018-01-26 00:00:00,2018-01-28 14:28:18,2018-01-09,2018-01-28 14:28:18.000000,2026-08-27T05:17:09.287600+00:00,D:/D drive recovery/Shiva JH/Projects/OneLake Medallion/data/landing/2018-01-09/order_reviews.parquet,2018-01-09
18e415e9b8349dd7f6edc73b126b9f92,359015301bc32c8897957246a4b11621,5,,,2018-01-16 00:00:00,2018-01-18 23:45:18,2018-01-09,2018-01-18 23:45:18.000000,2026-08-27T05:17:09.287600+00:00,D:/D drive recovery/Shiva JH/Projects/OneLake Medallion/data/landing/2018-01-09/order_reviews.parquet,2018-01-09
7fcb5b409e2847bea96733ffe4757af5,d79ddb434f71cfac3f5307ba5bed7fa4,2,,"Não tinha as medidas da mochila no site, acabei comprando uma pequena demais. Sugiro colocar as medidas estampadas.",2018-01-16 00:00:00,2018-01-22 13:16:04,2018-01-09,2018-01-22 13:16:04.000000,2026-08-27T05:17:09.287600+00:00,D:/D drive recovery/Shiva JH/Projects/OneLake Medallion/data/landing/2018-01-09/order_reviews.parquet,2018-01-09
8eac7eee5652b4d635d31fdbe99259ef,01015fb6493ea5b9ba105c80b5452da1,1,,"o produto que pedi não condiz com a foto, pior é enviar ao cliente uma borracha de vedaçao que vc entra com o valor de 3,00. É uma tiraçao ",2018-02-01 00:00:00,2018-02-07 12:01:38,2018-01-09,2018-02-07 12:01:38.000000,2026-08-27T05:17:09.287600+00:00,D:/D drive recovery/Shiva JH/Projects/OneLake Medallion/data/landing/2018-01-09/order_reviews.parquet,2018-01-09
a5b8eaa2899bdec6093c15ee7b15f43d,689338a5ff7fc20c596ee2695dfac8c3,5,,produto entregue conforme pedido e dentro do prazo.,2018-02-05 00:00:00,2018-02-05 18:12:13,2018-01-21,2018-02-05 18:12:13.000000,2026-08-27T05:17:09.287600+00:00,D:/D drive recovery/Shiva JH/Projects/OneLake Medallion/data/landing/2018-01-21/order_reviews.parquet,2018-01-21
78f2e4fcacab05a6ba91dfa91b6e6caa,7897a2eebb3941ae97159cb88f65cb1c,2,,Não entregaram na data prevista,2018-02-08 00:00:00,2018-02-08 15:48:36,2018-01-21,2018-02-08 15:48:36.000000,2026-08-27T05:17:09.287600+00:00,D:/D drive recovery/Shiva JH/Projects/OneLake Medallion/data/landing/2018-01-21/order_reviews.parquet,2018-01-21
8aebe5a43fc4c1e8800f766484a1057f,12c35cf2a5171b0fb8e19d60abcb9353,5,,Maravilhosa!!!,2018-01-26 00:00:00,2018-01-26 20:49:06,2018-01-21,2018-01-26 20:49:06.000000,2026-08-27T05:17:09.287600+00:00,D:/D drive recovery/Shiva JH/Projects/OneLake Medallion/data/landing/2018-01-21/order_reviews.parquet,2018-01-21
2de9108e635c182ac81799a29d8deb81,f2fe1323701bf698117de51d28425ee2,4,,,2018-01-30 00:00:00,2018-02-02 02:53:55,2018-01-21,2018-02-02 02:53:55.000000,2026-08-27T05:17:09.287600+00:00,D:/D drive recovery/Shiva JH/Projects/OneLake Medallion/data/landing/2018-01-21/order_reviews.parquet,2018-01-21
e7c6a9a5a541438cd3bda4d5c7b33cc3,2f313baa6fdec2fc305719ee717b26a2,3,,"Recomendo, produto de ótima qualidade. Superou espectativas.",2018-03-03 00:00:00,2018-03-06 20:26:37,2018-02-02,2018-03-06 20:26:37.000000,2026-08-27T05:17:09.287600+00:00,D:/D drive recovery/Shiva JH/Projects/OneLake Medallion/data/landing/2018-02-02/order_reviews.parquet,2018-02-02
99740a3d8e076728c028ba7afbec5e4b,f280cc89e43c0261d95d1ee72a78cb8b,3,,,2018-03-10 00:00:00,2018-03-12 18:23:14,2018-02-14,2018-03-12 18:23:14.000000,2026-08-27T05:17:09.287600+00:00,D:/D drive recovery/Shiva JH/Projects/OneLake Medallion/data/landing/2018-02-14/order_reviews.parquet,2018-02-14
f05e55dd0ae8c1b47ff4c232165e65aa,adc82913f73b2513bb3e1d039abac600,4,,,2018-03-06 00:00:00,2018-03-08 21:59:55,2018-02-14,2018-03-08 21:59:55.000000,2026-08-27T05:17:09.287600+00:00,D:/D drive recovery/Shiva JH/Projects/OneLake Medallion/data/landing/2018-02-14/order_reviews.parquet,2018-02-14
0965012dfc0dd6bc12b695541f385674,69ab938f05d407e090b2620357ad4103,1,,Até agora não recebi. O que é uma pena porque todos os outros produtos recebi bem certinho,2018-03-09 00:00:00,2018-03-09 12:49:06,2018-02-14,2018-03-09 12:49:06.000000,2026-08-27T05:17:09.287600+00:00,D:/D drive recovery/Shiva JH/Projects/OneLake Medallion/data/landing/2018-02-14/order_reviews.parquet,2018-02-14
fdb441eb0516d0101f2781017c896c37,14fa05104e2d0b8b2fc25c074c5740fb,5,,Tudo foi como o pre combinado. Sem intercorrencias.,2018-02-26 00:00:00,2018-02-27 14:19:57,2018-02-14,2018-02-27 14:19:57.000000,2026-08-27T05:17:09.287600+00:00,D:/D drive recovery/Shiva JH/Projects/OneLake Medallion/data/landing/2018-02-14/order_reviews.parquet,2018-02-14
60cc0b0c675897414224b11b090ce058,ea8458d25568c5313d501ba2b21c68f0,5,,,2018-02-18 00:00:00,2018-02-18 21:34:54,2018-02-14,2018-02-18 21:34:54.000000,2026-08-27T05:17:09.287600+00:00,D:/D drive recovery/Shiva JH/Projects/OneLake Medallion/data/landing/2018-02-14/order_reviews.parquet,2018-02-14
a7dd9f04c8d3dbeb7c8687daafa006f1,ef161f48adcaeede5920308df1c280b6,1,,obrigado,2018-03-13 00:00:00,2018-03-15 19:29:19,2018-02-26,2018-03-15 19:29:19.000000,2026-08-27T05:17:09.287600+00:00,D:/D drive recovery/Shiva JH/Projects/OneLake Medallion/data/landing/2018-02-26/order_reviews.parquet,2018-02-26
42a1f6e2aed1e08bbbf4c06b9e6d20a2,6c9931ec5709dc11de12410eb483b101,4,,,2018-03-07 00:00:00,2018-03-12 17:47:36,2018-02-26,2018-03-12 17:47:36.000000,2026-08-27T05:17:09.287600+00:00,D:/D drive recovery/Shiva JH/Projects/OneLake Medallion/data/landing/2018-02-26/order_reviews.parquet,2018-02-26
f83e8bbd0b65969c9ee866a149a5137a,66f590d82872f3771232770be92a8d0d,5,,produto chegou antes do prazo previto... tudo ok,2018-03-06 00:00:00,2018-03-08 18:53:44,2018-02-26,2018-03-08 18:53:44.000000,2026-08-27T05:17:09.287600+00:00,D:/D drive recovery/Shiva JH/Projects/OneLake Medallion/data/landing/2018-02-26/order_reviews.parquet,2018-02-26
9160c14aa7e5b03d7171bd28c28d7a36,e842dc26adcaa67fb96f4e32c2cf97cc,5,,,2018-03-08 00:00:00,2018-03-09 02:49:54,2018-02-26,2018-03-09 02:49:54.000000,2026-08-27T05:17:09.287600+00:00,D:/D drive recovery/Shiva JH/Projects/OneLake Medallion/data/landing/2018-02-26/order_reviews.parquet,2018-02-26
e0099c43696d7a18a1142e8164ae4139,294bc47f2c556ebbec32a74c4811efd5,1,,Produto nao chegou até agora. Uma vergonha.. Não recomendo! ,2018-03-23 00:00:00,2018-03-23 10:10:02,2018-02-26,2018-03-23 10:10:02.000000,2026-08-27T05:17:09.287600+00:00,D:/D drive recovery/Shiva JH/Projects/OneLake Medallion/data/landing/2018-02-26/order_reviews.parquet,2018-02-26
e3f1070fced09bcb4524b500bea6d80e,eb28e3c93a2ce51b1e6a9a92b3f032bf,5,,,2018-03-01 00:00:00,2018-03-01 16:24:19,2018-02-26,2018-03-01 16:24:19.000000,2026-08-27T05:17:09.287600+00:00,D:/D drive recovery/Shiva JH/Projects/OneLake Medallion/data/landing/2018-02-26/order_reviews.parquet,2018-02-26
92dad749438247df910edce39e333810,a67c02dc9c53a5bae76418bff0a534cf,3,,Boa,2018-03-16 00:00:00,2018-03-19 09:33:30,2018-02-26,2018-03-19 09:33:30.000000,2026-08-27T05:17:09.287600+00:00,D:/D drive recovery/Shiva JH/Projects/OneLake Medallion/data/landing/2018-02-26/order_reviews.parquet,2018-02-26
c231a7912afb5ece647e5ba06805b3da,d2f4bbcf8e2d36f9e13fba6a75c7269a,5,,"Muito Bom , exelente",2018-03-30 00:00:00,2018-03-30 14:40:52,2018-03-10,2018-03-30 14:40:52.000000,2026-08-27T05:17:09.287600+00:00,D:/D drive recovery/Shiva JH/Projects/OneLake Medallion/data/landing/2018-03-10/order_reviews.parquet,2018-03-10
34592a91e941932fcf44fd337be968d2,0032d07457ae9c806c79368d7d9ce96b,1,,,2018-04-19 00:00:00,2018-04-19 10:53:08,2018-03-10,2018-04-19 10:53:08.000000,2026-08-27T05:17:09.287600+00:00,D:/D drive recovery/Shiva JH/Projects/OneLake Medallion/data/landing/2018-03-10/order_reviews.parquet,2018-03-10
cb37c047cdd30e15b212edeaf9f9cdc4,76098ff18bad7555c2d85340e82b8941,2,,,2018-04-05 00:00:00,2018-04-05 10:00:40,2018-03-10,2018-04-05 10:00:40.000000,2026-08-27T05:17:09.287600+00:00,D:/D drive recovery/Shiva JH/Projects/OneLake Medallion/data/landing/2018-03-10/order_reviews.parquet,2018-03-10
e88c505513661bee786bcced0ddf0b61,f0c53ca3e5e7561fb1ff79116340d113,5,super satisfeito com site,recomendo o produto muito bom,2018-03-22 00:00:00,2018-05-04 00:44:40,2018-03-10,2018-05-04 00:44:40.000000,2026-08-27T05:17:09.287600+00:00,D:/D drive recovery/Shiva JH/Projects/OneLake Medallion/data/landing/2018-03-10/order_reviews.parquet,2018-03-10
1a4cca186675adecb7aee5fbb1f662fd,68a6bc33c20d0ac617d2ebc6bba91b60,5,,,2018-03-23 00:00:00,2018-03-24 01:10:29,2018-03-10,2018-03-24 01:10:29.000000,2026-08-27T05:17:09.287600+00:00,D:/D drive recovery/Shiva JH/Projects/OneLake Medallion/data/landing/2018-03-10/order_reviews.parquet,2018-03-10
eb10da795c4ea0d39a1a551d28cb57b0,3e227762960a48c16959bed012a17b30,5,,,2018-03-18 00:00:00,2018-03-18 21:12:58,2018-03-10,2018-03-18 21:12:58.000000,2026-08-27T05:17:09.287600+00:00,D:/D drive recovery/Shiva JH/Projects/OneLake Medallion/data/landing/2018-03-10/order_reviews.parquet,2018-03-10
babb94176a66914e9df4d405e690cd93,226dbf042352f0f381239e29ddcb301e,5,,Sh,2018-03-29 00:00:00,2018-04-01 00:27:48,2018-03-22,2018-04-01 00:27:48.000000,2026-08-27T05:17:09.287600+00:00,D:/D drive recovery/Shiva JH/Projects/OneLake Medallion/data/landing/2018-03-22/order_reviews.parquet,2018-03-22
48d1f618b2c364b9e2e638fede1ffe56,7421a871e3fe41d29fd7dcc9b3be5544,4,,,2018-04-11 00:00:00,2018-04-16 11:33:27,2018-03-22,2018-04-16 11:33:27.000000,2026-08-27T05:17:09.287600+00:00,D:/D drive recovery/Shiva JH/Projects/OneLake Medallion/data/landing/2018-03-22/order_reviews.parquet,2018-03-22
292ae877b7eb0752da04baa364c1904c,a3196fcf306076770911dcf50b642454,5,,,2018-04-04 00:00:00,2018-04-07 01:24:52,2018-03-22,2018-04-07 01:24:52.000000,2026-08-27T05:17:09.287600+00:00,D:/D drive recovery/Shiva JH/Projects/OneLake Medallion/data/landing/2018-03-22/order_reviews.parquet,2018-03-22
4a2ba8cd52939cbbaff409a2cec2b18d,895e066de0072faddf0044db8e490353,5,,"Ótimo produto, original e com muita qualidade, recomendo a todos a loja parceira da lannister !!!",2018-04-17 00:00:00,2018-04-21 19:24:59,2018-04-03,2018-04-21 19:24:59.000000,2026-08-27T05:17:09.287600+00:00,D:/D drive recovery/Shiva JH/Projects/OneLake Medallion/data/landing/2018-04-03/order_reviews.parquet,2018-04-03
77d54a7d2220c633a6f8a0284f4bfcd1,3eaf0488f419dab6c6d582b1d28ab37e,5,,,2018-05-01 00:00:00,2018-05-02 10:13:45,2018-04-03,2018-05-02 10:13:45.000000,2026-08-27T05:17:09.287600+00:00,D:/D drive recovery/Shiva JH/Projects/OneLake Medallion/data/landing/2018-04-03/order_reviews.parquet,2018-04-03
e58a0291cd171a42ded7257ff7d3b045,3f319eb09e31aa1ea2a4079bdd655c62,5,,Gostei muito,2018-04-08 00:00:00,2018-04-09 10:08:13,2018-04-03,2018-04-09 10:08:13.000000,2026-08-27T05:17:09.287600+00:00,D:/D drive recovery/Shiva JH/Projects/OneLake Medallion/data/landing/2018-04-03/order_reviews.parquet,2018-04-03
889efc1784ed4cb4d09096bd4a38d577,342f80dffbb78439bbdb1d94b8ee09da,5,,,2018-04-07 00:00:00,2018-04-08 03:46:31,2018-04-03,2018-04-08 03:46:31.000000,2026-08-27T05:17:09.287600+00:00,D:/D drive recovery/Shiva JH/Projects/OneLake Medallion/data/landing/2018-04-03/order_reviews.parquet,2018-04-03
ded138cc905115e2f1154bafc5910753,875e51f9d6e1c16b9c8efd34fce58b13,5,,,2018-04-11 00:00:00,2018-04-14 12:35:25,2018-04-03,2018-04-14 12:35:25.000000,2026-08-27T05:17:09.287600+00:00,D:/D drive recovery/Shiva JH/Projects/OneLake Medallion/data/landing/2018-04-03/order_reviews.parquet,2018-04-03
87872c2be33d08a215c20484a06594bd,363db2084f02a7975229da39cd0ca573,3,,O sling é um pouco menor mais funciona bem para dias quentes não é legal por que é de algodão ,2018-04-10 00:00:00,2018-04-12 14:29:57,2018-04-03,2018-04-12 14:29:57.000000,2026-08-27T05:17:09.287600+00:00,D:/D drive recovery/Shiva JH/Projects/OneLake Medallion/data/landing/2018-04-03/order_reviews.parquet,2018-04-03
fa8968c05ae7e974ab689c3f691daa56,ce8cdf8291104b56565b8e6c6fb62901,3,,,2018-04-17 00:00:00,2018-04-20 12:51:54,2018-04-03,2018-04-20 12:51:54.000000,2026-08-27T05:17:09.287600+00:00,D:/D drive recovery/Shiva JH/Projects/OneLake Medallion/data/landing/2018-04-03/order_reviews.parquet,2018-04-03
d08317951589ae76e9c807651f63cb5f,0fec5b52f7f6c1e7b725c742a8bdf7d4,3,,comprei 3 entregaram somente 2,2018-04-25 00:00:00,2018-04-25 22:02:48,2018-04-15,2018-04-25 22:02:48.000000,2026-08-27T05:17:09.287600+00:00,D:/D drive recovery/Shiva JH/Projects/OneLake Medallion/data/landing/2018-04-15/order_reviews.parquet,2018-04-15
036193dff93facce4450ba7820a1743f,d4ccce5bb74fa1b913fefb501f0d63b5,5,,,2018-05-01 00:00:00,2018-05-01 21:35:41,2018-04-15,2018-05-01 21:35:41.000000,2026-08-27T05:17:09.287600+00:00,D:/D drive recovery/Shiva JH/Projects/OneLake Medallion/data/landing/2018-04-15/order_reviews.parquet,2018-04-15
5db31cd43a1d7254dd3bbc466a618e12,b6fbeeba8ce77342619aa0311aff42d3,5,Diferente do esperado,"Tem um bom aumento, mas ainda não é o que procuro pois, vc tem que ficar muito próximo, tem que quase encostar no objeto que observa.",2018-05-02 00:00:00,2018-05-03 00:25:06,2018-04-15,2018-05-03 00:25:06.000000,2026-08-27T05:17:09.287600+00:00,D:/D drive recovery/Shiva JH/Projects/OneLake Medallion/data/landing/2018-04-15/order_reviews.parquet,2018-04-15
4f77b1ce66564aeac994458d48f47367,b5946695c1837e21323da65699b4e187,1,,"Meu pedido ainda não foi entregue e ta com dois dias de atraso,isso é um absurdo. ",2018-05-24 00:00:00,2018-05-24 16:14:14,2018-04-15,2018-05-24 16:14:14.000000,2026-08-27T05:17:09.287600+00:00,D:/D drive recovery/Shiva JH/Projects/OneLake Medallion/data/landing/2018-04-15/order_reviews.parquet,2018-04-15
f08177b0c4dc68163356ca6ff3a05905,c96fbf82fa852856858765ef154a0918,4,,,2018-05-08 00:00:00,2018-05-12 13:32:34,2018-04-15,2018-05-12 13:32:34.000000,2026-08-27T05:17:09.287600+00:00,D:/D drive recovery/Shiva JH/Projects/OneLake Medallion/data/landing/2018-04-15/order_reviews.parquet,2018-04-15
cd0a5755cc31093d42768364f240ab74,2b7737f7accfb9e2ee360963a202eaf3,5,,,2018-04-24 00:00:00,2018-04-24 20:26:47,2018-04-15,2018-04-24 20:26:47.000000,2026-08-27T05:17:09.287600+00:00,D:/D drive recovery/Shiva JH/Projects/OneLake Medallion/data/landing/2018-04-15/order_reviews.parquet,2018-04-15
255d743fdebc7f39e0fdac25d4c6e7d2,1c11b1c44ff1f6059f4fdf48bacf3e82,3,,,2018-04-18 00:00:00,2018-04-26 12:20:34,2018-04-15,2018-04-26 12:20:34.000000,2026-08-27T05:17:09.287600+00:00,D:/D drive recovery/Shiva JH/Projects/OneLake Medallion/data/landing/2018-04-15/order_reviews.parquet,2018-04-15
49c536914834e5f2ffd8ec44c82a9f27,50089a9784f34a308dc31a939b4b6b1b,5,,,2018-05-23 00:00:00,2018-05-23 22:22:38,2018-04-27,2018-05-23 22:22:38.000000,2026-08-27T05:17:09.287600+00:00,D:/D drive recovery/Shiva JH/Projects/OneLake Medallion/data/landing/2018-04-27/order_reviews.parquet,2018-04-27
2a9e2ca0f35bcd7a4910c6879960a2b1,bcff2428bc8dfd4dc25021c9b39ac885,4,,,2018-05-04 00:00:00,2018-05-05 01:02:49,2018-04-27,2018-05-05 01:02:49.000000,2026-08-27T05:17:09.287600+00:00,D:/D drive recovery/Shiva JH/Projects/OneLake Medallion/data/landing/2018-04-27/order_reviews.parquet,2018-04-27
ba5ec540071ec7c8599937613b1029d6,c4013cb5a6fe10b85e1483166d5ce1dc,1,Demora,"Ja se passaram 9 dias do combinado, entao terei que da essa nota!",2018-06-10 00:00:00,2018-06-18 02:54:12,2018-04-27,2018-06-18 02:54:12.000000,2026-08-27T05:17:09.287600+00:00,D:/D drive recovery/Shiva JH/Projects/OneLake Medallion/data/landing/2018-04-27/order_reviews.parquet,2018-04-27
82ba9065f4b10666dfb8e93c6f0abda0,1edb4efa70d2b132ba169e874a344588,4,,,2018-05-03 00:00:00,2018-05-07 17:31:58,2018-04-27,2018-05-07 17:31:58.000000,2026-08-27T05:17:09.287600+00:00,D:/D drive recovery/Shiva JH/Projects/OneLake Medallion/data/landing/2018-04-27/order_reviews.parquet,2018-04-27
3e68b4440b3eba12b6e8e6813b7575d7,0487e06921e4ff31dd6c111294e130fa,4,,,2018-05-05 00:00:00,2018-05-07 23:09:37,2018-04-27,2018-05-07 23:09:37.000000,2026-08-27T05:17:09.287600+00:00,D:/D drive recovery/Shiva JH/Projects/OneLake Medallion/data/landing/2018-04-27/order_reviews.parquet,2018-04-27
9b188c11d4a4630200ea73220d43943c,6a89044b7b034fd457b29972e9c1de95,5,,,2018-05-17 00:00:00,2018-05-20 17:55:21,2018-05-09,2018-05-20 17:55:21.000000,2026-08-27T05:17:09.287600+00:00,D:/D drive recovery/Shiva JH/Projects/OneLake Medallion/data/landing/2018-05-09/order_reviews.parquet,2018-05-09
cbf847499d4917e61a0064729a87e1fb,25273b22ff54701a1030f32669e15d07,5,,,2018-06-03 00:00:00,2018-06-05 12:36:04,2018-05-09,2018-06-05 12:36:04.000000,2026-08-27T05:17:09.287600+00:00,D:/D drive recovery/Shiva JH/Projects/OneLake Medallion/data/landing/2018-05-09/order_reviews.parquet,2018-05-09
f096a21b63e99bcb9f7ecd445b000a5d,e8e4b07d5ef7b47ef02076c4e41f3cb3,4,,,2018-05-17 00:00:00,2018-05-24 13:35:59,2018-05-09,2018-05-24 13:35:59.000000,2026-08-27T05:17:09.287600+00:00,D:/D drive recovery/Shiva JH/Projects/OneLake Medallion/data/landing/2018-05-09/order_reviews.parquet,2018-05-09
795ffd774dbcbb981bf85766f8e2a953,a3a97bc6e236d5351537c8f466c34dad,3,O produto é bom,O produto é bom só que o valor do frete é muito caro não recomendo.,2018-05-24 00:00:00,2018-05-24 21:24:36,2018-05-09,2018-05-24 21:24:36.000000,2026-08-27T05:17:09.287600+00:00,D:/D drive recovery/Shiva JH/Projects/OneLake Medallion/data/landing/2018-05-09/order_reviews.parquet,2018-05-09
b4b327ece190bdfda98e3a3e3417e597,cbcd88d04afac8b9bfc8e6d7a7f6e491,1,Pessima,"Comprei 02 canetas e recebi somente 01, e a NF foi emitida e paga constando duas canetas e ainda aguardando retorno do que ocorreu.",2018-05-15 00:00:00,2018-05-15 20:28:51,2018-05-09,2018-05-15 20:28:51.000000,2026-08-27T05:17:09.287600+00:00,D:/D drive recovery/Shiva JH/Projects/OneLake Medallion/data/landing/2018-05-09/order_reviews.parquet,2018-05-09
f4143fce9f6428ffc34fda5769598359,31757b95c65bd61af1af6d30103b64cf,5,super recomendado,"O site é de confiança, assim como, a pontualidade na entrega do produto.",2018-05-23 00:00:00,2018-05-23 20:18:55,2018-05-09,2018-05-23 20:18:55.000000,2026-08-27T05:17:09.287600+00:00,D:/D drive recovery/Shiva JH/Projects/OneLake Medallion/data/landing/2018-05-09/order_reviews.parquet,2018-05-09
2526bb258f1fa7a2f585356ac2e3753d,fe522211f91ead8530eaf08d45cdbe7e,5,,,2018-05-22 00:00:00,2018-05-25 13:40:11,2018-05-09,2018-05-25 13:40:11.000000,2026-08-27T05:17:09.287600+00:00,D:/D drive recovery/Shiva JH/Projects/OneLake Medallion/data/landing/2018-05-09/order_reviews.parquet,2018-05-09
d24d58e6cd63cc70134f6ee01a488621,6aee55e0d891d50d5235891f90c938c8,5,,,2018-05-12 00:00:00,2018-05-14 13:05:10,2018-05-09,2018-05-14 13:05:10.000000,2026-08-27T05:17:09.287600+00:00,D:/D drive recovery/Shiva JH/Projects/OneLake Medallion/data/landing/2018-05-09/order_reviews.parquet,2018-05-09
34a6ea8678c09bc153a3d194f24c038f,c4b9744b03d4c89b98b6847ef0b04321,5,,,2018-05-15 00:00:00,2018-05-16 19:06:52,2018-05-09,2018-05-16 19:06:52.000000,2026-08-27T05:17:09.287600+00:00,D:/D drive recovery/Shiva JH/Projects/OneLake Medallion/data/landing/2018-05-09/order_reviews.parquet,2018-05-09
977b8472f81796d64b73e31f8420bde2,920660e6627be7877e8f70d72c8e398e,5,Ótimo,Eu só compro neste site tenho segurança ok,2018-05-17 00:00:00,2018-05-21 01:35:27,2018-05-09,2018-05-21 01:35:27.000000,2026-08-27T05:17:09.287600+00:00,D:/D drive recovery/Shiva JH/Projects/OneLake Medallion/data/landing/2018-05-09/order_reviews.parquet,2018-05-09
41ab6a6885ad757f124eb3879402dae3,e5cefdab54d9844f44c6d68f3611f145,5,,,2018-05-12 00:00:00,2018-05-12 16:59:28,2018-05-09,2018-05-12 16:59:28.000000,2026-08-27T05:17:09.287600+00:00,D:/D drive recovery/Shiva JH/Projects/OneLake Medallion/data/landing/2018-05-09/order_reviews.parquet,2018-05-09
97abe22943dc8beb5827cfc19eebcee2,74003ffbdb30d86975836aa572b73fea,4,Bom ,,2018-06-06 00:00:00,2018-06-08 22:16:54,2018-05-21,2018-06-08 22:16:54.000000,2026-08-27T05:17:09.287600+00:00,D:/D drive recovery/Shiva JH/Projects/OneLake Medallion/data/landing/2018-05-21/order_reviews.parquet,2018-05-21
110bd5ccbf75e0c01ebdca8fc7ff5558,270876310226d967a79f278abd5eebdb,5,,,2018-06-05 00:00:00,2018-06-06 00:42:39,2018-05-21,2018-06-06 00:42:39.000000,2026-08-27T05:17:09.287600+00:00,D:/D drive recovery/Shiva JH/Projects/OneLake Medallion/data/landing/2018-05-21/order_reviews.parquet,2018-05-21
e51cd95c81476e713817f32d23754c54,4b78a3c3971b83606a959d5c98208c66,5,,,2018-05-26 00:00:00,2018-05-27 02:32:09,2018-05-21,2018-05-27 02:32:09.000000,2026-08-27T05:17:09.287600+00:00,D:/D drive recovery/Shiva JH/Projects/OneLake Medallion/data/landing/2018-05-21/order_reviews.parquet,2018-05-21
66d5d9960adb1832777a387f38561de7,699ff12900168a9020bb2487be684cc0,4,,,2018-06-02 00:00:00,2018-06-03 00:27:35,2018-05-21,2018-06-03 00:27:35.000000,2026-08-27T05:17:09.287600+00:00,D:/D drive recovery/Shiva JH/Projects/OneLake Medallion/data/landing/2018-05-21/order_reviews.parquet,2018-05-21
edfc4b462c1c7fcd24041342bfdef0b4,bcdbb3b243d4e882503b919785e2343f,1,,Bom o produto é bom mas eu comprei 5 radinho e só veio 3 ,2018-05-29 00:00:00,2018-06-03 20:57:37,2018-05-21,2018-06-03 20:57:37.000000,2026-08-27T05:17:09.287600+00:00,D:/D drive recovery/Shiva JH/Projects/OneLake Medallion/data/landing/2018-05-21/order_reviews.parquet,2018-05-21
d83d39d316cfdb2d4a4ab1b2ef16f01a,d8da851ab137ba5e72352b665d2ea6e8,5,Boa qualidade,Produto chegou antes do prazo.,2018-05-25 00:00:00,2018-05-27 23:55:48,2018-05-21,2018-05-27 23:55:48.000000,2026-08-27T05:17:09.287600+00:00,D:/D drive recovery/Shiva JH/Projects/OneLake Medallion/data/landing/2018-05-21/order_reviews.parquet,2018-05-21
20601becaea6981113b33148358569c1,aca32a744ead78cb64a902170bf3147e,1,Produto não veio 250 ml,O produto não veio cheio ,2018-06-03 00:00:00,2018-06-03 13:18:20,2018-05-21,2018-06-03 13:18:20.000000,2026-08-27T05:17:09.287600+00:00,D:/D drive recovery/Shiva JH/Projects/OneLake Medallion/data/landing/2018-05-21/order_reviews.parquet,2018-05-21
6fb8aa19bc4982a6cec33768c5b04328,fe8522d905daf1e2c69dd128d7e0f81b,4,,,2018-06-16 00:00:00,2018-06-17 20:25:41,2018-06-02,2018-06-17 20:25:41.000000,2026-08-27T05:17:09.287600+00:00,D:/D drive recovery/Shiva JH/Projects/OneLake Medallion/data/landing/2018-06-02/order_reviews.parquet,2018-06-02
d766d5f9e0ca4884621d5e62c1c6d521,874eef9a84653f570656bdb0f8519151,5,Bom,Sem dúvida comprarei de novo.,2018-06-13 00:00:00,2018-06-18 00:49:57,2018-06-02,2018-06-18 00:49:57.000000,2026-08-27T05:17:09.287600+00:00,D:/D drive recovery/Shiva JH/Projects/OneLake Medallion/data/landing/2018-06-02/order_reviews.parquet,2018-06-02
b9116d4a2d3e2ca61bb28a5bb53bc4ed,1630676be03651738ab38bdd77ce6e67,5,Adorei,Adorei o sling. Produto ótimo.,2018-06-08 00:00:00,2018-06-08 22:12:02,2018-06-02,2018-06-08 22:12:02.000000,2026-08-27T05:17:09.287600+00:00,D:/D drive recovery/Shiva JH/Projects/OneLake Medallion/data/landing/2018-06-02/order_reviews.parquet,2018-06-02
a9a5c6d4cb8a586b0e8f03f1fc6c8225,633ab17bf4665666fdef150a01469e84,5,Excelente ,O produto chegou antes do prazo,2018-06-20 00:00:00,2018-06-20 22:01:27,2018-06-02,2018-06-20 22:01:27.000000,2026-08-27T05:17:09.287600+00:00,D:/D drive recovery/Shiva JH/Projects/OneLake Medallion/data/landing/2018-06-02/order_reviews.parquet,2018-06-02
33b9fbf30f1071105e2a5eb037bf1051,2f781724d497e0d63c12e8ece70977e1,5,,,2018-06-19 00:00:00,2018-06-22 16:02:09,2018-06-14,2018-06-22 16:02:09.000000,2026-08-27T05:17:09.287600+00:00,D:/D drive recovery/Shiva JH/Projects/OneLake Medallion/data/landing/2018-06-14/order_reviews.parquet,2018-06-14
67adbc4b914eb5dbfdaeb00a85b14c53,c1c06053c21d197688b79b2dddbc0560,5,,,2018-07-05 00:00:00,2018-07-08 11:18:11,2018-06-14,2018-07-08 11:18:11.000000,2026-08-27T05:17:09.287600+00:00,D:/D drive recovery/Shiva JH/Projects/OneLake Medallion/data/landing/2018-06-14/order_reviews.parquet,2018-06-14
31fdd8bc04f5a2e415fa87c12159698d,84a5898c018be5c7ee3e45969708ebbe,2,Entrega,Recebi parte da compra. Fsltou a saia matelasada. E não recebi nenhuma informação sobre essa pendência. Aguardo instruções sobre como proceder.,2018-06-22 00:00:00,2018-06-23 10:03:20,2018-06-14,2018-06-23 10:03:20.000000,2026-08-27T05:17:09.287600+00:00,D:/D drive recovery/Shiva JH/Projects/OneLake Medallion/data/landing/2018-06-14/order_reviews.parquet,2018-06-14
793f07a7f0d9e7088498a1dc22d327cc,7c204785100c09c72acb28ef9a1f2fe2,4,,,2018-06-22 00:00:00,2018-06-22 23:10:13,2018-06-14,2018-06-22 23:10:13.000000,2026-08-27T05:17:09.287600+00:00,D:/D drive recovery/Shiva JH/Projects/OneLake Medallion/data/landing/2018-06-14/order_reviews.parquet,2018-06-14
6740912e6b4bb99b3fad98dbc0f18afe,a40874087359fab9b2c8a3aef56a97ad,5,Confiável,"Veio tudo certinho, lacradinho, dentro do prazo, vai na fé!",2018-06-22 00:00:00,2018-06-23 17:28:41,2018-06-14,2018-06-23 17:28:41.000000,2026-08-27T05:17:09.287600+00:00,D:/D drive recovery/Shiva JH/Projects/OneLake Medallion/data/landing/2018-06-14/order_reviews.parquet,2018-06-14
b93565decd9c553dc0345b2d5d5d6686,621be24850f6edd2e8dbd75a0f19668a,5,,,2018-07-01 00:00:00,2018-07-02 01:45:30,2018-06-26,2018-07-02 01:45:30.000000,2026-08-27T05:17:09.287600+00:00,D:/D drive recovery/Shiva JH/Projects/OneLake Medallion/data/landing/2018-06-26/order_reviews.parquet,2018-06-26
bbbf8a67449630cbbd2fd3328fe8b2ae,7dba3fad5219968d9c9d8e03aa43bb35,5,,,2018-07-03 00:00:00,2018-07-03 19:06:27,2018-06-26,2018-07-03 19:06:27.000000,2026-08-27T05:17:09.287600+00:00,D:/D drive recovery/Shiva JH/Projects/OneLake Medallion/data/landing/2018-06-26/order_reviews.parquet,2018-06-26
f64f465833b8b18139ebd8b7a5ccd5bc,98efb98b2ba4d80a561ae49d4525ccac,4,Muito bom ,Entrega rápida bom serviço ,2018-06-30 00:00:00,2018-07-02 23:39:08,2018-06-26,2018-07-02 23:39:08.000000,2026-08-27T05:17:09.287600+00:00,D:/D drive recovery/Shiva JH/Projects/OneLake Medallion/data/landing/2018-06-26/order_reviews.parquet,2018-06-26
1eac9c52e33cba718293b36d4377c7d6,a4425e2bccba621150a07a685cf063be,5,Super Recomendo,"Entrega super rápida! 
",2018-06-30 00:00:00,2018-07-02 19:28:46,2018-06-26,2018-07-02 19:28:46.000000,2026-08-27T05:17:09.287600+00:00,D:/D drive recovery/Shiva JH/Projects/OneLake Medallion/data/landing/2018-06-26/order_reviews.parquet,2018-06-26
efb174620093a416217d25f2549e4eef,1905071c46575209972c8c3e9e8d2ee8,5,,,2018-07-03 00:00:00,2018-07-04 00:57:30,2018-06-26,2018-07-04 00:57:30.000000,2026-08-27T05:17:09.287600+00:00,D:/D drive recovery/Shiva JH/Projects/OneLake Medallion/data/landing/2018-06-26/order_reviews.parquet,2018-06-26
4da29332d748d549705d95c0511ca93f,ccfe85ff3893b9efe8d101891fdd40ee,3,,,2018-07-04 00:00:00,2018-07-08 12:45:21,2018-06-26,2018-07-08 12:45:21.000000,2026-08-27T05:17:09.287600+00:00,D:/D drive recovery/Shiva JH/Projects/OneLake Medallion/data/landing/2018-06-26/order_reviews.parquet,2018-06-26
e1fb76f142df9d8900dc7beb37f59a9b,f57b72afcc4b452e33507898aa140ff5,5,,,2018-07-10 00:00:00,2018-07-11 02:31:42,2018-06-26,2018-07-11 02:31:42.000000,2026-08-27T05:17:09.287600+00:00,D:/D drive recovery/Shiva JH/Projects/OneLake Medallion/data/landing/2018-06-26/order_reviews.parquet,2018-06-26
f1e5cd1574a6be811fc8e285ab492741,0d9664d8da1dc4337269071b39e19423,5,,Produto chegou antes do prazo determinado pelo site.,2016-10-28 00:00:00,2016-10-31 11:01:33,2016-10-06,2016-10-31 11:01:33.000000,2026-08-27T05:17:09.287600+00:00,D:/D drive recovery/Shiva JH/Projects/OneLake Medallion/data/landing/2016-10-06/order_reviews.parquet,2016-10-06
335d5ecdd8c7cfc9f1aa14670861fabe,b1d88d1e4179448cac98b8d433e23316,5,,,2016-10-28 00:00:00,2016-10-31 11:32:57,2016-10-06,2016-10-31 11:32:57.000000,2026-08-27T05:17:09.287600+00:00,D:/D drive recovery/Shiva JH/Projects/OneLake Medallion/data/landing/2016-10-06/order_reviews.parquet,2016-10-06
a9815ff889a8e9c67023e892f642edf5,b7026ba7432929d99880463305b8ce98,1,,nunca fiz uma compra pra receber com tanta demora,2016-11-11 00:00:00,2016-11-14 18:00:30,2016-10-06,2016-11-14 18:00:30.000000,2026-08-27T05:17:09.287600+00:00,D:/D drive recovery/Shiva JH/Projects/OneLake Medallion/data/landing/2016-10-06/order_reviews.parquet,2016-10-06
0ad58cdf5054add1a5569e58ae1b2ceb,bb2dfe6031f35f7abc9a3c7dad5e4467,3,,"Foi tudo no prazo. .
Bem embalado e perfeito estado.",2017-01-31 00:00:00,2017-02-01 13:56:00,2017-01-22,2017-02-01 13:56:00.000000,2026-08-27T05:17:09.287600+00:00,D:/D drive recovery/Shiva JH/Projects/OneLake Medallion/data/landing/2017-01-22/order_reviews.parquet,2017-01-22
96cebd97cb5bb40c41ed484c9f3f453f,3c5edc9665595ab8ab9bdd6c5c4a961a,5,,,2017-02-11 00:00:00,2017-02-14 21:51:17,2017-02-03,2017-02-14 21:51:17.000000,2026-08-27T05:17:09.287600+00:00,D:/D drive recovery/Shiva JH/Projects/OneLake Medallion/data/landing/2017-02-03/order_reviews.parquet,2017-02-03
599670563f06e690abeb83c6d80c0450,603e15b90edc4dbafc68def34a24d4a7,4,,,2017-02-24 00:00:00,2017-02-26 23:25:25,2017-02-03,2017-02-26 23:25:25.000000,2026-08-27T05:17:09.287600+00:00,D:/D drive recovery/Shiva JH/Projects/OneLake Medallion/data/landing/2017-02-03/order_reviews.parquet,2017-02-03
13e5ca1aa049fdab5917c6f7dc2fa0c0,e70564a3b448dd6f6d5ca53b0f8222b1,4,,,2017-02-21 00:00:00,2017-02-22 13:52:02,2017-02-15,2017-02-22 13:52:02.000000,2026-08-27T05:17:09.287600+00:00,D:/D drive recovery/Shiva JH/Projects/OneLake Medallion/data/landing/2017-02-15/order_reviews.parquet,2017-02-15
0bf0ff442d8ee938517d27917ff77def,d48c000420ecc626fa621ab2f206fd85,5,,"Entregue bem antes do prazo. Muito satisfeita. Recomendo. 
",2017-02-24 00:00:00,2017-02-25 11:46:49,2017-02-15,2017-02-25 11:46:49.000000,2026-08-27T05:17:09.287600+00:00,D:/D drive recovery/Shiva JH/Projects/OneLake Medallion/data/landing/2017-02-15/order_reviews.parquet,2017-02-15
f5dad0cc7d991ef62189e65c89919605,4a95fefb52a7a5a0d882ba840d33954d,3,,,2017-03-04 00:00:00,2017-03-06 22:26:19,2017-02-15,2017-03-06 22:26:19.000000,2026-08-27T05:17:09.287600+00:00,D:/D drive recovery/Shiva JH/Projects/OneLake Medallion/data/landing/2017-02-15/order_reviews.parquet,2017-02-15
3c337cda1dbcf8d527fdeee1a2cf0feb,89fd0af8914b1f149a531f98a183a860,3,,"O jogo americano mostrava que eram dois guardanapos, veio apenas um. Colocaram um Livro que eu não havia pedido. ",2017-03-15 00:00:00,2017-03-18 00:51:59,2017-02-27,2017-03-18 00:51:59.000000,2026-08-27T05:17:09.287600+00:00,D:/D drive recovery/Shiva JH/Projects/OneLake Medallion/data/landing/2017-02-27/order_reviews.parquet,2017-02-27
9c523a0263f13d4050bce552e7dfc83e,af6ed18f03a877659659ed9467c7cd9e,2,,,2017-03-22 00:00:00,2017-03-24 12:05:24,2017-02-27,2017-03-24 12:05:24.000000,2026-08-27T05:17:09.287600+00:00,D:/D drive recovery/Shiva JH/Projects/OneLake Medallion/data/landing/2017-02-27/order_reviews.parquet,2017-02-27
f4be1609ce47aa004bc71873aebce7ec,e52c07a2a833bd6f6033795e8fec6286,4,,,2017-03-11 00:00:00,2017-03-13 14:09:05,2017-02-27,2017-03-13 14:09:05.000000,2026-08-27T05:17:09.287600+00:00,D:/D drive recovery/Shiva JH/Projects/OneLake Medallion/data/landing/2017-02-27/order_reviews.parquet,2017-02-27
25131a39620039d36004db1c5c548086,522edeff08426375a7001e01034c289b,5,,,2017-03-04 00:00:00,2017-03-05 22:27:38,2017-02-27,2017-03-05 22:27:38.000000,2026-08-27T05:17:09.287600+00:00,D:/D drive recovery/Shiva JH/Projects/OneLake Medallion/data/landing/2017-02-27/order_reviews.parquet,2017-02-27
79d56c27ffce5bbad126a37e78879bf9,4ea0ef9a772da79c6afd8ebc69ee008c,5,,Gostei,2017-03-26 00:00:00,2017-03-29 00:11:32,2017-03-11,2017-03-29 00:11:32.000000,2026-08-27T05:17:09.287600+00:00,D:/D drive recovery/Shiva JH/Projects/OneLake Medallion/data/landing/2017-03-11/order_reviews.parquet,2017-03-11
a40a0e99764674bc313061cec03c801c,d7b749382b06fe2551235b118a962dfa,5,,,2017-03-24 00:00:00,2017-03-26 03:43:15,2017-03-11,2017-03-26 03:43:15.000000,2026-08-27T05:17:09.287600+00:00,D:/D drive recovery/Shiva JH/Projects/OneLake Medallion/data/landing/2017-03-11/order_reviews.parquet,2017-03-11
a2b101a88cfc196ac8a9dbc9ff02a3d0,82ff294d1970490323910cdd6c463977,5,,,2017-03-23 00:00:00,2017-03-24 01:37:18,2017-03-11,2017-03-24 01:37:18.000000,2026-08-27T05:17:09.287600+00:00,D:/D drive recovery/Shiva JH/Projects/OneLake Medallion/data/landing/2017-03-11/order_reviews.parquet,2017-03-11
3b1dec2919e5f82151051acacd51233b,9d7a3ee5e3aeb43589c049d8940e9ba9,5,," A entrega foi rápida e chegou muito bem embalado. O produto é multiuso. Serve para tonificar, massagear e até lixar. ",2017-04-04 00:00:00,2017-04-05 01:02:12,2017-03-23,2017-04-05 01:02:12.000000,2026-08-27T05:17:09.287600+00:00,D:/D drive recovery/Shiva JH/Projects/OneLake Medallion/data/landing/2017-03-23/order_reviews.parquet,2017-03-23
2b924ed331bdb3a9cac26a7ed453bf75,9d7bda1d8caaa92f82edb8e4559852a8,1,,,2017-04-29 00:00:00,2017-05-05 15:01:17,2017-04-04,2017-05-05 15:01:17.000000,2026-08-27T05:17:09.287600+00:00,D:/D drive recovery/Shiva JH/Projects/OneLake Medallion/data/landing/2017-04-04/order_reviews.parquet,2017-04-04
afb63e2abeaa9c097dff895f4692c109,cd746a0e172f3aac198180760cc21a8e,4,,Recomendo!! Ótimo preço!!,2017-05-18 00:00:00,2017-05-19 09:15:13,2017-04-28,2017-05-19 09:15:13.000000,2026-08-27T05:17:09.287600+00:00,D:/D drive recovery/Shiva JH/Projects/OneLake Medallion/data/landing/2017-04-28/order_reviews.parquet,2017-04-28
ef0726346c19064419b8d976e32b57d9,1ea1fb68cd910d7d689029bb60ebca1e,5,,,2017-05-09 00:00:00,2017-05-12 15:42:44,2017-04-28,2017-05-12 15:42:44.000000,2026-08-27T05:17:09.287600+00:00,D:/D drive recovery/Shiva JH/Projects/OneLake Medallion/data/landing/2017-04-28/order_reviews.parquet,2017-04-28
45b474f8f78b2d99b9fe54be8db01a93,9125faac1b379b7b9ab4665189739e31,5,,Ótimo vendedor. Recomendo a todos.,2017-05-25 00:00:00,2017-05-26 12:13:48,2017-05-10,2017-05-26 12:13:48.000000,2026-08-27T05:17:09.287600+00:00,D:/D drive recovery/Shiva JH/Projects/OneLake Medallion/data/landing/2017-05-10/order_reviews.parquet,2017-05-10
01aedde980a0deb812bf2a2a3fee097f,c4980a38f3fc3aaa233e01aad10e6bc8,4,,"O produto veio bem embalado, íntegro. Me surpreendi!! Não faz barulho! Apenas achei algumas peças de plástico um pouco frágeis. Poderiam ser mais resistentes. Mas o produto é muito bom.",2017-05-25 00:00:00,2017-05-26 11:30:33,2017-05-10,2017-05-26 11:30:33.000000,2026-08-27T05:17:09.287600+00:00,D:/D drive recovery/Shiva JH/Projects/OneLake Medallion/data/landing/2017-05-10/order_reviews.parquet,2017-05-10
ab047478fcf4d387ffba2588c4ee61f1,b0934c7d9368624b044fc218c11776e9,5,,"recomendaria entrega muito rapida antes do praso,",2017-05-29 00:00:00,2017-05-30 00:48:41,2017-05-10,2017-05-30 00:48:41.000000,2026-08-27T05:17:09.287600+00:00,D:/D drive recovery/Shiva JH/Projects/OneLake Medallion/data/landing/2017-05-10/order_reviews.parquet,2017-05-10
16ceeadc40615804284e29f344a88903,44558a1547e448b41c48c4087fe32ddd,5,,,2017-05-13 00:00:00,2017-05-15 22:31:32,2017-05-10,2017-05-15 22:31:32.000000,2026-08-27T05:17:09.287600+00:00,D:/D drive recovery/Shiva JH/Projects/OneLake Medallion/data/landing/2017-05-10/order_reviews.parquet,2017-05-10
b681f93ef9e13b0810b25bc51592fbd7,b194904b5bf02c6fc117d73c33cbb728,5,,,2017-05-16 00:00:00,2017-05-19 10:26:11,2017-05-10,2017-05-19 10:26:11.000000,2026-08-27T05:17:09.287600+00:00,D:/D drive recovery/Shiva JH/Projects/OneLake Medallion/data/landing/2017-05-10/order_reviews.parquet,2017-05-10
3f87a05f2b4ad323ed98d098b8ff3397,385bc274c4cbac59c0bb866c770588dc,5,,,2017-05-16 00:00:00,2017-05-17 01:50:37,2017-05-10,2017-05-17 01:50:37.000000,2026-08-27T05:17:09.287600+00:00,D:/D drive recovery/Shiva JH/Projects/OneLake Medallion/data/landing/2017-05-10/order_reviews.parquet,2017-05-10
89a8e978214d038882dc2379f95117ae,ca7a62dce548a9bd31b4fd4f12af30d8,5,,,2017-06-15 00:00:00,2017-06-16 16:14:43,2017-05-22,2017-06-16 16:14:43.000000,2026-08-27T05:17:09.287600+00:00,D:/D drive recovery/Shiva JH/Projects/OneLake Medallion/data/landing/2017-05-22/order_reviews.parquet,2017-05-22
4319935bc0930ab99477a0ada17b2d4c,863211f4868ae3a9ed08ffcf86768db3,5,,"Chegou muito antes do prazo.
Ótimo produto.
Recomendo.",2017-05-26 00:00:00,2017-05-29 12:15:43,2017-05-22,2017-05-29 12:15:43.000000,2026-08-27T05:17:09.287600+00:00,D:/D drive recovery/Shiva JH/Projects/OneLake Medallion/data/landing/2017-05-22/order_reviews.parquet,2017-05-22
0d47031bf24af80628fdfa55bee2b6d1,589795a183cebb8c0023a76a44447747,4,,Bom!,2017-06-09 00:00:00,2017-06-11 17:34:16,2017-05-22,2017-06-11 17:34:16.000000,2026-08-27T05:17:09.287600+00:00,D:/D drive recovery/Shiva JH/Projects/OneLake Medallion/data/landing/2017-05-22/order_reviews.parquet,2017-05-22
e50ff322ed573c5902f75f472718c008,222c6bc1698aec767223c052bf66327d,5,,PARABÉNS! ,2017-05-25 00:00:00,2017-05-28 03:35:03,2017-05-22,2017-05-28 03:35:03.000000,2026-08-27T05:17:09.287600+00:00,D:/D drive recovery/Shiva JH/Projects/OneLake Medallion/data/landing/2017-05-22/order_reviews.parquet,2017-05-22
f340897f13ebb524d07c32d4e40932ac,3c20f6cdfc62556d4c0ee421cbff6d76,5,,,2017-06-30 00:00:00,2017-07-01 02:26:13,2017-06-03,2017-07-01 02:26:13.000000,2026-08-27T05:17:09.287600+00:00,D:/D drive recovery/Shiva JH/Projects/OneLake Medallion/data/landing/2017-06-03/order_reviews.parquet,2017-06-03
bd287b6ab5b5f61aef577ebedf7e789d,da0270ce1d44a68ad7f23a00aaa066a2,1,,Solicitei a devolução. ferramentas com pontos de ferrugem e uma serra danificada.,2017-06-13 00:00:00,2017-06-15 12:24:19,2017-06-03,2017-06-15 12:24:19.000000,2026-08-27T05:17:09.287600+00:00,D:/D drive recovery/Shiva JH/Projects/OneLake Medallion/data/landing/2017-06-03/order_reviews.parquet,2017-06-03
1ed4f3540239f87213756c2253fcfe3e,afd2be9f021ab713651e41c2eaff1d04,4,,,2017-06-14 00:00:00,2017-06-14 17:40:19,2017-06-03,2017-06-14 17:40:19.000000,2026-08-27T05:17:09.287600+00:00,D:/D drive recovery/Shiva JH/Projects/OneLake Medallion/data/landing/2017-06-03/order_reviews.parquet,2017-06-03
ee88b8fcbbd4562b07efcdab574eb34d,67f8f676db053a060da849e36ee9da6e,5,,,2017-06-17 00:00:00,2017-06-20 00:32:27,2017-06-03,2017-06-20 00:32:27.000000,2026-08-27T05:17:09.287600+00:00,D:/D drive recovery/Shiva JH/Projects/OneLake Medallion/data/landing/2017-06-03/order_reviews.parquet,2017-06-03
3a7c315bcdab652a90850c1be053575c,b0645176abf1df25bb73ba0afcc20be3,1,,"Cor completamente diferente do pedido. Diz que é roxo, mas é azul.",2017-06-30 00:00:00,2017-07-02 01:21:04,2017-06-15,2017-07-02 01:21:04.000000,2026-08-27T05:17:09.287600+00:00,D:/D drive recovery/Shiva JH/Projects/OneLake Medallion/data/landing/2017-06-15/order_reviews.parquet,2017-06-15
def74a994c695d2aac2666a6b242c59a,27c4d9f3a2a28d3e687e6700e34e959d,5,,,2017-06-27 00:00:00,2017-06-28 04:13:44,2017-06-15,2017-06-28 04:13:44.000000,2026-08-27T05:17:09.287600+00:00,D:/D drive recovery/Shiva JH/Projects/OneLake Medallion/data/landing/2017-06-15/order_reviews.parquet,2017-06-15
3723a1c91b6389f81ca29ba66a1fa7ad,1a74dcdf4a4d7bfd88e94110479fa484,4,,Recomendo! Tudo do jeito que eu queria!,2017-07-19 00:00:00,2017-07-22 13:56:06,2017-06-27,2017-07-22 13:56:06.000000,2026-08-27T05:17:09.287600+00:00,D:/D drive recovery/Shiva JH/Projects/OneLake Medallion/data/landing/2017-06-27/order_reviews.parquet,2017-06-27
49915121cfc2d86276e2e38610d30289,f6c4a5c791463c73a7b292929c88ecab,4,,,2017-07-04 00:00:00,2017-07-05 16:44:02,2017-06-27,2017-07-05 16:44:02.000000,2026-08-27T05:17:09.287600+00:00,D:/D drive recovery/Shiva JH/Projects/OneLake Medallion/data/landing/2017-06-27/order_reviews.parquet,2017-06-27
1ace8e8eb79bd0ddd9e4beeb83940341,eafabcffc7f9fa583030d9cc7210741c,5,,"Eu recomendo chegou antes do dia previsto tudo certo. 
",2017-07-15 00:00:00,2017-07-16 19:27:20,2017-07-09,2017-07-16 19:27:20.000000,2026-08-27T05:17:09.287600+00:00,D:/D drive recovery/Shiva JH/Projects/OneLake Medallion/data/landing/2017-07-09/order_reviews.parquet,2017-07-09
9245f597454543bc5bdcb796ab779fc2,b221f4ca79ae394f43b4fec8815e4b92,5,,,2017-08-05 00:00:00,2017-08-06 08:43:19,2017-07-21,2017-08-06 08:43:19.000000,2026-08-27T05:17:09.287600+00:00,D:/D drive recovery/Shiva JH/Projects/OneLake Medallion/data/landing/2017-07-21/order_reviews.parquet,2017-07-21
8d8016349ba18813d7f993e6ad923482,b4db538b7e17b5575cfdc4566a7f36d6,5,,,2017-07-27 00:00:00,2017-07-27 21:14:50,2017-07-21,2017-07-27 21:14:50.000000,2026-08-27T05:17:09.287600+00:00,D:/D drive recovery/Shiva JH/Projects/OneLake Medallion/data/landing/2017-07-21/order_reviews.parquet,2017-07-21
9f8cda0208f15358442a32ac3ace6a02,054316a4a3afc149108b6b1431d11274,5,,ENTREGA COM RAPIDEZ E EXCELENCIA,2017-08-03 00:00:00,2017-08-04 15:47:16,2017-07-21,2017-08-04 15:47:16.000000,2026-08-27T05:17:09.287600+00:00,D:/D drive recovery/Shiva JH/Projects/OneLake Medallion/data/landing/2017-07-21/order_reviews.parquet,2017-07-21
269a8f5f03c995a8aec13c3dc56c15b4,4af5a8a71daf651bf0a9d449d3d1a27b,5,,,2017-08-08 00:00:00,2017-08-11 11:22:44,2017-08-02,2017-08-11 11:22:44.000000,2026-08-27T05:17:09.287600+00:00,D:/D drive recovery/Shiva JH/Projects/OneLake Medallion/data/landing/2017-08-02/order_reviews.parquet,2017-08-02
f7171b97ac9f4334487f4502d4b47971,83356f1b8d875976b75b83c623f73546,5,,,2017-08-08 00:00:00,2017-08-09 00:21:14,2017-08-02,2017-08-09 00:21:14.000000,2026-08-27T05:17:09.287600+00:00,D:/D drive recovery/Shiva JH/Projects/OneLake Medallion/data/landing/2017-08-02/order_reviews.parquet,2017-08-02
b7ec6bb9c582598791861da40ffa63e0,a1ec5525a1aa69f0b16cc94e94b421ad,5,,,2017-09-07 00:00:00,2017-09-09 20:50:00,2017-08-14,2017-09-09 20:50:00.000000,2026-08-27T05:17:09.287600+00:00,D:/D drive recovery/Shiva JH/Projects/OneLake Medallion/data/landing/2017-08-14/order_reviews.parquet,2017-08-14
f666095ae3ac3357eefe94d0ba8efdbf,927eda1d91913116e94535f4120dc578,5,,,2017-08-31 00:00:00,2017-09-03 12:33:18,2017-08-14,2017-09-03 12:33:18.000000,2026-08-27T05:17:09.287600+00:00,D:/D drive recovery/Shiva JH/Projects/OneLake Medallion/data/landing/2017-08-14/order_reviews.parquet,2017-08-14
8472a1cfa7ed249a676855a06f54d0f4,17b129bc47ae24191ca5670deaa170f5,5,,,2017-09-13 00:00:00,2017-09-29 22:20:26,2017-08-14,2017-09-29 22:20:26.000000,2026-08-27T05:17:09.287600+00:00,D:/D drive recovery/Shiva JH/Projects/OneLake Medallion/data/landing/2017-08-14/order_reviews.parquet,2017-08-14
7e20471d71eb0ab0d795d8b15ec5f0cf,1e73093ee708ed2b782f359056925208,4,,,2017-08-19 00:00:00,2017-08-21 12:53:12,2017-08-14,2017-08-21 12:53:12.000000,2026-08-27T05:17:09.287600+00:00,D:/D drive recovery/Shiva JH/Projects/OneLake Medallion/data/landing/2017-08-14/order_reviews.parquet,2017-08-14
19ca8cc4383baa11b0cfec1d7208c105,731adfc56466bffeb31938efd036b0c6,3,,,2017-08-27 00:00:00,2017-08-27 21:02:08,2017-08-14,2017-08-27 21:02:08.000000,2026-08-27T05:17:09.287600+00:00,D:/D drive recovery/Shiva JH/Projects/OneLake Medallion/data/landing/2017-08-14/order_reviews.parquet,2017-08-14
9c03a36a975f233ee9f471bd6948c86e,0e9615b2e47df6cf349b4e458b056289,3,,,2017-09-14 00:00:00,2017-09-18 18:57:01,2017-08-26,2017-09-18 18:57:01.000000,2026-08-27T05:17:09.287600+00:00,D:/D drive recovery/Shiva JH/Projects/OneLake Medallion/data/landing/2017-08-26/order_reviews.parquet,2017-08-26
e6e14accce7ad5d80b44799e195d15b8,9f58353e16353e64bf57e32e6dae9e45,5,,Muito bonito. Vale a pena.,2017-09-21 00:00:00,2017-09-22 11:18:28,2017-09-07,2017-09-22 11:18:28.000000,2026-08-27T05:17:09.287600+00:00,D:/D drive recovery/Shiva JH/Projects/OneLake Medallion/data/landing/2017-09-07/order_reviews.parquet,2017-09-07
0ae33d56c27c21b90f3a99e6faccdf26,7c46b5ee3a6b6152b85d5d245784bc25,3,,,2017-09-21 00:00:00,2017-09-24 12:44:37,2017-09-07,2017-09-24 12:44:37.000000,2026-08-27T05:17:09.287600+00:00,D:/D drive recovery/Shiva JH/Projects/OneLake Medallion/data/landing/2017-09-07/order_reviews.parquet,2017-09-07
c6e4380c2ab175f26ca092183f79a1cc,3a218a39b942ae0341fb1d65dd5874df,5,,,2017-09-12 00:00:00,2017-09-12 20:54:03,2017-09-07,2017-09-12 20:54:03.000000,2026-08-27T05:17:09.287600+00:00,D:/D drive recovery/Shiva JH/Projects/OneLake Medallion/data/landing/2017-09-07/order_reviews.parquet,2017-09-07
5841e21b619a6fc4608f45a96fc78b80,86dfa937c43f021fdd93264d20c8537b,5,,,2017-09-22 00:00:00,2017-09-23 14:09:39,2017-09-07,2017-09-23 14:09:39.000000,2026-08-27T05:17:09.287600+00:00,D:/D drive recovery/Shiva JH/Projects/OneLake Medallion/data/landing/2017-09-07/order_reviews.parquet,2017-09-07
41cad022dd271b16e815af8ba584cb27,163ad1666638554c03eff2545773c4b3,2,,"A Capa não é para esse celular, ela não cabe direito e não da para escutar música sem retirar ela pq não tem q entrada. A película fica curta e não preenche toda tela.",2017-10-09 00:00:00,2017-10-09 23:03:17,2017-10-01,2017-10-09 23:03:17.000000,2026-08-27T05:17:09.287600+00:00,D:/D drive recovery/Shiva JH/Projects/OneLake Medallion/data/landing/2017-10-01/order_reviews.parquet,2017-10-01
3eb435fce3d245001086092b090840da,08dae4aaedc034ee67385e739d42d0a8,4,,,2017-10-08 00:00:00,2017-10-08 19:36:35,2017-10-01,2017-10-08 19:36:35.000000,2026-08-27T05:17:09.287600+00:00,D:/D drive recovery/Shiva JH/Projects/OneLake Medallion/data/landing/2017-10-01/order_reviews.parquet,2017-10-01
cde34821d14c0b593948428e49d65393,379608a8412e127ea99752f0ae297408,5,,,2017-10-18 00:00:00,2017-10-20 21:47:03,2017-10-01,2017-10-20 21:47:03.000000,2026-08-27T05:17:09.287600+00:00,D:/D drive recovery/Shiva JH/Projects/OneLake Medallion/data/landing/2017-10-01/order_reviews.parquet,2017-10-01
e49ca04a3ef3760cf1feae22691f40ad,80c86e92eef37052119cf0e9a402000a,5,,,2017-10-07 00:00:00,2017-10-09 22:02:14,2017-10-01,2017-10-09 22:02:14.000000,2026-08-27T05:17:09.287600+00:00,D:/D drive recovery/Shiva JH/Projects/OneLake Medallion/data/landing/2017-10-01/order_reviews.parquet,2017-10-01
81ed7664d927037c18a41148b327d545,ca057e5d6b72a0fc19eb40cd99c188c8,4,,,2017-10-12 00:00:00,2017-10-14 17:05:11,2017-10-01,2017-10-14 17:05:11.000000,2026-08-27T05:17:09.287600+00:00,D:/D drive recovery/Shiva JH/Projects/OneLake Medallion/data/landing/2017-10-01/order_reviews.parquet,2017-10-01
9c3aea89b871e265d8520ff4be5500d6,188368c093f06fe58e813bd61137b3e1,5,,Excelente produto. Bom para qq fotógrafo.,2017-10-26 00:00:00,2017-10-27 01:33:57,2017-10-13,2017-10-27 01:33:57.000000,2026-08-27T05:17:09.287600+00:00,D:/D drive recovery/Shiva JH/Projects/OneLake Medallion/data/landing/2017-10-13/order_reviews.parquet,2017-10-13
0b9b248c5e984cfe8f5ec83dcbfd9966,3b68e7d1f8cbedb79ef05647835dcd6c,5,,,2017-11-07 00:00:00,2017-11-07 16:37:05,2017-10-25,2017-11-07 16:37:05.000000,2026-08-27T05:17:09.287600+00:00,D:/D drive recovery/Shiva JH/Projects/OneLake Medallion/data/landing/2017-10-25/order_reviews.parquet,2017-10-25
5fd48c5ee0484bb295246fb79aa18383,0b50bea7ba1e8ba7a21b01b7c9d1350b,5,,,2017-11-09 00:00:00,2017-11-09 17:08:44,2017-10-25,2017-11-09 17:08:44.000000,2026-08-27T05:17:09.287600+00:00,D:/D drive recovery/Shiva JH/Projects/OneLake Medallion/data/landing/2017-10-25/order_reviews.parquet,2017-10-25
066d19286f3bfcb1a587edb0eb55f329,18dcad31c503873cc41e0ed48581b80c,5,,,2017-10-28 00:00:00,2017-10-28 20:32:40,2017-10-25,2017-10-28 20:32:40.000000,2026-08-27T05:17:09.287600+00:00,D:/D drive recovery/Shiva JH/Projects/OneLake Medallion/data/landing/2017-10-25/order_reviews.parquet,2017-10-25
de4803a4bcf15fee42a62009bbe0107d,8242b086009bdffe2eb081b77d4ca7de,5,,produto atende minhas espectativas,2017-11-24 00:00:00,2017-11-27 16:05:07,2017-11-06,2017-11-27 16:05:07.000000,2026-08-27T05:17:09.287600+00:00,D:/D drive recovery/Shiva JH/Projects/OneLake Medallion/data/landing/2017-11-06/order_reviews.parquet,2017-11-06
682350600b46c6d6ca9a31023fccab71,4296801e936343a5f6a38e29143c0f88,2,,,2017-12-02 00:00:00,2017-12-03 13:28:58,2017-11-06,2017-12-03 13:28:58.000000,2026-08-27T05:17:09.287600+00:00,D:/D drive recovery/Shiva JH/Projects/OneLake Medallion/data/landing/2017-11-06/order_reviews.parquet,2017-11-06
d7f519971e0bf11da52f7b710938aaa6,93e41e75d4dfc53553b20b0087738e4d,4,,,2017-11-24 00:00:00,2017-11-25 02:03:56,2017-11-18,2017-11-25 02:03:56.000000,2026-08-27T05:17:09.287600+00:00,D:/D drive recovery/Shiva JH/Projects/OneLake Medallion/data/landing/2017-11-18/order_reviews.parquet,2017-11-18
0967a419009e13bb0311676a3ced2cde,9b9e08cb1a66ae45d2a91815cd8f4426,5,,"Lindo o produto é de boa qualidade, e a entrega foi super rápida.",2017-12-12 00:00:00,2017-12-21 13:39:57,2017-11-18,2017-12-21 13:39:57.000000,2026-08-27T05:17:09.287600+00:00,D:/D drive recovery/Shiva JH/Projects/OneLake Medallion/data/landing/2017-11-18/order_reviews.parquet,2017-11-18
9cc587c90e3b61361c2a9ec96c9a71c2,030e558867da892772c999f60d09e854,5,,,2017-12-19 00:00:00,2017-12-24 13:31:58,2017-11-30,2017-12-24 13:31:58.000000,2026-08-27T05:17:09.287600+00:00,D:/D drive recovery/Shiva JH/Projects/OneLake Medallion/data/landing/2017-11-30/order_reviews.parquet,2017-11-30
1257ecf735481324f045995bee749d88,2a8cb6405aee52f3b246ccae8bd4fe11,5,,Muito bom!,2017-12-16 00:00:00,2017-12-19 00:23:41,2017-11-30,2017-12-19 00:23:41.000000,2026-08-27T05:17:09.287600+00:00,D:/D drive recovery/Shiva JH/Projects/OneLake Medallion/data/landing/2017-11-30/order_reviews.parquet,2017-11-30
b24976ed51f1ed609e487cefcd29bc3c,ef71772d55431467890fda2f45c7bdde,2,,Comprei um tapete de 3.00 x 2.50 e me entregaram 2.70 x 2.50 estou aguardando retorno da empresa para devolução o que ainda não aconteceu . Isso gera uma série de transtorno .,2017-12-05 00:00:00,2017-12-06 09:30:02,2017-11-30,2017-12-06 09:30:02.000000,2026-08-27T05:17:09.287600+00:00,D:/D drive recovery/Shiva JH/Projects/OneLake Medallion/data/landing/2017-11-30/order_reviews.parquet,2017-11-30
a78a4275e2a7f0e6c91e23a5bd1aa967,e08ebbd3a910e30ccb05aa241e9243fb,5,,"Gostei muito chegou certinho.
Obrigada.",2017-12-12 00:00:00,2017-12-13 10:02:31,2017-11-30,2017-12-13 10:02:31.000000,2026-08-27T05:17:09.287600+00:00,D:/D drive recovery/Shiva JH/Projects/OneLake Medallion/data/landing/2017-11-30/order_reviews.parquet,2017-11-30
6eee4056d76a49f5914927f8f73614f8,6ae2e8b8fac02522481d2a2f4ca4412c,4,,"Tudo certo
Só não gostei porque não trabalha com duas bandas.Na descrição do produto não explica direitinho.Não tem como saber",2017-12-20 00:00:00,2017-12-28 13:51:12,2017-11-30,2017-12-28 13:51:12.000000,2026-08-27T05:17:09.287600+00:00,D:/D drive recovery/Shiva JH/Projects/OneLake Medallion/data/landing/2017-11-30/order_reviews.parquet,2017-11-30
bbb62911776a28b69018fc49c74191de,6b353bba58520d286313c6f64cc078ff,5,,,2017-12-12 00:00:00,2017-12-12 22:04:30,2017-11-30,2017-12-12 22:04:30.000000,2026-08-27T05:17:09.287600+00:00,D:/D drive recovery/Shiva JH/Projects/OneLake Medallion/data/landing/2017-11-30/order_reviews.parquet,2017-11-30
90dc6b4981f6194709f8efe8366b4b9f,6006d946799bcba9a9fd13e50c442213,5,,,2017-12-21 00:00:00,2017-12-22 01:51:15,2017-11-30,2017-12-22 01:51:15.000000,2026-08-27T05:17:09.287600+00:00,D:/D drive recovery/Shiva JH/Projects/OneLake Medallion/data/landing/2017-11-30/order_reviews.parquet,2017-11-30
1aba8982c58c746ea45cad31280c7e21,341ec2709ac1eea8f492c24d31a06942,1,,Meu produto veio com defeito e comprei um e veio outro no lugar,2018-01-10 00:00:00,2018-01-11 11:58:16,2017-11-30,2018-01-11 11:58:16.000000,2026-08-27T05:17:09.287600+00:00,D:/D drive recovery/Shiva JH/Projects/OneLake Medallion/data/landing/2017-11-30/order_reviews.parquet,2017-11-30
3f33adc7a759112a6a40fcc2d99a3355,3858a71b117aa9a3c509cc87fe9c8960,1,,"Comprei gato por lebre após uma semana da comprar entro em contato alterado a cor 
 Que arrependimento produto com origem dividosa e triste saber que Américas tem fornecedores péssimo .",2017-12-13 00:00:00,2017-12-13 22:29:47,2017-11-30,2017-12-13 22:29:47.000000,2026-08-27T05:17:09.287600+00:00,D:/D drive recovery/Shiva JH/Projects/OneLake Medallion/data/landing/2017-11-30/order_reviews.parquet,2017-11-30
23a9538629dd642bf05cbbaee6ac017a,506b766a5636c21756e8026fea871ec7,5,,"CHEGOU ANTES DO PREVISTO MT BOM !!
CERDAS SUPER MACIAS ,TOP DE MAIS",2017-12-13 00:00:00,2017-12-15 10:07:51,2017-11-30,2017-12-15 10:07:51.000000,2026-08-27T05:17:09.287600+00:00,D:/D drive recovery/Shiva JH/Projects/OneLake Medallion/data/landing/2017-11-30/order_reviews.parquet,2017-11-30
156cc4651184a610a3fd916131fddb54,20059d45d5d6464cbf4fa0515c3830a4,5,,,2017-12-30 00:00:00,2018-01-06 23:52:54,2017-12-12,2018-01-06 23:52:54.000000,2026-08-27T05:17:09.287600+00:00,D:/D drive recovery/Shiva JH/Projects/OneLake Medallion/data/landing/2017-12-12/order_reviews.parquet,2017-12-12
75c52e4275d457dc412611bd6f157363,0b05441635d9a251f9865b985bf985de,5,,,2017-12-23 00:00:00,2017-12-26 16:17:06,2017-12-12,2017-12-26 16:17:06.000000,2026-08-27T05:17:09.287600+00:00,D:/D drive recovery/Shiva JH/Projects/OneLake Medallion/data/landing/2017-12-12/order_reviews.parquet,2017-12-12
9788e4544adfa5fdf88b2a534ad4aaf5,3bdebe4ea3f450a5d8f6c50f1771c9ef,4,,entregue antes do prazo e em perfeto estado.,2017-12-27 00:00:00,2017-12-28 00:50:27,2017-12-12,2017-12-28 00:50:27.000000,2026-08-27T05:17:09.287600+00:00,D:/D drive recovery/Shiva JH/Projects/OneLake Medallion/data/landing/2017-12-12/order_reviews.parquet,2017-12-12
1de7e713def7a5b5eb6eccb3c91cec68,aa04ee4542e835a3e6f4da876dc654c6,5,,recebi o produto antes do orazo,2017-12-15 00:00:00,2017-12-15 23:07:46,2017-12-12,2017-12-15 23:07:46.000000,2026-08-27T05:17:09.287600+00:00,D:/D drive recovery/Shiva JH/Projects/OneLake Medallion/data/landing/2017-12-12/order_reviews.parquet,2017-12-12
5719635988c95388229cbd10e93ee048,2ed75ffbf396fcdc6341f17d1a16ef5d,5,,Produto entregue muito rápido. Fiquei muito satisfeita!Obrigada. ,2017-12-15 00:00:00,2017-12-16 09:03:16,2017-12-12,2017-12-16 09:03:16.000000,2026-08-27T05:17:09.287600+00:00,D:/D drive recovery/Shiva JH/Projects/OneLake Medallion/data/landing/2017-12-12/order_reviews.parquet,2017-12-12
c1873036f315d44a81e20a98b6d8b8cf,9da6e3bacbae9dfb6f886b2fcdd80bcd,2,,"Além do prazo de entrega ser super demorado, agora não consigo contacta-los pra saber o que está acontecendo e quando ou se vão entregar.",2018-01-07 00:00:00,2018-01-12 02:52:50,2017-12-12,2018-01-12 02:52:50.000000,2026-08-27T05:17:09.287600+00:00,D:/D drive recovery/Shiva JH/Projects/OneLake Medallion/data/landing/2017-12-12/order_reviews.parquet,2017-12-12
226198d556811f07a1375aea994dba91,773f350ab7f485f0d4aa1a095820fedd,5,,Produto conforme o anúncio ótima qualidade ,2018-01-11 00:00:00,2018-01-12 01:07:24,2017-12-24,2018-01-12 01:07:24.000000,2026-08-27T05:17:09.287600+00:00,D:/D drive recovery/Shiva JH/Projects/OneLake Medallion/data/landing/2017-12-24/order_reviews.parquet,2017-12-24
8419677002cf3ed917fbfbabcf17b5ff,676ad3c00d76971326e0e1a03f976e2c,5,,,2017-12-31 00:00:00,2018-01-02 16:20:58,2017-12-24,2018-01-02 16:20:58.000000,2026-08-27T05:17:09.287600+00:00,D:/D drive recovery/Shiva JH/Projects/OneLake Medallion/data/landing/2017-12-24/order_reviews.parquet,2017-12-24
bf0dfca9e0f66efd59733e552841fe6a,c274a2e17f75d6af15fc30bbdb0aa44c,5,,,2018-01-11 00:00:00,2018-01-12 08:16:58,2018-01-05,2018-01-12 08:16:58.000000,2026-08-27T05:17:09.287600+00:00,D:/D drive recovery/Shiva JH/Projects/OneLake Medallion/data/landing/2018-01-05/order_reviews.parquet,2018-01-05
64ff190cff5172a25ab85cc7dd98ba82,d42df8c4038c10f915f4b699279980c6,3,,Agora é testar o produto e verificar se está em perfeito funcionamento.,2018-01-23 00:00:00,2018-01-23 23:56:58,2018-01-05,2018-01-23 23:56:58.000000,2026-08-27T05:17:09.287600+00:00,D:/D drive recovery/Shiva JH/Projects/OneLake Medallion/data/landing/2018-01-05/order_reviews.parquet,2018-01-05
3a91676efa4a5d4fc017b31b41f58b24,6fac3b0946f1bea16dc2cd1cb032aa92,3,,,2018-02-01 00:00:00,2018-02-01 14:18:43,2018-01-17,2018-02-01 14:18:43.000000,2026-08-27T05:17:09.287600+00:00,D:/D drive recovery/Shiva JH/Projects/OneLake Medallion/data/landing/2018-01-17/order_reviews.parquet,2018-01-17
30bcc70e4715a511f8409b44a646a665,3b98cf066d0d2a5121f8c95bd97816c0,3,,"Eu passei MT raiva com esse ""relógio"" e o aplicativo que as vzs funcionava e as vzs n ",2018-02-03 00:00:00,2018-02-06 01:57:17,2018-01-17,2018-02-06 01:57:17.000000,2026-08-27T05:17:09.287600+00:00,D:/D drive recovery/Shiva JH/Projects/OneLake Medallion/data/landing/2018-01-17/order_reviews.parquet,2018-01-17
e1bb98031fdbad2498accce1ce402b63,d29eca3633b0b60adf268cae9133cd93,3,,"Relógio com pulseira quebrada. Já enviado para reparos em um relojoeiro para evitar perda de tempo visto ser um produto bonito. Sem embalagem, manual ou garantia.",2018-01-31 00:00:00,2018-01-31 13:32:31,2018-01-17,2018-01-31 13:32:31.000000,2026-08-27T05:17:09.287600+00:00,D:/D drive recovery/Shiva JH/Projects/OneLake Medallion/data/landing/2018-01-17/order_reviews.parquet,2018-01-17
5845ca125930b99a1fca48d55612ced6,45942e54bf1edb4b2c481b77f7f8486c,5,,O produto chegou perfeito e no prazo antecipado inclusive.,2018-01-26 00:00:00,2018-01-27 00:16:27,2018-01-17,2018-01-27 00:16:27.000000,2026-08-27T05:17:09.287600+00:00,D:/D drive recovery/Shiva JH/Projects/OneLake Medallion/data/landing/2018-01-17/order_reviews.parquet,2018-01-17
542691f1edf320e9c548fbc937e92ca2,6ac13251ad16b89d0610936bbe6a4d18,5,,,2018-02-17 00:00:00,2018-02-20 01:28:01,2018-01-29,2018-02-20 01:28:01.000000,2026-08-27T05:17:09.287600+00:00,D:/D drive recovery/Shiva JH/Projects/OneLake Medallion/data/landing/2018-01-29/order_reviews.parquet,2018-01-29
6250600042bd8a143f989915a70de5a2,d99ec4acbeb86fccf934f257ebd6baa3,3,,,2018-02-24 00:00:00,2018-02-24 11:59:10,2018-01-29,2018-02-24 11:59:10.000000,2026-08-27T05:17:09.287600+00:00,D:/D drive recovery/Shiva JH/Projects/OneLake Medallion/data/landing/2018-01-29/order_reviews.parquet,2018-01-29
db9466977229513d736056ae5a938160,6d9288f26eeaab3874c5fd755cbfd448,5,,,2018-02-06 00:00:00,2018-02-07 00:26:26,2018-01-29,2018-02-07 00:26:26.000000,2026-08-27T05:17:09.287600+00:00,D:/D drive recovery/Shiva JH/Projects/OneLake Medallion/data/landing/2018-01-29/order_reviews.parquet,2018-01-29
746666dc0a203563787124c107b60b63,f9bec732ab454a0aa8d04a38af127a23,5,,"Incrível que pela primeira vez que demora pra entrega de uma compra minha, porém acredito que tem uma razão, eu ainda não recebi esta compra.",2018-03-08 00:00:00,2018-03-09 20:58:16,2018-01-29,2018-03-09 20:58:16.000000,2026-08-27T05:17:09.287600+00:00,D:/D drive recovery/Shiva JH/Projects/OneLake Medallion/data/landing/2018-01-29/order_reviews.parquet,2018-01-29
f5b1a1b4c44c3d64569d024487e35878,eae6a3184617bf13d153139ea39ba3a7,5,,Obrigada ficou linda!,2018-02-16 00:00:00,2018-02-17 18:14:32,2018-01-29,2018-02-17 18:14:32.000000,2026-08-27T05:17:09.287600+00:00,D:/D drive recovery/Shiva JH/Projects/OneLake Medallion/data/landing/2018-01-29/order_reviews.parquet,2018-01-29
9f8fd076fe0c2d29fb0136e5f288275b,9914efa57f1a52e1c0a2735c0f927bbf,2,,Entrega parcial .2 mercadoria 1 entrega.me entregarao cortina falta conteole remoto,2018-02-28 00:00:00,2018-03-01 06:56:03,2018-02-10,2018-03-01 06:56:03.000000,2026-08-27T05:17:09.287600+00:00,D:/D drive recovery/Shiva JH/Projects/OneLake Medallion/data/landing/2018-02-10/order_reviews.parquet,2018-02-10
2318a37ba112472afb374316ca31a538,50cc8ba47fc38dfed74c9482ff949a46,4,,,2018-02-20 00:00:00,2018-02-23 04:28:37,2018-02-10,2018-02-23 04:28:37.000000,2026-08-27T05:17:09.287600+00:00,D:/D drive recovery/Shiva JH/Projects/OneLake Medallion/data/landing/2018-02-10/order_reviews.parquet,2018-02-10
a015dc94bdb70894b5e9e44cef48ac80,4103cb8c02ddae6eff9f233ba22ae0ad,5,,"Super indico, chegou antes do prazo.",2018-02-27 00:00:00,2018-02-28 01:36:42,2018-02-10,2018-02-28 01:36:42.000000,2026-08-27T05:17:09.287600+00:00,D:/D drive recovery/Shiva JH/Projects/OneLake Medallion/data/landing/2018-02-10/order_reviews.parquet,2018-02-10
2de846af4ea5d1ff660c5817d2e67b95,d5f958ee0f7fd3c31de97a5316655292,5,,,2018-02-24 00:00:00,2018-02-24 19:32:00,2018-02-10,2018-02-24 19:32:00.000000,2026-08-27T05:17:09.287600+00:00,D:/D drive recovery/Shiva JH/Projects/OneLake Medallion/data/landing/2018-02-10/order_reviews.parquet,2018-02-10
6cad57733c8838f06f66155374ae6572,7a93a948d1378fc5fcfd0a09f00136c7,5,,,2018-03-14 00:00:00,2018-03-20 16:27:27,2018-02-22,2018-03-20 16:27:27.000000,2026-08-27T05:17:09.287600+00:00,D:/D drive recovery/Shiva JH/Projects/OneLake Medallion/data/landing/2018-02-22/order_reviews.parquet,2018-02-22
0eb1b8178c68541775d56226f87366a8,d98e1bbea27add1b46f2f78aa0a3517b,5,,,2018-03-06 00:00:00,2018-03-09 10:13:38,2018-02-22,2018-03-09 10:13:38.000000,2026-08-27T05:17:09.287600+00:00,D:/D drive recovery/Shiva JH/Projects/OneLake Medallion/data/landing/2018-02-22/order_reviews.parquet,2018-02-22
64f21919007193d3ef7e5b47e04a8bb5,6ca834e14df3fb5924d4e7fe551c80d9,5,,otimo produto,2018-02-28 00:00:00,2018-03-09 21:57:54,2018-02-22,2018-03-09 21:57:54.000000,2026-08-27T05:17:09.287600+00:00,D:/D drive recovery/Shiva JH/Projects/OneLake Medallion/data/landing/2018-02-22/order_reviews.parquet,2018-02-22
3da975f6a633289ad0f0c16ba3634cb5,661daf8e46d57f5f1b916c80f4129049,4,,,2018-03-16 00:00:00,2018-03-16 11:23:11,2018-02-22,2018-03-16 11:23:11.000000,2026-08-27T05:17:09.287600+00:00,D:/D drive recovery/Shiva JH/Projects/OneLake Medallion/data/landing/2018-02-22/order_reviews.parquet,2018-02-22
3dddf108aeefeb706be421911f133957,2b8b7636f69e8dca87850024171a19fa,5,,,2018-03-14 00:00:00,2018-03-14 23:24:57,2018-02-22,2018-03-14 23:24:57.000000,2026-08-27T05:17:09.287600+00:00,D:/D drive recovery/Shiva JH/Projects/OneLake Medallion/data/landing/2018-02-22/order_reviews.parquet,2018-02-22
741d999b25acde8c889c3cf850063733,0799d89dedaf5ef08f3a90b967cb2ccd,4,,"Bom dia! 
Data estimada da entrega do produto seria 16/03, porém ele ainda não foi entregue, creio que possa ser pela greve dos Correios, mas gostaria de saber uma posição, por gentileza.

Obrigado",2018-03-18 00:00:00,2018-03-20 11:22:53,2018-02-22,2018-03-20 11:22:53.000000,2026-08-27T05:17:09.287600+00:00,D:/D drive recovery/Shiva JH/Projects/OneLake Medallion/data/landing/2018-02-22/order_reviews.parquet,2018-02-22
82b8166fdca73fe94e058e71346eae97,a940a94fdec511a582a6da00ff8520c7,1,, O PRODUTO NAO CHEGOU,2018-03-23 00:00:00,2018-03-26 14:03:26,2018-02-22,2018-03-26 14:03:26.000000,2026-08-27T05:17:09.287600+00:00,D:/D drive recovery/Shiva JH/Projects/OneLake Medallion/data/landing/2018-02-22/order_reviews.parquet,2018-02-22
5c99f6ff0f883ea3b283853720266109,d98e1bbea27add1b46f2f78aa0a3517b,5,,Produto chegou antes do prazo,2018-02-28 00:00:00,2018-03-02 23:00:36,2018-02-22,2018-03-02 23:00:36.000000,2026-08-27T05:17:09.287600+00:00,D:/D drive recovery/Shiva JH/Projects/OneLake Medallion/data/landing/2018-02-22/order_reviews.parquet,2018-02-22
90a5963f7b3fdffa540217410ff83275,12307610cd2009ccf90a8a4911bb14a8,4,,"Indico a loja, o produto bom e foi bem embalado por ser quebrável",2018-03-18 00:00:00,2018-03-20 17:15:30,2018-02-22,2018-03-20 17:15:30.000000,2026-08-27T05:17:09.287600+00:00,D:/D drive recovery/Shiva JH/Projects/OneLake Medallion/data/landing/2018-02-22/order_reviews.parquet,2018-02-22
0ab7f72f5932a1cd89a421f780b8952e,144c41d3111c8d2b0bdbf9232f2e0a78,1,,,2018-03-14 00:00:00,2018-03-17 09:33:55,2018-03-06,2018-03-17 09:33:55.000000,2026-08-27T05:17:09.287600+00:00,D:/D drive recovery/Shiva JH/Projects/OneLake Medallion/data/landing/2018-03-06/order_reviews.parquet,2018-03-06
23ac96dfd3cbbf7c6888abff4b465759,89ecd7cdfb061d3d0f81b26af772c80f,5,,,2018-03-10 00:00:00,2018-03-12 11:31:05,2018-03-06,2018-03-12 11:31:05.000000,2026-08-27T05:17:09.287600+00:00,D:/D drive recovery/Shiva JH/Projects/OneLake Medallion/data/landing/2018-03-06/order_reviews.parquet,2018-03-06
6780324583f782d638dd4d5da5229df5,92dfa5f3acdce1071906427ba5ee3c4f,5,,,2018-03-16 00:00:00,2018-03-19 20:24:07,2018-03-06,2018-03-19 20:24:07.000000,2026-08-27T05:17:09.287600+00:00,D:/D drive recovery/Shiva JH/Projects/OneLake Medallion/data/landing/2018-03-06/order_reviews.parquet,2018-03-06
3845a477fbadee417f5281de7d76b4d4,b29c6fe4cbadff8b38f96806127dfc53,5,,,2018-03-29 00:00:00,2018-03-30 01:33:44,2018-03-18,2018-03-30 01:33:44.000000,2026-08-27T05:17:09.287600+00:00,D:/D drive recovery/Shiva JH/Projects/OneLake Medallion/data/landing/2018-03-18/order_reviews.parquet,2018-03-18
873a5bc219517a3b5cde7782127cd823,23a2d8b0357730d4f9c50aa48773e9e9,5,,,2018-04-06 00:00:00,2018-04-07 11:25:14,2018-03-18,2018-04-07 11:25:14.000000,2026-08-27T05:17:09.287600+00:00,D:/D drive recovery/Shiva JH/Projects/OneLake Medallion/data/landing/2018-03-18/order_reviews.parquet,2018-03-18
610374b416fab6415b4f22dd087401bc,672171439e56578d2c9370fe77345a50,1,,,2018-04-15 00:00:00,2018-04-18 14:51:22,2018-03-18,2018-04-18 14:51:22.000000,2026-08-27T05:17:09.287600+00:00,D:/D drive recovery/Shiva JH/Projects/OneLake Medallion/data/landing/2018-03-18/order_reviews.parquet,2018-03-18
29d02d3bf25077ca7e448c746bc85ec4,23a2d8b0357730d4f9c50aa48773e9e9,5,,,2018-03-22 00:00:00,2018-03-23 01:26:53,2018-03-18,2018-03-23 01:26:53.000000,2026-08-27T05:17:09.287600+00:00,D:/D drive recovery/Shiva JH/Projects/OneLake Medallion/data/landing/2018-03-18/order_reviews.parquet,2018-03-18
ce20f87c609d9c042e3752759afb5c16,b1526a2bd67c99a417bbd10df7904bb0,5,,Recebi o produto dentro do prazo em otimas condições produto de ótima qualidade ,2018-04-12 00:00:00,2018-04-13 00:07:50,2018-03-18,2018-04-13 00:07:50.000000,2026-08-27T05:17:09.287600+00:00,D:/D drive recovery/Shiva JH/Projects/OneLake Medallion/data/landing/2018-03-18/order_reviews.parquet,2018-03-18
62c09cb26d2d6e5d9a71f88c38b96a8a,890e966b2b72ba13da8c01387874afee,5,,,2018-04-12 00:00:00,2018-04-16 17:08:37,2018-03-18,2018-04-16 17:08:37.000000,2026-08-27T05:17:09.287600+00:00,D:/D drive recovery/Shiva JH/Projects/OneLake Medallion/data/landing/2018-03-18/order_reviews.parquet,2018-03-18
b056784b5c277cdf40cf7ce31a46a74b,84992c4145bf78ab42c0e997506e8ecf,5,,,2018-03-29 00:00:00,2018-03-30 09:22:32,2018-03-18,2018-03-30 09:22:32.000000,2026-08-27T05:17:09.287600+00:00,D:/D drive recovery/Shiva JH/Projects/OneLake Medallion/data/landing/2018-03-18/order_reviews.parquet,2018-03-18
b7b89f7d333509e26e9492d79f9d3719,782b00205051ed11c71726e9554e788e,5,,"A entrega foi dentro do prazo, bem embalada e a empresa comunicou todos os passos da compra e entrega do produto",2018-04-04 00:00:00,2018-04-04 17:09:30,2018-03-18,2018-04-04 17:09:30.000000,2026-08-27T05:17:09.287600+00:00,D:/D drive recovery/Shiva JH/Projects/OneLake Medallion/data/landing/2018-03-18/order_reviews.parquet,2018-03-18
27f680990488fde84f20dbe657e8d1ed,a7d69ce9d8cad8e7d9b48cbdfe236bff,5,,recomendo ok,2018-04-05 00:00:00,2018-04-06 01:06:15,2018-03-30,2018-04-06 01:06:15.000000,2026-08-27T05:17:09.287600+00:00,D:/D drive recovery/Shiva JH/Projects/OneLake Medallion/data/landing/2018-03-30/order_reviews.parquet,2018-03-30
0633839738c6e18afc41bbfbfb384cb9,93b9173d182af83f59074baf05d8c13e,1,,Nao recebi o produto...e foi pago!!!!!Nao recomendo essa loja!!!!,2018-04-25 00:00:00,2018-05-03 14:03:43,2018-03-30,2018-05-03 14:03:43.000000,2026-08-27T05:17:09.287600+00:00,D:/D drive recovery/Shiva JH/Projects/OneLake Medallion/data/landing/2018-03-30/order_reviews.parquet,2018-03-30
e00925300f83025fcdc8bb25a1b3d998,faef665b7a0746076cdba7746c217cb0,5,,,2018-04-29 00:00:00,2018-04-29 14:45:30,2018-04-11,2018-04-29 14:45:30.000000,2026-08-27T05:17:09.287600+00:00,D:/D drive recovery/Shiva JH/Projects/OneLake Medallion/data/landing/2018-04-11/order_reviews.parquet,2018-04-11
50f6df0605f172e77ce3e64273dbb484,ef121c337009d84eeb960c0890bf4666,5,,,2018-04-18 00:00:00,2018-05-04 19:22:54,2018-04-11,2018-05-04 19:22:54.000000,2026-08-27T05:17:09.287600+00:00,D:/D drive recovery/Shiva JH/Projects/OneLake Medallion/data/landing/2018-04-11/order_reviews.parquet,2018-04-11
beeb47c1cdf3ce3e4a54aeaee54d2fc1,77b6edd13efe99269ef9b78006e133a3,5,,"Vlw entregue na data e correto horas.. vlw
",2018-04-25 00:00:00,2018-04-26 01:04:12,2018-04-11,2018-04-26 01:04:12.000000,2026-08-27T05:17:09.287600+00:00,D:/D drive recovery/Shiva JH/Projects/OneLake Medallion/data/landing/2018-04-11/order_reviews.parquet,2018-04-11
145c96640ab5374d018578ec62414c3c,42eb921de62fe52db1e8954ac9971384,1,,,2018-04-25 00:00:00,2018-04-28 04:33:06,2018-04-11,2018-04-28 04:33:06.000000,2026-08-27T05:17:09.287600+00:00,D:/D drive recovery/Shiva JH/Projects/OneLake Medallion/data/landing/2018-04-11/order_reviews.parquet,2018-04-11
5c4dbe2d5c0f5566cc651d7cd2011778,8a1bc477742faefa8ff9f614dc582244,5,,"Confesso que tinha medo de fazer compras pelo stark, estou Satisfeita, recomendarei o site stark para todos os amigos ... PARABÉNS ",2018-04-14 00:00:00,2018-04-16 10:31:01,2018-04-11,2018-04-16 10:31:01.000000,2026-08-27T05:17:09.287600+00:00,D:/D drive recovery/Shiva JH/Projects/OneLake Medallion/data/landing/2018-04-11/order_reviews.parquet,2018-04-11
189089fd0b77adae63b5f9def3573c9b,04105b54650921ca3246f52e6f175f46,5,Excelente,,2018-05-11 00:00:00,2018-05-11 14:22:18,2018-04-23,2018-05-11 14:22:18.000000,2026-08-27T05:17:09.287600+00:00,D:/D drive recovery/Shiva JH/Projects/OneLake Medallion/data/landing/2018-04-23/order_reviews.parquet,2018-04-23
cb804e64a838d3de2e7221e655564dd6,b9f5ca0dd8ac07db0b02705dc2be4d21,1,Péssimo,Fui enganado. ficou faltando um produto e me entregaram como se tivesse o pedido completo. Compro na lannister..com há muitos anos e nunca tive este tipo de problema antes,2018-05-05 00:00:00,2018-05-08 15:14:57,2018-04-23,2018-05-08 15:14:57.000000,2026-08-27T05:17:09.287600+00:00,D:/D drive recovery/Shiva JH/Projects/OneLake Medallion/data/landing/2018-04-23/order_reviews.parquet,2018-04-23
87ec34c283bab480a46c19e39ed64c7c,a31f5683a88deb4bf8e6bb729d94a2c6,5,,,2018-05-08 00:00:00,2018-05-11 12:50:50,2018-04-23,2018-05-11 12:50:50.000000,2026-08-27T05:17:09.287600+00:00,D:/D drive recovery/Shiva JH/Projects/OneLake Medallion/data/landing/2018-04-23/order_reviews.parquet,2018-04-23
d2315ddd83238361aa3b88fb16f28ed6,b7e1823a1a3137ba666bef3dfbca19dd,5,Entrega super rápida,Ainda não abrir o produto mas parece muito bom,2018-04-28 00:00:00,2018-05-03 11:58:30,2018-04-23,2018-05-03 11:58:30.000000,2026-08-27T05:17:09.287600+00:00,D:/D drive recovery/Shiva JH/Projects/OneLake Medallion/data/landing/2018-04-23/order_reviews.parquet,2018-04-23
c3ed585fdcb6d41fcdf451650ad4c97d,2ab340837ecacc1da5c088346b0d873b,4,,,2018-04-28 00:00:00,2018-04-30 16:52:00,2018-04-23,2018-04-30 16:52:00.000000,2026-08-27T05:17:09.287600+00:00,D:/D drive recovery/Shiva JH/Projects/OneLake Medallion/data/landing/2018-04-23/order_reviews.parquet,2018-04-23
38400ef97dffe16a73de0e21168e0ba1,27a0c2a00aa85ff8202e8bd9c7dbd829,1,não recomendo,"eles enviam o produto para der retirado no correio, e o correio só nos avisa após o produto ser devolvido",2018-05-10 00:00:00,2018-05-16 02:30:24,2018-04-23,2018-05-16 02:30:24.000000,2026-08-27T05:17:09.287600+00:00,D:/D drive recovery/Shiva JH/Projects/OneLake Medallion/data/landing/2018-04-23/order_reviews.parquet,2018-04-23
aa33316085baa2193e64fa96bdeb820c,f80bab3b47910373b5d3a4a4963192e6,5,Muito bom,,2018-05-01 00:00:00,2018-05-02 09:36:01,2018-04-23,2018-05-02 09:36:01.000000,2026-08-27T05:17:09.287600+00:00,D:/D drive recovery/Shiva JH/Projects/OneLake Medallion/data/landing/2018-04-23/order_reviews.parquet,2018-04-23
7eff7baac9a84fa3616a5cd0e663e765,bf0b0091259a3839db4a335aa1b4c8dd,5,Entrega perfeita ,Recebi muito antes do prazo. Amei! Foi meu presente do Dia das Mães. ,2018-05-11 00:00:00,2018-05-13 01:31:56,2018-05-05,2018-05-13 01:31:56.000000,2026-08-27T05:17:09.287600+00:00,D:/D drive recovery/Shiva JH/Projects/OneLake Medallion/data/landing/2018-05-05/order_reviews.parquet,2018-05-05
a2ce3f86a08161c0c2242f3baf67f503,6aec640ac5495838d57e1f3009f99898,5,Muito bom,Chegou antes do prazo tudo certo ,2018-05-19 00:00:00,2018-05-20 11:37:34,2018-05-05,2018-05-20 11:37:34.000000,2026-08-27T05:17:09.287600+00:00,D:/D drive recovery/Shiva JH/Projects/OneLake Medallion/data/landing/2018-05-05/order_reviews.parquet,2018-05-05
1da9480ab2624a08e6ab20fd7c34f20a,c7cf98eae37902869c4e92aeb9db5c72,5,Excelente.,"Produto com preço bom, todo processo de compra foi excelente.",2018-05-11 00:00:00,2018-06-07 23:21:24,2018-05-05,2018-06-07 23:21:24.000000,2026-08-27T05:17:09.287600+00:00,D:/D drive recovery/Shiva JH/Projects/OneLake Medallion/data/landing/2018-05-05/order_reviews.parquet,2018-05-05
761f02c0f6bc4c690e30194c6c6022a6,9842c98fba6a3e74b785776cc72136f5,5,,,2018-05-23 00:00:00,2018-05-24 19:59:44,2018-05-17,2018-05-24 19:59:44.000000,2026-08-27T05:17:09.287600+00:00,D:/D drive recovery/Shiva JH/Projects/OneLake Medallion/data/landing/2018-05-17/order_reviews.parquet,2018-05-17
4d40b0fe3d0912eec230f4a559929039,31bdd4abc4fb5fec0a5fa2a92af376b5,5,,,2018-06-05 00:00:00,2018-06-06 10:02:20,2018-05-17,2018-06-06 10:02:20.000000,2026-08-27T05:17:09.287600+00:00,D:/D drive recovery/Shiva JH/Projects/OneLake Medallion/data/landing/2018-05-17/order_reviews.parquet,2018-05-17
f2e1f75e072626b94b70907c03c216ee,387ab69cd89bb3ed95402ff3d7f50b94,1, baixa qualilidade,Esperava q a mercadoria tivesse mais qualidade ...pessima qualidade...nao indico a ninguem....,2018-06-09 00:00:00,2018-06-13 13:36:51,2018-05-17,2018-06-13 13:36:51.000000,2026-08-27T05:17:09.287600+00:00,D:/D drive recovery/Shiva JH/Projects/OneLake Medallion/data/landing/2018-05-17/order_reviews.parquet,2018-05-17
a024eb9c7d7c5c4571b1c0dfff940047,44a4b28fae9dd152c7102f54dcd723b9,4,,,2018-06-16 00:00:00,2018-06-19 15:58:57,2018-05-29,2018-06-19 15:58:57.000000,2026-08-27T05:17:09.287600+00:00,D:/D drive recovery/Shiva JH/Projects/OneLake Medallion/data/landing/2018-05-29/order_reviews.parquet,2018-05-29
2a5f0b5ecf732bf632c32e0d97fc6860,a5016f72057fe780772bd4c88fa95951,5,muito bom,adorei! super resistente e bonito o tapete! Recomendo,2018-06-04 00:00:00,2018-06-05 14:34:24,2018-05-29,2018-06-05 14:34:24.000000,2026-08-27T05:17:09.287600+00:00,D:/D drive recovery/Shiva JH/Projects/OneLake Medallion/data/landing/2018-05-29/order_reviews.parquet,2018-05-29
5b85cacc60c5ffd2dadbf55ba3b335af,c2b416c2ac6019a220bca3ef9ac48682,5,Recomendo,,2018-06-06 00:00:00,2018-06-07 16:01:43,2018-05-29,2018-06-07 16:01:43.000000,2026-08-27T05:17:09.287600+00:00,D:/D drive recovery/Shiva JH/Projects/OneLake Medallion/data/landing/2018-05-29/order_reviews.parquet,2018-05-29
deb774f30b0a21078acd6947fbb15bb7,17c7d18b95217b2fbbc15a88ef4f564f,5,Bom ,,2018-06-13 00:00:00,2018-06-14 10:42:20,2018-05-29,2018-06-14 10:42:20.000000,2026-08-27T05:17:09.287600+00:00,D:/D drive recovery/Shiva JH/Projects/OneLake Medallion/data/landing/2018-05-29/order_reviews.parquet,2018-05-29
6c13a8aa5925745be1de7afc96648c14,464903700caac1e06ce732afb660cfe2,1,Recebi só 1 dos produtos,Só recebi a cortina.. o rolo nao recebi.. e consta como se tivesse entregado os 2.,2018-06-17 00:00:00,2018-06-18 15:12:05,2018-06-10,2018-06-18 15:12:05.000000,2026-08-27T05:17:09.287600+00:00,D:/D drive recovery/Shiva JH/Projects/OneLake Medallion/data/landing/2018-06-10/order_reviews.parquet,2018-06-10
8b101ca1142a4ac2a685a432a6c4059f,852d24d230e0038f83e1337c4ab06147,4,,,2018-06-26 00:00:00,2018-06-29 00:30:42,2018-06-10,2018-06-29 00:30:42.000000,2026-08-27T05:17:09.287600+00:00,D:/D drive recovery/Shiva JH/Projects/OneLake Medallion/data/landing/2018-06-10/order_reviews.parquet,2018-06-10
a35115382513ccfe5f990fc5610e62e2,cdbce2d8fe4479ce0b9bbb32e0656e4a,5,,,2018-06-21 00:00:00,2018-06-21 21:05:06,2018-06-10,2018-06-21 21:05:06.000000,2026-08-27T05:17:09.287600+00:00,D:/D drive recovery/Shiva JH/Projects/OneLake Medallion/data/landing/2018-06-10/order_reviews.parquet,2018-06-10
787fba7e27ac284c88e47e38c564b1ae,38ef39ee8ebc5f492b0253bcd1213dcc,5,Excelente ,Sempre compro nas lannister nuca tive nei um problema espero que continui assim amei minha compra,2018-07-08 00:00:00,2018-07-08 19:13:40,2018-06-10,2018-07-08 19:13:40.000000,2026-08-27T05:17:09.287600+00:00,D:/D drive recovery/Shiva JH/Projects/OneLake Medallion/data/landing/2018-06-10/order_reviews.parquet,2018-06-10
780bd255c95af7fae2a95a8a1e652ba0,305117a349bea514f1b57f0d17aa7055,3,Luminária,"O produto é um plástico Duro, vamos ver se suporta o aquecimento da lâmpada.",2018-06-26 00:00:00,2018-06-27 00:03:48,2018-06-10,2018-06-27 00:03:48.000000,2026-08-27T05:17:09.287600+00:00,D:/D drive recovery/Shiva JH/Projects/OneLake Medallion/data/landing/2018-06-10/order_reviews.parquet,2018-06-10
a4e00d0952bb3bcfc469cab9590d70e6,fd7d4eb658279656ec6fa1ff66620925,5,Entrega ok!!,"Entrega no prazo e tudo ok!!
Recomendo!!
",2018-06-29 00:00:00,2018-06-29 23:01:04,2018-06-22,2018-06-29 23:01:04.000000,2026-08-27T05:17:09.287600+00:00,D:/D drive recovery/Shiva JH/Projects/OneLake Medallion/data/landing/2018-06-22/order_reviews.parquet,2018-06-22
414605f9af1834e95df7fdede4db95b3,2966209e856b37a6b9be138d6d7910b5,4,,,2018-06-27 00:00:00,2018-06-28 00:34:08,2018-06-22,2018-06-28 00:34:08.000000,2026-08-27T05:17:09.287600+00:00,D:/D drive recovery/Shiva JH/Projects/OneLake Medallion/data/landing/2018-06-22/order_reviews.parquet,2018-06-22
9d62041f4ef5fe84c3974c07f272ea50,505f19ae28f4c808af9275206b5b7c49,3,Produto faltando peça,"Recomendo a loja, mas o produto não. Vieram faltando prendedores.",2018-06-27 00:00:00,2018-06-27 23:09:37,2018-06-22,2018-06-27 23:09:37.000000,2026-08-27T05:17:09.287600+00:00,D:/D drive recovery/Shiva JH/Projects/OneLake Medallion/data/landing/2018-06-22/order_reviews.parquet,2018-06-22
c01a58425ae29323d98087159b4fdfcb,046022868cf3fa04a308811fd6b0b282,5,,,2018-06-27 00:00:00,2018-07-06 22:47:16,2018-06-22,2018-07-06 22:47:16.000000,2026-08-27T05:17:09.287600+00:00,D:/D drive recovery/Shiva JH/Projects/OneLake Medallion/data/landing/2018-06-22/order_reviews.parquet,2018-06-22
9a11ed774584b2456d3fbdcd7e89f7e7,517764046d20478235016a57ee3d7f4f,5,,,2018-06-28 00:00:00,2018-06-29 02:58:36,2018-06-22,2018-06-29 02:58:36.000000,2026-08-27T05:17:09.287600+00:00,D:/D drive recovery/Shiva JH/Projects/OneLake Medallion/data/landing/2018-06-22/order_reviews.parquet,2018-06-22
d5f364ffc2a1b8f705871011979a5ef3,126da462f642d99483c0691ac474c783,4,,,2017-02-07 00:00:00,2017-02-07 14:43:23,2017-01-27,2017-02-07 14:43:23.000000,2026-08-27T05:17:09.287600+00:00,D:/D drive recovery/Shiva JH/Projects/OneLake Medallion/data/landing/2017-01-27/order_reviews.parquet,2017-01-27
429ead0d8a254dff6f01ade32794c07d,f40d3749a6d621bb95be74a8ce79e06f,5,,"produto original de qualidade, lindo, chego muito antes do previsto, transporte seguro, uma das melhores compra on line que já fiz, obrigado.",2017-02-22 00:00:00,2017-02-23 12:41:31,2017-02-08,2017-02-23 12:41:31.000000,2026-08-27T05:17:09.287600+00:00,D:/D drive recovery/Shiva JH/Projects/OneLake Medallion/data/landing/2017-02-08/order_reviews.parquet,2017-02-08
f10091d2bafe4692cf53011c880b0491,17028de7d02a1fca7c1d08221b859b77,5,,"Produto de qualidade, entrega no prazo. Recomendo!",2017-03-09 00:00:00,2017-03-16 10:39:11,2017-02-08,2017-03-16 10:39:11.000000,2026-08-27T05:17:09.287600+00:00,D:/D drive recovery/Shiva JH/Projects/OneLake Medallion/data/landing/2017-02-08/order_reviews.parquet,2017-02-08
6ad530bb54fb56183cb64898c5226872,5667af66694cc07bce46f7af2ed32ed6,1,,,2017-03-31 00:00:00,2017-03-31 10:12:59,2017-03-04,2017-03-31 10:12:59.000000,2026-08-27T05:17:09.287600+00:00,D:/D drive recovery/Shiva JH/Projects/OneLake Medallion/data/landing/2017-03-04/order_reviews.parquet,2017-03-04
acd3337f94ac006f92fd8352778f9038,c4f3b6a5e1b0cd332ac54136c94c5053,5,,,2017-04-04 00:00:00,2017-04-04 17:14:03,2017-03-28,2017-04-04 17:14:03.000000,2026-08-27T05:17:09.287600+00:00,D:/D drive recovery/Shiva JH/Projects/OneLake Medallion/data/landing/2017-03-28/order_reviews.parquet,2017-03-28
5e7ed0b560d01e28734ae54d6a54d387,fbbfacf696d50761d1947ab6fb641764,5,,O produto foi entregue ante do prazo ,2017-04-14 00:00:00,2017-04-15 11:45:23,2017-03-28,2017-04-15 11:45:23.000000,2026-08-27T05:17:09.287600+00:00,D:/D drive recovery/Shiva JH/Projects/OneLake Medallion/data/landing/2017-03-28/order_reviews.parquet,2017-03-28
0eb6800da4da80726b90b74bf4a22f15,c583699ad331158897d9bf20f1a60004,4,,,2017-04-04 00:00:00,2017-04-07 13:00:09,2017-03-28,2017-04-07 13:00:09.000000,2026-08-27T05:17:09.287600+00:00,D:/D drive recovery/Shiva JH/Projects/OneLake Medallion/data/landing/2017-03-28/order_reviews.parquet,2017-03-28
5d4516989fe57640e5495b37e5320192,2c115ba9e25f2b8932ec710356d9eca9,5,,,2017-04-04 00:00:00,2017-04-07 11:17:46,2017-03-28,2017-04-07 11:17:46.000000,2026-08-27T05:17:09.287600+00:00,D:/D drive recovery/Shiva JH/Projects/OneLake Medallion/data/landing/2017-03-28/order_reviews.parquet,2017-03-28
5a65242dd44a9100a17702ce286d7b2b,fca7b989b55ec495fc04ef8344bdb7d9,5,,,2017-04-21 00:00:00,2017-04-23 16:03:43,2017-04-09,2017-04-23 16:03:43.000000,2026-08-27T05:17:09.287600+00:00,D:/D drive recovery/Shiva JH/Projects/OneLake Medallion/data/landing/2017-04-09/order_reviews.parquet,2017-04-09
daba59c6b03cf9481ed8ea5913965c30,ecc6c5d76a4d38a9b95c0fe288b3f220,4,,,2017-04-20 00:00:00,2017-04-24 13:45:50,2017-04-09,2017-04-24 13:45:50.000000,2026-08-27T05:17:09.287600+00:00,D:/D drive recovery/Shiva JH/Projects/OneLake Medallion/data/landing/2017-04-09/order_reviews.parquet,2017-04-09
0b441e62822d1cfea3d81152750efc34,6b62e435ad4cc81a538f9a279049f490,4,,MUito bom,2017-04-28 00:00:00,2018-03-01 16:13:09,2017-04-09,2018-03-01 16:13:09.000000,2026-08-27T05:17:09.287600+00:00,D:/D drive recovery/Shiva JH/Projects/OneLake Medallion/data/landing/2017-04-09/order_reviews.parquet,2017-04-09
afa4452e5e5b79681346303da60abbbd,2228184e3773ea7d28d150ed03ef65dc,2,,"Produto de péssima qualidade, muito diferente do oferecido no site. ",2017-04-29 00:00:00,2017-05-02 11:46:30,2017-04-09,2017-05-02 11:46:30.000000,2026-08-27T05:17:09.287600+00:00,D:/D drive recovery/Shiva JH/Projects/OneLake Medallion/data/landing/2017-04-09/order_reviews.parquet,2017-04-09
311e2d2f0d21a5f56dabf9c4d7b25a2c,6064862631581009b8eb676bc264d91f,1,,,2017-05-10 00:00:00,2017-05-17 18:37:04,2017-04-21,2017-05-17 18:37:04.000000,2026-08-27T05:17:09.287600+00:00,D:/D drive recovery/Shiva JH/Projects/OneLake Medallion/data/landing/2017-04-21/order_reviews.parquet,2017-04-21
adb7234718d7e463b3fca6aee66fd743,42113e78f28f6201edc22b1a9f50ca81,4,,Só posso avaliar quando receber o produto. Ainda está no prazo de entrega informado. ,2017-05-03 00:00:00,2017-05-04 04:05:35,2017-04-21,2017-05-04 04:05:35.000000,2026-08-27T05:17:09.287600+00:00,D:/D drive recovery/Shiva JH/Projects/OneLake Medallion/data/landing/2017-04-21/order_reviews.parquet,2017-04-21
06670c51556afacb0ea2908e7efd40f9,6f1ea17aaf0660f7eea41df1f6fc9e27,1,,,2017-05-13 00:00:00,2017-05-15 05:19:24,2017-04-21,2017-05-15 05:19:24.000000,2026-08-27T05:17:09.287600+00:00,D:/D drive recovery/Shiva JH/Projects/OneLake Medallion/data/landing/2017-04-21/order_reviews.parquet,2017-04-21
d0608d125f4c9c5f6cb1f72c51103eae,89e954a7919e964597b60e9f016df7fd,5,,entrega muito rapida sempre que compre chega antes do prazo.,2017-05-26 00:00:00,2017-05-29 18:05:25,2017-05-15,2017-05-29 18:05:25.000000,2026-08-27T05:17:09.287600+00:00,D:/D drive recovery/Shiva JH/Projects/OneLake Medallion/data/landing/2017-05-15/order_reviews.parquet,2017-05-15
8ca2889cc800f3a995496fa859ec720d,bd642c6155f02b3fb7eb4a527389fa64,5,,,2017-05-28 00:00:00,2017-05-29 15:22:17,2017-05-15,2017-05-29 15:22:17.000000,2026-08-27T05:17:09.287600+00:00,D:/D drive recovery/Shiva JH/Projects/OneLake Medallion/data/landing/2017-05-15/order_reviews.parquet,2017-05-15
8fbf8b0e58a0789dc5d7a4d507e56a29,e85e15e26534991f32622474410df797,5,,"excelente
",2017-05-23 00:00:00,2017-05-24 01:16:52,2017-05-15,2017-05-24 01:16:52.000000,2026-08-27T05:17:09.287600+00:00,D:/D drive recovery/Shiva JH/Projects/OneLake Medallion/data/landing/2017-05-15/order_reviews.parquet,2017-05-15
e507b7e2b4ef6d548f336bf57623ed31,b83427fcf80fd88d941541011ac876f8,4,,,2017-05-24 00:00:00,2017-05-25 18:20:24,2017-05-15,2017-05-25 18:20:24.000000,2026-08-27T05:17:09.287600+00:00,D:/D drive recovery/Shiva JH/Projects/OneLake Medallion/data/landing/2017-05-15/order_reviews.parquet,2017-05-15
e1cb77c4e1e220b76053c04fa40d620a,b92ef17170294d7b2fc093e20bd305c9,4,,,2017-06-10 00:00:00,2017-06-11 15:18:29,2017-05-27,2017-06-11 15:18:29.000000,2026-08-27T05:17:09.287600+00:00,D:/D drive recovery/Shiva JH/Projects/OneLake Medallion/data/landing/2017-05-27/order_reviews.parquet,2017-05-27
0fc19bc4f1067bf089d767d4d60b2e77,56a699750378066e427e2feaaa048399,4,,,2017-07-06 00:00:00,2017-07-07 10:04:47,2017-06-20,2017-07-07 10:04:47.000000,2026-08-27T05:17:09.287600+00:00,D:/D drive recovery/Shiva JH/Projects/OneLake Medallion/data/landing/2017-06-20/order_reviews.parquet,2017-06-20
6f0247f25c4044f84a6ea7ae29c03dc3,d0ecd96d0c6926c81ff571a7c21bfdca,4,,,2017-07-11 00:00:00,2017-07-13 23:46:01,2017-06-20,2017-07-13 23:46:01.000000,2026-08-27T05:17:09.287600+00:00,D:/D drive recovery/Shiva JH/Projects/OneLake Medallion/data/landing/2017-06-20/order_reviews.parquet,2017-06-20
01378b916b8ae8212d0a76dfd98a7043,75ceee59b8189aba5543675b806600ae,5,,gira facilmente! ,2017-07-06 00:00:00,2017-07-08 15:47:30,2017-07-02,2017-07-08 15:47:30.000000,2026-08-27T05:17:09.287600+00:00,D:/D drive recovery/Shiva JH/Projects/OneLake Medallion/data/landing/2017-07-02/order_reviews.parquet,2017-07-02
004e9b7b916a0a68269e00bac99e29fd,8647ff7e5f9536a33f5e6fd7f2c08d2a,3,,,2017-07-13 00:00:00,2017-07-13 23:27:10,2017-07-02,2017-07-13 23:27:10.000000,2026-08-27T05:17:09.287600+00:00,D:/D drive recovery/Shiva JH/Projects/OneLake Medallion/data/landing/2017-07-02/order_reviews.parquet,2017-07-02
52c35a24878f2b51dd910e456fa27c32,b6fa3751148ad8ba139779f6543951d9,3,,"o produto é bonito, mas muito frági,l chegou bem amassado.",2017-07-21 00:00:00,2017-07-22 00:05:05,2017-07-14,2017-07-22 00:05:05.000000,2026-08-27T05:17:09.287600+00:00,D:/D drive recovery/Shiva JH/Projects/OneLake Medallion/data/landing/2017-07-14/order_reviews.parquet,2017-07-14
518c6112309075fd57dced5d7de71af5,9ccfe5d0484872e6df585a289fc12206,1,,"Bom diaaa
Já enviei vários e-mails dizendo que quero trocar o produto pois veio na cor errada e o outro produto que comprei junto com esse não chegou. amanhã vou tentar resolver junto ao PROCON ",2017-07-21 00:00:00,2017-07-24 13:22:07,2017-07-14,2017-07-24 13:22:07.000000,2026-08-27T05:17:09.287600+00:00,D:/D drive recovery/Shiva JH/Projects/OneLake Medallion/data/landing/2017-07-14/order_reviews.parquet,2017-07-14
cea4860e8b63d29cd475e6fc3c0084ae,3d4369dcce579868d4629c19b96260c9,5,,,2017-07-27 00:00:00,2017-07-28 17:58:38,2017-07-14,2017-07-28 17:58:38.000000,2026-08-27T05:17:09.287600+00:00,D:/D drive recovery/Shiva JH/Projects/OneLake Medallion/data/landing/2017-07-14/order_reviews.parquet,2017-07-14
7bbd0942fb46e6950f875e01f969fabc,960de6b16b5ce4196d243baeb9d1a699,5,,,2017-07-28 00:00:00,2017-12-11 15:43:08,2017-07-14,2017-12-11 15:43:08.000000,2026-08-27T05:17:09.287600+00:00,D:/D drive recovery/Shiva JH/Projects/OneLake Medallion/data/landing/2017-07-14/order_reviews.parquet,2017-07-14
d3602fee131e910061ffb34dd476c691,cb589c751e6f002a96214f3a5c9284d4,3,,O forro interno é frágil e todo manchado de tinta o suporte de controle tem grandes falhas na pintura interna,2017-07-31 00:00:00,2017-08-02 20:09:36,2017-07-26,2017-08-02 20:09:36.000000,2026-08-27T05:17:09.287600+00:00,D:/D drive recovery/Shiva JH/Projects/OneLake Medallion/data/landing/2017-07-26/order_reviews.parquet,2017-07-26
3a6d1695936c903928637a5dfecb725b,0d6b94a6fbdff968503c0aa3e7bffdbf,4,,o problema foi com os Correios que continua com um serviço vergonhoso.,2017-08-29 00:00:00,2017-08-31 11:46:47,2017-08-07,2017-08-31 11:46:47.000000,2026-08-27T05:17:09.287600+00:00,D:/D drive recovery/Shiva JH/Projects/OneLake Medallion/data/landing/2017-08-07/order_reviews.parquet,2017-08-07
a2de28ffc44ec2f502900e78f743528a,e588764e20ea16aa323300b4b52de660,2,,,2017-08-26 00:00:00,2017-08-29 11:51:40,2017-08-07,2017-08-29 11:51:40.000000,2026-08-27T05:17:09.287600+00:00,D:/D drive recovery/Shiva JH/Projects/OneLake Medallion/data/landing/2017-08-07/order_reviews.parquet,2017-08-07
0975c53dd5616163543e19109c0703cf,6c589cce00692bb7fbd49d0eac280b17,5,,,2017-08-18 00:00:00,2017-08-23 17:42:18,2017-08-07,2017-08-23 17:42:18.000000,2026-08-27T05:17:09.287600+00:00,D:/D drive recovery/Shiva JH/Projects/OneLake Medallion/data/landing/2017-08-07/order_reviews.parquet,2017-08-07
297f92a0a5379707621193b62fdb4b36,fd22d0466cd7c6203111661f9efc93a1,4,,,2017-08-17 00:00:00,2017-08-18 12:49:08,2017-08-07,2017-08-18 12:49:08.000000,2026-08-27T05:17:09.287600+00:00,D:/D drive recovery/Shiva JH/Projects/OneLake Medallion/data/landing/2017-08-07/order_reviews.parquet,2017-08-07
33bb8e442feb2eb3fa5d7b92e1da15f6,72ba71ffcbc76a06e416c07d00d047f0,5,,,2017-08-15 00:00:00,2017-08-18 21:46:03,2017-08-07,2017-08-18 21:46:03.000000,2026-08-27T05:17:09.287600+00:00,D:/D drive recovery/Shiva JH/Projects/OneLake Medallion/data/landing/2017-08-07/order_reviews.parquet,2017-08-07
bbd49905c8e20694bb25c00c69439fb3,9f101be6d0a10cb40cc622691e49714c,5,,,2017-08-15 00:00:00,2017-08-18 13:51:06,2017-08-07,2017-08-18 13:51:06.000000,2026-08-27T05:17:09.287600+00:00,D:/D drive recovery/Shiva JH/Projects/OneLake Medallion/data/landing/2017-08-07/order_reviews.parquet,2017-08-07
005f13757c0f13da715a9c96892692db,f2bb3a124d84782133f5aadabe42adca,5,,,2017-08-15 00:00:00,2017-08-16 13:57:45,2017-08-07,2017-08-16 13:57:45.000000,2026-08-27T05:17:09.287600+00:00,D:/D drive recovery/Shiva JH/Projects/OneLake Medallion/data/landing/2017-08-07/order_reviews.parquet,2017-08-07
924b36d033d3fb0dc849bdbf55032932,57f67475fb7b09eedaba20d1a7cc6097,5,,Chegou antes da data prevista.,2017-08-24 00:00:00,2017-08-25 01:32:06,2017-08-07,2017-08-25 01:32:06.000000,2026-08-27T05:17:09.287600+00:00,D:/D drive recovery/Shiva JH/Projects/OneLake Medallion/data/landing/2017-08-07/order_reviews.parquet,2017-08-07
f47d028b504f238cbfdd2bde03f7dfd3,aa07fc0f496d65986abc9044683b8800,2,,"Estou tentando ligar, mas não consigo. Meu produto chegou antes do prazo informado, porém veio com rachadura, quero trocar.",2017-08-26 00:00:00,2017-08-26 21:45:16,2017-08-19,2017-08-26 21:45:16.000000,2026-08-27T05:17:09.287600+00:00,D:/D drive recovery/Shiva JH/Projects/OneLake Medallion/data/landing/2017-08-19/order_reviews.parquet,2017-08-19
ce9001fe6368b1875838bb21cce2e8c9,be4c0eb384232a183463d7d7604842d3,4,,,2017-09-12 00:00:00,2017-09-13 00:24:33,2017-08-31,2017-09-13 00:24:33.000000,2026-08-27T05:17:09.287600+00:00,D:/D drive recovery/Shiva JH/Projects/OneLake Medallion/data/landing/2017-08-31/order_reviews.parquet,2017-08-31
b2ad1a36ec4fdd9152f87cc6c8d9becf,e972859dd2d7d7681b40ecd41a465361,4,,,2017-09-13 00:00:00,2017-09-16 01:17:06,2017-08-31,2017-09-16 01:17:06.000000,2026-08-27T05:17:09.287600+00:00,D:/D drive recovery/Shiva JH/Projects/OneLake Medallion/data/landing/2017-08-31/order_reviews.parquet,2017-08-31
a72cb8bdad5c2f3e9fc4eafe15f4ad97,572acae7da06b5b656a1b296d1fb131f,4,,,2017-09-16 00:00:00,2017-09-19 00:28:01,2017-08-31,2017-09-19 00:28:01.000000,2026-08-27T05:17:09.287600+00:00,D:/D drive recovery/Shiva JH/Projects/OneLake Medallion/data/landing/2017-08-31/order_reviews.parquet,2017-08-31
c18e090421fb2cf4de8c52b28eff9834,30f3565c987f787c24733cdb37313a0c,5,,,2017-09-14 00:00:00,2017-09-18 17:54:14,2017-08-31,2017-09-18 17:54:14.000000,2026-08-27T05:17:09.287600+00:00,D:/D drive recovery/Shiva JH/Projects/OneLake Medallion/data/landing/2017-08-31/order_reviews.parquet,2017-08-31
ab8fd95f121ca42879657f7ba325e25e,456e593fb7f3e6083eb5adf9a48290f8,4,,,2017-09-27 00:00:00,2017-09-28 00:57:10,2017-09-12,2017-09-28 00:57:10.000000,2026-08-27T05:17:09.287600+00:00,D:/D drive recovery/Shiva JH/Projects/OneLake Medallion/data/landing/2017-09-12/order_reviews.parquet,2017-09-12
f54cd12e380cf5ac38f2a46feaf2d34d,0896d006da3ad8dc1b39b408ea428eb0,3,,meu produto com defeito,2017-09-23 00:00:00,2017-09-26 13:13:35,2017-09-12,2017-09-26 13:13:35.000000,2026-08-27T05:17:09.287600+00:00,D:/D drive recovery/Shiva JH/Projects/OneLake Medallion/data/landing/2017-09-12/order_reviews.parquet,2017-09-12
6180f87ab0f5b0af160c12617a050340,c8bb5e3a323ce2493a2a00f055b10f11,5,,,2017-09-30 00:00:00,2017-10-03 00:16:16,2017-09-12,2017-10-03 00:16:16.000000,2026-08-27T05:17:09.287600+00:00,D:/D drive recovery/Shiva JH/Projects/OneLake Medallion/data/landing/2017-09-12/order_reviews.parquet,2017-09-12
59a6ede207e0d563fbf696d6f76fa7dd,ded9b5ad95de67a5c760e7941c8309c1,4,,Entregou o produto rápido.,2017-09-28 00:00:00,2017-09-28 23:44:29,2017-09-12,2017-09-28 23:44:29.000000,2026-08-27T05:17:09.287600+00:00,D:/D drive recovery/Shiva JH/Projects/OneLake Medallion/data/landing/2017-09-12/order_reviews.parquet,2017-09-12
32fa8b38c4ff4d1d0104bbccd8333738,c9c0bd3b9db92cebece12e761bb8454c,5,,Produto ótimo,2017-09-20 00:00:00,2017-09-21 17:13:51,2017-09-12,2017-09-21 17:13:51.000000,2026-08-27T05:17:09.287600+00:00,D:/D drive recovery/Shiva JH/Projects/OneLake Medallion/data/landing/2017-09-12/order_reviews.parquet,2017-09-12
63d50a0e50ec0034a7d3869cbb19e59d,557cc2675910c4a6c9b54ad276f25097,5,,,2017-10-02 00:00:00,2017-10-04 22:50:42,2017-09-24,2017-10-04 22:50:42.000000,2026-08-27T05:17:09.287600+00:00,D:/D drive recovery/Shiva JH/Projects/OneLake Medallion/data/landing/2017-09-24/order_reviews.parquet,2017-09-24
e8e6ec36ab309ed7d9b718d0cd9fda90,0ca8999f0176e37f35b6e49a9b2569da,1,,"PEDIDO APROVADO DIA 06/10, POR DEMORA CANCELAMENTO DO PEDIDO NO DIA 17/10 E MESMO ASSIM MANDAM A MERCADORIA. ESTOU TENTANDO, DESDE O DIA 20/10 CONTATO VIA stark MAS NÃO OBTENHO RESPOSTA/RETORNO.",2017-10-25 00:00:00,2017-10-25 18:41:30,2017-10-06,2017-10-25 18:41:30.000000,2026-08-27T05:17:09.287600+00:00,D:/D drive recovery/Shiva JH/Projects/OneLake Medallion/data/landing/2017-10-06/order_reviews.parquet,2017-10-06
65396cb1b7386a2fbd67b510b8dced83,48dcae389be2ddd6ad3ba930055ebe4f,5,,,2017-10-25 00:00:00,2017-10-27 14:41:32,2017-10-06,2017-10-27 14:41:32.000000,2026-08-27T05:17:09.287600+00:00,D:/D drive recovery/Shiva JH/Projects/OneLake Medallion/data/landing/2017-10-06/order_reviews.parquet,2017-10-06
fc21202173d915332023865ec08feb8a,d5aa77f5eed8acdd598a687ccc27cfa8,2,,Estou aguardando a entrega! Sempre compro nas lannister e nunca tive problemas! Espero não ter ahora!,2017-10-26 00:00:00,2017-10-26 09:30:49,2017-10-06,2017-10-26 09:30:49.000000,2026-08-27T05:17:09.287600+00:00,D:/D drive recovery/Shiva JH/Projects/OneLake Medallion/data/landing/2017-10-06/order_reviews.parquet,2017-10-06
78cfb0fbdbf38d51d572886c940d6141,ea87e1e6046149ed0257414f5021caa4,5,,,2017-10-31 00:00:00,2017-11-02 16:45:24,2017-10-06,2017-11-02 16:45:24.000000,2026-08-27T05:17:09.287600+00:00,D:/D drive recovery/Shiva JH/Projects/OneLake Medallion/data/landing/2017-10-06/order_reviews.parquet,2017-10-06
66932a028e6f96f669a070cecf379e46,16a73b59c868ed5c7152b96b0ebc7693,5,,,2017-11-02 00:00:00,2017-11-03 15:17:53,2017-10-18,2017-11-03 15:17:53.000000,2026-08-27T05:17:09.287600+00:00,D:/D drive recovery/Shiva JH/Projects/OneLake Medallion/data/landing/2017-10-18/order_reviews.parquet,2017-10-18
c41f648dc5218a387a12e1d70ef68fe3,d856e505d0de5e968c3b1dffca9c8940,5,,Produto de excelente qualidade entrega antes do prazo.,2017-11-05 00:00:00,2017-11-08 22:33:59,2017-10-18,2017-11-08 22:33:59.000000,2026-08-27T05:17:09.287600+00:00,D:/D drive recovery/Shiva JH/Projects/OneLake Medallion/data/landing/2017-10-18/order_reviews.parquet,2017-10-18
e2fbeb0c615bca354e140466725282e2,6c9fa8bfb266b4c7de3e162fb28f46d8,5,,Entrega o que promete ,2017-11-01 00:00:00,2017-11-01 22:30:51,2017-10-18,2017-11-01 22:30:51.000000,2026-08-27T05:17:09.287600+00:00,D:/D drive recovery/Shiva JH/Projects/OneLake Medallion/data/landing/2017-10-18/order_reviews.parquet,2017-10-18
fe422274715dc5aabdd005be3eed66b1,61181b6edca2c3a0b58c77e58d91a8a3,5,,"Produto excelente, bom preço, rapidez na entrega. Estou satisfeito com a compra.",2017-11-01 00:00:00,2017-11-01 23:18:23,2017-10-18,2017-11-01 23:18:23.000000,2026-08-27T05:17:09.287600+00:00,D:/D drive recovery/Shiva JH/Projects/OneLake Medallion/data/landing/2017-10-18/order_reviews.parquet,2017-10-18
1244549f0fefa670ba9548e1d93e8fd1,7c2aefdd602f9df2ae6eb835d3973974,2,,"Esse produto nao veio o que cliquei.Era para vir um de cortar marmore 25 ml e que calce na furadeira ,mas . Alguma coisa na descricao saiu errado e veio a serra copo de cortar madeira 3/4.",2017-10-25 00:00:00,2017-10-26 05:43:38,2017-10-18,2017-10-26 05:43:38.000000,2026-08-27T05:17:09.287600+00:00,D:/D drive recovery/Shiva JH/Projects/OneLake Medallion/data/landing/2017-10-18/order_reviews.parquet,2017-10-18
2c8b0f97e0f850a4f89d4346fa8839dd,a669137c06cc23b7962d63be3a2ad6d1,5,,"Entrega muita rápida, muito antes do prazo, show!!! Produtos em perfeito estado!",2017-10-20 00:00:00,2017-10-23 11:32:01,2017-10-18,2017-10-23 11:32:01.000000,2026-08-27T05:17:09.287600+00:00,D:/D drive recovery/Shiva JH/Projects/OneLake Medallion/data/landing/2017-10-18/order_reviews.parquet,2017-10-18
73f61bd3127485768d9641c169a0b54a,88ed70c8a41eb5445e5221d691d08a7c,4,,,2017-11-09 00:00:00,2017-11-12 10:45:47,2017-10-18,2017-11-12 10:45:47.000000,2026-08-27T05:17:09.287600+00:00,D:/D drive recovery/Shiva JH/Projects/OneLake Medallion/data/landing/2017-10-18/order_reviews.parquet,2017-10-18
75d896ea9e07675dd6f45a44746e4725,cf72ba515bbb8a0ee1723579cc7d0380,5,,,2017-10-25 00:00:00,2017-10-25 18:38:11,2017-10-18,2017-10-25 18:38:11.000000,2026-08-27T05:17:09.287600+00:00,D:/D drive recovery/Shiva JH/Projects/OneLake Medallion/data/landing/2017-10-18/order_reviews.parquet,2017-10-18
39470c3a136f1ddf3fd30206144a2418,37e2f07d315a41d5a272a4bb61fa0b01,5,,"Produto chegou muito antes do prazo, parabéns!!

",2017-10-24 00:00:00,2017-10-24 17:34:28,2017-10-18,2017-10-24 17:34:28.000000,2026-08-27T05:17:09.287600+00:00,D:/D drive recovery/Shiva JH/Projects/OneLake Medallion/data/landing/2017-10-18/order_reviews.parquet,2017-10-18
b19a033cc2b01e1372ee0df5934aeaaa,a68ddd6009f7c4914e2bc86567262d3b,4,,,2017-11-23 00:00:00,2017-11-23 07:27:38,2017-10-30,2017-11-23 07:27:38.000000,2026-08-27T05:17:09.287600+00:00,D:/D drive recovery/Shiva JH/Projects/OneLake Medallion/data/landing/2017-10-30/order_reviews.parquet,2017-10-30
59e59d19cb5013a8949a82435d9cb69b,c269cce123fb9db14b5d2cbe52b36ea5,5,,"Ótimo produtos no site, recomendável....",2017-11-09 00:00:00,2017-11-10 10:10:04,2017-10-30,2017-11-10 10:10:04.000000,2026-08-27T05:17:09.287600+00:00,D:/D drive recovery/Shiva JH/Projects/OneLake Medallion/data/landing/2017-10-30/order_reviews.parquet,2017-10-30
c769396233b642a0f83e2ed696c70607,84e4486c820db46414cbfb1dbbe80889,1,,"Comprei 2 luminárias e chegou apenas uma.
 Aguardo explicação",2017-12-03 00:00:00,2017-12-05 23:12:24,2017-11-23,2017-12-05 23:12:24.000000,2026-08-27T05:17:09.287600+00:00,D:/D drive recovery/Shiva JH/Projects/OneLake Medallion/data/landing/2017-11-23/order_reviews.parquet,2017-11-23
4b216197038294656ad9fb089354c66d,37106a52065add00bf3e59408c290323,3,,,2017-12-06 00:00:00,2017-12-15 16:20:31,2017-11-23,2017-12-15 16:20:31.000000,2026-08-27T05:17:09.287600+00:00,D:/D drive recovery/Shiva JH/Projects/OneLake Medallion/data/landing/2017-11-23/order_reviews.parquet,2017-11-23
feeee28090922ae7d92b15918fd8c4d2,e271431ad37021b0e445c4f01a6ff83c,5,,,2017-12-16 00:00:00,2017-12-17 20:31:38,2017-11-23,2017-12-17 20:31:38.000000,2026-08-27T05:17:09.287600+00:00,D:/D drive recovery/Shiva JH/Projects/OneLake Medallion/data/landing/2017-11-23/order_reviews.parquet,2017-11-23
ceb69b00366d93d755658f3f0931c26b,2e3d96522c8c378d4135c12a65c977aa,1,,"Não recebi meu produto, não me dizem o q aconteceu, so tenho e-mail dos correios dizendo q meu produto não chegou em Fortaleza, ja tenho 2 protocolos abertos e não tenho respostas.",2017-12-20 00:00:00,2017-12-20 12:11:32,2017-11-23,2017-12-20 12:11:32.000000,2026-08-27T05:17:09.287600+00:00,D:/D drive recovery/Shiva JH/Projects/OneLake Medallion/data/landing/2017-11-23/order_reviews.parquet,2017-11-23
9210b63bd3ab57191a237b11a4d248c1,33333d8eea2fd73fef836145d8e725ea,5,,"Quanto a loja, perfeito. Entregue no prazo e tudo OK com o produto. Com relação ao produto, não testei ainda, mas parece de boa qualidade.",2017-12-15 00:00:00,2017-12-18 16:02:56,2017-12-05,2017-12-18 16:02:56.000000,2026-08-27T05:17:09.287600+00:00,D:/D drive recovery/Shiva JH/Projects/OneLake Medallion/data/landing/2017-12-05/order_reviews.parquet,2017-12-05
4a2e5147b2bd3e8b4d1133bf270b6e16,9d37b4cfbb7cf24c2397f41803927b9a,4,,Produto Entregue corretamente .,2017-12-29 00:00:00,2017-12-29 21:26:14,2017-12-05,2017-12-29 21:26:14.000000,2026-08-27T05:17:09.287600+00:00,D:/D drive recovery/Shiva JH/Projects/OneLake Medallion/data/landing/2017-12-05/order_reviews.parquet,2017-12-05
a20c24976e5130fdc8ac993ecd6b649b,061f2692f309a270bc04537e0a2508bb,2,,O produto chegou rasgado ,2017-12-11 00:00:00,2017-12-13 20:39:52,2017-12-05,2017-12-13 20:39:52.000000,2026-08-27T05:17:09.287600+00:00,D:/D drive recovery/Shiva JH/Projects/OneLake Medallion/data/landing/2017-12-05/order_reviews.parquet,2017-12-05
295014da9d7d2cd1f91e2333d82c1bf0,ba3c3f0a08fc618d7bee784ef3a1574e,5,,Seguro e dentro do prazo. ,2017-12-21 00:00:00,2017-12-22 03:20:15,2017-12-05,2017-12-22 03:20:15.000000,2026-08-27T05:17:09.287600+00:00,D:/D drive recovery/Shiva JH/Projects/OneLake Medallion/data/landing/2017-12-05/order_reviews.parquet,2017-12-05
86e1f4c9a3e9124559a93fb7ffbdd153,a3c3508e603e9411b2b69972993bd079,5,,"Produto entregue de forma rápida, parece ser original, bem embalado no recebimento.
recomendo o a loja",2017-12-20 00:00:00,2017-12-21 17:04:02,2017-12-05,2017-12-21 17:04:02.000000,2026-08-27T05:17:09.287600+00:00,D:/D drive recovery/Shiva JH/Projects/OneLake Medallion/data/landing/2017-12-05/order_reviews.parquet,2017-12-05
1f43711eb1dc8af9b084a10669610fc8,f1683f4bfd72d0680bb05961cde27a66,3,,"Comprei um kit com 4 peças, mas só entregaram duas está faltando duas, quando entregarem o restante aí eu recomendo o site ",2017-12-13 00:00:00,2017-12-18 20:26:20,2017-12-05,2017-12-18 20:26:20.000000,2026-08-27T05:17:09.287600+00:00,D:/D drive recovery/Shiva JH/Projects/OneLake Medallion/data/landing/2017-12-05/order_reviews.parquet,2017-12-05
579d77dab1ad546ac1b4ee297930830d,2f1a68671a42c4f1cb4dad01656333da,5,,Ótimo ,2017-12-19 00:00:00,2017-12-20 02:12:24,2017-12-05,2017-12-20 02:12:24.000000,2026-08-27T05:17:09.287600+00:00,D:/D drive recovery/Shiva JH/Projects/OneLake Medallion/data/landing/2017-12-05/order_reviews.parquet,2017-12-05
d22084dfb7bde69f5da042a2731183cb,3a6bf12cb580b92b0d58b93fd1a35e17,5,,,2017-12-08 00:00:00,2017-12-09 16:26:38,2017-12-05,2017-12-09 16:26:38.000000,2026-08-27T05:17:09.287600+00:00,D:/D drive recovery/Shiva JH/Projects/OneLake Medallion/data/landing/2017-12-05/order_reviews.parquet,2017-12-05
15aadcc65b8efb11ef3ecd264bb091ed,d4c58595bdf85c5e0faf0800e4ef4b94,5,,,2017-12-14 00:00:00,2017-12-14 18:27:57,2017-12-05,2017-12-14 18:27:57.000000,2026-08-27T05:17:09.287600+00:00,D:/D drive recovery/Shiva JH/Projects/OneLake Medallion/data/landing/2017-12-05/order_reviews.parquet,2017-12-05
1108d1964f811ea687df91fca62989db,53a72dbf29b3890aeae332e05c763169,5,,Produto silencioso!,2017-12-28 00:00:00,2018-01-02 13:21:07,2017-12-05,2018-01-02 13:21:07.000000,2026-08-27T05:17:09.287600+00:00,D:/D drive recovery/Shiva JH/Projects/OneLake Medallion/data/landing/2017-12-05/order_reviews.parquet,2017-12-05
d15fef3c853d25170dad47b38e1479cd,633dd5a92f78d119e8d78b055c418fcd,5,,Me surpreendeu a qualidade.,2018-01-03 00:00:00,2018-01-04 10:38:13,2017-12-17,2018-01-04 10:38:13.000000,2026-08-27T05:17:09.287600+00:00,D:/D drive recovery/Shiva JH/Projects/OneLake Medallion/data/landing/2017-12-17/order_reviews.parquet,2017-12-17
f84b187bcbf998a188aeff867c812d79,8ed3cf9546af963a08c97b1edfe352d2,5,,,2017-12-30 00:00:00,2017-12-31 12:00:23,2017-12-17,2017-12-31 12:00:23.000000,2026-08-27T05:17:09.287600+00:00,D:/D drive recovery/Shiva JH/Projects/OneLake Medallion/data/landing/2017-12-17/order_reviews.parquet,2017-12-17
b5ace2ba1add0cc2c895aea1c09815cb,6cfe6353d8643785eeccb1f3378ba401,2,,Recebi o produto errado na nota fiscal consta slim patch mais recebi um instantly ageless no lugar ,2018-01-17 00:00:00,2018-01-19 23:22:21,2017-12-17,2018-01-19 23:22:21.000000,2026-08-27T05:17:09.287600+00:00,D:/D drive recovery/Shiva JH/Projects/OneLake Medallion/data/landing/2017-12-17/order_reviews.parquet,2017-12-17
995a826697babf275a753dd30d0b69b7,91a333766463bf60b5dcb78750da0f51,2,,,2018-01-05 00:00:00,2018-01-06 01:04:46,2017-12-29,2018-01-06 01:04:46.000000,2026-08-27T05:17:09.287600+00:00,D:/D drive recovery/Shiva JH/Projects/OneLake Medallion/data/landing/2017-12-29/order_reviews.parquet,2017-12-29
b1293fde5fb56fd52c44307d7dfde71b,47d4cec8efbcb39b6dad3398a957ae67,5,,,2018-01-23 00:00:00,2018-01-24 12:28:25,2017-12-29,2018-01-24 12:28:25.000000,2026-08-27T05:17:09.287600+00:00,D:/D drive recovery/Shiva JH/Projects/OneLake Medallion/data/landing/2017-12-29/order_reviews.parquet,2017-12-29
0b77fe371c9870f73c307d0f9b9b58e7,122f89bf1364c998d4a766ff07d87b9b,5,,,2018-01-10 00:00:00,2018-01-16 18:42:42,2017-12-29,2018-01-16 18:42:42.000000,2026-08-27T05:17:09.287600+00:00,D:/D drive recovery/Shiva JH/Projects/OneLake Medallion/data/landing/2017-12-29/order_reviews.parquet,2017-12-29
80e8eb7a7be7a09056f4b83374756b26,bb386dd878f0e22e224e88bf470d8bba,4,,,2018-01-14 00:00:00,2018-01-14 22:59:00,2017-12-29,2018-01-14 22:59:00.000000,2026-08-27T05:17:09.287600+00:00,D:/D drive recovery/Shiva JH/Projects/OneLake Medallion/data/landing/2017-12-29/order_reviews.parquet,2017-12-29
44f587dbe9e2f3fe480d72d387c5c655,b86b409722c5a0526855d0df0076609b,3,,No anuncio do produto dizia que era emenda com rosca e é com engate simples.,2018-01-30 00:00:00,2018-01-31 23:18:04,2017-12-29,2018-01-31 23:18:04.000000,2026-08-27T05:17:09.287600+00:00,D:/D drive recovery/Shiva JH/Projects/OneLake Medallion/data/landing/2017-12-29/order_reviews.parquet,2017-12-29
f932516369a53e2bd53794c0e19fd12b,e22739f2795ccf571ea9b5634b5bef5f,5,,,2018-01-23 00:00:00,2018-01-24 00:00:57,2018-01-10,2018-01-24 00:00:57.000000,2026-08-27T05:17:09.287600+00:00,D:/D drive recovery/Shiva JH/Projects/OneLake Medallion/data/landing/2018-01-10/order_reviews.parquet,2018-01-10
5ad5d7a10e5e404958b8269ac9262ef5,dbf950454e4e2ce02692d5a05aa7a304,3,,,2018-01-14 00:00:00,2018-01-16 18:42:44,2018-01-10,2018-01-16 18:42:44.000000,2026-08-27T05:17:09.287600+00:00,D:/D drive recovery/Shiva JH/Projects/OneLake Medallion/data/landing/2018-01-10/order_reviews.parquet,2018-01-10
19fd20f1ac14f0de02d0c078059a9c84,8f8634cbfb1b971fbea53d83c59105b0,4,,Otimo produto,2018-01-20 00:00:00,2018-01-22 10:29:49,2018-01-10,2018-01-22 10:29:49.000000,2026-08-27T05:17:09.287600+00:00,D:/D drive recovery/Shiva JH/Projects/OneLake Medallion/data/landing/2018-01-10/order_reviews.parquet,2018-01-10
c42a4cd78dfb927ce9672359c477da0b,0fd2cbcb61ecd83360e6ba4f37059f11,3,,,2018-01-26 00:00:00,2018-01-27 01:18:26,2018-01-10,2018-01-27 01:18:26.000000,2026-08-27T05:17:09.287600+00:00,D:/D drive recovery/Shiva JH/Projects/OneLake Medallion/data/landing/2018-01-10/order_reviews.parquet,2018-01-10
478d0fe59178e961be0bd730823532fe,424324b09cd7245a213d08d46272e9e6,4,,,2018-01-17 00:00:00,2018-01-18 11:45:27,2018-01-10,2018-01-18 11:45:27.000000,2026-08-27T05:17:09.287600+00:00,D:/D drive recovery/Shiva JH/Projects/OneLake Medallion/data/landing/2018-01-10/order_reviews.parquet,2018-01-10
168ba75065b80ec0f41e3e358d21f362,91151a1839749882e607fb8d0c0a2a71,4,,,2018-01-27 00:00:00,2018-01-28 13:13:46,2018-01-10,2018-01-28 13:13:46.000000,2026-08-27T05:17:09.287600+00:00,D:/D drive recovery/Shiva JH/Projects/OneLake Medallion/data/landing/2018-01-10/order_reviews.parquet,2018-01-10
bb48fd166326524246a295e3ec76ec70,1d28af766063913e28a09606c0ee6fee,4,,O produto foi entregue bem antes do prazo estipulado no ato da compra. ,2018-01-30 00:00:00,2018-02-01 10:24:02,2018-01-22,2018-02-01 10:24:02.000000,2026-08-27T05:17:09.287600+00:00,D:/D drive recovery/Shiva JH/Projects/OneLake Medallion/data/landing/2018-01-22/order_reviews.parquet,2018-01-22
023758ca275fb4fe7d134a87d99cbe01,1e4dc51447faa970879bb120932eebb6,5,,Depois que efetuei a compra. Fui informado após alguns dias que não havia estoque do produto. Mas mesmo assim agradeço o ótimo atendimento.,2018-02-17 00:00:00,2018-04-12 14:24:40,2018-01-22,2018-04-12 14:24:40.000000,2026-08-27T05:17:09.287600+00:00,D:/D drive recovery/Shiva JH/Projects/OneLake Medallion/data/landing/2018-01-22/order_reviews.parquet,2018-01-22
70753811d046d41733b7322ba57e4091,2c3a5e5f5bc3ae78ed5748461e62d47d,5,,,2018-02-07 00:00:00,2018-02-07 18:39:02,2018-01-22,2018-02-07 18:39:02.000000,2026-08-27T05:17:09.287600+00:00,D:/D drive recovery/Shiva JH/Projects/OneLake Medallion/data/landing/2018-01-22/order_reviews.parquet,2018-01-22
547597d1035a5d9b5e768755ad0298bb,1c1f19ca40392b67aa5f9627ad2d1029,5,,Chegou correto. Vou instalar para testar agora!,2018-01-27 00:00:00,2018-01-30 14:29:08,2018-01-22,2018-01-30 14:29:08.000000,2026-08-27T05:17:09.287600+00:00,D:/D drive recovery/Shiva JH/Projects/OneLake Medallion/data/landing/2018-01-22/order_reviews.parquet,2018-01-22
7a23b19cb71c303026620cb2cca41c02,7f40591eeef659da2bc93d2735fa9476,5,,,2018-01-26 00:00:00,2018-01-27 03:06:36,2018-01-22,2018-01-27 03:06:36.000000,2026-08-27T05:17:09.287600+00:00,D:/D drive recovery/Shiva JH/Projects/OneLake Medallion/data/landing/2018-01-22/order_reviews.parquet,2018-01-22
0d5b0021c003be958b95cdc87feb10ec,04bef466ed85bb9eca9a6165d765574c,4,,,2018-02-24 00:00:00,2018-02-25 14:04:59,2018-01-22,2018-02-25 14:04:59.000000,2026-08-27T05:17:09.287600+00:00,D:/D drive recovery/Shiva JH/Projects/OneLake Medallion/data/landing/2018-01-22/order_reviews.parquet,2018-01-22
f669c9e6963561dd7ded97ff2b5f020f,2cfd5a10761ea2f9ebe13e7204c54c37,5,,,2018-02-01 00:00:00,2018-02-02 20:25:49,2018-01-22,2018-02-02 20:25:49.000000,2026-08-27T05:17:09.287600+00:00,D:/D drive recovery/Shiva JH/Projects/OneLake Medallion/data/landing/2018-01-22/order_reviews.parquet,2018-01-22
600193c5944d1c002925a92455b1b9cd,896a98eb2680bdc1b1f621e02c6b9d08,5,,Produto entregue corretamente e com muito boa qualidade em seus produtos,2018-02-09 00:00:00,2018-02-09 18:27:52,2018-01-22,2018-02-09 18:27:52.000000,2026-08-27T05:17:09.287600+00:00,D:/D drive recovery/Shiva JH/Projects/OneLake Medallion/data/landing/2018-01-22/order_reviews.parquet,2018-01-22
7bfbc96c824b2e36b11bccadf5e76029,28deb75c8cd00d9b37fc3376aca1cc09,5,,,2018-02-24 00:00:00,2018-02-26 21:37:07,2018-02-03,2018-02-26 21:37:07.000000,2026-08-27T05:17:09.287600+00:00,D:/D drive recovery/Shiva JH/Projects/OneLake Medallion/data/landing/2018-02-03/order_reviews.parquet,2018-02-03
a4ceeb9b27808a1a2b7852aae2ecba13,9bf7384574b699b32297382b5df68d09,5,,,2018-02-15 00:00:00,2018-02-16 01:27:29,2018-02-03,2018-02-16 01:27:29.000000,2026-08-27T05:17:09.287600+00:00,D:/D drive recovery/Shiva JH/Projects/OneLake Medallion/data/landing/2018-02-03/order_reviews.parquet,2018-02-03
ef40b46f5205028e41d6b4d7016808b1,30fb13279028a5d1ebc47f8ace9b041f,5,,o produto foi entregue antes do prazo,2018-02-23 00:00:00,2018-02-23 18:59:09,2018-02-03,2018-02-23 18:59:09.000000,2026-08-27T05:17:09.287600+00:00,D:/D drive recovery/Shiva JH/Projects/OneLake Medallion/data/landing/2018-02-03/order_reviews.parquet,2018-02-03
fd0387f3b0d68a8e1af81220317b3864,3e260a92ff50c19fbc36aa8a1d0970d1,4,,,2018-03-08 00:00:00,2018-03-09 14:44:47,2018-02-15,2018-03-09 14:44:47.000000,2026-08-27T05:17:09.287600+00:00,D:/D drive recovery/Shiva JH/Projects/OneLake Medallion/data/landing/2018-02-15/order_reviews.parquet,2018-02-15
258f7052e071f6345fe75e1e92344a35,9acc95f3652577fb8a5c8b1a7ee9bd96,1,,Eu esperei mais de 30 dias pra dar de presente e não veio. Pedi pra cancelar e vocês disseram que não podiam mais. ,2018-03-17 00:00:00,2018-03-17 13:34:30,2018-02-15,2018-03-17 13:34:30.000000,2026-08-27T05:17:09.287600+00:00,D:/D drive recovery/Shiva JH/Projects/OneLake Medallion/data/landing/2018-02-15/order_reviews.parquet,2018-02-15
c42be19fcda88ac79db90671e3fa9944,cdc8b4ad3c6deb7fc303fb91abe7bc0f,4,,,2018-03-14 00:00:00,2018-03-15 11:55:35,2018-02-15,2018-03-15 11:55:35.000000,2026-08-27T05:17:09.287600+00:00,D:/D drive recovery/Shiva JH/Projects/OneLake Medallion/data/landing/2018-02-15/order_reviews.parquet,2018-02-15
fb3a30a9ad34437d48f6ea2285d85d36,1ded4213705262539b563c8f1a535044,5,,,2018-03-06 00:00:00,2018-03-06 22:18:01,2018-02-15,2018-03-06 22:18:01.000000,2026-08-27T05:17:09.287600+00:00,D:/D drive recovery/Shiva JH/Projects/OneLake Medallion/data/landing/2018-02-15/order_reviews.parquet,2018-02-15
b3d910d279fbb1b3f983f83bef02ed2e,e61f15c94900d1cc4cebd96be96f3823,5,,,2018-02-27 00:00:00,2018-02-28 02:35:52,2018-02-15,2018-02-28 02:35:52.000000,2026-08-27T05:17:09.287600+00:00,D:/D drive recovery/Shiva JH/Projects/OneLake Medallion/data/landing/2018-02-15/order_reviews.parquet,2018-02-15
409036db1c9764a01c88bf708e2bab73,b2e21801242d20d3f1f17a2e99dbd5f7,5,,,2018-02-27 00:00:00,2018-02-28 12:05:23,2018-02-15,2018-02-28 12:05:23.000000,2026-08-27T05:17:09.287600+00:00,D:/D drive recovery/Shiva JH/Projects/OneLake Medallion/data/landing/2018-02-15/order_reviews.parquet,2018-02-15
7ff4937802584f66e8b3f357619189ee,a9884879d65dd954426915174ac439ad,5,,,2018-03-03 00:00:00,2018-03-05 12:25:43,2018-02-15,2018-03-05 12:25:43.000000,2026-08-27T05:17:09.287600+00:00,D:/D drive recovery/Shiva JH/Projects/OneLake Medallion/data/landing/2018-02-15/order_reviews.parquet,2018-02-15
80c70bc263881ba6525f6cee1d94ac87,ae168dfba236919411fe08f336fefa44,5,,,2018-03-17 00:00:00,2018-04-04 19:41:11,2018-02-27,2018-04-04 19:41:11.000000,2026-08-27T05:17:09.287600+00:00,D:/D drive recovery/Shiva JH/Projects/OneLake Medallion/data/landing/2018-02-27/order_reviews.parquet,2018-02-27
b12d5e7fb052eca4b86fd61f42a73ac7,b951bb66b451384026a3308f84f1eab9,5,,Não recebi o produto,2018-03-21 00:00:00,2018-03-21 14:56:34,2018-02-27,2018-03-21 14:56:34.000000,2026-08-27T05:17:09.287600+00:00,D:/D drive recovery/Shiva JH/Projects/OneLake Medallion/data/landing/2018-02-27/order_reviews.parquet,2018-02-27
189ddbeafbb95b1a45a72278c475bece,75e005e5bcbda5404c4c3f5dcb16f7ae,5,,,2018-03-06 00:00:00,2018-03-06 20:40:10,2018-02-27,2018-03-06 20:40:10.000000,2026-08-27T05:17:09.287600+00:00,D:/D drive recovery/Shiva JH/Projects/OneLake Medallion/data/landing/2018-02-27/order_reviews.parquet,2018-02-27
81f7dff32f7745a970bcd3a19ce80ca5,589310d3d488112508a26f3e22ba30ca,4,,faz somente dois dias que estou testando,2018-03-14 00:00:00,2018-03-15 11:37:48,2018-02-27,2018-03-15 11:37:48.000000,2026-08-27T05:17:09.287600+00:00,D:/D drive recovery/Shiva JH/Projects/OneLake Medallion/data/landing/2018-02-27/order_reviews.parquet,2018-02-27
b8d107d99003dbf53f99c8186fc2b4e6,58cd1eb79e3ed5abe07691143092d982,1,,Comprei um controle remoto e passados quase trinta dias ainda não o recebi.,2018-03-21 00:00:00,2018-03-23 02:08:17,2018-02-27,2018-03-23 02:08:17.000000,2026-08-27T05:17:09.287600+00:00,D:/D drive recovery/Shiva JH/Projects/OneLake Medallion/data/landing/2018-02-27/order_reviews.parquet,2018-02-27
afbf2988dbdc480e574b7f65bbf2fcc9,9b95a53cadb5a007d0928bd00265ea08,1,,Não recebi o produto,2018-03-31 00:00:00,2018-04-02 13:47:25,2018-02-27,2018-04-02 13:47:25.000000,2026-08-27T05:17:09.287600+00:00,D:/D drive recovery/Shiva JH/Projects/OneLake Medallion/data/landing/2018-02-27/order_reviews.parquet,2018-02-27
3f89732c603cea71b0ac8925734810a0,26cdf11da38117ed1bca961a210dd21d,3,,ok,2018-03-17 00:00:00,2018-03-19 12:59:37,2018-02-27,2018-03-19 12:59:37.000000,2026-08-27T05:17:09.287600+00:00,D:/D drive recovery/Shiva JH/Projects/OneLake Medallion/data/landing/2018-02-27/order_reviews.parquet,2018-02-27
1164e966327872f6421035f86714e279,d22be2a4da2ca6e4cf8f164d63f5be02,4,,,2018-03-17 00:00:00,2018-03-18 13:03:33,2018-02-27,2018-03-18 13:03:33.000000,2026-08-27T05:17:09.287600+00:00,D:/D drive recovery/Shiva JH/Projects/OneLake Medallion/data/landing/2018-02-27/order_reviews.parquet,2018-02-27
f32b9ee59995b2c9037d12c35b0420ee,4c1820d7f03f21dc27c9fc40eba8e860,1,,"Não compre com esta empresa targaryen que faz a entrega. Eles enviam pelo correio e como o correio está uma merda, o produto não chega nunca. ",2018-03-25 00:00:00,2018-03-25 12:33:54,2018-02-27,2018-03-25 12:33:54.000000,2026-08-27T05:17:09.287600+00:00,D:/D drive recovery/Shiva JH/Projects/OneLake Medallion/data/landing/2018-02-27/order_reviews.parquet,2018-02-27
10f120e26f8f7524758d4b36195f48a0,a3958d69eb857cd9af63d8f40948e64d,5,,"NÚMEROS GRANDES E LUZES VERMELHAS FORTES, OBSERVA-SE DE MUITO LONGE, RECOMENDO.",2018-03-22 00:00:00,2018-03-22 04:38:56,2018-02-27,2018-03-22 04:38:56.000000,2026-08-27T05:17:09.287600+00:00,D:/D drive recovery/Shiva JH/Projects/OneLake Medallion/data/landing/2018-02-27/order_reviews.parquet,2018-02-27
7dcb3aa0202b0197d7fb93965df3456a,59af26972d088bedece0eddac136ccd5,5,,,2018-03-07 00:00:00,2018-03-10 12:35:09,2018-02-27,2018-03-10 12:35:09.000000,2026-08-27T05:17:09.287600+00:00,D:/D drive recovery/Shiva JH/Projects/OneLake Medallion/data/landing/2018-02-27/order_reviews.parquet,2018-02-27
da38dd616d795d2c10c730c7f0941da0,7b851c9a82166bba7e2bce7bc005a226,5,,,2018-03-07 00:00:00,2018-03-13 19:55:16,2018-02-27,2018-03-13 19:55:16.000000,2026-08-27T05:17:09.287600+00:00,D:/D drive recovery/Shiva JH/Projects/OneLake Medallion/data/landing/2018-02-27/order_reviews.parquet,2018-02-27
b78f20c51088ec06952b9fbd24660846,0ee3384432be1cfa2a044251ca3ea3a4,4,,,2018-03-20 00:00:00,2018-03-21 01:13:18,2018-03-11,2018-03-21 01:13:18.000000,2026-08-27T05:17:09.287600+00:00,D:/D drive recovery/Shiva JH/Projects/OneLake Medallion/data/landing/2018-03-11/order_reviews.parquet,2018-03-11
31b97eaf2f63a939e6eaf44f59d31795,4de3ade587f6ec5d1bab54a9c831f1df,5,,,2018-03-15 00:00:00,2018-03-16 04:27:41,2018-03-11,2018-03-16 04:27:41.000000,2026-08-27T05:17:09.287600+00:00,D:/D drive recovery/Shiva JH/Projects/OneLake Medallion/data/landing/2018-03-11/order_reviews.parquet,2018-03-11
128a25c0bc5c187adcfde57944ab21a5,bd73b77940b4755971250ad4a3cd95b8,3,,boa,2018-03-28 00:00:00,2018-04-01 21:08:14,2018-03-11,2018-04-01 21:08:14.000000,2026-08-27T05:17:09.287600+00:00,D:/D drive recovery/Shiva JH/Projects/OneLake Medallion/data/landing/2018-03-11/order_reviews.parquet,2018-03-11
2e16ae40c378f3f72ba2c6f77dc45081,3e37861f5eeb4e7f465390b54c79bca7,5,,,2018-04-12 00:00:00,2018-04-16 18:49:42,2018-03-11,2018-04-16 18:49:42.000000,2026-08-27T05:17:09.287600+00:00,D:/D drive recovery/Shiva JH/Projects/OneLake Medallion/data/landing/2018-03-11/order_reviews.parquet,2018-03-11
60719ff30a4be2392c8dcc5e54a71ddb,6518924bc9a484b955e621ee87bc2b60,1,,,2018-04-11 00:00:00,2018-04-11 22:31:37,2018-03-23,2018-04-11 22:31:37.000000,2026-08-27T05:17:09.287600+00:00,D:/D drive recovery/Shiva JH/Projects/OneLake Medallion/data/landing/2018-03-23/order_reviews.parquet,2018-03-23
ef31286320829b5e692f3560a5b4f33e,6b8c62c594c79c27167d9337676cd93a,5,,,2018-03-29 00:00:00,2018-03-29 20:24:46,2018-03-23,2018-03-29 20:24:46.000000,2026-08-27T05:17:09.287600+00:00,D:/D drive recovery/Shiva JH/Projects/OneLake Medallion/data/landing/2018-03-23/order_reviews.parquet,2018-03-23
1d7564dac435e9482dfb63c45aa89af2,c9228d6b986db23662580682699083d2,3,,,2018-04-14 00:00:00,2018-04-17 22:17:40,2018-03-23,2018-04-17 22:17:40.000000,2026-08-27T05:17:09.287600+00:00,D:/D drive recovery/Shiva JH/Projects/OneLake Medallion/data/landing/2018-03-23/order_reviews.parquet,2018-03-23
79d4cf1b7a4c48988d568f51247b6361,4e01efb248c52ca8e83181032cf0bdab,5,,,2018-04-04 00:00:00,2018-04-06 17:37:06,2018-03-23,2018-04-06 17:37:06.000000,2026-08-27T05:17:09.287600+00:00,D:/D drive recovery/Shiva JH/Projects/OneLake Medallion/data/landing/2018-03-23/order_reviews.parquet,2018-03-23
6521a10196070a28e0be6cf3b4a1bdd1,57519b17e3776c2f4fa3a4e7fe69ccf8,1,,"Bom dia Recebi a película quebrada. 

Assim que eu recebi a película ja abri um chamado aqui no site mais ninguém me retornou. ",2018-04-03 00:00:00,2018-04-06 13:05:50,2018-03-23,2018-04-06 13:05:50.000000,2026-08-27T05:17:09.287600+00:00,D:/D drive recovery/Shiva JH/Projects/OneLake Medallion/data/landing/2018-03-23/order_reviews.parquet,2018-03-23
223e233bcc19e29c3a1057f5b4d34435,0921e6115b1fcc24d5dcf35570b68933,1,,Passou do prazo ,2018-04-28 00:00:00,2018-04-30 03:50:30,2018-04-04,2018-04-30 03:50:30.000000,2026-08-27T05:17:09.287600+00:00,D:/D drive recovery/Shiva JH/Projects/OneLake Medallion/data/landing/2018-04-04/order_reviews.parquet,2018-04-04
e7cff2134839aa7c09f574268a93a450,dc93ba4cf47339046ee8035efb73e2d4,4,,,2018-04-18 00:00:00,2018-04-18 22:24:06,2018-04-04,2018-04-18 22:24:06.000000,2026-08-27T05:17:09.287600+00:00,D:/D drive recovery/Shiva JH/Projects/OneLake Medallion/data/landing/2018-04-04/order_reviews.parquet,2018-04-04
b5e59c1672c76cd0674819f914ee8f50,a3e6b4dfa4c321071ce66af89c4903b8,5,,,2018-05-01 00:00:00,2018-05-03 18:51:25,2018-04-04,2018-05-03 18:51:25.000000,2026-08-27T05:17:09.287600+00:00,D:/D drive recovery/Shiva JH/Projects/OneLake Medallion/data/landing/2018-04-04/order_reviews.parquet,2018-04-04
34f9e8939532c1d9a0bbe3313c7040dd,a836557bd25acb961f6381da4f877fd0,5,,,2018-04-19 00:00:00,2018-04-19 19:27:54,2018-04-04,2018-04-19 19:27:54.000000,2026-08-27T05:17:09.287600+00:00,D:/D drive recovery/Shiva JH/Projects/OneLake Medallion/data/landing/2018-04-04/order_reviews.parquet,2018-04-04
58150306ba2d5d2794c8b5833543d049,d8dbce6a7e7afb5ee03584eea5a61779,1,,"O produto foi enviado de qualquer jeito,sem proteção, chegou amassado.Nao comprarei nessa loja novamente",2018-04-17 00:00:00,2018-04-18 01:32:12,2018-04-04,2018-04-18 01:32:12.000000,2026-08-27T05:17:09.287600+00:00,D:/D drive recovery/Shiva JH/Projects/OneLake Medallion/data/landing/2018-04-04/order_reviews.parquet,2018-04-04
b1dcecb0fa4f77791e454183c0752e1e,7b2bc7c55531623ea7b22e2a191b21cd,5,Recebi antes do prazo ,"Recomendo , recebi antes do prazo ",2018-04-26 00:00:00,2018-04-27 00:38:33,2018-04-16,2018-04-27 00:38:33.000000,2026-08-27T05:17:09.287600+00:00,D:/D drive recovery/Shiva JH/Projects/OneLake Medallion/data/landing/2018-04-16/order_reviews.parquet,2018-04-16
c00b6e8dee75c4947fe3448f88d3aa2d,b7d7bac557fdaf041e274d8043d9c588,5,Produto ótimo.,"O produto é novo e vem com caixa , recomendo.",2018-05-06 00:00:00,2018-05-06 21:49:25,2018-04-16,2018-05-06 21:49:25.000000,2026-08-27T05:17:09.287600+00:00,D:/D drive recovery/Shiva JH/Projects/OneLake Medallion/data/landing/2018-04-16/order_reviews.parquet,2018-04-16
2acc39e1846622fd37c9c539fc1a4aac,6de5a0e5c8bf990d17c674d09fbaf1fb,5,,,2018-04-24 00:00:00,2018-04-25 21:10:50,2018-04-16,2018-04-25 21:10:50.000000,2026-08-27T05:17:09.287600+00:00,D:/D drive recovery/Shiva JH/Projects/OneLake Medallion/data/landing/2018-04-16/order_reviews.parquet,2018-04-16
415f25bfcd3b6aa687cba26d56d97689,af92edb8c53146e6ca0c2a62ecc288b5,4,,,2018-05-19 00:00:00,2018-05-22 01:32:42,2018-04-28,2018-05-22 01:32:42.000000,2026-08-27T05:17:09.287600+00:00,D:/D drive recovery/Shiva JH/Projects/OneLake Medallion/data/landing/2018-04-28/order_reviews.parquet,2018-04-28
585df59c561d4c8776b1f2b3f880642e,4093e2a77fd359fe0046844307851f66,3,,,2018-05-17 00:00:00,2018-05-20 21:39:46,2018-05-10,2018-05-20 21:39:46.000000,2026-08-27T05:17:09.287600+00:00,D:/D drive recovery/Shiva JH/Projects/OneLake Medallion/data/landing/2018-05-10/order_reviews.parquet,2018-05-10
6ef82d048ed36148754bfe54991b5197,29c56706d0442edbc19623391d958d7f,1,,,2018-05-13 00:00:00,2018-05-16 20:48:55,2018-05-10,2018-05-16 20:48:55.000000,2026-08-27T05:17:09.287600+00:00,D:/D drive recovery/Shiva JH/Projects/OneLake Medallion/data/landing/2018-05-10/order_reviews.parquet,2018-05-10
25f4bfeb5c1748779a03cf0f5b2b91c5,0f924038b00d1f102e4d09bea4fa666a,5,,"Chegou incrivelmente 20 dias antes do prazo previsto!
Estou realizadissimo com esta aquisição. ",2018-05-16 00:00:00,2018-05-16 21:50:20,2018-05-10,2018-05-16 21:50:20.000000,2026-08-27T05:17:09.287600+00:00,D:/D drive recovery/Shiva JH/Projects/OneLake Medallion/data/landing/2018-05-10/order_reviews.parquet,2018-05-10
07035c0e75cfbcce30fa24b7ea75eb7d,e67519acd1370f173550a6cb2b994ca6,5,lindooooo,maravilhoso....satisfeitos...entrega rápida,2018-05-19 00:00:00,2018-05-21 18:59:30,2018-05-10,2018-05-21 18:59:30.000000,2026-08-27T05:17:09.287600+00:00,D:/D drive recovery/Shiva JH/Projects/OneLake Medallion/data/landing/2018-05-10/order_reviews.parquet,2018-05-10
47c740246418555863d8bc506ec31386,c081663d30ea7be7a682297870e2ad02,5,Otimo,,2018-06-08 00:00:00,2018-06-09 10:55:53,2018-05-22,2018-06-09 10:55:53.000000,2026-08-27T05:17:09.287600+00:00,D:/D drive recovery/Shiva JH/Projects/OneLake Medallion/data/landing/2018-05-22/order_reviews.parquet,2018-05-22
1fc8b1ee3d62a649be36a62e052e3e98,b11be1ce9a1f9812763eba8c91fc84bd,5,,,2018-05-31 00:00:00,2018-05-31 18:17:05,2018-05-22,2018-05-31 18:17:05.000000,2026-08-27T05:17:09.287600+00:00,D:/D drive recovery/Shiva JH/Projects/OneLake Medallion/data/landing/2018-05-22/order_reviews.parquet,2018-05-22
a856be287c9cbf3d886df7fe9dafea5a,7ea0da84e90dc5664dfa82a3ba9fff63,5,,,2018-06-22 00:00:00,2018-06-23 00:12:47,2018-05-22,2018-06-23 00:12:47.000000,2026-08-27T05:17:09.287600+00:00,D:/D drive recovery/Shiva JH/Projects/OneLake Medallion/data/landing/2018-05-22/order_reviews.parquet,2018-05-22
1f2b37019df704cbe898c080f58ae755,1bbc88b68b941f9352e624b4ee9ae132,5,,,2018-05-24 00:00:00,2018-05-27 01:44:21,2018-05-22,2018-05-27 01:44:21.000000,2026-08-27T05:17:09.287600+00:00,D:/D drive recovery/Shiva JH/Projects/OneLake Medallion/data/landing/2018-05-22/order_reviews.parquet,2018-05-22
e16f6d1e4893a2d53812ca9d5c782cfe,7c0c61f5d61aad026c439caf370a92f2,5,,,2018-06-13 00:00:00,2018-06-14 01:09:58,2018-06-03,2018-06-14 01:09:58.000000,2026-08-27T05:17:09.287600+00:00,D:/D drive recovery/Shiva JH/Projects/OneLake Medallion/data/landing/2018-06-03/order_reviews.parquet,2018-06-03
b6c4daea578023931db3e186c37df386,3cbf16b8242e78d602909f15aaac29eb,1,Veio com defeito,Veio com defeito com cola embaixo. ,2018-06-16 00:00:00,2018-06-17 14:34:52,2018-06-03,2018-06-17 14:34:52.000000,2026-08-27T05:17:09.287600+00:00,D:/D drive recovery/Shiva JH/Projects/OneLake Medallion/data/landing/2018-06-03/order_reviews.parquet,2018-06-03
f2ea7235316616b6b6a8f1c347d17561,fd38d5793a4393e031ea8da57e094f88,5,,,2018-06-09 00:00:00,2018-06-11 11:43:08,2018-06-03,2018-06-11 11:43:08.000000,2026-08-27T05:17:09.287600+00:00,D:/D drive recovery/Shiva JH/Projects/OneLake Medallion/data/landing/2018-06-03/order_reviews.parquet,2018-06-03
cea76aff3d73f810e757f146a6b12f4e,758d8c3ddeba66a2a9cad6c8b043dd2f,5,Excelente,"Entregaram em um prazo incrível , comprei no Sábado , segunda esta em casa, muito surpreendente , parabéns , recomendo a todos .",2018-06-06 00:00:00,2018-06-08 15:35:07,2018-06-03,2018-06-08 15:35:07.000000,2026-08-27T05:17:09.287600+00:00,D:/D drive recovery/Shiva JH/Projects/OneLake Medallion/data/landing/2018-06-03/order_reviews.parquet,2018-06-03
edab351ec102c8d51280358987316f8c,ad133696906f6a78826daa0911b7daec,5,,,2018-06-23 00:00:00,2018-06-24 00:51:22,2018-06-15,2018-06-24 00:51:22.000000,2026-08-27T05:17:09.287600+00:00,D:/D drive recovery/Shiva JH/Projects/OneLake Medallion/data/landing/2018-06-15/order_reviews.parquet,2018-06-15
c18e1bc3402da58383384df225720071,cc101c96c9b05fb5b3ed39f35a15995f,3,,,2018-06-26 00:00:00,2018-06-28 16:49:00,2018-06-15,2018-06-28 16:49:00.000000,2026-08-27T05:17:09.287600+00:00,D:/D drive recovery/Shiva JH/Projects/OneLake Medallion/data/landing/2018-06-15/order_reviews.parquet,2018-06-15
16a27e5ffd29a7cdf0e4984b0cab46b7,95261f608a64bbbe760a212b4d48a4ee,5,super recomendo,,2018-06-22 00:00:00,2018-06-26 19:17:40,2018-06-15,2018-06-26 19:17:40.000000,2026-08-27T05:17:09.287600+00:00,D:/D drive recovery/Shiva JH/Projects/OneLake Medallion/data/landing/2018-06-15/order_reviews.parquet,2018-06-15
9d1649c1c7a60c794e11ae38862929d6,dd7bd4b50d554cf0c41fb4c0cfccdedc,5,,,2018-06-22 00:00:00,2018-06-24 19:35:17,2018-06-15,2018-06-24 19:35:17.000000,2026-08-27T05:17:09.287600+00:00,D:/D drive recovery/Shiva JH/Projects/OneLake Medallion/data/landing/2018-06-15/order_reviews.parquet,2018-06-15
3dd514ea6f6f78b2bec94ca3e8a41038,c8190ec25152e9e725de81876f1b9125,5,,,2018-07-04 00:00:00,2018-07-05 02:31:33,2018-06-27,2018-07-05 02:31:33.000000,2026-08-27T05:17:09.287600+00:00,D:/D drive recovery/Shiva JH/Projects/OneLake Medallion/data/landing/2018-06-27/order_reviews.parquet,2018-06-27
8244715b039563b037eff99f7b57185f,1c7c202a0cbbdb86b7613a8f2b0931e7,5,,,2018-06-30 00:00:00,2018-07-02 11:19:38,2018-06-27,2018-07-02 11:19:38.000000,2026-08-27T05:17:09.287600+00:00,D:/D drive recovery/Shiva JH/Projects/OneLake Medallion/data/landing/2018-06-27/order_reviews.parquet,2018-06-27
98ded185906d913ff62f276497ae6a50,5a395f4b4dcbc42442cc6c5945c6ee0a,1,,Muita demora para a entrega do produto,2018-07-31 00:00:00,2018-08-02 21:18:28,2018-06-27,2018-08-02 21:18:28.000000,2026-08-27T05:17:09.287600+00:00,D:/D drive recovery/Shiva JH/Projects/OneLake Medallion/data/landing/2018-06-27/order_reviews.parquet,2018-06-27
966bbde382bbaf9c8af943bf8c35d8fa,4024e82961bfcec0a71869767cf923e9,5,Boa,Material entregue corretamente e no prazo. ,2018-07-10 00:00:00,2018-07-12 22:26:21,2018-06-27,2018-07-12 22:26:21.000000,2026-08-27T05:17:09.287600+00:00,D:/D drive recovery/Shiva JH/Projects/OneLake Medallion/data/landing/2018-06-27/order_reviews.parquet,2018-06-27
a645f8b6765db92ae8569de49e04c11b,64811ed51b1fed65cc4c71da8a19a826,5,super recomendo,Vale a pena comprar pelo site das lannister,2018-07-05 00:00:00,2018-07-09 11:19:20,2018-06-27,2018-07-09 11:19:20.000000,2026-08-27T05:17:09.287600+00:00,D:/D drive recovery/Shiva JH/Projects/OneLake Medallion/data/landing/2018-06-27/order_reviews.parquet,2018-06-27
b7863f2008a6647b0c0c6723ec0e2ceb,dafe7fe42ee9fb39d4c5f957e0799cf4,5,,,2018-07-04 00:00:00,2018-07-05 18:15:09,2018-06-27,2018-07-05 18:15:09.000000,2026-08-27T05:17:09.287600+00:00,D:/D drive recovery/Shiva JH/Projects/OneLake Medallion/data/landing/2018-06-27/order_reviews.parquet,2018-06-27
eda1c642a265c4fc22d278ebcf26140e,c46b48abd599551232324a6e9077bf19,5,,Produto entregue antes do prazo. ..,2016-10-22 00:00:00,2016-10-22 20:08:16,2016-10-05,2016-10-22 20:08:16.000000,2026-08-27T05:17:09.287600+00:00,D:/D drive recovery/Shiva JH/Projects/OneLake Medallion/data/landing/2016-10-05/order_reviews.parquet,2016-10-05
ca9853979ac3a2d2aee5dd9f8e570927,ec63c198f700051fb0a74c40a757af0e,1,,Outro produto foi entregue no lugar,2017-02-02 00:00:00,2017-02-02 14:24:56,2017-01-21,2017-02-02 14:24:56.000000,2026-08-27T05:17:09.287600+00:00,D:/D drive recovery/Shiva JH/Projects/OneLake Medallion/data/landing/2017-01-21/order_reviews.parquet,2017-01-21
7078799822a6ebed2d48773d567c4235,c13f61a17915a48e0741b02a6b7a3fe8,1,,"Entregador dos Correios foi grosseiro, ficou berrando na porta de casa, me disse pessoalmente q não estava nem aí pq ele era concursado e, por fim, o produto chegou detonado. Nunca mais compro targaryen.",2017-02-03 00:00:00,2017-02-05 23:18:20,2017-01-21,2017-02-05 23:18:20.000000,2026-08-27T05:17:09.287600+00:00,D:/D drive recovery/Shiva JH/Projects/OneLake Medallion/data/landing/2017-01-21/order_reviews.parquet,2017-01-21
83beef37881fbec64bfa401be06d9de0,d4d52a6470ea8a7ee5d1fba74508bf15,4,,,2017-02-14 00:00:00,2017-02-14 22:09:39,2017-02-02,2017-02-14 22:09:39.000000,2026-08-27T05:17:09.287600+00:00,D:/D drive recovery/Shiva JH/Projects/OneLake Medallion/data/landing/2017-02-02/order_reviews.parquet,2017-02-02
e8b972f181d67eae0e8a87cde1ca72ca,1282867904225d219a5ec3f1251a5fce,4,,"Gostei bastante da agilidade, porém não recebi a nota fiscal do mesmo. 
Aguardo retorno. 
Obrigada! ",2017-02-21 00:00:00,2017-02-22 08:59:11,2017-02-02,2017-02-22 08:59:11.000000,2026-08-27T05:17:09.287600+00:00,D:/D drive recovery/Shiva JH/Projects/OneLake Medallion/data/landing/2017-02-02/order_reviews.parquet,2017-02-02
7d1a556b31dc7aac846bb8d3fae643c1,e706d614326b76f48f24d82f86c0b2ed,5,,Produto entregue antes do prazo e em perfeito estado . ,2017-03-04 00:00:00,2017-03-05 03:49:52,2017-02-14,2017-03-05 03:49:52.000000,2026-08-27T05:17:09.287600+00:00,D:/D drive recovery/Shiva JH/Projects/OneLake Medallion/data/landing/2017-02-14/order_reviews.parquet,2017-02-14
9ce6cc962bdad75923c6d9e26ba708c5,e706d614326b76f48f24d82f86c0b2ed,5,,Produto entregue antes do prazo e veio em perfeito estado . ,2017-03-04 00:00:00,2017-03-05 03:47:25,2017-02-14,2017-03-05 03:47:25.000000,2026-08-27T05:17:09.287600+00:00,D:/D drive recovery/Shiva JH/Projects/OneLake Medallion/data/landing/2017-02-14/order_reviews.parquet,2017-02-14
4b59694402b3c50bf3ff7d20d5303642,530e59f0f148ec0029b49a2cbc1ce2ce,5,,Nota 10 chegou no prazo e do jeitinho que estava no site.,2017-02-18 00:00:00,2017-02-20 20:25:09,2017-02-14,2017-02-20 20:25:09.000000,2026-08-27T05:17:09.287600+00:00,D:/D drive recovery/Shiva JH/Projects/OneLake Medallion/data/landing/2017-02-14/order_reviews.parquet,2017-02-14
0906397e6f150bf8915a0789b2494b71,4537fa33050632b53247df7983dddff3,5,,"Fornecedor, honesto, pontual! mercadoria de ótima qualidade! Recomendo a todos...",2017-03-16 00:00:00,2017-03-20 13:47:49,2017-02-26,2017-03-20 13:47:49.000000,2026-08-27T05:17:09.287600+00:00,D:/D drive recovery/Shiva JH/Projects/OneLake Medallion/data/landing/2017-02-26/order_reviews.parquet,2017-02-26
20cb403f33a080352e64270004d58bb2,7cc694b62dcc67d5cf680cb035f217c9,5,,,2017-03-24 00:00:00,2017-03-25 11:25:31,2017-03-10,2017-03-25 11:25:31.000000,2026-08-27T05:17:09.287600+00:00,D:/D drive recovery/Shiva JH/Projects/OneLake Medallion/data/landing/2017-03-10/order_reviews.parquet,2017-03-10
fa6cc5e86fc325d0d17666b1a4e4f828,94bc8ddcff97b273c27ce96992e0425d,3,,,2017-04-01 00:00:00,2017-04-04 13:22:13,2017-03-10,2017-04-04 13:22:13.000000,2026-08-27T05:17:09.287600+00:00,D:/D drive recovery/Shiva JH/Projects/OneLake Medallion/data/landing/2017-03-10/order_reviews.parquet,2017-03-10
c1e6227b890539ae485aa19cb08b5583,dad4cbac8f3bc660ef43f4b4d75260c8,4,,"Gostei, muito, voltarei a comprar novamente",2017-03-31 00:00:00,2017-04-03 12:46:06,2017-03-22,2017-04-03 12:46:06.000000,2026-08-27T05:17:09.287600+00:00,D:/D drive recovery/Shiva JH/Projects/OneLake Medallion/data/landing/2017-03-22/order_reviews.parquet,2017-03-22
15f5d114c63c023d4f594bc5841f26c7,c7b627d407eee2ec488c07e03e2b8c16,5,,,2017-03-30 00:00:00,2017-03-31 11:22:43,2017-03-22,2017-03-31 11:22:43.000000,2026-08-27T05:17:09.287600+00:00,D:/D drive recovery/Shiva JH/Projects/OneLake Medallion/data/landing/2017-03-22/order_reviews.parquet,2017-03-22
387ce6685a7d49a00a1071b777f3b341,81939d40c8467167b0946455d61ca8a7,4,,,2017-04-21 00:00:00,2017-04-27 08:39:30,2017-04-03,2017-04-27 08:39:30.000000,2026-08-27T05:17:09.287600+00:00,D:/D drive recovery/Shiva JH/Projects/OneLake Medallion/data/landing/2017-04-03/order_reviews.parquet,2017-04-03
9f15e35c079838ec3478621476108d0d,fa28bd97430eae2d2b4f9441a25749c1,4,,,2017-04-21 00:00:00,2017-04-22 04:04:07,2017-04-15,2017-04-22 04:04:07.000000,2026-08-27T05:17:09.287600+00:00,D:/D drive recovery/Shiva JH/Projects/OneLake Medallion/data/landing/2017-04-15/order_reviews.parquet,2017-04-15
b177e3c343cf59e0d0bfc5c5f2a1f81e,10c8dc196ef9940faeef9fb9e6790abd,2,,As toalhas não parece nada com a que eu vi na televisão ,2017-04-28 00:00:00,2017-05-03 21:55:30,2017-04-15,2017-05-03 21:55:30.000000,2026-08-27T05:17:09.287600+00:00,D:/D drive recovery/Shiva JH/Projects/OneLake Medallion/data/landing/2017-04-15/order_reviews.parquet,2017-04-15
dd818cd3dfced93275cf248962514919,31aac8ab69f5fdbc7c0ae9b6e1beee30,5,,,2017-05-06 00:00:00,2017-05-09 03:28:25,2017-04-27,2017-05-09 03:28:25.000000,2026-08-27T05:17:09.287600+00:00,D:/D drive recovery/Shiva JH/Projects/OneLake Medallion/data/landing/2017-04-27/order_reviews.parquet,2017-04-27
d717c1c7c472a6b4083cb2ad6c4db198,d3af2af4c9e5b37fbf3379cfd6d45b01,4,,"Produto entregue bem embalado mas com atraso, postado no dia previsto para entrega. Não testado ainda.",2017-05-19 00:00:00,2017-05-19 12:51:11,2017-05-09,2017-05-19 12:51:11.000000,2026-08-27T05:17:09.287600+00:00,D:/D drive recovery/Shiva JH/Projects/OneLake Medallion/data/landing/2017-05-09/order_reviews.parquet,2017-05-09
67ab107e28e59e5e79fdab3c95802cba,7200817edfaf24464cd06cc29bc40827,5,,Chegou antes do prazo. Tudo OK.,2017-05-18 00:00:00,2017-05-19 11:28:59,2017-05-09,2017-05-19 11:28:59.000000,2026-08-27T05:17:09.287600+00:00,D:/D drive recovery/Shiva JH/Projects/OneLake Medallion/data/landing/2017-05-09/order_reviews.parquet,2017-05-09
5a706091de69aa8a7c81e10af3ab9760,1dcb1b82de3a13d219b6c84a8ca45b8c,5,,Produto entregue.,2017-06-02 00:00:00,2017-06-03 17:20:19,2017-05-21,2017-06-03 17:20:19.000000,2026-08-27T05:17:09.287600+00:00,D:/D drive recovery/Shiva JH/Projects/OneLake Medallion/data/landing/2017-05-21/order_reviews.parquet,2017-05-21
1961cafe1d1cbd4cc701c2f0160467ff,2699d27682691fa4f6be5cfde364a833,5,,Confiável e super indico ,2017-06-16 00:00:00,2017-06-18 17:47:59,2017-05-21,2017-06-18 17:47:59.000000,2026-08-27T05:17:09.287600+00:00,D:/D drive recovery/Shiva JH/Projects/OneLake Medallion/data/landing/2017-05-21/order_reviews.parquet,2017-05-21
79f8a859c94892baec724b6122a7013e,ad6e2d7ca4c63441edb8d4ca6d5c2b21,5,,Bom,2017-05-27 00:00:00,2017-05-28 12:26:15,2017-05-21,2017-05-28 12:26:15.000000,2026-08-27T05:17:09.287600+00:00,D:/D drive recovery/Shiva JH/Projects/OneLake Medallion/data/landing/2017-05-21/order_reviews.parquet,2017-05-21
c677a931b9e28e6d4399202b338978bd,0bcaff63441802dfa8dd292f453c3635,5,,,2017-06-15 00:00:00,2017-06-16 11:09:40,2017-06-02,2017-06-16 11:09:40.000000,2026-08-27T05:17:09.287600+00:00,D:/D drive recovery/Shiva JH/Projects/OneLake Medallion/data/landing/2017-06-02/order_reviews.parquet,2017-06-02
87c13a40ddb9333c0818f8f6745af183,c8eab0ccabe8cdfc2afce66c1c554ae2,4,,,2017-06-27 00:00:00,2017-06-28 00:06:47,2017-06-14,2017-06-28 00:06:47.000000,2026-08-27T05:17:09.287600+00:00,D:/D drive recovery/Shiva JH/Projects/OneLake Medallion/data/landing/2017-06-14/order_reviews.parquet,2017-06-14
899664c99c5e5e703203c1e9a038c330,6312fe819ee5e06c67b72c308c97ae91,5,,"Loja boa recomendo,pedido chegou antes do prazo.",2017-07-01 00:00:00,2017-07-03 11:08:48,2017-06-14,2017-07-03 11:08:48.000000,2026-08-27T05:17:09.287600+00:00,D:/D drive recovery/Shiva JH/Projects/OneLake Medallion/data/landing/2017-06-14/order_reviews.parquet,2017-06-14
3f367ad093094e60fea8b674d9cb2ffb,34b04c30d0f21489e3871bb9083582f6,5,,,2017-06-22 00:00:00,2017-06-24 23:45:46,2017-06-14,2017-06-24 23:45:46.000000,2026-08-27T05:17:09.287600+00:00,D:/D drive recovery/Shiva JH/Projects/OneLake Medallion/data/landing/2017-06-14/order_reviews.parquet,2017-06-14
86e533291f6350426af5f81f9dcec845,0c228f37770f365a3d0e1f7493595e09,5,,,2017-06-28 00:00:00,2017-06-29 11:42:58,2017-06-14,2017-06-29 11:42:58.000000,2026-08-27T05:17:09.287600+00:00,D:/D drive recovery/Shiva JH/Projects/OneLake Medallion/data/landing/2017-06-14/order_reviews.parquet,2017-06-14
bce36f0643a0d59fd432bf3fd2f98f0c,b8f82235baaa1a837797d86544239b5c,4,,,2017-07-04 00:00:00,2017-07-07 18:46:29,2017-06-14,2017-07-07 18:46:29.000000,2026-08-27T05:17:09.287600+00:00,D:/D drive recovery/Shiva JH/Projects/OneLake Medallion/data/landing/2017-06-14/order_reviews.parquet,2017-06-14
62da2c66bbf810a48bc0bbca17af4bab,92c10d3fad01ec9df6ccf1fc0461ac60,4,,,2017-07-12 00:00:00,2017-07-15 15:22:06,2017-06-26,2017-07-15 15:22:06.000000,2026-08-27T05:17:09.287600+00:00,D:/D drive recovery/Shiva JH/Projects/OneLake Medallion/data/landing/2017-06-26/order_reviews.parquet,2017-06-26
2c6c08892b83ba4c1be33037c2842294,d78c16f09da03410837a551a09a4bf64,4,,"Chegou um pouco amassada, mas nada de mais, e chegou antes do prazo.",2017-07-03 00:00:00,2017-07-05 19:06:59,2017-06-26,2017-07-05 19:06:59.000000,2026-08-27T05:17:09.287600+00:00,D:/D drive recovery/Shiva JH/Projects/OneLake Medallion/data/landing/2017-06-26/order_reviews.parquet,2017-06-26
cf81a2548bf42dad842876d0c2f23aab,3b217ebe4d179dfb38b00c9047569dd9,5,,,2017-07-06 00:00:00,2017-07-07 17:05:23,2017-06-26,2017-07-07 17:05:23.000000,2026-08-27T05:17:09.287600+00:00,D:/D drive recovery/Shiva JH/Projects/OneLake Medallion/data/landing/2017-06-26/order_reviews.parquet,2017-06-26
193d73d33b656807084215db91b23b8c,d78c16f09da03410837a551a09a4bf64,3,,,2017-07-19 00:00:00,2017-07-19 12:22:10,2017-06-26,2017-07-19 12:22:10.000000,2026-08-27T05:17:09.287600+00:00,D:/D drive recovery/Shiva JH/Projects/OneLake Medallion/data/landing/2017-06-26/order_reviews.parquet,2017-06-26
0b640d9a2a428ac4a5548d07d5269c90,7762cd5ec1084b412956b01811bc553c,5,,"A entrega estava prevista para o dia 25 de julho chegou bem antes acabou de chegar , no dia 6 do mesmo . muito feliz ,com a targaryen",2017-07-07 00:00:00,2017-07-07 15:57:44,2017-06-26,2017-07-07 15:57:44.000000,2026-08-27T05:17:09.287600+00:00,D:/D drive recovery/Shiva JH/Projects/OneLake Medallion/data/landing/2017-06-26/order_reviews.parquet,2017-06-26
51919a4556ea0ccdbe9b58aa60136195,5664fde64525f1c1c6a8ef23aa35dc22,4,,,2017-07-16 00:00:00,2017-07-19 12:04:31,2017-07-08,2017-07-19 12:04:31.000000,2026-08-27T05:17:09.287600+00:00,D:/D drive recovery/Shiva JH/Projects/OneLake Medallion/data/landing/2017-07-08/order_reviews.parquet,2017-07-08
c9badb22228e0d4002b9558a2680c061,29354cb2b4aa066762853d685a2b224d,4,,,2017-07-25 00:00:00,2017-07-30 01:45:05,2017-07-08,2017-07-30 01:45:05.000000,2026-08-27T05:17:09.287600+00:00,D:/D drive recovery/Shiva JH/Projects/OneLake Medallion/data/landing/2017-07-08/order_reviews.parquet,2017-07-08
9f472b5efd4c48012719e49e4a8c0ae6,0203892ed7a2b76401830f4b82a5a34c,5,,Produto entregue bem antes do prazo. Muito bom. Indico. ,2017-07-12 00:00:00,2017-07-12 23:31:11,2017-07-08,2017-07-12 23:31:11.000000,2026-08-27T05:17:09.287600+00:00,D:/D drive recovery/Shiva JH/Projects/OneLake Medallion/data/landing/2017-07-08/order_reviews.parquet,2017-07-08
a5d26739c7b9657d742dbc8972674bbc,453d23c01dc7a572130a7bd307202429,5,,mercadoria boa,2017-08-09 00:00:00,2017-08-10 01:25:41,2017-07-20,2017-08-10 01:25:41.000000,2026-08-27T05:17:09.287600+00:00,D:/D drive recovery/Shiva JH/Projects/OneLake Medallion/data/landing/2017-07-20/order_reviews.parquet,2017-07-20
bdf46fdccaa2a9d28d817c6dc81a1e28,a129b99db0bdcd92c62d71279de0670c,5,,"Produtos corretos recebidos dentro do prazo, como sempre!",2017-08-06 00:00:00,2017-08-09 13:06:33,2017-07-20,2017-08-09 13:06:33.000000,2026-08-27T05:17:09.287600+00:00,D:/D drive recovery/Shiva JH/Projects/OneLake Medallion/data/landing/2017-07-20/order_reviews.parquet,2017-07-20
566b3594b298222541c90778fc011add,ae8978d20234f0da191a909faba05574,5,,axo que o produto é muito fragil ...... nao compraria ,2017-07-28 00:00:00,2017-07-31 11:48:36,2017-07-20,2017-07-31 11:48:36.000000,2026-08-27T05:17:09.287600+00:00,D:/D drive recovery/Shiva JH/Projects/OneLake Medallion/data/landing/2017-07-20/order_reviews.parquet,2017-07-20
68c49ef4957e7d9d5ce406058b4848c3,fc24b77521e400e8290a902026efcc85,4,,,2017-08-08 00:00:00,2017-08-11 10:31:24,2017-08-01,2017-08-11 10:31:24.000000,2026-08-27T05:17:09.287600+00:00,D:/D drive recovery/Shiva JH/Projects/OneLake Medallion/data/landing/2017-08-01/order_reviews.parquet,2017-08-01
4cda777329fd7a7a7b81e17fd09294b6,0373763807c25ce94a4b85c7c0f47062,5,,"fácil de comprar, entrega rápida, posicionamento da compra correta.
Excelente.",2017-08-15 00:00:00,2017-08-15 23:46:04,2017-08-01,2017-08-15 23:46:04.000000,2026-08-27T05:17:09.287600+00:00,D:/D drive recovery/Shiva JH/Projects/OneLake Medallion/data/landing/2017-08-01/order_reviews.parquet,2017-08-01
5d4a00fb97a41a42d897f32ee94c33f1,0775e96080c552251cd76472d32e0c83,5,,CHEGOU NO PRAZO E ERA O PRODUTO QUE EU QUERIA.,2017-09-20 00:00:00,2017-09-21 06:31:35,2017-09-06,2017-09-21 06:31:35.000000,2026-08-27T05:17:09.287600+00:00,D:/D drive recovery/Shiva JH/Projects/OneLake Medallion/data/landing/2017-09-06/order_reviews.parquet,2017-09-06
2d0a3309f82a0cda5f21221ff7c1964a,c41052b3d56ec6a841c5b54af9845a32,4,,,2017-09-12 00:00:00,2017-09-13 13:20:00,2017-09-06,2017-09-13 13:20:00.000000,2026-08-27T05:17:09.287600+00:00,D:/D drive recovery/Shiva JH/Projects/OneLake Medallion/data/landing/2017-09-06/order_reviews.parquet,2017-09-06
a735f5195909fafb92f44da0b287301c,637143b11a1b8c86d9e349f19ee9a1f5,5,,"Estou muito satisfeita, a rapidez que chegou o produto , bem antes do previsto",2017-09-30 00:00:00,2017-10-01 02:51:51,2017-09-18,2017-10-01 02:51:51.000000,2026-08-27T05:17:09.287600+00:00,D:/D drive recovery/Shiva JH/Projects/OneLake Medallion/data/landing/2017-09-18/order_reviews.parquet,2017-09-18
12bce01e68a9b937c0e2825a9cff1028,39ab7695b7b3ea8282b3e9b10f0dae4f,4,,Produto e entrega superou a expectativa.,2017-09-20 00:00:00,2017-09-23 16:04:39,2017-09-18,2017-09-23 16:04:39.000000,2026-08-27T05:17:09.287600+00:00,D:/D drive recovery/Shiva JH/Projects/OneLake Medallion/data/landing/2017-09-18/order_reviews.parquet,2017-09-18
8db4b80316831648c97403e2c2077146,c501bcc74df5ad09bcabd7774b6ae383,5,,"Deu tudo certo. Apenas uma ressalva, a transportadora escolhida. Mercadoria veio pelo correio, na minha opinião, a pior escolha para envio de mercadorias hoje em dia. Qualquer transportadora é melhor.",2017-10-06 00:00:00,2017-10-09 11:54:37,2017-09-18,2017-10-09 11:54:37.000000,2026-08-27T05:17:09.287600+00:00,D:/D drive recovery/Shiva JH/Projects/OneLake Medallion/data/landing/2017-09-18/order_reviews.parquet,2017-09-18
918ccadbc57b49213e0cdb8d0a6b7a84,9827a7b79fe79be87d4d845fbe1e16e4,4,,,2017-09-29 00:00:00,2017-09-30 19:46:40,2017-09-18,2017-09-30 19:46:40.000000,2026-08-27T05:17:09.287600+00:00,D:/D drive recovery/Shiva JH/Projects/OneLake Medallion/data/landing/2017-09-18/order_reviews.parquet,2017-09-18
3260e0b3b6cf9b9e8956ff89cc08a189,7a242c07bdf25150ab522513760d6b8b,1,,Recebi apenas um produto de dois que comprei e este veio com vários defeitos demonstrando ser um produto de baixa qualidade ,2017-10-21 00:00:00,2017-10-23 23:42:37,2017-10-12,2017-10-23 23:42:37.000000,2026-08-27T05:17:09.287600+00:00,D:/D drive recovery/Shiva JH/Projects/OneLake Medallion/data/landing/2017-10-12/order_reviews.parquet,2017-10-12
0c7c88f511f657087cd2995d5d855f4c,46c940200f4d91b4cf260d705849bbe2,5,,Entregada super rapida parabens ,2017-10-24 00:00:00,2017-10-25 23:21:47,2017-10-12,2017-10-25 23:21:47.000000,2026-08-27T05:17:09.287600+00:00,D:/D drive recovery/Shiva JH/Projects/OneLake Medallion/data/landing/2017-10-12/order_reviews.parquet,2017-10-12
9a0b8a1fd01b7b7f11c163e43a63c8ce,a9d0ac57129ce34681afa30e779f3466,5,,"Recebi o produto como combinado, dentro do prazo.",2017-10-20 00:00:00,2017-10-20 22:35:27,2017-10-12,2017-10-20 22:35:27.000000,2026-08-27T05:17:09.287600+00:00,D:/D drive recovery/Shiva JH/Projects/OneLake Medallion/data/landing/2017-10-12/order_reviews.parquet,2017-10-12
c3975f1cb44ed05e933ce737a515abf6,557de3912df820904b9204e0d1879256,4,,,2017-11-08 00:00:00,2017-11-11 11:24:35,2017-10-24,2017-11-11 11:24:35.000000,2026-08-27T05:17:09.287600+00:00,D:/D drive recovery/Shiva JH/Projects/OneLake Medallion/data/landing/2017-10-24/order_reviews.parquet,2017-10-24
bbf1ad5e18913d82e26209e2856f2ccd,bf1451bab7a54578f219c009aa286263,3,,,2017-11-14 00:00:00,2017-11-14 14:41:05,2017-10-24,2017-11-14 14:41:05.000000,2026-08-27T05:17:09.287600+00:00,D:/D drive recovery/Shiva JH/Projects/OneLake Medallion/data/landing/2017-10-24/order_reviews.parquet,2017-10-24
f99ab798bc251c7b009baf82b4b63bda,4b9359b6bad98027f7a428063413d090,4,,,2017-11-07 00:00:00,2017-11-08 22:30:36,2017-10-24,2017-11-08 22:30:36.000000,2026-08-27T05:17:09.287600+00:00,D:/D drive recovery/Shiva JH/Projects/OneLake Medallion/data/landing/2017-10-24/order_reviews.parquet,2017-10-24
fdf7024613bcdf1c6cd3bc2751418676,6e717532e0002abd1bdb69428673bbce,5,,,2017-11-28 00:00:00,2017-11-28 21:49:06,2017-10-24,2017-11-28 21:49:06.000000,2026-08-27T05:17:09.287600+00:00,D:/D drive recovery/Shiva JH/Projects/OneLake Medallion/data/landing/2017-10-24/order_reviews.parquet,2017-10-24
d7582a32390fc6a4b0f7df9a12bdd2cb,dc8db01e3bbdf8eae34d6509752ddc88,5,,,2017-11-04 00:00:00,2017-11-04 22:46:19,2017-10-24,2017-11-04 22:46:19.000000,2026-08-27T05:17:09.287600+00:00,D:/D drive recovery/Shiva JH/Projects/OneLake Medallion/data/landing/2017-10-24/order_reviews.parquet,2017-10-24
2d10054253048ef8e74fdf207c8132de,ffc22f2404e3490516c9a03e88da4507,4,,,2017-11-17 00:00:00,2017-11-19 23:33:11,2017-11-05,2017-11-19 23:33:11.000000,2026-08-27T05:17:09.287600+00:00,D:/D drive recovery/Shiva JH/Projects/OneLake Medallion/data/landing/2017-11-05/order_reviews.parquet,2017-11-05
ef86be7dc99584289cfcd7edbca41f74,956057c9959fe111349c59bf929f5c7b,5,,Produto de ótima qualidade e a entrega muito antes do esperado.Super recomendo.,2017-11-15 00:00:00,2017-11-16 07:44:05,2017-11-05,2017-11-16 07:44:05.000000,2026-08-27T05:17:09.287600+00:00,D:/D drive recovery/Shiva JH/Projects/OneLake Medallion/data/landing/2017-11-05/order_reviews.parquet,2017-11-05
7109b77365ceb543338956d3e98292a9,131497483f8457541cf92c467b847c39,3,,Ótimo,2017-11-14 00:00:00,2017-11-15 13:00:55,2017-11-05,2017-11-15 13:00:55.000000,2026-08-27T05:17:09.287600+00:00,D:/D drive recovery/Shiva JH/Projects/OneLake Medallion/data/landing/2017-11-05/order_reviews.parquet,2017-11-05
cef44ab6ff716b6c71a7fa9382521cc0,f3b592ea0db671d3d1977e043d2a1b10,4,,"Boa mala, pequena mas bem dividida.",2017-12-11 00:00:00,2017-12-14 17:28:44,2017-11-17,2017-12-14 17:28:44.000000,2026-08-27T05:17:09.287600+00:00,D:/D drive recovery/Shiva JH/Projects/OneLake Medallion/data/landing/2017-11-17/order_reviews.parquet,2017-11-17
218f9a51d559b609a8c3c69428686982,f4b046c0db54b6435a13f37ccdaf5fda,5,,,2017-12-02 00:00:00,2017-12-02 23:43:45,2017-11-17,2017-12-02 23:43:45.000000,2026-08-27T05:17:09.287600+00:00,D:/D drive recovery/Shiva JH/Projects/OneLake Medallion/data/landing/2017-11-17/order_reviews.parquet,2017-11-17
f9401eb25b8d9d4163ead67fe396ef7c,f5dadfc0f0df0edb5369672f81eb7095,4,,"O vaso é bonito,mas nao vale o preço!Muito caro para ser um vaso de plástico!",2017-12-08 00:00:00,2017-12-09 00:33:44,2017-11-17,2017-12-09 00:33:44.000000,2026-08-27T05:17:09.287600+00:00,D:/D drive recovery/Shiva JH/Projects/OneLake Medallion/data/landing/2017-11-17/order_reviews.parquet,2017-11-17
f7ed5deeec627bdb7fc98b3362c32bfb,ed8e9faf1b75f43ee027103957135663,4,,,2017-12-22 00:00:00,2017-12-28 10:58:03,2017-11-29,2017-12-28 10:58:03.000000,2026-08-27T05:17:09.287600+00:00,D:/D drive recovery/Shiva JH/Projects/OneLake Medallion/data/landing/2017-11-29/order_reviews.parquet,2017-11-29
63afae1a32dcb5bf563449f9367a186f,08427834d148946950a3fe92a596e1e4,5,,,2017-12-12 00:00:00,2017-12-15 09:40:40,2017-11-29,2017-12-15 09:40:40.000000,2026-08-27T05:17:09.287600+00:00,D:/D drive recovery/Shiva JH/Projects/OneLake Medallion/data/landing/2017-11-29/order_reviews.parquet,2017-11-29
cdcdd6812527e83be4524b1a186765e6,a9fa7ea99c0724de00e9d31f2a39a723,5,,Minha banqueta são lindas e fácil de montar ,2017-12-22 00:00:00,2017-12-24 11:34:30,2017-11-29,2017-12-24 11:34:30.000000,2026-08-27T05:17:09.287600+00:00,D:/D drive recovery/Shiva JH/Projects/OneLake Medallion/data/landing/2017-11-29/order_reviews.parquet,2017-11-29
89537b1a665a2edd275b9400bfca8bb5,a494244817c043c16eb0c72c5d0384ad,5,,Otima loja,2017-12-20 00:00:00,2017-12-21 01:32:28,2017-11-29,2017-12-21 01:32:28.000000,2026-08-27T05:17:09.287600+00:00,D:/D drive recovery/Shiva JH/Projects/OneLake Medallion/data/landing/2017-11-29/order_reviews.parquet,2017-11-29
98da4063f8a9d899ced9e9a4f07069f5,27c49582f6db334767487df0646edb04,5,,,2017-12-12 00:00:00,2017-12-13 00:02:38,2017-11-29,2017-12-13 00:02:38.000000,2026-08-27T05:17:09.287600+00:00,D:/D drive recovery/Shiva JH/Projects/OneLake Medallion/data/landing/2017-11-29/order_reviews.parquet,2017-11-29
e0764ca569adc993c63fabe0e0411f34,3716cd16bc2a97768309209eb4d4c6a7,1,,Solicitei cancelamento e estou aguardando o retorno. Não entendi porque estão me enviando essa avaliação... ,2017-12-22 00:00:00,2017-12-22 08:55:06,2017-11-29,2017-12-22 08:55:06.000000,2026-08-27T05:17:09.287600+00:00,D:/D drive recovery/Shiva JH/Projects/OneLake Medallion/data/landing/2017-11-29/order_reviews.parquet,2017-11-29
4fecd2df844eac7dd7228bae09384359,52128ec39ceae0d14af6c5779c4173cd,4,,,2017-12-12 00:00:00,2017-12-14 20:02:01,2017-11-29,2017-12-14 20:02:01.000000,2026-08-27T05:17:09.287600+00:00,D:/D drive recovery/Shiva JH/Projects/OneLake Medallion/data/landing/2017-11-29/order_reviews.parquet,2017-11-29
37ad4551e173a8229d17e9ab7b8da87b,848963795b4b330df0a7c238b12f76ce,5,,,2017-12-12 00:00:00,2017-12-13 00:05:13,2017-11-29,2017-12-13 00:05:13.000000,2026-08-27T05:17:09.287600+00:00,D:/D drive recovery/Shiva JH/Projects/OneLake Medallion/data/landing/2017-11-29/order_reviews.parquet,2017-11-29
02049740170a350f554ea9294bccc332,be5c91507e2c4ef294ee991d22b2d8e2,5,,,2017-12-03 00:00:00,2017-12-04 15:54:07,2017-11-29,2017-12-04 15:54:07.000000,2026-08-27T05:17:09.287600+00:00,D:/D drive recovery/Shiva JH/Projects/OneLake Medallion/data/landing/2017-11-29/order_reviews.parquet,2017-11-29
40bd51cc8fcb8254ee7f59ed1835f44d,3d435ea4c7b8ac007710c6aa2e6da685,3,,,2017-12-22 00:00:00,2017-12-22 20:16:07,2017-11-29,2017-12-22 20:16:07.000000,2026-08-27T05:17:09.287600+00:00,D:/D drive recovery/Shiva JH/Projects/OneLake Medallion/data/landing/2017-11-29/order_reviews.parquet,2017-11-29
b74ae0685e877853ba8b1e7c2cbcf730,8678b97b317b045765dcbdf85bcb74fb,4,,,2017-12-09 00:00:00,2017-12-10 01:08:24,2017-11-29,2017-12-10 01:08:24.000000,2026-08-27T05:17:09.287600+00:00,D:/D drive recovery/Shiva JH/Projects/OneLake Medallion/data/landing/2017-11-29/order_reviews.parquet,2017-11-29
8bc9e530cc90479e68f30bc7ce47e248,19a8ddfef7a411a196509d51ee14b776,5,,,2018-01-17 00:00:00,2018-01-19 16:34:00,2017-12-11,2018-01-19 16:34:00.000000,2026-08-27T05:17:09.287600+00:00,D:/D drive recovery/Shiva JH/Projects/OneLake Medallion/data/landing/2017-12-11/order_reviews.parquet,2017-12-11
63faf6ee70ce4d791503058a67d6017d,25247d0d0e85887c565090cc16ff0255,5,,,2017-12-19 00:00:00,2017-12-20 22:53:02,2017-12-11,2017-12-20 22:53:02.000000,2026-08-27T05:17:09.287600+00:00,D:/D drive recovery/Shiva JH/Projects/OneLake Medallion/data/landing/2017-12-11/order_reviews.parquet,2017-12-11
53bf574eee8a9a395167a06b98a2defd,17290263a090bbef4685f5b23f355104,5,,,2017-12-28 00:00:00,2017-12-29 00:32:58,2017-12-11,2017-12-29 00:32:58.000000,2026-08-27T05:17:09.287600+00:00,D:/D drive recovery/Shiva JH/Projects/OneLake Medallion/data/landing/2017-12-11/order_reviews.parquet,2017-12-11
25ca31ac72dfb3b119b4acc3139c8628,e3254323dd511d109978d37345cdcbae,1,,,2018-02-02 00:00:00,2018-02-06 17:45:17,2017-12-23,2018-02-06 17:45:17.000000,2026-08-27T05:17:09.287600+00:00,D:/D drive recovery/Shiva JH/Projects/OneLake Medallion/data/landing/2017-12-23/order_reviews.parquet,2017-12-23
62a35e9e362cf9b27b9ee8e047afbedf,4a45f9f66971302cf881ecfa142f42ba,1,,,2018-01-26 00:00:00,2018-01-27 00:42:30,2017-12-23,2018-01-27 00:42:30.000000,2026-08-27T05:17:09.287600+00:00,D:/D drive recovery/Shiva JH/Projects/OneLake Medallion/data/landing/2017-12-23/order_reviews.parquet,2017-12-23
4f0d591bb222f7304dcc7058b22d1c48,96874d51b07a419abc3260ea8e854fbc,5,,,2018-01-05 00:00:00,2018-01-12 22:45:09,2017-12-23,2018-01-12 22:45:09.000000,2026-08-27T05:17:09.287600+00:00,D:/D drive recovery/Shiva JH/Projects/OneLake Medallion/data/landing/2017-12-23/order_reviews.parquet,2017-12-23
614e78490d32004d630975e67c15a617,6fa8043bdb80a1aed9ed56be51399cfe,5,,,2018-01-14 00:00:00,2018-01-14 16:49:36,2018-01-04,2018-01-14 16:49:36.000000,2026-08-27T05:17:09.287600+00:00,D:/D drive recovery/Shiva JH/Projects/OneLake Medallion/data/landing/2018-01-04/order_reviews.parquet,2018-01-04
7689453ac118c329a919bdb14ea5e789,d725835898fee2ec8063d4aa035bf2dc,3,,,2018-01-17 00:00:00,2018-01-20 01:56:11,2018-01-04,2018-01-20 01:56:11.000000,2026-08-27T05:17:09.287600+00:00,D:/D drive recovery/Shiva JH/Projects/OneLake Medallion/data/landing/2018-01-04/order_reviews.parquet,2018-01-04
1eb81ad7e76a0f2a50366540c600e404,08ade2fc02096cf490d463016e5ee02e,5,,,2018-01-12 00:00:00,2018-01-12 15:20:12,2018-01-04,2018-01-12 15:20:12.000000,2026-08-27T05:17:09.287600+00:00,D:/D drive recovery/Shiva JH/Projects/OneLake Medallion/data/landing/2018-01-04/order_reviews.parquet,2018-01-04
35166411e43f2d16e032cf5948de523b,f760916b8d3de2f236dc4c6f103b5a19,4,,,2018-01-31 00:00:00,2018-02-01 10:13:10,2018-01-16,2018-02-01 10:13:10.000000,2026-08-27T05:17:09.287600+00:00,D:/D drive recovery/Shiva JH/Projects/OneLake Medallion/data/landing/2018-01-16/order_reviews.parquet,2018-01-16
a1b5def821bac80e6b055955be88ff30,7a00da9515dc144e302458e696d61943,5,,"Jogo incrivel, ótimos gráficos. Recomendo.",2018-01-23 00:00:00,2018-01-24 16:18:55,2018-01-16,2018-01-24 16:18:55.000000,2026-08-27T05:17:09.287600+00:00,D:/D drive recovery/Shiva JH/Projects/OneLake Medallion/data/landing/2018-01-16/order_reviews.parquet,2018-01-16
3e9a3434ebb9c4c30f6ecd81affa4f5a,9eff8d5a7b05aeaa583c225de3b134de,5,,A loja lannister sempre atendeu as minhas expectativas no que diz respeito a qualidade do produto e prazo de entrega.,2018-01-30 00:00:00,2018-01-31 08:57:59,2018-01-16,2018-01-31 08:57:59.000000,2026-08-27T05:17:09.287600+00:00,D:/D drive recovery/Shiva JH/Projects/OneLake Medallion/data/landing/2018-01-16/order_reviews.parquet,2018-01-16
133f3ef0f3dbafb71778898b57f4be24,3fef122997c747784882689e6e812b2f,4,,,2018-01-26 00:00:00,2018-01-29 12:06:55,2018-01-16,2018-01-29 12:06:55.000000,2026-08-27T05:17:09.287600+00:00,D:/D drive recovery/Shiva JH/Projects/OneLake Medallion/data/landing/2018-01-16/order_reviews.parquet,2018-01-16
d808125cfed309a0e054cde3c3133047,1dc6b058a15ea2fd8d58612bba662ab5,5,,,2018-01-25 00:00:00,2018-01-25 14:53:29,2018-01-16,2018-01-25 14:53:29.000000,2026-08-27T05:17:09.287600+00:00,D:/D drive recovery/Shiva JH/Projects/OneLake Medallion/data/landing/2018-01-16/order_reviews.parquet,2018-01-16
614f14ad3a3eb906b70e48ae611ddb85,d1e0427b410886678a52f73caa44e264,1,,"A previsãode recebimento foi até o último dia 09/02 para entregar 01 cartucho de tinta preto. O mesmo não ocorreu, mediante ao meus contatos foram 03 tentativas e somente na última consegui encaminhal",2018-02-11 00:00:00,2018-02-12 05:40:00,2018-01-16,2018-02-12 05:40:00.000000,2026-08-27T05:17:09.287600+00:00,D:/D drive recovery/Shiva JH/Projects/OneLake Medallion/data/landing/2018-01-16/order_reviews.parquet,2018-01-16
f65f7a67bf2d5c4781ea32bdf31de71c,7916fec582cddf20c22b688451f880f8,5,,Td certo,2018-02-08 00:00:00,2018-02-08 14:51:11,2018-01-28,2018-02-08 14:51:11.000000,2026-08-27T05:17:09.287600+00:00,D:/D drive recovery/Shiva JH/Projects/OneLake Medallion/data/landing/2018-01-28/order_reviews.parquet,2018-01-28
e2f2619be3d69e0811f49c636b164af3,83962168dce2d06a69a7e27082962069,5,,,2018-03-10 00:00:00,2018-03-13 12:48:13,2018-02-09,2018-03-13 12:48:13.000000,2026-08-27T05:17:09.287600+00:00,D:/D drive recovery/Shiva JH/Projects/OneLake Medallion/data/landing/2018-02-09/order_reviews.parquet,2018-02-09
c97cc1edec61f884892d156d0d3badfd,3a8b1e565c498e2688ae1e60745544d8,4,,,2018-02-23 00:00:00,2018-02-26 10:17:45,2018-02-09,2018-02-26 10:17:45.000000,2026-08-27T05:17:09.287600+00:00,D:/D drive recovery/Shiva JH/Projects/OneLake Medallion/data/landing/2018-02-09/order_reviews.parquet,2018-02-09
d0e5cf8c27fc740fb8e88f598d468f80,96caea89f911608c4d05f012e3c4efa9,5,,,2018-02-23 00:00:00,2018-03-20 22:27:53,2018-02-09,2018-03-20 22:27:53.000000,2026-08-27T05:17:09.287600+00:00,D:/D drive recovery/Shiva JH/Projects/OneLake Medallion/data/landing/2018-02-09/order_reviews.parquet,2018-02-09
c2370273e235dc176e939a1da72b224c,cdc165621bae221dc3a5f8788166a412,4,,Foi rápido e os mascotes estão maravilhoso,2018-02-20 00:00:00,2018-02-23 21:36:09,2018-02-09,2018-02-23 21:36:09.000000,2026-08-27T05:17:09.287600+00:00,D:/D drive recovery/Shiva JH/Projects/OneLake Medallion/data/landing/2018-02-09/order_reviews.parquet,2018-02-09
9b92b5e7b47f3a0f9addb142015bad9f,14ef2221cc3570aa6ce512fc353529b3,3,,,2018-03-04 00:00:00,2018-03-04 22:10:22,2018-02-09,2018-03-04 22:10:22.000000,2026-08-27T05:17:09.287600+00:00,D:/D drive recovery/Shiva JH/Projects/OneLake Medallion/data/landing/2018-02-09/order_reviews.parquet,2018-02-09
1a9c18a18b0c077b1efd193d13736da5,e82a48563b753b7df504aba7e01f9faf,1,,meu produto não chegou!!!!!!!!,2018-03-04 00:00:00,2018-03-04 16:34:55,2018-02-09,2018-03-04 16:34:55.000000,2026-08-27T05:17:09.287600+00:00,D:/D drive recovery/Shiva JH/Projects/OneLake Medallion/data/landing/2018-02-09/order_reviews.parquet,2018-02-09
c1f61a41d4dc72aea06fe9f175b38319,2f82268fc803f315fbe873e96f48a60f,2,,,2018-03-03 00:00:00,2018-03-04 21:00:14,2018-02-09,2018-03-04 21:00:14.000000,2026-08-27T05:17:09.287600+00:00,D:/D drive recovery/Shiva JH/Projects/OneLake Medallion/data/landing/2018-02-09/order_reviews.parquet,2018-02-09
310606df5c9c2d2a2423620280ec595b,c8f8f9f5df7a6ce2beaa9de85fbf8ca1,5,,,2018-03-14 00:00:00,2018-03-19 12:34:23,2018-02-09,2018-03-19 12:34:23.000000,2026-08-27T05:17:09.287600+00:00,D:/D drive recovery/Shiva JH/Projects/OneLake Medallion/data/landing/2018-02-09/order_reviews.parquet,2018-02-09
0ca8ac8ffe55b5c0263a9fd8b2b9a928,d9274f2e0c7860b038f3f05c0cdc6a45,4,,,2018-03-14 00:00:00,2018-03-18 19:22:19,2018-02-21,2018-03-18 19:22:19.000000,2026-08-27T05:17:09.287600+00:00,D:/D drive recovery/Shiva JH/Projects/OneLake Medallion/data/landing/2018-02-21/order_reviews.parquet,2018-02-21
d2f0342c406199d86b098abfa1139879,542d558d7cd9f734858beabe2622b2bd,5,,LOJA DE EXCELENTE REPUTAÇÃO! O PRODUTO CHEGOU NO PRAZO E EM PERFEITO ESTADO. RECOMENDO À TODOS!,2018-03-23 00:00:00,2018-03-26 10:18:14,2018-02-21,2018-03-26 10:18:14.000000,2026-08-27T05:17:09.287600+00:00,D:/D drive recovery/Shiva JH/Projects/OneLake Medallion/data/landing/2018-02-21/order_reviews.parquet,2018-02-21
68d6a036fba1742c206c5f83d2911610,dea1e695f08ba5ff543ac1f0132f6db3,1,,"O produto não é original, liguei para a EPSON e pelas características foi comprovado que não é verdadeiro, falsificação para enganar o consumidor.",2018-02-25 00:00:00,2018-02-26 14:50:09,2018-02-21,2018-02-26 14:50:09.000000,2026-08-27T05:17:09.287600+00:00,D:/D drive recovery/Shiva JH/Projects/OneLake Medallion/data/landing/2018-02-21/order_reviews.parquet,2018-02-21
f33abec7f6bd4fe4fcd38e0050d25b46,5b8b540b5934e4af4790f609af380cf8,1,,Muito ruim,2018-03-23 00:00:00,2018-03-23 11:16:50,2018-02-21,2018-03-23 11:16:50.000000,2026-08-27T05:17:09.287600+00:00,D:/D drive recovery/Shiva JH/Projects/OneLake Medallion/data/landing/2018-02-21/order_reviews.parquet,2018-02-21
1ee786f1556b46df92272abe57a2785f,ec60e48662eb9eaf9ae685a3afa56518,5,,,2018-03-02 00:00:00,2018-03-05 13:15:27,2018-02-21,2018-03-05 13:15:27.000000,2026-08-27T05:17:09.287600+00:00,D:/D drive recovery/Shiva JH/Projects/OneLake Medallion/data/landing/2018-02-21/order_reviews.parquet,2018-02-21
90941fd7e74286214273c8f0ddd17731,cbbadd3919b803b6cdeaa2e7811bc47b,5,,"Parabéns, chegou antes do prazo é exatamente o que pedi. Recomendo",2018-03-21 00:00:00,2018-03-23 22:01:11,2018-03-05,2018-03-23 22:01:11.000000,2026-08-27T05:17:09.287600+00:00,D:/D drive recovery/Shiva JH/Projects/OneLake Medallion/data/landing/2018-03-05/order_reviews.parquet,2018-03-05
7351a969d33740facf0d772a08632860,ee88bb223301673ac86437df9974b25d,1,,,2018-03-23 00:00:00,2018-03-27 11:50:34,2018-03-05,2018-03-27 11:50:34.000000,2026-08-27T05:17:09.287600+00:00,D:/D drive recovery/Shiva JH/Projects/OneLake Medallion/data/landing/2018-03-05/order_reviews.parquet,2018-03-05
c975f512be8c3fb8ecb66cb037b4dff2,bcaa9390e85fe694eefdf1e33f77b3b5,1,,"Não aguento mais esperar por meu produto, uma falta de comprometimento com o cliente. ",2018-03-28 00:00:00,2018-04-13 10:46:03,2018-03-05,2018-04-13 10:46:03.000000,2026-08-27T05:17:09.287600+00:00,D:/D drive recovery/Shiva JH/Projects/OneLake Medallion/data/landing/2018-03-05/order_reviews.parquet,2018-03-05
4d608fd4c61ba28cd812542e929f1056,808c4b75909ba91f23c1ef928f396822,1,,Pessimo ,2018-03-28 00:00:00,2018-03-28 22:49:05,2018-03-05,2018-03-28 22:49:05.000000,2026-08-27T05:17:09.287600+00:00,D:/D drive recovery/Shiva JH/Projects/OneLake Medallion/data/landing/2018-03-05/order_reviews.parquet,2018-03-05
23b9822b43517282e94eafa57e8c6e71,8700ae81d9071593f13e448c1918b447,4,,,2018-04-06 00:00:00,2018-04-07 09:11:43,2018-03-17,2018-04-07 09:11:43.000000,2026-08-27T05:17:09.287600+00:00,D:/D drive recovery/Shiva JH/Projects/OneLake Medallion/data/landing/2018-03-17/order_reviews.parquet,2018-03-17
342e9936bee1da1f09d5e42bd90da64f,bbc82e918e96057462aa6983e7035fe5,5,,,2018-03-29 00:00:00,2018-04-07 11:52:06,2018-03-17,2018-04-07 11:52:06.000000,2026-08-27T05:17:09.287600+00:00,D:/D drive recovery/Shiva JH/Projects/OneLake Medallion/data/landing/2018-03-17/order_reviews.parquet,2018-03-17
cbd9146a3c17b0cb67fb87478156a26b,6719ad7e3fe40d976c5db31f716bb5ec,5,,,2018-03-21 00:00:00,2018-03-23 00:01:37,2018-03-17,2018-03-23 00:01:37.000000,2026-08-27T05:17:09.287600+00:00,D:/D drive recovery/Shiva JH/Projects/OneLake Medallion/data/landing/2018-03-17/order_reviews.parquet,2018-03-17
a67c3fcde925c1d47868905adfe77955,93d00ae1e20d553e6b5bee7a7d898996,4,,"A forma é mais fina que as minhas e enviaram por correio, compro no baratheon porque enviam por transportadora que eu prefiro pois aqui é area restrita e tive que retirar na agência.",2018-04-06 00:00:00,2018-04-11 20:22:47,2018-03-29,2018-04-11 20:22:47.000000,2026-08-27T05:17:09.287600+00:00,D:/D drive recovery/Shiva JH/Projects/OneLake Medallion/data/landing/2018-03-29/order_reviews.parquet,2018-03-29
bf53bb21e176cca53c78b81a86c9588f,b8fbd8a0c07410289ec91234a8ad69c9,3,,,2018-04-08 00:00:00,2018-04-11 06:49:00,2018-03-29,2018-04-11 06:49:00.000000,2026-08-27T05:17:09.287600+00:00,D:/D drive recovery/Shiva JH/Projects/OneLake Medallion/data/landing/2018-03-29/order_reviews.parquet,2018-03-29
b7f48030bbcdf390fddfe8b819e18684,f387eb734dc3346d68ecfdaf4f0ab0ee,1,,"Não entraram em contato, apenas cancelaram o meu pedido",2018-04-25 00:00:00,2018-04-25 04:14:00,2018-03-29,2018-04-25 04:14:00.000000,2026-08-27T05:17:09.287600+00:00,D:/D drive recovery/Shiva JH/Projects/OneLake Medallion/data/landing/2018-03-29/order_reviews.parquet,2018-03-29
4939557c5ebbd1aa3b1620836f4c7db9,989c8bed4ad2e187516317b3e12f44c0,5,,,2018-04-15 00:00:00,2018-04-15 22:46:16,2018-03-29,2018-04-15 22:46:16.000000,2026-08-27T05:17:09.287600+00:00,D:/D drive recovery/Shiva JH/Projects/OneLake Medallion/data/landing/2018-03-29/order_reviews.parquet,2018-03-29
74daf5bf484235244137bd812b2729af,f05c1aa49a54cd865ee8ac61c2b15473,5,,,2018-04-10 00:00:00,2018-04-13 01:32:49,2018-03-29,2018-04-13 01:32:49.000000,2026-08-27T05:17:09.287600+00:00,D:/D drive recovery/Shiva JH/Projects/OneLake Medallion/data/landing/2018-03-29/order_reviews.parquet,2018-03-29
6125c137b326cdeb9fd6945bd059fe08,05c8ada178f3ab074886530731749bd5,1,,"Produto com embalagem inadequada, parte central do espremedor chegou amassado.",2018-04-12 00:00:00,2018-04-16 14:29:09,2018-03-29,2018-04-16 14:29:09.000000,2026-08-27T05:17:09.287600+00:00,D:/D drive recovery/Shiva JH/Projects/OneLake Medallion/data/landing/2018-03-29/order_reviews.parquet,2018-03-29
5e21a32b496d22d955e96b6d5a02841f,93acdf7d3ef9f5c049ab02e97d1c6158,4,,,2018-04-10 00:00:00,2018-04-11 11:45:01,2018-03-29,2018-04-11 11:45:01.000000,2026-08-27T05:17:09.287600+00:00,D:/D drive recovery/Shiva JH/Projects/OneLake Medallion/data/landing/2018-03-29/order_reviews.parquet,2018-03-29
6535e86c70c05f5f6ff3ed8fb2fc3011,917d8fa5446854ac034de2f57c82bbee,1,,"Comprei a cadeira da targaryen parceiro da Lojas lannister. O produto veio com a base de ferro toda fora de medida, nenhum dos encaixes deu certo, tive um trabalhão para montar a cadeira. NÃO RECOMENDO.",2018-04-21 00:00:00,2018-04-22 12:44:15,2018-03-29,2018-04-22 12:44:15.000000,2026-08-27T05:17:09.287600+00:00,D:/D drive recovery/Shiva JH/Projects/OneLake Medallion/data/landing/2018-03-29/order_reviews.parquet,2018-03-29
0ce8457c6b4a0bdee2e984c1d90214f9,e43062fd260607596c8e02e5c12081e5,5,,,2018-04-06 00:00:00,2018-04-09 23:10:37,2018-03-29,2018-04-09 23:10:37.000000,2026-08-27T05:17:09.287600+00:00,D:/D drive recovery/Shiva JH/Projects/OneLake Medallion/data/landing/2018-03-29/order_reviews.parquet,2018-03-29
dffe01fb6a1920197d4fcd0d0bb83013,7954fe1680493c893c4ec14df43ebb73,3,,,2018-05-01 00:00:00,2018-05-02 12:32:00,2018-04-10,2018-05-02 12:32:00.000000,2026-08-27T05:17:09.287600+00:00,D:/D drive recovery/Shiva JH/Projects/OneLake Medallion/data/landing/2018-04-10/order_reviews.parquet,2018-04-10
ad27061433d9451e63564287e50175ec,8fc359cc10f3ab99032248ef5f152d4f,5,,"OTIMO PRODUTO, FOI ENTREGUE NO PRAZO CORRETO E FUNCIONA BEM, SEM AQUELAS FRESCURAS DE TER QUE CONFIGURAR, SÓ USAR!",2018-04-19 00:00:00,2018-04-20 11:27:23,2018-04-10,2018-04-20 11:27:23.000000,2026-08-27T05:17:09.287600+00:00,D:/D drive recovery/Shiva JH/Projects/OneLake Medallion/data/landing/2018-04-10/order_reviews.parquet,2018-04-10
2f8d8168ec34840ad615871d09f5984b,21b6d1e7385572036e50357aacbddf0d,3,,,2018-04-13 00:00:00,2018-04-15 12:17:26,2018-04-10,2018-04-15 12:17:26.000000,2026-08-27T05:17:09.287600+00:00,D:/D drive recovery/Shiva JH/Projects/OneLake Medallion/data/landing/2018-04-10/order_reviews.parquet,2018-04-10
8860b5dbd837f38a82811db099ee86cc,6b1e226ba2512e424031208f6caffdca,5,Tudo como combinado.,Produto entregue dentro do prazo e de boa qualidade. Recomendo!,2018-04-19 00:00:00,2018-06-08 14:12:43,2018-04-10,2018-06-08 14:12:43.000000,2026-08-27T05:17:09.287600+00:00,D:/D drive recovery/Shiva JH/Projects/OneLake Medallion/data/landing/2018-04-10/order_reviews.parquet,2018-04-10
6f49f5fa1eda11da151d7c8d612eb63c,ed9b3b9e44dcd0fdbe1bffbdeaf4d2ce,2,,,2018-04-22 00:00:00,2018-04-22 04:36:24,2018-04-10,2018-04-22 04:36:24.000000,2026-08-27T05:17:09.287600+00:00,D:/D drive recovery/Shiva JH/Projects/OneLake Medallion/data/landing/2018-04-10/order_reviews.parquet,2018-04-10
324f14bc07b33576e6e56425728f8401,7344c860833e7ea5b676e4575b225d6c,4,,,2018-05-01 00:00:00,2018-05-06 21:06:48,2018-04-22,2018-05-06 21:06:48.000000,2026-08-27T05:17:09.287600+00:00,D:/D drive recovery/Shiva JH/Projects/OneLake Medallion/data/landing/2018-04-22/order_reviews.parquet,2018-04-22
8115349dcbdff9bab4a4ec20e1bee4f0,dda3e0dbde3a2cd09432650b3634582d,5,,,2018-05-10 00:00:00,2018-05-17 16:57:51,2018-04-22,2018-05-17 16:57:51.000000,2026-08-27T05:17:09.287600+00:00,D:/D drive recovery/Shiva JH/Projects/OneLake Medallion/data/landing/2018-04-22/order_reviews.parquet,2018-04-22
d7291ae01656385cfcaaac82181df23e,d54bea5ba90238aa83323565749538a1,1,Combo não entregue,"Comprei um combo composto por carrinho + Moisés + bebê conforto + adaptador. 
Somente foi entregue o carrinho. Os demais ítens não vieram.",2018-05-13 00:00:00,2018-05-17 02:05:52,2018-04-22,2018-05-17 02:05:52.000000,2026-08-27T05:17:09.287600+00:00,D:/D drive recovery/Shiva JH/Projects/OneLake Medallion/data/landing/2018-04-22/order_reviews.parquet,2018-04-22
07d12e710263cc61c7762c19c2bbbd1d,a62ca1ecd2ebb5a76f2df38e3024c324,5,Bandeja ,Excelente vendedor,2018-05-04 00:00:00,2018-05-06 00:02:00,2018-04-22,2018-05-06 00:02:00.000000,2026-08-27T05:17:09.287600+00:00,D:/D drive recovery/Shiva JH/Projects/OneLake Medallion/data/landing/2018-04-22/order_reviews.parquet,2018-04-22
e1e1d1e755d5f1d8c75fe77d76af44dd,3910ae71e82730e3c560049e7637b3c2,5,Super recomendo ,Entrega rápida ,2018-05-03 00:00:00,2018-05-04 01:19:41,2018-04-22,2018-05-04 01:19:41.000000,2026-08-27T05:17:09.287600+00:00,D:/D drive recovery/Shiva JH/Projects/OneLake Medallion/data/landing/2018-04-22/order_reviews.parquet,2018-04-22
80f5ca701f2f6ab359dedf27c58f1a24,1bbda6dbb533293df7320c4f62b6e897,4,Bom,,2018-05-16 00:00:00,2018-05-20 11:32:04,2018-05-04,2018-05-20 11:32:04.000000,2026-08-27T05:17:09.287600+00:00,D:/D drive recovery/Shiva JH/Projects/OneLake Medallion/data/landing/2018-05-04/order_reviews.parquet,2018-05-04
630a3899918db918cd050097e504f139,8af354896f0ed90b19d368003ac83254,5,,,2018-05-17 00:00:00,2018-05-22 11:34:00,2018-05-04,2018-05-22 11:34:00.000000,2026-08-27T05:17:09.287600+00:00,D:/D drive recovery/Shiva JH/Projects/OneLake Medallion/data/landing/2018-05-04/order_reviews.parquet,2018-05-04
f4df5328332a04a8207ff952f3bebde1,3a56d0fa36b997b13c3e9eee5128b7fa,5,Escelente,Foi tudo como prometido o profuto chegou antes do prazo em perfeito estado e do jeito que eu imaginava parabens super recomendo,2018-05-12 00:00:00,2018-05-15 11:19:35,2018-05-04,2018-05-15 11:19:35.000000,2026-08-27T05:17:09.287600+00:00,D:/D drive recovery/Shiva JH/Projects/OneLake Medallion/data/landing/2018-05-04/order_reviews.parquet,2018-05-04
372bb5b35b903fd08837d3463017d4ce,660a02c58e33a4d888a10733703398a5,4,,,2018-05-18 00:00:00,2018-05-20 12:55:04,2018-05-04,2018-05-20 12:55:04.000000,2026-08-27T05:17:09.287600+00:00,D:/D drive recovery/Shiva JH/Projects/OneLake Medallion/data/landing/2018-05-04/order_reviews.parquet,2018-05-04
2ca08c633d4c824cf268e25c3ed435bc,5ba8503668408d9c4b89795726cb7f4e,1,Falso,"O cartão que recebi é falso.
Começou com a cor do cartão que não era a mesma da foto site. o celular e Pc não reconheceram o cartão. por fim, descobri que a sigla do prodt. É para uma capacidade meno",2018-06-02 00:00:00,2018-06-02 23:53:26,2018-05-16,2018-06-02 23:53:26.000000,2026-08-27T05:17:09.287600+00:00,D:/D drive recovery/Shiva JH/Projects/OneLake Medallion/data/landing/2018-05-16/order_reviews.parquet,2018-05-16
358bd6c49765a7517f4a4e7a2f5ca0d6,f175c06d9a1a1c98a7ba8dd83950718f,5,,,2018-06-15 00:00:00,2018-06-15 14:36:09,2018-05-16,2018-06-15 14:36:09.000000,2026-08-27T05:17:09.287600+00:00,D:/D drive recovery/Shiva JH/Projects/OneLake Medallion/data/landing/2018-05-16/order_reviews.parquet,2018-05-16
03a0087389b6b7547091ac57fb438b10,cab33fc76d60b48dd6a512e892c54437,5,CAPA DE COLCHÃO,TUDO ÓTIMO,2018-05-22 00:00:00,2018-06-11 13:00:58,2018-05-16,2018-06-11 13:00:58.000000,2026-08-27T05:17:09.287600+00:00,D:/D drive recovery/Shiva JH/Projects/OneLake Medallion/data/landing/2018-05-16/order_reviews.parquet,2018-05-16
ba4c4b0d650898b0f4b7a38d5cb26e4f,eb6ab30cb30bdde1094fc3b0ee26a2d9,5,Super recomendo,Muito Bom!,2018-06-08 00:00:00,2018-06-14 15:22:00,2018-05-16,2018-06-14 15:22:00.000000,2026-08-27T05:17:09.287600+00:00,D:/D drive recovery/Shiva JH/Projects/OneLake Medallion/data/landing/2018-05-16/order_reviews.parquet,2018-05-16
cdeca822ca13bd0873f82d686e534e2a,7d00af7c23ec65f8e98e9d7a348130f4,5,,,2018-06-07 00:00:00,2018-06-07 17:27:36,2018-05-16,2018-06-07 17:27:36.000000,2026-08-27T05:17:09.287600+00:00,D:/D drive recovery/Shiva JH/Projects/OneLake Medallion/data/landing/2018-05-16/order_reviews.parquet,2018-05-16
a2087005dbf047d94cfb25373b6d840a,9093d1fda3e04c4f34b2cd7b0fc18549,3,Devolução do dinheiro,"O relógio escolhido, esgotou.E não tinha um outro agradável para substituí-lo. E até hoje a impressa não entrou em contato, como vocês confirmaram. Espero, sinceramente, que seja resolvido.",2018-06-16 00:00:00,2018-06-18 11:55:28,2018-05-16,2018-06-18 11:55:28.000000,2026-08-27T05:17:09.287600+00:00,D:/D drive recovery/Shiva JH/Projects/OneLake Medallion/data/landing/2018-05-16/order_reviews.parquet,2018-05-16
6844df006ee36db20847a7d071caeceb,9d56875afa926ef0d9263eb003dba6e0,5,,,2018-05-22 00:00:00,2018-05-25 10:03:38,2018-05-16,2018-05-25 10:03:38.000000,2026-08-27T05:17:09.287600+00:00,D:/D drive recovery/Shiva JH/Projects/OneLake Medallion/data/landing/2018-05-16/order_reviews.parquet,2018-05-16
8cc6e06c98e686406c863f202db4598d,da9713f62e0d54668895dd0ca6ddbb64,4,,,2018-06-13 00:00:00,2018-06-13 21:33:57,2018-05-28,2018-06-13 21:33:57.000000,2026-08-27T05:17:09.287600+00:00,D:/D drive recovery/Shiva JH/Projects/OneLake Medallion/data/landing/2018-05-28/order_reviews.parquet,2018-05-28
499b28833a0eb46c08384aec6745d5b7,c5f30bdd01bc931c09429dc3bba5ac58,5,,,2018-06-03 00:00:00,2018-06-06 00:32:14,2018-05-28,2018-06-06 00:32:14.000000,2026-08-27T05:17:09.287600+00:00,D:/D drive recovery/Shiva JH/Projects/OneLake Medallion/data/landing/2018-05-28/order_reviews.parquet,2018-05-28
5b288520bbe454f51e7049f96ee2d2a9,558eca1d22374a40aa35c2d9f88573a3,5,,Adorei foi entregue antes do prazo !,2018-06-08 00:00:00,2018-06-09 02:53:03,2018-05-28,2018-06-09 02:53:03.000000,2026-08-27T05:17:09.287600+00:00,D:/D drive recovery/Shiva JH/Projects/OneLake Medallion/data/landing/2018-05-28/order_reviews.parquet,2018-05-28
65e95d3abce9746ac58c23309dac7e9b,169ab175fb915582d84c0c5c95bb0fe3,5,,,2018-06-19 00:00:00,2018-06-20 09:56:39,2018-06-09,2018-06-20 09:56:39.000000,2026-08-27T05:17:09.287600+00:00,D:/D drive recovery/Shiva JH/Projects/OneLake Medallion/data/landing/2018-06-09/order_reviews.parquet,2018-06-09
27b2bb2c339e5e8125c7a1dce40aaa15,69253c0e2ec746a1f5a1ab71985605ba,5,,,2018-06-13 00:00:00,2018-06-17 13:39:07,2018-06-09,2018-06-17 13:39:07.000000,2026-08-27T05:17:09.287600+00:00,D:/D drive recovery/Shiva JH/Projects/OneLake Medallion/data/landing/2018-06-09/order_reviews.parquet,2018-06-09
b50d705ef82d824485ba3f3fa9014d88,d9c720e3a638349cc85d8f2f1eff6ab7,5,Entrega muito rápida!,Gostei do produto e a entrega foi quase no dia seguinte.,2018-06-22 00:00:00,2018-06-25 15:56:50,2018-06-09,2018-06-25 15:56:50.000000,2026-08-27T05:17:09.287600+00:00,D:/D drive recovery/Shiva JH/Projects/OneLake Medallion/data/landing/2018-06-09/order_reviews.parquet,2018-06-09
884f1c21bb078e51f62092cf426fd452,169ab175fb915582d84c0c5c95bb0fe3,5,,,2018-06-20 00:00:00,2018-06-20 09:55:57,2018-06-09,2018-06-20 09:55:57.000000,2026-08-27T05:17:09.287600+00:00,D:/D drive recovery/Shiva JH/Projects/OneLake Medallion/data/landing/2018-06-09/order_reviews.parquet,2018-06-09
0af214b18d6b2407e99a4bf79304c245,f9030dd093087acc37d712775c8797a6,3,O controle n funciona,Tenho o tocombox energy hd e nao funciona o controla..ja pedi a solicitação de devolução,2018-06-21 00:00:00,2018-06-22 02:13:48,2018-06-09,2018-06-22 02:13:48.000000,2026-08-27T05:17:09.287600+00:00,D:/D drive recovery/Shiva JH/Projects/OneLake Medallion/data/landing/2018-06-09/order_reviews.parquet,2018-06-09
8d421d6e6e8dc126f73a3104e9218cfd,415163634b075446172210d1b9717e2a,5,,,2018-06-30 00:00:00,2018-07-01 01:34:47,2018-06-21,2018-07-01 01:34:47.000000,2026-08-27T05:17:09.287600+00:00,D:/D drive recovery/Shiva JH/Projects/OneLake Medallion/data/landing/2018-06-21/order_reviews.parquet,2018-06-21
5f45939d51ded12c2c099e4624ff8c15,41683ad54cbd17bd932eb623e0ff7257,4,recomendado,"tudo perfeito, mas com relação a pelicula ,não esta conforme o anuncio pois a pelicula não serviu,caso haja condiçoes de enviarem a pelicula certa ou seja LG Q 6 PLUS ,desde ja agradeço",2018-07-10 00:00:00,2018-07-17 15:23:09,2018-06-21,2018-07-17 15:23:09.000000,2026-08-27T05:17:09.287600+00:00,D:/D drive recovery/Shiva JH/Projects/OneLake Medallion/data/landing/2018-06-21/order_reviews.parquet,2018-06-21
226ba46ae4b953bb6423960120aa9900,77c34615b2963e4bf4b48d59da0eb5e1,5,,"Produto sem detalhes. Muito bom e bonito. Alem de que a entrega foi muito rapida. Estava prevista para o dia 17 e foi entregue dia 01...
Produto resistente e bem aderente.",2017-02-01 00:00:00,2017-02-04 09:20:08,2017-01-18,2017-02-04 09:20:08.000000,2026-08-27T05:17:09.287600+00:00,D:/D drive recovery/Shiva JH/Projects/OneLake Medallion/data/landing/2017-01-18/order_reviews.parquet,2017-01-18
5419cd03705bd2dd1a0c17bfbfc37d95,4eb2ac97a426c7f771f8bb1ef6ba5771,4,,"apesar do pacote ter sido fraco e ter se rasgado no transporte, o produto veio correto e sem nenhum estrago, o mais legal foi o tempo em que foi entregue, muito curto.",2017-02-24 00:00:00,2017-02-24 23:52:25,2017-02-11,2017-02-24 23:52:25.000000,2026-08-27T05:17:09.287600+00:00,D:/D drive recovery/Shiva JH/Projects/OneLake Medallion/data/landing/2017-02-11/order_reviews.parquet,2017-02-11
cfc668c506e8f2c9fe9ad55bfcf19683,7829c222faf130ddecd0a997d677da22,5,,,2017-03-11 00:00:00,2017-03-12 00:47:12,2017-02-23,2017-03-12 00:47:12.000000,2026-08-27T05:17:09.287600+00:00,D:/D drive recovery/Shiva JH/Projects/OneLake Medallion/data/landing/2017-02-23/order_reviews.parquet,2017-02-23
5beaec8720fbdb032c9c41e00d9e90b9,29a3f9363409cd00a7860cb0e8d5c460,5,,,2017-03-07 00:00:00,2017-03-07 23:26:56,2017-02-23,2017-03-07 23:26:56.000000,2026-08-27T05:17:09.287600+00:00,D:/D drive recovery/Shiva JH/Projects/OneLake Medallion/data/landing/2017-02-23/order_reviews.parquet,2017-02-23
7c7d0a7bb5f4b7e668c4e00a931ccbf4,0af96849112c968e7764ac7f17e4f9f7,5,,,2017-03-09 00:00:00,2017-03-14 00:30:59,2017-02-23,2017-03-14 00:30:59.000000,2026-08-27T05:17:09.287600+00:00,D:/D drive recovery/Shiva JH/Projects/OneLake Medallion/data/landing/2017-02-23/order_reviews.parquet,2017-02-23
4a932e0164bdbfca7cf937a61a3070c5,dd5ebf00c3d8b88a41ec9c8450ec59db,5,,,2017-04-19 00:00:00,2017-04-19 21:08:39,2017-04-12,2017-04-19 21:08:39.000000,2026-08-27T05:17:09.287600+00:00,D:/D drive recovery/Shiva JH/Projects/OneLake Medallion/data/landing/2017-04-12/order_reviews.parquet,2017-04-12
2c3be85110ed8bb6347e7eb90a08724a,af2adc7e31b52bdfe068cf60426b54b2,5,,,2017-05-16 00:00:00,2017-05-16 13:17:50,2017-04-24,2017-05-16 13:17:50.000000,2026-08-27T05:17:09.287600+00:00,D:/D drive recovery/Shiva JH/Projects/OneLake Medallion/data/landing/2017-04-24/order_reviews.parquet,2017-04-24
96c4cb4bc3a4c3dc2d32e71447fe6ecb,2dc8ae13ff86f4dcefb60ddfbaf43df8,5,,Entrega rápida! ,2017-05-05 00:00:00,2017-05-06 01:16:06,2017-04-24,2017-05-06 01:16:06.000000,2026-08-27T05:17:09.287600+00:00,D:/D drive recovery/Shiva JH/Projects/OneLake Medallion/data/landing/2017-04-24/order_reviews.parquet,2017-04-24
2f62e417cc584bf89ab81a6277a81976,21e37650ff5769ef4eaa10725322d871,5,,"Ótima qualidade, muito leve e confortável! Recomendo! ",2017-05-05 00:00:00,2017-05-06 01:06:49,2017-04-24,2017-05-06 01:06:49.000000,2026-08-27T05:17:09.287600+00:00,D:/D drive recovery/Shiva JH/Projects/OneLake Medallion/data/landing/2017-04-24/order_reviews.parquet,2017-04-24
45480bab280234abf804612eda0467df,a4d63c74eb133a700461000c2e8df158,4,,"Sempre compro nas lojas lannister, dessa vez demoroi a chegar por causa da greve dos correios, fora isso e bem rápida à entrega! ",2017-05-13 00:00:00,2017-05-20 00:39:29,2017-04-24,2017-05-20 00:39:29.000000,2026-08-27T05:17:09.287600+00:00,D:/D drive recovery/Shiva JH/Projects/OneLake Medallion/data/landing/2017-04-24/order_reviews.parquet,2017-04-24
161f01713c98308528107791c17bed8f,6d928ae5792f61a71bb3e3e528bf4a28,1,,ESPERO NUNCA MAIS COMPRAR E TER QUE RESPONDER ESSE TIPO DE AVALIAÇÃO,2017-06-04 00:00:00,2017-06-04 12:44:16,2017-05-06,2017-06-04 12:44:16.000000,2026-08-27T05:17:09.287600+00:00,D:/D drive recovery/Shiva JH/Projects/OneLake Medallion/data/landing/2017-05-06/order_reviews.parquet,2017-05-06
dc008ceb3f913bf2d7b58e46f17bb548,ca8302550f63d763f285c7465c651803,5,,"Chegou bem antes do prazo, portanto, super pontuais.",2017-05-17 00:00:00,2017-05-18 12:02:06,2017-05-06,2017-05-18 12:02:06.000000,2026-08-27T05:17:09.287600+00:00,D:/D drive recovery/Shiva JH/Projects/OneLake Medallion/data/landing/2017-05-06/order_reviews.parquet,2017-05-06
7fd5128e792bb835ffad753f9bbbadb8,41e4e97a46cf14b6cfef187c00668efd,5,,,2017-05-19 00:00:00,2017-05-28 23:40:02,2017-05-06,2017-05-28 23:40:02.000000,2026-08-27T05:17:09.287600+00:00,D:/D drive recovery/Shiva JH/Projects/OneLake Medallion/data/landing/2017-05-06/order_reviews.parquet,2017-05-06
89fb2be175cb967c91bfea3deed0d0e0,badff059f06914594e6477d1273478db,5,,,2017-05-16 00:00:00,2017-05-17 09:43:22,2017-05-06,2017-05-17 09:43:22.000000,2026-08-27T05:17:09.287600+00:00,D:/D drive recovery/Shiva JH/Projects/OneLake Medallion/data/landing/2017-05-06/order_reviews.parquet,2017-05-06
60db4f6d1c5cbd3112444d4414a0c984,4307e89df5cb485b0b67e0f91025703f,5,,,2017-05-28 00:00:00,2017-05-29 13:18:29,2017-05-18,2017-05-29 13:18:29.000000,2026-08-27T05:17:09.287600+00:00,D:/D drive recovery/Shiva JH/Projects/OneLake Medallion/data/landing/2017-05-18/order_reviews.parquet,2017-05-18
874f6b1a33930d17a375d002cb01ebe1,b82b1a7017f4c904921dd5c6c6da8804,1,,,2017-06-15 00:00:00,2017-06-16 12:56:48,2017-05-30,2017-06-16 12:56:48.000000,2026-08-27T05:17:09.287600+00:00,D:/D drive recovery/Shiva JH/Projects/OneLake Medallion/data/landing/2017-05-30/order_reviews.parquet,2017-05-30
bcfe479710c8882d628e7fc115da2147,b0e26123a9efc3ad3ef191e50b262084,5,,,2017-06-27 00:00:00,2017-06-30 00:33:21,2017-06-11,2017-06-30 00:33:21.000000,2026-08-27T05:17:09.287600+00:00,D:/D drive recovery/Shiva JH/Projects/OneLake Medallion/data/landing/2017-06-11/order_reviews.parquet,2017-06-11
d108b0b1eb80fd6dc32c96f611eb9793,5433a0ef395e151f154279cd3fcde661,3,,MERCADORIA NÂO CHEGOU,2017-07-09 00:00:00,2017-07-17 18:21:23,2017-06-11,2017-07-17 18:21:23.000000,2026-08-27T05:17:09.287600+00:00,D:/D drive recovery/Shiva JH/Projects/OneLake Medallion/data/landing/2017-06-11/order_reviews.parquet,2017-06-11
8f8997774e21092939c0196bb61e29de,dda40954d6373d50d10f2b761c69ac7e,3,,,2017-06-21 00:00:00,2017-06-22 01:42:13,2017-06-11,2017-06-22 01:42:13.000000,2026-08-27T05:17:09.287600+00:00,D:/D drive recovery/Shiva JH/Projects/OneLake Medallion/data/landing/2017-06-11/order_reviews.parquet,2017-06-11
3771a36204e37adde9444c29f2810d70,50c71607b83f5edc9a65e7c7d9910b1a,3,,,2017-07-01 00:00:00,2017-07-04 15:04:51,2017-06-23,2017-07-04 15:04:51.000000,2026-08-27T05:17:09.287600+00:00,D:/D drive recovery/Shiva JH/Projects/OneLake Medallion/data/landing/2017-06-23/order_reviews.parquet,2017-06-23
c9fbcd126c60c0faaf650587dc929c2d,6631941f15912a0be1a1951cfbfaf3f3,5,,"Comprei com um pouco de receio de ficar muito escuro, pois meu cabelo esta castanho escuro e tem uns tons meio marrom. Porém deu uma leva mudada na cor mais n ficou ""pretão"" deu mto brilho e amei 😍",2017-07-13 00:00:00,2017-07-14 14:43:57,2017-07-05,2017-07-14 14:43:57.000000,2026-08-27T05:17:09.287600+00:00,D:/D drive recovery/Shiva JH/Projects/OneLake Medallion/data/landing/2017-07-05/order_reviews.parquet,2017-07-05
281af984c821c396beb34a7e2e856189,b60cb82db24efcb2f5d0df26426c3af2,5,,,2017-07-26 00:00:00,2017-07-29 17:30:55,2017-07-05,2017-07-29 17:30:55.000000,2026-08-27T05:17:09.287600+00:00,D:/D drive recovery/Shiva JH/Projects/OneLake Medallion/data/landing/2017-07-05/order_reviews.parquet,2017-07-05
05bfc02874ba328dd8d96926f79c3cbe,1f32e76e92fc0ebf756639dad26ebaa9,2,,"O tapete é bonito, a entrega foi dentro do prazo, mas não tem 4 cm de pelo.",2017-07-11 00:00:00,2017-07-12 11:39:28,2017-07-05,2017-07-12 11:39:28.000000,2026-08-27T05:17:09.287600+00:00,D:/D drive recovery/Shiva JH/Projects/OneLake Medallion/data/landing/2017-07-05/order_reviews.parquet,2017-07-05
9b9e4c54f66c42b58a0502c7a57694e4,3087da82d2601b8b5d7eb062012632b3,5,,,2017-07-27 00:00:00,2017-07-27 23:17:18,2017-07-17,2017-07-27 23:17:18.000000,2026-08-27T05:17:09.287600+00:00,D:/D drive recovery/Shiva JH/Projects/OneLake Medallion/data/landing/2017-07-17/order_reviews.parquet,2017-07-17
e401753b6e1bf82e5c88c19d8ee8317d,e760cfb29c60e22956a48ad4c4e6a639,4,,,2017-07-25 00:00:00,2017-07-25 20:15:21,2017-07-17,2017-07-25 20:15:21.000000,2026-08-27T05:17:09.287600+00:00,D:/D drive recovery/Shiva JH/Projects/OneLake Medallion/data/landing/2017-07-17/order_reviews.parquet,2017-07-17
01f6c4051d33c215ecf998982f75a472,c70715c3111d10111116543cfc29f3ca,1,,o frete e muito alto,2017-07-26 00:00:00,2017-07-27 16:31:09,2017-07-17,2017-07-27 16:31:09.000000,2026-08-27T05:17:09.287600+00:00,D:/D drive recovery/Shiva JH/Projects/OneLake Medallion/data/landing/2017-07-17/order_reviews.parquet,2017-07-17
fb3eb84e0bb472509f064aa083197843,e4bed70dad1c8ff6bfb51ce87e9df866,5,,"comprei pelo preço baixo,mas além disso o prazo e o produto foi correspondente ao anuncio",2017-07-26 00:00:00,2017-08-01 10:23:22,2017-07-17,2017-08-01 10:23:22.000000,2026-08-27T05:17:09.287600+00:00,D:/D drive recovery/Shiva JH/Projects/OneLake Medallion/data/landing/2017-07-17/order_reviews.parquet,2017-07-17
4c6d70e13495262e1cb458870d4186ba,645d89884725deda9a632a1cd0658149,5,,,2017-08-03 00:00:00,2017-08-06 09:48:38,2017-07-29,2017-08-06 09:48:38.000000,2026-08-27T05:17:09.287600+00:00,D:/D drive recovery/Shiva JH/Projects/OneLake Medallion/data/landing/2017-07-29/order_reviews.parquet,2017-07-29
abc5655186d40772bd6e410420e6a3ed,e69bfb5eb88e0ed6a785585b27e16dbf,5,,,2017-08-17 00:00:00,2017-08-18 01:47:32,2017-07-29,2017-08-18 01:47:32.000000,2026-08-27T05:17:09.287600+00:00,D:/D drive recovery/Shiva JH/Projects/OneLake Medallion/data/landing/2017-07-29/order_reviews.parquet,2017-07-29
15392afc2364a53166ef4727a925bfc4,783c795ca45c01ac1ebe459d8c26751d,4,,frete poderia ser mais barato afinal o produto é super leve ,2017-08-16 00:00:00,2017-08-20 04:08:32,2017-08-10,2017-08-20 04:08:32.000000,2026-08-27T05:17:09.287600+00:00,D:/D drive recovery/Shiva JH/Projects/OneLake Medallion/data/landing/2017-08-10/order_reviews.parquet,2017-08-10
408161b954909a318e392f3bfe095d07,5fbf3a364c57e553f502c5ee2a388da1,2,,,2017-08-23 00:00:00,2017-08-26 02:26:11,2017-08-10,2017-08-26 02:26:11.000000,2026-08-27T05:17:09.287600+00:00,D:/D drive recovery/Shiva JH/Projects/OneLake Medallion/data/landing/2017-08-10/order_reviews.parquet,2017-08-10
0add08eace731334fdcf0f12da7bb353,e37400ea2216206cb88f2d8c87b4aa35,5,,,2017-09-12 00:00:00,2017-09-13 00:23:15,2017-08-22,2017-09-13 00:23:15.000000,2026-08-27T05:17:09.287600+00:00,D:/D drive recovery/Shiva JH/Projects/OneLake Medallion/data/landing/2017-08-22/order_reviews.parquet,2017-08-22
74ee7a1f74ffe91701febd189e6ca8ad,35c16e53e67eb73077166edd4aa57fd7,4,,,2017-09-06 00:00:00,2017-09-13 19:34:05,2017-08-22,2017-09-13 19:34:05.000000,2026-08-27T05:17:09.287600+00:00,D:/D drive recovery/Shiva JH/Projects/OneLake Medallion/data/landing/2017-08-22/order_reviews.parquet,2017-08-22
cbdb90c9a0a309f982ce2d27de972bf8,f6d0018789810848d254ef989ed2108c,5,,,2017-08-30 00:00:00,2017-08-31 19:12:13,2017-08-22,2017-08-31 19:12:13.000000,2026-08-27T05:17:09.287600+00:00,D:/D drive recovery/Shiva JH/Projects/OneLake Medallion/data/landing/2017-08-22/order_reviews.parquet,2017-08-22
20e37bc3caade7f4de1bfbdaf3966080,b2831c53b9a182b11c1f4c1ffd6aa8e6,5,,,2017-09-12 00:00:00,2017-09-13 02:05:40,2017-09-03,2017-09-13 02:05:40.000000,2026-08-27T05:17:09.287600+00:00,D:/D drive recovery/Shiva JH/Projects/OneLake Medallion/data/landing/2017-09-03/order_reviews.parquet,2017-09-03
14066f7e165be0cc05518cf6cccd8f0d,fcaf5f5131e3480217cfa4c664cc8875,5,,Muito bom,2017-09-15 00:00:00,2017-09-16 01:29:48,2017-09-03,2017-09-16 01:29:48.000000,2026-08-27T05:17:09.287600+00:00,D:/D drive recovery/Shiva JH/Projects/OneLake Medallion/data/landing/2017-09-03/order_reviews.parquet,2017-09-03
7dccf32d86d6762b49fa09d6900cbc02,8712dadcec00a4826a72ac3431a3ced1,5,,"Entrega perfeita, estão de parabéns toda equipe shop timediatamente. ",2017-10-04 00:00:00,2017-10-07 03:20:13,2017-09-15,2017-10-07 03:20:13.000000,2026-08-27T05:17:09.287600+00:00,D:/D drive recovery/Shiva JH/Projects/OneLake Medallion/data/landing/2017-09-15/order_reviews.parquet,2017-09-15
8d1e7494ccfa2663262b5a964caa8988,e2b405ccb5839931cae6f89767eada9b,5,,Produto chegou dentro do prazo e em excelentes condições.,2017-09-27 00:00:00,2017-09-28 10:33:17,2017-09-15,2017-09-28 10:33:17.000000,2026-08-27T05:17:09.287600+00:00,D:/D drive recovery/Shiva JH/Projects/OneLake Medallion/data/landing/2017-09-15/order_reviews.parquet,2017-09-15
68a941bb7e4ee4fc95dc87dbcb8c9ae6,9e50d6711cd120b8b6fecc98aca9d306,5,,Satisfatória ,2017-09-21 00:00:00,2017-09-22 01:35:51,2017-09-15,2017-09-22 01:35:51.000000,2026-08-27T05:17:09.287600+00:00,D:/D drive recovery/Shiva JH/Projects/OneLake Medallion/data/landing/2017-09-15/order_reviews.parquet,2017-09-15
28b76f5df5fdbba516d6b661995bc518,8989fdd29d2925c7e819138db8e2ef90,5,,,2017-09-28 00:00:00,2017-10-17 13:10:20,2017-09-15,2017-10-17 13:10:20.000000,2026-08-27T05:17:09.287600+00:00,D:/D drive recovery/Shiva JH/Projects/OneLake Medallion/data/landing/2017-09-15/order_reviews.parquet,2017-09-15
f5cc92c220edfa966ee4418b8685395d,8365dc5dc298b24c2dfa22b90c5df20e,5,,,2017-10-05 00:00:00,2017-10-06 05:00:12,2017-09-27,2017-10-06 05:00:12.000000,2026-08-27T05:17:09.287600+00:00,D:/D drive recovery/Shiva JH/Projects/OneLake Medallion/data/landing/2017-09-27/order_reviews.parquet,2017-09-27
5092bf6212cf030d17452aa939d46ab6,4671212f0e4f559c957baffa7a97aec5,4,,,2017-10-10 00:00:00,2017-10-11 10:50:28,2017-09-27,2017-10-11 10:50:28.000000,2026-08-27T05:17:09.287600+00:00,D:/D drive recovery/Shiva JH/Projects/OneLake Medallion/data/landing/2017-09-27/order_reviews.parquet,2017-09-27
47b0c5a684a3bb021fca479197a7f136,e235f2f2440fa2abd4c0777a2fda1026,5,,,2017-10-17 00:00:00,2017-11-02 00:18:33,2017-10-09,2017-11-02 00:18:33.000000,2026-08-27T05:17:09.287600+00:00,D:/D drive recovery/Shiva JH/Projects/OneLake Medallion/data/landing/2017-10-09/order_reviews.parquet,2017-10-09
ae629decc437b4bdb5f579ee3b5086b8,232a2ccad012f3cb2ebe4ea479e0b1af,5,,,2017-10-18 00:00:00,2017-10-20 16:59:38,2017-10-09,2017-10-20 16:59:38.000000,2026-08-27T05:17:09.287600+00:00,D:/D drive recovery/Shiva JH/Projects/OneLake Medallion/data/landing/2017-10-09/order_reviews.parquet,2017-10-09
009dea9e56051ee3cff10452dfc1c348,99d9290d68f3a7252778d4cfda7cd872,5,,,2017-10-21 00:00:00,2017-10-22 12:31:28,2017-10-09,2017-10-22 12:31:28.000000,2026-08-27T05:17:09.287600+00:00,D:/D drive recovery/Shiva JH/Projects/OneLake Medallion/data/landing/2017-10-09/order_reviews.parquet,2017-10-09
55876f941470173bcf4d2013be74d18c,3cf35e66383eac0fa651e99728d09c8c,4,,"Chegou antes da data do prazo, porem vazou um pouco do produto! ",2017-11-04 00:00:00,2017-11-05 10:43:54,2017-10-21,2017-11-05 10:43:54.000000,2026-08-27T05:17:09.287600+00:00,D:/D drive recovery/Shiva JH/Projects/OneLake Medallion/data/landing/2017-10-21/order_reviews.parquet,2017-10-21
819473e9de7cd7e8db30ad8cbb335053,189a53cf93264d51ff7b5a92601c7a34,5,,,2017-10-25 00:00:00,2017-10-29 23:44:27,2017-10-21,2017-10-29 23:44:27.000000,2026-08-27T05:17:09.287600+00:00,D:/D drive recovery/Shiva JH/Projects/OneLake Medallion/data/landing/2017-10-21/order_reviews.parquet,2017-10-21
6f364e6a89e523bb2b97b9be20378b09,718db37c9161a7d6124c332ea8780b19,5,,lannister sempre recomendo,2017-10-28 00:00:00,2017-10-30 09:55:28,2017-10-21,2017-10-30 09:55:28.000000,2026-08-27T05:17:09.287600+00:00,D:/D drive recovery/Shiva JH/Projects/OneLake Medallion/data/landing/2017-10-21/order_reviews.parquet,2017-10-21
8aabe678e67f3eee84d7221e761c86b1,5683975334cf0cbd77e90d11c940b257,1,,,2017-11-15 00:00:00,2017-11-16 00:37:20,2017-11-02,2017-11-16 00:37:20.000000,2026-08-27T05:17:09.287600+00:00,D:/D drive recovery/Shiva JH/Projects/OneLake Medallion/data/landing/2017-11-02/order_reviews.parquet,2017-11-02
d698e31e958dc293c903486611ed3f4c,a82922658c32130591989ddab7111ed6,5,,,2017-11-10 00:00:00,2017-11-12 22:39:46,2017-11-02,2017-11-12 22:39:46.000000,2026-08-27T05:17:09.287600+00:00,D:/D drive recovery/Shiva JH/Projects/OneLake Medallion/data/landing/2017-11-02/order_reviews.parquet,2017-11-02
31efb18c09e41bfffa353ed47f997dc5,935e2b59d8831e7e158e0a2bbf8f91c3,4,,,2017-11-18 00:00:00,2017-11-18 20:31:10,2017-11-02,2017-11-18 20:31:10.000000,2026-08-27T05:17:09.287600+00:00,D:/D drive recovery/Shiva JH/Projects/OneLake Medallion/data/landing/2017-11-02/order_reviews.parquet,2017-11-02
030658c05ceff76a0db977d7df296634,be05142bba741bcf0fde07b5c9c40f48,2,,,2017-11-24 00:00:00,2017-11-29 14:06:37,2017-11-02,2017-11-29 14:06:37.000000,2026-08-27T05:17:09.287600+00:00,D:/D drive recovery/Shiva JH/Projects/OneLake Medallion/data/landing/2017-11-02/order_reviews.parquet,2017-11-02
5c0ad168fd153764ac71b2b57f45b9fd,e9f195e6586d8b704b5bd727b1a2f5dc,5,,,2017-11-22 00:00:00,2017-11-23 13:44:17,2017-11-14,2017-11-23 13:44:17.000000,2026-08-27T05:17:09.287600+00:00,D:/D drive recovery/Shiva JH/Projects/OneLake Medallion/data/landing/2017-11-14/order_reviews.parquet,2017-11-14
b3d212192c38a2cb7bb65c65e990d204,14129c568e62c007ad8d334de62aca31,5,,"Excelente. Comprei, paguei e recebi o que comprei no prazo que marcaram.",2017-11-23 00:00:00,2017-11-23 19:19:41,2017-11-14,2017-11-23 19:19:41.000000,2026-08-27T05:17:09.287600+00:00,D:/D drive recovery/Shiva JH/Projects/OneLake Medallion/data/landing/2017-11-14/order_reviews.parquet,2017-11-14
2a9ce2ca1c41c60636b0cb60612cdc60,b34eea540a919377d376dccd30ce2ac8,1,,Comnprei 03 transformadores de 100w da marca BAK modelo BK2121 e o que chegou em minha residência foi 03 transformadores de 50w de uma outra marca e modelo. Estou muito insatisfeito com a stark.,2017-12-09 00:00:00,2017-12-11 17:51:56,2017-11-14,2017-12-11 17:51:56.000000,2026-08-27T05:17:09.287600+00:00,D:/D drive recovery/Shiva JH/Projects/OneLake Medallion/data/landing/2017-11-14/order_reviews.parquet,2017-11-14
9eaf831643415c2c394204fb5e900c71,340a0613ed37b5748a4b7b676676ca26,5,,,2017-12-12 00:00:00,2017-12-15 10:45:02,2017-11-26,2017-12-15 10:45:02.000000,2026-08-27T05:17:09.287600+00:00,D:/D drive recovery/Shiva JH/Projects/OneLake Medallion/data/landing/2017-11-26/order_reviews.parquet,2017-11-26
16693ddc5ec75962a91d41ee7a3341f0,725c8fc9683d4ff47be7ba7dd796d979,5,,,2017-11-30 00:00:00,2017-12-02 17:24:26,2017-11-26,2017-12-02 17:24:26.000000,2026-08-27T05:17:09.287600+00:00,D:/D drive recovery/Shiva JH/Projects/OneLake Medallion/data/landing/2017-11-26/order_reviews.parquet,2017-11-26
b6143c22244e423f17986e11bc68798f,ccac33950ffc27cb905dbcdfb099494a,1,,Produto nao entregue,2017-12-20 00:00:00,2017-12-20 10:39:56,2017-11-26,2017-12-20 10:39:56.000000,2026-08-27T05:17:09.287600+00:00,D:/D drive recovery/Shiva JH/Projects/OneLake Medallion/data/landing/2017-11-26/order_reviews.parquet,2017-11-26
dae9d72cd3c7f9357516323541d9ff24,b8ed89bd3f1fe72244f0f616acdc7da1,4,,,2017-12-20 00:00:00,2017-12-20 11:04:44,2017-11-26,2017-12-20 11:04:44.000000,2026-08-27T05:17:09.287600+00:00,D:/D drive recovery/Shiva JH/Projects/OneLake Medallion/data/landing/2017-11-26/order_reviews.parquet,2017-11-26
744e71063a655fb0ef75104f1a7abdc5,fa48ce5f6c4499293eecc423fde54476,5,,,2017-12-13 00:00:00,2017-12-13 23:21:17,2017-12-08,2017-12-13 23:21:17.000000,2026-08-27T05:17:09.287600+00:00,D:/D drive recovery/Shiva JH/Projects/OneLake Medallion/data/landing/2017-12-08/order_reviews.parquet,2017-12-08
7ab1f68c276576cd10b7b43ed3c633ad,8ac2ceafa1fab841f94e5bf768847e0b,5,,,2017-12-20 00:00:00,2017-12-20 18:16:18,2017-12-08,2017-12-20 18:16:18.000000,2026-08-27T05:17:09.287600+00:00,D:/D drive recovery/Shiva JH/Projects/OneLake Medallion/data/landing/2017-12-08/order_reviews.parquet,2017-12-08
201810001e7a8af0fb46245c53994a48,fd01599ab4ac4b1c1f5a5d16a7871d72,1,,Não recebi até agora o produto ,2018-01-14 00:00:00,2018-01-15 14:39:56,2017-12-08,2018-01-15 14:39:56.000000,2026-08-27T05:17:09.287600+00:00,D:/D drive recovery/Shiva JH/Projects/OneLake Medallion/data/landing/2017-12-08/order_reviews.parquet,2017-12-08
a523ee5d35fd3be22a1bae756421ea22,6fa44c0aa6e74a2ded90c2657778e81d,4,,,2017-12-24 00:00:00,2017-12-25 05:33:28,2017-12-08,2017-12-25 05:33:28.000000,2026-08-27T05:17:09.287600+00:00,D:/D drive recovery/Shiva JH/Projects/OneLake Medallion/data/landing/2017-12-08/order_reviews.parquet,2017-12-08
1337a3e7138abeca4edc2018f3ddd951,6b0bd2c2e59c7fb169874fbfeed4441a,5,,Boa loja!,2017-12-16 00:00:00,2017-12-19 09:32:33,2017-12-08,2017-12-19 09:32:33.000000,2026-08-27T05:17:09.287600+00:00,D:/D drive recovery/Shiva JH/Projects/OneLake Medallion/data/landing/2017-12-08/order_reviews.parquet,2017-12-08
22e3c90e337bdaff5f0b4e37088eb330,a35b086d9dfac1991ee12dd08387c3df,5,,Pedido foi cancelado e substituído por outro do mesmo lojista que não criou dificuldades e atendeu o solicitado.,2018-01-18 00:00:00,2018-02-23 00:55:14,2017-12-08,2018-02-23 00:55:14.000000,2026-08-27T05:17:09.287600+00:00,D:/D drive recovery/Shiva JH/Projects/OneLake Medallion/data/landing/2017-12-08/order_reviews.parquet,2017-12-08
2bb4a77b8ee75888f91a06240f6c7454,3313dc446abbe2a29ae4ae064320b334,5,,,2017-12-29 00:00:00,2017-12-29 22:29:43,2017-12-08,2017-12-29 22:29:43.000000,2026-08-27T05:17:09.287600+00:00,D:/D drive recovery/Shiva JH/Projects/OneLake Medallion/data/landing/2017-12-08/order_reviews.parquet,2017-12-08
fac073871253f255b8dde914c3372684,ea5b2c0d002d415e1c5e7d7f39c831f5,2,,Falta o protetor impermeavel,2018-01-04 00:00:00,2018-01-07 01:57:08,2017-12-08,2018-01-07 01:57:08.000000,2026-08-27T05:17:09.287600+00:00,D:/D drive recovery/Shiva JH/Projects/OneLake Medallion/data/landing/2017-12-08/order_reviews.parquet,2017-12-08
175576216648d8f19901ec136eae7361,b760bf468b4938da338e68c1b8dde052,5,,O combinado não sai caro ,2017-12-15 00:00:00,2017-12-15 20:28:09,2017-12-08,2017-12-15 20:28:09.000000,2026-08-27T05:17:09.287600+00:00,D:/D drive recovery/Shiva JH/Projects/OneLake Medallion/data/landing/2017-12-08/order_reviews.parquet,2017-12-08
d661e8543d5ab13a9d3eea88065ff21f,1c0f9417f551a547f89b1451b15d1756,5,,Estou satisfeito. ,2018-01-04 00:00:00,2018-01-07 15:44:53,2017-12-20,2018-01-07 15:44:53.000000,2026-08-27T05:17:09.287600+00:00,D:/D drive recovery/Shiva JH/Projects/OneLake Medallion/data/landing/2017-12-20/order_reviews.parquet,2017-12-20
fe6a2658b6560aac1951c19a57337292,cb61ea5ecf3a762ee7460dc23d50fffd,5,,,2017-12-23 00:00:00,2017-12-24 03:17:15,2017-12-20,2017-12-24 03:17:15.000000,2026-08-27T05:17:09.287600+00:00,D:/D drive recovery/Shiva JH/Projects/OneLake Medallion/data/landing/2017-12-20/order_reviews.parquet,2017-12-20
0472989c4e4cea16d25830e493692931,c12a7300c1fdbd202faf783e3010203e,3,,,2018-01-23 00:00:00,2018-01-23 22:00:47,2018-01-13,2018-01-23 22:00:47.000000,2026-08-27T05:17:09.287600+00:00,D:/D drive recovery/Shiva JH/Projects/OneLake Medallion/data/landing/2018-01-13/order_reviews.parquet,2018-01-13
3142d2977aa0387db5c9f55e58d7465f,4bd03dd6a8e45ca2f88013cf71bd22f8,5,,Ótimo produto e entregue antes do previsto.,2018-01-26 00:00:00,2018-01-26 21:34:37,2018-01-13,2018-01-26 21:34:37.000000,2026-08-27T05:17:09.287600+00:00,D:/D drive recovery/Shiva JH/Projects/OneLake Medallion/data/landing/2018-01-13/order_reviews.parquet,2018-01-13
1c9cd935a01b406a1d028fabaa13b49e,b1503f3f344c66cf0a3bdc1e2a6e3fcb,5,,,2018-01-25 00:00:00,2018-01-26 01:23:06,2018-01-13,2018-01-26 01:23:06.000000,2026-08-27T05:17:09.287600+00:00,D:/D drive recovery/Shiva JH/Projects/OneLake Medallion/data/landing/2018-01-13/order_reviews.parquet,2018-01-13
da3f6dd86656feeb6f06c76d0d055f72,3be8a1f84b766b7847d066e09de464c7,4,,,2018-02-17 00:00:00,2018-02-19 13:21:21,2018-01-25,2018-02-19 13:21:21.000000,2026-08-27T05:17:09.287600+00:00,D:/D drive recovery/Shiva JH/Projects/OneLake Medallion/data/landing/2018-01-25/order_reviews.parquet,2018-01-25
585e6880f8612e5828c761569530854e,9706ebea892b263fa7c4c09c658ff5fb,5,,Recebi antes do prazo o produto veio exatamente como descrito na publicação. Obrigada.,2018-02-10 00:00:00,2018-02-13 16:20:45,2018-01-25,2018-02-13 16:20:45.000000,2026-08-27T05:17:09.287600+00:00,D:/D drive recovery/Shiva JH/Projects/OneLake Medallion/data/landing/2018-01-25/order_reviews.parquet,2018-01-25
e3ea4033af0c06665fe997161e462801,6010e18fb4f51bda7cdf59826fb9157e,5,,,2018-01-30 00:00:00,2018-01-31 11:00:37,2018-01-25,2018-01-31 11:00:37.000000,2026-08-27T05:17:09.287600+00:00,D:/D drive recovery/Shiva JH/Projects/OneLake Medallion/data/landing/2018-01-25/order_reviews.parquet,2018-01-25
1fb8b9deb9312a139357477e4e0323c5,a146dffb3f8c4214018779b35f997a91,5,,,2018-01-30 00:00:00,2018-01-31 01:26:19,2018-01-25,2018-01-31 01:26:19.000000,2026-08-27T05:17:09.287600+00:00,D:/D drive recovery/Shiva JH/Projects/OneLake Medallion/data/landing/2018-01-25/order_reviews.parquet,2018-01-25
482c1386f06b3ce2df86cc705b98ca0d,4f0db42a25e38b5376a4e33b5cd42687,5,,,2018-03-06 00:00:00,2018-03-07 12:44:33,2018-02-06,2018-03-07 12:44:33.000000,2026-08-27T05:17:09.287600+00:00,D:/D drive recovery/Shiva JH/Projects/OneLake Medallion/data/landing/2018-02-06/order_reviews.parquet,2018-02-06
85d99eb448495c5c7eddd5e0d37bdb5c,01cf88c5fb4298435526a5995720807a,5,,,2018-02-15 00:00:00,2018-02-16 12:17:55,2018-02-06,2018-02-16 12:17:55.000000,2026-08-27T05:17:09.287600+00:00,D:/D drive recovery/Shiva JH/Projects/OneLake Medallion/data/landing/2018-02-06/order_reviews.parquet,2018-02-06
baf28d820b60cdf226db46d297f9aeb4,e154274f8d5b5bcef8bb9f51a54b218a,5,,,2018-02-20 00:00:00,2018-02-22 14:28:03,2018-02-06,2018-02-22 14:28:03.000000,2026-08-27T05:17:09.287600+00:00,D:/D drive recovery/Shiva JH/Projects/OneLake Medallion/data/landing/2018-02-06/order_reviews.parquet,2018-02-06
642e12dea577700906932a50360573ab,f5370142612f3aa9c1a437ba6eb45b97,5,,,2018-02-20 00:00:00,2018-02-22 12:16:38,2018-02-06,2018-02-22 12:16:38.000000,2026-08-27T05:17:09.287600+00:00,D:/D drive recovery/Shiva JH/Projects/OneLake Medallion/data/landing/2018-02-06/order_reviews.parquet,2018-02-06
a2ba3749ab2c20577141380761b14241,ae0851574e3bcaba4df53c0b546b470e,4,,,2018-03-16 00:00:00,2018-03-16 21:41:01,2018-02-06,2018-03-16 21:41:01.000000,2026-08-27T05:17:09.287600+00:00,D:/D drive recovery/Shiva JH/Projects/OneLake Medallion/data/landing/2018-02-06/order_reviews.parquet,2018-02-06
4835d3d7d871d1a6f0adb16104feb29c,e48b8d245a4e83db60a76367fe7ffad2,1,,"Comprei 3 frascos e chegou só 2. Me sinto lezada, não gostei . Vou passar a comprar em outro site que não repassa suas vendas .insatisfeita.",2018-02-22 00:00:00,2018-02-22 21:48:56,2018-02-06,2018-02-22 21:48:56.000000,2026-08-27T05:17:09.287600+00:00,D:/D drive recovery/Shiva JH/Projects/OneLake Medallion/data/landing/2018-02-06/order_reviews.parquet,2018-02-06
6f0ad68d323808c6f1058e3359ca4fa4,c93d6b0cbd51a29939f48107e4a7425e,5,,,2018-02-20 00:00:00,2018-02-20 17:59:58,2018-02-06,2018-02-20 17:59:58.000000,2026-08-27T05:17:09.287600+00:00,D:/D drive recovery/Shiva JH/Projects/OneLake Medallion/data/landing/2018-02-06/order_reviews.parquet,2018-02-06
8ce9cd79a2d9fa873c440919c7b40a24,98118a946846ed39501f78fef6ff3ea7,5,,Gostei,2018-03-10 00:00:00,2018-03-10 22:42:22,2018-03-02,2018-03-10 22:42:22.000000,2026-08-27T05:17:09.287600+00:00,D:/D drive recovery/Shiva JH/Projects/OneLake Medallion/data/landing/2018-03-02/order_reviews.parquet,2018-03-02
23ad324fe17cb2ba07ab0065b1970e4b,621de62735eae3ffa4affa5e73d860db,1,,,2018-03-25 00:00:00,2018-03-26 16:53:34,2018-03-02,2018-03-26 16:53:34.000000,2026-08-27T05:17:09.287600+00:00,D:/D drive recovery/Shiva JH/Projects/OneLake Medallion/data/landing/2018-03-02/order_reviews.parquet,2018-03-02
2ede62bddd3d6ff97165c1f7d555eabe,89fa4e94189a9acfa88b8d22f4513035,5,,,2018-03-06 00:00:00,2018-03-07 11:07:09,2018-03-02,2018-03-07 11:07:09.000000,2026-08-27T05:17:09.287600+00:00,D:/D drive recovery/Shiva JH/Projects/OneLake Medallion/data/landing/2018-03-02/order_reviews.parquet,2018-03-02
38450d6ddbbf48e42157a21ad076f53f,4f8a2144278d625038f8d55d5a334d93,4,,,2018-03-16 00:00:00,2018-03-17 11:44:19,2018-03-02,2018-03-17 11:44:19.000000,2026-08-27T05:17:09.287600+00:00,D:/D drive recovery/Shiva JH/Projects/OneLake Medallion/data/landing/2018-03-02/order_reviews.parquet,2018-03-02
a8cd39b06854bb284dafb7c495c70da5,bf61d525b7c099d79f6e3bbbd7a4aec9,4,,,2018-03-11 00:00:00,2018-03-23 13:25:17,2018-03-02,2018-03-23 13:25:17.000000,2026-08-27T05:17:09.287600+00:00,D:/D drive recovery/Shiva JH/Projects/OneLake Medallion/data/landing/2018-03-02/order_reviews.parquet,2018-03-02
4d90414b531b0bea562ef5e319aef0bd,cd664e197521a82f89b34d1af4af7aa0,5,,,2018-03-07 00:00:00,2018-03-08 13:44:33,2018-03-02,2018-03-08 13:44:33.000000,2026-08-27T05:17:09.287600+00:00,D:/D drive recovery/Shiva JH/Projects/OneLake Medallion/data/landing/2018-03-02/order_reviews.parquet,2018-03-02
6824aee90ae8ad2ede2abfda0f2c83a7,84ca1ce0b502782387a2afcd5a8e9356,4,,,2018-03-17 00:00:00,2018-03-21 20:08:45,2018-03-02,2018-03-21 20:08:45.000000,2026-08-27T05:17:09.287600+00:00,D:/D drive recovery/Shiva JH/Projects/OneLake Medallion/data/landing/2018-03-02/order_reviews.parquet,2018-03-02
be875debcda2c703ea8ab250824860f1,aaa4688b6d2e4d20b2ffc6d97723ea63,1,,"Adquiri o produto através da lannister.com em 02/03/2018, mas o até esta data não recebi o produto.",2018-03-25 00:00:00,2018-03-26 21:15:33,2018-03-02,2018-03-26 21:15:33.000000,2026-08-27T05:17:09.287600+00:00,D:/D drive recovery/Shiva JH/Projects/OneLake Medallion/data/landing/2018-03-02/order_reviews.parquet,2018-03-02
2968ec6ffb66288a3c471e9c817699be,531abf2d5cc78f7a49d9ba560cbbfe7a,1,,A entrega era para até dia 26/03. Até hoje ainda está no preparo para entrega.,2018-03-28 00:00:00,2018-03-28 11:25:16,2018-03-02,2018-03-28 11:25:16.000000,2026-08-27T05:17:09.287600+00:00,D:/D drive recovery/Shiva JH/Projects/OneLake Medallion/data/landing/2018-03-02/order_reviews.parquet,2018-03-02
93f58f5b658e3b49be2cd83f02a01a9c,6c3b9813e98d409d3af5da143efbd2d7,5,,,2018-03-29 00:00:00,2018-03-29 13:39:28,2018-03-14,2018-03-29 13:39:28.000000,2026-08-27T05:17:09.287600+00:00,D:/D drive recovery/Shiva JH/Projects/OneLake Medallion/data/landing/2018-03-14/order_reviews.parquet,2018-03-14
c9a406d3076559e35f713ec82223d39c,6c3b9813e98d409d3af5da143efbd2d7,4,,,2018-03-24 00:00:00,2018-03-24 19:25:48,2018-03-14,2018-03-24 19:25:48.000000,2026-08-27T05:17:09.287600+00:00,D:/D drive recovery/Shiva JH/Projects/OneLake Medallion/data/landing/2018-03-14/order_reviews.parquet,2018-03-14
b13c55f7a7f133d23a4e5efdafa91144,97f5d9e6ef81b10425e390ed53165124,4,,,2018-04-06 00:00:00,2018-04-22 22:33:42,2018-03-26,2018-04-22 22:33:42.000000,2026-08-27T05:17:09.287600+00:00,D:/D drive recovery/Shiva JH/Projects/OneLake Medallion/data/landing/2018-03-26/order_reviews.parquet,2018-03-26
17226da666258c4d5bc5d87750edc247,4810bc72b32b9b06d7962b3c645faea2,5,,,2018-04-14 00:00:00,2018-04-17 01:02:14,2018-03-26,2018-04-17 01:02:14.000000,2026-08-27T05:17:09.287600+00:00,D:/D drive recovery/Shiva JH/Projects/OneLake Medallion/data/landing/2018-03-26/order_reviews.parquet,2018-03-26
dc39fc96133cf9aca4270c1b936d26ca,4ffd41fadb59bd398d869be78f1b2be3,1,,,2018-04-12 00:00:00,2018-04-16 12:12:22,2018-03-26,2018-04-16 12:12:22.000000,2026-08-27T05:17:09.287600+00:00,D:/D drive recovery/Shiva JH/Projects/OneLake Medallion/data/landing/2018-03-26/order_reviews.parquet,2018-03-26
649eee63528e6071632702f65c6a4526,d9bb91a82e6e6e885f8509496e458d53,5,,,2018-03-30 00:00:00,2018-04-02 14:25:27,2018-03-26,2018-04-02 14:25:27.000000,2026-08-27T05:17:09.287600+00:00,D:/D drive recovery/Shiva JH/Projects/OneLake Medallion/data/landing/2018-03-26/order_reviews.parquet,2018-03-26
f15d2361969e6cac0d02a340ed7b4a23,6e984cc45e3698b95c45d087ca569b62,5,,Produto ótimo. Entrega rapida.,2018-04-03 00:00:00,2018-04-03 21:22:33,2018-03-26,2018-04-03 21:22:33.000000,2026-08-27T05:17:09.287600+00:00,D:/D drive recovery/Shiva JH/Projects/OneLake Medallion/data/landing/2018-03-26/order_reviews.parquet,2018-03-26
953fa98ed4d1dfa2d0a0c2f0fbe0101e,e519605fdd48a30db0db34bd66f8502e,5,,"Receber um produto de excelente qualidade, com todas as funcionalidades que preciso,robusto, digo, parece muito durável, e com entrega rápida. Que mais eu poderia esperar de uma loja? lannister é DEZ",2018-03-30 00:00:00,2018-03-31 16:22:52,2018-03-26,2018-03-31 16:22:52.000000,2026-08-27T05:17:09.287600+00:00,D:/D drive recovery/Shiva JH/Projects/OneLake Medallion/data/landing/2018-03-26/order_reviews.parquet,2018-03-26
4739cb5a03c0f692d24322bb38c5ddec,056905f3e09ca68fc9ed4780498db866,5,,Recomendo,2018-04-18 00:00:00,2018-04-19 09:35:14,2018-04-07,2018-04-19 09:35:14.000000,2026-08-27T05:17:09.287600+00:00,D:/D drive recovery/Shiva JH/Projects/OneLake Medallion/data/landing/2018-04-07/order_reviews.parquet,2018-04-07
aeb45b1868845ec0c33838cd018f7636,7df4a1e4f63494920c5e53da93a08183,5,,Gostaria de saber se o produto mudou de embalagem. Pois comprei a embalagem vermelha e recebi outra embalagem toda florida. Preciso saber se é o mesmo produto. ,2018-05-05 00:00:00,2018-05-07 15:05:27,2018-04-19,2018-05-07 15:05:27.000000,2026-08-27T05:17:09.287600+00:00,D:/D drive recovery/Shiva JH/Projects/OneLake Medallion/data/landing/2018-04-19/order_reviews.parquet,2018-04-19
9bc18cdf5113b13e907ddb303c37a9c2,c20fa8783cbf98de30a8cc0dc7b99bd1,5,,,2018-04-25 00:00:00,2018-04-26 14:30:52,2018-04-19,2018-04-26 14:30:52.000000,2026-08-27T05:17:09.287600+00:00,D:/D drive recovery/Shiva JH/Projects/OneLake Medallion/data/landing/2018-04-19/order_reviews.parquet,2018-04-19
a94470bd9b6d68015ec36246cf57a887,08921fc98ee1dc54454ae8af90493c44,5,,,2018-04-21 00:00:00,2018-04-22 01:55:56,2018-04-19,2018-04-22 01:55:56.000000,2026-08-27T05:17:09.287600+00:00,D:/D drive recovery/Shiva JH/Projects/OneLake Medallion/data/landing/2018-04-19/order_reviews.parquet,2018-04-19
3c5950901c7f598574e33d0ad248bf0c,ffa2d919ed5fc1b6661b89904ef71b88,5,,,2018-05-01 00:00:00,2018-05-02 10:08:48,2018-04-19,2018-05-02 10:08:48.000000,2026-08-27T05:17:09.287600+00:00,D:/D drive recovery/Shiva JH/Projects/OneLake Medallion/data/landing/2018-04-19/order_reviews.parquet,2018-04-19
aadb5430e096fbe73870551bf885f90c,438dad6fa6e9ce3c50e4497b4232c7ce,5,,,2018-04-27 00:00:00,2018-04-30 16:58:32,2018-04-19,2018-04-30 16:58:32.000000,2026-08-27T05:17:09.287600+00:00,D:/D drive recovery/Shiva JH/Projects/OneLake Medallion/data/landing/2018-04-19/order_reviews.parquet,2018-04-19
064890a2bf6a93f20be78476282e666f,7fb4133c98efb5fcb56807cb759420b2,5,,,2018-04-27 00:00:00,2018-04-27 21:44:45,2018-04-19,2018-04-27 21:44:45.000000,2026-08-27T05:17:09.287600+00:00,D:/D drive recovery/Shiva JH/Projects/OneLake Medallion/data/landing/2018-04-19/order_reviews.parquet,2018-04-19
115d72425fc59eec9a2e9d7594c6d93d,acd45245723df7cb52772a34416b41b1,3,,,2018-05-08 00:00:00,2018-05-10 14:37:03,2018-04-19,2018-05-10 14:37:03.000000,2026-08-27T05:17:09.287600+00:00,D:/D drive recovery/Shiva JH/Projects/OneLake Medallion/data/landing/2018-04-19/order_reviews.parquet,2018-04-19
d8cba187dc4a8da7a38a84aef2383875,96e9519c799bb41c1cf7b3992b63219e,5,,,2018-05-08 00:00:00,2018-05-10 14:53:56,2018-05-01,2018-05-10 14:53:56.000000,2026-08-27T05:17:09.287600+00:00,D:/D drive recovery/Shiva JH/Projects/OneLake Medallion/data/landing/2018-05-01/order_reviews.parquet,2018-05-01
507ea645fdcb082d93a9f252e132d9a3,43d8b54629756a38a418dfef248957c2,5,,,2018-05-09 00:00:00,2018-05-11 00:20:49,2018-05-01,2018-05-11 00:20:49.000000,2026-08-27T05:17:09.287600+00:00,D:/D drive recovery/Shiva JH/Projects/OneLake Medallion/data/landing/2018-05-01/order_reviews.parquet,2018-05-01
4d4b378c0b98e8f7b482b73471816830,073180167c8aee312e8be08892989244,5,,,2018-05-05 00:00:00,2018-05-06 12:00:32,2018-05-01,2018-05-06 12:00:32.000000,2026-08-27T05:17:09.287600+00:00,D:/D drive recovery/Shiva JH/Projects/OneLake Medallion/data/landing/2018-05-01/order_reviews.parquet,2018-05-01
7cdc38c51e3d0acefd5976d4a01d11dd,a98012aa8c697f2bcff9f8c2183e0f2b,1,O pedido chegou faltando ,"O pedido, não chegou com a quantidade correta. Faltou o Suporte De Peito Cinta Peitoral Para Camera Gopro Go Pro, faltou um Adaptador Conector P2 Macho P10 Femea Estereo Microfone sendo 3.",2018-05-19 00:00:00,2018-05-22 01:32:42,2018-05-13,2018-05-22 01:32:42.000000,2026-08-27T05:17:09.287600+00:00,D:/D drive recovery/Shiva JH/Projects/OneLake Medallion/data/landing/2018-05-13/order_reviews.parquet,2018-05-13
0e03d1cdb8308d2a06e4247b900c9fe7,f771f4b3d070d0621bf89b9b66dbe8f1,3,Esperava mais ,"Pelo preço, o kit deveria ser muito melhor.",2018-05-23 00:00:00,2018-05-26 14:27:14,2018-05-13,2018-05-26 14:27:14.000000,2026-08-27T05:17:09.287600+00:00,D:/D drive recovery/Shiva JH/Projects/OneLake Medallion/data/landing/2018-05-13/order_reviews.parquet,2018-05-13
f7e832eb583363bd2ef001d78be46d2f,02b089f5e85ee9c52935ede2207b13e7,4,Recomendo ,"Recebi o produto antes do esperado, gostei dos três itens, o material é bom e a cor é a mesma que eu queria. Uma das fronhas veio com a costura já desfiando, por isso não é 5 estrelas.",2018-05-19 00:00:00,2018-05-20 16:09:10,2018-05-13,2018-05-20 16:09:10.000000,2026-08-27T05:17:09.287600+00:00,D:/D drive recovery/Shiva JH/Projects/OneLake Medallion/data/landing/2018-05-13/order_reviews.parquet,2018-05-13
a1dae4732d7c20a3378411f23b9dbf6e,088858a852d62de0c175c9cc4bc0ddb6,3,,Entrega muito eficiente ,2018-05-18 00:00:00,2018-05-21 01:30:19,2018-05-13,2018-05-21 01:30:19.000000,2026-08-27T05:17:09.287600+00:00,D:/D drive recovery/Shiva JH/Projects/OneLake Medallion/data/landing/2018-05-13/order_reviews.parquet,2018-05-13
9a86b2f2f07921591324c08ca16c8a24,76ce04fb3a0994fef44ec461d940f026,4,,,2018-05-22 00:00:00,2018-05-24 19:56:40,2018-05-13,2018-05-24 19:56:40.000000,2026-08-27T05:17:09.287600+00:00,D:/D drive recovery/Shiva JH/Projects/OneLake Medallion/data/landing/2018-05-13/order_reviews.parquet,2018-05-13
71d7c2dd21e2a9f547a058c90aab6b92,e130d3f737127ae52681b9338aea9b64,5,,,2018-06-06 00:00:00,2018-06-06 12:15:57,2018-05-25,2018-06-06 12:15:57.000000,2026-08-27T05:17:09.287600+00:00,D:/D drive recovery/Shiva JH/Projects/OneLake Medallion/data/landing/2018-05-25/order_reviews.parquet,2018-05-25
6ed9f6e996edb3a789aa299a6bcaa688,954432a2b2661b54eac000446dfde330,4,super recomendo,Parabéns pela eficácia da entrega e a qualidade do produto.,2018-06-05 00:00:00,2018-06-06 20:44:16,2018-05-25,2018-06-06 20:44:16.000000,2026-08-27T05:17:09.287600+00:00,D:/D drive recovery/Shiva JH/Projects/OneLake Medallion/data/landing/2018-05-25/order_reviews.parquet,2018-05-25
e7d97d1db79c363bc73e96e2794c1ba5,523f24867a34e6e564dda4898935e05e,1,Mm,Não sei pq a venda foi dividida em duas partes. Não gostei. A parte que coube às L Ameicanas não foi cumprida. ,2018-06-19 00:00:00,2018-06-21 00:48:56,2018-06-06,2018-06-21 00:48:56.000000,2026-08-27T05:17:09.287600+00:00,D:/D drive recovery/Shiva JH/Projects/OneLake Medallion/data/landing/2018-06-06/order_reviews.parquet,2018-06-06
202beb116c623e7006740695e0d86694,52dad0f7bc913b9f6bee5df584adeffb,1,Quantidade errada,"Dia 06/06/2018 efetuei a compra de 2 capas cases e 1 HD externo.
Dia 12/06/2018 recebi apenas 1 capa case e na NF que acompanhou a capa case consta a informação que foi enviado somente 1 produto.
",2018-06-13 00:00:00,2018-06-20 14:24:52,2018-06-06,2018-06-20 14:24:52.000000,2026-08-27T05:17:09.287600+00:00,D:/D drive recovery/Shiva JH/Projects/OneLake Medallion/data/landing/2018-06-06/order_reviews.parquet,2018-06-06
287dfe6b1203db72b6fb9efc5c0c27da,2806d068f5d3e46b89e663cb5e53236d,5,,,2018-07-02 00:00:00,2018-07-02 21:38:33,2018-06-18,2018-07-02 21:38:33.000000,2026-08-27T05:17:09.287600+00:00,D:/D drive recovery/Shiva JH/Projects/OneLake Medallion/data/landing/2018-06-18/order_reviews.parquet,2018-06-18
2cb480dbf54d60ab6d4750014d4d9b89,c926bd8d23b10840238793adf349b2e5,5,,,2018-06-26 00:00:00,2018-06-26 19:59:27,2018-06-18,2018-06-26 19:59:27.000000,2026-08-27T05:17:09.287600+00:00,D:/D drive recovery/Shiva JH/Projects/OneLake Medallion/data/landing/2018-06-18/order_reviews.parquet,2018-06-18
43fb2ee05e0a809b5179c341f5799fb1,87ca9106c9cd25cfd5d85ee98d29d0fc,5,,,2018-06-27 00:00:00,2018-06-28 23:37:04,2018-06-18,2018-06-28 23:37:04.000000,2026-08-27T05:17:09.287600+00:00,D:/D drive recovery/Shiva JH/Projects/OneLake Medallion/data/landing/2018-06-18/order_reviews.parquet,2018-06-18
660550db6d676669f3f7df10d81492cd,ceefe38963a74828ec008a3985a2c517,5,,,2018-06-21 00:00:00,2018-06-23 20:09:43,2018-06-18,2018-06-23 20:09:43.000000,2026-08-27T05:17:09.287600+00:00,D:/D drive recovery/Shiva JH/Projects/OneLake Medallion/data/landing/2018-06-18/order_reviews.parquet,2018-06-18
0c46f68a8484d4bd455dafebc61c21c6,559d0bdf2fe83764fb89edea1516599a,5,Excelente produto,,2018-06-24 00:00:00,2018-06-24 19:39:33,2018-06-18,2018-06-24 19:39:33.000000,2026-08-27T05:17:09.287600+00:00,D:/D drive recovery/Shiva JH/Projects/OneLake Medallion/data/landing/2018-06-18/order_reviews.parquet,2018-06-18
5013e56af71931e3a300cd67a489549f,07f970754e737efe221e6349eeb5a8e7,5,Muito bom!,Entrega rápida...produto como descrito no anúncio!,2018-07-05 00:00:00,2018-07-07 10:39:21,2018-06-18,2018-07-07 10:39:21.000000,2026-08-27T05:17:09.287600+00:00,D:/D drive recovery/Shiva JH/Projects/OneLake Medallion/data/landing/2018-06-18/order_reviews.parquet,2018-06-18
2e6af63e4a031e99cb2a8dc92b89daf8,0a2de338241b69893fc167f8d0970349,5,,,2018-06-27 00:00:00,2018-06-28 00:42:45,2018-06-18,2018-06-28 00:42:45.000000,2026-08-27T05:17:09.287600+00:00,D:/D drive recovery/Shiva JH/Projects/OneLake Medallion/data/landing/2018-06-18/order_reviews.parquet,2018-06-18
c2645becc5267b063f4979cd57eddbff,1bfb2199760a3d5c410cf4fab44e868c,5,,,2018-07-12 00:00:00,2018-07-15 15:08:29,2018-06-30,2018-07-15 15:08:29.000000,2026-08-27T05:17:09.287600+00:00,D:/D drive recovery/Shiva JH/Projects/OneLake Medallion/data/landing/2018-06-30/order_reviews.parquet,2018-06-30
959d30b6d6f553b7bd64261515ac3098,2ef3c9464dba683f9e1375f7b3416465,5,,,2018-07-05 00:00:00,2018-07-05 15:59:06,2018-06-30,2018-07-05 15:59:06.000000,2026-08-27T05:17:09.287600+00:00,D:/D drive recovery/Shiva JH/Projects/OneLake Medallion/data/landing/2018-06-30/order_reviews.parquet,2018-06-30
