order_id,customer_id,order_status,order_purchase_timestamp,order_approved_at,order_delivered_carrier_date,order_delivered_customer_date,order_estimated_delivery_date,order_date,updated_at,_ingested_at,_source_file,_batch_id
274f33c3b4d5612a37e3a223a2d9bc5a,7bf63211707f2c328795bf65a0a7b7eb,delivered,2018-07-17 20:27:32,2018-07-17 20:41:41,2018-07-19 13:21:00,2018-07-24 20:14:47,2018-08-06 00:00:00,2018-07-17,2018-08-06 00:00:00.000000,2026-08-27T05:21:10.303320+00:00,D:/D drive recovery/Shiva JH/Projects/OneLake Medallion/data/landing/2018-07-17/orders.parquet,2018-07-17
96cf7ecd8c676d61be261ffdda90b008,4db8e7231d058620315de1fea6ad9ae8,delivered,2018-07-17 16:22:32,2018-07-18 02:41:51,2018-07-18 13:47:00,2018-07-20 16:38:41,2018-07-25 00:00:00,2018-07-17,2018-07-25 00:00:00.000000,2026-08-27T05:21:10.303320+00:00,D:/D drive recovery/Shiva JH/Projects/OneLake Medallion/data/landing/2018-07-17/orders.parquet,2018-07-17
2dc5825eb69b865a9c9b8fbfa69c340d,9a0f9aa98b8176aa96732ecc86f540ea,delivered,2018-07-17 13:19:56,2018-07-17 13:30:15,2018-07-23 07:16:00,2018-07-26 15:17:28,2018-08-03 00:00:00,2018-07-17,2018-08-03 00:00:00.000000,2026-08-27T05:21:10.303320+00:00,D:/D drive recovery/Shiva JH/Projects/OneLake Medallion/data/landing/2018-07-17/orders.parquet,2018-07-17
5b514a1a40e8cd51a1f35c2df28da032,7f3bcd2349e4a230e5e55ce40a0a9027,delivered,2018-07-17 20:57:14,2018-07-17 21:05:17,2018-07-27 11:54:00,2018-08-04 17:50:39,2018-08-03 00:00:00,2018-07-17,2018-08-04 17:50:39.000000,2026-08-27T05:21:10.303320+00:00,D:/D drive recovery/Shiva JH/Projects/OneLake Medallion/data/landing/2018-07-17/orders.parquet,2018-07-17
4faebdf74e934f7b66d8da301d77d774,2692be767927fbcf8145f370004a9d7a,delivered,2018-07-17 14:53:56,2018-07-17 15:05:11,2018-07-21 09:04:00,2018-07-30 11:36:38,2018-08-07 00:00:00,2018-07-17,2018-08-07 00:00:00.000000,2026-08-27T05:21:10.303320+00:00,D:/D drive recovery/Shiva JH/Projects/OneLake Medallion/data/landing/2018-07-17/orders.parquet,2018-07-17
87850ccd83d669cf004ea32dd917d6c4,c82d7cb984499a33646e2378f2624f9c,delivered,2018-07-19 20:54:46,2018-07-21 03:05:11,2018-07-24 15:04:00,2018-07-30 14:12:00,2018-08-20 00:00:00,2018-07-19,2018-08-20 00:00:00.000000,2026-08-27T05:21:26.143436+00:00,D:/D drive recovery/Shiva JH/Projects/OneLake Medallion/data/landing/2018-07-19/orders.parquet,2018-07-19
de6ecf700b95b7b8f6d4dbea03fd56dc,98b5b8ac8f4775c874fae11ad151713d,delivered,2018-07-19 11:50:46,2018-07-19 12:03:05,2018-07-20 06:10:00,2018-07-26 18:59:27,2018-08-06 00:00:00,2018-07-19,2018-08-06 00:00:00.000000,2026-08-27T05:21:26.143436+00:00,D:/D drive recovery/Shiva JH/Projects/OneLake Medallion/data/landing/2018-07-19/orders.parquet,2018-07-19
a415ad4db7ac7a8d3f67fa7aeb0d569e,66fab3d0d2b0b2fd1e362ef8d9084fc3,delivered,2018-07-19 10:39:04,2018-07-19 11:05:11,2018-07-20 14:00:00,2018-07-23 16:10:34,2018-08-06 00:00:00,2018-07-19,2018-08-06 00:00:00.000000,2026-08-27T05:21:26.143436+00:00,D:/D drive recovery/Shiva JH/Projects/OneLake Medallion/data/landing/2018-07-19/orders.parquet,2018-07-19
c5625e0deb904fd1ae3c6c4a3a4a55d5,264bb2e28d33a8ab98b8c8e1907d7754,delivered,2018-07-26 14:11:55,2018-07-27 02:05:11,2018-07-30 13:20:00,2018-07-31 17:18:42,2018-08-13 00:00:00,2018-07-26,2018-08-13 00:00:00.000000,2026-08-27T05:22:35.058837+00:00,D:/D drive recovery/Shiva JH/Projects/OneLake Medallion/data/landing/2018-07-26/orders.parquet,2018-07-26
34fa7b125777f2296cee0450560eeeac,ae465bbe84317da88ae36da295a03275,delivered,2018-07-26 19:09:13,2018-07-26 19:44:06,2018-07-27 15:58:00,2018-08-01 23:33:48,2018-08-23 00:00:00,2018-07-26,2018-08-23 00:00:00.000000,2026-08-27T05:22:35.058837+00:00,D:/D drive recovery/Shiva JH/Projects/OneLake Medallion/data/landing/2018-07-26/orders.parquet,2018-07-26
7c372cacf9e2626dd13cc5277d73c6e3,8e998a42d60ef12f9d2eef2a3aa5366e,delivered,2018-07-26 17:26:38,2018-07-28 02:35:17,2018-07-30 10:11:00,2018-08-03 00:05:12,2018-08-10 00:00:00,2018-07-26,2018-08-10 00:00:00.000000,2026-08-27T05:22:35.058837+00:00,D:/D drive recovery/Shiva JH/Projects/OneLake Medallion/data/landing/2018-07-26/orders.parquet,2018-07-26
a49146f414b54879adb68c422428a68e,c236e9487a62bda00236a339f9b9bb6d,delivered,2018-07-26 10:50:55,2018-07-26 11:04:35,2018-08-02 20:20:00,2018-08-07 18:41:00,2018-08-16 00:00:00,2018-07-26,2018-08-16 00:00:00.000000,2026-08-27T05:22:35.058837+00:00,D:/D drive recovery/Shiva JH/Projects/OneLake Medallion/data/landing/2018-07-26/orders.parquet,2018-07-26
e42b66326781591510efdca88022604d,03a2a04722a38803d8c29c7339998d54,delivered,2018-07-26 22:20:02,2018-07-26 22:30:18,2018-07-27 13:50:00,2018-07-28 11:20:22,2018-08-07 00:00:00,2018-07-26,2018-08-07 00:00:00.000000,2026-08-27T05:22:35.058837+00:00,D:/D drive recovery/Shiva JH/Projects/OneLake Medallion/data/landing/2018-07-26/orders.parquet,2018-07-26
60a7df16f9a8d8f38bd974b8a873167d,9a02295e3381803554347ab4dc1ab41b,delivered,2018-07-26 01:27:57,2018-07-26 01:35:10,2018-07-26 15:16:00,2018-07-30 21:32:51,2018-08-16 00:00:00,2018-07-26,2018-08-16 00:00:00.000000,2026-08-27T05:22:35.058837+00:00,D:/D drive recovery/Shiva JH/Projects/OneLake Medallion/data/landing/2018-07-26/orders.parquet,2018-07-26
c5a136c7cf492a759889d92627006f25,6d03352eec00b16dd668224560ff054e,delivered,2018-07-26 17:24:32,2018-07-26 18:31:11,2018-07-30 11:10:00,2018-07-31 18:51:57,2018-08-07 00:00:00,2018-07-26,2018-08-07 00:00:00.000000,2026-08-27T05:22:35.058837+00:00,D:/D drive recovery/Shiva JH/Projects/OneLake Medallion/data/landing/2018-07-26/orders.parquet,2018-07-26
30d7af26cb5f8577b5c6a0164dc814c5,e924482b6903522795771e672721f5d2,canceled,2018-07-26 12:45:33,2018-07-26 12:55:25,,,2018-08-07 00:00:00,2018-07-26,2018-08-07 00:00:00.000000,2026-08-27T05:22:35.058837+00:00,D:/D drive recovery/Shiva JH/Projects/OneLake Medallion/data/landing/2018-07-26/orders.parquet,2018-07-26
e9f0f8f24251a03416e4e76735969db1,b5bbdc1fe9b6195c8521bb0e38fc7f22,delivered,2018-07-26 22:42:32,2018-07-26 22:55:06,2018-07-27 14:34:00,2018-07-30 19:22:01,2018-08-20 00:00:00,2018-07-26,2018-08-20 00:00:00.000000,2026-08-27T05:22:35.058837+00:00,D:/D drive recovery/Shiva JH/Projects/OneLake Medallion/data/landing/2018-07-26/orders.parquet,2018-07-26
936791179c34e3075442addfba1a3089,3f4a88c82ee2a505b0a4b41cbe0a438c,delivered,2018-07-26 03:55:07,2018-07-27 04:05:17,2018-07-27 14:32:00,2018-07-28 14:27:42,2018-08-03 00:00:00,2018-07-26,2018-08-03 00:00:00.000000,2026-08-27T05:22:35.058837+00:00,D:/D drive recovery/Shiva JH/Projects/OneLake Medallion/data/landing/2018-07-26/orders.parquet,2018-07-26
7a8f4f62037bb98afd289fc2ee3da497,c486f733c3f7336536bd060b9937064a,delivered,2018-07-14 14:05:43,2018-07-14 14:24:00,2018-07-17 10:42:00,2018-07-23 18:36:28,2018-08-13 00:00:00,2018-07-14,2018-08-13 00:00:00.000000,2026-08-27T05:20:45.236672+00:00,D:/D drive recovery/Shiva JH/Projects/OneLake Medallion/data/landing/2018-07-14/orders.parquet,2018-07-14
c5e30f4818a17e20a66b7277cd2eda07,4607b5869fcea2fc6ffa85f57322cf8c,delivered,2018-07-14 21:56:15,2018-07-14 22:05:11,2018-07-16 12:55:00,2018-07-24 04:48:39,2018-08-15 00:00:00,2018-07-14,2018-08-15 00:00:00.000000,2026-08-27T05:20:45.236672+00:00,D:/D drive recovery/Shiva JH/Projects/OneLake Medallion/data/landing/2018-07-14/orders.parquet,2018-07-14
13fe5b8b3ad46c558f0c53939589776b,a685e039c2149f0278def380b654b0b8,delivered,2018-07-14 17:43:48,2018-07-14 18:04:21,2018-07-24 14:13:00,2018-08-01 18:52:14,2018-09-12 00:00:00,2018-07-14,2018-09-12 00:00:00.000000,2026-08-27T05:20:45.236672+00:00,D:/D drive recovery/Shiva JH/Projects/OneLake Medallion/data/landing/2018-07-14/orders.parquet,2018-07-14
6042c0c3800159373b3343dd442c86bd,3d86c7409e155bf2b6490a0a3384a48c,delivered,2018-07-14 00:35:22,2018-07-14 00:50:18,2018-07-16 13:53:00,2018-07-25 17:32:01,2018-08-03 00:00:00,2018-07-14,2018-08-03 00:00:00.000000,2026-08-27T05:20:45.236672+00:00,D:/D drive recovery/Shiva JH/Projects/OneLake Medallion/data/landing/2018-07-14/orders.parquet,2018-07-14
425dece5c02ae29542005b6c0a9c3b63,f17604f3f89e57c7ed3df37759b9c8ff,delivered,2018-07-14 13:55:38,2018-07-14 14:05:12,2018-07-17 13:15:00,2018-07-20 16:32:10,2018-08-02 00:00:00,2018-07-14,2018-08-02 00:00:00.000000,2026-08-27T05:20:45.236672+00:00,D:/D drive recovery/Shiva JH/Projects/OneLake Medallion/data/landing/2018-07-14/orders.parquet,2018-07-14
c4416b46a61a027f858fdc3746644312,db07ec47837ea47b679c7d7bc49a2a67,delivered,2018-07-14 14:13:27,2018-07-14 14:25:15,2018-07-17 14:12:00,2018-07-26 02:06:24,2018-08-08 00:00:00,2018-07-14,2018-08-08 00:00:00.000000,2026-08-27T05:20:45.236672+00:00,D:/D drive recovery/Shiva JH/Projects/OneLake Medallion/data/landing/2018-07-14/orders.parquet,2018-07-14
628111ec0fcace16f3112336b1138aef,0a47c5efd6d0836c1b1532cb4b78cda7,delivered,2018-07-14 21:35:38,2018-07-14 21:50:13,2018-08-02 05:27:00,2018-08-08 17:46:31,2018-08-02 00:00:00,2018-07-14,2018-08-08 17:46:31.000000,2026-08-27T05:20:45.236672+00:00,D:/D drive recovery/Shiva JH/Projects/OneLake Medallion/data/landing/2018-07-14/orders.parquet,2018-07-14
61c77cbdc7ac0a0ded411b067c32baf8,bb3783f8d63379a9cd2f36383174701b,delivered,2018-07-14 17:40:59,2018-07-14 18:04:15,2018-07-17 15:16:00,2018-07-24 17:35:32,2018-08-03 00:00:00,2018-07-14,2018-08-03 00:00:00.000000,2026-08-27T05:20:45.236672+00:00,D:/D drive recovery/Shiva JH/Projects/OneLake Medallion/data/landing/2018-07-14/orders.parquet,2018-07-14
2b2354a7ca69d0b7f006aeab04524c12,ae9126e7f4fd1d156c489b3ee26c3324,delivered,2018-07-08 09:51:11,2018-07-08 10:05:26,2018-07-10 15:10:00,2018-07-23 19:48:00,2018-08-13 00:00:00,2018-07-08,2018-08-13 00:00:00.000000,2026-08-27T05:19:49.478351+00:00,D:/D drive recovery/Shiva JH/Projects/OneLake Medallion/data/landing/2018-07-08/orders.parquet,2018-07-08
99d63f07f1159c807e4175e692a8a815,6e660ca85210c89e215463852d16f236,delivered,2018-07-08 10:36:42,2018-07-10 08:35:24,2018-07-13 12:25:00,2018-07-23 14:19:10,2018-08-02 00:00:00,2018-07-08,2018-08-02 00:00:00.000000,2026-08-27T05:19:49.478351+00:00,D:/D drive recovery/Shiva JH/Projects/OneLake Medallion/data/landing/2018-07-08/orders.parquet,2018-07-08
37c647851a4d30342bc4dd9ec8c95861,e8a26c14acdc374e3333cb0877a04558,delivered,2018-07-01 00:49:58,2018-07-02 00:49:57,2018-07-03 15:50:00,2018-07-11 21:56:35,2018-08-06 00:00:00,2018-07-01,2018-08-06 00:00:00.000000,2026-08-27T05:18:50.393518+00:00,D:/D drive recovery/Shiva JH/Projects/OneLake Medallion/data/landing/2018-07-01/orders.parquet,2018-07-01
b7fa03eeccba341d5ab0dc86bfb1b08c,38a501b835a42c582bb16868630cba84,unavailable,2018-07-28 18:42:13,2018-08-02 23:30:29,,,2018-08-03 00:00:00,2018-07-28,2018-08-03 00:00:00.000000,2026-08-27T05:22:53.299498+00:00,D:/D drive recovery/Shiva JH/Projects/OneLake Medallion/data/landing/2018-07-28/orders.parquet,2018-07-28
98546163385352e1876cead1613db3d1,9f894db50c8048a9a6a7b242f449a4a2,delivered,2018-07-28 19:31:34,2018-07-28 19:45:15,2018-07-31 15:50:00,2018-08-03 18:30:50,2018-08-16 00:00:00,2018-07-28,2018-08-16 00:00:00.000000,2026-08-27T05:22:53.299498+00:00,D:/D drive recovery/Shiva JH/Projects/OneLake Medallion/data/landing/2018-07-28/orders.parquet,2018-07-28
ebd7da4bdaffcf5891595b0f78707bba,bb1ce320b57af82c3533ba0d75739f7c,delivered,2018-07-28 14:44:00,2018-07-28 14:55:17,2018-07-30 12:27:00,2018-08-08 23:31:48,2018-08-22 00:00:00,2018-07-28,2018-08-22 00:00:00.000000,2026-08-27T05:22:53.299498+00:00,D:/D drive recovery/Shiva JH/Projects/OneLake Medallion/data/landing/2018-07-28/orders.parquet,2018-07-28
a6288025a106ed8a4db8010e42d44577,5585bc3f707bf7755cc669076c92b15d,delivered,2018-07-28 18:54:26,2018-07-29 18:45:19,2018-08-09 10:16:00,2018-08-16 23:18:35,2018-08-27 00:00:00,2018-07-28,2018-08-27 00:00:00.000000,2026-08-27T05:22:53.299498+00:00,D:/D drive recovery/Shiva JH/Projects/OneLake Medallion/data/landing/2018-07-28/orders.parquet,2018-07-28
77e9d2f71c740441b1fce48743b8e358,a2310d62bc1f94364d79dd78841ea25b,delivered,2018-07-11 14:19:04,2018-07-11 14:30:24,2018-07-16 15:12:00,2018-07-30 18:39:42,2018-08-01 00:00:00,2018-07-11,2018-08-01 00:00:00.000000,2026-08-27T05:20:19.296566+00:00,D:/D drive recovery/Shiva JH/Projects/OneLake Medallion/data/landing/2018-07-11/orders.parquet,2018-07-11
442a41b00a8a8bda35511fdf1eb65cc5,e42e2e8642f9c09100b6667e321c2811,invoiced,2018-07-11 22:27:32,2018-07-11 22:45:43,,,2018-07-20 00:00:00,2018-07-11,2018-07-20 00:00:00.000000,2026-08-27T05:20:19.296566+00:00,D:/D drive recovery/Shiva JH/Projects/OneLake Medallion/data/landing/2018-07-11/orders.parquet,2018-07-11
0bb6d291f1488ae4922e89c2f6105f33,ace44b787aaa9e76275ef9e5c226f5d2,delivered,2018-07-11 10:49:57,2018-07-11 11:08:23,2018-07-11 14:01:00,2018-07-14 00:37:25,2018-07-31 00:00:00,2018-07-11,2018-07-31 00:00:00.000000,2026-08-27T05:20:19.296566+00:00,D:/D drive recovery/Shiva JH/Projects/OneLake Medallion/data/landing/2018-07-11/orders.parquet,2018-07-11
d10503eeef371049c26e11de7d6552dc,5429c758eacf141b7a8a16e40979c9f3,delivered,2018-07-11 16:05:35,2018-07-11 16:15:17,2018-07-12 13:58:00,2018-07-13 16:03:14,2018-07-20 00:00:00,2018-07-11,2018-07-20 00:00:00.000000,2026-08-27T05:20:19.296566+00:00,D:/D drive recovery/Shiva JH/Projects/OneLake Medallion/data/landing/2018-07-11/orders.parquet,2018-07-11
09a5c8d751662bfb96c5a3307619cb36,1ef2ac142610b528b3b67d6f21725fa0,delivered,2018-07-30 15:38:45,2018-08-02 13:43:20,2018-08-02 13:23:00,2018-08-03 14:03:49,2018-08-13 00:00:00,2018-07-30,2018-08-13 00:00:00.000000,2026-08-27T05:23:14.286155+00:00,D:/D drive recovery/Shiva JH/Projects/OneLake Medallion/data/landing/2018-07-30/orders.parquet,2018-07-30
e48c42a05954c6542e0631596bfb6fe2,92349255be2950b2ecb56142b551070c,delivered,2018-07-30 13:31:08,2018-07-30 19:32:13,2018-08-09 14:59:00,2018-08-15 23:52:51,2018-08-10 00:00:00,2018-07-30,2018-08-15 23:52:51.000000,2026-08-27T05:23:14.286155+00:00,D:/D drive recovery/Shiva JH/Projects/OneLake Medallion/data/landing/2018-07-30/orders.parquet,2018-07-30
85897c1837af1ba410fee4573c3f16de,a30761dd5c59782f811c2b413af317dd,delivered,2018-07-30 20:15:34,2018-07-30 21:31:44,2018-07-31 11:28:00,2018-08-06 16:02:44,2018-09-06 00:00:00,2018-07-30,2018-09-06 00:00:00.000000,2026-08-27T05:23:14.286155+00:00,D:/D drive recovery/Shiva JH/Projects/OneLake Medallion/data/landing/2018-07-30/orders.parquet,2018-07-30
97445d49acef660b9217b07d0fc1ce3a,86dc0008c3bf5f3509d99992746a98ee,delivered,2018-07-30 18:56:07,2018-07-30 20:20:24,2018-07-31 16:08:00,2018-08-07 16:36:55,2018-08-27 00:00:00,2018-07-30,2018-08-27 00:00:00.000000,2026-08-27T05:23:14.286155+00:00,D:/D drive recovery/Shiva JH/Projects/OneLake Medallion/data/landing/2018-07-30/orders.parquet,2018-07-30
a7dc01ae91acf2567d1367a25ce303e5,c95a0627341232e6147a84f69c5ebc5f,delivered,2018-07-29 20:00:34,2018-07-30 18:31:01,2018-07-31 15:12:00,2018-08-05 13:08:39,2018-08-10 00:00:00,2018-07-29,2018-08-10 00:00:00.000000,2026-08-27T05:23:04.653227+00:00,D:/D drive recovery/Shiva JH/Projects/OneLake Medallion/data/landing/2018-07-29/orders.parquet,2018-07-29
614c7adfc74985b5d111c1e38f0ad0cd,01a51dab2737347e9b62bd2616a16d22,delivered,2018-07-29 12:03:31,2018-07-29 12:40:05,2018-08-01 12:46:00,2018-08-07 21:56:29,2018-08-21 00:00:00,2018-07-29,2018-08-21 00:00:00.000000,2026-08-27T05:23:04.653227+00:00,D:/D drive recovery/Shiva JH/Projects/OneLake Medallion/data/landing/2018-07-29/orders.parquet,2018-07-29
b41055f900d670bae8cfbf3a8df79d8c,6e63adb48a6871ebb6a58539ed62a3d8,delivered,2018-07-29 15:57:45,2018-07-29 16:10:15,2018-07-31 11:33:00,2018-08-01 23:32:47,2018-08-08 00:00:00,2018-07-29,2018-08-08 00:00:00.000000,2026-08-27T05:23:04.653227+00:00,D:/D drive recovery/Shiva JH/Projects/OneLake Medallion/data/landing/2018-07-29/orders.parquet,2018-07-29
d66c390445566a6735c7a703c75e4e68,2a4d4ee2aa215919b261827389e59ddf,delivered,2018-07-29 14:21:48,2018-07-31 03:55:12,2018-07-31 15:20:00,2018-08-01 19:36:53,2018-08-06 00:00:00,2018-07-29,2018-08-06 00:00:00.000000,2026-08-27T05:23:04.653227+00:00,D:/D drive recovery/Shiva JH/Projects/OneLake Medallion/data/landing/2018-07-29/orders.parquet,2018-07-29
4ed4fa202c468c14366fbf603c8698fd,8e9100df87f0102df82026f2400af7ed,canceled,2018-07-29 00:04:04,2018-07-29 00:40:05,,,2018-08-22 00:00:00,2018-07-29,2018-08-22 00:00:00.000000,2026-08-27T05:23:04.653227+00:00,D:/D drive recovery/Shiva JH/Projects/OneLake Medallion/data/landing/2018-07-29/orders.parquet,2018-07-29
fd7ad9fe2a5c9cf444bd25691f4900d9,12d0b44639bd33370315a182ab78a18e,delivered,2018-07-29 11:05:31,2018-07-29 11:15:17,2018-08-03 13:51:00,2018-08-20 13:22:31,2018-08-16 00:00:00,2018-07-29,2018-08-20 13:22:31.000000,2026-08-27T05:23:04.653227+00:00,D:/D drive recovery/Shiva JH/Projects/OneLake Medallion/data/landing/2018-07-29/orders.parquet,2018-07-29
d1ab8de1e279bd8a55e4135f83d5c599,665a313366dfc254e4cacfafd78b1fc1,delivered,2018-07-29 20:26:54,2018-07-29 20:44:37,2018-07-30 14:59:00,2018-08-01 20:48:59,2018-08-10 00:00:00,2018-07-29,2018-08-10 00:00:00.000000,2026-08-27T05:23:04.653227+00:00,D:/D drive recovery/Shiva JH/Projects/OneLake Medallion/data/landing/2018-07-29/orders.parquet,2018-07-29
bb953a084ab406da9e19dfdc06df0245,152b39d7f829538d9a25281cc20b0af6,delivered,2018-07-29 13:54:51,2018-07-29 14:24:20,2018-07-30 15:24:00,2018-08-13 19:08:37,2018-09-03 00:00:00,2018-07-29,2018-09-03 00:00:00.000000,2026-08-27T05:23:04.653227+00:00,D:/D drive recovery/Shiva JH/Projects/OneLake Medallion/data/landing/2018-07-29/orders.parquet,2018-07-29
d8bfdbbe1b81198977776595047a0d98,2b2d359a435f18e958b8a5671b9acb4d,delivered,2018-07-20 13:30:37,2018-07-20 14:05:13,2018-07-23 12:39:00,2018-07-30 17:36:36,2018-08-13 00:00:00,2018-07-20,2018-08-13 00:00:00.000000,2026-08-27T05:21:34.651514+00:00,D:/D drive recovery/Shiva JH/Projects/OneLake Medallion/data/landing/2018-07-20/orders.parquet,2018-07-20
17d0317e0d3f083fa6f59927059e98b3,acbb229e2d5d6029df9171da81524406,delivered,2018-07-20 23:41:46,2018-07-20 23:55:11,2018-07-23 13:54:00,2018-07-25 20:18:35,2018-08-06 00:00:00,2018-07-20,2018-08-06 00:00:00.000000,2026-08-27T05:21:34.651514+00:00,D:/D drive recovery/Shiva JH/Projects/OneLake Medallion/data/landing/2018-07-20/orders.parquet,2018-07-20
69aca49c98f05af05bec6fa1f87a3059,a125a54036b56ceb4c73638eda0f18aa,delivered,2018-07-20 13:19:19,2018-07-20 13:30:13,2018-07-20 12:01:00,2018-07-25 17:03:35,2018-08-14 00:00:00,2018-07-20,2018-08-14 00:00:00.000000,2026-08-27T05:21:34.651514+00:00,D:/D drive recovery/Shiva JH/Projects/OneLake Medallion/data/landing/2018-07-20/orders.parquet,2018-07-20
934838488a3fc133b3cb9b1f716c5937,e7714a0cb7c1791ef6aecc21c8cff9c1,delivered,2018-07-20 00:41:44,2018-07-20 00:55:21,2018-07-20 13:50:00,2018-07-27 13:03:56,2018-08-10 00:00:00,2018-07-20,2018-08-10 00:00:00.000000,2026-08-27T05:21:34.651514+00:00,D:/D drive recovery/Shiva JH/Projects/OneLake Medallion/data/landing/2018-07-20/orders.parquet,2018-07-20
5c4c16f0db1537d3ef9e718f12dde7c4,f672ce127aaeccb53370920d3fbc7fef,delivered,2018-07-20 10:05:18,2018-07-20 11:05:19,2018-07-20 13:22:00,2018-07-26 00:18:27,2018-08-09 00:00:00,2018-07-20,2018-08-09 00:00:00.000000,2026-08-27T05:21:34.651514+00:00,D:/D drive recovery/Shiva JH/Projects/OneLake Medallion/data/landing/2018-07-20/orders.parquet,2018-07-20
c89b4f89b285537cd75b46ad90c49a50,93ee2b575a917c96aaa790b6ba7ca879,delivered,2018-07-20 15:13:09,2018-07-20 15:25:21,2018-07-30 11:56:00,2018-08-02 18:40:40,2018-08-17 00:00:00,2018-07-20,2018-08-17 00:00:00.000000,2026-08-27T05:21:34.651514+00:00,D:/D drive recovery/Shiva JH/Projects/OneLake Medallion/data/landing/2018-07-20/orders.parquet,2018-07-20
0039500db36d50d7d0bfaf23723550f3,90bd9911aed064dfc625750fbd83ebca,delivered,2018-07-06 10:37:32,2018-07-06 10:51:09,2018-07-07 09:15:00,2018-07-21 00:08:29,2018-08-03 00:00:00,2018-07-06,2018-08-03 00:00:00.000000,2026-08-27T05:19:33.228042+00:00,D:/D drive recovery/Shiva JH/Projects/OneLake Medallion/data/landing/2018-07-06/orders.parquet,2018-07-06
ac1b68b95d77ee9e9c3829ed43f2ccbb,afe9d1eb2f0425d550f70c13702bcd85,delivered,2018-07-06 23:39:43,2018-07-07 09:55:12,2018-07-09 12:57:00,2018-07-13 04:48:38,2018-07-25 00:00:00,2018-07-06,2018-07-25 00:00:00.000000,2026-08-27T05:19:33.228042+00:00,D:/D drive recovery/Shiva JH/Projects/OneLake Medallion/data/landing/2018-07-06/orders.parquet,2018-07-06
35c7d117e60b7447a3ee63f69addcd2c,a63832a8b162089904b6c6470e9e6434,delivered,2018-07-06 16:38:58,2018-07-06 16:51:18,2018-07-11 11:25:00,2018-07-27 22:04:45,2018-08-13 00:00:00,2018-07-06,2018-08-13 00:00:00.000000,2026-08-27T05:19:33.228042+00:00,D:/D drive recovery/Shiva JH/Projects/OneLake Medallion/data/landing/2018-07-06/orders.parquet,2018-07-06
ed3b269b4badaf0126050c9d4f7b854c,8df348aaafe2a0df5f1ad620b64095f9,delivered,2018-07-12 22:14:06,2018-07-12 22:25:13,2018-07-18 07:50:00,2018-07-23 17:48:39,2018-07-27 00:00:00,2018-07-12,2018-07-27 00:00:00.000000,2026-08-27T05:20:27.664843+00:00,D:/D drive recovery/Shiva JH/Projects/OneLake Medallion/data/landing/2018-07-12/orders.parquet,2018-07-12
ad6137b47c7f7c1c621f4de13c3d5bc9,a49a8d627171eeff10dc5601f2109971,delivered,2018-07-12 22:59:12,2018-07-13 22:55:17,2018-07-17 14:09:00,2018-07-20 19:03:04,2018-07-31 00:00:00,2018-07-12,2018-07-31 00:00:00.000000,2026-08-27T05:20:27.664843+00:00,D:/D drive recovery/Shiva JH/Projects/OneLake Medallion/data/landing/2018-07-12/orders.parquet,2018-07-12
edc438144eedf58c321995efd0225e19,8c69a3d3c7c8b218cc0b98fed5304d07,delivered,2018-07-12 18:00:04,2018-07-13 03:04:52,2018-07-13 15:56:00,2018-07-25 21:05:03,2018-07-31 00:00:00,2018-07-12,2018-07-31 00:00:00.000000,2026-08-27T05:20:27.664843+00:00,D:/D drive recovery/Shiva JH/Projects/OneLake Medallion/data/landing/2018-07-12/orders.parquet,2018-07-12
4e9cb71601575577f2208d3aedf933cc,41c7fdc3e0906b20e2da08c152c397f6,delivered,2018-07-10 20:36:54,2018-07-10 20:50:18,2018-07-18 13:01:00,2018-07-26 21:44:59,2018-08-17 00:00:00,2018-07-10,2018-08-17 00:00:00.000000,2026-08-27T05:20:10.324599+00:00,D:/D drive recovery/Shiva JH/Projects/OneLake Medallion/data/landing/2018-07-10/orders.parquet,2018-07-10
9d9fcb45ee8881b84ca11e65a913941a,61c25529de8b4b286ad86c5b89ef1f71,delivered,2018-07-10 00:21:12,2018-07-11 03:10:10,2018-07-11 14:34:00,2018-07-16 13:26:36,2018-07-30 00:00:00,2018-07-10,2018-07-30 00:00:00.000000,2026-08-27T05:20:10.324599+00:00,D:/D drive recovery/Shiva JH/Projects/OneLake Medallion/data/landing/2018-07-10/orders.parquet,2018-07-10
4a1c879db7056f078a037fdf72b6d0fc,d34411df392e5437e4582b81f9ecb90d,unavailable,2018-07-10 19:11:10,2018-07-12 03:26:18,,,2018-07-26 00:00:00,2018-07-10,2018-07-26 00:00:00.000000,2026-08-27T05:20:10.324599+00:00,D:/D drive recovery/Shiva JH/Projects/OneLake Medallion/data/landing/2018-07-10/orders.parquet,2018-07-10
cedea2bde15dac9808c6cd430cbf03f4,63e084b9953458d4d14bb6c256f831cb,delivered,2018-07-10 20:26:08,2018-07-10 20:45:37,2018-07-12 12:13:00,2018-07-23 11:10:42,2018-08-01 00:00:00,2018-07-10,2018-08-01 00:00:00.000000,2026-08-27T05:20:10.324599+00:00,D:/D drive recovery/Shiva JH/Projects/OneLake Medallion/data/landing/2018-07-10/orders.parquet,2018-07-10
44fdca9e41cfd8248c3ac1e369447eff,21e121469a31f5b4e2eb5b6574359c4c,delivered,2018-07-02 14:20:11,2018-07-02 14:30:40,2018-07-03 14:54:00,2018-07-06 18:48:35,2018-07-20 00:00:00,2018-07-02,2018-07-20 00:00:00.000000,2026-08-27T05:18:59.817328+00:00,D:/D drive recovery/Shiva JH/Projects/OneLake Medallion/data/landing/2018-07-02/orders.parquet,2018-07-02
965894a29e84a767db7030a6829aa075,09dfcfc2eb69eecaedfdb6855ca8301c,delivered,2018-07-02 19:51:20,2018-07-02 20:10:07,2018-07-03 12:16:00,2018-07-12 14:24:39,2018-08-06 00:00:00,2018-07-02,2018-08-06 00:00:00.000000,2026-08-27T05:18:59.817328+00:00,D:/D drive recovery/Shiva JH/Projects/OneLake Medallion/data/landing/2018-07-02/orders.parquet,2018-07-02
f0d367f04ecab8c00411ee7320a5ca77,bf01f3a04b580fb95c093bf4af56255e,delivered,2018-07-02 15:13:42,2018-07-02 15:30:57,2018-07-03 15:28:00,2018-07-06 18:40:32,2018-07-31 00:00:00,2018-07-02,2018-07-31 00:00:00.000000,2026-08-27T05:18:59.817328+00:00,D:/D drive recovery/Shiva JH/Projects/OneLake Medallion/data/landing/2018-07-02/orders.parquet,2018-07-02
20e966193a16a101f6a264df9dd92968,f90c709a935c79bd0451739c56511ff3,delivered,2018-07-02 22:42:14,2018-07-02 22:55:08,2018-07-03 13:34:00,2018-07-11 15:28:32,2018-08-01 00:00:00,2018-07-02,2018-08-01 00:00:00.000000,2026-08-27T05:18:59.817328+00:00,D:/D drive recovery/Shiva JH/Projects/OneLake Medallion/data/landing/2018-07-02/orders.parquet,2018-07-02
dd162c4f0d3abff78621372170e9c19a,e32a0bbb991b6d310e3f70e6e5526807,delivered,2018-07-02 19:52:57,2018-07-02 20:10:07,2018-07-03 12:30:00,2018-07-06 11:28:38,2018-07-23 00:00:00,2018-07-02,2018-07-23 00:00:00.000000,2026-08-27T05:18:59.817328+00:00,D:/D drive recovery/Shiva JH/Projects/OneLake Medallion/data/landing/2018-07-02/orders.parquet,2018-07-02
17a020262f659ee7b1103f36824ee2f6,f58b2a937d7ce076a3f89e66972e3f07,delivered,2018-07-02 20:19:54,2018-07-02 20:30:49,2018-07-03 13:25:00,2018-07-09 17:22:55,2018-07-30 00:00:00,2018-07-02,2018-07-30 00:00:00.000000,2026-08-27T05:18:59.817328+00:00,D:/D drive recovery/Shiva JH/Projects/OneLake Medallion/data/landing/2018-07-02/orders.parquet,2018-07-02
de45fff90798d4416b9ba1b7aa4ccd7b,e9a4def88f3b9bef3792b8eb0c665722,delivered,2018-07-02 21:01:02,2018-07-02 21:10:53,2018-07-03 12:11:00,2018-07-26 00:02:28,2018-08-01 00:00:00,2018-07-02,2018-08-01 00:00:00.000000,2026-08-27T05:18:59.817328+00:00,D:/D drive recovery/Shiva JH/Projects/OneLake Medallion/data/landing/2018-07-02/orders.parquet,2018-07-02
a99d889887e1de4ac286fc3847455a97,f4b0f6dde0d7b89d73275a20797ab712,delivered,2018-07-04 12:51:22,2018-07-05 16:26:40,2018-07-04 14:43:00,2018-07-06 18:48:29,2018-07-27 00:00:00,2018-07-04,2018-07-27 00:00:00.000000,2026-08-27T05:19:16.572190+00:00,D:/D drive recovery/Shiva JH/Projects/OneLake Medallion/data/landing/2018-07-04/orders.parquet,2018-07-04
7cedc87ca678cbe2ce928829cee6bf3e,bad45dc1592582ddf3b8c63693f5e1cd,delivered,2018-07-04 21:19:44,2018-07-06 03:11:16,2018-07-06 10:33:00,2018-07-13 15:02:46,2018-07-25 00:00:00,2018-07-04,2018-07-25 00:00:00.000000,2026-08-27T05:19:16.572190+00:00,D:/D drive recovery/Shiva JH/Projects/OneLake Medallion/data/landing/2018-07-04/orders.parquet,2018-07-04
f85a3babb8f57542a4493f9c45523501,2abea2bf3e5611f7a96f8d24f21a7198,delivered,2018-07-04 11:13:48,2018-07-05 16:33:19,2018-07-04 16:10:00,2018-07-11 15:57:32,2018-07-31 00:00:00,2018-07-04,2018-07-31 00:00:00.000000,2026-08-27T05:19:16.572190+00:00,D:/D drive recovery/Shiva JH/Projects/OneLake Medallion/data/landing/2018-07-04/orders.parquet,2018-07-04
7a0f0934c14eafa4b5afc9a590b9386f,a8ab6aab2e9e6cbfb98d85c1d7c54dd0,delivered,2018-07-04 11:56:22,2018-07-05 16:15:43,2018-07-05 12:15:00,2018-07-10 21:48:36,2018-07-24 00:00:00,2018-07-04,2018-07-24 00:00:00.000000,2026-08-27T05:19:16.572190+00:00,D:/D drive recovery/Shiva JH/Projects/OneLake Medallion/data/landing/2018-07-04/orders.parquet,2018-07-04
d4a72eff3bfdb6ff7667bef4119283e9,2200048a1b17ccf0499a93d1e17d7c57,delivered,2018-07-04 00:22:00,2018-07-05 16:24:48,2018-07-04 13:09:00,2018-07-11 19:48:05,2018-07-26 00:00:00,2018-07-04,2018-07-26 00:00:00.000000,2026-08-27T05:19:16.572190+00:00,D:/D drive recovery/Shiva JH/Projects/OneLake Medallion/data/landing/2018-07-04/orders.parquet,2018-07-04
244e8c98d54a7a388245e6b5b85d37ee,26ef1573f4d7d4d8ddf8f351200c2068,delivered,2018-07-04 21:32:55,2018-07-05 16:35:20,2018-07-05 14:36:00,2018-07-06 18:33:36,2018-07-20 00:00:00,2018-07-04,2018-07-20 00:00:00.000000,2026-08-27T05:19:16.572190+00:00,D:/D drive recovery/Shiva JH/Projects/OneLake Medallion/data/landing/2018-07-04/orders.parquet,2018-07-04
004345d16a1ab2c21962992c721c8643,3b723b649feb48f3cfbb9c728efb3d7d,delivered,2018-07-04 06:45:05,2018-07-05 16:09:18,2018-07-05 14:08:00,2018-07-11 17:26:37,2018-07-30 00:00:00,2018-07-04,2018-07-30 00:00:00.000000,2026-08-27T05:19:16.572190+00:00,D:/D drive recovery/Shiva JH/Projects/OneLake Medallion/data/landing/2018-07-04/orders.parquet,2018-07-04
929ccb6e3021ed4afe8860fe50791967,0e37bb448c582d68bb726f589606454e,delivered,2018-07-04 00:20:29,2018-07-05 16:32:36,2018-07-04 15:16:00,2018-07-10 21:58:58,2018-07-26 00:00:00,2018-07-04,2018-07-26 00:00:00.000000,2026-08-27T05:19:16.572190+00:00,D:/D drive recovery/Shiva JH/Projects/OneLake Medallion/data/landing/2018-07-04/orders.parquet,2018-07-04
84869ba3df14629b57ca40c491a842e6,8000d8c2201ad0577d5f459c6325ccdc,delivered,2018-07-27 13:50:48,2018-07-27 14:31:19,2018-07-30 10:11:00,2018-09-14 17:11:19,2018-08-13 00:00:00,2018-07-27,2018-09-14 17:11:19.000000,2026-08-27T05:22:44.160162+00:00,D:/D drive recovery/Shiva JH/Projects/OneLake Medallion/data/landing/2018-07-27/orders.parquet,2018-07-27
b5244709b8ea124be6761680b9966925,c3264cc61268e5b0768dc11cffdd8f26,delivered,2018-07-27 16:38:40,2018-07-27 16:50:20,2018-07-28 08:54:00,2018-08-02 18:38:37,2018-08-10 00:00:00,2018-07-27,2018-08-10 00:00:00.000000,2026-08-27T05:22:44.160162+00:00,D:/D drive recovery/Shiva JH/Projects/OneLake Medallion/data/landing/2018-07-27/orders.parquet,2018-07-27
0c1e49ce507979f2fb222498663ce653,16b2af5a3dda4ad1940daeb17536c5a8,delivered,2018-07-21 20:32:28,2018-07-21 20:44:06,2018-07-23 11:39:00,2018-07-31 17:12:20,2018-08-13 00:00:00,2018-07-21,2018-08-13 00:00:00.000000,2026-08-27T05:21:42.709336+00:00,D:/D drive recovery/Shiva JH/Projects/OneLake Medallion/data/landing/2018-07-21/orders.parquet,2018-07-21
ad33ed1fc2b45e7f714e3cec25e31334,fb6ed625507693e5b130b1918923e2ca,delivered,2018-07-21 13:52:30,2018-07-21 14:04:07,2018-07-23 13:28:00,2018-07-26 15:38:37,2018-08-08 00:00:00,2018-07-21,2018-08-08 00:00:00.000000,2026-08-27T05:21:42.709336+00:00,D:/D drive recovery/Shiva JH/Projects/OneLake Medallion/data/landing/2018-07-21/orders.parquet,2018-07-21
ac89e7344d2cb5597d862e338301ef8d,33b8c73c9e6bb0e7156ddebafb5dba57,delivered,2018-07-16 18:21:13,2018-07-16 18:35:09,2018-07-18 15:44:00,2018-07-25 23:57:38,2018-08-08 00:00:00,2018-07-16,2018-08-08 00:00:00.000000,2026-08-27T05:21:01.834505+00:00,D:/D drive recovery/Shiva JH/Projects/OneLake Medallion/data/landing/2018-07-16/orders.parquet,2018-07-16
fa4e67c2fc9315f348f252ab6490b03c,e822df92236671cd7ee6fc19384d21ee,delivered,2018-07-16 17:15:06,2018-07-16 17:25:17,2018-07-20 14:59:00,2018-07-26 16:20:59,2018-08-10 00:00:00,2018-07-16,2018-08-10 00:00:00.000000,2026-08-27T05:21:01.834505+00:00,D:/D drive recovery/Shiva JH/Projects/OneLake Medallion/data/landing/2018-07-16/orders.parquet,2018-07-16
138f041df3644d9ad82f50c67b7bb304,c46b80a1d5e25ac1e32520e9b70ded53,delivered,2018-07-16 18:39:09,2018-07-17 18:35:11,2018-07-20 14:55:00,2018-07-26 18:58:41,2018-08-03 00:00:00,2018-07-16,2018-08-03 00:00:00.000000,2026-08-27T05:21:01.834505+00:00,D:/D drive recovery/Shiva JH/Projects/OneLake Medallion/data/landing/2018-07-16/orders.parquet,2018-07-16
21acd87ab0e70951d2aa3b0cd6445c69,c51de5efbf4919246057f725d38991d8,delivered,2018-07-16 23:18:58,2018-07-16 23:30:19,2018-07-17 10:37:00,2018-07-24 19:27:47,2018-07-30 00:00:00,2018-07-16,2018-07-30 00:00:00.000000,2026-08-27T05:21:01.834505+00:00,D:/D drive recovery/Shiva JH/Projects/OneLake Medallion/data/landing/2018-07-16/orders.parquet,2018-07-16
1f7ca128c2e0034d8ebe8a38824c0db1,caa84cedc311453e6121d380f0b5ad26,delivered,2018-07-16 06:40:46,2018-07-16 06:50:09,2018-07-16 14:57:00,2018-07-26 10:33:40,2018-08-10 00:00:00,2018-07-16,2018-08-10 00:00:00.000000,2026-08-27T05:21:01.834505+00:00,D:/D drive recovery/Shiva JH/Projects/OneLake Medallion/data/landing/2018-07-16/orders.parquet,2018-07-16
47e7c69b3f435b43a16da911cf937369,32fec68d7db000a9570c6a328eb783d7,delivered,2018-07-16 11:34:51,2018-07-17 04:31:12,2018-07-17 14:43:00,2018-07-23 20:58:26,2018-07-31 00:00:00,2018-07-16,2018-07-31 00:00:00.000000,2026-08-27T05:21:01.834505+00:00,D:/D drive recovery/Shiva JH/Projects/OneLake Medallion/data/landing/2018-07-16/orders.parquet,2018-07-16
82f4c933483d577ca9f00f49b1203155,98b5d640be72dacc172797c4a77c7f32,shipped,2018-07-16 14:14:08,2018-07-17 04:00:49,2018-07-17 20:49:00,,2018-07-31 00:00:00,2018-07-16,2018-07-31 00:00:00.000000,2026-08-27T05:21:01.834505+00:00,D:/D drive recovery/Shiva JH/Projects/OneLake Medallion/data/landing/2018-07-16/orders.parquet,2018-07-16
6ac314f1970b39cf3b7760803caf3c23,7613a58283d100e4da203bbcfa57fbac,delivered,2018-07-16 16:37:13,2018-07-18 02:55:23,2018-07-19 09:39:00,2018-07-23 23:48:38,2018-08-01 00:00:00,2018-07-16,2018-08-01 00:00:00.000000,2026-08-27T05:21:01.834505+00:00,D:/D drive recovery/Shiva JH/Projects/OneLake Medallion/data/landing/2018-07-16/orders.parquet,2018-07-16
afc68d1f35e9dfe8220c9b9e27647065,2ba9c20cc3cd864fa7c903f2fdb9333a,delivered,2018-07-16 16:05:34,2018-07-16 16:20:25,2018-07-18 14:30:00,2018-07-26 14:59:40,2018-08-01 00:00:00,2018-07-16,2018-08-01 00:00:00.000000,2026-08-27T05:21:01.834505+00:00,D:/D drive recovery/Shiva JH/Projects/OneLake Medallion/data/landing/2018-07-16/orders.parquet,2018-07-16
7c6a24cab7128145feb51412987798c6,1726600c085f65e9200ef2b46f28c58a,delivered,2018-07-16 17:58:34,2018-07-18 02:45:23,2018-07-18 12:08:00,2018-07-23 19:59:33,2018-07-31 00:00:00,2018-07-16,2018-07-31 00:00:00.000000,2026-08-27T05:21:01.834505+00:00,D:/D drive recovery/Shiva JH/Projects/OneLake Medallion/data/landing/2018-07-16/orders.parquet,2018-07-16
44d266dec578366b923e9b3a636c8311,e660f7483c8a0e1600ce3131a224ce75,delivered,2018-07-16 16:53:42,2018-07-16 17:55:13,2018-07-20 19:20:00,2018-07-21 14:03:33,2018-07-26 00:00:00,2018-07-16,2018-07-26 00:00:00.000000,2026-08-27T05:21:01.834505+00:00,D:/D drive recovery/Shiva JH/Projects/OneLake Medallion/data/landing/2018-07-16/orders.parquet,2018-07-16
d559ca25e0953705de5c369c8bdebc48,b37c31e2ae4a6cec098a2e0f5ffa71ad,delivered,2018-07-05 16:20:54,2018-07-06 16:30:56,2018-07-09 15:25:00,2018-07-13 22:56:39,2018-07-30 00:00:00,2018-07-05,2018-07-30 00:00:00.000000,2026-08-27T05:19:25.318726+00:00,D:/D drive recovery/Shiva JH/Projects/OneLake Medallion/data/landing/2018-07-05/orders.parquet,2018-07-05
e5c7ad83fffff48754bc2696e1ea59fb,c5444e3af35bf2098b42eba5c776c755,delivered,2018-07-05 07:52:09,2018-07-05 16:18:50,2018-07-06 12:03:00,2018-07-10 21:48:53,2018-07-24 00:00:00,2018-07-05,2018-07-24 00:00:00.000000,2026-08-27T05:19:25.318726+00:00,D:/D drive recovery/Shiva JH/Projects/OneLake Medallion/data/landing/2018-07-05/orders.parquet,2018-07-05
f0755c7d99a4a7f0bfa967f87d657855,5046f368e69df3131e108c966fbe93ae,delivered,2018-07-05 12:26:16,2018-07-05 16:32:14,2018-07-05 12:23:00,2018-07-13 21:27:50,2018-08-02 00:00:00,2018-07-05,2018-08-02 00:00:00.000000,2026-08-27T05:19:25.318726+00:00,D:/D drive recovery/Shiva JH/Projects/OneLake Medallion/data/landing/2018-07-05/orders.parquet,2018-07-05
32c1eb77cf7ceaa6358640e4cad0d14c,84e34881b136d4bd4a43c7ecac79b090,delivered,2018-07-05 22:39:59,2018-07-05 22:50:57,2018-07-06 10:10:00,2018-07-10 22:46:39,2018-07-18 00:00:00,2018-07-05,2018-07-18 00:00:00.000000,2026-08-27T05:19:25.318726+00:00,D:/D drive recovery/Shiva JH/Projects/OneLake Medallion/data/landing/2018-07-05/orders.parquet,2018-07-05
76eb528b2b3ae258e1c9a8d0eedad2b4,ef7577652a1d5883231a5b0484d150d3,delivered,2018-07-05 12:19:33,2018-07-05 16:35:02,2018-07-12 13:50:00,2018-08-01 17:56:47,2018-08-13 00:00:00,2018-07-05,2018-08-13 00:00:00.000000,2026-08-27T05:19:25.318726+00:00,D:/D drive recovery/Shiva JH/Projects/OneLake Medallion/data/landing/2018-07-05/orders.parquet,2018-07-05
6f21ad30200f041d3f19995a8718cd11,27a748bd3c2cba4f31221d301d5401ab,delivered,2018-07-23 14:27:37,2018-07-23 16:46:02,2018-07-24 16:18:00,2018-07-25 18:18:36,2018-07-31 00:00:00,2018-07-23,2018-07-31 00:00:00.000000,2026-08-27T05:22:03.203712+00:00,D:/D drive recovery/Shiva JH/Projects/OneLake Medallion/data/landing/2018-07-23/orders.parquet,2018-07-23
19a3924da2b67dee34bf1f76a7689459,294016bb7e7262d41b7430f4124989af,delivered,2018-07-23 12:33:47,2018-07-23 15:32:30,2018-07-24 08:53:00,2018-07-27 19:50:51,2018-08-08 00:00:00,2018-07-23,2018-08-08 00:00:00.000000,2026-08-27T05:22:03.203712+00:00,D:/D drive recovery/Shiva JH/Projects/OneLake Medallion/data/landing/2018-07-23/orders.parquet,2018-07-23
f69cf3b291cebc67406533d345c21e01,df0b1989cacff9ad7beaf2bcc6336089,shipped,2018-07-23 14:30:16,2018-07-24 11:32:35,2018-07-30 15:42:00,,2018-08-22 00:00:00,2018-07-23,2018-08-22 00:00:00.000000,2026-08-27T05:22:03.203712+00:00,D:/D drive recovery/Shiva JH/Projects/OneLake Medallion/data/landing/2018-07-23/orders.parquet,2018-07-23
72729c533aa3957ddd96bcbc9237a49b,28a760962f6a7ad17cfa070eeceae1ea,delivered,2018-07-23 10:23:27,2018-07-23 13:20:19,2018-07-24 11:36:00,2018-08-02 20:14:37,2018-08-07 00:00:00,2018-07-23,2018-08-07 00:00:00.000000,2026-08-27T05:22:03.203712+00:00,D:/D drive recovery/Shiva JH/Projects/OneLake Medallion/data/landing/2018-07-23/orders.parquet,2018-07-23
04749a8c0b72cda9ebbd79d27a0d1e40,9e911087ac4b6bab9a8581e5df86a779,delivered,2018-07-23 15:10:48,2018-07-23 16:05:01,2018-07-26 15:12:00,2018-08-07 11:22:13,2018-08-16 00:00:00,2018-07-23,2018-08-16 00:00:00.000000,2026-08-27T05:22:03.203712+00:00,D:/D drive recovery/Shiva JH/Projects/OneLake Medallion/data/landing/2018-07-23/orders.parquet,2018-07-23
e9583867c3868714af8937a417c1adc5,76438d399d73b678a7088f5eedd20478,delivered,2018-07-23 08:58:32,2018-07-23 14:31:34,2018-07-24 13:59:00,2018-07-31 21:34:34,2018-08-16 00:00:00,2018-07-23,2018-08-16 00:00:00.000000,2026-08-27T05:22:03.203712+00:00,D:/D drive recovery/Shiva JH/Projects/OneLake Medallion/data/landing/2018-07-23/orders.parquet,2018-07-23
b6e50b69ddbd5210737d0c881056771d,2e72ee00f14fde45636abbdc4f3b08cf,delivered,2018-07-23 17:40:13,2018-07-24 10:31:27,2018-07-25 15:09:00,2018-07-31 01:56:35,2018-08-16 00:00:00,2018-07-23,2018-08-16 00:00:00.000000,2026-08-27T05:22:03.203712+00:00,D:/D drive recovery/Shiva JH/Projects/OneLake Medallion/data/landing/2018-07-23/orders.parquet,2018-07-23
47d248c19f5affa1ef2a5b91c8006ddf,a701194f0a767e378a77e2c59b151d65,delivered,2018-07-23 15:55:26,2018-07-24 11:32:30,2018-07-24 14:19:00,2018-07-31 20:24:23,2018-08-13 00:00:00,2018-07-23,2018-08-13 00:00:00.000000,2026-08-27T05:22:03.203712+00:00,D:/D drive recovery/Shiva JH/Projects/OneLake Medallion/data/landing/2018-07-23/orders.parquet,2018-07-23
f717c8f177b0e2927fb48196bc6b6383,a7f60f86d76ce82c5976dc7a4405b861,delivered,2018-07-23 21:19:59,2018-07-24 21:15:11,2018-07-25 15:04:00,2018-07-31 19:52:01,2018-08-14 00:00:00,2018-07-23,2018-08-14 00:00:00.000000,2026-08-27T05:22:03.203712+00:00,D:/D drive recovery/Shiva JH/Projects/OneLake Medallion/data/landing/2018-07-23/orders.parquet,2018-07-23
62a575a2a9f2c005b7ec7ff7dd76d5ee,8953a5c61a611a5a2779189ed24e6744,delivered,2018-07-23 19:55:20,2018-07-24 19:50:14,2018-07-25 13:40:00,2018-08-02 20:09:35,2018-08-16 00:00:00,2018-07-23,2018-08-16 00:00:00.000000,2026-08-27T05:22:03.203712+00:00,D:/D drive recovery/Shiva JH/Projects/OneLake Medallion/data/landing/2018-07-23/orders.parquet,2018-07-23
2d9196aaddb5713a576a0f4acdf102a0,e1009ae00e0fe8f7212a66210478c6c3,delivered,2018-07-25 21:04:40,2018-07-25 21:24:49,2018-07-26 13:08:00,2018-07-27 20:10:33,2018-08-02 00:00:00,2018-07-25,2018-08-02 00:00:00.000000,2026-08-27T05:22:25.619517+00:00,D:/D drive recovery/Shiva JH/Projects/OneLake Medallion/data/landing/2018-07-25/orders.parquet,2018-07-25
0ec4af8420f96af137f9b52194956497,482e05dadfceda1d9ab8cd9c6b5279f1,delivered,2018-07-25 19:05:41,2018-07-26 09:05:13,2018-07-27 13:28:00,2018-08-02 19:57:38,2018-08-10 00:00:00,2018-07-25,2018-08-10 00:00:00.000000,2026-08-27T05:22:25.619517+00:00,D:/D drive recovery/Shiva JH/Projects/OneLake Medallion/data/landing/2018-07-25/orders.parquet,2018-07-25
07bcb0695fd4e3121e2fae21fbef3d28,4b63383d57d7b45e8c7df93cdbc5029d,delivered,2018-07-25 14:38:30,2018-07-25 14:55:10,2018-08-01 16:27:00,2018-08-03 16:56:38,2018-08-14 00:00:00,2018-07-25,2018-08-14 00:00:00.000000,2026-08-27T05:22:25.619517+00:00,D:/D drive recovery/Shiva JH/Projects/OneLake Medallion/data/landing/2018-07-25/orders.parquet,2018-07-25
525e92612e912b7ee6e24ae17bb4a79f,930f40258343da906f8c3b274ae4b4e3,delivered,2018-07-25 20:39:21,2018-07-25 20:55:20,2018-07-27 14:32:00,2018-08-02 14:08:31,2018-08-23 00:00:00,2018-07-25,2018-08-23 00:00:00.000000,2026-08-27T05:22:25.619517+00:00,D:/D drive recovery/Shiva JH/Projects/OneLake Medallion/data/landing/2018-07-25/orders.parquet,2018-07-25
2d7259ea0267605a75c5d2a55c1470bd,77ab23539f45150a72717fc95ef3e503,delivered,2018-07-25 19:46:33,2018-07-25 20:04:38,2018-07-26 19:35:00,2018-07-30 22:48:34,2018-08-07 00:00:00,2018-07-25,2018-08-07 00:00:00.000000,2026-08-27T05:22:25.619517+00:00,D:/D drive recovery/Shiva JH/Projects/OneLake Medallion/data/landing/2018-07-25/orders.parquet,2018-07-25
8eca0ff73474c8c18f8daa7603c1cff7,90ee5b2fbd0a1a426e75d7679edeb260,delivered,2018-07-25 11:21:21,2018-07-26 07:35:17,2018-07-26 15:33:00,2018-07-31 14:24:30,2018-08-08 00:00:00,2018-07-25,2018-08-08 00:00:00.000000,2026-08-27T05:22:25.619517+00:00,D:/D drive recovery/Shiva JH/Projects/OneLake Medallion/data/landing/2018-07-25/orders.parquet,2018-07-25
88df6b44c27501b5e7af076d193440dd,d022e4875848a3dc2c845457fcd70697,delivered,2018-07-25 19:28:20,2018-07-26 14:35:20,2018-07-26 16:03:00,2018-08-02 18:03:42,2018-08-13 00:00:00,2018-07-25,2018-08-13 00:00:00.000000,2026-08-27T05:22:25.619517+00:00,D:/D drive recovery/Shiva JH/Projects/OneLake Medallion/data/landing/2018-07-25/orders.parquet,2018-07-25
5a6566ca1aa7d313e6a34e0443e32ba1,cfd55a1ef8c0aae89c06c519224ef21a,delivered,2018-07-25 16:21:39,2018-07-26 03:25:14,2018-07-26 12:21:00,2018-08-08 00:46:39,2018-08-17 00:00:00,2018-07-25,2018-08-17 00:00:00.000000,2026-08-27T05:22:25.619517+00:00,D:/D drive recovery/Shiva JH/Projects/OneLake Medallion/data/landing/2018-07-25/orders.parquet,2018-07-25
1fb291320c9a5276869ee9f50fe885e2,9893361d541a842b16206836086185b5,delivered,2018-07-25 21:17:26,2018-07-26 18:44:25,2018-07-27 14:03:00,2018-08-01 20:12:24,2018-08-09 00:00:00,2018-07-25,2018-08-09 00:00:00.000000,2026-08-27T05:22:25.619517+00:00,D:/D drive recovery/Shiva JH/Projects/OneLake Medallion/data/landing/2018-07-25/orders.parquet,2018-07-25
03798f08af4c622b81b2c8f46c8bfba9,f4c561310fbfc0b28a3419ff3df88950,delivered,2018-07-25 15:14:18,2018-07-25 15:30:11,2018-07-26 11:08:00,2018-08-02 01:46:32,2018-08-16 00:00:00,2018-07-25,2018-08-16 00:00:00.000000,2026-08-27T05:22:25.619517+00:00,D:/D drive recovery/Shiva JH/Projects/OneLake Medallion/data/landing/2018-07-25/orders.parquet,2018-07-25
dbd0a0b89b3fe516f8534b0f5de08534,887e8328775b187e3a8863ecba16f06e,delivered,2018-07-09 10:50:33,2018-07-09 11:05:24,2018-07-10 14:34:00,2018-07-20 18:44:40,2018-07-27 00:00:00,2018-07-09,2018-07-27 00:00:00.000000,2026-08-27T05:19:59.700293+00:00,D:/D drive recovery/Shiva JH/Projects/OneLake Medallion/data/landing/2018-07-09/orders.parquet,2018-07-09
42ec328ff647d401412f3531462b0b96,44fc7a654b5d562331cc277539523708,delivered,2018-07-09 11:37:20,2018-07-09 11:50:17,2018-07-09 13:41:00,2018-07-30 20:27:47,2018-08-08 00:00:00,2018-07-09,2018-08-08 00:00:00.000000,2026-08-27T05:19:59.700293+00:00,D:/D drive recovery/Shiva JH/Projects/OneLake Medallion/data/landing/2018-07-09/orders.parquet,2018-07-09
a6ecc5068e6e585b2dca3e496ba4b277,8373e304bb40cc92bef250618085d7b5,delivered,2018-07-13 16:14:24,2018-07-14 14:50:16,2018-07-16 14:58:00,2018-07-24 21:48:39,2018-07-30 00:00:00,2018-07-13,2018-07-30 00:00:00.000000,2026-08-27T05:20:36.199400+00:00,D:/D drive recovery/Shiva JH/Projects/OneLake Medallion/data/landing/2018-07-13/orders.parquet,2018-07-13
e15c6296371161f7eabd6ce8335b5b51,7f093a78d3d5e33e00e9708b3fa14bb5,delivered,2018-07-13 11:36:36,2018-07-14 02:45:09,2018-07-16 14:39:00,2018-07-26 22:22:49,2018-08-06 00:00:00,2018-07-13,2018-08-06 00:00:00.000000,2026-08-27T05:20:36.199400+00:00,D:/D drive recovery/Shiva JH/Projects/OneLake Medallion/data/landing/2018-07-13/orders.parquet,2018-07-13
9419274d2366b746f60fce753c5a3618,905739b8ac0098bd3d323019d9cac69e,delivered,2018-07-22 22:00:38,2018-07-27 23:30:47,2018-07-24 13:08:00,2018-07-31 19:32:32,2018-08-13 00:00:00,2018-07-22,2018-08-13 00:00:00.000000,2026-08-27T05:21:50.737679+00:00,D:/D drive recovery/Shiva JH/Projects/OneLake Medallion/data/landing/2018-07-22/orders.parquet,2018-07-22
05a5446738fb49ff21e44d318df1189d,d71aac5df6dac25e0a45e04a3aad1bdd,delivered,2018-07-22 20:44:34,2018-07-23 12:31:57,2018-07-24 11:15:00,2018-07-30 15:51:49,2018-08-16 00:00:00,2018-07-22,2018-08-16 00:00:00.000000,2026-08-27T05:21:50.737679+00:00,D:/D drive recovery/Shiva JH/Projects/OneLake Medallion/data/landing/2018-07-22/orders.parquet,2018-07-22
d9d8dc6068a3a115e15bc276d53afc8e,5fdd49edb09becac48278186f305ccc0,delivered,2018-07-22 16:42:36,2018-07-23 12:31:35,2018-07-30 13:23:00,2018-08-02 21:45:40,2018-08-20 00:00:00,2018-07-22,2018-08-20 00:00:00.000000,2026-08-27T05:21:50.737679+00:00,D:/D drive recovery/Shiva JH/Projects/OneLake Medallion/data/landing/2018-07-22/orders.parquet,2018-07-22
c5c6895d5f18ff51c8fb2af8121d1c9c,966d6b478afaf9165164bd8b326b9773,delivered,2018-07-07 12:12:14,2018-07-07 12:25:56,2018-07-10 14:46:00,2018-07-11 20:02:24,2018-07-23 00:00:00,2018-07-07,2018-07-23 00:00:00.000000,2026-08-27T05:19:41.373610+00:00,D:/D drive recovery/Shiva JH/Projects/OneLake Medallion/data/landing/2018-07-07/orders.parquet,2018-07-07
6c170781e28b9d780b0338e8d3cbedb7,c71441ba64bc4f58c9304b5c6e1019d2,delivered,2018-07-07 12:43:51,2018-07-07 15:55:16,2018-07-18 13:59:00,2018-07-25 18:10:56,2018-08-06 00:00:00,2018-07-07,2018-08-06 00:00:00.000000,2026-08-27T05:19:41.373610+00:00,D:/D drive recovery/Shiva JH/Projects/OneLake Medallion/data/landing/2018-07-07/orders.parquet,2018-07-07
275b46c1b462043f24768a0b168bc654,e0844d74d286167ac9cf10d02cda2bfc,delivered,2018-07-24 09:01:09,2018-07-24 11:40:45,2018-07-26 13:09:00,2018-07-30 11:42:09,2018-08-09 00:00:00,2018-07-24,2018-08-09 00:00:00.000000,2026-08-27T05:22:12.203093+00:00,D:/D drive recovery/Shiva JH/Projects/OneLake Medallion/data/landing/2018-07-24/orders.parquet,2018-07-24
e299d0b6b42a62df652195edf2b551da,f33a6f0e963962d41631564f969717de,delivered,2018-07-24 10:43:21,2018-07-24 11:40:37,2018-07-25 11:58:00,2018-07-31 19:34:29,2018-08-15 00:00:00,2018-07-24,2018-08-15 00:00:00.000000,2026-08-27T05:22:12.203093+00:00,D:/D drive recovery/Shiva JH/Projects/OneLake Medallion/data/landing/2018-07-24/orders.parquet,2018-07-24
2af1664ed08d6f1bc9b2c0e743cafded,64c9a979badcca497531f08b91c67c21,delivered,2018-07-24 13:10:36,2018-07-24 13:30:10,2018-07-24 14:37:00,2018-07-27 12:34:48,2018-08-07 00:00:00,2018-07-24,2018-08-07 00:00:00.000000,2026-08-27T05:22:12.203093+00:00,D:/D drive recovery/Shiva JH/Projects/OneLake Medallion/data/landing/2018-07-24/orders.parquet,2018-07-24
13188f2e3cfdae1480d1552e58d19d7d,54942d591ae054cab4f5e166f5d03037,delivered,2018-07-24 10:49:44,2018-07-25 02:44:22,2018-07-25 16:09:00,2018-07-26 22:03:09,2018-08-01 00:00:00,2018-07-24,2018-08-01 00:00:00.000000,2026-08-27T05:22:12.203093+00:00,D:/D drive recovery/Shiva JH/Projects/OneLake Medallion/data/landing/2018-07-24/orders.parquet,2018-07-24
f1f053637dd55791fa3a8ae1df1f3605,fc0d9a9e8bf3d86e4162d3d417653265,delivered,2018-07-15 20:16:11,2018-07-15 20:25:32,2018-07-16 13:49:00,2018-07-27 13:06:55,2018-08-10 00:00:00,2018-07-15,2018-08-10 00:00:00.000000,2026-08-27T05:20:53.815879+00:00,D:/D drive recovery/Shiva JH/Projects/OneLake Medallion/data/landing/2018-07-15/orders.parquet,2018-07-15
7448f861b4547fc4407e432c043ee4a0,f2e14ec79f564dfb581a105d31f7fd6c,delivered,2018-07-15 12:04:20,2018-07-15 12:15:14,2018-07-16 13:48:00,2018-07-23 19:51:31,2018-08-06 00:00:00,2018-07-15,2018-08-06 00:00:00.000000,2026-08-27T05:20:53.815879+00:00,D:/D drive recovery/Shiva JH/Projects/OneLake Medallion/data/landing/2018-07-15/orders.parquet,2018-07-15
ceae0f133957c3337b7f630eb8bf80d9,026ae2477af95b832998d23578eb4336,delivered,2018-07-15 10:46:59,2018-07-15 11:04:08,2018-07-16 13:41:00,2018-07-20 15:24:37,2018-08-07 00:00:00,2018-07-15,2018-08-07 00:00:00.000000,2026-08-27T05:20:53.815879+00:00,D:/D drive recovery/Shiva JH/Projects/OneLake Medallion/data/landing/2018-07-15/orders.parquet,2018-07-15
f9ea6cc9d3f50070aba77ffd39ef6d13,55b082c41854f6ea941e814169e47a75,delivered,2018-07-15 19:18:02,2018-07-16 16:30:51,2018-07-17 14:28:00,2018-07-23 19:49:23,2018-08-07 00:00:00,2018-07-15,2018-08-07 00:00:00.000000,2026-08-27T05:20:53.815879+00:00,D:/D drive recovery/Shiva JH/Projects/OneLake Medallion/data/landing/2018-07-15/orders.parquet,2018-07-15
fafc6736ffc73023e2685c30aa3822c2,1657e4dd989abb6776f8687d42abe7a2,delivered,2018-07-15 13:49:13,2018-07-15 14:05:26,2018-07-16 10:50:00,2018-07-21 12:51:31,2018-08-14 00:00:00,2018-07-15,2018-08-14 00:00:00.000000,2026-08-27T05:20:53.815879+00:00,D:/D drive recovery/Shiva JH/Projects/OneLake Medallion/data/landing/2018-07-15/orders.parquet,2018-07-15
93c781a8790c89bac596f6ff7d924c73,a23d6020f4bb2913acca5668e20c1e8b,delivered,2018-07-03 09:52:19,2018-07-05 16:31:10,2018-07-04 11:06:00,2018-07-10 20:11:08,2018-07-30 00:00:00,2018-07-03,2018-07-30 00:00:00.000000,2026-08-27T05:19:08.521759+00:00,D:/D drive recovery/Shiva JH/Projects/OneLake Medallion/data/landing/2018-07-03/orders.parquet,2018-07-03
ceb435f46d86d2fb2890334c4862315a,b2e1defadfd7964f26a2f4a449eb6e26,delivered,2018-07-03 20:17:01,2018-07-05 16:27:04,2018-07-04 12:19:00,2018-07-12 16:58:36,2018-08-02 00:00:00,2018-07-03,2018-08-02 00:00:00.000000,2026-08-27T05:19:08.521759+00:00,D:/D drive recovery/Shiva JH/Projects/OneLake Medallion/data/landing/2018-07-03/orders.parquet,2018-07-03
8a16ff3cd34e92ae56b0bdcb66dc56e3,596c43277318c607391f4e4124fe579e,delivered,2018-07-18 10:05:02,2018-07-18 10:22:10,2018-07-19 19:15:00,2018-07-20 23:04:32,2018-07-27 00:00:00,2018-07-18,2018-07-27 00:00:00.000000,2026-08-27T05:21:18.103171+00:00,D:/D drive recovery/Shiva JH/Projects/OneLake Medallion/data/landing/2018-07-18/orders.parquet,2018-07-18
1a4514c5462bbdb806d15e6b241c7a70,b70daefdff79ef359e203f7cc2eff2fa,delivered,2018-07-18 15:22:25,2018-07-18 15:35:20,2018-07-19 13:19:00,2018-07-24 13:41:44,2018-08-02 00:00:00,2018-07-18,2018-08-02 00:00:00.000000,2026-08-27T05:21:18.103171+00:00,D:/D drive recovery/Shiva JH/Projects/OneLake Medallion/data/landing/2018-07-18/orders.parquet,2018-07-18
39f59663a51684e7a63cb122f615af62,aa4eb9272c6c81c77a35150f92e830af,delivered,2018-07-18 10:09:42,2018-07-19 03:05:17,2018-07-19 14:09:00,2018-07-26 23:38:43,2018-08-15 00:00:00,2018-07-18,2018-08-15 00:00:00.000000,2026-08-27T05:21:18.103171+00:00,D:/D drive recovery/Shiva JH/Projects/OneLake Medallion/data/landing/2018-07-18/orders.parquet,2018-07-18
4870f8be587a9e5643156fb4f22d02e2,533dfe34292288f199adb10633856c22,delivered,2018-07-18 15:46:11,2018-07-18 16:02:43,2018-07-25 09:55:00,2018-07-31 19:27:35,2018-08-09 00:00:00,2018-07-18,2018-08-09 00:00:00.000000,2026-08-27T05:21:18.103171+00:00,D:/D drive recovery/Shiva JH/Projects/OneLake Medallion/data/landing/2018-07-18/orders.parquet,2018-07-18
8cb4c3b93d004ba346c01cbbc9cf5c73,01d7e86d9cc4c847baf866cf8f0d0536,delivered,2018-07-18 13:52:45,2018-07-18 14:05:18,2018-07-19 13:06:00,2018-07-27 19:27:44,2018-08-09 00:00:00,2018-07-18,2018-08-09 00:00:00.000000,2026-08-27T05:21:18.103171+00:00,D:/D drive recovery/Shiva JH/Projects/OneLake Medallion/data/landing/2018-07-18/orders.parquet,2018-07-18
192280704cc4c1f82086c55f0622f09b,84078253c5f5620cfb1d3a9d08ecc582,delivered,2018-07-18 16:58:48,2018-07-18 17:10:09,2018-07-23 06:45:00,2018-07-30 17:19:48,2018-08-15 00:00:00,2018-07-18,2018-08-15 00:00:00.000000,2026-08-27T05:21:18.103171+00:00,D:/D drive recovery/Shiva JH/Projects/OneLake Medallion/data/landing/2018-07-18/orders.parquet,2018-07-18
162f8986e2cc7a5fca25fd4be685b98d,fcc709844375ea0a1a14bc3c14b2c1ee,delivered,2018-07-18 18:01:48,2018-07-19 14:22:57,2018-07-20 14:20:00,2018-08-01 15:08:52,2018-08-13 00:00:00,2018-07-18,2018-08-13 00:00:00.000000,2026-08-27T05:21:18.103171+00:00,D:/D drive recovery/Shiva JH/Projects/OneLake Medallion/data/landing/2018-07-18/orders.parquet,2018-07-18
af8f5e473ef8dd20e4357b3bddf1accd,b5134fbb329c7a02b7eae0587eb98cdb,delivered,2018-07-18 00:52:15,2018-07-18 01:01:38,2018-07-18 14:08:00,2018-07-25 23:56:32,2018-08-03 00:00:00,2018-07-18,2018-08-03 00:00:00.000000,2026-08-27T05:21:18.103171+00:00,D:/D drive recovery/Shiva JH/Projects/OneLake Medallion/data/landing/2018-07-18/orders.parquet,2018-07-18
818bd343c0073f9624ca1801fd39f4db,8fa9bc6a96c911b47c831c172dcdc116,delivered,2018-07-18 16:08:07,2018-07-18 16:22:41,2018-07-19 15:12:00,2018-07-20 17:38:27,2018-07-26 00:00:00,2018-07-18,2018-07-26 00:00:00.000000,2026-08-27T05:21:18.103171+00:00,D:/D drive recovery/Shiva JH/Projects/OneLake Medallion/data/landing/2018-07-18/orders.parquet,2018-07-18
701a22b8c16c09a0c9514c41dfbf28de,5eed54f1f404f00ff0d44be6b120dd48,delivered,2018-07-18 20:48:34,2018-07-18 21:02:32,2018-07-19 14:52:00,2018-08-06 21:52:34,2018-08-08 00:00:00,2018-07-18,2018-08-08 00:00:00.000000,2026-08-27T05:21:18.103171+00:00,D:/D drive recovery/Shiva JH/Projects/OneLake Medallion/data/landing/2018-07-18/orders.parquet,2018-07-18
126da462f642d99483c0691ac474c783,160ac713dfef7d7f57a0f61d8a0df5b4,delivered,2017-01-27 12:54:57,2017-01-27 13:31:02,2017-01-27 13:48:14,2017-02-03 16:14:53,2017-03-02 00:00:00,2017-01-27,2017-03-02 00:00:00.000000,2026-08-27T05:17:09.287600+00:00,D:/D drive recovery/Shiva JH/Projects/OneLake Medallion/data/landing/2017-01-27/orders.parquet,2017-01-27
f40d3749a6d621bb95be74a8ce79e06f,3689abfed7e332a5cf585915310c0056,delivered,2017-02-08 12:53:38,2017-02-08 13:15:10,2017-02-13 08:17:32,2017-02-21 12:34:16,2017-03-16 00:00:00,2017-02-08,2017-03-16 00:00:00.000000,2026-08-27T05:17:09.287600+00:00,D:/D drive recovery/Shiva JH/Projects/OneLake Medallion/data/landing/2017-02-08/orders.parquet,2017-02-08
17028de7d02a1fca7c1d08221b859b77,89ba44b1047e2e06f48cebad470b10d7,delivered,2017-02-08 21:06:37,2017-02-08 21:15:17,2017-03-01 11:49:15,2017-03-08 08:44:02,2017-03-27 00:00:00,2017-02-08,2017-03-27 00:00:00.000000,2026-08-27T05:17:09.287600+00:00,D:/D drive recovery/Shiva JH/Projects/OneLake Medallion/data/landing/2017-02-08/orders.parquet,2017-02-08
5667af66694cc07bce46f7af2ed32ed6,63313fa30c9be66c8164655204ff68d4,delivered,2017-03-04 15:28:40,2017-03-04 15:43:25,2017-03-24 17:08:09,2017-04-05 12:34:35,2017-03-29 00:00:00,2017-03-04,2017-04-05 12:34:35.000000,2026-08-27T05:17:09.287600+00:00,D:/D drive recovery/Shiva JH/Projects/OneLake Medallion/data/landing/2017-03-04/orders.parquet,2017-03-04
c4f3b6a5e1b0cd332ac54136c94c5053,8c3ef80af590b71396ade3b7a82484f5,delivered,2017-03-28 23:10:01,2017-03-28 23:22:42,2017-03-30 15:05:23,2017-04-03 08:17:52,2017-04-24 00:00:00,2017-03-28,2017-04-24 00:00:00.000000,2026-08-27T05:17:09.287600+00:00,D:/D drive recovery/Shiva JH/Projects/OneLake Medallion/data/landing/2017-03-28/orders.parquet,2017-03-28
c583699ad331158897d9bf20f1a60004,8d801637510e14056ec85cbba38cb83d,delivered,2017-03-28 11:03:13,2017-03-28 11:10:53,2017-03-30 16:47:52,2017-04-03 15:14:22,2017-04-17 00:00:00,2017-03-28,2017-04-17 00:00:00.000000,2026-08-27T05:17:09.287600+00:00,D:/D drive recovery/Shiva JH/Projects/OneLake Medallion/data/landing/2017-03-28/orders.parquet,2017-03-28
2c115ba9e25f2b8932ec710356d9eca9,50cb9d021d1b098d40d98fc0ae2d3bc9,delivered,2017-03-28 17:10:35,2017-03-29 02:22:38,2017-03-31 09:39:56,2017-04-03 18:24:42,2017-04-17 00:00:00,2017-03-28,2017-04-17 00:00:00.000000,2026-08-27T05:17:09.287600+00:00,D:/D drive recovery/Shiva JH/Projects/OneLake Medallion/data/landing/2017-03-28/orders.parquet,2017-03-28
fbbfacf696d50761d1947ab6fb641764,06da85b8d16b04167a1b5eb3690ad929,delivered,2017-03-28 09:53:43,2017-03-28 10:05:16,2017-03-29 10:48:27,2017-04-13 07:42:26,2017-05-03 00:00:00,2017-03-28,2017-05-03 00:00:00.000000,2026-08-27T05:17:09.287600+00:00,D:/D drive recovery/Shiva JH/Projects/OneLake Medallion/data/landing/2017-03-28/orders.parquet,2017-03-28
fca7b989b55ec495fc04ef8344bdb7d9,a3d11dbcd9f16d462fc5835c36880940,delivered,2017-04-09 11:23:37,2017-04-11 03:55:34,2017-04-11 13:13:23,2017-04-20 12:08:24,2017-05-17 00:00:00,2017-04-09,2017-05-17 00:00:00.000000,2026-08-27T05:17:09.287600+00:00,D:/D drive recovery/Shiva JH/Projects/OneLake Medallion/data/landing/2017-04-09/orders.parquet,2017-04-09
ecc6c5d76a4d38a9b95c0fe288b3f220,cfad1ce34667d10a9c81fc26061f0d6d,delivered,2017-04-09 17:24:08,2017-04-09 17:35:17,2017-04-13 08:19:41,2017-04-19 14:25:09,2017-05-16 00:00:00,2017-04-09,2017-05-16 00:00:00.000000,2026-08-27T05:17:09.287600+00:00,D:/D drive recovery/Shiva JH/Projects/OneLake Medallion/data/landing/2017-04-09/orders.parquet,2017-04-09
2228184e3773ea7d28d150ed03ef65dc,3a30f46ca4c7d968237e18784dd3495a,delivered,2017-04-09 17:21:29,2017-04-09 17:30:11,2017-04-11 15:19:41,2017-04-28 16:34:20,2017-05-04 00:00:00,2017-04-09,2017-05-04 00:00:00.000000,2026-08-27T05:17:09.287600+00:00,D:/D drive recovery/Shiva JH/Projects/OneLake Medallion/data/landing/2017-04-09/orders.parquet,2017-04-09
6b62e435ad4cc81a538f9a279049f490,9126e0666011360bc99770026bb867f1,delivered,2017-04-09 22:47:00,2017-04-09 22:55:14,2017-04-10 14:48:24,2017-04-24 09:47:52,2017-05-30 00:00:00,2017-04-09,2017-05-30 00:00:00.000000,2026-08-27T05:17:09.287600+00:00,D:/D drive recovery/Shiva JH/Projects/OneLake Medallion/data/landing/2017-04-09/orders.parquet,2017-04-09
42113e78f28f6201edc22b1a9f50ca81,9002b566a0a335d74116ee1978d5ade9,delivered,2017-04-21 18:00:02,2017-04-21 18:10:14,2017-04-25 11:25:42,2017-05-02 16:31:15,2017-05-15 00:00:00,2017-04-21,2017-05-15 00:00:00.000000,2026-08-27T05:17:09.287600+00:00,D:/D drive recovery/Shiva JH/Projects/OneLake Medallion/data/landing/2017-04-21/orders.parquet,2017-04-21
f0b2f79f97e12f27b91c3570c725a81c,a0822dff344a63f5484f6f09dc6942e3,delivered,2017-04-21 20:05:33,2017-04-21 20:15:07,2017-04-24 12:07:13,2017-05-03 11:20:05,2017-05-15 00:00:00,2017-04-21,2017-05-15 00:00:00.000000,2026-08-27T05:17:09.287600+00:00,D:/D drive recovery/Shiva JH/Projects/OneLake Medallion/data/landing/2017-04-21/orders.parquet,2017-04-21
6064862631581009b8eb676bc264d91f,1e9b87abaaa43836c8dca222073a4b09,delivered,2017-04-21 11:24:51,2017-04-21 11:41:38,2017-04-25 08:23:11,2017-05-08 19:51:50,2017-05-26 00:00:00,2017-04-21,2017-05-26 00:00:00.000000,2026-08-27T05:17:09.287600+00:00,D:/D drive recovery/Shiva JH/Projects/OneLake Medallion/data/landing/2017-04-21/orders.parquet,2017-04-21
6f1ea17aaf0660f7eea41df1f6fc9e27,ed55ec2e2dfb8c29e07a1bf61cf889e5,delivered,2017-04-21 14:44:38,2017-04-24 13:35:16,2017-04-26 09:22:18,2017-05-16 10:53:03,2017-05-11 00:00:00,2017-04-21,2017-05-16 10:53:03.000000,2026-08-27T05:17:09.287600+00:00,D:/D drive recovery/Shiva JH/Projects/OneLake Medallion/data/landing/2017-04-21/orders.parquet,2017-04-21
e85e15e26534991f32622474410df797,88d59b96701be9dcff55c631576534e5,delivered,2017-05-15 23:58:39,2017-05-16 01:02:33,2017-05-16 10:50:26,2017-05-22 08:35:59,2017-06-06 00:00:00,2017-05-15,2017-06-06 00:00:00.000000,2026-08-27T05:17:09.287600+00:00,D:/D drive recovery/Shiva JH/Projects/OneLake Medallion/data/landing/2017-05-15/orders.parquet,2017-05-15
89e954a7919e964597b60e9f016df7fd,c82a5e4fafdbeb34f08928ccfba27d14,delivered,2017-05-15 23:34:21,2017-05-16 19:15:11,2017-05-18 11:37:59,2017-05-25 12:39:52,2017-06-08 00:00:00,2017-05-15,2017-06-08 00:00:00.000000,2026-08-27T05:17:09.287600+00:00,D:/D drive recovery/Shiva JH/Projects/OneLake Medallion/data/landing/2017-05-15/orders.parquet,2017-05-15
b83427fcf80fd88d941541011ac876f8,e43c0e76c6388c58a6cf348e53f5b51b,delivered,2017-05-15 16:31:43,2017-05-15 16:43:20,2017-05-17 10:35:50,2017-05-23 15:15:45,2017-06-06 00:00:00,2017-05-15,2017-06-06 00:00:00.000000,2026-08-27T05:17:09.287600+00:00,D:/D drive recovery/Shiva JH/Projects/OneLake Medallion/data/landing/2017-05-15/orders.parquet,2017-05-15
bd642c6155f02b3fb7eb4a527389fa64,036f3be5c1b9e3684b52ba2954ee35ce,delivered,2017-05-15 20:19:09,2017-05-17 03:45:33,2017-05-17 11:57:01,2017-05-26 15:23:44,2017-06-14 00:00:00,2017-05-15,2017-06-14 00:00:00.000000,2026-08-27T05:17:09.287600+00:00,D:/D drive recovery/Shiva JH/Projects/OneLake Medallion/data/landing/2017-05-15/orders.parquet,2017-05-15
861fa2fc596992bd6ea8bbf16cce85a4,683bbbac6e389b506414f7153b7a0d0c,delivered,2017-05-27 22:15:25,2017-05-27 22:30:17,2017-05-29 09:41:10,2017-06-02 13:22:20,2017-06-21 00:00:00,2017-05-27,2017-06-21 00:00:00.000000,2026-08-27T05:17:09.287600+00:00,D:/D drive recovery/Shiva JH/Projects/OneLake Medallion/data/landing/2017-05-27/orders.parquet,2017-05-27
b92ef17170294d7b2fc093e20bd305c9,069ffa410e2379e3c5a0eaed21879b80,delivered,2017-05-27 16:20:09,2017-05-29 13:55:10,2017-05-29 14:32:35,2017-06-09 13:45:46,2017-06-28 00:00:00,2017-05-27,2017-06-28 00:00:00.000000,2026-08-27T05:17:09.287600+00:00,D:/D drive recovery/Shiva JH/Projects/OneLake Medallion/data/landing/2017-05-27/orders.parquet,2017-05-27
56a699750378066e427e2feaaa048399,9b2ba3e7bd5a92f404fff86ff301a07f,delivered,2017-06-20 12:40:40,2017-06-20 12:50:31,2017-06-20 15:42:41,2017-07-05 17:44:36,2017-07-14 00:00:00,2017-06-20,2017-07-14 00:00:00.000000,2026-08-27T05:17:09.287600+00:00,D:/D drive recovery/Shiva JH/Projects/OneLake Medallion/data/landing/2017-06-20/orders.parquet,2017-06-20
d0ecd96d0c6926c81ff571a7c21bfdca,264b02b4faf59b7ad0b4bd065056a804,delivered,2017-06-20 13:51:17,2017-06-20 14:03:57,2017-06-27 09:08:21,2017-07-10 17:15:33,2017-07-18 00:00:00,2017-06-20,2017-07-18 00:00:00.000000,2026-08-27T05:17:09.287600+00:00,D:/D drive recovery/Shiva JH/Projects/OneLake Medallion/data/landing/2017-06-20/orders.parquet,2017-06-20
8647ff7e5f9536a33f5e6fd7f2c08d2a,f277efbc37718499302b3e189bde8e35,delivered,2017-07-02 15:00:51,2017-07-04 04:05:27,2017-07-05 12:00:33,2017-07-12 16:12:36,2017-07-31 00:00:00,2017-07-02,2017-07-31 00:00:00.000000,2026-08-27T05:17:09.287600+00:00,D:/D drive recovery/Shiva JH/Projects/OneLake Medallion/data/landing/2017-07-02/orders.parquet,2017-07-02
75ceee59b8189aba5543675b806600ae,e92cf12c7abcfda93511da666ac2240f,delivered,2017-07-02 19:49:55,2017-07-02 20:03:56,2017-07-04 16:03:58,2017-07-05 14:03:22,2017-07-14 00:00:00,2017-07-02,2017-07-14 00:00:00.000000,2026-08-27T05:17:09.287600+00:00,D:/D drive recovery/Shiva JH/Projects/OneLake Medallion/data/landing/2017-07-02/orders.parquet,2017-07-02
3d4369dcce579868d4629c19b96260c9,e98b6caaa9a23d78a283f65cec39e73f,delivered,2017-07-14 19:52:29,2017-07-14 20:05:21,2017-07-18 13:16:30,2017-07-26 19:16:47,2017-07-27 00:00:00,2017-07-14,2017-07-27 00:00:00.000000,2026-08-27T05:17:09.287600+00:00,D:/D drive recovery/Shiva JH/Projects/OneLake Medallion/data/landing/2017-07-14/orders.parquet,2017-07-14
9ccfe5d0484872e6df585a289fc12206,4889ca3aa8a3294c66400909597bc40b,delivered,2017-07-14 07:27:33,2017-07-14 07:35:12,2017-07-14 20:21:22,2017-07-20 17:17:52,2017-08-03 00:00:00,2017-07-14,2017-08-03 00:00:00.000000,2026-08-27T05:17:09.287600+00:00,D:/D drive recovery/Shiva JH/Projects/OneLake Medallion/data/landing/2017-07-14/orders.parquet,2017-07-14
960de6b16b5ce4196d243baeb9d1a699,64d8e8b44d4ff5c2974d8d05d73bdd10,delivered,2017-07-14 09:35:05,2017-07-14 09:45:13,2017-07-17 22:45:46,2017-07-27 22:55:34,2017-08-17 00:00:00,2017-07-14,2017-08-17 00:00:00.000000,2026-08-27T05:17:09.287600+00:00,D:/D drive recovery/Shiva JH/Projects/OneLake Medallion/data/landing/2017-07-14/orders.parquet,2017-07-14
b6fa3751148ad8ba139779f6543951d9,f7a412f8010d1609da2be707d4e9367c,delivered,2017-07-14 21:10:48,2017-07-14 21:25:08,2017-07-18 21:41:24,2017-07-20 19:52:14,2017-08-01 00:00:00,2017-07-14,2017-08-01 00:00:00.000000,2026-08-27T05:17:09.287600+00:00,D:/D drive recovery/Shiva JH/Projects/OneLake Medallion/data/landing/2017-07-14/orders.parquet,2017-07-14
cb589c751e6f002a96214f3a5c9284d4,fa30f98de295c17c75abaafea5409189,delivered,2017-07-26 19:49:35,2017-07-27 09:55:29,2017-07-28 18:33:39,2017-07-30 12:23:36,2017-08-11 00:00:00,2017-07-26,2017-08-11 00:00:00.000000,2026-08-27T05:17:09.287600+00:00,D:/D drive recovery/Shiva JH/Projects/OneLake Medallion/data/landing/2017-07-26/orders.parquet,2017-07-26
6c589cce00692bb7fbd49d0eac280b17,fcf170ce0cbc74bfbc925f787a53940e,delivered,2017-08-07 14:11:20,2017-08-09 02:55:22,2017-08-11 20:19:53,2017-08-17 18:30:13,2017-08-31 00:00:00,2017-08-07,2017-08-31 00:00:00.000000,2026-08-27T05:17:09.287600+00:00,D:/D drive recovery/Shiva JH/Projects/OneLake Medallion/data/landing/2017-08-07/orders.parquet,2017-08-07
57f67475fb7b09eedaba20d1a7cc6097,e57c26f7888cbed458512dd2b53d7180,delivered,2017-08-07 15:29:39,2017-08-08 15:43:32,2017-08-10 15:08:17,2017-08-23 14:38:16,2017-08-31 00:00:00,2017-08-07,2017-08-31 00:00:00.000000,2026-08-27T05:17:09.287600+00:00,D:/D drive recovery/Shiva JH/Projects/OneLake Medallion/data/landing/2017-08-07/orders.parquet,2017-08-07
9f101be6d0a10cb40cc622691e49714c,062ef9c4ca1960871896825b2c3a1f9a,delivered,2017-08-07 11:29:34,2017-08-07 12:03:20,2017-08-10 18:42:16,2017-08-14 14:56:38,2017-09-01 00:00:00,2017-08-07,2017-09-01 00:00:00.000000,2026-08-27T05:17:09.287600+00:00,D:/D drive recovery/Shiva JH/Projects/OneLake Medallion/data/landing/2017-08-07/orders.parquet,2017-08-07
f2bb3a124d84782133f5aadabe42adca,818d1d4546811376391993b7b82d689b,delivered,2017-08-07 14:29:45,2017-08-07 14:45:16,2017-08-11 20:41:49,2017-08-14 18:14:11,2017-08-18 00:00:00,2017-08-07,2017-08-18 00:00:00.000000,2026-08-27T05:17:09.287600+00:00,D:/D drive recovery/Shiva JH/Projects/OneLake Medallion/data/landing/2017-08-07/orders.parquet,2017-08-07
72ba71ffcbc76a06e416c07d00d047f0,5094c0bd47f5fe28ddd902de34ebdd4d,delivered,2017-08-07 01:29:46,2017-08-07 01:45:06,2017-08-08 18:58:19,2017-08-14 19:04:49,2017-08-29 00:00:00,2017-08-07,2017-08-29 00:00:00.000000,2026-08-27T05:17:09.287600+00:00,D:/D drive recovery/Shiva JH/Projects/OneLake Medallion/data/landing/2017-08-07/orders.parquet,2017-08-07
0d6b94a6fbdff968503c0aa3e7bffdbf,0a160d7838c9baf60991f2b623ea69ab,delivered,2017-08-07 18:51:58,2017-08-07 20:03:15,2017-08-09 14:04:35,2017-08-28 20:48:01,2017-08-31 00:00:00,2017-08-07,2017-08-31 00:00:00.000000,2026-08-27T05:17:09.287600+00:00,D:/D drive recovery/Shiva JH/Projects/OneLake Medallion/data/landing/2017-08-07/orders.parquet,2017-08-07
e588764e20ea16aa323300b4b52de660,493db3eca4ddc49b4c6a71d743aef4b0,delivered,2017-08-07 22:03:59,2017-08-07 22:45:17,2017-08-08 17:33:35,2017-08-25 18:07:52,2017-09-06 00:00:00,2017-08-07,2017-09-06 00:00:00.000000,2026-08-27T05:17:09.287600+00:00,D:/D drive recovery/Shiva JH/Projects/OneLake Medallion/data/landing/2017-08-07/orders.parquet,2017-08-07
fd22d0466cd7c6203111661f9efc93a1,6a203c8a8113cab225817117e15aa9cb,delivered,2017-08-07 18:52:22,2017-08-07 19:23:28,2017-08-10 19:34:24,2017-08-16 20:33:18,2017-08-29 00:00:00,2017-08-07,2017-08-29 00:00:00.000000,2026-08-27T05:17:09.287600+00:00,D:/D drive recovery/Shiva JH/Projects/OneLake Medallion/data/landing/2017-08-07/orders.parquet,2017-08-07
aa07fc0f496d65986abc9044683b8800,39256804b05cde32ac8f5ed003645f6b,delivered,2017-08-19 18:28:11,2017-08-19 18:44:14,2017-08-21 18:40:30,2017-08-25 16:05:15,2017-09-21 00:00:00,2017-08-19,2017-09-21 00:00:00.000000,2026-08-27T05:17:09.287600+00:00,D:/D drive recovery/Shiva JH/Projects/OneLake Medallion/data/landing/2017-08-19/orders.parquet,2017-08-19
30f3565c987f787c24733cdb37313a0c,6621fc803c8d57a9007f43d50c52694e,delivered,2017-08-31 13:21:36,2017-08-31 14:00:11,2017-09-01 20:22:25,2017-09-11 19:42:34,2017-09-22 00:00:00,2017-08-31,2017-09-22 00:00:00.000000,2026-08-27T05:17:09.287600+00:00,D:/D drive recovery/Shiva JH/Projects/OneLake Medallion/data/landing/2017-08-31/orders.parquet,2017-08-31
572acae7da06b5b656a1b296d1fb131f,79aff2ef60b4eb882529f6f5f132ddd1,delivered,2017-08-31 19:05:02,2017-09-01 02:15:39,2017-09-07 00:22:29,2017-09-15 21:13:49,2017-09-21 00:00:00,2017-08-31,2017-09-21 00:00:00.000000,2026-08-27T05:17:09.287600+00:00,D:/D drive recovery/Shiva JH/Projects/OneLake Medallion/data/landing/2017-08-31/orders.parquet,2017-08-31
be4c0eb384232a183463d7d7604842d3,28c6bfe9a3f5185dd1edba41d9e6a975,delivered,2017-08-31 13:14:14,2017-08-31 13:25:46,2017-08-31 20:24:22,2017-09-11 18:52:06,2017-09-27 00:00:00,2017-08-31,2017-09-27 00:00:00.000000,2026-08-27T05:17:09.287600+00:00,D:/D drive recovery/Shiva JH/Projects/OneLake Medallion/data/landing/2017-08-31/orders.parquet,2017-08-31
e972859dd2d7d7681b40ecd41a465361,f9b0e8cc11858ed04c3b6690e47e2100,delivered,2017-08-31 23:08:31,2017-08-31 23:15:18,2017-09-05 22:49:48,2017-09-12 20:54:46,2017-09-28 00:00:00,2017-08-31,2017-09-28 00:00:00.000000,2026-08-27T05:17:09.287600+00:00,D:/D drive recovery/Shiva JH/Projects/OneLake Medallion/data/landing/2017-08-31/orders.parquet,2017-08-31
0896d006da3ad8dc1b39b408ea428eb0,328940eae1f0fc2517af314e26854533,delivered,2017-09-12 11:15:53,2017-09-13 11:25:21,2017-09-13 19:15:42,2017-09-22 17:19:50,2017-10-04 00:00:00,2017-09-12,2017-10-04 00:00:00.000000,2026-08-27T05:17:09.287600+00:00,D:/D drive recovery/Shiva JH/Projects/OneLake Medallion/data/landing/2017-09-12/orders.parquet,2017-09-12
c9c0bd3b9db92cebece12e761bb8454c,e26479d04765d65d6a871173f38ff5a9,delivered,2017-09-12 08:37:51,2017-09-12 08:50:22,2017-09-13 13:12:27,2017-09-19 17:37:14,2017-10-04 00:00:00,2017-09-12,2017-10-04 00:00:00.000000,2026-08-27T05:17:09.287600+00:00,D:/D drive recovery/Shiva JH/Projects/OneLake Medallion/data/landing/2017-09-12/orders.parquet,2017-09-12
ded9b5ad95de67a5c760e7941c8309c1,af53cb36eff709464404f2d00c290c41,delivered,2017-09-12 12:34:13,2017-09-13 03:25:01,2017-09-14 19:59:39,2017-09-27 16:58:08,2017-10-31 00:00:00,2017-09-12,2017-10-31 00:00:00.000000,2026-08-27T05:17:09.287600+00:00,D:/D drive recovery/Shiva JH/Projects/OneLake Medallion/data/landing/2017-09-12/orders.parquet,2017-09-12
456e593fb7f3e6083eb5adf9a48290f8,a8db1a617aa5a1a57f98222e589bc508,delivered,2017-09-12 08:10:08,2017-09-12 08:24:51,2017-09-21 14:56:18,2017-09-26 21:17:46,2017-10-18 00:00:00,2017-09-12,2017-10-18 00:00:00.000000,2026-08-27T05:17:09.287600+00:00,D:/D drive recovery/Shiva JH/Projects/OneLake Medallion/data/landing/2017-09-12/orders.parquet,2017-09-12
c8bb5e3a323ce2493a2a00f055b10f11,1314035a90e7564cd6612e1cc9d7c9f5,delivered,2017-09-12 21:22:11,2017-09-12 21:30:23,2017-09-13 14:42:36,2017-09-29 19:37:52,2017-10-02 00:00:00,2017-09-12,2017-10-02 00:00:00.000000,2026-08-27T05:17:09.287600+00:00,D:/D drive recovery/Shiva JH/Projects/OneLake Medallion/data/landing/2017-09-12/orders.parquet,2017-09-12
557cc2675910c4a6c9b54ad276f25097,b78f37cd0654fbbf35c5277b24936535,delivered,2017-09-24 22:31:42,2017-09-24 22:45:23,2017-09-26 12:22:01,2017-10-01 16:25:20,2017-10-10 00:00:00,2017-09-24,2017-10-10 00:00:00.000000,2026-08-27T05:17:09.287600+00:00,D:/D drive recovery/Shiva JH/Projects/OneLake Medallion/data/landing/2017-09-24/orders.parquet,2017-09-24
d5aa77f5eed8acdd598a687ccc27cfa8,846ebdc9aa938e421601375cc2c28279,delivered,2017-10-06 15:45:54,2017-10-06 15:56:21,2017-10-30 17:54:10,2017-10-31 12:15:06,2017-10-24 00:00:00,2017-10-06,2017-10-31 12:15:06.000000,2026-08-27T05:17:09.287600+00:00,D:/D drive recovery/Shiva JH/Projects/OneLake Medallion/data/landing/2017-10-06/orders.parquet,2017-10-06
ea87e1e6046149ed0257414f5021caa4,6b9c6a63939e89c62a3f22a12cc4d59f,delivered,2017-10-06 19:49:17,2017-10-06 20:06:00,2017-10-20 16:42:22,2017-10-30 21:40:01,2017-11-10 00:00:00,2017-10-06,2017-11-10 00:00:00.000000,2026-08-27T05:17:09.287600+00:00,D:/D drive recovery/Shiva JH/Projects/OneLake Medallion/data/landing/2017-10-06/orders.parquet,2017-10-06
0ca8999f0176e37f35b6e49a9b2569da,750f02af7b06bb81d84d3e44b9afc6d3,delivered,2017-10-06 10:52:01,2017-10-07 10:49:27,2017-10-20 20:33:58,2017-10-24 13:36:19,2017-10-24 00:00:00,2017-10-06,2017-10-24 13:36:19.000000,2026-08-27T05:17:09.287600+00:00,D:/D drive recovery/Shiva JH/Projects/OneLake Medallion/data/landing/2017-10-06/orders.parquet,2017-10-06
48dcae389be2ddd6ad3ba930055ebe4f,51ca168d7521026309599e5567efe070,delivered,2017-10-06 10:50:26,2017-10-06 11:07:10,2017-10-09 22:53:39,2017-10-24 20:07:52,2017-11-10 00:00:00,2017-10-06,2017-11-10 00:00:00.000000,2026-08-27T05:17:09.287600+00:00,D:/D drive recovery/Shiva JH/Projects/OneLake Medallion/data/landing/2017-10-06/orders.parquet,2017-10-06
37e2f07d315a41d5a272a4bb61fa0b01,e17af9a9943121826e8b03d00d7e8839,delivered,2017-10-18 07:44:18,2017-10-18 07:56:17,2017-10-18 19:12:36,2017-10-23 20:43:55,2017-11-09 00:00:00,2017-10-18,2017-11-09 00:00:00.000000,2026-08-27T05:17:09.287600+00:00,D:/D drive recovery/Shiva JH/Projects/OneLake Medallion/data/landing/2017-10-18/orders.parquet,2017-10-18
16a73b59c868ed5c7152b96b0ebc7693,63e7a08af483dc834e72063957f82e52,delivered,2017-10-18 23:21:35,2017-10-19 23:28:21,2017-10-20 20:42:09,2017-11-01 17:49:38,2017-12-04 00:00:00,2017-10-18,2017-12-04 00:00:00.000000,2026-08-27T05:17:09.287600+00:00,D:/D drive recovery/Shiva JH/Projects/OneLake Medallion/data/landing/2017-10-18/orders.parquet,2017-10-18
cf72ba515bbb8a0ee1723579cc7d0380,91567d33ff85c9c6b6b6d244870bcb01,delivered,2017-10-18 16:20:32,2017-10-18 17:06:35,2017-10-23 17:10:27,2017-10-24 14:59:03,2017-10-30 00:00:00,2017-10-18,2017-10-30 00:00:00.000000,2026-08-27T05:17:09.287600+00:00,D:/D drive recovery/Shiva JH/Projects/OneLake Medallion/data/landing/2017-10-18/orders.parquet,2017-10-18
7c2aefdd602f9df2ae6eb835d3973974,187a820d7c72e9248b35ef98df3438c5,delivered,2017-10-18 05:04:06,2017-10-18 05:14:13,2017-10-19 18:24:47,2017-10-24 22:24:54,2017-11-08 00:00:00,2017-10-18,2017-11-08 00:00:00.000000,2026-08-27T05:17:09.287600+00:00,D:/D drive recovery/Shiva JH/Projects/OneLake Medallion/data/landing/2017-10-18/orders.parquet,2017-10-18
61181b6edca2c3a0b58c77e58d91a8a3,9527825089af32ff7b72aff6e13df266,delivered,2017-10-18 23:35:55,2017-10-18 23:56:39,2017-10-19 19:07:45,2017-10-31 15:50:07,2017-11-16 00:00:00,2017-10-18,2017-11-16 00:00:00.000000,2026-08-27T05:17:09.287600+00:00,D:/D drive recovery/Shiva JH/Projects/OneLake Medallion/data/landing/2017-10-18/orders.parquet,2017-10-18
88ed70c8a41eb5445e5221d691d08a7c,f84b8ca5e0b8b85269d8562fe77dd3b2,delivered,2017-10-18 21:56:13,2017-10-18 23:28:27,2017-10-23 19:43:40,2017-11-08 21:43:49,2017-11-09 00:00:00,2017-10-18,2017-11-09 00:00:00.000000,2026-08-27T05:17:09.287600+00:00,D:/D drive recovery/Shiva JH/Projects/OneLake Medallion/data/landing/2017-10-18/orders.parquet,2017-10-18
a669137c06cc23b7962d63be3a2ad6d1,0192827582be43c2180aee98a48933fa,delivered,2017-10-18 09:57:53,2017-10-18 10:07:20,2017-10-18 21:04:27,2017-10-19 20:58:08,2017-10-30 00:00:00,2017-10-18,2017-10-30 00:00:00.000000,2026-08-27T05:17:09.287600+00:00,D:/D drive recovery/Shiva JH/Projects/OneLake Medallion/data/landing/2017-10-18/orders.parquet,2017-10-18
d856e505d0de5e968c3b1dffca9c8940,f369a6fd1ee964e60011051f9c690c10,delivered,2017-10-18 23:25:15,2017-10-20 05:33:04,2017-10-24 19:37:51,2017-11-04 11:23:54,2017-11-10 00:00:00,2017-10-18,2017-11-10 00:00:00.000000,2026-08-27T05:17:09.287600+00:00,D:/D drive recovery/Shiva JH/Projects/OneLake Medallion/data/landing/2017-10-18/orders.parquet,2017-10-18
6c9fa8bfb266b4c7de3e162fb28f46d8,e57b35089f3e6a0d985ed0cd3579df5e,delivered,2017-10-18 12:34:11,2017-10-19 02:49:13,2017-10-27 22:31:50,2017-10-31 18:57:30,2017-11-07 00:00:00,2017-10-18,2017-11-07 00:00:00.000000,2026-08-27T05:17:09.287600+00:00,D:/D drive recovery/Shiva JH/Projects/OneLake Medallion/data/landing/2017-10-18/orders.parquet,2017-10-18
c269cce123fb9db14b5d2cbe52b36ea5,8cd37167a058d200beb23cb47ee2e59f,delivered,2017-10-30 08:48:43,2017-10-31 03:50:29,2017-10-31 16:48:43,2017-11-08 23:25:04,2017-11-17 00:00:00,2017-10-30,2017-11-17 00:00:00.000000,2026-08-27T05:17:09.287600+00:00,D:/D drive recovery/Shiva JH/Projects/OneLake Medallion/data/landing/2017-10-30/orders.parquet,2017-10-30
a68ddd6009f7c4914e2bc86567262d3b,f004d31d81706b3f328f46dda10d9ef3,delivered,2017-10-30 15:40:02,2017-10-30 16:31:24,2017-10-31 16:43:44,2017-12-02 00:41:52,2017-11-21 00:00:00,2017-10-30,2017-12-02 00:41:52.000000,2026-08-27T05:17:09.287600+00:00,D:/D drive recovery/Shiva JH/Projects/OneLake Medallion/data/landing/2017-10-30/orders.parquet,2017-10-30
873950bfe2dcc227baea5f82f8f2a438,b17c7301c206c221fb2ee6552862dd32,delivered,2017-11-11 12:36:42,2017-11-11 12:50:46,2017-11-13 17:55:05,2017-11-15 12:54:40,2017-11-27 00:00:00,2017-11-11,2017-11-27 00:00:00.000000,2026-08-27T05:17:09.287600+00:00,D:/D drive recovery/Shiva JH/Projects/OneLake Medallion/data/landing/2017-11-11/orders.parquet,2017-11-11
d124af20920be41458d0325b9827df31,615c294dbb4ab963db7ea37dc1f60cbc,delivered,2017-11-11 15:09:40,2017-11-11 15:27:02,2017-11-14 16:11:59,2017-12-05 17:14:14,2017-11-27 00:00:00,2017-11-11,2017-12-05 17:14:14.000000,2026-08-27T05:17:09.287600+00:00,D:/D drive recovery/Shiva JH/Projects/OneLake Medallion/data/landing/2017-11-11/orders.parquet,2017-11-11
84e4486c820db46414cbfb1dbbe80889,93a76cec9665317ca677f7800987b681,delivered,2017-11-23 22:56:37,2017-11-23 23:08:23,2017-11-24 21:38:41,2017-12-02 17:28:52,2017-12-14 00:00:00,2017-11-23,2017-12-14 00:00:00.000000,2026-08-27T05:17:09.287600+00:00,D:/D drive recovery/Shiva JH/Projects/OneLake Medallion/data/landing/2017-11-23/orders.parquet,2017-11-23
37106a52065add00bf3e59408c290323,11cdfd80e0dc15257ad8671e2736bedc,delivered,2017-11-23 14:41:57,2017-11-25 03:51:33,2017-11-27 17:34:24,2017-12-05 20:04:34,2017-12-15 00:00:00,2017-11-23,2017-12-15 00:00:00.000000,2026-08-27T05:17:09.287600+00:00,D:/D drive recovery/Shiva JH/Projects/OneLake Medallion/data/landing/2017-11-23/orders.parquet,2017-11-23
e271431ad37021b0e445c4f01a6ff83c,2e8e02f3c8ccc706642c7c42b68178ef,delivered,2017-11-23 13:04:12,2017-11-25 05:18:35,2017-11-30 13:51:31,2017-12-15 20:53:25,2017-12-26 00:00:00,2017-11-23,2017-12-26 00:00:00.000000,2026-08-27T05:17:09.287600+00:00,D:/D drive recovery/Shiva JH/Projects/OneLake Medallion/data/landing/2017-11-23/orders.parquet,2017-11-23
2e3d96522c8c378d4135c12a65c977aa,cd0a090974c3b64acf613c18f9fcfe83,shipped,2017-11-23 17:11:23,2017-11-24 10:11:48,2017-11-27 18:52:06,,2017-12-18 00:00:00,2017-11-23,2017-12-18 00:00:00.000000,2026-08-27T05:17:09.287600+00:00,D:/D drive recovery/Shiva JH/Projects/OneLake Medallion/data/landing/2017-11-23/orders.parquet,2017-11-23
a3c3508e603e9411b2b69972993bd079,a4e7d860bac96da229b45c35cca01ac3,delivered,2017-12-05 22:13:10,2017-12-07 03:15:47,2017-12-11 16:49:50,2017-12-19 19:59:17,2018-01-10 00:00:00,2017-12-05,2018-01-10 00:00:00.000000,2026-08-27T05:17:09.287600+00:00,D:/D drive recovery/Shiva JH/Projects/OneLake Medallion/data/landing/2017-12-05/orders.parquet,2017-12-05
33333d8eea2fd73fef836145d8e725ea,96984d20a74a9ad8ccaa00a5891605a5,delivered,2017-12-05 19:04:42,2017-12-05 19:30:50,2017-12-07 23:09:22,2017-12-14 15:58:52,2018-01-09 00:00:00,2017-12-05,2018-01-09 00:00:00.000000,2026-08-27T05:17:09.287600+00:00,D:/D drive recovery/Shiva JH/Projects/OneLake Medallion/data/landing/2017-12-05/orders.parquet,2017-12-05
2f1a68671a42c4f1cb4dad01656333da,048b0452f58c6e76c476af669812b2db,delivered,2017-12-05 14:44:59,2017-12-05 14:52:24,2017-12-12 16:06:40,2017-12-18 22:55:48,2017-12-28 00:00:00,2017-12-05,2017-12-28 00:00:00.000000,2026-08-27T05:17:09.287600+00:00,D:/D drive recovery/Shiva JH/Projects/OneLake Medallion/data/landing/2017-12-05/orders.parquet,2017-12-05
061f2692f309a270bc04537e0a2508bb,4479c24d672d4eb166c60188425da673,delivered,2017-12-05 19:03:15,2017-12-05 19:17:30,2017-12-07 19:53:25,2017-12-10 20:02:56,2017-12-27 00:00:00,2017-12-05,2017-12-27 00:00:00.000000,2026-08-27T05:17:09.287600+00:00,D:/D drive recovery/Shiva JH/Projects/OneLake Medallion/data/landing/2017-12-05/orders.parquet,2017-12-05
9d37b4cfbb7cf24c2397f41803927b9a,1dd772d0efe564f57a787c82c5fcdd87,delivered,2017-12-05 11:36:34,2017-12-05 11:57:47,2017-12-07 21:09:22,2017-12-28 16:17:18,2018-01-03 00:00:00,2017-12-05,2018-01-03 00:00:00.000000,2026-08-27T05:17:09.287600+00:00,D:/D drive recovery/Shiva JH/Projects/OneLake Medallion/data/landing/2017-12-05/orders.parquet,2017-12-05
ba3c3f0a08fc618d7bee784ef3a1574e,890d7395a44463957839140e1ed3c1c5,delivered,2017-12-05 12:30:36,2017-12-06 02:39:31,2017-12-08 20:05:52,2017-12-20 22:27:49,2018-01-05 00:00:00,2017-12-05,2018-01-05 00:00:00.000000,2026-08-27T05:17:09.287600+00:00,D:/D drive recovery/Shiva JH/Projects/OneLake Medallion/data/landing/2017-12-05/orders.parquet,2017-12-05
3a6bf12cb580b92b0d58b93fd1a35e17,503338c1b6e6a0cb8cd2f848c42c7207,delivered,2017-12-05 21:18:13,2017-12-05 21:29:30,2017-12-06 23:51:59,2017-12-07 22:28:52,2017-12-21 00:00:00,2017-12-05,2017-12-21 00:00:00.000000,2026-08-27T05:17:09.287600+00:00,D:/D drive recovery/Shiva JH/Projects/OneLake Medallion/data/landing/2017-12-05/orders.parquet,2017-12-05
53a72dbf29b3890aeae332e05c763169,56df243d9620485f06c20ca3325ca706,delivered,2017-12-05 14:47:59,2017-12-05 14:59:21,2017-12-06 15:24:57,2017-12-27 21:10:33,2018-01-03 00:00:00,2017-12-05,2018-01-03 00:00:00.000000,2026-08-27T05:17:09.287600+00:00,D:/D drive recovery/Shiva JH/Projects/OneLake Medallion/data/landing/2017-12-05/orders.parquet,2017-12-05
f1683f4bfd72d0680bb05961cde27a66,4b27fd4a123002c373099a85ff378e24,delivered,2017-12-05 10:40:17,2017-12-07 03:11:12,2017-12-07 19:34:45,2017-12-12 23:28:38,2018-01-02 00:00:00,2017-12-05,2018-01-02 00:00:00.000000,2026-08-27T05:17:09.287600+00:00,D:/D drive recovery/Shiva JH/Projects/OneLake Medallion/data/landing/2017-12-05/orders.parquet,2017-12-05
d4c58595bdf85c5e0faf0800e4ef4b94,680abf1459550db0026fb833970405ee,delivered,2017-12-05 10:57:50,2017-12-05 11:46:54,2017-12-07 02:08:15,2017-12-13 17:18:42,2017-12-28 00:00:00,2017-12-05,2017-12-28 00:00:00.000000,2026-08-27T05:17:09.287600+00:00,D:/D drive recovery/Shiva JH/Projects/OneLake Medallion/data/landing/2017-12-05/orders.parquet,2017-12-05
6cfe6353d8643785eeccb1f3378ba401,baf986694ca78eadb2db3922ea0d2e4b,delivered,2017-12-17 21:56:40,2017-12-17 22:58:27,2017-12-27 19:27:11,2018-01-16 20:45:15,2018-01-26 00:00:00,2017-12-17,2018-01-26 00:00:00.000000,2026-08-27T05:17:09.287600+00:00,D:/D drive recovery/Shiva JH/Projects/OneLake Medallion/data/landing/2017-12-17/orders.parquet,2017-12-17
8ed3cf9546af963a08c97b1edfe352d2,05c36681ebcba4e5116cb0046aa1f525,delivered,2017-12-17 18:26:09,2017-12-17 19:29:54,2017-12-21 18:23:25,2017-12-29 18:18:08,2018-01-15 00:00:00,2017-12-17,2018-01-15 00:00:00.000000,2026-08-27T05:17:09.287600+00:00,D:/D drive recovery/Shiva JH/Projects/OneLake Medallion/data/landing/2017-12-17/orders.parquet,2017-12-17
633dd5a92f78d119e8d78b055c418fcd,8eb9f6a7d864b5cf7535b13fbe0971c5,delivered,2017-12-17 12:00:37,2017-12-17 12:10:28,2017-12-19 21:33:25,2018-01-02 18:52:15,2018-01-24 00:00:00,2017-12-17,2018-01-24 00:00:00.000000,2026-08-27T05:17:09.287600+00:00,D:/D drive recovery/Shiva JH/Projects/OneLake Medallion/data/landing/2017-12-17/orders.parquet,2017-12-17
f0d9a9e5ae6be6b5b74b1d58208e6261,5ac3eedd22a6b9b50cf801e60e4fc8e7,delivered,2017-12-29 11:10:34,2017-12-29 11:27:32,2018-01-04 22:56:58,2018-02-08 20:33:29,2018-02-01 00:00:00,2017-12-29,2018-02-08 20:33:29.000000,2026-08-27T05:17:09.287600+00:00,D:/D drive recovery/Shiva JH/Projects/OneLake Medallion/data/landing/2017-12-29/orders.parquet,2017-12-29
91a333766463bf60b5dcb78750da0f51,f45c4ec1717ebf7327a3d7b5c9b04201,delivered,2017-12-29 17:36:16,2017-12-29 18:31:19,2018-01-02 19:13:45,2018-01-04 22:36:27,2018-01-24 00:00:00,2017-12-29,2018-01-24 00:00:00.000000,2026-08-27T05:17:09.287600+00:00,D:/D drive recovery/Shiva JH/Projects/OneLake Medallion/data/landing/2017-12-29/orders.parquet,2017-12-29
bb386dd878f0e22e224e88bf470d8bba,e95e1273db2c542bfc5d439d377eaf2e,delivered,2017-12-29 09:33:45,2017-12-29 09:47:49,2018-01-02 19:47:42,2018-01-13 17:04:30,2018-02-07 00:00:00,2017-12-29,2018-02-07 00:00:00.000000,2026-08-27T05:17:09.287600+00:00,D:/D drive recovery/Shiva JH/Projects/OneLake Medallion/data/landing/2017-12-29/orders.parquet,2017-12-29
122f89bf1364c998d4a766ff07d87b9b,81ce1286e7a8b0caaa0bfcdf19f2ca1a,delivered,2017-12-29 16:56:38,2017-12-29 17:07:49,2018-01-02 16:37:33,2018-01-09 20:33:40,2018-01-31 00:00:00,2017-12-29,2018-01-31 00:00:00.000000,2026-08-27T05:17:09.287600+00:00,D:/D drive recovery/Shiva JH/Projects/OneLake Medallion/data/landing/2017-12-29/orders.parquet,2017-12-29
b86b409722c5a0526855d0df0076609b,c7a95f71c103ce85bb699cc7433f01e1,delivered,2017-12-29 10:44:38,2017-12-29 10:52:27,2017-12-29 20:32:54,2018-01-29 19:45:56,2018-01-31 00:00:00,2017-12-29,2018-01-31 00:00:00.000000,2026-08-27T05:17:09.287600+00:00,D:/D drive recovery/Shiva JH/Projects/OneLake Medallion/data/landing/2017-12-29/orders.parquet,2017-12-29
47d4cec8efbcb39b6dad3398a957ae67,ff6414bc057a2275b727e817428a1637,delivered,2017-12-29 09:13:12,2017-12-29 09:31:27,2018-01-02 18:19:11,2018-01-22 23:09:32,2018-02-05 00:00:00,2017-12-29,2018-02-05 00:00:00.000000,2026-08-27T05:17:09.287600+00:00,D:/D drive recovery/Shiva JH/Projects/OneLake Medallion/data/landing/2017-12-29/orders.parquet,2017-12-29
91151a1839749882e607fb8d0c0a2a71,007d1c8a4fe2a7d4233d5ad3ea74a29b,delivered,2018-01-10 21:48:42,2018-01-12 02:35:46,2018-01-16 19:06:37,2018-01-26 18:17:47,2018-01-31 00:00:00,2018-01-10,2018-01-31 00:00:00.000000,2026-08-27T05:17:09.287600+00:00,D:/D drive recovery/Shiva JH/Projects/OneLake Medallion/data/landing/2018-01-10/orders.parquet,2018-01-10
424324b09cd7245a213d08d46272e9e6,c9449e3fd9b76b6495a0fdf2a49e4711,delivered,2018-01-10 10:56:48,2018-01-12 10:17:21,2018-01-15 18:35:03,2018-01-16 21:32:50,2018-01-29 00:00:00,2018-01-10,2018-01-29 00:00:00.000000,2026-08-27T05:17:09.287600+00:00,D:/D drive recovery/Shiva JH/Projects/OneLake Medallion/data/landing/2018-01-10/orders.parquet,2018-01-10
dbf950454e4e2ce02692d5a05aa7a304,f1719554f23dca686fac4913bb333447,delivered,2018-01-10 11:11:05,2018-01-10 11:51:20,2018-01-11 11:58:34,2018-01-13 00:25:09,2018-01-29 00:00:00,2018-01-10,2018-01-29 00:00:00.000000,2026-08-27T05:17:09.287600+00:00,D:/D drive recovery/Shiva JH/Projects/OneLake Medallion/data/landing/2018-01-10/orders.parquet,2018-01-10
0fd2cbcb61ecd83360e6ba4f37059f11,11ff3d8979f6bf8d7cfa2d8b0e61a46c,delivered,2018-01-10 19:22:09,2018-01-10 19:34:30,2018-01-15 23:23:05,2018-01-25 18:26:38,2018-01-30 00:00:00,2018-01-10,2018-01-30 00:00:00.000000,2026-08-27T05:17:09.287600+00:00,D:/D drive recovery/Shiva JH/Projects/OneLake Medallion/data/landing/2018-01-10/orders.parquet,2018-01-10
8f8634cbfb1b971fbea53d83c59105b0,6208d45dfab61d93d63c82f085d7617d,delivered,2018-01-10 20:41:45,2018-01-10 20:50:39,2018-01-11 23:39:17,2018-01-19 22:18:29,2018-02-02 00:00:00,2018-01-10,2018-02-02 00:00:00.000000,2026-08-27T05:17:09.287600+00:00,D:/D drive recovery/Shiva JH/Projects/OneLake Medallion/data/landing/2018-01-10/orders.parquet,2018-01-10
e22739f2795ccf571ea9b5634b5bef5f,9684d6a43efb29f118833629c617812a,delivered,2018-01-10 15:42:09,2018-01-10 15:54:25,2018-01-15 22:26:48,2018-01-22 19:58:56,2018-02-02 00:00:00,2018-01-10,2018-02-02 00:00:00.000000,2026-08-27T05:17:09.287600+00:00,D:/D drive recovery/Shiva JH/Projects/OneLake Medallion/data/landing/2018-01-10/orders.parquet,2018-01-10
2c3a5e5f5bc3ae78ed5748461e62d47d,5f2bc926ec92aa65c33b70ed59e74175,delivered,2018-01-22 19:22:26,2018-01-22 19:36:30,2018-01-24 00:34:56,2018-02-06 15:49:01,2018-02-06 00:00:00,2018-01-22,2018-02-06 15:49:01.000000,2026-08-27T05:17:09.287600+00:00,D:/D drive recovery/Shiva JH/Projects/OneLake Medallion/data/landing/2018-01-22/orders.parquet,2018-01-22
1c1f19ca40392b67aa5f9627ad2d1029,2f66dd76c152cd335432a4f0a672d536,delivered,2018-01-22 17:42:03,2018-01-22 17:54:40,2018-01-23 18:26:44,2018-01-26 17:52:00,2018-02-14 00:00:00,2018-01-22,2018-02-14 00:00:00.000000,2026-08-27T05:17:09.287600+00:00,D:/D drive recovery/Shiva JH/Projects/OneLake Medallion/data/landing/2018-01-22/orders.parquet,2018-01-22
7f40591eeef659da2bc93d2735fa9476,e98d4459ce911f6ae3aa3c9c0f3d94bd,delivered,2018-01-22 23:27:48,2018-01-22 23:38:23,2018-01-23 21:15:40,2018-01-25 23:46:54,2018-02-06 00:00:00,2018-01-22,2018-02-06 00:00:00.000000,2026-08-27T05:17:09.287600+00:00,D:/D drive recovery/Shiva JH/Projects/OneLake Medallion/data/landing/2018-01-22/orders.parquet,2018-01-22
896a98eb2680bdc1b1f621e02c6b9d08,e7e06aee55b48397aff8236ae9241175,delivered,2018-01-22 23:35:34,2018-01-24 10:16:27,2018-01-25 23:58:27,2018-02-08 18:04:01,2018-02-26 00:00:00,2018-01-22,2018-02-26 00:00:00.000000,2026-08-27T05:17:09.287600+00:00,D:/D drive recovery/Shiva JH/Projects/OneLake Medallion/data/landing/2018-01-22/orders.parquet,2018-01-22
1d28af766063913e28a09606c0ee6fee,c57438c44211c48b6e71a6e50c40ab83,delivered,2018-01-22 18:38:28,2018-01-22 18:57:11,2018-01-24 22:37:01,2018-01-29 13:26:50,2018-02-16 00:00:00,2018-01-22,2018-02-16 00:00:00.000000,2026-08-27T05:17:09.287600+00:00,D:/D drive recovery/Shiva JH/Projects/OneLake Medallion/data/landing/2018-01-22/orders.parquet,2018-01-22
1e4dc51447faa970879bb120932eebb6,62713a902fd08c5ef31f5f108e95a168,unavailable,2018-01-22 09:27:54,2018-01-23 03:52:47,,,2018-02-14 00:00:00,2018-01-22,2018-02-14 00:00:00.000000,2026-08-27T05:17:09.287600+00:00,D:/D drive recovery/Shiva JH/Projects/OneLake Medallion/data/landing/2018-01-22/orders.parquet,2018-01-22
2cfd5a10761ea2f9ebe13e7204c54c37,67d578918d024742ac444aac83cc6978,delivered,2018-01-22 20:47:30,2018-01-23 17:28:27,2018-01-25 16:58:58,2018-01-31 22:48:53,2018-02-19 00:00:00,2018-01-22,2018-02-19 00:00:00.000000,2026-08-27T05:17:09.287600+00:00,D:/D drive recovery/Shiva JH/Projects/OneLake Medallion/data/landing/2018-01-22/orders.parquet,2018-01-22
04bef466ed85bb9eca9a6165d765574c,043e4ab7fb6ce15a641ee24c596a1e4e,delivered,2018-01-22 22:22:59,2018-01-22 22:33:19,2018-01-24 18:21:34,2018-02-23 18:28:54,2018-02-22 00:00:00,2018-01-22,2018-02-23 18:28:54.000000,2026-08-27T05:17:09.287600+00:00,D:/D drive recovery/Shiva JH/Projects/OneLake Medallion/data/landing/2018-01-22/orders.parquet,2018-01-22
9bf7384574b699b32297382b5df68d09,f4a4d39c7832ae7e22deddde1122de01,delivered,2018-02-03 17:03:44,2018-02-03 17:15:38,2018-02-05 21:53:51,2018-02-14 22:15:28,2018-03-08 00:00:00,2018-02-03,2018-03-08 00:00:00.000000,2026-08-27T05:17:09.287600+00:00,D:/D drive recovery/Shiva JH/Projects/OneLake Medallion/data/landing/2018-02-03/orders.parquet,2018-02-03
28deb75c8cd00d9b37fc3376aca1cc09,1e44f87bfae5a9d7d58881727051db1f,delivered,2018-02-03 14:07:55,2018-02-03 14:30:21,2018-02-08 22:23:56,2018-02-23 17:53:11,2018-03-14 00:00:00,2018-02-03,2018-03-14 00:00:00.000000,2026-08-27T05:17:09.287600+00:00,D:/D drive recovery/Shiva JH/Projects/OneLake Medallion/data/landing/2018-02-03/orders.parquet,2018-02-03
30fb13279028a5d1ebc47f8ace9b041f,8b36301602029ac8f28e6f14a682c089,delivered,2018-02-03 19:49:00,2018-02-04 19:49:25,2018-02-05 19:53:20,2018-02-22 14:59:18,2018-03-08 00:00:00,2018-02-03,2018-03-08 00:00:00.000000,2026-08-27T05:17:09.287600+00:00,D:/D drive recovery/Shiva JH/Projects/OneLake Medallion/data/landing/2018-02-03/orders.parquet,2018-02-03
1ded4213705262539b563c8f1a535044,a9132d11118521f5bcc480e1b814e9de,delivered,2018-02-15 21:25:21,2018-02-15 21:46:17,2018-02-17 01:14:44,2018-03-05 15:28:38,2018-03-13 00:00:00,2018-02-15,2018-03-13 00:00:00.000000,2026-08-27T05:17:09.287600+00:00,D:/D drive recovery/Shiva JH/Projects/OneLake Medallion/data/landing/2018-02-15/orders.parquet,2018-02-15
3e260a92ff50c19fbc36aa8a1d0970d1,981e0c95984009d4b5f08e1cc422e0c8,delivered,2018-02-15 16:57:37,2018-02-15 17:10:24,2018-02-21 21:23:27,2018-03-07 19:26:40,2018-03-20 00:00:00,2018-02-15,2018-03-20 00:00:00.000000,2026-08-27T05:17:09.287600+00:00,D:/D drive recovery/Shiva JH/Projects/OneLake Medallion/data/landing/2018-02-15/orders.parquet,2018-02-15
e61f15c94900d1cc4cebd96be96f3823,2dc6da2422b959b13272324bc019347f,delivered,2018-02-15 01:48:47,2018-02-15 02:27:21,2018-02-15 19:39:16,2018-02-26 14:46:26,2018-03-07 00:00:00,2018-02-15,2018-03-07 00:00:00.000000,2026-08-27T05:17:09.287600+00:00,D:/D drive recovery/Shiva JH/Projects/OneLake Medallion/data/landing/2018-02-15/orders.parquet,2018-02-15
b2e21801242d20d3f1f17a2e99dbd5f7,ec972c7a4579ae890c96bd8d9f299354,delivered,2018-02-15 13:50:07,2018-02-15 14:07:34,2018-02-16 00:07:53,2018-02-26 20:25:40,2018-03-07 00:00:00,2018-02-15,2018-03-07 00:00:00.000000,2026-08-27T05:17:09.287600+00:00,D:/D drive recovery/Shiva JH/Projects/OneLake Medallion/data/landing/2018-02-15/orders.parquet,2018-02-15
cdc8b4ad3c6deb7fc303fb91abe7bc0f,9cec1fab93e0ea9b843a7c36c5c8316d,delivered,2018-02-15 12:54:37,2018-02-15 13:10:27,2018-02-16 21:17:59,2018-03-13 23:28:28,2018-03-12 00:00:00,2018-02-15,2018-03-13 23:28:28.000000,2026-08-27T05:17:09.287600+00:00,D:/D drive recovery/Shiva JH/Projects/OneLake Medallion/data/landing/2018-02-15/orders.parquet,2018-02-15
a9884879d65dd954426915174ac439ad,39c082628d716c7e5d595b2c28ba81ea,delivered,2018-02-15 21:27:07,2018-02-17 03:36:29,2018-02-19 19:57:45,2018-03-02 01:16:35,2018-03-14 00:00:00,2018-02-15,2018-03-14 00:00:00.000000,2026-08-27T05:17:09.287600+00:00,D:/D drive recovery/Shiva JH/Projects/OneLake Medallion/data/landing/2018-02-15/orders.parquet,2018-02-15
9acc95f3652577fb8a5c8b1a7ee9bd96,3c601c73d44079bc52d371186f7a05d0,canceled,2018-02-15 20:18:27,2018-02-16 14:06:37,,,2018-03-14 00:00:00,2018-02-15,2018-03-14 00:00:00.000000,2026-08-27T05:17:09.287600+00:00,D:/D drive recovery/Shiva JH/Projects/OneLake Medallion/data/landing/2018-02-15/orders.parquet,2018-02-15
589310d3d488112508a26f3e22ba30ca,34b7eab1f76104e9b749d01a9a00710c,delivered,2018-02-27 12:17:08,2018-02-27 12:48:27,2018-03-02 15:18:50,2018-03-13 19:03:02,2018-03-19 00:00:00,2018-02-27,2018-03-19 00:00:00.000000,2026-08-27T05:17:09.287600+00:00,D:/D drive recovery/Shiva JH/Projects/OneLake Medallion/data/landing/2018-02-27/orders.parquet,2018-02-27
ae168dfba236919411fe08f336fefa44,63572a1269de35c881dc1ca268e20fa0,delivered,2018-02-27 09:10:07,2018-02-27 09:30:27,2018-03-07 22:07:22,2018-03-16 23:56:32,2018-03-22 00:00:00,2018-02-27,2018-03-22 00:00:00.000000,2026-08-27T05:17:09.287600+00:00,D:/D drive recovery/Shiva JH/Projects/OneLake Medallion/data/landing/2018-02-27/orders.parquet,2018-02-27
7b851c9a82166bba7e2bce7bc005a226,3525876b026b30927d11863412612b13,delivered,2018-02-27 19:40:22,2018-02-27 20:09:25,2018-03-05 22:09:01,2018-03-06 23:52:58,2018-03-13 00:00:00,2018-02-27,2018-03-13 00:00:00.000000,2026-08-27T05:17:09.287600+00:00,D:/D drive recovery/Shiva JH/Projects/OneLake Medallion/data/landing/2018-02-27/orders.parquet,2018-02-27
75e005e5bcbda5404c4c3f5dcb16f7ae,941e3d52d6ec11f3162bd535afecee7f,delivered,2018-02-27 23:59:53,2018-03-01 02:50:49,2018-03-02 19:52:36,2018-03-05 18:00:04,2018-03-14 00:00:00,2018-02-27,2018-03-14 00:00:00.000000,2026-08-27T05:17:09.287600+00:00,D:/D drive recovery/Shiva JH/Projects/OneLake Medallion/data/landing/2018-02-27/orders.parquet,2018-02-27
a3958d69eb857cd9af63d8f40948e64d,c49e16e5e412769ba4488a1b0493582a,delivered,2018-02-27 08:20:03,2018-02-28 09:35:59,2018-03-01 19:49:21,2018-03-21 20:03:47,2018-03-20 00:00:00,2018-02-27,2018-03-21 20:03:47.000000,2026-08-27T05:17:09.287600+00:00,D:/D drive recovery/Shiva JH/Projects/OneLake Medallion/data/landing/2018-02-27/orders.parquet,2018-02-27
4c1820d7f03f21dc27c9fc40eba8e860,72b6223a65c6ed5956f7fb882e420d84,delivered,2018-02-27 16:46:54,2018-02-27 17:10:17,2018-03-01 22:48:48,2018-04-17 16:51:28,2018-03-23 00:00:00,2018-02-27,2018-04-17 16:51:28.000000,2026-08-27T05:17:09.287600+00:00,D:/D drive recovery/Shiva JH/Projects/OneLake Medallion/data/landing/2018-02-27/orders.parquet,2018-02-27
58cd1eb79e3ed5abe07691143092d982,5de4c139e8bfb982b5fcdce367a5aafe,delivered,2018-02-27 17:51:03,2018-02-27 18:10:30,2018-03-01 13:35:29,2018-04-13 18:38:46,2018-03-19 00:00:00,2018-02-27,2018-04-13 18:38:46.000000,2026-08-27T05:17:09.287600+00:00,D:/D drive recovery/Shiva JH/Projects/OneLake Medallion/data/landing/2018-02-27/orders.parquet,2018-02-27
b951bb66b451384026a3308f84f1eab9,ab9cefdc87045d3caf9d99f66f9cabf7,delivered,2018-02-27 21:43:37,2018-02-28 21:48:16,2018-03-02 18:05:47,2018-04-21 19:03:19,2018-03-19 00:00:00,2018-02-27,2018-04-21 19:03:19.000000,2026-08-27T05:17:09.287600+00:00,D:/D drive recovery/Shiva JH/Projects/OneLake Medallion/data/landing/2018-02-27/orders.parquet,2018-02-27
9b95a53cadb5a007d0928bd00265ea08,5686c502f1da3eb97a6b7624efcbee25,delivered,2018-02-27 16:35:46,2018-02-28 09:29:26,2018-03-05 22:43:01,2018-04-05 20:29:39,2018-03-29 00:00:00,2018-02-27,2018-04-05 20:29:39.000000,2026-08-27T05:17:09.287600+00:00,D:/D drive recovery/Shiva JH/Projects/OneLake Medallion/data/landing/2018-02-27/orders.parquet,2018-02-27
d22be2a4da2ca6e4cf8f164d63f5be02,d127a44d04cb62dc42601454eba26be4,delivered,2018-02-27 21:25:02,2018-02-27 21:35:33,2018-02-28 22:19:10,2018-03-16 21:38:35,2018-04-02 00:00:00,2018-02-27,2018-04-02 00:00:00.000000,2026-08-27T05:17:09.287600+00:00,D:/D drive recovery/Shiva JH/Projects/OneLake Medallion/data/landing/2018-02-27/orders.parquet,2018-02-27
26cdf11da38117ed1bca961a210dd21d,898c951d2faff7482c962f6ec525adb6,delivered,2018-02-27 09:06:14,2018-02-28 09:50:59,2018-02-28 18:29:16,2018-03-16 18:52:19,2018-03-29 00:00:00,2018-02-27,2018-03-29 00:00:00.000000,2026-08-27T05:17:09.287600+00:00,D:/D drive recovery/Shiva JH/Projects/OneLake Medallion/data/landing/2018-02-27/orders.parquet,2018-02-27
59af26972d088bedece0eddac136ccd5,8ff1c33a29a4649ea4e7c73b7d8a58f3,delivered,2018-02-27 18:02:00,2018-02-27 18:15:32,2018-02-28 17:49:05,2018-03-06 19:35:35,2018-03-19 00:00:00,2018-02-27,2018-03-19 00:00:00.000000,2026-08-27T05:17:09.287600+00:00,D:/D drive recovery/Shiva JH/Projects/OneLake Medallion/data/landing/2018-02-27/orders.parquet,2018-02-27
bd73b77940b4755971250ad4a3cd95b8,7895ebfbdd8fc2dacfde641703e4d481,delivered,2018-03-11 21:41:48,2018-03-13 04:15:39,2018-03-15 21:13:32,2018-03-27 22:22:18,2018-04-04 00:00:00,2018-03-11,2018-04-04 00:00:00.000000,2026-08-27T05:17:09.287600+00:00,D:/D drive recovery/Shiva JH/Projects/OneLake Medallion/data/landing/2018-03-11/orders.parquet,2018-03-11
3e37861f5eeb4e7f465390b54c79bca7,74ed6226fc58f6304ef1b52f22971c8d,delivered,2018-03-11 11:07:49,2018-03-11 11:49:24,2018-03-13 00:54:46,2018-04-16 15:17:31,2018-04-10 00:00:00,2018-03-11,2018-04-16 15:17:31.000000,2026-08-27T05:17:09.287600+00:00,D:/D drive recovery/Shiva JH/Projects/OneLake Medallion/data/landing/2018-03-11/orders.parquet,2018-03-11
4de3ade587f6ec5d1bab54a9c831f1df,6b8e89396ad836f5b045cf752f776742,delivered,2018-03-11 11:38:41,2018-03-11 12:10:00,2018-03-13 22:21:38,2018-03-14 23:51:35,2018-03-22 00:00:00,2018-03-11,2018-03-22 00:00:00.000000,2026-08-27T05:17:09.287600+00:00,D:/D drive recovery/Shiva JH/Projects/OneLake Medallion/data/landing/2018-03-11/orders.parquet,2018-03-11
0ee3384432be1cfa2a044251ca3ea3a4,fb92827a7e6393879861a8d328a43d3a,delivered,2018-03-11 16:26:09,2018-03-11 16:35:25,2018-03-13 11:34:34,2018-03-19 21:18:26,2018-04-03 00:00:00,2018-03-11,2018-04-03 00:00:00.000000,2026-08-27T05:17:09.287600+00:00,D:/D drive recovery/Shiva JH/Projects/OneLake Medallion/data/landing/2018-03-11/orders.parquet,2018-03-11
6518924bc9a484b955e621ee87bc2b60,5029a2d8b52584f6a4ac26c17e7f024f,delivered,2018-03-23 14:41:51,2018-03-27 03:35:12,2018-03-28 12:13:21,2018-04-10 17:52:00,2018-04-13 00:00:00,2018-03-23,2018-04-13 00:00:00.000000,2026-08-27T05:17:09.287600+00:00,D:/D drive recovery/Shiva JH/Projects/OneLake Medallion/data/landing/2018-03-23/orders.parquet,2018-03-23
c9228d6b986db23662580682699083d2,2f3798854c73781e826856a4f3336bba,delivered,2018-03-23 15:02:42,2018-03-23 15:15:22,2018-03-26 19:47:27,2018-04-13 20:24:22,2018-04-16 00:00:00,2018-03-23,2018-04-16 00:00:00.000000,2026-08-27T05:17:09.287600+00:00,D:/D drive recovery/Shiva JH/Projects/OneLake Medallion/data/landing/2018-03-23/orders.parquet,2018-03-23
6b8c62c594c79c27167d9337676cd93a,4b3cff69c9076b5c9f0b5e16b5328360,delivered,2018-03-23 10:44:18,2018-03-23 10:55:31,2018-03-26 22:05:28,2018-03-28 16:41:59,2018-04-05 00:00:00,2018-03-23,2018-04-05 00:00:00.000000,2026-08-27T05:17:09.287600+00:00,D:/D drive recovery/Shiva JH/Projects/OneLake Medallion/data/landing/2018-03-23/orders.parquet,2018-03-23
4e01efb248c52ca8e83181032cf0bdab,779f5d757814bc15d4835560c27d12f0,delivered,2018-03-23 23:25:19,2018-03-23 23:35:23,2018-03-27 01:47:46,2018-04-03 13:29:02,2018-04-19 00:00:00,2018-03-23,2018-04-19 00:00:00.000000,2026-08-27T05:17:09.287600+00:00,D:/D drive recovery/Shiva JH/Projects/OneLake Medallion/data/landing/2018-03-23/orders.parquet,2018-03-23
57519b17e3776c2f4fa3a4e7fe69ccf8,c35d3d5d1356c183c2742edd2f8ccbef,delivered,2018-03-23 12:30:42,2018-03-27 04:08:47,2018-03-28 22:57:24,2018-04-03 00:28:55,2018-04-05 00:00:00,2018-03-23,2018-04-05 00:00:00.000000,2026-08-27T05:17:09.287600+00:00,D:/D drive recovery/Shiva JH/Projects/OneLake Medallion/data/landing/2018-03-23/orders.parquet,2018-03-23
0921e6115b1fcc24d5dcf35570b68933,214270a60aed81931980eaed78e631f4,delivered,2018-04-04 10:40:04,2018-04-04 10:55:17,2018-04-05 22:32:39,2018-05-07 13:35:47,2018-04-26 00:00:00,2018-04-04,2018-05-07 13:35:47.000000,2026-08-27T05:17:09.287600+00:00,D:/D drive recovery/Shiva JH/Projects/OneLake Medallion/data/landing/2018-04-04/orders.parquet,2018-04-04
a3e6b4dfa4c321071ce66af89c4903b8,1e226b035e0cf954ea0b6772d939b470,delivered,2018-04-04 08:12:18,2018-04-04 08:29:32,2018-04-05 17:51:32,2018-04-30 18:07:55,2018-05-14 00:00:00,2018-04-04,2018-05-14 00:00:00.000000,2026-08-27T05:17:09.287600+00:00,D:/D drive recovery/Shiva JH/Projects/OneLake Medallion/data/landing/2018-04-04/orders.parquet,2018-04-04
dc93ba4cf47339046ee8035efb73e2d4,de0492fbe95d153823c67b86e5782a91,delivered,2018-04-04 00:35:10,2018-04-04 00:48:51,2018-04-04 21:07:53,2018-04-17 19:08:17,2018-04-30 00:00:00,2018-04-04,2018-04-30 00:00:00.000000,2026-08-27T05:17:09.287600+00:00,D:/D drive recovery/Shiva JH/Projects/OneLake Medallion/data/landing/2018-04-04/orders.parquet,2018-04-04
a836557bd25acb961f6381da4f877fd0,10c9c37bffaf8c3b0d16ba1d3f338ca9,delivered,2018-04-04 12:36:36,2018-04-04 13:09:54,2018-04-05 18:33:36,2018-04-18 15:32:19,2018-04-20 00:00:00,2018-04-04,2018-04-20 00:00:00.000000,2026-08-27T05:17:09.287600+00:00,D:/D drive recovery/Shiva JH/Projects/OneLake Medallion/data/landing/2018-04-04/orders.parquet,2018-04-04
d8dbce6a7e7afb5ee03584eea5a61779,52099923ca2008fe5dec60b1f9686326,delivered,2018-04-04 08:15:39,2018-04-04 08:30:20,2018-04-06 22:07:26,2018-04-16 21:37:52,2018-04-30 00:00:00,2018-04-04,2018-04-30 00:00:00.000000,2026-08-27T05:17:09.287600+00:00,D:/D drive recovery/Shiva JH/Projects/OneLake Medallion/data/landing/2018-04-04/orders.parquet,2018-04-04
6de5a0e5c8bf990d17c674d09fbaf1fb,aff2ea260ea09d68dc1ff576fa3738fa,delivered,2018-04-16 00:10:43,2018-04-17 00:11:49,2018-04-17 16:38:48,2018-04-23 23:18:34,2018-05-07 00:00:00,2018-04-16,2018-05-07 00:00:00.000000,2026-08-27T05:17:09.287600+00:00,D:/D drive recovery/Shiva JH/Projects/OneLake Medallion/data/landing/2018-04-16/orders.parquet,2018-04-16
b7d7bac557fdaf041e274d8043d9c588,eee880a5612da1f14c9e570990ecb9b9,delivered,2018-04-16 00:18:05,2018-04-16 08:50:59,2018-04-17 17:21:26,2018-05-05 13:38:55,2018-05-16 00:00:00,2018-04-16,2018-05-16 00:00:00.000000,2026-08-27T05:17:09.287600+00:00,D:/D drive recovery/Shiva JH/Projects/OneLake Medallion/data/landing/2018-04-16/orders.parquet,2018-04-16
7b2bc7c55531623ea7b22e2a191b21cd,ee7406f297c95bc245c9fbd29a8895d1,delivered,2018-04-16 14:49:20,2018-04-16 15:15:25,2018-04-17 19:22:08,2018-04-25 19:34:57,2018-05-29 00:00:00,2018-04-16,2018-05-29 00:00:00.000000,2026-08-27T05:17:09.287600+00:00,D:/D drive recovery/Shiva JH/Projects/OneLake Medallion/data/landing/2018-04-16/orders.parquet,2018-04-16
af92edb8c53146e6ca0c2a62ecc288b5,88aa13789f7f5179b91443f4247afb8d,delivered,2018-04-28 14:34:51,2018-04-28 14:53:23,2018-04-30 18:55:00,2018-05-18 20:34:51,2018-05-28 00:00:00,2018-04-28,2018-05-28 00:00:00.000000,2026-08-27T05:17:09.287600+00:00,D:/D drive recovery/Shiva JH/Projects/OneLake Medallion/data/landing/2018-04-28/orders.parquet,2018-04-28
0f924038b00d1f102e4d09bea4fa666a,e5df9583ddbe3f4f3857d9b667dfa609,delivered,2018-05-10 09:05:16,2018-05-10 09:35:07,2018-05-10 13:57:00,2018-05-15 17:48:53,2018-06-14 00:00:00,2018-05-10,2018-06-14 00:00:00.000000,2026-08-27T05:17:09.287600+00:00,D:/D drive recovery/Shiva JH/Projects/OneLake Medallion/data/landing/2018-05-10/orders.parquet,2018-05-10
4093e2a77fd359fe0046844307851f66,1c0d50fe7db361b639aada53b3558828,delivered,2018-05-10 19:41:10,2018-05-10 19:55:19,2018-05-11 14:36:00,2018-05-16 00:13:52,2018-06-12 00:00:00,2018-05-10,2018-06-12 00:00:00.000000,2026-08-27T05:17:09.287600+00:00,D:/D drive recovery/Shiva JH/Projects/OneLake Medallion/data/landing/2018-05-10/orders.parquet,2018-05-10
e67519acd1370f173550a6cb2b994ca6,80facf8c48b121912c78f67a6e1490be,delivered,2018-05-10 19:24:18,2018-05-12 03:35:16,2018-05-14 15:45:00,2018-05-18 14:03:31,2018-06-07 00:00:00,2018-05-10,2018-06-07 00:00:00.000000,2026-08-27T05:17:09.287600+00:00,D:/D drive recovery/Shiva JH/Projects/OneLake Medallion/data/landing/2018-05-10/orders.parquet,2018-05-10
29c56706d0442edbc19623391d958d7f,e1f1ab2aee7b92d827f497a9f794718a,delivered,2018-05-10 14:42:01,2018-05-11 03:10:37,2018-05-11 14:46:00,2018-05-12 15:05:21,2018-05-22 00:00:00,2018-05-10,2018-05-22 00:00:00.000000,2026-08-27T05:17:09.287600+00:00,D:/D drive recovery/Shiva JH/Projects/OneLake Medallion/data/landing/2018-05-10/orders.parquet,2018-05-10
b11be1ce9a1f9812763eba8c91fc84bd,58f5438d2d90acfb562eca64525bceda,delivered,2018-05-22 14:39:13,2018-05-22 14:56:22,2018-05-23 13:44:00,2018-05-30 14:18:03,2018-06-12 00:00:00,2018-05-22,2018-06-12 00:00:00.000000,2026-08-27T05:17:09.287600+00:00,D:/D drive recovery/Shiva JH/Projects/OneLake Medallion/data/landing/2018-05-22/orders.parquet,2018-05-22
c081663d30ea7be7a682297870e2ad02,b3e9562798f3d60acc4439b3187e9659,delivered,2018-05-22 15:54:14,2018-05-22 16:36:56,2018-05-23 11:54:00,2018-06-08 01:26:43,2018-06-13 00:00:00,2018-05-22,2018-06-13 00:00:00.000000,2026-08-27T05:17:09.287600+00:00,D:/D drive recovery/Shiva JH/Projects/OneLake Medallion/data/landing/2018-05-22/orders.parquet,2018-05-22
7ea0da84e90dc5664dfa82a3ba9fff63,c3fd83a698a21d0b48ee2b8599a8bc25,delivered,2018-05-22 15:52:25,2018-05-23 02:15:44,2018-05-23 11:10:00,2018-06-21 00:34:45,2018-07-02 00:00:00,2018-05-22,2018-07-02 00:00:00.000000,2026-08-27T05:17:09.287600+00:00,D:/D drive recovery/Shiva JH/Projects/OneLake Medallion/data/landing/2018-05-22/orders.parquet,2018-05-22
1bbc88b68b941f9352e624b4ee9ae132,97e094571319765cd343ec2e0c5640f4,delivered,2018-05-22 01:07:35,2018-05-22 05:12:51,2018-05-22 12:36:00,2018-05-23 19:12:12,2018-05-30 00:00:00,2018-05-22,2018-05-30 00:00:00.000000,2026-08-27T05:17:09.287600+00:00,D:/D drive recovery/Shiva JH/Projects/OneLake Medallion/data/landing/2018-05-22/orders.parquet,2018-05-22
fd38d5793a4393e031ea8da57e094f88,26da56b4fbd69a10435bd728443fd107,delivered,2018-06-03 16:35:46,2018-06-03 16:50:40,2018-06-05 10:36:00,2018-06-08 21:38:33,2018-06-28 00:00:00,2018-06-03,2018-06-28 00:00:00.000000,2026-08-27T05:17:09.287600+00:00,D:/D drive recovery/Shiva JH/Projects/OneLake Medallion/data/landing/2018-06-03/orders.parquet,2018-06-03
3cbf16b8242e78d602909f15aaac29eb,1e0672cd29c269baa883be37f80b14b8,delivered,2018-06-03 20:09:21,2018-06-03 20:31:21,2018-06-04 14:17:00,2018-06-15 22:21:46,2018-07-11 00:00:00,2018-06-03,2018-07-11 00:00:00.000000,2026-08-27T05:17:09.287600+00:00,D:/D drive recovery/Shiva JH/Projects/OneLake Medallion/data/landing/2018-06-03/orders.parquet,2018-06-03
7c0c61f5d61aad026c439caf370a92f2,91d39abe6855463cc3c87bf364c3b43b,delivered,2018-06-03 16:18:39,2018-06-03 16:30:50,2018-06-04 14:33:00,2018-06-12 20:38:37,2018-07-05 00:00:00,2018-06-03,2018-07-05 00:00:00.000000,2026-08-27T05:17:09.287600+00:00,D:/D drive recovery/Shiva JH/Projects/OneLake Medallion/data/landing/2018-06-03/orders.parquet,2018-06-03
758d8c3ddeba66a2a9cad6c8b043dd2f,024a05bd7b940e8cf5827498ed1e039d,delivered,2018-06-03 13:17:29,2018-06-03 13:30:22,2018-06-04 16:43:00,2018-06-05 20:50:54,2018-06-28 00:00:00,2018-06-03,2018-06-28 00:00:00.000000,2026-08-27T05:17:09.287600+00:00,D:/D drive recovery/Shiva JH/Projects/OneLake Medallion/data/landing/2018-06-03/orders.parquet,2018-06-03
ad133696906f6a78826daa0911b7daec,e6f5b234bb0d847f10eebd70130c5d49,delivered,2018-06-15 15:41:22,2018-06-15 16:19:23,2018-06-15 14:52:00,2018-06-22 18:09:37,2018-07-18 00:00:00,2018-06-15,2018-07-18 00:00:00.000000,2026-08-27T05:17:09.287600+00:00,D:/D drive recovery/Shiva JH/Projects/OneLake Medallion/data/landing/2018-06-15/orders.parquet,2018-06-15
95261f608a64bbbe760a212b4d48a4ee,5dca924cc99eea2dc5ba40d11ec5dd0f,delivered,2018-06-15 20:07:13,2018-06-15 20:41:11,2018-06-18 15:52:00,2018-06-21 12:18:32,2018-07-05 00:00:00,2018-06-15,2018-07-05 00:00:00.000000,2026-08-27T05:17:09.287600+00:00,D:/D drive recovery/Shiva JH/Projects/OneLake Medallion/data/landing/2018-06-15/orders.parquet,2018-06-15
dd7bd4b50d554cf0c41fb4c0cfccdedc,9457de49ae6cdad8a4be1c7d37c118f9,delivered,2018-06-15 12:19:19,2018-06-18 11:02:34,2018-06-18 15:13:00,2018-06-21 20:05:14,2018-07-05 00:00:00,2018-06-15,2018-07-05 00:00:00.000000,2026-08-27T05:17:09.287600+00:00,D:/D drive recovery/Shiva JH/Projects/OneLake Medallion/data/landing/2018-06-15/orders.parquet,2018-06-15
cc101c96c9b05fb5b3ed39f35a15995f,1fde5180f7129ed9d42921fb641b768c,delivered,2018-06-15 07:06:19,2018-06-18 11:02:23,2018-06-20 18:14:00,2018-06-25 23:03:51,2018-07-11 00:00:00,2018-06-15,2018-07-11 00:00:00.000000,2026-08-27T05:17:09.287600+00:00,D:/D drive recovery/Shiva JH/Projects/OneLake Medallion/data/landing/2018-06-15/orders.parquet,2018-06-15
1c7c202a0cbbdb86b7613a8f2b0931e7,c142645e0a399bc8c83ae32eda0e90dd,delivered,2018-06-27 09:58:44,2018-06-27 11:06:34,2018-06-27 11:13:00,2018-06-29 17:16:56,2018-07-20 00:00:00,2018-06-27,2018-07-20 00:00:00.000000,2026-08-27T05:17:09.287600+00:00,D:/D drive recovery/Shiva JH/Projects/OneLake Medallion/data/landing/2018-06-27/orders.parquet,2018-06-27
4024e82961bfcec0a71869767cf923e9,294afaa4e6c7165445a7aec2b4f8f11e,delivered,2018-06-27 12:08:05,2018-06-28 12:11:04,2018-06-29 12:27:00,2018-07-09 17:41:48,2018-08-07 00:00:00,2018-06-27,2018-08-07 00:00:00.000000,2026-08-27T05:17:09.287600+00:00,D:/D drive recovery/Shiva JH/Projects/OneLake Medallion/data/landing/2018-06-27/orders.parquet,2018-06-27
64811ed51b1fed65cc4c71da8a19a826,fe3f1771c5a751fd38b941155cf5be01,delivered,2018-06-27 11:54:29,2018-06-27 12:08:32,2018-06-29 16:21:00,2018-07-04 13:54:52,2018-08-02 00:00:00,2018-06-27,2018-08-02 00:00:00.000000,2026-08-27T05:17:09.287600+00:00,D:/D drive recovery/Shiva JH/Projects/OneLake Medallion/data/landing/2018-06-27/orders.parquet,2018-06-27
5a395f4b4dcbc42442cc6c5945c6ee0a,54924015f5ff876bf1506ed02be2288e,delivered,2018-06-27 13:17:02,2018-06-28 09:10:39,2018-06-29 14:51:00,2018-07-30 16:43:32,2018-08-02 00:00:00,2018-06-27,2018-08-02 00:00:00.000000,2026-08-27T05:17:09.287600+00:00,D:/D drive recovery/Shiva JH/Projects/OneLake Medallion/data/landing/2018-06-27/orders.parquet,2018-06-27
dafe7fe42ee9fb39d4c5f957e0799cf4,4ab32b3b9044333d1466d21fc1a59bae,delivered,2018-06-27 22:20:05,2018-06-28 01:11:20,2018-06-28 11:10:00,2018-07-03 19:25:46,2018-07-19 00:00:00,2018-06-27,2018-07-19 00:00:00.000000,2026-08-27T05:17:09.287600+00:00,D:/D drive recovery/Shiva JH/Projects/OneLake Medallion/data/landing/2018-06-27/orders.parquet,2018-06-27
c8190ec25152e9e725de81876f1b9125,f4849d618c472dcfe69122c165a16b7f,delivered,2018-06-27 19:58:01,2018-06-27 20:11:51,2018-06-29 09:38:00,2018-07-03 22:51:12,2018-07-24 00:00:00,2018-06-27,2018-07-24 00:00:00.000000,2026-08-27T05:17:09.287600+00:00,D:/D drive recovery/Shiva JH/Projects/OneLake Medallion/data/landing/2018-06-27/orders.parquet,2018-06-27
1f9fa4b707b82f25dbf52e6695842e8c,599826b8e94a0dad152807a142fab2c1,delivered,2017-01-31 12:33:44,2017-02-01 02:41:28,2017-02-01 14:38:02,2017-02-13 11:06:02,2017-03-29 00:00:00,2017-01-31,2017-03-29 00:00:00.000000,2026-08-27T05:17:09.287600+00:00,D:/D drive recovery/Shiva JH/Projects/OneLake Medallion/data/landing/2017-01-31/orders.parquet,2017-01-31
5525c00bfd980bae1cac46f7dcf88224,d2697a7d9526f4714dc4b718cbebbf82,delivered,2017-01-31 11:22:14,2017-01-31 11:30:17,2017-02-02 09:43:43,2017-03-14 11:13:56,2017-03-09 00:00:00,2017-01-31,2017-03-14 11:13:56.000000,2026-08-27T05:17:09.287600+00:00,D:/D drive recovery/Shiva JH/Projects/OneLake Medallion/data/landing/2017-01-31/orders.parquet,2017-01-31
d0d85933667e8a90939ca37947942b62,e74208f5cce1258bbbb9a55463f0d37a,delivered,2017-03-08 19:55:23,2017-03-08 19:55:23,2017-03-13 09:42:13,2017-03-16 13:35:37,2017-03-27 00:00:00,2017-03-08,2017-03-27 00:00:00.000000,2026-08-27T05:17:09.287600+00:00,D:/D drive recovery/Shiva JH/Projects/OneLake Medallion/data/landing/2017-03-08/orders.parquet,2017-03-08
77f8ac5734b5b2f8c1572102f854d329,a2e8d1cddde94bd28498e3fe782f3fea,delivered,2017-03-08 15:37:38,2017-03-08 15:37:38,2017-03-10 12:17:34,2017-03-15 12:32:29,2017-03-27 00:00:00,2017-03-08,2017-03-27 00:00:00.000000,2026-08-27T05:17:09.287600+00:00,D:/D drive recovery/Shiva JH/Projects/OneLake Medallion/data/landing/2017-03-08/orders.parquet,2017-03-08
b4dc09cbd4cc735632779c738cda842b,6f25b294d48cc71893594ae8ace3056e,delivered,2017-03-20 14:10:45,2017-03-20 14:10:45,2017-03-22 10:42:18,2017-03-28 14:22:42,2017-04-06 00:00:00,2017-03-20,2017-04-06 00:00:00.000000,2026-08-27T05:17:09.287600+00:00,D:/D drive recovery/Shiva JH/Projects/OneLake Medallion/data/landing/2017-03-20/orders.parquet,2017-03-20
1e5116c850ec5a9a3a83ff73bd06aef6,3b64e8ad1e003465c2d84ba24971bdf6,delivered,2017-03-20 20:31:35,2017-03-20 20:31:35,2017-03-24 15:18:33,2017-04-13 17:42:26,2017-04-12 00:00:00,2017-03-20,2017-04-13 17:42:26.000000,2026-08-27T05:17:09.287600+00:00,D:/D drive recovery/Shiva JH/Projects/OneLake Medallion/data/landing/2017-03-20/orders.parquet,2017-03-20
9da02db988be4c6560597e90391a4cdc,b51ef2f9b84214cc18a0c1b6e2860a7d,delivered,2017-04-01 13:40:12,2017-04-01 13:50:17,2017-04-05 08:58:00,2017-04-10 17:55:15,2017-04-24 00:00:00,2017-04-01,2017-04-24 00:00:00.000000,2026-08-27T05:17:09.287600+00:00,D:/D drive recovery/Shiva JH/Projects/OneLake Medallion/data/landing/2017-04-01/orders.parquet,2017-04-01
ad9bcd26dc9183d66b36db87ffc26904,23451e6d4d21c9cdcfa7677e95ac53d8,delivered,2017-04-01 17:31:42,2017-04-01 17:42:43,2017-04-11 07:43:52,2017-04-20 08:43:19,2017-04-27 00:00:00,2017-04-01,2017-04-27 00:00:00.000000,2026-08-27T05:17:09.287600+00:00,D:/D drive recovery/Shiva JH/Projects/OneLake Medallion/data/landing/2017-04-01/orders.parquet,2017-04-01
813f8916cd12b887b0fa271f3263a4d3,bf22881f1f23a79916784ac5b4319c56,delivered,2017-04-13 17:26:06,2017-04-13 17:42:10,2017-04-18 14:51:38,2017-05-09 12:49:59,2017-05-10 00:00:00,2017-04-13,2017-05-10 00:00:00.000000,2026-08-27T05:17:09.287600+00:00,D:/D drive recovery/Shiva JH/Projects/OneLake Medallion/data/landing/2017-04-13/orders.parquet,2017-04-13
f0ab33ceba10623b929d52fe23fff27b,88ee40a99bacbe60eb2db44b445a83d9,delivered,2017-04-13 14:44:33,2017-04-13 14:55:14,2017-04-17 11:28:00,2017-05-11 11:21:25,2017-05-19 00:00:00,2017-04-13,2017-05-19 00:00:00.000000,2026-08-27T05:17:09.287600+00:00,D:/D drive recovery/Shiva JH/Projects/OneLake Medallion/data/landing/2017-04-13/orders.parquet,2017-04-13
d8d0488eb1aa33a391551c5bbe00e93f,7f4802bd5d7365cd23b2dab76a07fae8,delivered,2017-04-25 16:33:17,2017-04-26 09:35:18,2017-04-26 09:44:29,2017-05-04 11:52:06,2017-05-16 00:00:00,2017-04-25,2017-05-16 00:00:00.000000,2026-08-27T05:17:09.287600+00:00,D:/D drive recovery/Shiva JH/Projects/OneLake Medallion/data/landing/2017-04-25/orders.parquet,2017-04-25
50b8644a6f58db94a0d3beb21e0e9a01,26c2211e11c75c75f952f78f65f52195,delivered,2017-04-25 10:48:47,2017-04-25 11:02:53,2017-04-27 09:14:15,2017-05-09 13:52:42,2017-05-23 00:00:00,2017-04-25,2017-05-23 00:00:00.000000,2026-08-27T05:17:09.287600+00:00,D:/D drive recovery/Shiva JH/Projects/OneLake Medallion/data/landing/2017-04-25/orders.parquet,2017-04-25
ef59d8fd00ca64c9dea7310396e1bed2,e08cd278e0edc0813117888283357e87,delivered,2017-04-25 14:57:05,2017-04-25 15:10:14,2017-04-27 07:03:39,2017-05-10 12:28:06,2017-05-16 00:00:00,2017-04-25,2017-05-16 00:00:00.000000,2026-08-27T05:17:09.287600+00:00,D:/D drive recovery/Shiva JH/Projects/OneLake Medallion/data/landing/2017-04-25/orders.parquet,2017-04-25
0fb55482ffb326ed131c67051fe87192,934e65df19ff6cab141d3ec2b1a14e2a,delivered,2017-04-25 21:08:54,2017-04-25 21:22:34,2017-04-27 12:32:08,2017-05-11 18:47:46,2017-05-16 00:00:00,2017-04-25,2017-05-16 00:00:00.000000,2026-08-27T05:17:09.287600+00:00,D:/D drive recovery/Shiva JH/Projects/OneLake Medallion/data/landing/2017-04-25/orders.parquet,2017-04-25
504d3fdb152668257245784f42c6fbc7,4591b7c98d8a8a1491e9a6a6b6b44223,delivered,2017-05-07 14:26:53,2017-05-07 14:41:56,2017-05-09 14:32:41,2017-05-15 06:18:03,2017-05-29 00:00:00,2017-05-07,2017-05-29 00:00:00.000000,2026-08-27T05:17:09.287600+00:00,D:/D drive recovery/Shiva JH/Projects/OneLake Medallion/data/landing/2017-05-07/orders.parquet,2017-05-07
635d6eda3af27d4cdcee17a82b7aca92,bdbe54565d106f2e7717db1c4334c6c6,delivered,2017-05-19 16:38:56,2017-05-19 16:50:15,2017-05-22 15:08:28,2017-05-26 17:23:09,2017-06-12 00:00:00,2017-05-19,2017-06-12 00:00:00.000000,2026-08-27T05:17:09.287600+00:00,D:/D drive recovery/Shiva JH/Projects/OneLake Medallion/data/landing/2017-05-19/orders.parquet,2017-05-19
8e350e1e4254bd7c68913b98bde7d3a7,f7060c3a8e6970cabb0af29d2864f4fd,delivered,2017-05-19 15:41:12,2017-05-20 15:50:07,2017-05-23 15:48:58,2017-05-31 06:25:38,2017-06-14 00:00:00,2017-05-19,2017-06-14 00:00:00.000000,2026-08-27T05:17:09.287600+00:00,D:/D drive recovery/Shiva JH/Projects/OneLake Medallion/data/landing/2017-05-19/orders.parquet,2017-05-19
907b36ec45e03307bb335fc31304b66d,712d8bfe4698839aef164897c63ec1cb,delivered,2017-05-19 14:49:21,2017-05-19 15:02:34,2017-05-23 12:31:41,2017-05-30 08:03:23,2017-06-13 00:00:00,2017-05-19,2017-06-13 00:00:00.000000,2026-08-27T05:17:09.287600+00:00,D:/D drive recovery/Shiva JH/Projects/OneLake Medallion/data/landing/2017-05-19/orders.parquet,2017-05-19
d3d5d98dda9bb549d81a9b4b9e404bc2,59fc032d9a115fbb32558967187ffbae,delivered,2017-05-31 21:49:02,2017-05-31 22:02:19,2017-06-01 14:33:03,2017-06-05 16:43:41,2017-06-23 00:00:00,2017-05-31,2017-06-23 00:00:00.000000,2026-08-27T05:17:09.287600+00:00,D:/D drive recovery/Shiva JH/Projects/OneLake Medallion/data/landing/2017-05-31/orders.parquet,2017-05-31
7cd5af34e77c36b52c7af3c605135722,9c04affb4fee322c0c9e5675f21d2349,shipped,2017-06-12 11:47:05,2017-06-12 13:06:44,2017-06-21 16:05:56,,2017-07-05 00:00:00,2017-06-12,2017-07-05 00:00:00.000000,2026-08-27T05:17:09.287600+00:00,D:/D drive recovery/Shiva JH/Projects/OneLake Medallion/data/landing/2017-06-12/orders.parquet,2017-06-12
d15b470095fbc3ced455be6889f344fc,9a475fe526423c7bcb501e5646988e03,delivered,2017-06-24 20:01:58,2017-06-24 20:10:30,2017-06-27 10:46:02,2017-07-05 15:07:48,2017-07-26 00:00:00,2017-06-24,2017-07-26 00:00:00.000000,2026-08-27T05:17:09.287600+00:00,D:/D drive recovery/Shiva JH/Projects/OneLake Medallion/data/landing/2017-06-24/orders.parquet,2017-06-24
7d04189e83c072cfdde15bcd1deaa23b,16391e75a1bbcb93785c6e816834227a,delivered,2017-07-06 09:03:56,2017-07-06 09:15:12,2017-07-07 20:48:34,2017-07-18 19:48:50,2017-07-28 00:00:00,2017-07-06,2017-07-28 00:00:00.000000,2026-08-27T05:17:09.287600+00:00,D:/D drive recovery/Shiva JH/Projects/OneLake Medallion/data/landing/2017-07-06/orders.parquet,2017-07-06
9dc7932b1c116c2d56c1a2c52442d0cb,8fbc83a81b0932d879c867a675080329,delivered,2017-07-18 15:22:12,2017-07-19 17:15:15,2017-07-21 20:03:21,2017-07-31 18:17:45,2017-08-14 00:00:00,2017-07-18,2017-08-14 00:00:00.000000,2026-08-27T05:17:09.287600+00:00,D:/D drive recovery/Shiva JH/Projects/OneLake Medallion/data/landing/2017-07-18/orders.parquet,2017-07-18
b5ed14c14034b74bb0ae1c0427d72304,0e38ebde5475192a209a76a8d5eb1764,delivered,2017-08-23 20:03:28,2017-08-23 20:24:27,2017-08-24 18:20:12,2017-09-01 17:04:13,2017-09-29 00:00:00,2017-08-23,2017-09-29 00:00:00.000000,2026-08-27T05:17:09.287600+00:00,D:/D drive recovery/Shiva JH/Projects/OneLake Medallion/data/landing/2017-08-23/orders.parquet,2017-08-23
aeebf4abbcfb9bac43b6a31399a3e93c,500e98ff3cb33cf1f3095ac781234e29,delivered,2017-09-04 11:02:40,2017-09-04 11:15:18,2017-09-08 15:28:08,2017-11-18 13:32:09,2017-09-28 00:00:00,2017-09-04,2017-11-18 13:32:09.000000,2026-08-27T05:17:09.287600+00:00,D:/D drive recovery/Shiva JH/Projects/OneLake Medallion/data/landing/2017-09-04/orders.parquet,2017-09-04
99dde9a4d6ee5c602380551b002ddad7,5229e43884ffd6794e9397bd346ab7dd,delivered,2017-09-04 12:57:02,2017-09-04 13:10:12,2017-09-06 19:05:06,2017-09-13 20:53:43,2017-09-22 00:00:00,2017-09-04,2017-09-22 00:00:00.000000,2026-08-27T05:17:09.287600+00:00,D:/D drive recovery/Shiva JH/Projects/OneLake Medallion/data/landing/2017-09-04/orders.parquet,2017-09-04
46afec49491e4385870de60c96bc956e,5fcd01aff39a8f9922b7026f8ac46b55,delivered,2017-09-04 11:04:30,2017-09-04 11:15:20,2017-09-04 20:08:33,2017-09-13 19:02:53,2017-10-02 00:00:00,2017-09-04,2017-10-02 00:00:00.000000,2026-08-27T05:17:09.287600+00:00,D:/D drive recovery/Shiva JH/Projects/OneLake Medallion/data/landing/2017-09-04/orders.parquet,2017-09-04
16a02781e79ebfb2354323d102e53b8a,a20effc0e40fbad0f1f863c4fa049437,delivered,2017-09-04 11:49:09,2017-09-04 12:03:53,2017-09-05 21:40:07,2017-09-15 20:14:52,2017-10-10 00:00:00,2017-09-04,2017-10-10 00:00:00.000000,2026-08-27T05:17:09.287600+00:00,D:/D drive recovery/Shiva JH/Projects/OneLake Medallion/data/landing/2017-09-04/orders.parquet,2017-09-04
0ea8f90c4ad8782358cbc97abcb2d013,4ae463e456b14204512257ce14634bf5,delivered,2017-09-16 22:33:56,2017-09-17 01:10:37,2017-09-29 17:53:02,2017-10-05 23:01:24,2017-10-05 00:00:00,2017-09-16,2017-10-05 23:01:24.000000,2026-08-27T05:17:09.287600+00:00,D:/D drive recovery/Shiva JH/Projects/OneLake Medallion/data/landing/2017-09-16/orders.parquet,2017-09-16
3bf5639554dc908f97a75a89878ad197,b19b36d4e73eb8ae96e441412f689369,delivered,2017-09-16 16:19:14,2017-09-16 16:30:23,2017-09-18 16:52:19,2017-09-25 21:28:47,2017-10-09 00:00:00,2017-09-16,2017-10-09 00:00:00.000000,2026-08-27T05:17:09.287600+00:00,D:/D drive recovery/Shiva JH/Projects/OneLake Medallion/data/landing/2017-09-16/orders.parquet,2017-09-16
6b5a2cfa488fc5324f22cafe995bd8eb,ea0b4bff98df39909d0bab62c60e0725,delivered,2017-09-16 17:43:25,2017-09-16 17:55:17,2017-09-19 15:04:43,2017-09-20 20:33:38,2017-10-02 00:00:00,2017-09-16,2017-10-02 00:00:00.000000,2026-08-27T05:17:09.287600+00:00,D:/D drive recovery/Shiva JH/Projects/OneLake Medallion/data/landing/2017-09-16/orders.parquet,2017-09-16
1ab115802be10ff22d8907afe81ba5b0,ba43fce88d51851ce5448562ea461800,delivered,2017-09-28 12:59:00,2017-09-30 02:28:36,2017-10-04 17:17:51,2017-10-10 23:32:51,2017-10-23 00:00:00,2017-09-28,2017-10-23 00:00:00.000000,2026-08-27T05:17:09.287600+00:00,D:/D drive recovery/Shiva JH/Projects/OneLake Medallion/data/landing/2017-09-28/orders.parquet,2017-09-28
a5d3d2b978722a86e82f2b7bd0567840,a7d606844ea698b9a6a762a279e8feb8,delivered,2017-09-28 00:10:02,2017-09-29 02:30:47,2017-09-29 18:18:57,2017-10-12 09:39:45,2017-10-25 00:00:00,2017-09-28,2017-10-25 00:00:00.000000,2026-08-27T05:17:09.287600+00:00,D:/D drive recovery/Shiva JH/Projects/OneLake Medallion/data/landing/2017-09-28/orders.parquet,2017-09-28
e8e5d972d73d38807a474519f2f23658,b493a1308f58d9eb8fa552240de6514a,delivered,2017-10-10 10:55:57,2017-10-10 11:07:34,2017-10-11 23:47:28,2017-10-16 23:17:44,2017-10-30 00:00:00,2017-10-10,2017-10-30 00:00:00.000000,2026-08-27T05:17:09.287600+00:00,D:/D drive recovery/Shiva JH/Projects/OneLake Medallion/data/landing/2017-10-10/orders.parquet,2017-10-10
a33e332399ed231007a28d4fdac21158,8e5cf16a327fd2551d1a7ce0a5bd9f30,delivered,2017-10-10 11:37:45,2017-10-10 11:49:35,2017-10-11 19:54:05,2017-10-18 00:08:06,2017-10-27 00:00:00,2017-10-10,2017-10-27 00:00:00.000000,2026-08-27T05:17:09.287600+00:00,D:/D drive recovery/Shiva JH/Projects/OneLake Medallion/data/landing/2017-10-10/orders.parquet,2017-10-10
a8dcdaca6b71b71297497af76297b1d0,151ec907c9216e4686bdf942be11073b,delivered,2017-10-10 16:43:48,2017-10-10 16:56:27,2017-10-23 15:04:09,2017-11-21 12:58:40,2017-11-03 00:00:00,2017-10-10,2017-11-21 12:58:40.000000,2026-08-27T05:17:09.287600+00:00,D:/D drive recovery/Shiva JH/Projects/OneLake Medallion/data/landing/2017-10-10/orders.parquet,2017-10-10
e985c8488218e5162cef0338ba6d5236,ef243d0cc0bce65fe28540b16691f9d6,delivered,2017-10-10 13:57:31,2017-10-11 10:49:17,2017-10-11 20:19:57,2017-10-20 11:43:34,2017-10-23 00:00:00,2017-10-10,2017-10-23 00:00:00.000000,2026-08-27T05:17:09.287600+00:00,D:/D drive recovery/Shiva JH/Projects/OneLake Medallion/data/landing/2017-10-10/orders.parquet,2017-10-10
4cdf8813fc5f4c3d74041453f606868c,d6e011b818659fed8cfa433ec3bee9fe,delivered,2017-10-10 10:08:32,2017-10-10 10:26:55,2017-10-23 17:46:35,2017-10-27 19:44:55,2017-10-23 00:00:00,2017-10-10,2017-10-27 19:44:55.000000,2026-08-27T05:17:09.287600+00:00,D:/D drive recovery/Shiva JH/Projects/OneLake Medallion/data/landing/2017-10-10/orders.parquet,2017-10-10
7df5b9c1787d425d92ce5b4dacc70c34,e21548e205144b3d0c313f57954ac390,delivered,2017-10-22 23:49:48,2017-10-23 00:14:15,2017-11-03 18:23:02,2017-11-08 21:59:31,2017-11-21 00:00:00,2017-10-22,2017-11-21 00:00:00.000000,2026-08-27T05:17:09.287600+00:00,D:/D drive recovery/Shiva JH/Projects/OneLake Medallion/data/landing/2017-10-22/orders.parquet,2017-10-22
d000351234683484e2ef3ad59427bbba,dcf46089490159ec0c275d8797bac8f4,delivered,2017-10-22 11:14:51,2017-10-24 03:35:12,2017-10-25 20:37:36,2017-10-30 15:15:20,2017-11-16 00:00:00,2017-10-22,2017-11-16 00:00:00.000000,2026-08-27T05:17:09.287600+00:00,D:/D drive recovery/Shiva JH/Projects/OneLake Medallion/data/landing/2017-10-22/orders.parquet,2017-10-22
445f70d8cd0cc47a45c806cf81e37b61,fc9a346aec07e5e6c9e6cd469aaba8a7,delivered,2017-10-22 09:26:08,2017-10-22 09:49:13,2017-10-23 19:25:44,2017-10-31 18:04:03,2017-11-13 00:00:00,2017-10-22,2017-11-13 00:00:00.000000,2026-08-27T05:17:09.287600+00:00,D:/D drive recovery/Shiva JH/Projects/OneLake Medallion/data/landing/2017-10-22/orders.parquet,2017-10-22
f76887473f528c398659936663331251,696a9ef6ad57273c88e865b52f3f121a,delivered,2017-11-03 20:03:34,2017-11-03 20:30:52,2017-11-07 14:38:42,2017-11-13 17:39:21,2017-11-23 00:00:00,2017-11-03,2017-11-23 00:00:00.000000,2026-08-27T05:17:09.287600+00:00,D:/D drive recovery/Shiva JH/Projects/OneLake Medallion/data/landing/2017-11-03/orders.parquet,2017-11-03
502b66ddeae1875100eae9074f5d189a,e0d0e51f1bc61b27465dd7c88d25874d,delivered,2017-11-03 21:22:38,2017-11-03 21:35:23,2017-11-16 20:21:36,2017-11-22 20:14:40,2017-11-27 00:00:00,2017-11-03,2017-11-27 00:00:00.000000,2026-08-27T05:17:09.287600+00:00,D:/D drive recovery/Shiva JH/Projects/OneLake Medallion/data/landing/2017-11-03/orders.parquet,2017-11-03
ce9fc4b5d521bad32b0c3893b9b3788f,47166f88862447ea5f8e078b2aaefb46,delivered,2017-11-15 16:18:30,2017-11-17 03:35:48,2017-11-29 00:16:36,2017-12-14 18:37:40,2017-12-06 00:00:00,2017-11-15,2017-12-14 18:37:40.000000,2026-08-27T05:17:09.287600+00:00,D:/D drive recovery/Shiva JH/Projects/OneLake Medallion/data/landing/2017-11-15/orders.parquet,2017-11-15
2e82ec02fd250aec723a595b1970500e,12adcfa1159b10e015efd87a682e579c,delivered,2017-11-15 10:00:44,2017-11-17 04:26:11,2017-11-17 23:12:08,2017-11-24 18:14:47,2017-12-14 00:00:00,2017-11-15,2017-12-14 00:00:00.000000,2026-08-27T05:17:09.287600+00:00,D:/D drive recovery/Shiva JH/Projects/OneLake Medallion/data/landing/2017-11-15/orders.parquet,2017-11-15
f71915184c3ccd8f36251500f01de53a,9cb217017421d848098b2087a6b97f35,delivered,2017-11-15 07:52:22,2017-11-17 03:35:41,2017-11-22 18:08:39,2017-11-23 17:53:44,2017-11-29 00:00:00,2017-11-15,2017-11-29 00:00:00.000000,2026-08-27T05:17:09.287600+00:00,D:/D drive recovery/Shiva JH/Projects/OneLake Medallion/data/landing/2017-11-15/orders.parquet,2017-11-15
9c9d1799a0c105b12976da39ae431d1c,4ee4f7acadaf22f8026a077bd1220bfe,delivered,2017-11-15 20:16:50,2017-11-15 20:31:01,2017-11-16 17:18:34,2017-11-22 23:33:05,2017-12-05 00:00:00,2017-11-15,2017-12-05 00:00:00.000000,2026-08-27T05:17:09.287600+00:00,D:/D drive recovery/Shiva JH/Projects/OneLake Medallion/data/landing/2017-11-15/orders.parquet,2017-11-15
4579e3f6942a0728b34083a4e28bbb3d,5b16f8c57dc45e6afd9f5c8a9a5cca6a,delivered,2017-11-15 20:19:20,2017-11-15 20:35:20,2017-11-16 17:19:12,2017-11-28 23:09:01,2017-12-07 00:00:00,2017-11-15,2017-12-07 00:00:00.000000,2026-08-27T05:17:09.287600+00:00,D:/D drive recovery/Shiva JH/Projects/OneLake Medallion/data/landing/2017-11-15/orders.parquet,2017-11-15
1800f4a4362310d7eb38281634f6dfd1,40790a4297b4613ae3d984e5851426d3,delivered,2017-11-27 22:35:44,2017-11-27 22:56:32,2017-12-11 17:25:07,2017-12-22 19:49:01,2017-12-29 00:00:00,2017-11-27,2017-12-29 00:00:00.000000,2026-08-27T05:17:09.287600+00:00,D:/D drive recovery/Shiva JH/Projects/OneLake Medallion/data/landing/2017-11-27/orders.parquet,2017-11-27
3d7ee397cbe71826e767837af0d81c2a,7ece2b3ab3eb5f52ad14de91dafb5c65,delivered,2017-11-27 11:34:56,2017-11-27 11:54:56,2017-11-29 21:07:10,2017-12-27 18:25:02,2017-12-15 00:00:00,2017-11-27,2017-12-27 18:25:02.000000,2026-08-27T05:17:09.287600+00:00,D:/D drive recovery/Shiva JH/Projects/OneLake Medallion/data/landing/2017-11-27/orders.parquet,2017-11-27
adf6c7a4c57ba5caa49483326f12cd3f,fb1d2f6f3278583e93a12235803cecae,delivered,2017-11-27 00:48:53,2017-11-27 00:59:21,2017-11-27 16:09:05,2017-12-07 20:13:51,2018-01-11 00:00:00,2017-11-27,2018-01-11 00:00:00.000000,2026-08-27T05:17:09.287600+00:00,D:/D drive recovery/Shiva JH/Projects/OneLake Medallion/data/landing/2017-11-27/orders.parquet,2017-11-27
5c6a84ff68eff6e372bf9529b864e4aa,32f650989ca6a9f8b3e62ae45d03a208,delivered,2017-11-27 20:25:14,2017-11-27 20:39:25,2017-11-28 22:21:17,2017-12-11 15:46:59,2017-12-19 00:00:00,2017-11-27,2017-12-19 00:00:00.000000,2026-08-27T05:17:09.287600+00:00,D:/D drive recovery/Shiva JH/Projects/OneLake Medallion/data/landing/2017-11-27/orders.parquet,2017-11-27
6be09fd2c367b8fad5b25b1315c335bb,5f0a81d48ee9e8197044530b42532849,invoiced,2017-11-27 19:38:56,2017-11-27 19:57:33,,,2017-12-21 00:00:00,2017-11-27,2017-12-21 00:00:00.000000,2026-08-27T05:17:09.287600+00:00,D:/D drive recovery/Shiva JH/Projects/OneLake Medallion/data/landing/2017-11-27/orders.parquet,2017-11-27
c277b80337c0ca11cae04fe7280ed4eb,deeda01436f945c1ac2891356603a066,delivered,2017-11-27 11:13:32,2017-11-28 03:31:49,2017-11-28 17:03:45,2017-11-30 18:13:01,2017-12-11 00:00:00,2017-11-27,2017-12-11 00:00:00.000000,2026-08-27T05:17:09.287600+00:00,D:/D drive recovery/Shiva JH/Projects/OneLake Medallion/data/landing/2017-11-27/orders.parquet,2017-11-27
04b8c60eb3cceaecde917716daa30bde,a6a3ccd6981f76577a6cfcac362430b2,unavailable,2017-11-27 18:35:48,2017-11-27 19:11:43,,,2017-12-19 00:00:00,2017-11-27,2017-12-19 00:00:00.000000,2026-08-27T05:17:09.287600+00:00,D:/D drive recovery/Shiva JH/Projects/OneLake Medallion/data/landing/2017-11-27/orders.parquet,2017-11-27
d60f3552bae079e5ca539727400d118e,559374e587209748ef4a67f367483120,delivered,2017-11-27 19:28:04,2017-11-27 19:56:59,2017-12-01 19:27:05,2018-01-12 22:58:47,2017-12-27 00:00:00,2017-11-27,2018-01-12 22:58:47.000000,2026-08-27T05:17:09.287600+00:00,D:/D drive recovery/Shiva JH/Projects/OneLake Medallion/data/landing/2017-11-27/orders.parquet,2017-11-27
104a388dc1207b546c35e97288953ef2,b2275872bbac7bbe411a4b451f26f429,delivered,2017-11-27 14:13:47,2017-11-27 14:21:33,2017-11-28 19:28:34,2017-12-12 23:44:32,2017-12-26 00:00:00,2017-11-27,2017-12-26 00:00:00.000000,2026-08-27T05:17:09.287600+00:00,D:/D drive recovery/Shiva JH/Projects/OneLake Medallion/data/landing/2017-11-27/orders.parquet,2017-11-27
ef9c3f4c087b655a9255b0c846640e7c,c4a6eac004cba7cfbdfd86c647dcf9a7,delivered,2017-11-27 07:47:10,2017-11-27 07:56:22,2017-11-27 18:40:03,2017-11-28 21:42:27,2017-12-11 00:00:00,2017-11-27,2017-12-11 00:00:00.000000,2026-08-27T05:17:09.287600+00:00,D:/D drive recovery/Shiva JH/Projects/OneLake Medallion/data/landing/2017-11-27/orders.parquet,2017-11-27
9cffda8a5be9e20be381cc47ef5e8e00,080f252f36da3da6eb5b04407af199f7,delivered,2017-11-27 14:19:38,2017-11-27 14:27:29,2017-11-28 19:36:50,2017-12-05 16:39:01,2017-12-18 00:00:00,2017-11-27,2017-12-18 00:00:00.000000,2026-08-27T05:17:09.287600+00:00,D:/D drive recovery/Shiva JH/Projects/OneLake Medallion/data/landing/2017-11-27/orders.parquet,2017-11-27
91e154e25811db233145b3d5d9c3b29a,66ab6682e54b8fb80c249e2b7652447e,delivered,2017-12-09 10:23:57,2017-12-09 12:51:07,2017-12-11 17:17:07,2017-12-18 22:42:49,2018-01-11 00:00:00,2017-12-09,2018-01-11 00:00:00.000000,2026-08-27T05:17:09.287600+00:00,D:/D drive recovery/Shiva JH/Projects/OneLake Medallion/data/landing/2017-12-09/orders.parquet,2017-12-09
5e126b0990d319279bcc8e8e8e5ba03c,5df03f4f656f9660622fec4e725a599a,delivered,2017-12-09 23:11:20,2017-12-09 23:18:34,2017-12-12 16:07:49,2018-01-08 20:39:36,2018-01-12 00:00:00,2017-12-09,2018-01-12 00:00:00.000000,2026-08-27T05:17:09.287600+00:00,D:/D drive recovery/Shiva JH/Projects/OneLake Medallion/data/landing/2017-12-09/orders.parquet,2017-12-09
b00bc9aa349637ff735625300d040f51,3784cf17b9988a3cfca0372c69901bc7,delivered,2017-12-21 21:52:07,2017-12-22 02:39:31,2017-12-22 23:32:22,2017-12-23 12:47:13,2018-01-11 00:00:00,2017-12-21,2018-01-11 00:00:00.000000,2026-08-27T05:17:09.287600+00:00,D:/D drive recovery/Shiva JH/Projects/OneLake Medallion/data/landing/2017-12-21/orders.parquet,2017-12-21
505efa2eaeb145cfa984edf0efc092f2,03ca680e03197e7cce0c7d62a8c30667,delivered,2017-12-21 15:16:13,2017-12-23 02:15:32,2018-01-02 13:15:26,2018-01-10 21:34:08,2018-01-19 00:00:00,2017-12-21,2018-01-19 00:00:00.000000,2026-08-27T05:17:09.287600+00:00,D:/D drive recovery/Shiva JH/Projects/OneLake Medallion/data/landing/2017-12-21/orders.parquet,2017-12-21
0d3528428e45b7c383b746222c715332,ee44d2be8e1662dc62aeadc5cc6b0965,delivered,2018-01-02 14:54:52,2018-01-03 04:37:40,2018-01-04 20:27:11,2018-01-13 00:19:13,2018-01-26 00:00:00,2018-01-02,2018-01-26 00:00:00.000000,2026-08-27T05:17:09.287600+00:00,D:/D drive recovery/Shiva JH/Projects/OneLake Medallion/data/landing/2018-01-02/orders.parquet,2018-01-02
52cba627ccdd9b94ac5a9be42d31b58a,7f8a1c90d9ee5773dbbe0d70ac48b7c9,delivered,2018-01-02 20:16:58,2018-01-02 20:28:57,2018-01-04 16:03:51,2018-01-08 22:09:18,2018-02-05 00:00:00,2018-01-02,2018-02-05 00:00:00.000000,2026-08-27T05:17:09.287600+00:00,D:/D drive recovery/Shiva JH/Projects/OneLake Medallion/data/landing/2018-01-02/orders.parquet,2018-01-02
aee18d60fc803049a82d81af5f2a75ab,6fca0539c47aec27b4479a6b866f9c68,delivered,2018-01-02 11:24:28,2018-01-02 11:33:25,2018-01-09 18:36:49,2018-02-02 16:12:52,2018-02-01 00:00:00,2018-01-02,2018-02-02 16:12:52.000000,2026-08-27T05:17:09.287600+00:00,D:/D drive recovery/Shiva JH/Projects/OneLake Medallion/data/landing/2018-01-02/orders.parquet,2018-01-02
a294c654ef8ddfa4587ab732ff8aa101,5ad7ed68c6c5c3a7d85c134d2ccb5364,delivered,2018-01-02 19:42:00,2018-01-03 04:16:43,2018-01-03 18:08:58,2018-01-12 20:19:31,2018-01-30 00:00:00,2018-01-02,2018-01-30 00:00:00.000000,2026-08-27T05:17:09.287600+00:00,D:/D drive recovery/Shiva JH/Projects/OneLake Medallion/data/landing/2018-01-02/orders.parquet,2018-01-02
8ac3b1365e8a70ae432b2a1ee0f68f23,4912bf74d43553dd6c527ebeb054b79e,delivered,2018-01-14 08:51:55,2018-01-14 08:59:38,2018-01-15 21:33:19,2018-01-29 19:05:26,2018-02-19 00:00:00,2018-01-14,2018-02-19 00:00:00.000000,2026-08-27T05:17:09.287600+00:00,D:/D drive recovery/Shiva JH/Projects/OneLake Medallion/data/landing/2018-01-14/orders.parquet,2018-01-14
f9b70a12018e8fc54ff01781ea794a6b,e54754d2e9742ee1060d207bd1e0b070,delivered,2018-01-14 17:48:42,2018-01-14 18:08:58,2018-01-16 11:48:40,2018-01-25 20:09:13,2018-02-08 00:00:00,2018-01-14,2018-02-08 00:00:00.000000,2026-08-27T05:17:09.287600+00:00,D:/D drive recovery/Shiva JH/Projects/OneLake Medallion/data/landing/2018-01-14/orders.parquet,2018-01-14
55ff54e053fea20c279fe3c8b698bcca,04239f6a8db7da8265f4909a4a10f8a5,delivered,2018-01-14 19:38:10,2018-01-14 19:48:58,2018-01-15 19:43:54,2018-01-20 10:19:29,2018-02-07 00:00:00,2018-01-14,2018-02-07 00:00:00.000000,2026-08-27T05:17:09.287600+00:00,D:/D drive recovery/Shiva JH/Projects/OneLake Medallion/data/landing/2018-01-14/orders.parquet,2018-01-14
6b71838c4be9dce33810de87c333e365,8b1f6b37bd99fe9ccfb4a3fbffde8d44,delivered,2018-01-14 22:34:42,2018-01-15 22:30:47,2018-01-17 17:47:17,2018-01-18 21:45:59,2018-01-30 00:00:00,2018-01-14,2018-01-30 00:00:00.000000,2026-08-27T05:17:09.287600+00:00,D:/D drive recovery/Shiva JH/Projects/OneLake Medallion/data/landing/2018-01-14/orders.parquet,2018-01-14
80ce2b07c4a46dfc98710e39bfe3bd26,afd2cfeecb6e905d2014a7483d9adc79,delivered,2018-01-26 11:50:10,2018-01-26 12:21:28,2018-02-01 00:46:50,2018-02-14 19:38:43,2018-02-19 00:00:00,2018-01-26,2018-02-19 00:00:00.000000,2026-08-27T05:17:09.287600+00:00,D:/D drive recovery/Shiva JH/Projects/OneLake Medallion/data/landing/2018-01-26/orders.parquet,2018-01-26
f28fdc3611b69cc93b0bbd8b1b3afc30,d91e4fe979aeb231f2696fd3712a86d7,delivered,2018-01-26 22:21:10,2018-01-26 22:38:11,2018-01-29 16:56:50,2018-01-30 22:58:38,2018-02-09 00:00:00,2018-01-26,2018-02-09 00:00:00.000000,2026-08-27T05:17:09.287600+00:00,D:/D drive recovery/Shiva JH/Projects/OneLake Medallion/data/landing/2018-01-26/orders.parquet,2018-01-26
d58ee8a6ff29ae9de6d1c8037e0576fe,18a23b8649b823c105ec408fbb12c7d9,delivered,2018-01-26 19:53:54,2018-01-26 20:13:22,2018-01-30 19:28:38,2018-02-02 18:05:43,2018-02-20 00:00:00,2018-01-26,2018-02-20 00:00:00.000000,2026-08-27T05:17:09.287600+00:00,D:/D drive recovery/Shiva JH/Projects/OneLake Medallion/data/landing/2018-01-26/orders.parquet,2018-01-26
b6bce07e667be9039b22c511e12bfc0f,eb70046d0c5ccb4fbbbca4b8066b8626,delivered,2018-01-26 19:53:15,2018-01-26 20:13:22,2018-01-29 22:10:46,2018-01-30 20:27:52,2018-02-09 00:00:00,2018-01-26,2018-02-09 00:00:00.000000,2026-08-27T05:17:09.287600+00:00,D:/D drive recovery/Shiva JH/Projects/OneLake Medallion/data/landing/2018-01-26/orders.parquet,2018-01-26
e7b8437c3c5f2441634448e5a2a3d8fb,e46aa2e872873ed7cdd3e055c9d3e6db,delivered,2018-02-07 18:01:54,2018-02-07 18:15:32,2018-02-16 22:18:46,2018-03-06 01:36:37,2018-03-14 00:00:00,2018-02-07,2018-03-14 00:00:00.000000,2026-08-27T05:17:09.287600+00:00,D:/D drive recovery/Shiva JH/Projects/OneLake Medallion/data/landing/2018-02-07/orders.parquet,2018-02-07
0646e0e4885dd8c69dddd6b2742b3b1b,c1f4934a2867529428088c9305287625,delivered,2018-02-07 14:58:06,2018-02-07 15:11:18,2018-02-08 23:22:02,2018-02-21 16:28:55,2018-03-13 00:00:00,2018-02-07,2018-03-13 00:00:00.000000,2026-08-27T05:17:09.287600+00:00,D:/D drive recovery/Shiva JH/Projects/OneLake Medallion/data/landing/2018-02-07/orders.parquet,2018-02-07
c312c453f248b2bd69d3e18e2112214e,7a8a10e8ec473360ccb95041ec69365d,delivered,2018-02-19 20:59:56,2018-02-19 22:07:09,2018-02-22 03:36:44,2018-02-28 20:26:55,2018-03-19 00:00:00,2018-02-19,2018-03-19 00:00:00.000000,2026-08-27T05:17:09.287600+00:00,D:/D drive recovery/Shiva JH/Projects/OneLake Medallion/data/landing/2018-02-19/orders.parquet,2018-02-19
fa5d14fa4f6dd2527b10d4d1dab415c4,b56212aaf46eabaa667cfb40237759c3,delivered,2018-02-19 16:45:40,2018-02-19 17:50:23,2018-02-21 22:09:09,2018-02-28 23:13:52,2018-03-13 00:00:00,2018-02-19,2018-03-13 00:00:00.000000,2026-08-27T05:17:09.287600+00:00,D:/D drive recovery/Shiva JH/Projects/OneLake Medallion/data/landing/2018-02-19/orders.parquet,2018-02-19
1d4e3c08acd5f70230aa904ef3cb86e3,9cefcd762174d8ff524a4e5498616e28,delivered,2018-02-19 11:26:23,2018-02-19 11:35:40,2018-02-21 16:20:15,2018-03-15 15:21:24,2018-03-13 00:00:00,2018-02-19,2018-03-15 15:21:24.000000,2026-08-27T05:17:09.287600+00:00,D:/D drive recovery/Shiva JH/Projects/OneLake Medallion/data/landing/2018-02-19/orders.parquet,2018-02-19
4334cbad2570eb17ab0f2be70bcc22b7,7d350d56bac0a6a9b6c3e5ce37198fba,delivered,2018-02-19 23:48:49,2018-02-21 06:05:30,2018-02-22 17:22:58,2018-02-26 18:35:48,2018-03-05 00:00:00,2018-02-19,2018-03-05 00:00:00.000000,2026-08-27T05:17:09.287600+00:00,D:/D drive recovery/Shiva JH/Projects/OneLake Medallion/data/landing/2018-02-19/orders.parquet,2018-02-19
59bc56d45d476a352332408dfd911694,d0d68a2590a16593ac99c7912b912337,delivered,2018-02-19 11:11:28,2018-02-19 11:25:28,2018-02-23 02:28:58,2018-03-10 00:58:35,2018-03-16 00:00:00,2018-02-19,2018-03-16 00:00:00.000000,2026-08-27T05:17:09.287600+00:00,D:/D drive recovery/Shiva JH/Projects/OneLake Medallion/data/landing/2018-02-19/orders.parquet,2018-02-19
4a473906f11c8fe0749d47d07c24d13f,7ef6a0d32dec6a869a11d6186e7bc683,delivered,2018-02-19 19:06:41,2018-02-19 20:10:25,2018-02-21 10:45:07,2018-02-22 20:49:07,2018-03-05 00:00:00,2018-02-19,2018-03-05 00:00:00.000000,2026-08-27T05:17:09.287600+00:00,D:/D drive recovery/Shiva JH/Projects/OneLake Medallion/data/landing/2018-02-19/orders.parquet,2018-02-19
e840db297233ce8300fa3cd91c595ba6,6fdd8eba4338f9c98f8942d91cc6bbb8,delivered,2018-02-19 14:37:10,2018-02-20 07:30:48,2018-02-20 17:55:17,2018-02-27 19:07:00,2018-03-12 00:00:00,2018-02-19,2018-03-12 00:00:00.000000,2026-08-27T05:17:09.287600+00:00,D:/D drive recovery/Shiva JH/Projects/OneLake Medallion/data/landing/2018-02-19/orders.parquet,2018-02-19
d2978c1c5c6b9400dfa6a1c08f735314,52a5fb5d3d2d10f86a4849fafa03b059,delivered,2018-02-19 21:05:48,2018-02-19 22:07:31,2018-02-21 13:25:04,2018-03-13 20:37:24,2018-03-14 00:00:00,2018-02-19,2018-03-14 00:00:00.000000,2026-08-27T05:17:09.287600+00:00,D:/D drive recovery/Shiva JH/Projects/OneLake Medallion/data/landing/2018-02-19/orders.parquet,2018-02-19
29fc23bcd9e04ac6a5919350404eb36c,a2463c771cdc164e80078fd3d5e12ee0,delivered,2018-03-03 21:52:44,2018-03-03 22:08:45,2018-03-14 19:03:51,2018-04-04 16:37:00,2018-04-04 00:00:00,2018-03-03,2018-04-04 16:37:00.000000,2026-08-27T05:17:09.287600+00:00,D:/D drive recovery/Shiva JH/Projects/OneLake Medallion/data/landing/2018-03-03/orders.parquet,2018-03-03
7284ecc4524ff324863b12456e842055,3d2b9fa23140627c260894ae1b93663f,delivered,2018-03-03 16:18:44,2018-03-03 16:29:31,2018-03-08 17:08:20,2018-04-09 17:03:13,2018-03-21 00:00:00,2018-03-03,2018-04-09 17:03:13.000000,2026-08-27T05:17:09.287600+00:00,D:/D drive recovery/Shiva JH/Projects/OneLake Medallion/data/landing/2018-03-03/orders.parquet,2018-03-03
950f0e1bdbb03fb26f76d3373ad70e54,c78ce21cb11b3b0ceacf5be3e158f502,delivered,2018-03-03 17:11:26,2018-03-03 17:29:12,2018-03-05 22:48:41,2018-03-13 00:51:30,2018-03-21 00:00:00,2018-03-03,2018-03-21 00:00:00.000000,2026-08-27T05:17:09.287600+00:00,D:/D drive recovery/Shiva JH/Projects/OneLake Medallion/data/landing/2018-03-03/orders.parquet,2018-03-03
65b776d1206b0677bbeb15704021af48,a770b29a01bcb44c7f9028d96ca21863,delivered,2018-03-03 19:40:01,2018-03-03 19:50:53,2018-03-08 15:46:47,2018-03-17 01:42:32,2018-03-27 00:00:00,2018-03-03,2018-03-27 00:00:00.000000,2026-08-27T05:17:09.287600+00:00,D:/D drive recovery/Shiva JH/Projects/OneLake Medallion/data/landing/2018-03-03/orders.parquet,2018-03-03
1809a44d4cfef40b413aa8a35d87903e,dedd8b4958cfa85ad524e089bc460664,delivered,2018-03-03 00:21:15,2018-03-03 00:35:35,2018-03-06 02:23:13,2018-03-06 20:08:29,2018-03-15 00:00:00,2018-03-03,2018-03-15 00:00:00.000000,2026-08-27T05:17:09.287600+00:00,D:/D drive recovery/Shiva JH/Projects/OneLake Medallion/data/landing/2018-03-03/orders.parquet,2018-03-03
c7ecacd47d6d485595133ef36fc23570,a77ce9197298c6a5a9a4002cb69d2c2e,delivered,2018-03-03 19:00:18,2018-03-03 19:10:33,2018-03-05 22:21:53,2018-03-08 19:56:29,2018-03-15 00:00:00,2018-03-03,2018-03-15 00:00:00.000000,2026-08-27T05:17:09.287600+00:00,D:/D drive recovery/Shiva JH/Projects/OneLake Medallion/data/landing/2018-03-03/orders.parquet,2018-03-03
ae647800f7009520d784c9c9ab2de7be,e9558d82e022425af9ddb83c83247958,delivered,2018-03-03 18:45:18,2018-03-06 03:55:45,2018-03-06 21:32:35,2018-03-22 02:33:25,2018-03-28 00:00:00,2018-03-03,2018-03-28 00:00:00.000000,2026-08-27T05:17:09.287600+00:00,D:/D drive recovery/Shiva JH/Projects/OneLake Medallion/data/landing/2018-03-03/orders.parquet,2018-03-03
1ef47fb13ee9044b5e5aa3bd388755de,c1f326c1584e139615e3ba4ae4d23760,delivered,2018-03-15 10:58:23,2018-03-15 11:10:29,2018-03-15 23:58:52,2018-04-12 21:05:53,2018-04-06 00:00:00,2018-03-15,2018-04-12 21:05:53.000000,2026-08-27T05:17:09.287600+00:00,D:/D drive recovery/Shiva JH/Projects/OneLake Medallion/data/landing/2018-03-15/orders.parquet,2018-03-15
4f47419e65cf0a0ad0d769a6287fc6fa,e67cb1a64f6d90b3b8b9c78cdfe91dca,delivered,2018-03-15 17:02:08,2018-03-16 17:09:23,2018-03-21 01:52:21,2018-04-02 20:02:35,2018-04-09 00:00:00,2018-03-15,2018-04-09 00:00:00.000000,2026-08-27T05:17:09.287600+00:00,D:/D drive recovery/Shiva JH/Projects/OneLake Medallion/data/landing/2018-03-15/orders.parquet,2018-03-15
4cb8dd7ed38c78241066cdaa289811ba,250dfa98c84cdde19347af0428388a8c,delivered,2018-03-15 22:07:54,2018-03-15 22:32:07,2018-03-16 17:51:50,2018-03-26 15:51:46,2018-04-03 00:00:00,2018-03-15,2018-04-03 00:00:00.000000,2026-08-27T05:17:09.287600+00:00,D:/D drive recovery/Shiva JH/Projects/OneLake Medallion/data/landing/2018-03-15/orders.parquet,2018-03-15
4191fb72d0d41e2814969339894ec19e,b5d774283195a95c35daf6e7f16e48bd,delivered,2018-03-15 16:45:19,2018-03-15 17:10:25,2018-03-19 21:29:54,2018-04-19 19:12:26,2018-05-02 00:00:00,2018-03-15,2018-05-02 00:00:00.000000,2026-08-27T05:17:09.287600+00:00,D:/D drive recovery/Shiva JH/Projects/OneLake Medallion/data/landing/2018-03-15/orders.parquet,2018-03-15
e30e1b2d38289d666f614ee04f5951ba,94298cbe7a6c41305c767c411762afd5,delivered,2018-03-15 11:16:04,2018-03-16 03:50:15,2018-03-16 21:08:41,2018-03-23 17:28:51,2018-04-03 00:00:00,2018-03-15,2018-04-03 00:00:00.000000,2026-08-27T05:17:09.287600+00:00,D:/D drive recovery/Shiva JH/Projects/OneLake Medallion/data/landing/2018-03-15/orders.parquet,2018-03-15
2158e65196d4219c8f22cf686e1cc8de,5515585fb72bf6f55dc98b21281cd3c3,delivered,2018-03-15 09:37:51,2018-03-15 09:50:52,2018-03-29 19:56:48,2018-04-04 22:14:49,2018-04-18 00:00:00,2018-03-15,2018-04-18 00:00:00.000000,2026-08-27T05:17:09.287600+00:00,D:/D drive recovery/Shiva JH/Projects/OneLake Medallion/data/landing/2018-03-15/orders.parquet,2018-03-15
13d5066bb747cafa23f1bb6d1838eee4,22bc7b908ab206d76f37baa85e168553,delivered,2018-03-15 10:44:26,2018-03-15 10:55:39,2018-03-16 20:32:39,2018-04-02 13:11:49,2018-04-03 00:00:00,2018-03-15,2018-04-03 00:00:00.000000,2026-08-27T05:17:09.287600+00:00,D:/D drive recovery/Shiva JH/Projects/OneLake Medallion/data/landing/2018-03-15/orders.parquet,2018-03-15
30f0086bfe1b046a524f8acf1d3eaa11,0b9a25915090ecc0db112277977fc2cb,delivered,2018-03-27 14:58:31,2018-03-28 02:48:01,2018-03-28 18:48:45,2018-04-10 16:12:40,2018-04-23 00:00:00,2018-03-27,2018-04-23 00:00:00.000000,2026-08-27T05:17:09.287600+00:00,D:/D drive recovery/Shiva JH/Projects/OneLake Medallion/data/landing/2018-03-27/orders.parquet,2018-03-27
ba637aace31b817e0f186405ae78ccca,f8e504ca6e18fe0afcf86d5b30817489,delivered,2018-03-27 14:32:43,2018-03-27 14:48:00,2018-03-28 18:24:56,2018-04-09 12:38:20,2018-04-13 00:00:00,2018-03-27,2018-04-13 00:00:00.000000,2026-08-27T05:17:09.287600+00:00,D:/D drive recovery/Shiva JH/Projects/OneLake Medallion/data/landing/2018-03-27/orders.parquet,2018-03-27
fd042392e06a76d51f027c8659ff6815,798a392e3a33f98aae3037e1c5ad78d5,delivered,2018-03-27 09:49:57,2018-03-27 10:07:15,2018-04-02 18:58:36,2018-04-05 14:56:47,2018-04-23 00:00:00,2018-03-27,2018-04-23 00:00:00.000000,2026-08-27T05:17:09.287600+00:00,D:/D drive recovery/Shiva JH/Projects/OneLake Medallion/data/landing/2018-03-27/orders.parquet,2018-03-27
13f33384dcc1bd99cabcc96a491fe5e3,8a4cf15e60353a23e927ace442b180f6,delivered,2018-03-27 15:38:48,2018-03-27 15:55:18,2018-03-28 18:52:36,2018-04-03 22:19:03,2018-04-30 00:00:00,2018-03-27,2018-04-30 00:00:00.000000,2026-08-27T05:17:09.287600+00:00,D:/D drive recovery/Shiva JH/Projects/OneLake Medallion/data/landing/2018-03-27/orders.parquet,2018-03-27
2e9459cba62b0d848703c2c3d1c50abe,09f684f838e2d8ad58c6ddae94ba07e4,delivered,2018-03-27 14:05:03,2018-03-27 15:08:05,2018-03-29 23:44:42,2018-04-12 19:21:25,2018-04-16 00:00:00,2018-03-27,2018-04-16 00:00:00.000000,2026-08-27T05:17:09.287600+00:00,D:/D drive recovery/Shiva JH/Projects/OneLake Medallion/data/landing/2018-03-27/orders.parquet,2018-03-27
b4d6bee8b34f0daf1309fc764051cce5,b87ab7515bb1025b80d8f9bc5c860f83,delivered,2018-04-08 21:25:05,2018-04-08 21:35:15,2018-04-09 15:55:22,2018-04-20 17:29:54,2018-05-07 00:00:00,2018-04-08,2018-05-07 00:00:00.000000,2026-08-27T05:17:09.287600+00:00,D:/D drive recovery/Shiva JH/Projects/OneLake Medallion/data/landing/2018-04-08/orders.parquet,2018-04-08
925ee6cfbb7a083de5384773197aa9f6,b7021bcc80efc910e6a0748389a5eeb9,delivered,2018-04-08 19:22:37,2018-04-10 17:32:42,2018-04-11 19:36:46,2018-05-02 18:32:03,2018-05-07 00:00:00,2018-04-08,2018-05-07 00:00:00.000000,2026-08-27T05:17:09.287600+00:00,D:/D drive recovery/Shiva JH/Projects/OneLake Medallion/data/landing/2018-04-08/orders.parquet,2018-04-08
6c529370da5caa0a00a077160dc16b01,307f69409b94f1287cd478d154225cd3,delivered,2018-04-08 23:46:53,2018-04-08 23:55:13,2018-04-12 20:58:34,2018-04-16 18:49:35,2018-04-25 00:00:00,2018-04-08,2018-04-25 00:00:00.000000,2026-08-27T05:17:09.287600+00:00,D:/D drive recovery/Shiva JH/Projects/OneLake Medallion/data/landing/2018-04-08/orders.parquet,2018-04-08
a1cc6e60e142d31a699056328d83cf82,48af95a46c13d4d160cecc586b460fe1,delivered,2018-04-08 12:01:38,2018-04-08 12:15:17,2018-04-09 22:36:31,2018-04-18 15:12:34,2018-05-07 00:00:00,2018-04-08,2018-05-07 00:00:00.000000,2026-08-27T05:17:09.287600+00:00,D:/D drive recovery/Shiva JH/Projects/OneLake Medallion/data/landing/2018-04-08/orders.parquet,2018-04-08
7ed69fbc79fbda50e09caa9c127026e5,1ce59f480a5fbb7054f9f8e59c577858,delivered,2018-04-20 11:30:06,2018-04-20 11:54:43,2018-04-20 21:03:34,2018-05-09 23:38:24,2018-05-25 00:00:00,2018-04-20,2018-05-25 00:00:00.000000,2026-08-27T05:17:09.287600+00:00,D:/D drive recovery/Shiva JH/Projects/OneLake Medallion/data/landing/2018-04-20/orders.parquet,2018-04-20
5bebe39740e4434a58d1fead1a4d854d,caf13309f13b92c0b4e19259a74566fd,delivered,2018-05-02 11:09:22,2018-05-02 11:34:21,2018-05-02 14:39:00,2018-05-18 15:49:00,2018-05-30 00:00:00,2018-05-02,2018-05-30 00:00:00.000000,2026-08-27T05:17:09.287600+00:00,D:/D drive recovery/Shiva JH/Projects/OneLake Medallion/data/landing/2018-05-02/orders.parquet,2018-05-02
20b4a1345c31cae5591e4faccbba51e6,b97a4000762981a7e2de5fa1afae8113,delivered,2018-05-02 18:41:06,2018-05-02 19:15:29,2018-05-08 11:06:00,2018-05-21 15:56:45,2018-06-04 00:00:00,2018-05-02,2018-06-04 00:00:00.000000,2026-08-27T05:17:09.287600+00:00,D:/D drive recovery/Shiva JH/Projects/OneLake Medallion/data/landing/2018-05-02/orders.parquet,2018-05-02
715001949a42ea3ce6599c13f748dbb5,3cbb1f9baf4a4cc2e574a514091d9c6e,delivered,2018-05-02 10:47:01,2018-05-02 11:13:41,2018-05-09 12:44:00,2018-05-10 20:46:51,2018-05-17 00:00:00,2018-05-02,2018-05-17 00:00:00.000000,2026-08-27T05:17:09.287600+00:00,D:/D drive recovery/Shiva JH/Projects/OneLake Medallion/data/landing/2018-05-02/orders.parquet,2018-05-02
0547cd893959df1f7e54aeaee4368577,68491aa52cafce7ca8cfd1cfef3681d4,delivered,2018-05-02 23:31:12,2018-05-03 00:50:13,2018-05-04 14:40:00,2018-05-10 16:08:26,2018-05-23 00:00:00,2018-05-02,2018-05-23 00:00:00.000000,2026-08-27T05:17:09.287600+00:00,D:/D drive recovery/Shiva JH/Projects/OneLake Medallion/data/landing/2018-05-02/orders.parquet,2018-05-02
93d02f5f55e689031c89bf0162e50fc9,7d9b43e7df40315889242979a5df7238,delivered,2018-05-02 04:03:33,2018-05-02 04:35:12,2018-05-02 15:19:00,2018-05-08 16:10:53,2018-05-15 00:00:00,2018-05-02,2018-05-15 00:00:00.000000,2026-08-27T05:17:09.287600+00:00,D:/D drive recovery/Shiva JH/Projects/OneLake Medallion/data/landing/2018-05-02/orders.parquet,2018-05-02
33f11ddd5042dcc18008c3f804d67a7c,3406ba91b8af6a841c0b7d48ceb5f752,delivered,2018-05-02 11:59:40,2018-05-02 12:14:47,2018-05-03 14:19:00,2018-05-09 20:42:11,2018-06-04 00:00:00,2018-05-02,2018-06-04 00:00:00.000000,2026-08-27T05:17:09.287600+00:00,D:/D drive recovery/Shiva JH/Projects/OneLake Medallion/data/landing/2018-05-02/orders.parquet,2018-05-02
707ce3d3698a90d1ab9d9c2dc47223c2,f4a9f3a779e9783f7c992f5723bbe3d3,delivered,2018-05-02 20:08:45,2018-05-02 20:53:25,2018-05-03 13:28:00,2018-05-09 23:12:11,2018-05-21 00:00:00,2018-05-02,2018-05-21 00:00:00.000000,2026-08-27T05:17:09.287600+00:00,D:/D drive recovery/Shiva JH/Projects/OneLake Medallion/data/landing/2018-05-02/orders.parquet,2018-05-02
ef6a08eb361817fe2908f1553b5d00f1,d8550cf18fadc5a48406fade5a1b556a,delivered,2018-05-02 08:59:16,2018-05-02 09:14:57,2018-05-02 15:06:00,2018-05-03 19:51:56,2018-05-16 00:00:00,2018-05-02,2018-05-16 00:00:00.000000,2026-08-27T05:17:09.287600+00:00,D:/D drive recovery/Shiva JH/Projects/OneLake Medallion/data/landing/2018-05-02/orders.parquet,2018-05-02
426cb887d39c423e83e61bcc40e6c973,7fc0cc086e904eb7c92ae9d7e04c4bf2,delivered,2018-05-02 22:06:43,2018-05-02 22:34:58,2018-05-04 15:01:00,2018-05-11 19:46:38,2018-06-11 00:00:00,2018-05-02,2018-06-11 00:00:00.000000,2026-08-27T05:17:09.287600+00:00,D:/D drive recovery/Shiva JH/Projects/OneLake Medallion/data/landing/2018-05-02/orders.parquet,2018-05-02
c1ce7c20699d83bcfb424c8e800a1788,2b0a5b85deac8b6d317d15ac41b14734,delivered,2018-05-14 15:39:50,2018-05-14 15:56:58,2018-05-15 13:32:00,2018-07-24 18:28:27,2018-06-07 00:00:00,2018-05-14,2018-07-24 18:28:27.000000,2026-08-27T05:17:09.287600+00:00,D:/D drive recovery/Shiva JH/Projects/OneLake Medallion/data/landing/2018-05-14/orders.parquet,2018-05-14
7a571da00e7b58c32fce2e6eb560dbde,3b7635130d1327ea2b273050efc450a9,delivered,2018-05-14 21:28:52,2018-05-16 03:34:01,2018-05-22 14:13:00,2018-05-23 17:06:22,2018-05-24 00:00:00,2018-05-14,2018-05-24 00:00:00.000000,2026-08-27T05:17:09.287600+00:00,D:/D drive recovery/Shiva JH/Projects/OneLake Medallion/data/landing/2018-05-14/orders.parquet,2018-05-14
940e896188811aa2bf507e26b3af6f14,74d12506558a6bbbde586458f73d328e,delivered,2018-05-14 22:04:44,2018-05-14 22:37:31,2018-05-15 13:42:00,2018-06-04 16:58:33,2018-06-14 00:00:00,2018-05-14,2018-06-14 00:00:00.000000,2026-08-27T05:17:09.287600+00:00,D:/D drive recovery/Shiva JH/Projects/OneLake Medallion/data/landing/2018-05-14/orders.parquet,2018-05-14
21235c5a99a117c776a72a4de3276027,a5c7faf5cec9b387040c3e5bf4d71925,delivered,2018-05-14 21:59:25,2018-05-14 22:10:34,2018-05-15 10:32:00,2018-05-24 14:18:29,2018-06-04 00:00:00,2018-05-14,2018-06-04 00:00:00.000000,2026-08-27T05:17:09.287600+00:00,D:/D drive recovery/Shiva JH/Projects/OneLake Medallion/data/landing/2018-05-14/orders.parquet,2018-05-14
9fb02202e7778ace9ab4c5bd3d1fc95d,740e4bdbbba1f7da2c2819d324fdc3cf,delivered,2018-05-14 16:49:19,2018-05-14 17:18:37,2018-05-15 11:00:00,2018-05-18 17:15:36,2018-06-05 00:00:00,2018-05-14,2018-06-05 00:00:00.000000,2026-08-27T05:17:09.287600+00:00,D:/D drive recovery/Shiva JH/Projects/OneLake Medallion/data/landing/2018-05-14/orders.parquet,2018-05-14
7ad268e7217705092ee455d9bd8d3aad,13e0be29519dd29995c22431c806d139,delivered,2018-05-14 16:48:13,2018-05-14 17:18:39,2018-05-15 15:39:00,2018-05-21 13:24:45,2018-06-05 00:00:00,2018-05-14,2018-06-05 00:00:00.000000,2026-08-27T05:17:09.287600+00:00,D:/D drive recovery/Shiva JH/Projects/OneLake Medallion/data/landing/2018-05-14/orders.parquet,2018-05-14
a73d909b08c8058d8c1f42cdb2ada6ae,f6cedb4b0b06be93d4ab83c19536bcc9,delivered,2018-05-26 12:12:15,2018-05-26 12:30:16,2018-05-28 15:00:00,2018-06-01 15:42:10,2018-06-20 00:00:00,2018-05-26,2018-06-20 00:00:00.000000,2026-08-27T05:17:09.287600+00:00,D:/D drive recovery/Shiva JH/Projects/OneLake Medallion/data/landing/2018-05-26/orders.parquet,2018-05-26
765f62aa9ec878cf62b1533261ae8e87,68d430cabd68310e0732347be5e9be22,delivered,2018-05-26 08:58:34,2018-05-26 09:15:12,2018-05-28 13:19:00,2018-06-11 17:52:45,2018-06-29 00:00:00,2018-05-26,2018-06-29 00:00:00.000000,2026-08-27T05:17:09.287600+00:00,D:/D drive recovery/Shiva JH/Projects/OneLake Medallion/data/landing/2018-05-26/orders.parquet,2018-05-26
f3863782b51a1c378f36a99845aacbe7,6416212b1f807629ba0f313580525565,delivered,2018-05-26 16:46:07,2018-05-26 17:09:50,2018-05-29 14:04:00,2018-06-08 21:33:17,2018-07-04 00:00:00,2018-05-26,2018-07-04 00:00:00.000000,2026-08-27T05:17:09.287600+00:00,D:/D drive recovery/Shiva JH/Projects/OneLake Medallion/data/landing/2018-05-26/orders.parquet,2018-05-26
dcb36b511fcac050b97cd5c05de84dc3,3b6828a50ffe546942b7a473d70ac0fc,delivered,2018-06-07 19:03:12,2018-06-12 23:31:02,2018-06-11 14:54:00,2018-06-21 15:34:32,2018-07-04 00:00:00,2018-06-07,2018-07-04 00:00:00.000000,2026-08-27T05:17:09.287600+00:00,D:/D drive recovery/Shiva JH/Projects/OneLake Medallion/data/landing/2018-06-07/orders.parquet,2018-06-07
85c14f3be89a889592d53a5b8ff031bb,f5721b9d1b28be65390235aaf8576a30,delivered,2018-06-07 15:40:32,2018-06-07 16:00:15,2018-06-08 14:02:00,2018-06-14 16:51:46,2018-07-11 00:00:00,2018-06-07,2018-07-11 00:00:00.000000,2026-08-27T05:17:09.287600+00:00,D:/D drive recovery/Shiva JH/Projects/OneLake Medallion/data/landing/2018-06-07/orders.parquet,2018-06-07
de0d5d6bf2003cc68cddbcbb3783b87d,572c55e6ec9e1ccd62db5a04f67499bf,delivered,2018-06-07 12:05:36,2018-06-07 12:19:20,2018-06-14 11:23:00,2018-06-25 21:22:26,2018-07-04 00:00:00,2018-06-07,2018-07-04 00:00:00.000000,2026-08-27T05:17:09.287600+00:00,D:/D drive recovery/Shiva JH/Projects/OneLake Medallion/data/landing/2018-06-07/orders.parquet,2018-06-07
824d9780d0313771024a0c70fe9dd9a7,61d049f3ebaf63f74e7c8c5289f19845,delivered,2018-06-07 13:28:00,2018-06-07 13:57:33,2018-06-07 15:54:00,2018-06-11 18:53:39,2018-06-25 00:00:00,2018-06-07,2018-06-25 00:00:00.000000,2026-08-27T05:17:09.287600+00:00,D:/D drive recovery/Shiva JH/Projects/OneLake Medallion/data/landing/2018-06-07/orders.parquet,2018-06-07
bd7f8a8a67a2c07406735945fc28b4c7,7faf9c260f51ec1b1e441defba82da35,delivered,2018-06-19 14:30:10,2018-06-19 14:57:22,2018-06-20 14:21:00,2018-06-21 18:41:42,2018-07-03 00:00:00,2018-06-19,2018-07-03 00:00:00.000000,2026-08-27T05:17:09.287600+00:00,D:/D drive recovery/Shiva JH/Projects/OneLake Medallion/data/landing/2018-06-19/orders.parquet,2018-06-19
3a1f0844864136aa18f6710238f40e6e,a3e97fa8c85bb70ec9b30785c7116682,delivered,2018-06-19 09:54:54,2018-06-19 10:15:41,2018-06-25 09:08:00,2018-06-26 17:04:39,2018-07-04 00:00:00,2018-06-19,2018-07-04 00:00:00.000000,2026-08-27T05:17:09.287600+00:00,D:/D drive recovery/Shiva JH/Projects/OneLake Medallion/data/landing/2018-06-19/orders.parquet,2018-06-19
fdad9ac63eb92d4413a159106156cab1,709e829ebdd2e9ef3155756eebf8469c,delivered,2018-06-19 19:43:24,2018-06-19 20:16:17,2018-06-21 12:03:00,2018-06-30 13:46:28,2018-07-24 00:00:00,2018-06-19,2018-07-24 00:00:00.000000,2026-08-27T05:17:09.287600+00:00,D:/D drive recovery/Shiva JH/Projects/OneLake Medallion/data/landing/2018-06-19/orders.parquet,2018-06-19
50c4d73707f3154c08eb85d0fd1e5149,923c66d220bd6cc4760eb719e35f0b2f,delivered,2018-06-19 23:13:23,2018-06-21 03:38:48,2018-06-21 15:12:00,2018-06-27 16:18:42,2018-07-16 00:00:00,2018-06-19,2018-07-16 00:00:00.000000,2026-08-27T05:17:09.287600+00:00,D:/D drive recovery/Shiva JH/Projects/OneLake Medallion/data/landing/2018-06-19/orders.parquet,2018-06-19
ff014de83d667807820e68d8ea975281,4f41913e9ec8b0688894cac083489228,delivered,2018-06-19 20:32:03,2018-06-20 20:37:34,2018-06-25 15:41:00,2018-06-29 18:16:41,2018-07-13 00:00:00,2018-06-19,2018-07-13 00:00:00.000000,2026-08-27T05:17:09.287600+00:00,D:/D drive recovery/Shiva JH/Projects/OneLake Medallion/data/landing/2018-06-19/orders.parquet,2018-06-19
6d78521e00f69cd15f0a4f73f9f561e4,05a77ea6f0049cb8d1604d562e8b4c7b,delivered,2018-06-19 22:50:21,2018-06-21 03:38:59,2018-06-21 15:17:00,2018-06-27 18:03:18,2018-07-11 00:00:00,2018-06-19,2018-07-11 00:00:00.000000,2026-08-27T05:17:09.287600+00:00,D:/D drive recovery/Shiva JH/Projects/OneLake Medallion/data/landing/2018-06-19/orders.parquet,2018-06-19
95d31d53ccc53bca2c13fcd535d67526,345243f3e37e32114d9cf17eb7a11c29,delivered,2016-10-07 14:40:45,2016-10-07 14:52:25,2016-10-15 12:33:31,2016-10-18 01:37:54,2016-12-05 00:00:00,2016-10-07,2016-12-05 00:00:00.000000,2026-08-27T05:17:09.287600+00:00,D:/D drive recovery/Shiva JH/Projects/OneLake Medallion/data/landing/2016-10-07/orders.parquet,2016-10-07
fd4b04818375a4ba579a80c8d37f1b24,9ebd9edc6854d388eb4a9d1283acdf96,delivered,2016-10-07 14:15:50,2016-10-07 14:31:43,2016-10-15 10:31:37,2016-10-19 00:47:36,2016-12-01 00:00:00,2016-10-07,2016-12-01 00:00:00.000000,2026-08-27T05:17:09.287600+00:00,D:/D drive recovery/Shiva JH/Projects/OneLake Medallion/data/landing/2016-10-07/orders.parquet,2016-10-07
50f357099566f1be7abfaf8d9dc5b004,04356ca5b944f7a92d6b103bdb44268a,delivered,2016-10-07 17:13:42,2016-10-07 17:31:48,2016-10-21 16:34:06,2016-10-24 16:34:06,2016-11-29 00:00:00,2016-10-07,2016-11-29 00:00:00.000000,2026-08-27T05:17:09.287600+00:00,D:/D drive recovery/Shiva JH/Projects/OneLake Medallion/data/landing/2016-10-07/orders.parquet,2016-10-07
8b94c85a97b61f51a419a57e451d4e3a,54078a8661b0336a50e00afab86da419,delivered,2017-01-11 12:49:53,2017-01-11 13:05:35,2017-01-12 15:13:58,2017-01-18 10:37:56,2017-02-23 00:00:00,2017-01-11,2017-02-23 00:00:00.000000,2026-08-27T05:17:09.287600+00:00,D:/D drive recovery/Shiva JH/Projects/OneLake Medallion/data/landing/2017-01-11/orders.parquet,2017-01-11
cc585bf1df31232b1654bde95ef0730e,3fee10e96b1e1fc1a04c37d8bbe41fdf,delivered,2017-02-04 10:06:56,2017-02-04 10:21:40,2017-02-07 09:13:32,2017-02-08 15:48:48,2017-03-01 00:00:00,2017-02-04,2017-03-01 00:00:00.000000,2026-08-27T05:17:09.287600+00:00,D:/D drive recovery/Shiva JH/Projects/OneLake Medallion/data/landing/2017-02-04/orders.parquet,2017-02-04
3a96b8ddd22b9f22c3b8a556d2003fd8,5ef121a48e1ea142acfa7f4d33e3d99e,delivered,2017-02-04 13:24:34,2017-02-07 04:10:27,2017-02-09 12:31:03,2017-02-21 11:14:53,2017-03-15 00:00:00,2017-02-04,2017-03-15 00:00:00.000000,2026-08-27T05:17:09.287600+00:00,D:/D drive recovery/Shiva JH/Projects/OneLake Medallion/data/landing/2017-02-04/orders.parquet,2017-02-04
84f788243b8e0583367e3a10ceee9457,11a146e1036640e0eb9c57b047937115,delivered,2017-02-16 12:58:36,2017-02-17 13:05:46,2017-02-20 12:21:38,2017-02-22 21:45:54,2017-03-15 00:00:00,2017-02-16,2017-03-15 00:00:00.000000,2026-08-27T05:17:09.287600+00:00,D:/D drive recovery/Shiva JH/Projects/OneLake Medallion/data/landing/2017-02-16/orders.parquet,2017-02-16
b0220dd81253d8ca2c9dd8be8caf49b5,36cc031ab99b639ada133b4cb346f826,delivered,2017-03-24 06:12:05,2017-03-25 02:33:45,2017-03-30 16:32:54,2017-04-17 08:06:51,2017-05-05 00:00:00,2017-03-24,2017-05-05 00:00:00.000000,2026-08-27T05:17:09.287600+00:00,D:/D drive recovery/Shiva JH/Projects/OneLake Medallion/data/landing/2017-03-24/orders.parquet,2017-03-24
95c9ce1fdafddf9a5d87142c464aa09d,760a013f293370ac8661971c593fb4f2,delivered,2017-04-29 23:40:45,2017-05-03 15:32:51,2017-05-04 15:04:48,2017-05-11 14:38:05,2017-05-23 00:00:00,2017-04-29,2017-05-23 00:00:00.000000,2026-08-27T05:17:09.287600+00:00,D:/D drive recovery/Shiva JH/Projects/OneLake Medallion/data/landing/2017-04-29/orders.parquet,2017-04-29
da8eefd7ee5ebac9e6163fec64141557,9dd030c8d696939ff4a035e932ac3b19,delivered,2017-04-29 18:02:09,2017-04-29 18:10:14,2017-05-02 14:57:33,2017-05-08 16:28:01,2017-05-25 00:00:00,2017-04-29,2017-05-25 00:00:00.000000,2026-08-27T05:17:09.287600+00:00,D:/D drive recovery/Shiva JH/Projects/OneLake Medallion/data/landing/2017-04-29/orders.parquet,2017-04-29
188c13d1aa80d3a7ffc208eb983bf267,343e3b5832f35efd7d16f8f14c122ec4,delivered,2017-04-29 15:47:24,2017-05-03 15:33:11,2017-05-10 11:43:56,2017-05-15 15:44:39,2017-06-01 00:00:00,2017-04-29,2017-06-01 00:00:00.000000,2026-08-27T05:17:09.287600+00:00,D:/D drive recovery/Shiva JH/Projects/OneLake Medallion/data/landing/2017-04-29/orders.parquet,2017-04-29
a16c048c79d11f82c31fb4fbf407e6cf,08faaa96437305ceef6b95a46cfd0030,delivered,2017-05-11 11:14:00,2017-05-11 11:25:27,2017-05-12 14:15:11,2017-05-18 14:11:33,2017-06-05 00:00:00,2017-05-11,2017-06-05 00:00:00.000000,2026-08-27T05:17:09.287600+00:00,D:/D drive recovery/Shiva JH/Projects/OneLake Medallion/data/landing/2017-05-11/orders.parquet,2017-05-11
6108ae9acd8ee0ffd527598b9ebc6acc,3451f0abea3bb822681b0220a5ea0965,delivered,2017-05-23 19:19:31,2017-05-23 19:35:11,2017-05-29 09:04:00,2017-05-31 16:09:34,2017-06-05 00:00:00,2017-05-23,2017-06-05 00:00:00.000000,2026-08-27T05:17:09.287600+00:00,D:/D drive recovery/Shiva JH/Projects/OneLake Medallion/data/landing/2017-05-23/orders.parquet,2017-05-23
a742e3a941299687aed413c581a7dce9,f1e6293b21eebd4e0cd6828301c669b1,delivered,2017-06-04 14:53:58,2017-06-06 13:10:20,2017-06-08 12:47:20,2017-06-19 18:03:57,2017-06-19 00:00:00,2017-06-04,2017-06-19 18:03:57.000000,2026-08-27T05:17:09.287600+00:00,D:/D drive recovery/Shiva JH/Projects/OneLake Medallion/data/landing/2017-06-04/orders.parquet,2017-06-04
95a87e0d2cf1cb63b02eba222ceaecc7,b93d757b24d7fe32863f81d69b43f2aa,delivered,2017-06-04 17:04:40,2017-06-04 17:15:10,2017-06-08 12:11:02,2017-06-19 18:48:42,2017-07-07 00:00:00,2017-06-04,2017-07-07 00:00:00.000000,2026-08-27T05:17:09.287600+00:00,D:/D drive recovery/Shiva JH/Projects/OneLake Medallion/data/landing/2017-06-04/orders.parquet,2017-06-04
7dfc1b9142ff06ae86300fd5d601c74b,0645e6b17784d5955065584acabb7d25,delivered,2017-06-04 11:09:04,2017-06-04 11:22:28,2017-06-06 10:43:38,2017-06-12 14:04:39,2017-06-27 00:00:00,2017-06-04,2017-06-27 00:00:00.000000,2026-08-27T05:17:09.287600+00:00,D:/D drive recovery/Shiva JH/Projects/OneLake Medallion/data/landing/2017-06-04/orders.parquet,2017-06-04
65c56aa08aaade99b2cd074e12f1b18b,52cf80510bae1e1665b35b35b9560d26,delivered,2017-06-28 14:09:59,2017-06-28 14:25:22,2017-06-29 14:32:16,2017-07-11 20:03:13,2017-07-28 00:00:00,2017-06-28,2017-07-28 00:00:00.000000,2026-08-27T05:17:09.287600+00:00,D:/D drive recovery/Shiva JH/Projects/OneLake Medallion/data/landing/2017-06-28/orders.parquet,2017-06-28
4d31272d8cb07c4ab84562c8ae2e0fdb,6d8b84bc65ad63bb703b96c994e3f18d,delivered,2017-07-10 17:56:02,2017-07-11 06:43:42,2017-07-11 21:47:59,2017-07-25 19:28:50,2017-08-03 00:00:00,2017-07-10,2017-08-03 00:00:00.000000,2026-08-27T05:17:09.287600+00:00,D:/D drive recovery/Shiva JH/Projects/OneLake Medallion/data/landing/2017-07-10/orders.parquet,2017-07-10
f30b0f98bf4dd642e36ee8185aba1329,3b005155a176bb1701edcf9f258e97e4,delivered,2017-07-10 10:08:51,2017-07-10 10:23:28,2017-08-01 12:56:41,2017-08-08 14:56:14,2017-08-17 00:00:00,2017-07-10,2017-08-17 00:00:00.000000,2026-08-27T05:17:09.287600+00:00,D:/D drive recovery/Shiva JH/Projects/OneLake Medallion/data/landing/2017-07-10/orders.parquet,2017-07-10
8ba312c27b6123e1c49276f0d9b84598,4804ee8e95d9abf3796b8f3824ea9b90,delivered,2017-07-22 10:04:24,2017-07-22 16:45:14,2017-07-25 11:04:00,2017-08-04 23:43:44,2017-08-17 00:00:00,2017-07-22,2017-08-17 00:00:00.000000,2026-08-27T05:17:09.287600+00:00,D:/D drive recovery/Shiva JH/Projects/OneLake Medallion/data/landing/2017-07-22/orders.parquet,2017-07-22
1353506aaf9cbe711a4d41f9442d4167,fc2b715f699d791561d8330e42ac7350,delivered,2017-07-22 21:26:27,2017-07-25 03:30:31,2017-07-27 19:12:21,2017-08-02 16:09:44,2017-08-15 00:00:00,2017-07-22,2017-08-15 00:00:00.000000,2026-08-27T05:17:09.287600+00:00,D:/D drive recovery/Shiva JH/Projects/OneLake Medallion/data/landing/2017-07-22/orders.parquet,2017-07-22
186efcd656d8ac4332156f594df02572,78d601a14d29913633ba202e053d69b4,delivered,2017-08-03 20:12:38,2017-08-03 22:32:55,2017-08-08 17:30:00,2017-08-15 21:41:27,2017-08-25 00:00:00,2017-08-03,2017-08-25 00:00:00.000000,2026-08-27T05:17:09.287600+00:00,D:/D drive recovery/Shiva JH/Projects/OneLake Medallion/data/landing/2017-08-03/orders.parquet,2017-08-03
ee1fd5d090d5f8772860cad42d39c986,d6154b35746d6957d70e8187799faecf,delivered,2017-08-15 22:47:10,2017-08-17 02:50:14,2017-08-30 22:07:45,2017-09-09 16:09:46,2017-09-13 00:00:00,2017-08-15,2017-09-13 00:00:00.000000,2026-08-27T05:17:09.287600+00:00,D:/D drive recovery/Shiva JH/Projects/OneLake Medallion/data/landing/2017-08-15/orders.parquet,2017-08-15
f40c9a0dfd3542502b65ecac2fcbe501,cc354f07961872d40c151b570ba09e52,delivered,2017-08-15 17:17:53,2017-08-15 18:50:11,2017-08-16 17:25:35,2017-08-22 19:53:02,2017-09-06 00:00:00,2017-08-15,2017-09-06 00:00:00.000000,2026-08-27T05:17:09.287600+00:00,D:/D drive recovery/Shiva JH/Projects/OneLake Medallion/data/landing/2017-08-15/orders.parquet,2017-08-15
534a0fa02fb111d37c01c86326fc38bb,0ae0ecfb6b24ce4a6f6778023d0425d7,delivered,2017-08-15 16:09:15,2017-08-17 03:06:20,2017-08-17 12:54:56,2017-08-21 21:27:38,2017-09-06 00:00:00,2017-08-15,2017-09-06 00:00:00.000000,2026-08-27T05:17:09.287600+00:00,D:/D drive recovery/Shiva JH/Projects/OneLake Medallion/data/landing/2017-08-15/orders.parquet,2017-08-15
fad1e133ca16d525f3b6e2ae6008840e,7076c7f3aecf10b4e928caef589ebd18,delivered,2017-08-15 11:29:19,2017-08-15 11:55:18,2017-08-17 20:10:01,2017-08-23 17:37:53,2017-09-04 00:00:00,2017-08-15,2017-09-04 00:00:00.000000,2026-08-27T05:17:09.287600+00:00,D:/D drive recovery/Shiva JH/Projects/OneLake Medallion/data/landing/2017-08-15/orders.parquet,2017-08-15
4405dd1dbfa6260371541a45422c0840,583c04eb909c371a1bb82915e0d57881,delivered,2017-08-27 19:52:34,2017-08-28 19:55:26,2017-08-30 19:42:09,2017-09-01 12:10:15,2017-09-08 00:00:00,2017-08-27,2017-09-08 00:00:00.000000,2026-08-27T05:17:09.287600+00:00,D:/D drive recovery/Shiva JH/Projects/OneLake Medallion/data/landing/2017-08-27/orders.parquet,2017-08-27
3735a11cbccd8916dbc9ccf5f671cc2c,47132669a97ed8d24702c0f8a51a91bf,delivered,2017-08-27 07:43:57,2017-08-27 07:55:17,2017-08-30 20:46:48,2017-09-01 18:32:17,2017-09-19 00:00:00,2017-08-27,2017-09-19 00:00:00.000000,2026-08-27T05:17:09.287600+00:00,D:/D drive recovery/Shiva JH/Projects/OneLake Medallion/data/landing/2017-08-27/orders.parquet,2017-08-27
e37462f737a59fcd8f12079e0e927205,864deba6b142c6d04a53fd379a9256a3,delivered,2017-08-27 13:58:08,2017-08-29 04:30:23,2017-08-30 21:58:47,2017-09-11 18:16:52,2017-09-28 00:00:00,2017-08-27,2017-09-28 00:00:00.000000,2026-08-27T05:17:09.287600+00:00,D:/D drive recovery/Shiva JH/Projects/OneLake Medallion/data/landing/2017-08-27/orders.parquet,2017-08-27
b8ab7d209a05e9462921ece50de1c177,945e56ab9a4d329e972c8de67d70fd4f,delivered,2017-09-08 14:53:33,2017-09-12 04:26:08,2017-09-15 18:35:05,2017-09-28 22:47:08,2017-10-04 00:00:00,2017-09-08,2017-10-04 00:00:00.000000,2026-08-27T05:17:09.287600+00:00,D:/D drive recovery/Shiva JH/Projects/OneLake Medallion/data/landing/2017-09-08/orders.parquet,2017-09-08
259dac9ae7597d3dd6371ad21a6aa57b,b1eb36a33bf56755bc9636a1a24d14bf,delivered,2017-09-08 15:21:20,2017-09-09 05:10:51,2017-09-11 20:13:38,2017-09-19 18:13:15,2017-09-27 00:00:00,2017-09-08,2017-09-27 00:00:00.000000,2026-08-27T05:17:09.287600+00:00,D:/D drive recovery/Shiva JH/Projects/OneLake Medallion/data/landing/2017-09-08/orders.parquet,2017-09-08
1c2bab4c18a97c3bba457866ee72bdbd,9f582ffae8aecd135ae3d11fcd508c26,delivered,2017-09-20 18:46:25,2017-09-20 19:04:05,2017-09-28 11:53:39,2017-10-04 18:15:17,2017-10-16 00:00:00,2017-09-20,2017-10-16 00:00:00.000000,2026-08-27T05:17:09.287600+00:00,D:/D drive recovery/Shiva JH/Projects/OneLake Medallion/data/landing/2017-09-20/orders.parquet,2017-09-20
fd174ef3d3535971d1bea4398b2248bd,d9f96b6e191543c352d24e69b251af91,delivered,2017-09-20 20:29:14,2017-09-22 04:32:50,2017-09-27 19:09:13,2017-10-08 15:18:47,2017-10-17 00:00:00,2017-09-20,2017-10-17 00:00:00.000000,2026-08-27T05:17:09.287600+00:00,D:/D drive recovery/Shiva JH/Projects/OneLake Medallion/data/landing/2017-09-20/orders.parquet,2017-09-20
19530a2973e25dffb52a39210f27ebb0,fb414321e11f6ff470a42cf778c60753,delivered,2017-09-20 22:19:51,2017-09-20 22:30:15,2017-09-21 15:47:47,2017-09-22 20:03:12,2017-10-05 00:00:00,2017-09-20,2017-10-05 00:00:00.000000,2026-08-27T05:17:09.287600+00:00,D:/D drive recovery/Shiva JH/Projects/OneLake Medallion/data/landing/2017-09-20/orders.parquet,2017-09-20
03ea970e60ecfa4b84a69ddc665262a5,7d4bcc989710ee664b406819ce808a90,delivered,2017-09-20 16:14:30,2017-09-20 16:30:23,2017-09-21 17:18:35,2017-09-26 20:02:38,2017-10-20 00:00:00,2017-09-20,2017-10-20 00:00:00.000000,2026-08-27T05:17:09.287600+00:00,D:/D drive recovery/Shiva JH/Projects/OneLake Medallion/data/landing/2017-09-20/orders.parquet,2017-09-20
b4a1c1abe13b0e2adafb21da024cef98,81aef10a9af8f93cbfbf20e884277260,delivered,2017-10-02 21:11:56,2017-10-02 21:28:27,2017-10-04 01:02:54,2017-10-09 16:50:20,2017-10-24 00:00:00,2017-10-02,2017-10-24 00:00:00.000000,2026-08-27T05:17:09.287600+00:00,D:/D drive recovery/Shiva JH/Projects/OneLake Medallion/data/landing/2017-10-02/orders.parquet,2017-10-02
b22fe8539dd76cacfc5337279db388b9,20091e2dd1dcc3a5a32cec435515a68e,delivered,2017-10-02 10:32:25,2017-10-02 18:35:18,2017-10-03 21:27:59,2017-10-11 20:18:02,2017-11-01 00:00:00,2017-10-02,2017-11-01 00:00:00.000000,2026-08-27T05:17:09.287600+00:00,D:/D drive recovery/Shiva JH/Projects/OneLake Medallion/data/landing/2017-10-02/orders.parquet,2017-10-02
f5f61cf2cbe09e08293021b6b12d9e4d,a7e3acb56bdf39422a21ad5cb963d5ec,delivered,2017-10-02 14:34:39,2017-10-02 14:49:14,2017-10-05 19:16:43,2017-10-18 22:15:00,2017-10-26 00:00:00,2017-10-02,2017-10-26 00:00:00.000000,2026-08-27T05:17:09.287600+00:00,D:/D drive recovery/Shiva JH/Projects/OneLake Medallion/data/landing/2017-10-02/orders.parquet,2017-10-02
602a7458f2248260d368f81cd86377a8,8329e1859e7c732b8894bc0c1713341a,delivered,2017-10-02 22:51:20,2017-10-02 23:24:20,2017-10-04 19:22:27,2017-10-13 21:13:07,2017-11-01 00:00:00,2017-10-02,2017-11-01 00:00:00.000000,2026-08-27T05:17:09.287600+00:00,D:/D drive recovery/Shiva JH/Projects/OneLake Medallion/data/landing/2017-10-02/orders.parquet,2017-10-02
911bdca18557d7d16cfd3964cd603460,30a923e7d770c689424796ae6bfef721,delivered,2017-10-02 14:23:54,2017-10-02 14:35:20,2017-10-03 19:08:57,2017-10-09 21:10:06,2017-10-24 00:00:00,2017-10-02,2017-10-24 00:00:00.000000,2026-08-27T05:17:09.287600+00:00,D:/D drive recovery/Shiva JH/Projects/OneLake Medallion/data/landing/2017-10-02/orders.parquet,2017-10-02
0aaf8268ec2a56cb1befff78bd5cc190,0ad73a033a18bf40507b6a86e483b303,delivered,2017-10-02 12:32:44,2017-10-02 12:49:15,2017-10-04 09:16:13,2017-10-06 20:55:57,2017-10-24 00:00:00,2017-10-02,2017-10-24 00:00:00.000000,2026-08-27T05:17:09.287600+00:00,D:/D drive recovery/Shiva JH/Projects/OneLake Medallion/data/landing/2017-10-02/orders.parquet,2017-10-02
db5a41f8a08f620920c7c413e91a4438,df4c4273ca572a5dccb721c358e92c8d,delivered,2017-10-14 10:17:15,2017-10-17 04:25:08,2017-10-17 21:22:34,2017-10-26 22:46:11,2017-11-10 00:00:00,2017-10-14,2017-11-10 00:00:00.000000,2026-08-27T05:17:09.287600+00:00,D:/D drive recovery/Shiva JH/Projects/OneLake Medallion/data/landing/2017-10-14/orders.parquet,2017-10-14
63c7797265c51bbc8aadc80de737f96c,1ec6f68e0e15f6848170a20f29532b30,delivered,2017-10-26 12:58:12,2017-10-26 13:14:22,2017-10-27 15:23:38,2017-10-30 23:18:58,2017-11-08 00:00:00,2017-10-26,2017-11-08 00:00:00.000000,2026-08-27T05:17:09.287600+00:00,D:/D drive recovery/Shiva JH/Projects/OneLake Medallion/data/landing/2017-10-26/orders.parquet,2017-10-26
5ad82a9fb12ff34f8883ccfaddf3da4f,1715df4e75c7b532c711759cac4d4148,delivered,2017-10-26 06:12:37,2017-10-27 03:07:05,2017-10-30 19:37:44,2017-10-31 19:04:41,2017-11-08 00:00:00,2017-10-26,2017-11-08 00:00:00.000000,2026-08-27T05:17:09.287600+00:00,D:/D drive recovery/Shiva JH/Projects/OneLake Medallion/data/landing/2017-10-26/orders.parquet,2017-10-26
33a0cbee893f2c8ed0a6abfdc48926b6,153e7ede88bd53eb0dd8adbd397c766f,delivered,2017-10-26 12:11:35,2017-10-26 12:27:30,2017-11-03 15:33:06,2017-11-08 17:47:44,2017-12-04 00:00:00,2017-10-26,2017-12-04 00:00:00.000000,2026-08-27T05:17:09.287600+00:00,D:/D drive recovery/Shiva JH/Projects/OneLake Medallion/data/landing/2017-10-26/orders.parquet,2017-10-26
838182c127d317f0eca3ea49a529146d,1b00a1649b55301c17b93fb2b0ae2dae,delivered,2017-11-07 10:46:50,2017-11-07 10:55:52,2017-11-07 18:48:46,2017-11-18 16:06:45,2017-11-30 00:00:00,2017-11-07,2017-11-30 00:00:00.000000,2026-08-27T05:17:09.287600+00:00,D:/D drive recovery/Shiva JH/Projects/OneLake Medallion/data/landing/2017-11-07/orders.parquet,2017-11-07
ce3397e3e383fc93adefff9aa6a9aa7b,c921549d3338d9ae7d718a63a49478a4,delivered,2017-11-07 15:02:12,2017-11-09 04:31:15,2017-11-16 23:16:51,2017-11-20 12:22:04,2017-11-27 00:00:00,2017-11-07,2017-11-27 00:00:00.000000,2026-08-27T05:17:09.287600+00:00,D:/D drive recovery/Shiva JH/Projects/OneLake Medallion/data/landing/2017-11-07/orders.parquet,2017-11-07
b3c0d30328473d54c9e53a0e9aa04aca,58fba16038794a623b95dcc8eaf29f76,delivered,2017-11-07 20:49:32,2017-11-07 21:51:40,2017-11-08 13:46:56,2017-11-16 18:11:44,2017-11-30 00:00:00,2017-11-07,2017-11-30 00:00:00.000000,2026-08-27T05:17:09.287600+00:00,D:/D drive recovery/Shiva JH/Projects/OneLake Medallion/data/landing/2017-11-07/orders.parquet,2017-11-07
48aaa0a6d934cf4a57020d72908f94cb,fbd8d0ed848aa2a0405fe1f623481c39,delivered,2017-11-07 19:34:08,2017-11-09 04:31:12,2017-11-16 20:39:07,2017-11-22 19:52:01,2017-11-29 00:00:00,2017-11-07,2017-11-29 00:00:00.000000,2026-08-27T05:17:09.287600+00:00,D:/D drive recovery/Shiva JH/Projects/OneLake Medallion/data/landing/2017-11-07/orders.parquet,2017-11-07
af8b2f03e1bfa7e0b86ed73ac5653938,c12aaf461cee6eef95b7ebe50a7a93cf,delivered,2017-11-07 09:52:20,2017-11-07 10:06:42,2017-11-08 16:27:34,2017-11-14 20:58:53,2017-12-07 00:00:00,2017-11-07,2017-12-07 00:00:00.000000,2026-08-27T05:17:09.287600+00:00,D:/D drive recovery/Shiva JH/Projects/OneLake Medallion/data/landing/2017-11-07/orders.parquet,2017-11-07
6961987bf1f3af131cc426530c982cc7,fb3fbf7ed79b31b570ac5f62bd029642,delivered,2017-11-19 17:27:57,2017-11-19 17:46:08,2017-11-20 19:18:42,2017-11-27 22:38:35,2017-12-11 00:00:00,2017-11-19,2017-12-11 00:00:00.000000,2026-08-27T05:17:09.287600+00:00,D:/D drive recovery/Shiva JH/Projects/OneLake Medallion/data/landing/2017-11-19/orders.parquet,2017-11-19
53f3cb0dcdecd62675e235186f24adcf,723ced66722a0ab2c90a51bae00c7c96,delivered,2017-11-19 19:33:09,2017-11-19 19:46:19,2017-11-30 15:45:22,2017-12-15 22:34:17,2017-12-01 00:00:00,2017-11-19,2017-12-15 22:34:17.000000,2026-08-27T05:17:09.287600+00:00,D:/D drive recovery/Shiva JH/Projects/OneLake Medallion/data/landing/2017-11-19/orders.parquet,2017-11-19
4319e802aaabad931ad3a44bd949720d,be36c3eb3390bd59d4848e5b7054d5da,delivered,2017-11-19 09:15:44,2017-11-19 09:30:24,2017-11-21 18:58:38,2017-12-08 17:19:45,2017-12-13 00:00:00,2017-11-19,2017-12-13 00:00:00.000000,2026-08-27T05:17:09.287600+00:00,D:/D drive recovery/Shiva JH/Projects/OneLake Medallion/data/landing/2017-11-19/orders.parquet,2017-11-19
0870d202dc3234340a499505dc36c7a4,793021f4b6ca3e6f3212595d6a317761,delivered,2017-11-19 18:05:24,2017-11-19 18:15:32,2017-11-23 14:53:03,2017-11-27 16:41:50,2017-12-01 00:00:00,2017-11-19,2017-12-01 00:00:00.000000,2026-08-27T05:17:09.287600+00:00,D:/D drive recovery/Shiva JH/Projects/OneLake Medallion/data/landing/2017-11-19/orders.parquet,2017-11-19
002d040018d12a3853c059f7f23ab5b1,d7a77284d0a56f6b1ecb8c344b60d3e4,delivered,2017-11-19 19:16:07,2017-11-21 03:47:23,2017-11-21 23:21:31,2017-11-27 18:54:09,2017-12-08 00:00:00,2017-11-19,2017-12-08 00:00:00.000000,2026-08-27T05:17:09.287600+00:00,D:/D drive recovery/Shiva JH/Projects/OneLake Medallion/data/landing/2017-11-19/orders.parquet,2017-11-19
e2a03ccf5ea816036608b2d8c3ab8e60,74a9ec598bb26000a98c7355b06b39b2,delivered,2017-11-19 11:39:41,2017-11-19 11:50:50,2017-12-13 13:45:24,2017-12-15 18:56:35,2017-12-12 00:00:00,2017-11-19,2017-12-15 18:56:35.000000,2026-08-27T05:17:09.287600+00:00,D:/D drive recovery/Shiva JH/Projects/OneLake Medallion/data/landing/2017-11-19/orders.parquet,2017-11-19
99c9fec8ab028336e605f216e55337e6,1795d4e196e92788373519059c0e6897,delivered,2017-12-01 09:05:03,2017-12-01 11:30:58,2017-12-05 03:06:31,2017-12-18 18:35:16,2018-01-04 00:00:00,2017-12-01,2018-01-04 00:00:00.000000,2026-08-27T05:17:09.287600+00:00,D:/D drive recovery/Shiva JH/Projects/OneLake Medallion/data/landing/2017-12-01/orders.parquet,2017-12-01
8f56d95ba4712b40163a057ba5ab89ac,0c5acfd4c2e4abe79d500e8340cf81da,delivered,2017-12-01 19:50:54,2017-12-01 20:09:32,2017-12-04 20:00:07,2017-12-12 18:52:49,2018-01-02 00:00:00,2017-12-01,2018-01-02 00:00:00.000000,2026-08-27T05:17:09.287600+00:00,D:/D drive recovery/Shiva JH/Projects/OneLake Medallion/data/landing/2017-12-01/orders.parquet,2017-12-01
c91b29576f970b27d90f5b214c88283f,b63e53723f8097a3d3be4bc3409dd25f,delivered,2017-12-01 10:46:18,2017-12-01 12:31:34,2017-12-04 20:22:53,2017-12-12 18:58:31,2017-12-29 00:00:00,2017-12-01,2017-12-29 00:00:00.000000,2026-08-27T05:17:09.287600+00:00,D:/D drive recovery/Shiva JH/Projects/OneLake Medallion/data/landing/2017-12-01/orders.parquet,2017-12-01
338fe34bc3c6875bdb7981bfb5a53b26,057db29b6b62733f807c88f2faeb1f39,delivered,2017-12-01 20:33:56,2017-12-01 21:24:04,2017-12-04 16:52:04,2017-12-15 18:48:03,2018-01-03 00:00:00,2017-12-01,2018-01-03 00:00:00.000000,2026-08-27T05:17:09.287600+00:00,D:/D drive recovery/Shiva JH/Projects/OneLake Medallion/data/landing/2017-12-01/orders.parquet,2017-12-01
f20cb0150781a32271cd460ad28a5ed2,4ddbfef66eaca734e8b160c1c048a385,delivered,2017-12-01 23:54:03,2017-12-02 00:14:13,2017-12-05 14:37:08,2017-12-11 09:56:51,2017-12-20 00:00:00,2017-12-01,2017-12-20 00:00:00.000000,2026-08-27T05:17:09.287600+00:00,D:/D drive recovery/Shiva JH/Projects/OneLake Medallion/data/landing/2017-12-01/orders.parquet,2017-12-01
b5839f6ef0df11dd4912bc5bfa299e3f,8af9ca2cbcc90d6735f67957915853f9,delivered,2017-12-01 11:02:53,2017-12-01 11:31:01,2017-12-04 17:52:05,2017-12-12 18:04:31,2017-12-28 00:00:00,2017-12-01,2017-12-28 00:00:00.000000,2026-08-27T05:17:09.287600+00:00,D:/D drive recovery/Shiva JH/Projects/OneLake Medallion/data/landing/2017-12-01/orders.parquet,2017-12-01
666a3fba59ffe0f70203090fdff3a61f,98155bff952dcee9c1184ca64103a1b5,delivered,2017-12-01 16:39:54,2017-12-01 16:49:40,2017-12-04 18:13:40,2017-12-07 20:08:42,2017-12-26 00:00:00,2017-12-01,2017-12-26 00:00:00.000000,2026-08-27T05:17:09.287600+00:00,D:/D drive recovery/Shiva JH/Projects/OneLake Medallion/data/landing/2017-12-01/orders.parquet,2017-12-01
78d80f8efd220a6a3b81a6cd1b9737e1,c1e439f12090715374b4bde3535937fe,delivered,2017-12-01 10:45:24,2017-12-01 11:31:54,2017-12-01 21:13:13,2017-12-06 18:34:03,2017-12-27 00:00:00,2017-12-01,2017-12-27 00:00:00.000000,2026-08-27T05:17:09.287600+00:00,D:/D drive recovery/Shiva JH/Projects/OneLake Medallion/data/landing/2017-12-01/orders.parquet,2017-12-01
a4626ad7558acf9abc9358586c8bacaf,72a8c8c545a738708b9b28ba80f586f6,delivered,2017-12-01 11:52:41,2017-12-01 12:31:28,2017-12-07 20:23:10,2017-12-28 00:30:10,2017-12-29 00:00:00,2017-12-01,2017-12-29 00:00:00.000000,2026-08-27T05:17:09.287600+00:00,D:/D drive recovery/Shiva JH/Projects/OneLake Medallion/data/landing/2017-12-01/orders.parquet,2017-12-01
fa3b5273908399cce287019297580550,6d3456dcfbcabb855d83191828c82113,delivered,2017-12-13 00:16:46,2017-12-13 00:30:29,2017-12-14 11:38:51,2017-12-21 23:06:56,2018-01-02 00:00:00,2017-12-13,2018-01-02 00:00:00.000000,2026-08-27T05:17:09.287600+00:00,D:/D drive recovery/Shiva JH/Projects/OneLake Medallion/data/landing/2017-12-13/orders.parquet,2017-12-13
1d301b935a2555d96600d432bbf859b9,71b4c6e6533aedf91badc5276da1b344,delivered,2017-12-13 15:58:33,2017-12-13 16:10:55,2017-12-14 18:41:52,2017-12-22 19:48:59,2018-01-11 00:00:00,2017-12-13,2018-01-11 00:00:00.000000,2026-08-27T05:17:09.287600+00:00,D:/D drive recovery/Shiva JH/Projects/OneLake Medallion/data/landing/2017-12-13/orders.parquet,2017-12-13
73c8ab38f07dc94389065f7eba4f297a,d5f2b3f597c7ccafbb5cac0bcc3d6024,delivered,2017-12-13 14:21:15,2017-12-15 02:30:41,2017-12-15 18:45:18,2017-12-28 09:05:34,2018-01-08 00:00:00,2017-12-13,2018-01-08 00:00:00.000000,2026-08-27T05:17:09.287600+00:00,D:/D drive recovery/Shiva JH/Projects/OneLake Medallion/data/landing/2017-12-13/orders.parquet,2017-12-13
21ca56b276a6b8d082a1261f33786085,46898c46b3a1f1a811de916fb77e5659,delivered,2017-12-13 15:11:03,2017-12-13 15:19:27,2017-12-20 17:43:13,2017-12-29 15:49:02,2018-01-10 00:00:00,2017-12-13,2018-01-10 00:00:00.000000,2026-08-27T05:17:09.287600+00:00,D:/D drive recovery/Shiva JH/Projects/OneLake Medallion/data/landing/2017-12-13/orders.parquet,2017-12-13
43836bb9e5c73e492e6361c1c5af52f0,ca8b751a40a816dc8d14138ff9d81ad4,delivered,2017-12-13 15:09:31,2017-12-13 15:30:31,2017-12-15 14:03:49,2017-12-16 20:32:31,2018-01-02 00:00:00,2017-12-13,2018-01-02 00:00:00.000000,2026-08-27T05:17:09.287600+00:00,D:/D drive recovery/Shiva JH/Projects/OneLake Medallion/data/landing/2017-12-13/orders.parquet,2017-12-13
a2dd8c16ba2548569497fdc4a440b967,732594f0f8f10ebee9718cb85d2c781e,delivered,2017-12-13 12:41:24,2017-12-13 12:50:35,2017-12-14 21:12:50,2017-12-20 19:28:33,2018-01-02 00:00:00,2017-12-13,2018-01-02 00:00:00.000000,2026-08-27T05:17:09.287600+00:00,D:/D drive recovery/Shiva JH/Projects/OneLake Medallion/data/landing/2017-12-13/orders.parquet,2017-12-13
8704f37bae751578cdec362f48c61232,262d7e8f0907b9d31c145b04e46d6a5e,delivered,2017-12-13 21:19:54,2017-12-14 07:12:37,2017-12-14 23:42:43,2017-12-22 18:24:57,2018-01-08 00:00:00,2017-12-13,2018-01-08 00:00:00.000000,2026-08-27T05:17:09.287600+00:00,D:/D drive recovery/Shiva JH/Projects/OneLake Medallion/data/landing/2017-12-13/orders.parquet,2017-12-13
cdab66293e2e4ea2b956d8016c5ad97d,6d03d9c7d95db6de5b59aa4d7218ec07,delivered,2017-12-13 09:01:12,2017-12-13 09:12:24,2017-12-15 22:04:12,2017-12-22 17:14:36,2018-01-08 00:00:00,2017-12-13,2018-01-08 00:00:00.000000,2026-08-27T05:17:09.287600+00:00,D:/D drive recovery/Shiva JH/Projects/OneLake Medallion/data/landing/2017-12-13/orders.parquet,2017-12-13
974c26d25f3764b5acde8a0b556843be,9ab1a2a05e0311aded3d496b4da0df87,delivered,2017-12-25 16:46:13,2017-12-27 04:12:40,2017-12-28 23:32:22,2018-01-08 22:24:31,2018-01-19 00:00:00,2017-12-25,2018-01-19 00:00:00.000000,2026-08-27T05:17:09.287600+00:00,D:/D drive recovery/Shiva JH/Projects/OneLake Medallion/data/landing/2017-12-25/orders.parquet,2017-12-25
72a704e8fb6c499fad9b26bd8873bd39,91bd4ed51ee3835599963b967d9b9bbc,delivered,2017-12-25 20:54:42,2017-12-25 21:08:41,2017-12-27 19:15:17,2017-12-28 21:07:57,2018-01-15 00:00:00,2017-12-25,2018-01-15 00:00:00.000000,2026-08-27T05:17:09.287600+00:00,D:/D drive recovery/Shiva JH/Projects/OneLake Medallion/data/landing/2017-12-25/orders.parquet,2017-12-25
cc6b24184c966c627e754fcdc80e9e53,66c1df9a7da92f26904500c8159545c4,delivered,2017-12-25 14:32:24,2017-12-25 14:49:25,2017-12-26 20:19:34,2017-12-28 18:12:34,2018-01-15 00:00:00,2017-12-25,2018-01-15 00:00:00.000000,2026-08-27T05:17:09.287600+00:00,D:/D drive recovery/Shiva JH/Projects/OneLake Medallion/data/landing/2017-12-25/orders.parquet,2017-12-25
d65848ec24d6595e5a459c4196c01b7c,a990eac8348e6c31d8d96d4c9076dd93,delivered,2017-12-25 19:16:29,2017-12-25 19:30:05,2017-12-29 19:32:30,2018-01-15 13:07:06,2018-02-01 00:00:00,2017-12-25,2018-02-01 00:00:00.000000,2026-08-27T05:17:09.287600+00:00,D:/D drive recovery/Shiva JH/Projects/OneLake Medallion/data/landing/2017-12-25/orders.parquet,2017-12-25
98cc17e56c367cbbe628aca0bbf9f08e,242b387a8eebcaf8ea3c588cdc79eb5b,delivered,2018-01-06 21:37:54,2018-01-06 21:49:26,2018-01-08 23:27:21,2018-01-22 15:25:33,2018-02-07 00:00:00,2018-01-06,2018-02-07 00:00:00.000000,2026-08-27T05:17:09.287600+00:00,D:/D drive recovery/Shiva JH/Projects/OneLake Medallion/data/landing/2018-01-06/orders.parquet,2018-01-06
bbe32ce108f0fa16e209fbaee6005f2b,9fd4ec1d165657c3cd5ea945678c0686,delivered,2018-01-06 13:40:59,2018-01-06 13:48:40,2018-02-08 13:22:28,2018-02-17 16:33:05,2018-03-13 00:00:00,2018-01-06,2018-03-13 00:00:00.000000,2026-08-27T05:17:09.287600+00:00,D:/D drive recovery/Shiva JH/Projects/OneLake Medallion/data/landing/2018-01-06/orders.parquet,2018-01-06
3d44f7b0d44056fcb488f7d2fd22e820,9d46b89032f34a48706407829dbb55b5,delivered,2018-01-06 10:44:19,2018-01-06 10:57:22,2018-01-08 16:08:23,2018-01-19 22:23:08,2018-02-07 00:00:00,2018-01-06,2018-02-07 00:00:00.000000,2026-08-27T05:17:09.287600+00:00,D:/D drive recovery/Shiva JH/Projects/OneLake Medallion/data/landing/2018-01-06/orders.parquet,2018-01-06
8293cb6241edbf2b03ae13125b6b334a,3e39c97de34f634ccb1781e66e158beb,delivered,2018-01-06 16:06:31,2018-01-09 07:19:47,2018-01-16 17:22:38,2018-01-24 20:58:47,2018-01-31 00:00:00,2018-01-06,2018-01-31 00:00:00.000000,2026-08-27T05:17:09.287600+00:00,D:/D drive recovery/Shiva JH/Projects/OneLake Medallion/data/landing/2018-01-06/orders.parquet,2018-01-06
a69ddc335f989aa05576bc19f8b9a549,4b2c1822404badb9d24841b907cf9afe,delivered,2018-01-18 15:46:59,2018-01-20 09:09:49,2018-02-15 21:39:07,2018-04-18 15:41:50,2018-03-29 00:00:00,2018-01-18,2018-04-18 15:41:50.000000,2026-08-27T05:17:09.287600+00:00,D:/D drive recovery/Shiva JH/Projects/OneLake Medallion/data/landing/2018-01-18/orders.parquet,2018-01-18
09df1b5edd28f22201dd19d1acccd5f3,082588d73998636420dc0c9b5589668c,delivered,2018-01-18 14:38:14,2018-01-18 14:56:25,2018-01-20 00:47:41,2018-02-17 01:19:00,2018-02-23 00:00:00,2018-01-18,2018-02-23 00:00:00.000000,2026-08-27T05:17:09.287600+00:00,D:/D drive recovery/Shiva JH/Projects/OneLake Medallion/data/landing/2018-01-18/orders.parquet,2018-01-18
1aee3456393950993d316010ffc4088b,dd4f0fe50c8b7c85ef603903c5e2e383,delivered,2018-01-18 09:26:15,2018-01-18 09:37:27,2018-01-18 19:13:13,2018-02-03 16:35:45,2018-02-16 00:00:00,2018-01-18,2018-02-16 00:00:00.000000,2026-08-27T05:17:09.287600+00:00,D:/D drive recovery/Shiva JH/Projects/OneLake Medallion/data/landing/2018-01-18/orders.parquet,2018-01-18
a2087914bc836b0a52e2369d6f30fde4,4c53ad7e6017d3edbeb1432f683823f7,delivered,2018-01-18 08:15:16,2018-01-18 08:31:23,2018-01-18 22:44:35,2018-01-31 00:41:42,2018-02-22 00:00:00,2018-01-18,2018-02-22 00:00:00.000000,2026-08-27T05:17:09.287600+00:00,D:/D drive recovery/Shiva JH/Projects/OneLake Medallion/data/landing/2018-01-18/orders.parquet,2018-01-18
2c0850997a2ee7ab84dbd7b4c909b667,672a74f41f6922d3373bb5e0fa8526b1,delivered,2018-01-18 00:47:48,2018-01-18 00:59:32,2018-01-24 13:06:48,2018-01-29 19:43:00,2018-02-02 00:00:00,2018-01-18,2018-02-02 00:00:00.000000,2026-08-27T05:17:09.287600+00:00,D:/D drive recovery/Shiva JH/Projects/OneLake Medallion/data/landing/2018-01-18/orders.parquet,2018-01-18
b5874324518a48132da83d062f675fb3,5d53ff4379fe5b9f2d798ad420f65bc7,delivered,2018-01-18 23:01:45,2018-01-18 23:16:42,2018-01-23 21:58:49,2018-01-25 17:49:21,2018-02-02 00:00:00,2018-01-18,2018-02-02 00:00:00.000000,2026-08-27T05:17:09.287600+00:00,D:/D drive recovery/Shiva JH/Projects/OneLake Medallion/data/landing/2018-01-18/orders.parquet,2018-01-18
a267e89993dbe4178c877361a582f06e,2528303d2867f41a6a4784c5492e56ff,delivered,2018-01-30 11:00:36,2018-01-30 11:15:47,2018-02-01 17:08:46,2018-02-02 18:08:48,2018-02-15 00:00:00,2018-01-30,2018-02-15 00:00:00.000000,2026-08-27T05:17:09.287600+00:00,D:/D drive recovery/Shiva JH/Projects/OneLake Medallion/data/landing/2018-01-30/orders.parquet,2018-01-30
3d037089d7e5c79581fdc67f54191a25,e91869020bc43dc7a80712e26d583f76,delivered,2018-01-30 21:21:09,2018-01-30 21:35:31,2018-02-01 01:41:37,2018-02-26 23:57:15,2018-03-06 00:00:00,2018-01-30,2018-03-06 00:00:00.000000,2026-08-27T05:17:09.287600+00:00,D:/D drive recovery/Shiva JH/Projects/OneLake Medallion/data/landing/2018-01-30/orders.parquet,2018-01-30
ffa2a7fdee9759a1c69f742f0a21d371,582f3b5944cd433da07eaf7d52118ee5,delivered,2018-02-11 14:23:30,2018-02-15 03:55:46,2018-02-16 02:04:41,2018-02-16 17:55:44,2018-02-26 00:00:00,2018-02-11,2018-02-26 00:00:00.000000,2026-08-27T05:17:09.287600+00:00,D:/D drive recovery/Shiva JH/Projects/OneLake Medallion/data/landing/2018-02-11/orders.parquet,2018-02-11
592f871804e88d1167c1532ebff9fb84,01d46d05097a25fb0d755e86ab3a6fb3,delivered,2018-02-11 10:16:55,2018-02-11 10:48:09,2018-02-19 21:52:46,2018-02-28 00:16:35,2018-03-12 00:00:00,2018-02-11,2018-03-12 00:00:00.000000,2026-08-27T05:17:09.287600+00:00,D:/D drive recovery/Shiva JH/Projects/OneLake Medallion/data/landing/2018-02-11/orders.parquet,2018-02-11
8006a29212bfc6b554bdb445427822bf,47789d830accc4d8e76363591e2e5a1d,delivered,2018-02-11 12:04:28,2018-02-11 12:15:31,2018-02-16 23:08:01,2018-03-05 19:45:42,2018-03-27 00:00:00,2018-02-11,2018-03-27 00:00:00.000000,2026-08-27T05:17:09.287600+00:00,D:/D drive recovery/Shiva JH/Projects/OneLake Medallion/data/landing/2018-02-11/orders.parquet,2018-02-11
c496970811b313659dbbcfd57ffd1b42,bd7e4adf6e77f5253a23a8b3290b19eb,delivered,2018-02-11 19:31:44,2018-02-11 19:50:25,2018-02-14 22:58:44,2018-03-14 00:46:43,2018-03-08 00:00:00,2018-02-11,2018-03-14 00:46:43.000000,2026-08-27T05:17:09.287600+00:00,D:/D drive recovery/Shiva JH/Projects/OneLake Medallion/data/landing/2018-02-11/orders.parquet,2018-02-11
d722b334d743dc19d08939ed8a57664e,3d095062e539b5602456c77b77d1f18e,delivered,2018-02-11 13:08:02,2018-02-11 13:28:20,2018-02-14 19:36:56,2018-02-17 02:06:39,2018-02-26 00:00:00,2018-02-11,2018-02-26 00:00:00.000000,2026-08-27T05:17:09.287600+00:00,D:/D drive recovery/Shiva JH/Projects/OneLake Medallion/data/landing/2018-02-11/orders.parquet,2018-02-11
b1e5cc374b5c4f7c12ef420d322b07e1,1cc59368b661643f4c6637fa51785b39,delivered,2018-02-11 01:24:24,2018-02-11 02:28:53,2018-02-14 23:09:25,2018-02-15 14:09:45,2018-02-26 00:00:00,2018-02-11,2018-02-26 00:00:00.000000,2026-08-27T05:17:09.287600+00:00,D:/D drive recovery/Shiva JH/Projects/OneLake Medallion/data/landing/2018-02-11/orders.parquet,2018-02-11
d8094f20356ae7f08b20de937ea31041,dd785c11787bd6e8afdabcbe3669d446,delivered,2018-02-23 13:21:11,2018-02-23 13:35:44,2018-02-28 12:49:52,2018-03-02 15:18:50,2018-03-09 00:00:00,2018-02-23,2018-03-09 00:00:00.000000,2026-08-27T05:17:09.287600+00:00,D:/D drive recovery/Shiva JH/Projects/OneLake Medallion/data/landing/2018-02-23/orders.parquet,2018-02-23
5a33eef69ed2fbfe4d2ef90f288fb9c8,17e6e6e330608c3bc663d232ed923cb9,delivered,2018-02-23 08:12:18,2018-02-23 08:28:21,2018-02-26 20:40:14,2018-03-05 23:22:18,2018-03-20 00:00:00,2018-02-23,2018-03-20 00:00:00.000000,2026-08-27T05:17:09.287600+00:00,D:/D drive recovery/Shiva JH/Projects/OneLake Medallion/data/landing/2018-02-23/orders.parquet,2018-02-23
e832fe7f7808b5f981ee02746681d40e,249818197d60080a40cb2c44290da09f,delivered,2018-02-23 00:22:16,2018-02-23 01:41:05,2018-02-28 21:23:13,2018-03-01 22:59:05,2018-03-12 00:00:00,2018-02-23,2018-03-12 00:00:00.000000,2026-08-27T05:17:09.287600+00:00,D:/D drive recovery/Shiva JH/Projects/OneLake Medallion/data/landing/2018-02-23/orders.parquet,2018-02-23
b9968318b0149a5239e1b401ffb54ace,eb6e86744bdbcb48c0f9129bc8cfb9c5,delivered,2018-03-07 01:02:51,2018-03-07 01:10:22,2018-03-09 20:03:44,2018-03-13 17:24:22,2018-03-19 00:00:00,2018-03-07,2018-03-19 00:00:00.000000,2026-08-27T05:17:09.287600+00:00,D:/D drive recovery/Shiva JH/Projects/OneLake Medallion/data/landing/2018-03-07/orders.parquet,2018-03-07
7bdbf26950bfc3b92d415498376864fd,ef05574239559b43f9c131854ea45151,delivered,2018-03-07 21:16:02,2018-03-07 21:30:32,2018-03-08 19:08:36,2018-03-23 01:06:40,2018-04-05 00:00:00,2018-03-07,2018-04-05 00:00:00.000000,2026-08-27T05:17:09.287600+00:00,D:/D drive recovery/Shiva JH/Projects/OneLake Medallion/data/landing/2018-03-07/orders.parquet,2018-03-07
e8a923aa92f0c87c9bfcd7be05546918,b53c5c797073ad259f5b41027d9ba925,delivered,2018-03-07 13:11:37,2018-03-07 13:33:31,2018-03-08 15:23:01,2018-03-19 23:42:17,2018-03-19 00:00:00,2018-03-07,2018-03-19 23:42:17.000000,2026-08-27T05:17:09.287600+00:00,D:/D drive recovery/Shiva JH/Projects/OneLake Medallion/data/landing/2018-03-07/orders.parquet,2018-03-07
20ce4fa87bcbac1808a7c504a7273ea7,230cf8e3ecf2c40452fa4d9d18857e0b,delivered,2018-03-07 19:58:38,2018-03-08 11:30:33,2018-03-09 18:28:33,2018-03-15 17:55:43,2018-03-23 00:00:00,2018-03-07,2018-03-23 00:00:00.000000,2026-08-27T05:17:09.287600+00:00,D:/D drive recovery/Shiva JH/Projects/OneLake Medallion/data/landing/2018-03-07/orders.parquet,2018-03-07
48b5f03747afdec20ba2388eee0d3acb,d69b0d9a08d615405bb9b1cf80fd4134,delivered,2018-03-07 10:35:06,2018-03-07 10:49:41,2018-03-08 20:46:33,2018-03-14 02:43:44,2018-03-23 00:00:00,2018-03-07,2018-03-23 00:00:00.000000,2026-08-27T05:17:09.287600+00:00,D:/D drive recovery/Shiva JH/Projects/OneLake Medallion/data/landing/2018-03-07/orders.parquet,2018-03-07
1ab69e6a88c55054f55e82b7ea1c9d34,74b4b073e2a0af2e70dcc84f7fff397a,delivered,2018-03-07 16:36:45,2018-03-07 17:15:44,2018-03-08 18:58:44,2018-03-19 20:08:46,2018-03-28 00:00:00,2018-03-07,2018-03-28 00:00:00.000000,2026-08-27T05:17:09.287600+00:00,D:/D drive recovery/Shiva JH/Projects/OneLake Medallion/data/landing/2018-03-07/orders.parquet,2018-03-07
1d5c39819bbfb4a4e2443ce5409d4148,e4b4a130f32d27d013c89e14eb831777,delivered,2018-03-19 09:33:29,2018-03-20 03:48:59,2018-03-20 19:09:10,2018-03-22 22:10:59,2018-03-29 00:00:00,2018-03-19,2018-03-29 00:00:00.000000,2026-08-27T05:17:09.287600+00:00,D:/D drive recovery/Shiva JH/Projects/OneLake Medallion/data/landing/2018-03-19/orders.parquet,2018-03-19
22cee08cd372f903b380852fdf75a1eb,3d41dceed696230a9fb71adee37c5aeb,shipped,2018-03-19 16:35:43,2018-03-19 16:50:38,2018-03-21 18:41:36,,2018-04-25 00:00:00,2018-03-19,2018-04-25 00:00:00.000000,2026-08-27T05:17:09.287600+00:00,D:/D drive recovery/Shiva JH/Projects/OneLake Medallion/data/landing/2018-03-19/orders.parquet,2018-03-19
7770f0fa803309f7765d9c449f1a7db4,fa753711fe72433b2d40f06d300f097e,delivered,2018-03-19 16:54:42,2018-03-21 02:51:00,2018-03-22 20:12:55,2018-03-29 21:09:50,2018-04-06 00:00:00,2018-03-19,2018-04-06 00:00:00.000000,2026-08-27T05:17:09.287600+00:00,D:/D drive recovery/Shiva JH/Projects/OneLake Medallion/data/landing/2018-03-19/orders.parquet,2018-03-19
7b73889e40574f23f35f71c026fb141c,ae9b61a69c752fc15eb4944d0c7f0544,delivered,2018-03-31 12:09:11,2018-03-31 12:50:20,2018-04-06 00:34:40,2018-04-10 23:41:30,2018-04-17 00:00:00,2018-03-31,2018-04-17 00:00:00.000000,2026-08-27T05:17:09.287600+00:00,D:/D drive recovery/Shiva JH/Projects/OneLake Medallion/data/landing/2018-03-31/orders.parquet,2018-03-31
99ca8b25a7b584ec1b48b0a857a9211b,2e9e510644901db368fe1e00af131345,delivered,2018-03-31 11:15:27,2018-03-31 11:27:19,2018-04-02 21:28:30,2018-04-24 22:06:27,2018-05-03 00:00:00,2018-03-31,2018-05-03 00:00:00.000000,2026-08-27T05:17:09.287600+00:00,D:/D drive recovery/Shiva JH/Projects/OneLake Medallion/data/landing/2018-03-31/orders.parquet,2018-03-31
4b21c757f8c1a51d41c1653e15d8f289,cf8e348c6494786b1090cc70f23b2e5f,delivered,2018-03-31 13:43:34,2018-03-31 13:55:20,2018-04-02 20:27:10,2018-04-07 14:42:27,2018-04-12 00:00:00,2018-03-31,2018-04-12 00:00:00.000000,2026-08-27T05:17:09.287600+00:00,D:/D drive recovery/Shiva JH/Projects/OneLake Medallion/data/landing/2018-03-31/orders.parquet,2018-03-31
1a58f35be1cae85f27119089958d5c7a,91d77116484e151dafb5510b82c22eac,delivered,2018-04-12 16:14:39,2018-04-13 12:50:53,2018-04-18 17:56:23,2018-04-19 18:18:31,2018-04-30 00:00:00,2018-04-12,2018-04-30 00:00:00.000000,2026-08-27T05:17:09.287600+00:00,D:/D drive recovery/Shiva JH/Projects/OneLake Medallion/data/landing/2018-04-12/orders.parquet,2018-04-12
801486e590af3202e69113a4542ef133,8ba083e5c27b9530af7e5a3cd6955839,delivered,2018-04-12 18:49:01,2018-04-13 13:15:27,2018-04-16 18:52:35,2018-04-20 20:48:47,2018-05-07 00:00:00,2018-04-12,2018-05-07 00:00:00.000000,2026-08-27T05:17:09.287600+00:00,D:/D drive recovery/Shiva JH/Projects/OneLake Medallion/data/landing/2018-04-12/orders.parquet,2018-04-12
564d8bd235927df0c8c8bfe8ff4aee6d,215ecd6d28192482775b68824432464d,delivered,2018-04-12 15:30:49,2018-04-14 14:35:18,2018-04-17 18:31:50,2018-04-20 19:19:42,2018-05-07 00:00:00,2018-04-12,2018-05-07 00:00:00.000000,2026-08-27T05:17:09.287600+00:00,D:/D drive recovery/Shiva JH/Projects/OneLake Medallion/data/landing/2018-04-12/orders.parquet,2018-04-12
b109cd82203e670b7963d9945099ca6b,9d1c9a836e9373a4fe1fffe53f734ec1,delivered,2018-04-12 10:25:50,2018-04-13 12:50:52,2018-04-16 13:38:28,2018-04-26 22:19:32,2018-05-03 00:00:00,2018-04-12,2018-05-03 00:00:00.000000,2026-08-27T05:17:09.287600+00:00,D:/D drive recovery/Shiva JH/Projects/OneLake Medallion/data/landing/2018-04-12/orders.parquet,2018-04-12
408df9004bd631081333aab0584bcfe4,1d4cc802687967bdde540ab57f9fbd55,delivered,2018-04-12 09:16:20,2018-04-12 09:30:11,2018-04-13 17:21:08,2018-04-17 22:58:24,2018-04-30 00:00:00,2018-04-12,2018-04-30 00:00:00.000000,2026-08-27T05:17:09.287600+00:00,D:/D drive recovery/Shiva JH/Projects/OneLake Medallion/data/landing/2018-04-12/orders.parquet,2018-04-12
0d0665d64b4dd1dae2ed97fa92509144,831f66f86273e58c41a61f27987bbc13,invoiced,2018-04-24 09:19:11,2018-04-24 17:53:10,,,2018-05-16 00:00:00,2018-04-24,2018-05-16 00:00:00.000000,2026-08-27T05:17:09.287600+00:00,D:/D drive recovery/Shiva JH/Projects/OneLake Medallion/data/landing/2018-04-24/orders.parquet,2018-04-24
d916bc63daa29deee391ab3e479e2923,0abfaf23dee18e9e25cac561ed01e909,delivered,2018-04-24 17:09:20,2018-04-26 03:51:39,2018-04-26 13:22:00,2018-05-10 22:38:23,2018-05-25 00:00:00,2018-04-24,2018-05-25 00:00:00.000000,2026-08-27T05:17:09.287600+00:00,D:/D drive recovery/Shiva JH/Projects/OneLake Medallion/data/landing/2018-04-24/orders.parquet,2018-04-24
1efe916e0147732877ae7c2ae6a245ba,19ba1ad275a13a70eb4d745c95647a78,delivered,2018-04-24 14:39:42,2018-04-24 18:16:16,2018-04-27 14:23:00,2018-05-10 16:54:43,2018-05-18 00:00:00,2018-04-24,2018-05-18 00:00:00.000000,2026-08-27T05:17:09.287600+00:00,D:/D drive recovery/Shiva JH/Projects/OneLake Medallion/data/landing/2018-04-24/orders.parquet,2018-04-24
e8ddca0d6240b571472906ab8a331f85,626820bab85cb11f5acf1873ed3c6dd4,delivered,2018-04-24 20:06:47,2018-04-24 20:33:12,2018-04-25 14:19:00,2018-04-26 22:03:26,2018-05-08 00:00:00,2018-04-24,2018-05-08 00:00:00.000000,2026-08-27T05:17:09.287600+00:00,D:/D drive recovery/Shiva JH/Projects/OneLake Medallion/data/landing/2018-04-24/orders.parquet,2018-04-24
3d0edcf47a5092f12524fc91a5fbdaee,309febb1a67feda3393b24ff5434355d,delivered,2018-04-24 23:17:31,2018-04-25 00:00:05,2018-04-25 15:20:00,2018-05-08 22:32:54,2018-05-28 00:00:00,2018-04-24,2018-05-28 00:00:00.000000,2026-08-27T05:17:09.287600+00:00,D:/D drive recovery/Shiva JH/Projects/OneLake Medallion/data/landing/2018-04-24/orders.parquet,2018-04-24
37f699e1c2746962c33774a34872fad7,5ce19e6c79a4a3d9de36c5cccf0eea3a,delivered,2018-04-24 10:22:06,2018-04-25 08:51:58,2018-05-02 11:19:00,2018-05-11 02:38:12,2018-05-22 00:00:00,2018-04-24,2018-05-22 00:00:00.000000,2026-08-27T05:17:09.287600+00:00,D:/D drive recovery/Shiva JH/Projects/OneLake Medallion/data/landing/2018-04-24/orders.parquet,2018-04-24
a843db5b5fcf2b053e8ae0b87b02ffdc,bf3567e4db3afd19b8c2d2d8b3fce39a,delivered,2018-04-24 00:20:19,2018-04-24 17:46:32,2018-04-27 17:31:00,2018-05-08 16:22:33,2018-05-21 00:00:00,2018-04-24,2018-05-21 00:00:00.000000,2026-08-27T05:17:09.287600+00:00,D:/D drive recovery/Shiva JH/Projects/OneLake Medallion/data/landing/2018-04-24/orders.parquet,2018-04-24
cea7e28bd63ef382ebf6010b228208f2,8463f85157c2e1a8f03042947b10101f,delivered,2018-04-24 13:39:20,2018-04-24 17:43:21,2018-04-26 07:40:00,2018-04-30 19:51:54,2018-05-15 00:00:00,2018-04-24,2018-05-15 00:00:00.000000,2026-08-27T05:17:09.287600+00:00,D:/D drive recovery/Shiva JH/Projects/OneLake Medallion/data/landing/2018-04-24/orders.parquet,2018-04-24
39840651d975d5a257f08661d376e085,75601f6db2d74a6760995934349dd9b3,delivered,2018-04-24 23:18:29,2018-04-24 23:30:22,2018-04-25 14:18:00,2018-05-03 23:42:27,2018-05-22 00:00:00,2018-04-24,2018-05-22 00:00:00.000000,2026-08-27T05:17:09.287600+00:00,D:/D drive recovery/Shiva JH/Projects/OneLake Medallion/data/landing/2018-04-24/orders.parquet,2018-04-24
590ab3344f70c64950c4108f56f56280,227793ef64bc93191fef01f947af0e1e,delivered,2018-04-24 12:57:49,2018-04-24 17:22:10,2018-04-24 23:21:29,2018-06-01 17:38:47,2018-06-04 00:00:00,2018-04-24,2018-06-04 00:00:00.000000,2026-08-27T05:17:09.287600+00:00,D:/D drive recovery/Shiva JH/Projects/OneLake Medallion/data/landing/2018-04-24/orders.parquet,2018-04-24
aa2cd8b186c94011da9d0f80785a3f20,161e4dd2df72921427adf3562a06d7ed,delivered,2018-05-06 22:19:46,2018-05-08 04:54:17,2018-05-08 12:25:00,2018-05-09 16:23:40,2018-05-15 00:00:00,2018-05-06,2018-05-15 00:00:00.000000,2026-08-27T05:17:09.287600+00:00,D:/D drive recovery/Shiva JH/Projects/OneLake Medallion/data/landing/2018-05-06/orders.parquet,2018-05-06
96e427c3f1f84bc2ae037b8ca5d22110,b0a5d29291507b28fdeb2bcdc8141810,delivered,2018-05-06 23:24:22,2018-05-07 15:13:49,2018-05-09 16:18:00,2018-05-16 20:56:56,2018-06-05 00:00:00,2018-05-06,2018-06-05 00:00:00.000000,2026-08-27T05:17:09.287600+00:00,D:/D drive recovery/Shiva JH/Projects/OneLake Medallion/data/landing/2018-05-06/orders.parquet,2018-05-06
048937ad68e3d2ec6e64f5105184589d,9b474f065e302d1dbfb227075c1513c8,delivered,2018-05-06 15:38:02,2018-05-06 15:50:45,2018-05-10 12:27:00,2018-05-23 11:25:25,2018-06-12 00:00:00,2018-05-06,2018-06-12 00:00:00.000000,2026-08-27T05:17:09.287600+00:00,D:/D drive recovery/Shiva JH/Projects/OneLake Medallion/data/landing/2018-05-06/orders.parquet,2018-05-06
04b9b5e585a9c4f0a8e54706eb6dca47,2bc1edf09bf68e261314a5142481290c,delivered,2018-05-06 23:03:53,2018-05-08 19:52:57,2018-05-09 13:58:00,2018-05-11 20:32:51,2018-05-23 00:00:00,2018-05-06,2018-05-23 00:00:00.000000,2026-08-27T05:17:09.287600+00:00,D:/D drive recovery/Shiva JH/Projects/OneLake Medallion/data/landing/2018-05-06/orders.parquet,2018-05-06
a4423627568451619a53fb219d9ab5e9,f9d7fe8e98e56e91c5a8eb448df9e23d,invoiced,2018-05-18 15:10:08,2018-05-18 15:37:19,,,2018-06-06 00:00:00,2018-05-18,2018-06-06 00:00:00.000000,2026-08-27T05:17:09.287600+00:00,D:/D drive recovery/Shiva JH/Projects/OneLake Medallion/data/landing/2018-05-18/orders.parquet,2018-05-18
36dc666b3287023e11e5497252e98707,8ff6d9dfb88a4455c0f8593174b1f40b,shipped,2018-05-18 16:41:12,2018-05-18 16:58:35,2018-05-21 16:59:00,,2018-06-07 00:00:00,2018-05-18,2018-06-07 00:00:00.000000,2026-08-27T05:17:09.287600+00:00,D:/D drive recovery/Shiva JH/Projects/OneLake Medallion/data/landing/2018-05-18/orders.parquet,2018-05-18
3e153abd068ad6638364a06df17cdc5d,70375b292bed960b4a36f9e164b830fc,delivered,2018-05-18 09:22:05,2018-05-18 09:36:22,2018-05-18 14:08:00,2018-05-22 00:17:30,2018-05-29 00:00:00,2018-05-18,2018-05-29 00:00:00.000000,2026-08-27T05:17:09.287600+00:00,D:/D drive recovery/Shiva JH/Projects/OneLake Medallion/data/landing/2018-05-18/orders.parquet,2018-05-18
8f1b87d8fb573caa3a4f426564eb3e8d,365453ca95d711819fdeb0355eb470e3,delivered,2018-05-18 14:36:21,2018-05-18 14:57:31,2018-05-22 07:14:00,2018-06-01 17:57:28,2018-06-04 00:00:00,2018-05-18,2018-06-04 00:00:00.000000,2026-08-27T05:17:09.287600+00:00,D:/D drive recovery/Shiva JH/Projects/OneLake Medallion/data/landing/2018-05-18/orders.parquet,2018-05-18
1565a76a3a30915bbcab8d5e698836cc,0184a596785fae3af62eb04f7c4221f4,delivered,2018-05-18 11:34:32,2018-05-18 13:26:09,2018-05-21 19:00:00,2018-05-23 20:34:33,2018-05-29 00:00:00,2018-05-18,2018-05-29 00:00:00.000000,2026-08-27T05:17:09.287600+00:00,D:/D drive recovery/Shiva JH/Projects/OneLake Medallion/data/landing/2018-05-18/orders.parquet,2018-05-18
f458316312c3e16919d3eb5f56c95930,7225c68afeaf2d5b575bd6d1aac6ba0c,delivered,2018-05-18 15:23:48,2018-05-18 15:37:41,2018-05-21 14:11:00,2018-06-07 21:38:35,2018-06-19 00:00:00,2018-05-18,2018-06-19 00:00:00.000000,2026-08-27T05:17:09.287600+00:00,D:/D drive recovery/Shiva JH/Projects/OneLake Medallion/data/landing/2018-05-18/orders.parquet,2018-05-18
4872f8ddca1a62529306384f9c48cbae,d2dcd733958599094bae3cb1397babe4,delivered,2018-05-18 15:39:51,2018-05-22 09:36:30,2018-05-22 14:31:00,2018-06-01 17:03:14,2018-06-11 00:00:00,2018-05-18,2018-06-11 00:00:00.000000,2026-08-27T05:17:09.287600+00:00,D:/D drive recovery/Shiva JH/Projects/OneLake Medallion/data/landing/2018-05-18/orders.parquet,2018-05-18
03a77816f8b67ef237ecca2c772c4851,d8c87ef39b9996034c86991b5cb7f20d,delivered,2018-05-30 21:48:24,2018-06-05 04:30:57,2018-06-05 12:47:00,2018-06-12 16:59:45,2018-07-05 00:00:00,2018-05-30,2018-07-05 00:00:00.000000,2026-08-27T05:17:09.287600+00:00,D:/D drive recovery/Shiva JH/Projects/OneLake Medallion/data/landing/2018-05-30/orders.parquet,2018-05-30
47aa0308326d0c781ffa998ee36dc409,c28e1de61c264a531a891b66e04ea092,delivered,2018-05-30 13:53:30,2018-05-31 03:15:22,2018-06-04 14:09:00,2018-06-06 20:41:10,2018-06-25 00:00:00,2018-05-30,2018-06-25 00:00:00.000000,2026-08-27T05:17:09.287600+00:00,D:/D drive recovery/Shiva JH/Projects/OneLake Medallion/data/landing/2018-05-30/orders.parquet,2018-05-30
b528343ff0b10c32c5c7baf68f6536ba,df95b7d6f8593ea6ba264820941935ae,delivered,2018-05-30 14:58:50,2018-05-30 15:15:14,2018-06-01 14:59:00,2018-06-04 18:08:49,2018-07-03 00:00:00,2018-05-30,2018-07-03 00:00:00.000000,2026-08-27T05:17:09.287600+00:00,D:/D drive recovery/Shiva JH/Projects/OneLake Medallion/data/landing/2018-05-30/orders.parquet,2018-05-30
3bdf42bf290aa910a8df3ece52413067,24eb7fecd26f437d627bb3e13260e6b6,delivered,2018-06-11 03:26:45,2018-06-12 05:16:41,2018-06-12 11:16:00,2018-06-20 21:50:43,2018-07-05 00:00:00,2018-06-11,2018-07-05 00:00:00.000000,2026-08-27T05:17:09.287600+00:00,D:/D drive recovery/Shiva JH/Projects/OneLake Medallion/data/landing/2018-06-11/orders.parquet,2018-06-11
73c772511dcde525870ffbe869770da0,d472d9abe6d6bb1ee558dc98a1ea89ea,delivered,2018-06-11 08:06:48,2018-06-11 08:31:51,2018-06-11 15:01:00,2018-06-13 22:46:26,2018-06-20 00:00:00,2018-06-11,2018-06-20 00:00:00.000000,2026-08-27T05:17:09.287600+00:00,D:/D drive recovery/Shiva JH/Projects/OneLake Medallion/data/landing/2018-06-11/orders.parquet,2018-06-11
8115c56b23b02cb96cdfce13531a5a7d,3ea99345369a3d2eee4b0e3ab06c445e,delivered,2018-06-11 14:34:33,2018-06-12 04:35:47,2018-06-14 15:53:00,2018-06-21 19:38:20,2018-07-05 00:00:00,2018-06-11,2018-07-05 00:00:00.000000,2026-08-27T05:17:09.287600+00:00,D:/D drive recovery/Shiva JH/Projects/OneLake Medallion/data/landing/2018-06-11/orders.parquet,2018-06-11
4c93b283893b057fe314b13138f01119,7d56470ce997ee63cdee96767fd86380,delivered,2018-06-11 18:16:15,2018-06-11 18:42:06,2018-06-12 13:26:00,2018-06-23 17:38:21,2018-07-11 00:00:00,2018-06-11,2018-07-11 00:00:00.000000,2026-08-27T05:17:09.287600+00:00,D:/D drive recovery/Shiva JH/Projects/OneLake Medallion/data/landing/2018-06-11/orders.parquet,2018-06-11
d55b88c264e0cacf41c8f8ce846bc1ee,3e35e35a82de3fc574900adca713dff2,delivered,2018-06-11 23:05:13,2018-06-11 23:35:49,2018-06-12 13:08:00,2018-07-04 20:03:11,2018-07-04 00:00:00,2018-06-11,2018-07-04 20:03:11.000000,2026-08-27T05:17:09.287600+00:00,D:/D drive recovery/Shiva JH/Projects/OneLake Medallion/data/landing/2018-06-11/orders.parquet,2018-06-11
7ac7aa6251f124754c968e2a83346b96,215c61c4b363ec63da749d67a6b6bd59,delivered,2018-06-11 19:23:28,2018-06-12 04:35:42,2018-06-12 14:02:00,2018-06-13 19:57:52,2018-06-20 00:00:00,2018-06-11,2018-06-20 00:00:00.000000,2026-08-27T05:17:09.287600+00:00,D:/D drive recovery/Shiva JH/Projects/OneLake Medallion/data/landing/2018-06-11/orders.parquet,2018-06-11
9433f58821239b782c8861534af7e5bd,a667d6206dd2a9dea88b2f90902a8251,delivered,2018-06-11 17:36:32,2018-06-11 17:59:14,2018-06-12 15:09:00,2018-06-16 16:47:37,2018-07-03 00:00:00,2018-06-11,2018-07-03 00:00:00.000000,2026-08-27T05:17:09.287600+00:00,D:/D drive recovery/Shiva JH/Projects/OneLake Medallion/data/landing/2018-06-11/orders.parquet,2018-06-11
070a62ae87136bfbe6ef6d0e2883cda5,6957a0b44d49ff48e3bb939fe3432f41,delivered,2018-06-23 19:34:03,2018-06-26 05:37:28,2018-07-23 14:05:00,2018-08-04 00:08:26,2018-08-09 00:00:00,2018-06-23,2018-08-09 00:00:00.000000,2026-08-27T05:17:09.287600+00:00,D:/D drive recovery/Shiva JH/Projects/OneLake Medallion/data/landing/2018-06-23/orders.parquet,2018-06-23
caef45ebcbb19b79936b20d0bf662db3,eb15ecf96440e8472dc1931d54c1c937,delivered,2018-06-23 12:40:45,2018-06-23 12:59:53,2018-06-25 14:14:00,2018-07-03 17:27:03,2018-07-27 00:00:00,2018-06-23,2018-07-27 00:00:00.000000,2026-08-27T05:17:09.287600+00:00,D:/D drive recovery/Shiva JH/Projects/OneLake Medallion/data/landing/2018-06-23/orders.parquet,2018-06-23
764bcaebe1a019d6c12165f67656db9b,4c529f790c9af49f184fc36151d28dcd,delivered,2018-06-23 17:45:33,2018-06-23 18:18:52,2018-06-25 15:04:00,2018-06-29 22:41:12,2018-07-26 00:00:00,2018-06-23,2018-07-26 00:00:00.000000,2026-08-27T05:17:09.287600+00:00,D:/D drive recovery/Shiva JH/Projects/OneLake Medallion/data/landing/2018-06-23/orders.parquet,2018-06-23
95ab576c40cc5e27afe26b35bf6198eb,e9418d322fe41c3c08925015ef03d222,delivered,2018-06-23 15:07:26,2018-06-23 15:38:44,2018-06-26 14:13:00,2018-07-09 15:18:50,2018-07-23 00:00:00,2018-06-23,2018-07-23 00:00:00.000000,2026-08-27T05:17:09.287600+00:00,D:/D drive recovery/Shiva JH/Projects/OneLake Medallion/data/landing/2018-06-23/orders.parquet,2018-06-23
17f6822b66a6bb2281a02c2c906336a8,6051b9e42147ce0a981bf25192044f85,delivered,2018-06-23 19:45:42,2018-06-23 19:55:52,2018-06-25 13:13:00,2018-06-26 20:21:54,2018-07-16 00:00:00,2018-06-23,2018-07-16 00:00:00.000000,2026-08-27T05:17:09.287600+00:00,D:/D drive recovery/Shiva JH/Projects/OneLake Medallion/data/landing/2018-06-23/orders.parquet,2018-06-23
0d9664d8da1dc4337269071b39e19423,64c17343b6c53ee761fd232e84384848,delivered,2016-10-06 22:00:27,2016-10-06 22:37:21,2016-10-10 22:37:21,2016-10-27 13:36:27,2016-11-30 00:00:00,2016-10-06,2016-11-30 00:00:00.000000,2026-08-27T05:17:09.287600+00:00,D:/D drive recovery/Shiva JH/Projects/OneLake Medallion/data/landing/2016-10-06/orders.parquet,2016-10-06
b1d88d1e4179448cac98b8d433e23316,65d08e2bfce2c91a832885c4995025de,delivered,2016-10-06 15:14:09,2016-10-07 03:14:14,2016-10-26 11:51:17,2016-10-27 12:27:36,2016-12-02 00:00:00,2016-10-06,2016-12-02 00:00:00.000000,2026-08-27T05:17:09.287600+00:00,D:/D drive recovery/Shiva JH/Projects/OneLake Medallion/data/landing/2016-10-06/orders.parquet,2016-10-06
b7026ba7432929d99880463305b8ce98,dd0cb909d16aa0eecf68d37defbb7f7f,delivered,2016-10-06 16:17:56,2016-10-06 16:52:11,2016-11-04 16:33:54,2016-11-10 15:14:34,2016-12-06 00:00:00,2016-10-06,2016-12-06 00:00:00.000000,2026-08-27T05:17:09.287600+00:00,D:/D drive recovery/Shiva JH/Projects/OneLake Medallion/data/landing/2016-10-06/orders.parquet,2016-10-06
bb2dfe6031f35f7abc9a3c7dad5e4467,01e0d4fb731e6ee47df3f3f179cc0a0b,delivered,2017-01-22 14:09:03,2017-01-22 14:30:43,2017-01-23 11:21:46,2017-01-30 12:37:55,2017-02-16 00:00:00,2017-01-22,2017-02-16 00:00:00.000000,2026-08-27T05:17:09.287600+00:00,D:/D drive recovery/Shiva JH/Projects/OneLake Medallion/data/landing/2017-01-22/orders.parquet,2017-01-22
603e15b90edc4dbafc68def34a24d4a7,50a60363567e35381870faeee394c06d,delivered,2017-02-03 11:05:08,2017-02-03 11:21:47,2017-02-06 10:16:05,2017-02-23 10:18:45,2017-03-06 00:00:00,2017-02-03,2017-03-06 00:00:00.000000,2026-08-27T05:17:09.287600+00:00,D:/D drive recovery/Shiva JH/Projects/OneLake Medallion/data/landing/2017-02-03/orders.parquet,2017-02-03
3c5edc9665595ab8ab9bdd6c5c4a961a,bfc72b25d90e16298aa5735c248d08f8,delivered,2017-02-03 10:09:40,2017-02-04 02:22:23,2017-02-07 12:14:49,2017-02-10 09:26:22,2017-02-23 00:00:00,2017-02-03,2017-02-23 00:00:00.000000,2026-08-27T05:17:09.287600+00:00,D:/D drive recovery/Shiva JH/Projects/OneLake Medallion/data/landing/2017-02-03/orders.parquet,2017-02-03
4a95fefb52a7a5a0d882ba840d33954d,5e6f9f9e30a4774f7b61dd275244465a,delivered,2017-02-15 18:47:48,2017-02-15 18:55:19,2017-02-16 15:16:51,2017-03-03 14:28:53,2017-03-16 00:00:00,2017-02-15,2017-03-16 00:00:00.000000,2026-08-27T05:17:09.287600+00:00,D:/D drive recovery/Shiva JH/Projects/OneLake Medallion/data/landing/2017-02-15/orders.parquet,2017-02-15
d48c000420ecc626fa621ab2f206fd85,e79f0f134f65def68b2af1eb9969f58c,delivered,2017-02-15 11:43:37,2017-02-15 11:55:20,2017-02-17 13:32:14,2017-02-23 12:53:08,2017-03-14 00:00:00,2017-02-15,2017-03-14 00:00:00.000000,2026-08-27T05:17:09.287600+00:00,D:/D drive recovery/Shiva JH/Projects/OneLake Medallion/data/landing/2017-02-15/orders.parquet,2017-02-15
e70564a3b448dd6f6d5ca53b0f8222b1,3e2f92a3270a9218d23d86930d081605,delivered,2017-02-15 16:04:53,2017-02-15 16:15:13,2017-02-16 16:16:10,2017-02-20 14:21:07,2017-03-14 00:00:00,2017-02-15,2017-03-14 00:00:00.000000,2026-08-27T05:17:09.287600+00:00,D:/D drive recovery/Shiva JH/Projects/OneLake Medallion/data/landing/2017-02-15/orders.parquet,2017-02-15
89fd0af8914b1f149a531f98a183a860,7dbd2b1c0d210755360a6c81be88abb5,delivered,2017-02-27 23:20:38,2017-02-27 23:33:51,2017-03-01 13:48:55,2017-03-14 08:04:13,2017-04-03 00:00:00,2017-02-27,2017-04-03 00:00:00.000000,2026-08-27T05:17:09.287600+00:00,D:/D drive recovery/Shiva JH/Projects/OneLake Medallion/data/landing/2017-02-27/orders.parquet,2017-02-27
af6ed18f03a877659659ed9467c7cd9e,7ef43c3eb0d94e1f5e0a49b2f3bc34a9,delivered,2017-02-27 23:24:34,2017-02-27 23:32:42,2017-03-02 08:09:03,2017-03-21 05:25:31,2017-03-20 00:00:00,2017-02-27,2017-03-21 05:25:31.000000,2026-08-27T05:17:09.287600+00:00,D:/D drive recovery/Shiva JH/Projects/OneLake Medallion/data/landing/2017-02-27/orders.parquet,2017-02-27
e52c07a2a833bd6f6033795e8fec6286,62e88494783b2abaf1a60cb8a4a87e67,delivered,2017-02-27 14:20:46,2017-02-27 14:33:24,2017-03-01 15:29:41,2017-03-10 07:27:46,2017-03-30 00:00:00,2017-02-27,2017-03-30 00:00:00.000000,2026-08-27T05:17:09.287600+00:00,D:/D drive recovery/Shiva JH/Projects/OneLake Medallion/data/landing/2017-02-27/orders.parquet,2017-02-27
522edeff08426375a7001e01034c289b,c9bbc03571d766b10be0e2486432fcd5,delivered,2017-02-27 19:40:30,2017-02-27 19:50:16,2017-03-01 09:28:38,2017-03-03 10:51:58,2017-03-20 00:00:00,2017-02-27,2017-03-20 00:00:00.000000,2026-08-27T05:17:09.287600+00:00,D:/D drive recovery/Shiva JH/Projects/OneLake Medallion/data/landing/2017-02-27/orders.parquet,2017-02-27
82ff294d1970490323910cdd6c463977,2923538b48ba4910e980aa90a89c3a2e,delivered,2017-03-11 08:18:51,2017-03-11 08:18:51,2017-03-14 10:44:52,2017-03-22 12:53:46,2017-04-06 00:00:00,2017-03-11,2017-04-06 00:00:00.000000,2026-08-27T05:17:09.287600+00:00,D:/D drive recovery/Shiva JH/Projects/OneLake Medallion/data/landing/2017-03-11/orders.parquet,2017-03-11
4ea0ef9a772da79c6afd8ebc69ee008c,c9f577d8ec59067f0f32cb099f14ae63,delivered,2017-03-11 15:24:51,2017-03-11 15:24:51,2017-03-15 07:27:34,2017-03-25 10:48:02,2017-04-10 00:00:00,2017-03-11,2017-04-10 00:00:00.000000,2026-08-27T05:17:09.287600+00:00,D:/D drive recovery/Shiva JH/Projects/OneLake Medallion/data/landing/2017-03-11/orders.parquet,2017-03-11
d7b749382b06fe2551235b118a962dfa,2853fd4b314b078f6a16bf500bcb1a0c,delivered,2017-03-11 18:46:30,2017-03-11 18:46:30,2017-03-17 06:57:41,2017-03-23 10:34:33,2017-04-13 00:00:00,2017-03-11,2017-04-13 00:00:00.000000,2026-08-27T05:17:09.287600+00:00,D:/D drive recovery/Shiva JH/Projects/OneLake Medallion/data/landing/2017-03-11/orders.parquet,2017-03-11
9d7a3ee5e3aeb43589c049d8940e9ba9,bba6bda10abbe401624c67e199e58e0a,delivered,2017-03-23 19:30:57,2017-03-24 19:35:09,2017-03-28 19:05:36,2017-04-03 16:23:51,2017-04-17 00:00:00,2017-03-23,2017-04-17 00:00:00.000000,2026-08-27T05:17:09.287600+00:00,D:/D drive recovery/Shiva JH/Projects/OneLake Medallion/data/landing/2017-03-23/orders.parquet,2017-03-23
9d7bda1d8caaa92f82edb8e4559852a8,95d17bc328718beea3fff69d2812d169,delivered,2017-04-04 09:56:53,2017-04-06 02:50:31,2017-04-11 06:32:48,2017-05-05 12:36:47,2017-04-25 00:00:00,2017-04-04,2017-05-05 12:36:47.000000,2026-08-27T05:17:09.287600+00:00,D:/D drive recovery/Shiva JH/Projects/OneLake Medallion/data/landing/2017-04-04/orders.parquet,2017-04-04
cd746a0e172f3aac198180760cc21a8e,6af52967fd8b6160228c7b2237f516f0,delivered,2017-04-28 17:36:34,2017-05-03 15:31:32,2017-05-04 13:44:28,2017-05-17 12:27:36,2017-05-23 00:00:00,2017-04-28,2017-05-23 00:00:00.000000,2026-08-27T05:17:09.287600+00:00,D:/D drive recovery/Shiva JH/Projects/OneLake Medallion/data/landing/2017-04-28/orders.parquet,2017-04-28
1ea1fb68cd910d7d689029bb60ebca1e,6822f46865b8f8e0a217d5352d1e5355,delivered,2017-04-28 09:00:27,2017-04-28 12:01:05,2017-05-02 13:57:12,2017-05-08 12:03:36,2017-05-22 00:00:00,2017-04-28,2017-05-22 00:00:00.000000,2026-08-27T05:17:09.287600+00:00,D:/D drive recovery/Shiva JH/Projects/OneLake Medallion/data/landing/2017-04-28/orders.parquet,2017-04-28
44558a1547e448b41c48c4087fe32ddd,40e2a5bab2a362999505842bbfb0d590,delivered,2017-05-10 20:47:02,2017-05-10 20:55:21,2017-05-11 11:56:16,2017-05-12 17:00:05,2017-05-18 00:00:00,2017-05-10,2017-05-18 00:00:00.000000,2026-08-27T05:17:09.287600+00:00,D:/D drive recovery/Shiva JH/Projects/OneLake Medallion/data/landing/2017-05-10/orders.parquet,2017-05-10
b194904b5bf02c6fc117d73c33cbb728,02bfeafb0e3047092c4191501c41d930,delivered,2017-05-10 00:37:53,2017-05-10 01:25:20,2017-05-10 14:33:47,2017-05-15 10:53:11,2017-05-29 00:00:00,2017-05-10,2017-05-29 00:00:00.000000,2026-08-27T05:17:09.287600+00:00,D:/D drive recovery/Shiva JH/Projects/OneLake Medallion/data/landing/2017-05-10/orders.parquet,2017-05-10
b0934c7d9368624b044fc218c11776e9,74fcd0121e18e8b3f88a689ed4c6fb84,delivered,2017-05-10 22:45:50,2017-05-10 22:55:16,2017-05-12 16:49:32,2017-05-28 08:06:54,2017-06-14 00:00:00,2017-05-10,2017-06-14 00:00:00.000000,2026-08-27T05:17:09.287600+00:00,D:/D drive recovery/Shiva JH/Projects/OneLake Medallion/data/landing/2017-05-10/orders.parquet,2017-05-10
c4980a38f3fc3aaa233e01aad10e6bc8,c874ff2fcab28e13d850e6a2763d9a8c,delivered,2017-05-10 21:04:57,2017-05-12 02:55:32,2017-05-17 14:49:54,2017-05-24 13:05:18,2017-05-30 00:00:00,2017-05-10,2017-05-30 00:00:00.000000,2026-08-27T05:17:09.287600+00:00,D:/D drive recovery/Shiva JH/Projects/OneLake Medallion/data/landing/2017-05-10/orders.parquet,2017-05-10
9125faac1b379b7b9ab4665189739e31,e181c405b2194c93d04a3660b222a8ca,delivered,2017-05-10 15:24:16,2017-05-11 13:15:15,2017-05-15 07:16:59,2017-05-24 14:17:46,2017-06-08 00:00:00,2017-05-10,2017-06-08 00:00:00.000000,2026-08-27T05:17:09.287600+00:00,D:/D drive recovery/Shiva JH/Projects/OneLake Medallion/data/landing/2017-05-10/orders.parquet,2017-05-10
385bc274c4cbac59c0bb866c770588dc,0b61b5af3f45e32d2fba77c80abc3eba,delivered,2017-05-10 11:50:41,2017-05-10 12:34:05,2017-05-10 12:41:09,2017-05-15 11:09:54,2017-05-18 00:00:00,2017-05-10,2017-05-18 00:00:00.000000,2026-08-27T05:17:09.287600+00:00,D:/D drive recovery/Shiva JH/Projects/OneLake Medallion/data/landing/2017-05-10/orders.parquet,2017-05-10
222c6bc1698aec767223c052bf66327d,f78f9e3b2e5a3060c957bf427cf94485,delivered,2017-05-22 21:53:14,2017-05-22 22:03:01,2017-05-23 14:27:19,2017-05-24 14:43:09,2017-06-02 00:00:00,2017-05-22,2017-06-02 00:00:00.000000,2026-08-27T05:17:09.287600+00:00,D:/D drive recovery/Shiva JH/Projects/OneLake Medallion/data/landing/2017-05-22/orders.parquet,2017-05-22
589795a183cebb8c0023a76a44447747,c1c5f746e2e64d4708601296fe4899a6,delivered,2017-05-22 17:13:28,2017-05-22 17:25:21,2017-05-25 13:42:23,2017-06-08 17:13:16,2017-06-26 00:00:00,2017-05-22,2017-06-26 00:00:00.000000,2026-08-27T05:17:09.287600+00:00,D:/D drive recovery/Shiva JH/Projects/OneLake Medallion/data/landing/2017-05-22/orders.parquet,2017-05-22
ca7a62dce548a9bd31b4fd4f12af30d8,0658798436373ff6997afab7a5e29494,delivered,2017-05-22 15:24:05,2017-05-22 15:35:16,2017-05-23 07:36:50,2017-06-22 13:08:03,2017-06-13 00:00:00,2017-05-22,2017-06-22 13:08:03.000000,2026-08-27T05:17:09.287600+00:00,D:/D drive recovery/Shiva JH/Projects/OneLake Medallion/data/landing/2017-05-22/orders.parquet,2017-05-22
863211f4868ae3a9ed08ffcf86768db3,c59c7b7a32a7c7eb90cc00a60bc1dcaa,delivered,2017-05-22 19:26:47,2017-05-22 19:35:11,2017-05-23 15:25:09,2017-05-25 16:47:39,2017-06-16 00:00:00,2017-05-22,2017-06-16 00:00:00.000000,2026-08-27T05:17:09.287600+00:00,D:/D drive recovery/Shiva JH/Projects/OneLake Medallion/data/landing/2017-05-22/orders.parquet,2017-05-22
67f8f676db053a060da849e36ee9da6e,34a0068027874fad3e0d4ff1519e46ee,delivered,2017-06-03 23:46:04,2017-06-04 01:22:09,2017-06-06 14:08:32,2017-06-16 13:37:55,2017-07-06 00:00:00,2017-06-03,2017-07-06 00:00:00.000000,2026-08-27T05:17:09.287600+00:00,D:/D drive recovery/Shiva JH/Projects/OneLake Medallion/data/landing/2017-06-03/orders.parquet,2017-06-03
da0270ce1d44a68ad7f23a00aaa066a2,e4be72be1f23e97bd34c353e08d7ae4a,delivered,2017-06-03 14:55:12,2017-06-03 15:10:14,2017-06-07 11:05:01,2017-06-12 15:58:06,2017-06-30 00:00:00,2017-06-03,2017-06-30 00:00:00.000000,2026-08-27T05:17:09.287600+00:00,D:/D drive recovery/Shiva JH/Projects/OneLake Medallion/data/landing/2017-06-03/orders.parquet,2017-06-03
afd2be9f021ab713651e41c2eaff1d04,90a652848f2fb8b5707218b4f3bbe494,delivered,2017-06-03 19:43:26,2017-06-03 19:55:13,2017-06-06 17:07:48,2017-06-13 12:39:47,2017-07-03 00:00:00,2017-06-03,2017-07-03 00:00:00.000000,2026-08-27T05:17:09.287600+00:00,D:/D drive recovery/Shiva JH/Projects/OneLake Medallion/data/landing/2017-06-03/orders.parquet,2017-06-03
3c20f6cdfc62556d4c0ee421cbff6d76,cc68ba72a04699ed98d427a2cfe9a585,delivered,2017-06-03 14:37:38,2017-06-03 14:50:09,2017-06-05 15:54:17,2017-06-29 10:45:32,2017-06-30 00:00:00,2017-06-03,2017-06-30 00:00:00.000000,2026-08-27T05:17:09.287600+00:00,D:/D drive recovery/Shiva JH/Projects/OneLake Medallion/data/landing/2017-06-03/orders.parquet,2017-06-03
b0645176abf1df25bb73ba0afcc20be3,91508c285297e223204b0b2952d92344,delivered,2017-06-15 01:15:36,2017-06-17 03:47:39,2017-06-22 08:37:40,2017-06-29 11:35:00,2017-07-06 00:00:00,2017-06-15,2017-07-06 00:00:00.000000,2026-08-27T05:17:09.287600+00:00,D:/D drive recovery/Shiva JH/Projects/OneLake Medallion/data/landing/2017-06-15/orders.parquet,2017-06-15
27c4d9f3a2a28d3e687e6700e34e959d,0d67c23834708b16f384c7b2d25aeb13,delivered,2017-06-15 13:51:09,2017-06-15 14:05:12,2017-06-19 17:06:46,2017-06-26 17:37:31,2017-07-06 00:00:00,2017-06-15,2017-07-06 00:00:00.000000,2026-08-27T05:17:09.287600+00:00,D:/D drive recovery/Shiva JH/Projects/OneLake Medallion/data/landing/2017-06-15/orders.parquet,2017-06-15
f6c4a5c791463c73a7b292929c88ecab,394b29bca113f3cef535dbc08949043b,delivered,2017-06-27 11:06:28,2017-06-27 11:45:45,2017-06-28 08:27:18,2017-07-03 15:06:44,2017-07-19 00:00:00,2017-06-27,2017-07-19 00:00:00.000000,2026-08-27T05:17:09.287600+00:00,D:/D drive recovery/Shiva JH/Projects/OneLake Medallion/data/landing/2017-06-27/orders.parquet,2017-06-27
1a74dcdf4a4d7bfd88e94110479fa484,93889d6b5f70ee521d064dfa7921052b,delivered,2017-06-27 20:12:32,2017-06-28 20:05:22,2017-07-04 12:04:27,2017-07-18 17:34:07,2017-07-31 00:00:00,2017-06-27,2017-07-31 00:00:00.000000,2026-08-27T05:17:09.287600+00:00,D:/D drive recovery/Shiva JH/Projects/OneLake Medallion/data/landing/2017-06-27/orders.parquet,2017-06-27
eafabcffc7f9fa583030d9cc7210741c,c2f6b4196d139aa5409a0f4fa60d9d0f,delivered,2017-07-09 21:47:43,2017-07-09 22:03:30,2017-07-10 16:43:54,2017-07-14 16:25:40,2017-08-01 00:00:00,2017-07-09,2017-08-01 00:00:00.000000,2026-08-27T05:17:09.287600+00:00,D:/D drive recovery/Shiva JH/Projects/OneLake Medallion/data/landing/2017-07-09/orders.parquet,2017-07-09
b221f4ca79ae394f43b4fec8815e4b92,6c371828d85598b22a93c19c2f6f71d6,delivered,2017-07-21 13:50:23,2017-07-25 03:30:36,2017-07-26 11:11:28,2017-08-04 17:39:59,2017-08-14 00:00:00,2017-07-21,2017-08-14 00:00:00.000000,2026-08-27T05:17:09.287600+00:00,D:/D drive recovery/Shiva JH/Projects/OneLake Medallion/data/landing/2017-07-21/orders.parquet,2017-07-21
054316a4a3afc149108b6b1431d11274,f22c368483fea4ae42665976c5e5bdd3,delivered,2017-07-21 08:50:38,2017-07-21 09:02:54,2017-07-26 15:53:49,2017-08-02 21:05:03,2017-08-14 00:00:00,2017-07-21,2017-08-14 00:00:00.000000,2026-08-27T05:17:09.287600+00:00,D:/D drive recovery/Shiva JH/Projects/OneLake Medallion/data/landing/2017-07-21/orders.parquet,2017-07-21
b4db538b7e17b5575cfdc4566a7f36d6,77d0b52c3d24b250a6d179fdaad67b68,delivered,2017-07-21 19:03:56,2017-07-21 19:15:09,2017-07-25 14:29:52,2017-07-26 15:03:12,2017-08-24 00:00:00,2017-07-21,2017-08-24 00:00:00.000000,2026-08-27T05:17:09.287600+00:00,D:/D drive recovery/Shiva JH/Projects/OneLake Medallion/data/landing/2017-07-21/orders.parquet,2017-07-21
83356f1b8d875976b75b83c623f73546,e44baab954ccbbfb965518ca818b36a8,delivered,2017-08-02 13:03:12,2017-08-02 13:15:15,2017-08-03 18:22:27,2017-08-07 17:43:19,2017-08-24 00:00:00,2017-08-02,2017-08-24 00:00:00.000000,2026-08-27T05:17:09.287600+00:00,D:/D drive recovery/Shiva JH/Projects/OneLake Medallion/data/landing/2017-08-02/orders.parquet,2017-08-02
4af5a8a71daf651bf0a9d449d3d1a27b,d36e7da2b4f536d9716d6ad5f5cf918a,delivered,2017-08-02 19:55:32,2017-08-02 20:05:31,2017-08-04 18:10:04,2017-08-07 21:23:01,2017-08-24 00:00:00,2017-08-02,2017-08-24 00:00:00.000000,2026-08-27T05:17:09.287600+00:00,D:/D drive recovery/Shiva JH/Projects/OneLake Medallion/data/landing/2017-08-02/orders.parquet,2017-08-02
1e73093ee708ed2b782f359056925208,3f3e1ecfa168cfaffdf4bbdc26c8fd35,delivered,2017-08-14 18:54:04,2017-08-14 19:30:12,2017-08-15 17:13:14,2017-08-18 16:59:34,2017-09-14 00:00:00,2017-08-14,2017-09-14 00:00:00.000000,2026-08-27T05:17:09.287600+00:00,D:/D drive recovery/Shiva JH/Projects/OneLake Medallion/data/landing/2017-08-14/orders.parquet,2017-08-14
731adfc56466bffeb31938efd036b0c6,e621a673a410de599ca8ee99a6910973,delivered,2017-08-14 18:56:03,2017-08-14 19:44:21,2017-08-24 22:32:39,2017-08-26 15:56:53,2017-08-31 00:00:00,2017-08-14,2017-08-31 00:00:00.000000,2026-08-27T05:17:09.287600+00:00,D:/D drive recovery/Shiva JH/Projects/OneLake Medallion/data/landing/2017-08-14/orders.parquet,2017-08-14
a1ec5525a1aa69f0b16cc94e94b421ad,d89ef56a7fd560eead9560b3304e4c2b,delivered,2017-08-14 20:04:27,2017-08-14 20:30:24,2017-08-15 12:22:33,2017-09-06 15:47:49,2017-09-18 00:00:00,2017-08-14,2017-09-18 00:00:00.000000,2026-08-27T05:17:09.287600+00:00,D:/D drive recovery/Shiva JH/Projects/OneLake Medallion/data/landing/2017-08-14/orders.parquet,2017-08-14
927eda1d91913116e94535f4120dc578,1679eda7c247b174221c5f850c26e076,delivered,2017-08-14 22:29:13,2017-08-15 00:50:06,2017-08-23 18:52:00,2017-08-30 12:30:14,2017-09-12 00:00:00,2017-08-14,2017-09-12 00:00:00.000000,2026-08-27T05:17:09.287600+00:00,D:/D drive recovery/Shiva JH/Projects/OneLake Medallion/data/landing/2017-08-14/orders.parquet,2017-08-14
17b129bc47ae24191ca5670deaa170f5,a01b75a620854e00adb420daa4ceb4bb,delivered,2017-08-14 23:11:01,2017-08-15 00:05:10,2017-08-17 18:47:29,2017-09-19 15:00:41,2017-09-15 00:00:00,2017-08-14,2017-09-19 15:00:41.000000,2026-08-27T05:17:09.287600+00:00,D:/D drive recovery/Shiva JH/Projects/OneLake Medallion/data/landing/2017-08-14/orders.parquet,2017-08-14
0e9615b2e47df6cf349b4e458b056289,0421ca2c62e1e13536c13c8dea602d2f,delivered,2017-08-26 19:56:13,2017-08-29 04:30:22,2017-09-01 19:11:57,2017-09-08 18:47:42,2017-09-27 00:00:00,2017-08-26,2017-09-27 00:00:00.000000,2026-08-27T05:17:09.287600+00:00,D:/D drive recovery/Shiva JH/Projects/OneLake Medallion/data/landing/2017-08-26/orders.parquet,2017-08-26
86dfa937c43f021fdd93264d20c8537b,28f3fc31aefbcec77fb558bfc2f91e61,delivered,2017-09-07 18:04:41,2017-09-09 05:04:13,2017-09-11 16:56:00,2017-09-21 14:50:35,2017-10-13 00:00:00,2017-09-07,2017-10-13 00:00:00.000000,2026-08-27T05:17:09.287600+00:00,D:/D drive recovery/Shiva JH/Projects/OneLake Medallion/data/landing/2017-09-07/orders.parquet,2017-09-07
7c46b5ee3a6b6152b85d5d245784bc25,184ab3d6d53ad7db0f980d864012d5df,delivered,2017-09-07 10:36:54,2017-09-07 10:50:07,2017-09-08 20:00:03,2017-09-20 17:36:17,2017-09-29 00:00:00,2017-09-07,2017-09-29 00:00:00.000000,2026-08-27T05:17:09.287600+00:00,D:/D drive recovery/Shiva JH/Projects/OneLake Medallion/data/landing/2017-09-07/orders.parquet,2017-09-07
9f58353e16353e64bf57e32e6dae9e45,311ca9f3c832a4e9b14093cf3c9ac98b,delivered,2017-09-07 01:34:57,2017-09-09 04:50:20,2017-09-13 21:26:51,2017-09-20 21:18:03,2017-10-06 00:00:00,2017-09-07,2017-10-06 00:00:00.000000,2026-08-27T05:17:09.287600+00:00,D:/D drive recovery/Shiva JH/Projects/OneLake Medallion/data/landing/2017-09-07/orders.parquet,2017-09-07
3a218a39b942ae0341fb1d65dd5874df,47c6d324782f84dff90b3e256495c26f,delivered,2017-09-07 13:07:38,2017-09-07 13:15:14,2017-09-08 17:48:08,2017-09-11 17:04:28,2017-09-20 00:00:00,2017-09-07,2017-09-20 00:00:00.000000,2026-08-27T05:17:09.287600+00:00,D:/D drive recovery/Shiva JH/Projects/OneLake Medallion/data/landing/2017-09-07/orders.parquet,2017-09-07
08dae4aaedc034ee67385e739d42d0a8,9e80bf15286ac4efa8833654940b0e1f,delivered,2017-10-01 17:19:18,2017-10-01 17:28:20,2017-10-02 18:17:58,2017-10-07 14:46:56,2017-10-19 00:00:00,2017-10-01,2017-10-19 00:00:00.000000,2026-08-27T05:17:09.287600+00:00,D:/D drive recovery/Shiva JH/Projects/OneLake Medallion/data/landing/2017-10-01/orders.parquet,2017-10-01
80c86e92eef37052119cf0e9a402000a,4f0e61854cebd81bf24298cea5d99a7d,delivered,2017-10-01 00:03:33,2017-10-03 04:04:38,2017-10-04 12:14:37,2017-10-06 18:26:36,2017-10-18 00:00:00,2017-10-01,2017-10-18 00:00:00.000000,2026-08-27T05:17:09.287600+00:00,D:/D drive recovery/Shiva JH/Projects/OneLake Medallion/data/landing/2017-10-01/orders.parquet,2017-10-01
ca057e5d6b72a0fc19eb40cd99c188c8,dcf8829d7b09493cbfb502af2340be09,delivered,2017-10-01 15:45:38,2017-10-03 04:14:21,2017-10-04 18:57:49,2017-10-11 01:25:54,2017-10-24 00:00:00,2017-10-01,2017-10-24 00:00:00.000000,2026-08-27T05:17:09.287600+00:00,D:/D drive recovery/Shiva JH/Projects/OneLake Medallion/data/landing/2017-10-01/orders.parquet,2017-10-01
379608a8412e127ea99752f0ae297408,16c43b2b6b665c7268566fc9def6c68b,delivered,2017-10-01 10:19:07,2017-10-01 10:28:15,2017-10-02 16:52:44,2017-10-17 10:17:48,2017-10-30 00:00:00,2017-10-01,2017-10-30 00:00:00.000000,2026-08-27T05:17:09.287600+00:00,D:/D drive recovery/Shiva JH/Projects/OneLake Medallion/data/landing/2017-10-01/orders.parquet,2017-10-01
163ad1666638554c03eff2545773c4b3,f315e987b6e111d0b9f8e1dc6c5b3948,delivered,2017-10-01 19:48:02,2017-10-03 03:49:16,2017-10-04 10:38:21,2017-10-08 16:58:20,2017-10-25 00:00:00,2017-10-01,2017-10-25 00:00:00.000000,2026-08-27T05:17:09.287600+00:00,D:/D drive recovery/Shiva JH/Projects/OneLake Medallion/data/landing/2017-10-01/orders.parquet,2017-10-01
188368c093f06fe58e813bd61137b3e1,ec1b208f54047679c3b2c982e22872d0,delivered,2017-10-13 21:51:40,2017-10-13 22:07:07,2017-10-18 22:07:53,2017-10-25 22:18:38,2017-11-13 00:00:00,2017-10-13,2017-11-13 00:00:00.000000,2026-08-27T05:17:09.287600+00:00,D:/D drive recovery/Shiva JH/Projects/OneLake Medallion/data/landing/2017-10-13/orders.parquet,2017-10-13
0b50bea7ba1e8ba7a21b01b7c9d1350b,8c976a55940af1dcecf9aac47249aca9,delivered,2017-10-25 10:03:39,2017-10-25 10:14:27,2017-10-30 19:30:02,2017-11-08 10:55:38,2017-12-06 00:00:00,2017-10-25,2017-12-06 00:00:00.000000,2026-08-27T05:17:09.287600+00:00,D:/D drive recovery/Shiva JH/Projects/OneLake Medallion/data/landing/2017-10-25/orders.parquet,2017-10-25
18dcad31c503873cc41e0ed48581b80c,edae9aa824f15c8806fd464af085ab00,delivered,2017-10-25 16:56:35,2017-10-25 17:35:18,2017-10-26 18:32:57,2017-10-27 14:40:10,2017-11-07 00:00:00,2017-10-25,2017-11-07 00:00:00.000000,2026-08-27T05:17:09.287600+00:00,D:/D drive recovery/Shiva JH/Projects/OneLake Medallion/data/landing/2017-10-25/orders.parquet,2017-10-25
3b68e7d1f8cbedb79ef05647835dcd6c,b5c9e1ce40819057541d008d1427c03d,delivered,2017-10-25 17:35:26,2017-10-25 17:49:25,2017-10-27 17:52:05,2017-11-06 16:49:24,2017-11-21 00:00:00,2017-10-25,2017-11-21 00:00:00.000000,2026-08-27T05:17:09.287600+00:00,D:/D drive recovery/Shiva JH/Projects/OneLake Medallion/data/landing/2017-10-25/orders.parquet,2017-10-25
8242b086009bdffe2eb081b77d4ca7de,94ee745f9c7998656cac472cd79c38f2,delivered,2017-11-06 13:16:25,2017-11-06 14:33:36,2017-11-08 19:22:20,2017-11-23 15:11:39,2017-11-27 00:00:00,2017-11-06,2017-11-27 00:00:00.000000,2026-08-27T05:17:09.287600+00:00,D:/D drive recovery/Shiva JH/Projects/OneLake Medallion/data/landing/2017-11-06/orders.parquet,2017-11-06
4296801e936343a5f6a38e29143c0f88,8b26e9f4e8dadffe40b101bea7634b9b,delivered,2017-11-06 08:38:45,2017-11-06 08:50:26,2017-11-09 19:09:29,2017-12-05 21:38:54,2017-11-30 00:00:00,2017-11-06,2017-12-05 21:38:54.000000,2026-08-27T05:17:09.287600+00:00,D:/D drive recovery/Shiva JH/Projects/OneLake Medallion/data/landing/2017-11-06/orders.parquet,2017-11-06
9b9e08cb1a66ae45d2a91815cd8f4426,490759be2844c3b899a2fb95e6146bd8,delivered,2017-11-18 11:10:00,2017-11-18 15:50:26,2017-11-20 19:04:33,2017-12-11 15:28:46,2017-12-19 00:00:00,2017-11-18,2017-12-19 00:00:00.000000,2026-08-27T05:17:09.287600+00:00,D:/D drive recovery/Shiva JH/Projects/OneLake Medallion/data/landing/2017-11-18/orders.parquet,2017-11-18
93e41e75d4dfc53553b20b0087738e4d,167952abef450eb8fc56bbf828db72e7,delivered,2017-11-18 18:10:22,2017-11-21 03:33:26,2017-11-21 21:53:47,2017-11-23 21:49:50,2017-12-01 00:00:00,2017-11-18,2017-12-01 00:00:00.000000,2026-08-27T05:17:09.287600+00:00,D:/D drive recovery/Shiva JH/Projects/OneLake Medallion/data/landing/2017-11-18/orders.parquet,2017-11-18
2a8cb6405aee52f3b246ccae8bd4fe11,6c12ba0696cdfa81f4d7427d78dc91dd,delivered,2017-11-30 21:25:45,2017-12-01 10:31:15,2017-12-01 22:56:55,2017-12-15 16:35:08,2018-01-04 00:00:00,2017-11-30,2018-01-04 00:00:00.000000,2026-08-27T05:17:09.287600+00:00,D:/D drive recovery/Shiva JH/Projects/OneLake Medallion/data/landing/2017-11-30/orders.parquet,2017-11-30
e08ebbd3a910e30ccb05aa241e9243fb,535fbb8e6f9ead96b1271ca6f2945712,delivered,2017-11-30 11:03:17,2017-11-30 11:52:41,2017-12-04 23:47:54,2017-12-11 23:47:11,2017-12-29 00:00:00,2017-11-30,2017-12-29 00:00:00.000000,2026-08-27T05:17:09.287600+00:00,D:/D drive recovery/Shiva JH/Projects/OneLake Medallion/data/landing/2017-11-30/orders.parquet,2017-11-30
341ec2709ac1eea8f492c24d31a06942,f836208064b817a41fec6caf0cb648f4,delivered,2017-11-30 14:40:31,2017-11-30 15:53:15,2017-12-20 17:43:01,2018-01-09 19:42:07,2018-01-10 00:00:00,2017-11-30,2018-01-10 00:00:00.000000,2026-08-27T05:17:09.287600+00:00,D:/D drive recovery/Shiva JH/Projects/OneLake Medallion/data/landing/2017-11-30/orders.parquet,2017-11-30
030e558867da892772c999f60d09e854,e216f6d4144d83b469cdf8c4acb1ce28,delivered,2017-11-30 23:24:16,2017-12-01 10:31:12,2017-12-04 22:27:00,2017-12-18 21:14:48,2017-12-27 00:00:00,2017-11-30,2017-12-27 00:00:00.000000,2026-08-27T05:17:09.287600+00:00,D:/D drive recovery/Shiva JH/Projects/OneLake Medallion/data/landing/2017-11-30/orders.parquet,2017-11-30
ef71772d55431467890fda2f45c7bdde,f1a079060149465974f9fafa727d47e7,delivered,2017-11-30 22:17:14,2017-12-01 10:31:14,2017-12-01 18:15:06,2017-12-04 19:28:53,2017-12-19 00:00:00,2017-11-30,2017-12-19 00:00:00.000000,2026-08-27T05:17:09.287600+00:00,D:/D drive recovery/Shiva JH/Projects/OneLake Medallion/data/landing/2017-11-30/orders.parquet,2017-11-30
6b353bba58520d286313c6f64cc078ff,638450a5fcf36c86e90ca1c5b7ebd357,delivered,2017-11-30 19:12:57,2017-12-01 09:31:02,2017-12-01 17:22:14,2017-12-11 19:25:02,2017-12-28 00:00:00,2017-11-30,2017-12-28 00:00:00.000000,2026-08-27T05:17:09.287600+00:00,D:/D drive recovery/Shiva JH/Projects/OneLake Medallion/data/landing/2017-11-30/orders.parquet,2017-11-30
6006d946799bcba9a9fd13e50c442213,a6294bead59771e77b2d1839e7b5da0f,delivered,2017-11-30 21:49:25,2017-12-01 10:31:23,2017-12-05 21:27:07,2017-12-20 22:38:44,2017-12-27 00:00:00,2017-11-30,2017-12-27 00:00:00.000000,2026-08-27T05:17:09.287600+00:00,D:/D drive recovery/Shiva JH/Projects/OneLake Medallion/data/landing/2017-11-30/orders.parquet,2017-11-30
6ae2e8b8fac02522481d2a2f4ca4412c,9d492dbb767938d56a38926aa1bfa5ab,delivered,2017-11-30 22:27:48,2017-12-01 10:31:49,2017-12-04 18:03:49,2017-12-19 20:54:30,2017-12-28 00:00:00,2017-11-30,2017-12-28 00:00:00.000000,2026-08-27T05:17:09.287600+00:00,D:/D drive recovery/Shiva JH/Projects/OneLake Medallion/data/landing/2017-11-30/orders.parquet,2017-11-30
3858a71b117aa9a3c509cc87fe9c8960,096fadb12270ba03ae06893cc6579575,delivered,2017-11-30 10:55:44,2017-11-30 11:11:13,2017-12-07 21:34:00,2017-12-12 18:42:01,2017-12-20 00:00:00,2017-11-30,2017-12-20 00:00:00.000000,2026-08-27T05:17:09.287600+00:00,D:/D drive recovery/Shiva JH/Projects/OneLake Medallion/data/landing/2017-11-30/orders.parquet,2017-11-30
506b766a5636c21756e8026fea871ec7,7711f97f5a39689cb92b2a1d87ca957b,delivered,2017-11-30 20:33:24,2017-12-01 09:30:59,2017-12-04 22:12:59,2017-12-12 00:14:55,2018-01-03 00:00:00,2017-11-30,2018-01-03 00:00:00.000000,2026-08-27T05:17:09.287600+00:00,D:/D drive recovery/Shiva JH/Projects/OneLake Medallion/data/landing/2017-11-30/orders.parquet,2017-11-30
2ed75ffbf396fcdc6341f17d1a16ef5d,7c5f8c2e42af586aa1b1cc8d6bc40732,delivered,2017-12-12 20:54:42,2017-12-12 21:11:32,2017-12-13 17:19:04,2017-12-14 22:57:41,2017-12-29 00:00:00,2017-12-12,2017-12-29 00:00:00.000000,2026-08-27T05:17:09.287600+00:00,D:/D drive recovery/Shiva JH/Projects/OneLake Medallion/data/landing/2017-12-12/orders.parquet,2017-12-12
aa04ee4542e835a3e6f4da876dc654c6,dc49e0412ba3a24e9555f34f15e715ad,delivered,2017-12-12 15:27:05,2017-12-12 15:50:48,2017-12-13 21:37:20,2017-12-14 19:56:56,2017-12-29 00:00:00,2017-12-12,2017-12-29 00:00:00.000000,2026-08-27T05:17:09.287600+00:00,D:/D drive recovery/Shiva JH/Projects/OneLake Medallion/data/landing/2017-12-12/orders.parquet,2017-12-12
20059d45d5d6464cbf4fa0515c3830a4,f0bfb0e899e6c59163c3d76819d87128,delivered,2017-12-12 11:58:48,2017-12-13 02:33:31,2017-12-19 18:29:01,2017-12-29 19:29:07,2018-01-08 00:00:00,2017-12-12,2018-01-08 00:00:00.000000,2026-08-27T05:17:09.287600+00:00,D:/D drive recovery/Shiva JH/Projects/OneLake Medallion/data/landing/2017-12-12/orders.parquet,2017-12-12
0b05441635d9a251f9865b985bf985de,a3c9f9938f51f409773bbda6b13f7f3b,delivered,2017-12-12 22:05:02,2017-12-12 22:18:33,2017-12-13 23:54:34,2017-12-22 22:52:18,2018-01-09 00:00:00,2017-12-12,2018-01-09 00:00:00.000000,2026-08-27T05:17:09.287600+00:00,D:/D drive recovery/Shiva JH/Projects/OneLake Medallion/data/landing/2017-12-12/orders.parquet,2017-12-12
9da6e3bacbae9dfb6f886b2fcdd80bcd,69829caa6a2c8ac099579f56582ea0c9,delivered,2017-12-12 01:32:09,2017-12-12 01:47:12,2017-12-13 16:14:12,2018-01-23 12:25:56,2018-01-05 00:00:00,2017-12-12,2018-01-23 12:25:56.000000,2026-08-27T05:17:09.287600+00:00,D:/D drive recovery/Shiva JH/Projects/OneLake Medallion/data/landing/2017-12-12/orders.parquet,2017-12-12
3bdebe4ea3f450a5d8f6c50f1771c9ef,f4056901edbc5d4f4e76b539f416fde1,delivered,2017-12-12 21:48:33,2017-12-12 22:10:50,2017-12-14 20:12:43,2017-12-27 00:17:04,2018-01-11 00:00:00,2017-12-12,2018-01-11 00:00:00.000000,2026-08-27T05:17:09.287600+00:00,D:/D drive recovery/Shiva JH/Projects/OneLake Medallion/data/landing/2017-12-12/orders.parquet,2017-12-12
773f350ab7f485f0d4aa1a095820fedd,c5dff493e5eafe9b431f2a5565786f06,delivered,2017-12-24 14:21:22,2017-12-27 04:07:00,2017-12-28 18:28:24,2018-01-10 21:46:45,2018-01-26 00:00:00,2017-12-24,2018-01-26 00:00:00.000000,2026-08-27T05:17:09.287600+00:00,D:/D drive recovery/Shiva JH/Projects/OneLake Medallion/data/landing/2017-12-24/orders.parquet,2017-12-24
676ad3c00d76971326e0e1a03f976e2c,e4817c123974b4d71409d4b74f05c6bd,delivered,2017-12-24 13:30:03,2017-12-24 13:38:19,2017-12-27 21:59:26,2017-12-30 18:58:53,2018-01-15 00:00:00,2017-12-24,2018-01-15 00:00:00.000000,2026-08-27T05:17:09.287600+00:00,D:/D drive recovery/Shiva JH/Projects/OneLake Medallion/data/landing/2017-12-24/orders.parquet,2017-12-24
c274a2e17f75d6af15fc30bbdb0aa44c,f46232212123865e5196e5d003faebf7,delivered,2018-01-05 09:56:10,2018-01-05 10:07:54,2018-01-09 17:28:58,2018-01-10 20:55:02,2018-01-23 00:00:00,2018-01-05,2018-01-23 00:00:00.000000,2026-08-27T05:17:09.287600+00:00,D:/D drive recovery/Shiva JH/Projects/OneLake Medallion/data/landing/2018-01-05/orders.parquet,2018-01-05
d42df8c4038c10f915f4b699279980c6,d09eaa84b85dea3f0c7a4dc8daba5d78,delivered,2018-01-05 15:08:17,2018-01-08 18:37:25,2018-01-09 18:23:59,2018-01-22 20:25:35,2018-01-31 00:00:00,2018-01-05,2018-01-31 00:00:00.000000,2026-08-27T05:17:09.287600+00:00,D:/D drive recovery/Shiva JH/Projects/OneLake Medallion/data/landing/2018-01-05/orders.parquet,2018-01-05
6fac3b0946f1bea16dc2cd1cb032aa92,7db355df99a56ad307464851d9f45e23,delivered,2018-01-17 09:09:28,2018-01-17 09:30:52,2018-01-17 17:49:04,2018-01-31 11:33:14,2018-02-21 00:00:00,2018-01-17,2018-02-21 00:00:00.000000,2026-08-27T05:17:09.287600+00:00,D:/D drive recovery/Shiva JH/Projects/OneLake Medallion/data/landing/2018-01-17/orders.parquet,2018-01-17
3b98cf066d0d2a5121f8c95bd97816c0,b9ed1c3c7e68c101d9c4bb52fd335b35,delivered,2018-01-17 21:30:01,2018-01-19 02:37:14,2018-01-19 20:54:28,2018-02-02 23:17:14,2018-02-07 00:00:00,2018-01-17,2018-02-07 00:00:00.000000,2026-08-27T05:17:09.287600+00:00,D:/D drive recovery/Shiva JH/Projects/OneLake Medallion/data/landing/2018-01-17/orders.parquet,2018-01-17
45942e54bf1edb4b2c481b77f7f8486c,744eaeaf58a86dbe348c4bf07a5b13e4,delivered,2018-01-17 19:03:21,2018-01-17 19:10:39,2018-01-18 17:42:16,2018-01-25 19:28:10,2018-02-07 00:00:00,2018-01-17,2018-02-07 00:00:00.000000,2026-08-27T05:17:09.287600+00:00,D:/D drive recovery/Shiva JH/Projects/OneLake Medallion/data/landing/2018-01-17/orders.parquet,2018-01-17
d29eca3633b0b60adf268cae9133cd93,cbbd508281ea66e2f36b4acfc28a85b0,delivered,2018-01-17 23:34:21,2018-01-17 23:50:02,2018-01-18 21:35:34,2018-01-30 14:16:38,2018-02-01 00:00:00,2018-01-17,2018-02-01 00:00:00.000000,2026-08-27T05:17:09.287600+00:00,D:/D drive recovery/Shiva JH/Projects/OneLake Medallion/data/landing/2018-01-17/orders.parquet,2018-01-17
f9bec732ab454a0aa8d04a38af127a23,c328b59991677d1f69675d143c1f94c9,delivered,2018-01-29 01:52:05,2018-01-30 05:31:35,2018-02-03 14:52:49,2018-03-10 15:06:32,2018-03-05 00:00:00,2018-01-29,2018-03-10 15:06:32.000000,2026-08-27T05:17:09.287600+00:00,D:/D drive recovery/Shiva JH/Projects/OneLake Medallion/data/landing/2018-01-29/orders.parquet,2018-01-29
eae6a3184617bf13d153139ea39ba3a7,3a3faba3a2e550830228b7ddef538358,delivered,2018-01-29 18:55:41,2018-01-30 20:15:30,2018-02-02 02:10:47,2018-02-15 17:44:01,2018-02-21 00:00:00,2018-01-29,2018-02-21 00:00:00.000000,2026-08-27T05:17:09.287600+00:00,D:/D drive recovery/Shiva JH/Projects/OneLake Medallion/data/landing/2018-01-29/orders.parquet,2018-01-29
6ac13251ad16b89d0610936bbe6a4d18,78ac64f5a8847d149315a3228139aa8c,delivered,2018-01-29 23:45:48,2018-01-30 00:35:25,2018-01-30 23:23:27,2018-02-16 21:53:06,2018-02-21 00:00:00,2018-01-29,2018-02-21 00:00:00.000000,2026-08-27T05:17:09.287600+00:00,D:/D drive recovery/Shiva JH/Projects/OneLake Medallion/data/landing/2018-01-29/orders.parquet,2018-01-29
6d9288f26eeaab3874c5fd755cbfd448,e27c106dade234783942879d21b249d3,delivered,2018-01-29 15:23:54,2018-01-29 15:35:32,2018-02-01 19:39:32,2018-02-05 20:52:11,2018-02-21 00:00:00,2018-01-29,2018-02-21 00:00:00.000000,2026-08-27T05:17:09.287600+00:00,D:/D drive recovery/Shiva JH/Projects/OneLake Medallion/data/landing/2018-01-29/orders.parquet,2018-01-29
d99ec4acbeb86fccf934f257ebd6baa3,493705fc389e90a33771f1522b6008cd,delivered,2018-01-29 08:59:43,2018-01-29 09:18:39,2018-02-01 17:55:50,2018-02-24 01:21:34,2018-02-22 00:00:00,2018-01-29,2018-02-24 01:21:34.000000,2026-08-27T05:17:09.287600+00:00,D:/D drive recovery/Shiva JH/Projects/OneLake Medallion/data/landing/2018-01-29/orders.parquet,2018-01-29
50cc8ba47fc38dfed74c9482ff949a46,9d5af95c54d7bc8a6ba7ff4e58a27cdf,delivered,2018-02-10 18:23:47,2018-02-10 18:35:25,2018-02-14 22:09:34,2018-02-19 22:55:13,2018-03-08 00:00:00,2018-02-10,2018-03-08 00:00:00.000000,2026-08-27T05:17:09.287600+00:00,D:/D drive recovery/Shiva JH/Projects/OneLake Medallion/data/landing/2018-02-10/orders.parquet,2018-02-10
4103cb8c02ddae6eff9f233ba22ae0ad,ddcb9a6c17c703895e618d0387f36f96,delivered,2018-02-10 18:53:24,2018-02-10 19:05:29,2018-02-14 18:18:57,2018-02-26 22:12:43,2018-03-08 00:00:00,2018-02-10,2018-03-08 00:00:00.000000,2026-08-27T05:17:09.287600+00:00,D:/D drive recovery/Shiva JH/Projects/OneLake Medallion/data/landing/2018-02-10/orders.parquet,2018-02-10
9914efa57f1a52e1c0a2735c0f927bbf,c29e3f619b98fab35664181a8b8d9ab0,delivered,2018-02-10 21:35:59,2018-02-10 21:50:31,2018-02-14 18:06:08,2018-02-27 22:03:45,2018-03-14 00:00:00,2018-02-10,2018-03-14 00:00:00.000000,2026-08-27T05:17:09.287600+00:00,D:/D drive recovery/Shiva JH/Projects/OneLake Medallion/data/landing/2018-02-10/orders.parquet,2018-02-10
d5f958ee0f7fd3c31de97a5316655292,8b25e268c2f35378cb13b4aeee7ef12b,delivered,2018-02-10 08:39:03,2018-02-10 08:50:30,2018-02-14 18:49:00,2018-02-23 16:12:03,2018-03-07 00:00:00,2018-02-10,2018-03-07 00:00:00.000000,2026-08-27T05:17:09.287600+00:00,D:/D drive recovery/Shiva JH/Projects/OneLake Medallion/data/landing/2018-02-10/orders.parquet,2018-02-10
12307610cd2009ccf90a8a4911bb14a8,ef6ea25f1bdbd8acf3ffa440a32634c6,delivered,2018-02-22 02:01:17,2018-02-22 02:10:46,2018-02-23 00:53:51,2018-03-17 16:21:58,2018-03-19 00:00:00,2018-02-22,2018-03-19 00:00:00.000000,2026-08-27T05:17:09.287600+00:00,D:/D drive recovery/Shiva JH/Projects/OneLake Medallion/data/landing/2018-02-22/orders.parquet,2018-02-22
661daf8e46d57f5f1b916c80f4129049,5480317bcd36fbf6258cf6cace8142cc,delivered,2018-02-22 09:53:19,2018-02-22 10:09:47,2018-02-23 22:28:42,2018-03-15 00:17:29,2018-03-29 00:00:00,2018-02-22,2018-03-29 00:00:00.000000,2026-08-27T05:17:09.287600+00:00,D:/D drive recovery/Shiva JH/Projects/OneLake Medallion/data/landing/2018-02-22/orders.parquet,2018-02-22
2b8b7636f69e8dca87850024171a19fa,3f71fba37c2f425974e32151d8771e9c,delivered,2018-02-22 21:56:23,2018-02-22 22:08:21,2018-02-27 21:32:59,2018-03-13 18:39:25,2018-03-26 00:00:00,2018-02-22,2018-03-26 00:00:00.000000,2026-08-27T05:17:09.287600+00:00,D:/D drive recovery/Shiva JH/Projects/OneLake Medallion/data/landing/2018-02-22/orders.parquet,2018-02-22
a940a94fdec511a582a6da00ff8520c7,4d0062cd0951824fdf00db21c500831b,delivered,2018-02-22 20:44:21,2018-02-22 20:56:06,2018-02-26 14:29:08,2018-03-28 22:16:43,2018-03-21 00:00:00,2018-02-22,2018-03-28 22:16:43.000000,2026-08-27T05:17:09.287600+00:00,D:/D drive recovery/Shiva JH/Projects/OneLake Medallion/data/landing/2018-02-22/orders.parquet,2018-02-22
7a93a948d1378fc5fcfd0a09f00136c7,2eab8438ec51150fc124df8ed968f7c8,delivered,2018-02-22 23:42:08,2018-02-24 02:55:29,2018-02-26 18:49:08,2018-03-13 15:58:49,2018-03-26 00:00:00,2018-02-22,2018-03-26 00:00:00.000000,2026-08-27T05:17:09.287600+00:00,D:/D drive recovery/Shiva JH/Projects/OneLake Medallion/data/landing/2018-02-22/orders.parquet,2018-02-22
d98e1bbea27add1b46f2f78aa0a3517b,f1e2b8785604f68bfe418a8cf8fb5465,delivered,2018-02-22 19:54:45,2018-02-22 20:10:46,2018-02-23 22:39:38,2018-03-05 21:34:02,2018-03-14 00:00:00,2018-02-22,2018-03-14 00:00:00.000000,2026-08-27T05:17:09.287600+00:00,D:/D drive recovery/Shiva JH/Projects/OneLake Medallion/data/landing/2018-02-22/orders.parquet,2018-02-22
0799d89dedaf5ef08f3a90b967cb2ccd,8f4f79e8101ae921457541beba9611bf,delivered,2018-02-22 17:58:21,2018-02-22 18:55:31,2018-03-05 10:22:50,2018-05-09 12:26:39,2018-03-16 00:00:00,2018-02-22,2018-05-09 12:26:39.000000,2026-08-27T05:17:09.287600+00:00,D:/D drive recovery/Shiva JH/Projects/OneLake Medallion/data/landing/2018-02-22/orders.parquet,2018-02-22
6ca834e14df3fb5924d4e7fe551c80d9,73e1b03fe677803ab302437065bb5cee,delivered,2018-02-22 12:21:56,2018-02-22 12:35:40,2018-02-22 21:33:58,2018-02-27 21:33:13,2018-03-14 00:00:00,2018-02-22,2018-03-14 00:00:00.000000,2026-08-27T05:17:09.287600+00:00,D:/D drive recovery/Shiva JH/Projects/OneLake Medallion/data/landing/2018-02-22/orders.parquet,2018-02-22
144c41d3111c8d2b0bdbf9232f2e0a78,d0248b585adc1896538607af63cc8285,delivered,2018-03-06 20:57:29,2018-03-06 21:40:28,2018-03-07 20:58:53,2018-03-13 20:33:35,2018-04-02 00:00:00,2018-03-06,2018-04-02 00:00:00.000000,2026-08-27T05:17:09.287600+00:00,D:/D drive recovery/Shiva JH/Projects/OneLake Medallion/data/landing/2018-03-06/orders.parquet,2018-03-06
92dfa5f3acdce1071906427ba5ee3c4f,d4f8e1812fd0113f69f5144bb4e584c6,delivered,2018-03-06 17:35:16,2018-03-06 18:20:37,2018-03-07 20:51:52,2018-03-15 22:16:49,2018-03-22 00:00:00,2018-03-06,2018-03-22 00:00:00.000000,2026-08-27T05:17:09.287600+00:00,D:/D drive recovery/Shiva JH/Projects/OneLake Medallion/data/landing/2018-03-06/orders.parquet,2018-03-06
89ecd7cdfb061d3d0f81b26af772c80f,129f92c14328e9759485ee597bb75758,delivered,2018-03-06 15:45:02,2018-03-08 02:16:06,2018-03-08 18:48:36,2018-03-09 19:48:30,2018-03-16 00:00:00,2018-03-06,2018-03-16 00:00:00.000000,2026-08-27T05:17:09.287600+00:00,D:/D drive recovery/Shiva JH/Projects/OneLake Medallion/data/landing/2018-03-06/orders.parquet,2018-03-06
890e966b2b72ba13da8c01387874afee,4cd1c9f0fc14298ee95437bef771aac2,delivered,2018-03-18 19:26:01,2018-03-18 19:47:36,2018-03-23 20:04:24,2018-04-11 20:47:49,2018-04-16 00:00:00,2018-03-18,2018-04-16 00:00:00.000000,2026-08-27T05:17:09.287600+00:00,D:/D drive recovery/Shiva JH/Projects/OneLake Medallion/data/landing/2018-03-18/orders.parquet,2018-03-18
84992c4145bf78ab42c0e997506e8ecf,495a15eb160b6c85259f568b9042ef5d,delivered,2018-03-18 10:38:22,2018-03-18 10:50:28,2018-03-19 18:11:36,2018-03-28 22:19:41,2018-04-10 00:00:00,2018-03-18,2018-04-10 00:00:00.000000,2026-08-27T05:17:09.287600+00:00,D:/D drive recovery/Shiva JH/Projects/OneLake Medallion/data/landing/2018-03-18/orders.parquet,2018-03-18
b29c6fe4cbadff8b38f96806127dfc53,a317ad435deb7beb5632846c5ffc9592,delivered,2018-03-18 15:06:38,2018-03-18 15:15:32,2018-03-20 13:29:33,2018-03-28 15:38:55,2018-04-05 00:00:00,2018-03-18,2018-04-05 00:00:00.000000,2026-08-27T05:17:09.287600+00:00,D:/D drive recovery/Shiva JH/Projects/OneLake Medallion/data/landing/2018-03-18/orders.parquet,2018-03-18
782b00205051ed11c71726e9554e788e,8ac4417f93e1cd022e92837a030182a7,delivered,2018-03-18 22:52:15,2018-03-18 23:07:44,2018-03-21 22:56:24,2018-04-03 01:16:51,2018-04-09 00:00:00,2018-03-18,2018-04-09 00:00:00.000000,2026-08-27T05:17:09.287600+00:00,D:/D drive recovery/Shiva JH/Projects/OneLake Medallion/data/landing/2018-03-18/orders.parquet,2018-03-18
23a2d8b0357730d4f9c50aa48773e9e9,96a603e45ac0094d6328d8856d9ff833,delivered,2018-03-18 14:49:40,2018-03-18 15:08:04,2018-03-23 00:56:49,2018-04-05 20:22:14,2018-04-06 00:00:00,2018-03-18,2018-04-06 00:00:00.000000,2026-08-27T05:17:09.287600+00:00,D:/D drive recovery/Shiva JH/Projects/OneLake Medallion/data/landing/2018-03-18/orders.parquet,2018-03-18
672171439e56578d2c9370fe77345a50,09f891a12438a14831755819c1338f99,delivered,2018-03-18 01:11:15,2018-03-18 01:28:48,2018-03-20 15:56:34,2018-04-26 20:58:39,2018-04-13 00:00:00,2018-03-18,2018-04-26 20:58:39.000000,2026-08-27T05:17:09.287600+00:00,D:/D drive recovery/Shiva JH/Projects/OneLake Medallion/data/landing/2018-03-18/orders.parquet,2018-03-18
b1526a2bd67c99a417bbd10df7904bb0,7a22cc2284c8c071bb159fb99289c831,delivered,2018-03-18 19:27:58,2018-03-18 19:47:37,2018-03-21 21:42:49,2018-04-11 19:38:44,2018-04-23 00:00:00,2018-03-18,2018-04-23 00:00:00.000000,2026-08-27T05:17:09.287600+00:00,D:/D drive recovery/Shiva JH/Projects/OneLake Medallion/data/landing/2018-03-18/orders.parquet,2018-03-18
93b9173d182af83f59074baf05d8c13e,75465accefc98db11062d9f8b89482b5,delivered,2018-03-30 13:22:07,2018-03-30 14:08:01,2018-04-04 00:18:20,2018-05-22 17:04:19,2018-04-23 00:00:00,2018-03-30,2018-05-22 17:04:19.000000,2026-08-27T05:17:09.287600+00:00,D:/D drive recovery/Shiva JH/Projects/OneLake Medallion/data/landing/2018-03-30/orders.parquet,2018-03-30
a7d69ce9d8cad8e7d9b48cbdfe236bff,49c7d9bf8f555cd2023e6487b2b2ead6,delivered,2018-03-30 20:45:18,2018-03-31 13:15:19,2018-04-03 18:14:29,2018-04-04 19:38:47,2018-04-12 00:00:00,2018-03-30,2018-04-12 00:00:00.000000,2026-08-27T05:17:09.287600+00:00,D:/D drive recovery/Shiva JH/Projects/OneLake Medallion/data/landing/2018-03-30/orders.parquet,2018-03-30
ef121c337009d84eeb960c0890bf4666,cd4c177b9ffe9a94685b0f87f0e760ad,delivered,2018-04-11 18:09:21,2018-04-11 18:31:22,2018-04-13 00:02:38,2018-04-17 21:14:38,2018-05-04 00:00:00,2018-04-11,2018-05-04 00:00:00.000000,2026-08-27T05:17:09.287600+00:00,D:/D drive recovery/Shiva JH/Projects/OneLake Medallion/data/landing/2018-04-11/orders.parquet,2018-04-11
faef665b7a0746076cdba7746c217cb0,f1b5fefd2603e754ff40d1a48290080b,delivered,2018-04-11 11:42:25,2018-04-11 11:50:51,2018-04-11 23:52:54,2018-04-28 00:05:30,2018-05-08 00:00:00,2018-04-11,2018-05-08 00:00:00.000000,2026-08-27T05:17:09.287600+00:00,D:/D drive recovery/Shiva JH/Projects/OneLake Medallion/data/landing/2018-04-11/orders.parquet,2018-04-11
8a1bc477742faefa8ff9f614dc582244,6a401be5e3262fd8cd7a569c6dcc345b,delivered,2018-04-11 13:41:15,2018-04-11 13:50:41,2018-04-11 23:37:41,2018-04-13 00:03:04,2018-04-23 00:00:00,2018-04-11,2018-04-23 00:00:00.000000,2026-08-27T05:17:09.287600+00:00,D:/D drive recovery/Shiva JH/Projects/OneLake Medallion/data/landing/2018-04-11/orders.parquet,2018-04-11
42eb921de62fe52db1e8954ac9971384,5ea0ef1eba15b7f18658bf6792019bd7,delivered,2018-04-11 12:01:10,2018-04-12 08:35:31,2018-04-17 18:02:47,2018-04-24 18:03:00,2018-05-11 00:00:00,2018-04-11,2018-05-11 00:00:00.000000,2026-08-27T05:17:09.287600+00:00,D:/D drive recovery/Shiva JH/Projects/OneLake Medallion/data/landing/2018-04-11/orders.parquet,2018-04-11
77b6edd13efe99269ef9b78006e133a3,2966bc94f88221d894371af25b56a091,delivered,2018-04-11 22:05:58,2018-04-13 15:52:26,2018-04-19 20:46:48,2018-04-24 19:05:44,2018-05-08 00:00:00,2018-04-11,2018-05-08 00:00:00.000000,2026-08-27T05:17:09.287600+00:00,D:/D drive recovery/Shiva JH/Projects/OneLake Medallion/data/landing/2018-04-11/orders.parquet,2018-04-11
b9f5ca0dd8ac07db0b02705dc2be4d21,927e550cffb5caa83ce9afd6ec0d886e,delivered,2018-04-23 11:12:58,2018-04-24 18:52:59,2018-04-24 16:48:51,2018-05-04 02:12:41,2018-05-16 00:00:00,2018-04-23,2018-05-16 00:00:00.000000,2026-08-27T05:17:09.287600+00:00,D:/D drive recovery/Shiva JH/Projects/OneLake Medallion/data/landing/2018-04-23/orders.parquet,2018-04-23
2ab340837ecacc1da5c088346b0d873b,2b50e8a04cee4649c28af67de327551e,delivered,2018-04-23 08:17:57,2018-04-24 18:59:40,2018-04-23 18:25:23,2018-04-27 20:32:17,2018-05-10 00:00:00,2018-04-23,2018-05-10 00:00:00.000000,2026-08-27T05:17:09.287600+00:00,D:/D drive recovery/Shiva JH/Projects/OneLake Medallion/data/landing/2018-04-23/orders.parquet,2018-04-23
f80bab3b47910373b5d3a4a4963192e6,989724cede76316391eb5c650b59938f,delivered,2018-04-23 21:14:21,2018-04-25 03:30:49,2018-04-25 15:01:00,2018-04-30 23:36:55,2018-05-16 00:00:00,2018-04-23,2018-05-16 00:00:00.000000,2026-08-27T05:17:09.287600+00:00,D:/D drive recovery/Shiva JH/Projects/OneLake Medallion/data/landing/2018-04-23/orders.parquet,2018-04-23
a31f5683a88deb4bf8e6bb729d94a2c6,1877701b0eda5b68e5b32ccc8aa04cef,delivered,2018-04-23 15:54:32,2018-04-24 17:22:27,2018-04-26 12:30:00,2018-05-07 19:22:24,2018-05-14 00:00:00,2018-04-23,2018-05-14 00:00:00.000000,2026-08-27T05:17:09.287600+00:00,D:/D drive recovery/Shiva JH/Projects/OneLake Medallion/data/landing/2018-04-23/orders.parquet,2018-04-23
b7e1823a1a3137ba666bef3dfbca19dd,1db1708a6143b3cf20f1dcb77d6aac75,delivered,2018-04-23 07:28:21,2018-04-24 18:48:20,2018-04-24 15:48:39,2018-04-27 16:42:21,2018-05-16 00:00:00,2018-04-23,2018-05-16 00:00:00.000000,2026-08-27T05:17:09.287600+00:00,D:/D drive recovery/Shiva JH/Projects/OneLake Medallion/data/landing/2018-04-23/orders.parquet,2018-04-23
04105b54650921ca3246f52e6f175f46,5e67c2816f006a8ef69b3e9c8a5fab8f,delivered,2018-04-23 09:07:38,2018-04-24 17:13:18,2018-04-24 22:08:40,2018-05-10 00:36:31,2018-05-22 00:00:00,2018-04-23,2018-05-22 00:00:00.000000,2026-08-27T05:17:09.287600+00:00,D:/D drive recovery/Shiva JH/Projects/OneLake Medallion/data/landing/2018-04-23/orders.parquet,2018-04-23
27a0c2a00aa85ff8202e8bd9c7dbd829,72dcad042bdf5d01a5b6f9c2457c53b7,delivered,2018-04-23 16:56:22,2018-04-24 18:04:44,2018-04-24 19:19:17,2018-05-10 00:09:00,2018-05-08 00:00:00,2018-04-23,2018-05-10 00:09:00.000000,2026-08-27T05:17:09.287600+00:00,D:/D drive recovery/Shiva JH/Projects/OneLake Medallion/data/landing/2018-04-23/orders.parquet,2018-04-23
bf0b0091259a3839db4a335aa1b4c8dd,bdccd7d99b0a5094e9f43ee3a616869c,delivered,2018-05-05 16:10:01,2018-05-05 16:29:58,2018-05-07 12:53:00,2018-05-10 23:42:30,2018-06-06 00:00:00,2018-05-05,2018-06-06 00:00:00.000000,2026-08-27T05:17:09.287600+00:00,D:/D drive recovery/Shiva JH/Projects/OneLake Medallion/data/landing/2018-05-05/orders.parquet,2018-05-05
6aec640ac5495838d57e1f3009f99898,dfdb6cbde08c4bc6b1508213ac4bdaf2,delivered,2018-05-05 12:52:47,2018-05-08 03:52:42,2018-05-08 14:20:00,2018-05-18 11:54:35,2018-06-01 00:00:00,2018-05-05,2018-06-01 00:00:00.000000,2026-08-27T05:17:09.287600+00:00,D:/D drive recovery/Shiva JH/Projects/OneLake Medallion/data/landing/2018-05-05/orders.parquet,2018-05-05
c7cf98eae37902869c4e92aeb9db5c72,c534c99a1c06a1402fb806d20a4bef1a,delivered,2018-05-05 16:59:55,2018-05-05 17:10:26,2018-05-07 12:55:00,2018-05-11 00:34:48,2018-05-30 00:00:00,2018-05-05,2018-05-30 00:00:00.000000,2026-08-27T05:17:09.287600+00:00,D:/D drive recovery/Shiva JH/Projects/OneLake Medallion/data/landing/2018-05-05/orders.parquet,2018-05-05
9842c98fba6a3e74b785776cc72136f5,d78cd5ed18ca4df3e74897b8352cd346,delivered,2018-05-17 18:33:00,2018-05-18 00:37:30,2018-05-18 14:12:00,2018-05-22 11:48:38,2018-06-18 00:00:00,2018-05-17,2018-06-18 00:00:00.000000,2026-08-27T05:17:09.287600+00:00,D:/D drive recovery/Shiva JH/Projects/OneLake Medallion/data/landing/2018-05-17/orders.parquet,2018-05-17
387ab69cd89bb3ed95402ff3d7f50b94,f15d200ef0ec72271b2f83d53604fde9,delivered,2018-05-17 16:46:01,2018-05-18 00:15:15,2018-05-18 14:57:00,2018-06-08 00:28:33,2018-06-22 00:00:00,2018-05-17,2018-06-22 00:00:00.000000,2026-08-27T05:17:09.287600+00:00,D:/D drive recovery/Shiva JH/Projects/OneLake Medallion/data/landing/2018-05-17/orders.parquet,2018-05-17
31bdd4abc4fb5fec0a5fa2a92af376b5,20e168b274f64bde557322339d857619,delivered,2018-05-17 11:05:04,2018-05-18 00:55:31,2018-05-18 14:35:00,2018-06-04 22:32:16,2018-06-07 00:00:00,2018-05-17,2018-06-07 00:00:00.000000,2026-08-27T05:17:09.287600+00:00,D:/D drive recovery/Shiva JH/Projects/OneLake Medallion/data/landing/2018-05-17/orders.parquet,2018-05-17
17c7d18b95217b2fbbc15a88ef4f564f,5c84a8216347ecb5dd3f89878d453966,delivered,2018-05-29 20:20:20,2018-05-29 20:35:20,2018-06-04 08:00:00,2018-06-12 18:18:31,2018-07-24 00:00:00,2018-05-29,2018-07-24 00:00:00.000000,2026-08-27T05:17:09.287600+00:00,D:/D drive recovery/Shiva JH/Projects/OneLake Medallion/data/landing/2018-05-29/orders.parquet,2018-05-29
c2b416c2ac6019a220bca3ef9ac48682,7a2ec550d65ca275353c30ec80a633c0,delivered,2018-05-29 17:50:55,2018-05-29 18:11:22,2018-05-30 13:50:00,2018-06-05 19:28:31,2018-07-03 00:00:00,2018-05-29,2018-07-03 00:00:00.000000,2026-08-27T05:17:09.287600+00:00,D:/D drive recovery/Shiva JH/Projects/OneLake Medallion/data/landing/2018-05-29/orders.parquet,2018-05-29
44a4b28fae9dd152c7102f54dcd723b9,041e732946d597aa439b595a2def33f3,delivered,2018-05-29 14:36:50,2018-05-29 14:52:27,2018-05-30 13:46:00,2018-06-15 18:12:58,2018-08-06 00:00:00,2018-05-29,2018-08-06 00:00:00.000000,2026-08-27T05:17:09.287600+00:00,D:/D drive recovery/Shiva JH/Projects/OneLake Medallion/data/landing/2018-05-29/orders.parquet,2018-05-29
a5016f72057fe780772bd4c88fa95951,05d6b909009e98a4cb2330bc6a4651ef,delivered,2018-05-29 11:33:14,2018-05-30 02:32:19,2018-05-30 14:26:00,2018-06-03 12:02:26,2018-06-29 00:00:00,2018-05-29,2018-06-29 00:00:00.000000,2026-08-27T05:17:09.287600+00:00,D:/D drive recovery/Shiva JH/Projects/OneLake Medallion/data/landing/2018-05-29/orders.parquet,2018-05-29
cdbce2d8fe4479ce0b9bbb32e0656e4a,e01bbe0abd11eee8748f2f376d15919b,delivered,2018-06-10 18:13:37,2018-06-10 19:51:42,2018-06-11 14:29:00,2018-06-20 16:28:25,2018-07-05 00:00:00,2018-06-10,2018-07-05 00:00:00.000000,2026-08-27T05:17:09.287600+00:00,D:/D drive recovery/Shiva JH/Projects/OneLake Medallion/data/landing/2018-06-10/orders.parquet,2018-06-10
852d24d230e0038f83e1337c4ab06147,7ae079405bb999ea70d1c458cbf2e82c,delivered,2018-06-10 16:05:11,2018-06-11 16:31:46,2018-06-12 12:41:00,2018-06-25 19:16:54,2018-06-28 00:00:00,2018-06-10,2018-06-28 00:00:00.000000,2026-08-27T05:17:09.287600+00:00,D:/D drive recovery/Shiva JH/Projects/OneLake Medallion/data/landing/2018-06-10/orders.parquet,2018-06-10
305117a349bea514f1b57f0d17aa7055,51b93a7b13da97fe20d275028db0c668,delivered,2018-06-10 20:38:32,2018-06-10 20:57:49,2018-06-19 14:13:00,2018-06-25 19:56:30,2018-07-11 00:00:00,2018-06-10,2018-07-11 00:00:00.000000,2026-08-27T05:17:09.287600+00:00,D:/D drive recovery/Shiva JH/Projects/OneLake Medallion/data/landing/2018-06-10/orders.parquet,2018-06-10
464903700caac1e06ce732afb660cfe2,0550b43346bf7b76cb465d064ecc7bd5,delivered,2018-06-10 18:20:21,2018-06-10 19:12:10,2018-06-11 14:11:00,2018-06-16 16:02:06,2018-07-11 00:00:00,2018-06-10,2018-07-11 00:00:00.000000,2026-08-27T05:17:09.287600+00:00,D:/D drive recovery/Shiva JH/Projects/OneLake Medallion/data/landing/2018-06-10/orders.parquet,2018-06-10
38ef39ee8ebc5f492b0253bcd1213dcc,8511218eb25a2ad53760f66d63df7659,delivered,2018-06-10 22:56:17,2018-06-10 23:11:08,2018-06-19 15:14:00,2018-07-07 13:49:39,2018-07-19 00:00:00,2018-06-10,2018-07-19 00:00:00.000000,2026-08-27T05:17:09.287600+00:00,D:/D drive recovery/Shiva JH/Projects/OneLake Medallion/data/landing/2018-06-10/orders.parquet,2018-06-10
505f19ae28f4c808af9275206b5b7c49,c6cb51cd87af99f44bee9e0890d09959,delivered,2018-06-22 20:44:40,2018-06-22 21:17:43,2018-06-25 15:25:00,2018-06-26 19:42:32,2018-07-05 00:00:00,2018-06-22,2018-07-05 00:00:00.000000,2026-08-27T05:17:09.287600+00:00,D:/D drive recovery/Shiva JH/Projects/OneLake Medallion/data/landing/2018-06-22/orders.parquet,2018-06-22
517764046d20478235016a57ee3d7f4f,8aa1b4bda7936744ea5b49e61a3668e0,delivered,2018-06-22 15:13:36,2018-06-22 15:38:24,2018-06-26 14:07:00,2018-06-27 18:32:42,2018-07-12 00:00:00,2018-06-22,2018-07-12 00:00:00.000000,2026-08-27T05:17:09.287600+00:00,D:/D drive recovery/Shiva JH/Projects/OneLake Medallion/data/landing/2018-06-22/orders.parquet,2018-06-22
2966209e856b37a6b9be138d6d7910b5,3e596d8525490f4f775fa272e4f988b1,delivered,2018-06-22 22:18:21,2018-06-22 22:37:35,2018-06-25 16:22:00,2018-06-26 20:58:41,2018-07-05 00:00:00,2018-06-22,2018-07-05 00:00:00.000000,2026-08-27T05:17:09.287600+00:00,D:/D drive recovery/Shiva JH/Projects/OneLake Medallion/data/landing/2018-06-22/orders.parquet,2018-06-22
fd7d4eb658279656ec6fa1ff66620925,b83c6d5f769b0e788a6bbd435c6036aa,delivered,2018-06-22 21:19:34,2018-06-26 05:12:47,2018-06-27 06:23:00,2018-06-28 16:35:29,2018-07-05 00:00:00,2018-06-22,2018-07-05 00:00:00.000000,2026-08-27T05:17:09.287600+00:00,D:/D drive recovery/Shiva JH/Projects/OneLake Medallion/data/landing/2018-06-22/orders.parquet,2018-06-22
046022868cf3fa04a308811fd6b0b282,9d1125c3aea5c247d9fe6bb35176bdd2,delivered,2018-06-22 20:02:38,2018-06-23 04:18:38,2018-06-23 09:08:00,2018-06-26 20:37:22,2018-07-16 00:00:00,2018-06-22,2018-07-16 00:00:00.000000,2026-08-27T05:17:09.287600+00:00,D:/D drive recovery/Shiva JH/Projects/OneLake Medallion/data/landing/2018-06-22/orders.parquet,2018-06-22
9ecc63b839c404ca47e48f1af1f54702,269fe9714fd6a436d8394d573318d2d2,delivered,2017-03-03 23:17:53,2017-03-07 16:55:13,2017-03-08 08:35:29,2017-03-11 08:53:37,2017-03-24 00:00:00,2017-03-03,2017-03-24 00:00:00.000000,2026-08-27T05:17:09.287600+00:00,D:/D drive recovery/Shiva JH/Projects/OneLake Medallion/data/landing/2017-03-03/orders.parquet,2017-03-03
671c1562854f03c1d68f6d48e1fa4c7d,bb5f8977c8712dcd0a599b06ca05b923,delivered,2017-03-03 08:32:31,2017-03-03 08:45:14,2017-03-06 08:47:00,2017-03-09 12:54:28,2017-03-24 00:00:00,2017-03-03,2017-03-24 00:00:00.000000,2026-08-27T05:17:09.287600+00:00,D:/D drive recovery/Shiva JH/Projects/OneLake Medallion/data/landing/2017-03-03/orders.parquet,2017-03-03
4b9a2fcf7058ab9f5609fc6556941297,5cbe5f384e68197de1f06c4bf7359e71,delivered,2017-03-15 16:43:06,2017-03-15 16:43:06,2017-03-20 15:47:11,2017-03-31 12:38:00,2017-04-07 00:00:00,2017-03-15,2017-04-07 00:00:00.000000,2026-08-27T05:17:09.287600+00:00,D:/D drive recovery/Shiva JH/Projects/OneLake Medallion/data/landing/2017-03-15/orders.parquet,2017-03-15
63c9a278e2db31d8f1c92babe1b0ae5d,92c7ec0f765c23a7e86b6b96a6b707ac,delivered,2017-03-15 18:08:19,2017-03-15 18:08:19,2017-03-17 11:52:24,2017-03-27 14:34:04,2017-04-05 00:00:00,2017-03-15,2017-04-05 00:00:00.000000,2026-08-27T05:17:09.287600+00:00,D:/D drive recovery/Shiva JH/Projects/OneLake Medallion/data/landing/2017-03-15/orders.parquet,2017-03-15
0928b1d58fe76f5a1e63be5a47ea6253,387fe5d87d73b8e6f228c70fea044488,delivered,2017-03-15 21:52:58,2017-03-15 21:52:58,2017-03-16 10:11:37,2017-03-21 11:54:01,2017-04-05 00:00:00,2017-03-15,2017-04-05 00:00:00.000000,2026-08-27T05:17:09.287600+00:00,D:/D drive recovery/Shiva JH/Projects/OneLake Medallion/data/landing/2017-03-15/orders.parquet,2017-03-15
e9781329bbd9648bc8c210acc30c130c,e9137323c426e06652900161e3b0a105,delivered,2017-03-27 21:44:45,2017-03-28 03:51:27,2017-03-28 18:54:43,2017-04-17 12:24:30,2017-05-03 00:00:00,2017-03-27,2017-05-03 00:00:00.000000,2026-08-27T05:17:09.287600+00:00,D:/D drive recovery/Shiva JH/Projects/OneLake Medallion/data/landing/2017-03-27/orders.parquet,2017-03-27
e316d17cafee5024c175ba56fc437d56,69cdb945535dffeb2313ce7c20a95c3a,delivered,2017-03-27 11:29:51,2017-03-27 11:42:36,2017-03-28 19:05:36,2017-04-04 21:26:55,2017-04-19 00:00:00,2017-03-27,2017-04-19 00:00:00.000000,2026-08-27T05:17:09.287600+00:00,D:/D drive recovery/Shiva JH/Projects/OneLake Medallion/data/landing/2017-03-27/orders.parquet,2017-03-27
1006246e3feed80b0a2f83d8364240f7,27ef94da5dd900952d450780482a9df5,delivered,2017-04-08 11:46:53,2017-04-08 12:32:54,2017-04-11 16:33:20,2017-04-18 08:22:52,2017-05-17 00:00:00,2017-04-08,2017-05-17 00:00:00.000000,2026-08-27T05:17:09.287600+00:00,D:/D drive recovery/Shiva JH/Projects/OneLake Medallion/data/landing/2017-04-08/orders.parquet,2017-04-08
fa65dad1b0e818e3ccc5cb0e39231352,9af2372a1e49340278e7c1ef8d749f34,shipped,2017-04-20 12:45:34,2017-04-22 09:10:13,2017-04-24 11:31:17,,2017-05-18 00:00:00,2017-04-20,2017-05-18 00:00:00.000000,2026-08-27T05:17:09.287600+00:00,D:/D drive recovery/Shiva JH/Projects/OneLake Medallion/data/landing/2017-04-20/orders.parquet,2017-04-20
64d5bb1764f742cbecaed917d384da32,8846d3215f703ab414d01bc7c1da407c,delivered,2017-04-20 02:43:36,2017-04-21 05:15:25,2017-04-24 13:43:29,2017-05-05 11:59:59,2017-05-24 00:00:00,2017-04-20,2017-05-24 00:00:00.000000,2026-08-27T05:17:09.287600+00:00,D:/D drive recovery/Shiva JH/Projects/OneLake Medallion/data/landing/2017-04-20/orders.parquet,2017-04-20
cb61f25ed186c04d0a96e8830a3078d2,7b87f3ec73e9b766c9b145790745ab7d,delivered,2017-05-02 23:22:06,2017-05-03 23:30:11,2017-05-04 11:52:53,2017-05-18 18:29:57,2017-06-02 00:00:00,2017-05-02,2017-06-02 00:00:00.000000,2026-08-27T05:17:09.287600+00:00,D:/D drive recovery/Shiva JH/Projects/OneLake Medallion/data/landing/2017-05-02/orders.parquet,2017-05-02
1930118fbe694636a60c0d5f97c32597,1b3847859f34e5654daa2df0739218b5,delivered,2017-05-14 22:37:22,2017-05-14 22:45:19,2017-05-16 09:40:04,2017-05-24 12:14:52,2017-06-12 00:00:00,2017-05-14,2017-06-12 00:00:00.000000,2026-08-27T05:17:09.287600+00:00,D:/D drive recovery/Shiva JH/Projects/OneLake Medallion/data/landing/2017-05-14/orders.parquet,2017-05-14
71d33900d3db33c09ceff19ffc7ec460,e6e46fddabfda88207cc899d3231ce05,delivered,2017-05-14 11:48:09,2017-05-14 11:55:10,2017-05-15 07:34:39,2017-05-30 15:52:05,2017-06-02 00:00:00,2017-05-14,2017-06-02 00:00:00.000000,2026-08-27T05:17:09.287600+00:00,D:/D drive recovery/Shiva JH/Projects/OneLake Medallion/data/landing/2017-05-14/orders.parquet,2017-05-14
66a8d9453b15cd3fe5a7322ad363ad7f,e17b90864f5b705f733e573bf2ba2a81,invoiced,2017-05-14 18:25:10,2017-05-14 18:35:20,,,2017-05-31 00:00:00,2017-05-14,2017-05-31 00:00:00.000000,2026-08-27T05:17:09.287600+00:00,D:/D drive recovery/Shiva JH/Projects/OneLake Medallion/data/landing/2017-05-14/orders.parquet,2017-05-14
7cbc65f44f89c2a106408220f92ee3c7,a1ef1caae4bf10e4c9887f4981bc1002,delivered,2017-05-26 23:17:06,2017-05-26 23:25:12,2017-05-30 08:46:59,2017-06-07 15:15:32,2017-07-06 00:00:00,2017-05-26,2017-07-06 00:00:00.000000,2026-08-27T05:17:09.287600+00:00,D:/D drive recovery/Shiva JH/Projects/OneLake Medallion/data/landing/2017-05-26/orders.parquet,2017-05-26
255111c7355b48e49add6f5a16c22483,332d8cfd50e9561abc812d0dca9632fe,delivered,2017-05-26 01:12:54,2017-05-26 01:25:10,2017-06-01 09:07:46,2017-06-19 20:04:38,2017-06-26 00:00:00,2017-05-26,2017-06-26 00:00:00.000000,2026-08-27T05:17:09.287600+00:00,D:/D drive recovery/Shiva JH/Projects/OneLake Medallion/data/landing/2017-05-26/orders.parquet,2017-05-26
9f6fd425786e354166bb381926773047,9565ff8f153c31c6e79dd5286c96867a,delivered,2017-05-26 13:28:22,2017-05-26 13:42:04,2017-05-30 06:37:48,2017-06-12 19:37:31,2017-06-20 00:00:00,2017-05-26,2017-06-20 00:00:00.000000,2026-08-27T05:17:09.287600+00:00,D:/D drive recovery/Shiva JH/Projects/OneLake Medallion/data/landing/2017-05-26/orders.parquet,2017-05-26
f443ec3003e193944b796356e1d62f8f,d2b6ca644c1dd4b427bae4e97f373553,delivered,2017-05-26 13:38:31,2017-05-26 13:50:16,2017-05-26 15:24:47,2017-05-31 08:12:39,2017-06-21 00:00:00,2017-05-26,2017-06-21 00:00:00.000000,2026-08-27T05:17:09.287600+00:00,D:/D drive recovery/Shiva JH/Projects/OneLake Medallion/data/landing/2017-05-26/orders.parquet,2017-05-26
5ca29c3c00080a507890c89a0323f06d,e3e55fa35f62eea2d859f98e2317e80f,delivered,2017-06-07 08:47:46,2017-06-07 09:02:13,2017-06-13 16:03:02,2017-06-21 17:15:46,2017-06-30 00:00:00,2017-06-07,2017-06-30 00:00:00.000000,2026-08-27T05:17:09.287600+00:00,D:/D drive recovery/Shiva JH/Projects/OneLake Medallion/data/landing/2017-06-07/orders.parquet,2017-06-07
27dfe580597e36bfdb283184aa96a201,c9e36b6c0cabf0ca3e5831b9a9b1d2ee,delivered,2017-06-19 19:45:31,2017-06-20 10:25:14,2017-06-21 09:02:23,2017-06-30 17:36:42,2017-07-11 00:00:00,2017-06-19,2017-07-11 00:00:00.000000,2026-08-27T05:17:09.287600+00:00,D:/D drive recovery/Shiva JH/Projects/OneLake Medallion/data/landing/2017-06-19/orders.parquet,2017-06-19
47d051e89cf6490245136694a26a4395,23954a8ef8b736e65195710c34683222,delivered,2017-06-19 23:45:01,2017-06-19 23:55:12,2017-06-23 10:13:46,2017-06-26 12:14:45,2017-06-30 00:00:00,2017-06-19,2017-06-30 00:00:00.000000,2026-08-27T05:17:09.287600+00:00,D:/D drive recovery/Shiva JH/Projects/OneLake Medallion/data/landing/2017-06-19/orders.parquet,2017-06-19
680e610535fa4d02ce2d6a820946afb8,e895647c3d61dae1606151534adb3acc,delivered,2017-06-19 21:46:43,2017-06-20 21:43:59,2017-06-21 11:26:18,2017-06-28 14:57:15,2017-07-21 00:00:00,2017-06-19,2017-07-21 00:00:00.000000,2026-08-27T05:17:09.287600+00:00,D:/D drive recovery/Shiva JH/Projects/OneLake Medallion/data/landing/2017-06-19/orders.parquet,2017-06-19
217fa6305f49722c5712365fa9fb7685,c138c0b07bf9115181adc0b9ff513ec3,delivered,2017-06-19 14:54:51,2017-06-19 15:05:27,2017-06-27 07:26:49,2017-07-10 16:06:44,2017-07-17 00:00:00,2017-06-19,2017-07-17 00:00:00.000000,2026-08-27T05:17:09.287600+00:00,D:/D drive recovery/Shiva JH/Projects/OneLake Medallion/data/landing/2017-06-19/orders.parquet,2017-06-19
2ccc4ef33a6274500f8eb7b10c5f4b39,5f3e5c17d9cb18877b30dd37487345d5,delivered,2017-07-01 22:56:00,2017-07-01 23:10:13,2017-07-03 12:37:44,2017-07-05 16:26:36,2017-07-14 00:00:00,2017-07-01,2017-07-14 00:00:00.000000,2026-08-27T05:17:09.287600+00:00,D:/D drive recovery/Shiva JH/Projects/OneLake Medallion/data/landing/2017-07-01/orders.parquet,2017-07-01
0c77e9308e3c15bbeb6c16405a2da080,ae632365142083e22587dcd1553a1cdb,delivered,2017-07-13 18:19:24,2017-07-13 18:30:16,2017-07-14 15:09:24,2017-07-21 19:26:49,2017-08-02 00:00:00,2017-07-13,2017-08-02 00:00:00.000000,2026-08-27T05:17:09.287600+00:00,D:/D drive recovery/Shiva JH/Projects/OneLake Medallion/data/landing/2017-07-13/orders.parquet,2017-07-13
73d34a2bf529090b8e28797f2169823c,a94af621ec65d8880bf1cbe777c93968,delivered,2017-07-13 16:28:56,2017-07-13 16:45:09,2017-07-17 13:33:40,2017-07-24 21:37:34,2017-08-08 00:00:00,2017-07-13,2017-08-08 00:00:00.000000,2026-08-27T05:17:09.287600+00:00,D:/D drive recovery/Shiva JH/Projects/OneLake Medallion/data/landing/2017-07-13/orders.parquet,2017-07-13
12788f3056c6392e73afcd37df5482ad,b066f92bfaaf6549b9bc5b0741ae2566,delivered,2017-07-13 12:07:21,2017-07-13 12:23:48,2017-07-14 18:12:17,2017-07-20 19:17:42,2017-08-04 00:00:00,2017-07-13,2017-08-04 00:00:00.000000,2026-08-27T05:17:09.287600+00:00,D:/D drive recovery/Shiva JH/Projects/OneLake Medallion/data/landing/2017-07-13/orders.parquet,2017-07-13
109b43dc12d67a5107cbbfb7fe98d0ae,592e40170cce9817780844caf7c0a2e9,delivered,2017-07-25 15:45:53,2017-07-25 15:55:15,2017-07-28 20:03:04,2017-09-19 14:18:08,2017-08-22 00:00:00,2017-07-25,2017-09-19 14:18:08.000000,2026-08-27T05:17:09.287600+00:00,D:/D drive recovery/Shiva JH/Projects/OneLake Medallion/data/landing/2017-07-25/orders.parquet,2017-07-25
cd02db25220d623f419da3b1fa2921ff,7f86f92d486bece9cd34a1b02c55fda1,delivered,2017-07-25 16:05:45,2017-07-25 16:23:20,2017-07-26 17:47:25,2017-08-02 21:36:59,2017-08-16 00:00:00,2017-07-25,2017-08-16 00:00:00.000000,2026-08-27T05:17:09.287600+00:00,D:/D drive recovery/Shiva JH/Projects/OneLake Medallion/data/landing/2017-07-25/orders.parquet,2017-07-25
5b0290e4420f938665a61fda8ee5ced6,b5b3c90abf565a89c0a5948f00666aed,delivered,2017-07-25 08:33:30,2017-07-25 08:45:11,2017-07-26 11:05:50,2017-08-01 17:21:54,2017-08-18 00:00:00,2017-07-25,2017-08-18 00:00:00.000000,2026-08-27T05:17:09.287600+00:00,D:/D drive recovery/Shiva JH/Projects/OneLake Medallion/data/landing/2017-07-25/orders.parquet,2017-07-25
e462b9c1dbe3c306a5b7b78d72dd7f79,ab81dc95c137f31d229c1b9c4e901149,delivered,2017-07-25 00:12:29,2017-07-26 02:23:18,2017-08-03 21:14:35,2017-08-17 11:10:06,2017-08-22 00:00:00,2017-07-25,2017-08-22 00:00:00.000000,2026-08-27T05:17:09.287600+00:00,D:/D drive recovery/Shiva JH/Projects/OneLake Medallion/data/landing/2017-07-25/orders.parquet,2017-07-25
5ea0a482c758f0cbbcc6b10b0962a6a9,6d9a8851bb29dbceb3e46875e0848ae8,delivered,2017-08-06 11:25:48,2017-08-06 11:35:16,2017-08-07 19:05:10,2017-08-28 18:21:25,2017-09-11 00:00:00,2017-08-06,2017-09-11 00:00:00.000000,2026-08-27T05:17:09.287600+00:00,D:/D drive recovery/Shiva JH/Projects/OneLake Medallion/data/landing/2017-08-06/orders.parquet,2017-08-06
297dfeab4cdd5749b9d6485e13e89877,d76652de2b233fa0a59667e8ec3b871c,delivered,2017-08-18 23:34:56,2017-08-19 23:45:25,2017-08-22 14:00:33,2017-08-23 22:27:00,2017-08-31 00:00:00,2017-08-18,2017-08-31 00:00:00.000000,2026-08-27T05:17:09.287600+00:00,D:/D drive recovery/Shiva JH/Projects/OneLake Medallion/data/landing/2017-08-18/orders.parquet,2017-08-18
f5469d54daa9f43486f2d4ab2b154406,cd7d7b4d8d652f2a44de11261fb5f749,delivered,2017-08-18 13:21:50,2017-08-22 04:07:08,2017-08-23 18:04:26,2017-09-18 22:27:02,2017-09-20 00:00:00,2017-08-18,2017-09-20 00:00:00.000000,2026-08-27T05:17:09.287600+00:00,D:/D drive recovery/Shiva JH/Projects/OneLake Medallion/data/landing/2017-08-18/orders.parquet,2017-08-18
90cd8e765a696947ccb0afa686c933fd,09f172135a40bccae4067425f7abe0a0,delivered,2017-08-18 10:41:45,2017-08-19 02:10:35,2017-08-21 21:25:29,2017-08-22 20:55:59,2017-08-31 00:00:00,2017-08-18,2017-08-31 00:00:00.000000,2026-08-27T05:17:09.287600+00:00,D:/D drive recovery/Shiva JH/Projects/OneLake Medallion/data/landing/2017-08-18/orders.parquet,2017-08-18
5ddf0e8fc807d25c638fe981189bb8db,1fb4a509e6d4126bc8f73ba9cdec80d1,delivered,2017-08-30 22:01:23,2017-09-01 04:35:43,2017-09-04 15:14:45,2017-09-11 14:58:23,2017-09-18 00:00:00,2017-08-30,2017-09-18 00:00:00.000000,2026-08-27T05:17:09.287600+00:00,D:/D drive recovery/Shiva JH/Projects/OneLake Medallion/data/landing/2017-08-30/orders.parquet,2017-08-30
48f2d0b950703bfb145b7c3c0641b4bb,ce68dcdb0fbc1b4172d23c2427cc635e,unavailable,2017-08-30 01:21:05,2017-09-01 15:55:17,,,2017-09-18 00:00:00,2017-08-30,2017-09-18 00:00:00.000000,2026-08-27T05:17:09.287600+00:00,D:/D drive recovery/Shiva JH/Projects/OneLake Medallion/data/landing/2017-08-30/orders.parquet,2017-08-30
642bbe453ce83b61eda0dcb53d3339d8,3469ecbf8d28db8a8023596f1176ad3c,delivered,2017-08-30 18:01:21,2017-08-30 18:11:00,2017-08-31 20:58:02,2017-09-04 10:36:03,2017-09-18 00:00:00,2017-08-30,2017-09-18 00:00:00.000000,2026-08-27T05:17:09.287600+00:00,D:/D drive recovery/Shiva JH/Projects/OneLake Medallion/data/landing/2017-08-30/orders.parquet,2017-08-30
a218ea1ed05e2375702ed63c94625b06,353c11a0ff60ff890ac462745af8ec4b,delivered,2017-08-30 22:42:23,2017-08-30 22:55:15,2017-09-01 19:41:18,2017-09-08 19:57:51,2017-09-20 00:00:00,2017-08-30,2017-09-20 00:00:00.000000,2026-08-27T05:17:09.287600+00:00,D:/D drive recovery/Shiva JH/Projects/OneLake Medallion/data/landing/2017-08-30/orders.parquet,2017-08-30
90dea0577f835cee1385c71345f7a1d9,81d302f82bb3b158fba1d63e779461de,canceled,2017-08-30 16:05:34,2017-08-30 16:15:23,,,2017-09-12 00:00:00,2017-08-30,2017-09-12 00:00:00.000000,2026-08-27T05:17:09.287600+00:00,D:/D drive recovery/Shiva JH/Projects/OneLake Medallion/data/landing/2017-08-30/orders.parquet,2017-08-30
f8d5d7ba22e58d80d291b95ac9de9f8b,d301984d2822130093f2d97255ba7f23,delivered,2017-08-30 19:45:25,2017-08-30 20:04:36,2017-09-04 17:22:50,2017-09-05 14:47:51,2017-09-18 00:00:00,2017-08-30,2017-09-18 00:00:00.000000,2026-08-27T05:17:09.287600+00:00,D:/D drive recovery/Shiva JH/Projects/OneLake Medallion/data/landing/2017-08-30/orders.parquet,2017-08-30
e0f04a1acc50a7daf0cbb0654d438725,fa2ecb119951fe7045f5608dc046ee0f,delivered,2017-08-30 18:37:23,2017-08-30 18:45:18,2017-08-31 17:35:03,2017-09-11 22:18:45,2017-09-21 00:00:00,2017-08-30,2017-09-21 00:00:00.000000,2026-08-27T05:17:09.287600+00:00,D:/D drive recovery/Shiva JH/Projects/OneLake Medallion/data/landing/2017-08-30/orders.parquet,2017-08-30
4187eb76c2b3b265e55590002bd353bd,77a93cfc017f4052c2142bee27a12e2c,delivered,2017-08-30 17:50:54,2017-08-30 18:07:49,2017-08-31 19:24:29,2017-09-13 19:04:55,2017-09-12 00:00:00,2017-08-30,2017-09-13 19:04:55.000000,2026-08-27T05:17:09.287600+00:00,D:/D drive recovery/Shiva JH/Projects/OneLake Medallion/data/landing/2017-08-30/orders.parquet,2017-08-30
e169b880e5f68fbd4500941ac7107168,d003364cdc8beb1c87e73780d7fc9d13,delivered,2017-09-11 13:19:46,2017-09-11 13:37:57,2017-09-12 18:13:58,2017-09-26 20:38:09,2017-09-27 00:00:00,2017-09-11,2017-09-27 00:00:00.000000,2026-08-27T05:17:09.287600+00:00,D:/D drive recovery/Shiva JH/Projects/OneLake Medallion/data/landing/2017-09-11/orders.parquet,2017-09-11
fdafcfbadd88c33d4798432d3bcf6004,050f6087053bfb249521d6910798e274,delivered,2017-09-11 12:07:57,2017-09-11 12:25:12,2017-09-12 19:43:08,2017-09-14 19:43:29,2017-09-21 00:00:00,2017-09-11,2017-09-21 00:00:00.000000,2026-08-27T05:17:09.287600+00:00,D:/D drive recovery/Shiva JH/Projects/OneLake Medallion/data/landing/2017-09-11/orders.parquet,2017-09-11
fb8f03cec06678a33b2782cb3f5a9942,4854399f48d58dfce4a5b4994331b4a5,delivered,2017-09-11 14:41:43,2017-09-11 14:50:32,2017-09-12 18:26:51,2017-10-11 18:44:05,2017-10-11 00:00:00,2017-09-11,2017-10-11 18:44:05.000000,2026-08-27T05:17:09.287600+00:00,D:/D drive recovery/Shiva JH/Projects/OneLake Medallion/data/landing/2017-09-11/orders.parquet,2017-09-11
c2b0a01a95828a432d2f335db23e23b6,4348ccd5fe9390bc4aed3fb18df1bb23,delivered,2017-09-11 21:22:41,2017-09-11 21:36:58,2017-09-13 19:17:37,2017-09-19 17:53:55,2017-10-19 00:00:00,2017-09-11,2017-10-19 00:00:00.000000,2026-08-27T05:17:09.287600+00:00,D:/D drive recovery/Shiva JH/Projects/OneLake Medallion/data/landing/2017-09-11/orders.parquet,2017-09-11
0ae449254770bfec75a99b8d804e5b10,a89e53e23892b105599b8701f6353a5a,delivered,2017-09-11 20:35:49,2017-09-13 03:24:49,2017-09-13 17:12:04,2017-09-21 02:35:39,2017-09-28 00:00:00,2017-09-11,2017-09-28 00:00:00.000000,2026-08-27T05:17:09.287600+00:00,D:/D drive recovery/Shiva JH/Projects/OneLake Medallion/data/landing/2017-09-11/orders.parquet,2017-09-11
ef4927f51923ddcf7b75fb84f51126b7,98c06da4bc9caeddc4b8d92ab42b6bc7,delivered,2017-09-11 23:30:04,2017-09-11 23:43:23,2017-09-12 19:09:45,2017-09-13 16:39:48,2017-09-21 00:00:00,2017-09-11,2017-09-21 00:00:00.000000,2026-08-27T05:17:09.287600+00:00,D:/D drive recovery/Shiva JH/Projects/OneLake Medallion/data/landing/2017-09-11/orders.parquet,2017-09-11
157b4fe03013e7a9db562091a12c2f8d,969d8a95fd033aa0d536264554d3a31b,delivered,2017-09-23 22:19:48,2017-09-23 22:30:09,2017-10-04 16:50:10,2017-10-14 13:24:34,2017-10-26 00:00:00,2017-09-23,2017-10-26 00:00:00.000000,2026-08-27T05:17:09.287600+00:00,D:/D drive recovery/Shiva JH/Projects/OneLake Medallion/data/landing/2017-09-23/orders.parquet,2017-09-23
eaa99789a47020b46cb0effbc0db5c52,7cd835c51bf18427b0e32d2a4b2db1dc,delivered,2017-10-17 21:32:46,2017-10-19 16:35:38,2017-10-24 19:29:47,2017-11-07 19:42:06,2017-11-14 00:00:00,2017-10-17,2017-11-14 00:00:00.000000,2026-08-27T05:17:09.287600+00:00,D:/D drive recovery/Shiva JH/Projects/OneLake Medallion/data/landing/2017-10-17/orders.parquet,2017-10-17
4258b5bedf2331953c0b974849dd7b24,4b8c52be98a993fca3d13a62eca22be2,delivered,2017-10-17 14:20:58,2017-10-18 03:07:39,2017-10-18 17:12:37,2017-11-01 19:49:36,2017-11-03 00:00:00,2017-10-17,2017-11-03 00:00:00.000000,2026-08-27T05:17:09.287600+00:00,D:/D drive recovery/Shiva JH/Projects/OneLake Medallion/data/landing/2017-10-17/orders.parquet,2017-10-17
f4644597165c84bebe72a057c53a0698,81bf164bdfd3c3c8367945888f18f05a,delivered,2017-10-17 19:22:58,2017-10-17 19:36:46,2017-10-20 16:10:04,2017-11-09 13:42:10,2017-11-14 00:00:00,2017-10-17,2017-11-14 00:00:00.000000,2026-08-27T05:17:09.287600+00:00,D:/D drive recovery/Shiva JH/Projects/OneLake Medallion/data/landing/2017-10-17/orders.parquet,2017-10-17
f9d90a312f7c442297e418dbf9564475,35b031db03bcb2b6e37e2ed393ab3720,delivered,2017-10-17 16:03:38,2017-10-18 03:14:41,2017-10-19 16:46:53,2017-11-09 15:27:35,2017-11-08 00:00:00,2017-10-17,2017-11-09 15:27:35.000000,2026-08-27T05:17:09.287600+00:00,D:/D drive recovery/Shiva JH/Projects/OneLake Medallion/data/landing/2017-10-17/orders.parquet,2017-10-17
0286c83491d80e29a5f16c150abb76b2,c9d83efae10ff5d47b75d591e2bbbffe,delivered,2017-10-29 16:45:18,2017-10-29 17:06:08,2017-10-30 19:03:52,2017-11-01 15:14:28,2017-11-10 00:00:00,2017-10-29,2017-11-10 00:00:00.000000,2026-08-27T05:17:09.287600+00:00,D:/D drive recovery/Shiva JH/Projects/OneLake Medallion/data/landing/2017-10-29/orders.parquet,2017-10-29
418cd8f1328f8746e2483646f1d1b250,9a75b1179856777173ca2a8176bcd9f2,delivered,2017-10-29 21:06:13,2017-10-29 21:25:50,2017-10-30 19:03:03,2017-11-06 20:58:54,2017-11-22 00:00:00,2017-10-29,2017-11-22 00:00:00.000000,2026-08-27T05:17:09.287600+00:00,D:/D drive recovery/Shiva JH/Projects/OneLake Medallion/data/landing/2017-10-29/orders.parquet,2017-10-29
a54f35a6dfb350a13c6410aa276e52d8,b9d66a7e824f738db300bab9fb4f5ee0,delivered,2017-11-10 10:35:05,2017-11-10 10:47:20,2017-11-14 16:38:34,2017-11-18 17:06:27,2017-11-30 00:00:00,2017-11-10,2017-11-30 00:00:00.000000,2026-08-27T05:17:09.287600+00:00,D:/D drive recovery/Shiva JH/Projects/OneLake Medallion/data/landing/2017-11-10/orders.parquet,2017-11-10
0ff7d7a45a6dc4220eab2b7aac2367d6,8517f6b8c5c0ce7afbc630208b05f9bb,delivered,2017-11-10 14:43:50,2017-11-10 14:55:48,2017-11-14 21:57:01,2017-11-26 19:05:04,2017-12-04 00:00:00,2017-11-10,2017-12-04 00:00:00.000000,2026-08-27T05:17:09.287600+00:00,D:/D drive recovery/Shiva JH/Projects/OneLake Medallion/data/landing/2017-11-10/orders.parquet,2017-11-10
10444bce3a6e45509282fc392e7d7c14,8f2792b2443223c1714a5956f805d6f6,delivered,2017-11-10 13:38:42,2017-11-10 13:50:58,2017-11-16 22:12:37,2017-11-21 21:08:48,2017-11-30 00:00:00,2017-11-10,2017-11-30 00:00:00.000000,2026-08-27T05:17:09.287600+00:00,D:/D drive recovery/Shiva JH/Projects/OneLake Medallion/data/landing/2017-11-10/orders.parquet,2017-11-10
3a3b0394c09dbf1c3f658c1fbe9adc31,388e380a8fd7135321bbe22ed193d8df,delivered,2017-11-10 21:39:06,2017-11-10 21:50:22,2017-11-16 12:02:21,2018-01-13 00:15:05,2017-12-13 00:00:00,2017-11-10,2018-01-13 00:15:05.000000,2026-08-27T05:17:09.287600+00:00,D:/D drive recovery/Shiva JH/Projects/OneLake Medallion/data/landing/2017-11-10/orders.parquet,2017-11-10
8667d8b065b72f775a46212c6170fde2,9dbbc2d1be1e5e12baf6d5d1c7c2408d,delivered,2017-11-10 10:28:57,2017-11-11 19:50:34,2017-11-13 13:43:57,2017-12-04 23:59:06,2017-12-11 00:00:00,2017-11-10,2017-12-11 00:00:00.000000,2026-08-27T05:17:09.287600+00:00,D:/D drive recovery/Shiva JH/Projects/OneLake Medallion/data/landing/2017-11-10/orders.parquet,2017-11-10
53b3e2250cde35f4d38113ae5e3b8055,7e52c40ddc442f47bd543f184fa91d0f,delivered,2017-11-10 13:41:19,2017-11-10 13:55:26,2017-11-13 16:49:03,2017-11-21 17:00:15,2017-12-05 00:00:00,2017-11-10,2017-12-05 00:00:00.000000,2026-08-27T05:17:09.287600+00:00,D:/D drive recovery/Shiva JH/Projects/OneLake Medallion/data/landing/2017-11-10/orders.parquet,2017-11-10
dbfc85111e9812da1a864f78aaf6d282,6f831ab314ae38169aef4169d06d2429,delivered,2017-11-22 11:56:01,2017-11-22 12:06:30,2017-11-23 19:09:14,2017-11-24 13:18:14,2017-12-04 00:00:00,2017-11-22,2017-12-04 00:00:00.000000,2026-08-27T05:17:09.287600+00:00,D:/D drive recovery/Shiva JH/Projects/OneLake Medallion/data/landing/2017-11-22/orders.parquet,2017-11-22
63d0e1d41c99fb9deaabffa058aeeace,bedce15fee0ed902a24693d7d88028b1,delivered,2017-11-22 15:56:13,2017-11-23 02:37:28,2017-11-23 21:04:04,2017-11-28 21:54:11,2017-12-11 00:00:00,2017-11-22,2017-12-11 00:00:00.000000,2026-08-27T05:17:09.287600+00:00,D:/D drive recovery/Shiva JH/Projects/OneLake Medallion/data/landing/2017-11-22/orders.parquet,2017-11-22
968cb4fb4acbc42bc8ad87fc3caba34d,39ffed8392965349ae13109de7848397,delivered,2017-11-22 10:12:10,2017-11-22 10:26:27,2017-11-23 17:12:26,2017-12-20 23:49:09,2017-12-21 00:00:00,2017-11-22,2017-12-21 00:00:00.000000,2026-08-27T05:17:09.287600+00:00,D:/D drive recovery/Shiva JH/Projects/OneLake Medallion/data/landing/2017-11-22/orders.parquet,2017-11-22
f907eb5eddb04b68f52bbba38b075e8d,79f25ca3e3ffdecc5ff884d8c2e61dc8,delivered,2017-11-22 07:54:51,2017-11-22 08:07:20,2017-11-23 14:21:29,2017-12-09 15:34:39,2017-12-12 00:00:00,2017-11-22,2017-12-12 00:00:00.000000,2026-08-27T05:17:09.287600+00:00,D:/D drive recovery/Shiva JH/Projects/OneLake Medallion/data/landing/2017-11-22/orders.parquet,2017-11-22
9dc439a9d732ca991174a53f114c3cde,6660b4dcb6bc876c71cb3f2d8de060dc,delivered,2017-12-04 11:10:27,2017-12-06 02:50:37,2017-12-11 21:19:21,2017-12-12 19:42:07,2017-12-20 00:00:00,2017-12-04,2017-12-20 00:00:00.000000,2026-08-27T05:17:09.287600+00:00,D:/D drive recovery/Shiva JH/Projects/OneLake Medallion/data/landing/2017-12-04/orders.parquet,2017-12-04
fe9eb7fc7765ab4b09f817fda0b63089,80db8c7a7ea6b11ca4c65cc2b93a6dc0,delivered,2017-12-04 14:37:42,2017-12-04 17:07:11,2017-12-05 17:58:06,2018-01-13 00:45:24,2018-01-02 00:00:00,2017-12-04,2018-01-13 00:45:24.000000,2026-08-27T05:17:09.287600+00:00,D:/D drive recovery/Shiva JH/Projects/OneLake Medallion/data/landing/2017-12-04/orders.parquet,2017-12-04
6ea1f20d81136864e6e10ac9cce17901,f85b68dca11d7373293f89da2b53cf73,shipped,2017-12-04 21:13:09,2017-12-06 07:13:52,2017-12-08 21:51:40,,2018-01-10 00:00:00,2017-12-04,2018-01-10 00:00:00.000000,2026-08-27T05:17:09.287600+00:00,D:/D drive recovery/Shiva JH/Projects/OneLake Medallion/data/landing/2017-12-04/orders.parquet,2017-12-04
ac9c563c1293db37e4a035f8ee3763db,901c413984e6a191582753a0a51104f0,delivered,2017-12-04 14:20:05,2017-12-04 16:48:39,2017-12-14 17:54:50,2017-12-20 09:12:42,2018-01-05 00:00:00,2017-12-04,2018-01-05 00:00:00.000000,2026-08-27T05:17:09.287600+00:00,D:/D drive recovery/Shiva JH/Projects/OneLake Medallion/data/landing/2017-12-04/orders.parquet,2017-12-04
774398c3ac79463f502a2fff60e2518f,fdbe4c48a0093edfe912b1512a11a37c,delivered,2017-12-04 23:49:50,2017-12-06 02:39:31,2017-12-06 17:53:10,2017-12-10 16:06:46,2017-12-20 00:00:00,2017-12-04,2017-12-20 00:00:00.000000,2026-08-27T05:17:09.287600+00:00,D:/D drive recovery/Shiva JH/Projects/OneLake Medallion/data/landing/2017-12-04/orders.parquet,2017-12-04
32246337a2acef34f1c9b793e13032d5,7438ff3aefb340ad9c04d0a5b1cec14c,delivered,2017-12-04 19:18:09,2017-12-04 19:30:18,2017-12-05 19:27:30,2017-12-07 15:37:13,2017-12-20 00:00:00,2017-12-04,2017-12-20 00:00:00.000000,2026-08-27T05:17:09.287600+00:00,D:/D drive recovery/Shiva JH/Projects/OneLake Medallion/data/landing/2017-12-04/orders.parquet,2017-12-04
11da60acfcd7ff313e1ef9c2f86029b9,1628a7562ca4ba34dbc6b96534e41a61,delivered,2017-12-04 11:26:11,2017-12-04 16:31:35,2017-12-12 14:17:01,2017-12-14 18:04:20,2017-12-27 00:00:00,2017-12-04,2017-12-27 00:00:00.000000,2026-08-27T05:17:09.287600+00:00,D:/D drive recovery/Shiva JH/Projects/OneLake Medallion/data/landing/2017-12-04/orders.parquet,2017-12-04
fbf9b050c89a7d7447452338455c8c0b,cb14515be745f34dde09f84a00534f80,delivered,2017-12-04 16:11:58,2017-12-04 17:41:19,2017-12-05 20:54:32,2017-12-16 00:25:02,2018-01-04 00:00:00,2017-12-04,2018-01-04 00:00:00.000000,2026-08-27T05:17:09.287600+00:00,D:/D drive recovery/Shiva JH/Projects/OneLake Medallion/data/landing/2017-12-04/orders.parquet,2017-12-04
78ff4e2150a4d62c899729924518c667,fdcd4f45e64fb171ac37d17e86921672,delivered,2017-12-04 15:07:09,2017-12-04 17:07:57,2017-12-06 16:59:12,2017-12-21 17:44:23,2018-01-08 00:00:00,2017-12-04,2018-01-08 00:00:00.000000,2026-08-27T05:17:09.287600+00:00,D:/D drive recovery/Shiva JH/Projects/OneLake Medallion/data/landing/2017-12-04/orders.parquet,2017-12-04
1cfb210fdaf81f98065605323fe31fa3,7d35377fa3e76abaa30c36099cdc7ff5,delivered,2017-12-04 14:45:18,2017-12-04 17:08:29,2017-12-08 22:41:26,2018-01-10 17:59:10,2018-01-02 00:00:00,2017-12-04,2018-01-10 17:59:10.000000,2026-08-27T05:17:09.287600+00:00,D:/D drive recovery/Shiva JH/Projects/OneLake Medallion/data/landing/2017-12-04/orders.parquet,2017-12-04
0374e57efce00e3004e93acd6310c58f,ee5b048a2bbbcaa49900bb4e0fa515c9,delivered,2017-12-16 12:25:18,2017-12-16 12:32:22,2017-12-19 00:34:07,2017-12-20 20:03:15,2018-01-05 00:00:00,2017-12-16,2018-01-05 00:00:00.000000,2026-08-27T05:17:09.287600+00:00,D:/D drive recovery/Shiva JH/Projects/OneLake Medallion/data/landing/2017-12-16/orders.parquet,2017-12-16
4faeccf035f43d918905b68a474d4c47,cbff94e105ea931745492355ce3b9558,delivered,2017-12-16 21:07:26,2017-12-16 21:15:23,2017-12-20 00:35:13,2017-12-30 15:09:12,2018-01-15 00:00:00,2017-12-16,2018-01-15 00:00:00.000000,2026-08-27T05:17:09.287600+00:00,D:/D drive recovery/Shiva JH/Projects/OneLake Medallion/data/landing/2017-12-16/orders.parquet,2017-12-16
274a1c50ff2991f27b21bd8465c43882,1de54ffbfb658eec45cfc9bd9bfb2917,delivered,2017-12-16 16:42:20,2017-12-19 09:50:56,2017-12-19 18:49:36,2018-01-06 12:17:31,2018-01-16 00:00:00,2017-12-16,2018-01-16 00:00:00.000000,2026-08-27T05:17:09.287600+00:00,D:/D drive recovery/Shiva JH/Projects/OneLake Medallion/data/landing/2017-12-16/orders.parquet,2017-12-16
62f85456fc470d391e292c649d8f0124,8578b195ef00d35534b548af9e9a152d,delivered,2017-12-28 08:28:20,2017-12-29 08:27:31,2017-12-29 16:38:45,2018-01-09 15:18:40,2018-01-30 00:00:00,2017-12-28,2018-01-30 00:00:00.000000,2026-08-27T05:17:09.287600+00:00,D:/D drive recovery/Shiva JH/Projects/OneLake Medallion/data/landing/2017-12-28/orders.parquet,2017-12-28
ca5806ea7cd456a6c3ec4e7591331402,29bb15e13f62057599589a7ab73336f5,delivered,2017-12-28 16:59:22,2017-12-28 17:08:20,2017-12-29 14:08:48,2018-01-09 19:25:11,2018-01-31 00:00:00,2017-12-28,2018-01-31 00:00:00.000000,2026-08-27T05:17:09.287600+00:00,D:/D drive recovery/Shiva JH/Projects/OneLake Medallion/data/landing/2017-12-28/orders.parquet,2017-12-28
2718df8b2c0fc264750dd28232e31eff,4dd293881d50a64764529a4987399486,delivered,2017-12-28 18:05:30,2017-12-29 02:09:32,2018-01-03 16:19:06,2018-01-08 16:08:24,2018-01-23 00:00:00,2017-12-28,2018-01-23 00:00:00.000000,2026-08-27T05:17:09.287600+00:00,D:/D drive recovery/Shiva JH/Projects/OneLake Medallion/data/landing/2017-12-28/orders.parquet,2017-12-28
fc85b94eb688b0abb29954cf6354c1bc,30618802562d31117ba648da7cf54645,delivered,2018-01-09 19:19:32,2018-01-12 09:31:21,2018-01-12 22:32:57,2018-01-23 22:09:55,2018-02-05 00:00:00,2018-01-09,2018-02-05 00:00:00.000000,2026-08-27T05:17:09.287600+00:00,D:/D drive recovery/Shiva JH/Projects/OneLake Medallion/data/landing/2018-01-09/orders.parquet,2018-01-09
d79ddb434f71cfac3f5307ba5bed7fa4,2d2622ca8b7ae3317a869976c5513dc5,delivered,2018-01-09 09:33:17,2018-01-09 09:48:56,2018-01-11 19:49:45,2018-01-15 16:49:12,2018-02-02 00:00:00,2018-01-09,2018-02-02 00:00:00.000000,2026-08-27T05:17:09.287600+00:00,D:/D drive recovery/Shiva JH/Projects/OneLake Medallion/data/landing/2018-01-09/orders.parquet,2018-01-09
359015301bc32c8897957246a4b11621,73e5c7f0880be36bc46d874edce2114c,delivered,2018-01-09 18:18:35,2018-01-10 10:31:43,2018-01-11 23:22:22,2018-01-15 21:13:35,2018-01-29 00:00:00,2018-01-09,2018-01-29 00:00:00.000000,2026-08-27T05:17:09.287600+00:00,D:/D drive recovery/Shiva JH/Projects/OneLake Medallion/data/landing/2018-01-09/orders.parquet,2018-01-09
01015fb6493ea5b9ba105c80b5452da1,32f56b65a879ae7a310257eb5bf070aa,delivered,2018-01-09 21:01:41,2018-01-10 10:32:56,2018-01-12 20:43:43,2018-02-06 18:37:59,2018-01-30 00:00:00,2018-01-09,2018-02-06 18:37:59.000000,2026-08-27T05:17:09.287600+00:00,D:/D drive recovery/Shiva JH/Projects/OneLake Medallion/data/landing/2018-01-09/orders.parquet,2018-01-09
5678a93db2ffe2111a1b3224911aa1c2,ebb4decb374c24844e3068709c66fe60,delivered,2018-01-09 12:26:44,2018-01-10 10:32:45,2018-01-10 19:55:06,2018-01-25 23:52:16,2018-02-08 00:00:00,2018-01-09,2018-02-08 00:00:00.000000,2026-08-27T05:17:09.287600+00:00,D:/D drive recovery/Shiva JH/Projects/OneLake Medallion/data/landing/2018-01-09/orders.parquet,2018-01-09
12c35cf2a5171b0fb8e19d60abcb9353,96d3fe655ac136a3575eec6f7bd4d698,delivered,2018-01-21 22:39:40,2018-01-22 14:03:12,2018-01-23 13:11:53,2018-01-25 15:49:02,2018-02-06 00:00:00,2018-01-21,2018-02-06 00:00:00.000000,2026-08-27T05:17:09.287600+00:00,D:/D drive recovery/Shiva JH/Projects/OneLake Medallion/data/landing/2018-01-21/orders.parquet,2018-01-21
689338a5ff7fc20c596ee2695dfac8c3,2254b94e0f630fbf407e03563b0747c5,delivered,2018-01-21 16:34:52,2018-01-24 08:31:52,2018-01-30 01:38:31,2018-02-04 10:08:55,2018-02-14 00:00:00,2018-01-21,2018-02-14 00:00:00.000000,2026-08-27T05:17:09.287600+00:00,D:/D drive recovery/Shiva JH/Projects/OneLake Medallion/data/landing/2018-01-21/orders.parquet,2018-01-21
f2fe1323701bf698117de51d28425ee2,720dc202e6806b105beff38814dc5d7f,delivered,2018-01-21 22:41:49,2018-01-22 21:14:23,2018-01-23 23:03:08,2018-01-29 18:19:05,2018-02-16 00:00:00,2018-01-21,2018-02-16 00:00:00.000000,2026-08-27T05:17:09.287600+00:00,D:/D drive recovery/Shiva JH/Projects/OneLake Medallion/data/landing/2018-01-21/orders.parquet,2018-01-21
7897a2eebb3941ae97159cb88f65cb1c,ce30477e5bf86ecc45ad74fd8adda309,delivered,2018-01-21 21:42:20,2018-01-22 14:03:02,2018-01-31 20:54:07,2018-02-14 20:06:31,2018-02-06 00:00:00,2018-01-21,2018-02-14 20:06:31.000000,2026-08-27T05:17:09.287600+00:00,D:/D drive recovery/Shiva JH/Projects/OneLake Medallion/data/landing/2018-01-21/orders.parquet,2018-01-21
2f313baa6fdec2fc305719ee717b26a2,9ce137c8df764bc7cd046a8c155e9c73,delivered,2018-02-02 10:13:18,2018-02-02 11:15:30,2018-02-08 20:07:51,2018-03-02 23:07:33,2018-03-02 00:00:00,2018-02-02,2018-03-02 23:07:33.000000,2026-08-27T05:17:09.287600+00:00,D:/D drive recovery/Shiva JH/Projects/OneLake Medallion/data/landing/2018-02-02/orders.parquet,2018-02-02
ea8458d25568c5313d501ba2b21c68f0,897ed9ba7466250d5fbe3a8e6bc311a1,delivered,2018-02-14 14:41:04,2018-02-14 15:08:10,2018-02-15 20:37:08,2018-02-17 18:08:04,2018-03-01 00:00:00,2018-02-14,2018-03-01 00:00:00.000000,2026-08-27T05:17:09.287600+00:00,D:/D drive recovery/Shiva JH/Projects/OneLake Medallion/data/landing/2018-02-14/orders.parquet,2018-02-14
69ab938f05d407e090b2620357ad4103,72956390716211e7146aed258c16292a,delivered,2018-02-14 15:13:06,2018-02-14 15:30:37,2018-02-15 19:08:38,2018-03-19 13:48:42,2018-03-07 00:00:00,2018-02-14,2018-03-19 13:48:42.000000,2026-08-27T05:17:09.287600+00:00,D:/D drive recovery/Shiva JH/Projects/OneLake Medallion/data/landing/2018-02-14/orders.parquet,2018-02-14
14fa05104e2d0b8b2fc25c074c5740fb,bedc6fea4e51a49792c93e3a911c3e74,delivered,2018-02-14 13:43:39,2018-02-14 14:20:23,2018-02-16 20:52:18,2018-02-25 16:33:08,2018-03-09 00:00:00,2018-02-14,2018-03-09 00:00:00.000000,2026-08-27T05:17:09.287600+00:00,D:/D drive recovery/Shiva JH/Projects/OneLake Medallion/data/landing/2018-02-14/orders.parquet,2018-02-14
f280cc89e43c0261d95d1ee72a78cb8b,96146cf7e9a4b8e25cab09715434bbb1,delivered,2018-02-14 22:28:15,2018-02-16 14:29:58,2018-02-20 11:43:48,2018-03-09 14:19:26,2018-03-09 00:00:00,2018-02-14,2018-03-09 14:19:26.000000,2026-08-27T05:17:09.287600+00:00,D:/D drive recovery/Shiva JH/Projects/OneLake Medallion/data/landing/2018-02-14/orders.parquet,2018-02-14
adc82913f73b2513bb3e1d039abac600,3c1fb2f6884f14e993ff5ab479ccf09f,delivered,2018-02-14 23:50:40,2018-02-15 00:09:04,2018-02-16 01:07:45,2018-03-05 16:19:45,2018-03-08 00:00:00,2018-02-14,2018-03-08 00:00:00.000000,2026-08-27T05:17:09.287600+00:00,D:/D drive recovery/Shiva JH/Projects/OneLake Medallion/data/landing/2018-02-14/orders.parquet,2018-02-14
66f590d82872f3771232770be92a8d0d,508302a8f9d5d4bd3d29d770286549ac,delivered,2018-02-26 17:21:52,2018-02-27 05:30:56,2018-02-27 18:51:32,2018-03-05 11:17:04,2018-04-02 00:00:00,2018-02-26,2018-04-02 00:00:00.000000,2026-08-27T05:17:09.287600+00:00,D:/D drive recovery/Shiva JH/Projects/OneLake Medallion/data/landing/2018-02-26/orders.parquet,2018-02-26
eb28e3c93a2ce51b1e6a9a92b3f032bf,20a91cc566729229f1ab38edb706469a,delivered,2018-02-26 19:18:43,2018-02-26 19:30:54,2018-02-27 20:23:39,2018-02-28 12:19:56,2018-03-27 00:00:00,2018-02-26,2018-03-27 00:00:00.000000,2026-08-27T05:17:09.287600+00:00,D:/D drive recovery/Shiva JH/Projects/OneLake Medallion/data/landing/2018-02-26/orders.parquet,2018-02-26
6fb61aa0a0b7b2095b397d85d36693c5,6476f290769184b3ee9d2666d7178073,delivered,2018-02-26 10:03:54,2018-02-26 11:21:40,2018-02-28 10:42:17,2018-03-08 18:57:34,2018-03-21 00:00:00,2018-02-26,2018-03-21 00:00:00.000000,2026-08-27T05:17:09.287600+00:00,D:/D drive recovery/Shiva JH/Projects/OneLake Medallion/data/landing/2018-02-26/orders.parquet,2018-02-26
6c9931ec5709dc11de12410eb483b101,61f5442f8fb04c29cee265dfd79e847d,delivered,2018-02-26 16:53:09,2018-02-26 17:15:38,2018-02-28 20:09:23,2018-03-06 14:12:15,2018-04-03 00:00:00,2018-02-26,2018-04-03 00:00:00.000000,2026-08-27T05:17:09.287600+00:00,D:/D drive recovery/Shiva JH/Projects/OneLake Medallion/data/landing/2018-02-26/orders.parquet,2018-02-26
294bc47f2c556ebbec32a74c4811efd5,4bd474d81a0e7b62ee85040e4bb4035d,unavailable,2018-02-26 21:32:49,2018-02-26 22:08:40,,,2018-03-21 00:00:00,2018-02-26,2018-03-21 00:00:00.000000,2026-08-27T05:17:09.287600+00:00,D:/D drive recovery/Shiva JH/Projects/OneLake Medallion/data/landing/2018-02-26/orders.parquet,2018-02-26
397fc3f6922c5bc66bbb9701bd117b6d,7603f1a2c553061b4c6278c1f9165c49,delivered,2018-02-26 13:35:45,2018-02-26 13:49:44,2018-02-27 23:18:45,2018-03-08 23:58:23,2018-03-23 00:00:00,2018-02-26,2018-03-23 00:00:00.000000,2026-08-27T05:17:09.287600+00:00,D:/D drive recovery/Shiva JH/Projects/OneLake Medallion/data/landing/2018-02-26/orders.parquet,2018-02-26
ef161f48adcaeede5920308df1c280b6,5491f5b2f7ef061ae1fb0b14b0fcb434,delivered,2018-02-26 11:32:03,2018-02-26 11:55:58,2018-02-27 19:45:06,2018-03-12 15:08:44,2018-03-21 00:00:00,2018-02-26,2018-03-21 00:00:00.000000,2026-08-27T05:17:09.287600+00:00,D:/D drive recovery/Shiva JH/Projects/OneLake Medallion/data/landing/2018-02-26/orders.parquet,2018-02-26
e842dc26adcaa67fb96f4e32c2cf97cc,14c9bc09a66cbddd55e67d11119327d8,delivered,2018-02-26 13:23:24,2018-02-26 14:00:27,2018-02-27 20:24:57,2018-03-07 00:15:22,2018-03-21 00:00:00,2018-02-26,2018-03-21 00:00:00.000000,2026-08-27T05:17:09.287600+00:00,D:/D drive recovery/Shiva JH/Projects/OneLake Medallion/data/landing/2018-02-26/orders.parquet,2018-02-26
a67c02dc9c53a5bae76418bff0a534cf,e61ea22e533a289c47e88ab43d594bb8,delivered,2018-02-26 19:21:16,2018-02-27 19:15:20,2018-03-01 23:51:36,2018-03-15 20:22:30,2018-03-21 00:00:00,2018-02-26,2018-03-21 00:00:00.000000,2026-08-27T05:17:09.287600+00:00,D:/D drive recovery/Shiva JH/Projects/OneLake Medallion/data/landing/2018-02-26/orders.parquet,2018-02-26
68a6bc33c20d0ac617d2ebc6bba91b60,c324e4c55f8bf3ccec55d8c6e6c105be,delivered,2018-03-10 18:05:33,2018-03-10 18:15:25,2018-03-12 21:26:50,2018-03-22 00:03:27,2018-04-03 00:00:00,2018-03-10,2018-04-03 00:00:00.000000,2026-08-27T05:17:09.287600+00:00,D:/D drive recovery/Shiva JH/Projects/OneLake Medallion/data/landing/2018-03-10/orders.parquet,2018-03-10
3e227762960a48c16959bed012a17b30,dea629253af5c998a862ff461ff97223,delivered,2018-03-10 10:10:19,2018-03-10 10:47:47,2018-03-15 13:12:41,2018-03-17 14:12:56,2018-03-22 00:00:00,2018-03-10,2018-03-22 00:00:00.000000,2026-08-27T05:17:09.287600+00:00,D:/D drive recovery/Shiva JH/Projects/OneLake Medallion/data/landing/2018-03-10/orders.parquet,2018-03-10
d2f4bbcf8e2d36f9e13fba6a75c7269a,5839d530a9dcd7a25bae64efc272b24d,delivered,2018-03-10 20:23:49,2018-03-10 21:00:27,2018-03-13 15:56:20,2018-03-29 13:28:47,2018-03-28 00:00:00,2018-03-10,2018-03-29 13:28:47.000000,2026-08-27T05:17:09.287600+00:00,D:/D drive recovery/Shiva JH/Projects/OneLake Medallion/data/landing/2018-03-10/orders.parquet,2018-03-10
f0c53ca3e5e7561fb1ff79116340d113,63b05f55c0ba62261a42fc7a48bad9bc,delivered,2018-03-10 23:17:10,2018-03-10 23:30:22,2018-03-13 16:48:34,2018-03-21 19:16:30,2018-03-22 00:00:00,2018-03-10,2018-03-22 00:00:00.000000,2026-08-27T05:17:09.287600+00:00,D:/D drive recovery/Shiva JH/Projects/OneLake Medallion/data/landing/2018-03-10/orders.parquet,2018-03-10
76098ff18bad7555c2d85340e82b8941,edc3794d476fd4688e606229f4be94dd,delivered,2018-03-10 23:44:37,2018-03-11 00:27:54,2018-03-14 00:32:54,2018-04-08 16:08:24,2018-04-03 00:00:00,2018-03-10,2018-04-08 16:08:24.000000,2026-08-27T05:17:09.287600+00:00,D:/D drive recovery/Shiva JH/Projects/OneLake Medallion/data/landing/2018-03-10/orders.parquet,2018-03-10
0032d07457ae9c806c79368d7d9ce96b,d356c20816dc75a309628b5c17d89468,delivered,2018-03-10 18:53:06,2018-03-10 19:48:19,2018-03-13 17:16:42,2018-04-29 21:08:59,2018-04-17 00:00:00,2018-03-10,2018-04-29 21:08:59.000000,2026-08-27T05:17:09.287600+00:00,D:/D drive recovery/Shiva JH/Projects/OneLake Medallion/data/landing/2018-03-10/orders.parquet,2018-03-10
226dbf042352f0f381239e29ddcb301e,eecfb44b191df28e7ef7b263537d83fc,delivered,2018-03-22 11:40:10,2018-03-23 11:35:25,2018-03-23 23:50:50,2018-03-28 20:49:29,2018-04-17 00:00:00,2018-03-22,2018-04-17 00:00:00.000000,2026-08-27T05:17:09.287600+00:00,D:/D drive recovery/Shiva JH/Projects/OneLake Medallion/data/landing/2018-03-22/orders.parquet,2018-03-22
7421a871e3fe41d29fd7dcc9b3be5544,0c8245c152ff3c334a3e64f49f7bc33c,delivered,2018-03-22 23:34:42,2018-03-22 23:50:22,2018-03-23 18:28:55,2018-04-10 19:52:10,2018-04-17 00:00:00,2018-03-22,2018-04-17 00:00:00.000000,2026-08-27T05:17:09.287600+00:00,D:/D drive recovery/Shiva JH/Projects/OneLake Medallion/data/landing/2018-03-22/orders.parquet,2018-03-22
a3196fcf306076770911dcf50b642454,c37b71524043e5e4c9756394d4608244,delivered,2018-03-22 21:58:46,2018-03-22 22:10:46,2018-03-27 17:06:40,2018-04-03 21:48:46,2018-04-13 00:00:00,2018-03-22,2018-04-13 00:00:00.000000,2026-08-27T05:17:09.287600+00:00,D:/D drive recovery/Shiva JH/Projects/OneLake Medallion/data/landing/2018-03-22/orders.parquet,2018-03-22
895e066de0072faddf0044db8e490353,82e5f3c993ab34fe01c61b83e0bd7efc,delivered,2018-04-03 15:03:21,2018-04-04 09:48:58,2018-04-04 22:42:55,2018-04-16 20:08:25,2018-04-20 00:00:00,2018-04-03,2018-04-20 00:00:00.000000,2026-08-27T05:17:09.287600+00:00,D:/D drive recovery/Shiva JH/Projects/OneLake Medallion/data/landing/2018-04-03/orders.parquet,2018-04-03
342f80dffbb78439bbdb1d94b8ee09da,a8b55141d82d0f3be057b4afaaa97625,delivered,2018-04-03 10:51:29,2018-04-05 02:30:15,2018-04-06 00:05:16,2018-04-06 22:32:34,2018-04-19 00:00:00,2018-04-03,2018-04-19 00:00:00.000000,2026-08-27T05:17:09.287600+00:00,D:/D drive recovery/Shiva JH/Projects/OneLake Medallion/data/landing/2018-04-03/orders.parquet,2018-04-03
875e51f9d6e1c16b9c8efd34fce58b13,d79dc87e5f7e08edbda3d5a7ee57ff18,delivered,2018-04-03 20:25:44,2018-04-03 20:49:10,2018-04-09 21:14:51,2018-04-11 06:15:50,2018-04-19 00:00:00,2018-04-03,2018-04-19 00:00:00.000000,2026-08-27T05:17:09.287600+00:00,D:/D drive recovery/Shiva JH/Projects/OneLake Medallion/data/landing/2018-04-03/orders.parquet,2018-04-03
3eaf0488f419dab6c6d582b1d28ab37e,df78f7ad1361e743d3329b3eee8f5df7,delivered,2018-04-03 20:08:15,2018-04-03 20:29:09,2018-04-04 20:51:42,2018-04-30 23:24:50,2018-04-30 00:00:00,2018-04-03,2018-04-30 23:24:50.000000,2026-08-27T05:17:09.287600+00:00,D:/D drive recovery/Shiva JH/Projects/OneLake Medallion/data/landing/2018-04-03/orders.parquet,2018-04-03
3f319eb09e31aa1ea2a4079bdd655c62,29ef03ca38e7360ede99ef73e193a136,delivered,2018-04-03 22:21:12,2018-04-03 22:35:13,2018-04-05 00:18:31,2018-04-07 00:19:57,2018-04-13 00:00:00,2018-04-03,2018-04-13 00:00:00.000000,2026-08-27T05:17:09.287600+00:00,D:/D drive recovery/Shiva JH/Projects/OneLake Medallion/data/landing/2018-04-03/orders.parquet,2018-04-03
363db2084f02a7975229da39cd0ca573,7e3ecd4f189f8cd2ad16297184816cfb,delivered,2018-04-03 23:14:53,2018-04-04 23:10:15,2018-04-05 19:21:16,2018-04-09 17:38:53,2018-04-13 00:00:00,2018-04-03,2018-04-13 00:00:00.000000,2026-08-27T05:17:09.287600+00:00,D:/D drive recovery/Shiva JH/Projects/OneLake Medallion/data/landing/2018-04-03/orders.parquet,2018-04-03
ce8cdf8291104b56565b8e6c6fb62901,b02d4e88865ef9f3b86290f3b73128b3,delivered,2018-04-03 20:32:47,2018-04-03 20:49:16,2018-04-05 01:31:46,2018-04-16 15:33:20,2018-05-07 00:00:00,2018-04-03,2018-05-07 00:00:00.000000,2026-08-27T05:17:09.287600+00:00,D:/D drive recovery/Shiva JH/Projects/OneLake Medallion/data/landing/2018-04-03/orders.parquet,2018-04-03
0fec5b52f7f6c1e7b725c742a8bdf7d4,478d1ae10b5cfa37f148adccee44970a,delivered,2018-04-15 11:05:16,2018-04-17 05:50:27,2018-04-18 17:32:37,2018-04-24 17:28:52,2018-05-07 00:00:00,2018-04-15,2018-05-07 00:00:00.000000,2026-08-27T05:17:09.287600+00:00,D:/D drive recovery/Shiva JH/Projects/OneLake Medallion/data/landing/2018-04-15/orders.parquet,2018-04-15
b6fbeeba8ce77342619aa0311aff42d3,960743aba9d66c28f95d9a35155f79eb,delivered,2018-04-15 17:27:03,2018-04-15 17:50:53,2018-04-16 23:05:33,2018-05-01 17:28:44,2018-05-23 00:00:00,2018-04-15,2018-05-23 00:00:00.000000,2026-08-27T05:17:09.287600+00:00,D:/D drive recovery/Shiva JH/Projects/OneLake Medallion/data/landing/2018-04-15/orders.parquet,2018-04-15
c96fbf82fa852856858765ef154a0918,3b65668df978a114bc3d982be6ec1ecd,delivered,2018-04-15 20:46:15,2018-04-15 20:55:37,2018-04-18 03:21:49,2018-05-07 22:56:30,2018-05-08 00:00:00,2018-04-15,2018-05-08 00:00:00.000000,2026-08-27T05:17:09.287600+00:00,D:/D drive recovery/Shiva JH/Projects/OneLake Medallion/data/landing/2018-04-15/orders.parquet,2018-04-15
1c11b1c44ff1f6059f4fdf48bacf3e82,233ce0fc0c9cee5a2d1f4008f36e8fd1,delivered,2018-04-15 16:59:54,2018-04-15 17:15:11,2018-04-16 23:34:33,2018-04-17 23:28:29,2018-05-03 00:00:00,2018-04-15,2018-05-03 00:00:00.000000,2026-08-27T05:17:09.287600+00:00,D:/D drive recovery/Shiva JH/Projects/OneLake Medallion/data/landing/2018-04-15/orders.parquet,2018-04-15
d4ccce5bb74fa1b913fefb501f0d63b5,df00b2504f1669b660b7eab5c0331e9a,delivered,2018-04-15 20:07:56,2018-04-15 20:30:58,2018-04-17 14:19:14,2018-04-30 17:50:52,2018-05-21 00:00:00,2018-04-15,2018-05-21 00:00:00.000000,2026-08-27T05:17:09.287600+00:00,D:/D drive recovery/Shiva JH/Projects/OneLake Medallion/data/landing/2018-04-15/orders.parquet,2018-04-15
2b7737f7accfb9e2ee360963a202eaf3,ee46c93e6151b7c853a1fd784065695f,delivered,2018-04-15 14:27:23,2018-04-17 05:55:46,2018-04-17 17:32:33,2018-04-23 16:50:59,2018-05-15 00:00:00,2018-04-15,2018-05-15 00:00:00.000000,2026-08-27T05:17:09.287600+00:00,D:/D drive recovery/Shiva JH/Projects/OneLake Medallion/data/landing/2018-04-15/orders.parquet,2018-04-15
b5946695c1837e21323da65699b4e187,c5591b513c6105e3a30573e90938b384,delivered,2018-04-15 18:30:42,2018-04-15 18:50:58,2018-04-18 00:48:35,2018-06-08 17:25:53,2018-05-22 00:00:00,2018-04-15,2018-06-08 17:25:53.000000,2026-08-27T05:17:09.287600+00:00,D:/D drive recovery/Shiva JH/Projects/OneLake Medallion/data/landing/2018-04-15/orders.parquet,2018-04-15
1edb4efa70d2b132ba169e874a344588,e15a3239b1f0fc47edb0e438bb849eef,delivered,2018-04-27 22:31:02,2018-04-28 22:31:23,2018-04-30 14:47:00,2018-05-02 18:19:25,2018-05-11 00:00:00,2018-04-27,2018-05-11 00:00:00.000000,2026-08-27T05:17:09.287600+00:00,D:/D drive recovery/Shiva JH/Projects/OneLake Medallion/data/landing/2018-04-27/orders.parquet,2018-04-27
bcff2428bc8dfd4dc25021c9b39ac885,aac1849c00fda650e1a2bf4a80e3c64e,delivered,2018-04-27 22:45:06,2018-04-27 22:55:14,2018-04-30 09:22:00,2018-05-03 20:35:41,2018-05-11 00:00:00,2018-04-27,2018-05-11 00:00:00.000000,2026-08-27T05:17:09.287600+00:00,D:/D drive recovery/Shiva JH/Projects/OneLake Medallion/data/landing/2018-04-27/orders.parquet,2018-04-27
c4013cb5a6fe10b85e1483166d5ce1dc,c3e6321a98467a852949d20a69408381,shipped,2018-04-27 13:49:00,2018-04-28 03:11:13,2018-04-30 15:37:00,,2018-06-07 00:00:00,2018-04-27,2018-06-07 00:00:00.000000,2026-08-27T05:17:09.287600+00:00,D:/D drive recovery/Shiva JH/Projects/OneLake Medallion/data/landing/2018-04-27/orders.parquet,2018-04-27
50089a9784f34a308dc31a939b4b6b1b,354eb22ccbb405f4a2caa902444e2874,delivered,2018-04-27 23:15:14,2018-04-27 23:30:54,2018-04-30 16:40:00,2018-05-22 14:18:33,2018-05-28 00:00:00,2018-04-27,2018-05-28 00:00:00.000000,2026-08-27T05:17:09.287600+00:00,D:/D drive recovery/Shiva JH/Projects/OneLake Medallion/data/landing/2018-04-27/orders.parquet,2018-04-27
0487e06921e4ff31dd6c111294e130fa,b6973e4b6d029ac162e8f7090937eeee,delivered,2018-04-27 19:56:35,2018-05-01 05:55:17,2018-05-03 13:24:00,2018-05-04 17:08:36,2018-05-15 00:00:00,2018-04-27,2018-05-15 00:00:00.000000,2026-08-27T05:17:09.287600+00:00,D:/D drive recovery/Shiva JH/Projects/OneLake Medallion/data/landing/2018-04-27/orders.parquet,2018-04-27
a3a97bc6e236d5351537c8f466c34dad,c80bf3b981ce1e2f80110fe042e3e372,delivered,2018-05-09 15:08:44,2018-05-09 15:36:45,2018-05-15 13:47:00,2018-05-23 17:52:41,2018-05-28 00:00:00,2018-05-09,2018-05-28 00:00:00.000000,2026-08-27T05:17:09.287600+00:00,D:/D drive recovery/Shiva JH/Projects/OneLake Medallion/data/landing/2018-05-09/orders.parquet,2018-05-09
e8e4b07d5ef7b47ef02076c4e41f3cb3,7c29bb0ef87e4fa0735b694fcf30d7e0,delivered,2018-05-09 16:24:35,2018-05-09 16:57:43,2018-05-11 14:37:00,2018-05-16 20:11:30,2018-06-04 00:00:00,2018-05-09,2018-06-04 00:00:00.000000,2026-08-27T05:17:09.287600+00:00,D:/D drive recovery/Shiva JH/Projects/OneLake Medallion/data/landing/2018-05-09/orders.parquet,2018-05-09
e5cefdab54d9844f44c6d68f3611f145,abb8d12e5424bc6094f8e78adf29aaf7,delivered,2018-05-09 10:59:15,2018-05-09 11:11:40,2018-05-10 19:07:00,2018-05-11 13:26:59,2018-05-17 00:00:00,2018-05-09,2018-05-17 00:00:00.000000,2026-08-27T05:17:09.287600+00:00,D:/D drive recovery/Shiva JH/Projects/OneLake Medallion/data/landing/2018-05-09/orders.parquet,2018-05-09
c4b9744b03d4c89b98b6847ef0b04321,31c2345fa645f9d5850497c8eb4491aa,delivered,2018-05-09 09:24:42,2018-05-09 09:35:27,2018-05-09 13:41:00,2018-05-14 22:04:51,2018-06-07 00:00:00,2018-05-09,2018-06-07 00:00:00.000000,2026-08-27T05:17:09.287600+00:00,D:/D drive recovery/Shiva JH/Projects/OneLake Medallion/data/landing/2018-05-09/orders.parquet,2018-05-09
6aee55e0d891d50d5235891f90c938c8,135ed82d00d601dd15e861f2bf1deb93,delivered,2018-05-09 16:37:39,2018-05-10 03:49:54,2018-05-10 15:51:00,2018-05-11 22:42:59,2018-05-21 00:00:00,2018-05-09,2018-05-21 00:00:00.000000,2026-08-27T05:17:09.287600+00:00,D:/D drive recovery/Shiva JH/Projects/OneLake Medallion/data/landing/2018-05-09/orders.parquet,2018-05-09
31757b95c65bd61af1af6d30103b64cf,b27076fa2b6253d80d3e3cfc6b4427ca,delivered,2018-05-09 14:09:43,2018-05-09 14:30:51,2018-05-11 14:21:00,2018-05-22 16:54:36,2018-05-29 00:00:00,2018-05-09,2018-05-29 00:00:00.000000,2026-08-27T05:17:09.287600+00:00,D:/D drive recovery/Shiva JH/Projects/OneLake Medallion/data/landing/2018-05-09/orders.parquet,2018-05-09
6a89044b7b034fd457b29972e9c1de95,4400679c606139e9ad92327a57b51dc8,delivered,2018-05-09 18:29:29,2018-05-09 18:54:13,2018-05-10 13:16:00,2018-05-16 17:03:32,2018-06-13 00:00:00,2018-05-09,2018-06-13 00:00:00.000000,2026-08-27T05:17:09.287600+00:00,D:/D drive recovery/Shiva JH/Projects/OneLake Medallion/data/landing/2018-05-09/orders.parquet,2018-05-09
fe522211f91ead8530eaf08d45cdbe7e,7b438557d2ea3b0746790626ffa80854,delivered,2018-05-09 14:33:42,2018-05-10 14:32:44,2018-05-11 15:03:00,2018-05-21 22:09:37,2018-06-04 00:00:00,2018-05-09,2018-06-04 00:00:00.000000,2026-08-27T05:17:09.287600+00:00,D:/D drive recovery/Shiva JH/Projects/OneLake Medallion/data/landing/2018-05-09/orders.parquet,2018-05-09
920660e6627be7877e8f70d72c8e398e,e3f2ac0537ae2216c0a6014c8d1745f0,delivered,2018-05-09 13:50:47,2018-05-09 14:15:08,2018-05-10 15:15:00,2018-05-16 12:18:49,2018-05-28 00:00:00,2018-05-09,2018-05-28 00:00:00.000000,2026-08-27T05:17:09.287600+00:00,D:/D drive recovery/Shiva JH/Projects/OneLake Medallion/data/landing/2018-05-09/orders.parquet,2018-05-09
25273b22ff54701a1030f32669e15d07,c11b85dfef946e03d1acac20a11ae5b6,shipped,2018-05-09 22:09:46,2018-05-09 22:32:07,2018-05-10 11:31:00,,2018-06-01 00:00:00,2018-05-09,2018-06-01 00:00:00.000000,2026-08-27T05:17:09.287600+00:00,D:/D drive recovery/Shiva JH/Projects/OneLake Medallion/data/landing/2018-05-09/orders.parquet,2018-05-09
cbcd88d04afac8b9bfc8e6d7a7f6e491,91b4af9b2ac8383791cbdd789c95383b,delivered,2018-05-09 10:43:39,2018-05-11 03:37:38,2018-05-11 18:17:00,2018-05-14 16:08:52,2018-05-17 00:00:00,2018-05-09,2018-05-17 00:00:00.000000,2026-08-27T05:17:09.287600+00:00,D:/D drive recovery/Shiva JH/Projects/OneLake Medallion/data/landing/2018-05-09/orders.parquet,2018-05-09
bcdbb3b243d4e882503b919785e2343f,4146dd1b456444cd54142b5a7c4b9405,delivered,2018-05-21 13:16:36,2018-05-22 09:36:26,2018-05-22 12:23:00,2018-05-28 16:38:45,2018-06-13 00:00:00,2018-05-21,2018-06-13 00:00:00.000000,2026-08-27T05:17:09.287600+00:00,D:/D drive recovery/Shiva JH/Projects/OneLake Medallion/data/landing/2018-05-21/orders.parquet,2018-05-21
699ff12900168a9020bb2487be684cc0,94ee7783d2f05e72a85fe65e13e96c9c,delivered,2018-05-21 11:59:02,2018-05-22 09:36:50,2018-05-23 13:37:00,2018-06-01 18:56:34,2018-06-19 00:00:00,2018-05-21,2018-06-19 00:00:00.000000,2026-08-27T05:17:09.287600+00:00,D:/D drive recovery/Shiva JH/Projects/OneLake Medallion/data/landing/2018-05-21/orders.parquet,2018-05-21
4b78a3c3971b83606a959d5c98208c66,fe3a04d82937a1d7343249c13322e99c,delivered,2018-05-21 15:22:00,2018-05-22 09:15:34,2018-05-24 14:47:00,2018-05-25 22:46:46,2018-05-30 00:00:00,2018-05-21,2018-05-30 00:00:00.000000,2026-08-27T05:17:09.287600+00:00,D:/D drive recovery/Shiva JH/Projects/OneLake Medallion/data/landing/2018-05-21/orders.parquet,2018-05-21
d8da851ab137ba5e72352b665d2ea6e8,cba7ef1db31a62fea445eea562f921ee,delivered,2018-05-21 23:50:13,2018-05-22 03:15:27,2018-05-23 12:55:00,2018-05-24 20:31:49,2018-05-29 00:00:00,2018-05-21,2018-05-29 00:00:00.000000,2026-08-27T05:17:09.287600+00:00,D:/D drive recovery/Shiva JH/Projects/OneLake Medallion/data/landing/2018-05-21/orders.parquet,2018-05-21
270876310226d967a79f278abd5eebdb,8aed2b9a0c5e28b55b9c3a70755f9915,delivered,2018-05-21 16:13:52,2018-05-21 17:17:57,2018-05-22 16:24:00,2018-06-04 18:34:43,2018-06-05 00:00:00,2018-05-21,2018-06-05 00:00:00.000000,2026-08-27T05:17:09.287600+00:00,D:/D drive recovery/Shiva JH/Projects/OneLake Medallion/data/landing/2018-05-21/orders.parquet,2018-05-21
74003ffbdb30d86975836aa572b73fea,dc78d55133530e19155ad697d960e9df,delivered,2018-05-21 11:18:44,2018-05-21 15:32:03,2018-05-22 16:03:00,2018-06-05 19:04:15,2018-06-06 00:00:00,2018-05-21,2018-06-06 00:00:00.000000,2026-08-27T05:17:09.287600+00:00,D:/D drive recovery/Shiva JH/Projects/OneLake Medallion/data/landing/2018-05-21/orders.parquet,2018-05-21
68ba0b1bfcbf8d877ba255499b0853cb,603583f5202f4702d8d3b5449c17b420,delivered,2018-05-21 10:49:37,2018-05-21 15:32:09,2018-05-22 14:15:00,2018-06-04 16:43:27,2018-06-08 00:00:00,2018-05-21,2018-06-08 00:00:00.000000,2026-08-27T05:17:09.287600+00:00,D:/D drive recovery/Shiva JH/Projects/OneLake Medallion/data/landing/2018-05-21/orders.parquet,2018-05-21
aca32a744ead78cb64a902170bf3147e,147d57c32f7addc4a7d0f123e7cc9c16,delivered,2018-05-21 11:49:15,2018-05-21 15:12:17,2018-05-25 14:45:00,2018-06-02 10:03:46,2018-06-12 00:00:00,2018-05-21,2018-06-12 00:00:00.000000,2026-08-27T05:17:09.287600+00:00,D:/D drive recovery/Shiva JH/Projects/OneLake Medallion/data/landing/2018-05-21/orders.parquet,2018-05-21
874eef9a84653f570656bdb0f8519151,c59929869ce404450d73c9a018c3d3a8,delivered,2018-06-02 19:04:54,2018-06-02 19:15:17,2018-06-04 14:14:00,2018-06-12 19:36:30,2018-07-12 00:00:00,2018-06-02,2018-07-12 00:00:00.000000,2026-08-27T05:17:09.287600+00:00,D:/D drive recovery/Shiva JH/Projects/OneLake Medallion/data/landing/2018-06-02/orders.parquet,2018-06-02
633ab17bf4665666fdef150a01469e84,fcc823f0ae4f596e54cd461c145dfd5d,delivered,2018-06-02 13:53:43,2018-06-03 13:51:21,2018-06-04 14:17:00,2018-06-19 17:54:36,2018-07-17 00:00:00,2018-06-02,2018-07-17 00:00:00.000000,2026-08-27T05:17:09.287600+00:00,D:/D drive recovery/Shiva JH/Projects/OneLake Medallion/data/landing/2018-06-02/orders.parquet,2018-06-02
fe8522d905daf1e2c69dd128d7e0f81b,f086f149136df0f183212ccea216a2ac,delivered,2018-06-02 13:16:37,2018-06-02 13:32:18,2018-06-13 15:19:00,2018-06-15 19:48:41,2018-06-21 00:00:00,2018-06-02,2018-06-21 00:00:00.000000,2026-08-27T05:17:09.287600+00:00,D:/D drive recovery/Shiva JH/Projects/OneLake Medallion/data/landing/2018-06-02/orders.parquet,2018-06-02
1630676be03651738ab38bdd77ce6e67,446a6279fe5b28577077ebcc18daee62,delivered,2018-06-02 21:48:38,2018-06-02 22:11:36,2018-06-04 15:15:00,2018-06-07 17:12:20,2018-07-05 00:00:00,2018-06-02,2018-07-05 00:00:00.000000,2026-08-27T05:17:09.287600+00:00,D:/D drive recovery/Shiva JH/Projects/OneLake Medallion/data/landing/2018-06-02/orders.parquet,2018-06-02
7c204785100c09c72acb28ef9a1f2fe2,d8997170c547894068db41c30a3c574c,delivered,2018-06-14 10:45:17,2018-06-14 11:01:45,2018-06-20 17:36:00,2018-06-21 19:26:31,2018-07-04 00:00:00,2018-06-14,2018-07-04 00:00:00.000000,2026-08-27T05:17:09.287600+00:00,D:/D drive recovery/Shiva JH/Projects/OneLake Medallion/data/landing/2018-06-14/orders.parquet,2018-06-14
2f781724d497e0d63c12e8ece70977e1,47fc0b3e8d22c830d7c4f425fa819eb2,delivered,2018-06-14 21:22:06,2018-06-15 02:17:25,2018-06-15 13:37:00,2018-06-18 21:24:40,2018-06-26 00:00:00,2018-06-14,2018-06-26 00:00:00.000000,2026-08-27T05:17:09.287600+00:00,D:/D drive recovery/Shiva JH/Projects/OneLake Medallion/data/landing/2018-06-14/orders.parquet,2018-06-14
a40874087359fab9b2c8a3aef56a97ad,fe7a382e927d463140a35b00a4ee7c70,delivered,2018-06-14 17:31:48,2018-06-14 18:18:35,2018-06-15 14:52:00,2018-06-21 12:18:41,2018-07-04 00:00:00,2018-06-14,2018-07-04 00:00:00.000000,2026-08-27T05:17:09.287600+00:00,D:/D drive recovery/Shiva JH/Projects/OneLake Medallion/data/landing/2018-06-14/orders.parquet,2018-06-14
84a5898c018be5c7ee3e45969708ebbe,a280ef36b320f176238aca454824fd91,delivered,2018-06-14 13:39:00,2018-06-15 02:17:29,2018-06-15 17:25:00,2018-06-21 17:18:58,2018-07-16 00:00:00,2018-06-14,2018-07-16 00:00:00.000000,2026-08-27T05:17:09.287600+00:00,D:/D drive recovery/Shiva JH/Projects/OneLake Medallion/data/landing/2018-06-14/orders.parquet,2018-06-14
c1c06053c21d197688b79b2dddbc0560,04cb9ac4f7e8601eca04db769d91d5aa,delivered,2018-06-14 00:23:48,2018-06-14 00:40:06,2018-06-14 14:08:00,2018-07-04 22:27:50,2018-07-20 00:00:00,2018-06-14,2018-07-20 00:00:00.000000,2026-08-27T05:17:09.287600+00:00,D:/D drive recovery/Shiva JH/Projects/OneLake Medallion/data/landing/2018-06-14/orders.parquet,2018-06-14
f57b72afcc4b452e33507898aa140ff5,a8a66bbda1336f0cb78c99853cac7b4c,delivered,2018-06-26 13:38:55,2018-06-26 13:56:23,2018-06-28 15:50:00,2018-07-09 13:16:36,2018-07-17 00:00:00,2018-06-26,2018-07-17 00:00:00.000000,2026-08-27T05:17:09.287600+00:00,D:/D drive recovery/Shiva JH/Projects/OneLake Medallion/data/landing/2018-06-26/orders.parquet,2018-06-26
621be24850f6edd2e8dbd75a0f19668a,06be66243346e59b86a04d25496b19e3,delivered,2018-06-26 14:45:11,2018-06-26 15:15:55,2018-06-26 15:42:00,2018-06-30 18:43:26,2018-07-31 00:00:00,2018-06-26,2018-07-31 00:00:00.000000,2026-08-27T05:17:09.287600+00:00,D:/D drive recovery/Shiva JH/Projects/OneLake Medallion/data/landing/2018-06-26/orders.parquet,2018-06-26
ccfe85ff3893b9efe8d101891fdd40ee,16a30ce5e482ed5a947eca6f6b33c962,delivered,2018-06-26 16:11:26,2018-06-27 17:10:37,2018-06-28 11:57:00,2018-07-03 16:37:09,2018-07-30 00:00:00,2018-06-26,2018-07-30 00:00:00.000000,2026-08-27T05:17:09.287600+00:00,D:/D drive recovery/Shiva JH/Projects/OneLake Medallion/data/landing/2018-06-26/orders.parquet,2018-06-26
7dba3fad5219968d9c9d8e03aa43bb35,8c83eead8d1d109caebbbe3347f82326,delivered,2018-06-26 17:08:43,2018-06-26 17:35:43,2018-06-28 12:08:00,2018-07-03 17:56:55,2018-07-20 00:00:00,2018-06-26,2018-07-20 00:00:00.000000,2026-08-27T05:17:09.287600+00:00,D:/D drive recovery/Shiva JH/Projects/OneLake Medallion/data/landing/2018-06-26/orders.parquet,2018-06-26
98efb98b2ba4d80a561ae49d4525ccac,e7b93896bfa38f23efa4770778f5e4a0,delivered,2018-06-26 18:08:53,2018-06-26 18:43:31,2018-06-28 12:11:00,2018-06-29 17:03:21,2018-07-12 00:00:00,2018-06-26,2018-07-12 00:00:00.000000,2026-08-27T05:17:09.287600+00:00,D:/D drive recovery/Shiva JH/Projects/OneLake Medallion/data/landing/2018-06-26/orders.parquet,2018-06-26
1905071c46575209972c8c3e9e8d2ee8,3271c91ee3873786dc0a28df6b56702c,delivered,2018-06-26 22:12:43,2018-06-26 22:47:45,2018-06-28 14:07:00,2018-07-02 19:34:51,2018-07-19 00:00:00,2018-06-26,2018-07-19 00:00:00.000000,2026-08-27T05:17:09.287600+00:00,D:/D drive recovery/Shiva JH/Projects/OneLake Medallion/data/landing/2018-06-26/orders.parquet,2018-06-26
a4425e2bccba621150a07a685cf063be,d436890d44092b00fcfcbdd7a168c240,delivered,2018-06-26 14:27:52,2018-06-26 14:57:15,2018-06-27 11:31:00,2018-06-29 16:18:52,2018-07-18 00:00:00,2018-06-26,2018-07-18 00:00:00.000000,2026-08-27T05:17:09.287600+00:00,D:/D drive recovery/Shiva JH/Projects/OneLake Medallion/data/landing/2018-06-26/orders.parquet,2018-06-26
c46b48abd599551232324a6e9077bf19,f760b83264231599706a6e4df91fd137,delivered,2016-10-05 11:01:40,2016-10-06 15:49:47,2016-10-10 15:49:48,2016-10-13 15:49:48,2016-12-05 00:00:00,2016-10-05,2016-12-05 00:00:00.000000,2026-08-27T05:17:09.287600+00:00,D:/D drive recovery/Shiva JH/Projects/OneLake Medallion/data/landing/2016-10-05/orders.parquet,2016-10-05
ec63c198f700051fb0a74c40a757af0e,a1ebf55f38ab9ffa56b94b524a291c6f,delivered,2017-01-21 14:00:52,2017-01-21 14:10:17,2017-01-23 15:04:00,2017-01-31 14:56:08,2017-03-02 00:00:00,2017-01-21,2017-03-02 00:00:00.000000,2026-08-27T05:17:09.287600+00:00,D:/D drive recovery/Shiva JH/Projects/OneLake Medallion/data/landing/2017-01-21/orders.parquet,2017-01-21
c13f61a17915a48e0741b02a6b7a3fe8,867ac9a8fc8fc9611ab69114e719457a,delivered,2017-01-21 15:01:29,2017-01-26 20:05:09,2017-01-27 15:23:18,2017-02-02 12:22:00,2017-02-21 00:00:00,2017-01-21,2017-02-21 00:00:00.000000,2026-08-27T05:17:09.287600+00:00,D:/D drive recovery/Shiva JH/Projects/OneLake Medallion/data/landing/2017-01-21/orders.parquet,2017-01-21
d4d52a6470ea8a7ee5d1fba74508bf15,3e0806f0201dbf64cf2c8f6a6422ef38,delivered,2017-02-02 11:42:50,2017-02-02 12:13:55,2017-02-03 16:39:13,2017-02-13 12:14:59,2017-03-01 00:00:00,2017-02-02,2017-03-01 00:00:00.000000,2026-08-27T05:17:09.287600+00:00,D:/D drive recovery/Shiva JH/Projects/OneLake Medallion/data/landing/2017-02-02/orders.parquet,2017-02-02
1282867904225d219a5ec3f1251a5fce,4bbec098a5c18023d10e1c2b6beb261d,delivered,2017-02-02 19:17:18,2017-02-04 02:25:15,2017-02-13 07:43:56,2017-02-20 15:07:56,2017-03-09 00:00:00,2017-02-02,2017-03-09 00:00:00.000000,2026-08-27T05:17:09.287600+00:00,D:/D drive recovery/Shiva JH/Projects/OneLake Medallion/data/landing/2017-02-02/orders.parquet,2017-02-02
530e59f0f148ec0029b49a2cbc1ce2ce,af350704fe4d751c68a13bc1b3f7c67a,delivered,2017-02-14 20:57:52,2017-02-14 21:10:10,2017-02-15 16:15:29,2017-02-17 13:42:06,2017-03-13 00:00:00,2017-02-14,2017-03-13 00:00:00.000000,2026-08-27T05:17:09.287600+00:00,D:/D drive recovery/Shiva JH/Projects/OneLake Medallion/data/landing/2017-02-14/orders.parquet,2017-02-14
e706d614326b76f48f24d82f86c0b2ed,6fd87c3e71f1826c38e560951b6f459c,delivered,2017-02-14 18:12:12,2017-02-14 18:25:13,2017-02-17 14:18:53,2017-03-03 14:03:32,2017-03-23 00:00:00,2017-02-14,2017-03-23 00:00:00.000000,2026-08-27T05:17:09.287600+00:00,D:/D drive recovery/Shiva JH/Projects/OneLake Medallion/data/landing/2017-02-14/orders.parquet,2017-02-14
4537fa33050632b53247df7983dddff3,8a67b0ac7c48474af658fc58e55840b6,delivered,2017-02-26 23:33:43,2017-02-26 23:45:12,2017-03-01 10:52:25,2017-03-15 14:32:54,2017-03-29 00:00:00,2017-02-26,2017-03-29 00:00:00.000000,2026-08-27T05:17:09.287600+00:00,D:/D drive recovery/Shiva JH/Projects/OneLake Medallion/data/landing/2017-02-26/orders.parquet,2017-02-26
7cc694b62dcc67d5cf680cb035f217c9,b9340d29c2e363171c17c2b7704a09d6,delivered,2017-03-10 10:36:26,2017-03-10 10:36:26,2017-03-14 12:52:18,2017-03-23 16:08:03,2017-04-04 00:00:00,2017-03-10,2017-04-04 00:00:00.000000,2026-08-27T05:17:09.287600+00:00,D:/D drive recovery/Shiva JH/Projects/OneLake Medallion/data/landing/2017-03-10/orders.parquet,2017-03-10
94bc8ddcff97b273c27ce96992e0425d,dd606722b1d47306f006d765d17501ae,delivered,2017-03-10 09:50:27,2017-03-10 09:50:27,2017-03-17 14:16:09,2017-03-31 14:05:31,2017-03-31 00:00:00,2017-03-10,2017-03-31 14:05:31.000000,2026-08-27T05:17:09.287600+00:00,D:/D drive recovery/Shiva JH/Projects/OneLake Medallion/data/landing/2017-03-10/orders.parquet,2017-03-10
dad4cbac8f3bc660ef43f4b4d75260c8,0dcd628efce6f206be874c88dd0cc92b,delivered,2017-03-22 14:59:15,2017-03-22 14:59:15,2017-03-27 11:12:57,2017-03-30 12:27:46,2017-04-17 00:00:00,2017-03-22,2017-04-17 00:00:00.000000,2026-08-27T05:17:09.287600+00:00,D:/D drive recovery/Shiva JH/Projects/OneLake Medallion/data/landing/2017-03-22/orders.parquet,2017-03-22
c7b627d407eee2ec488c07e03e2b8c16,59d0d3ad82b0291c4b095f20cb00569c,delivered,2017-03-22 09:07:17,2017-03-22 09:07:17,2017-03-22 11:23:31,2017-03-29 14:12:41,2017-04-17 00:00:00,2017-03-22,2017-04-17 00:00:00.000000,2026-08-27T05:17:09.287600+00:00,D:/D drive recovery/Shiva JH/Projects/OneLake Medallion/data/landing/2017-03-22/orders.parquet,2017-03-22
81939d40c8467167b0946455d61ca8a7,282e51b682bb8fb8064457522df17882,delivered,2017-04-03 15:58:35,2017-04-03 16:05:25,2017-04-06 10:47:48,2017-04-20 13:27:01,2017-04-27 00:00:00,2017-04-03,2017-04-27 00:00:00.000000,2026-08-27T05:17:09.287600+00:00,D:/D drive recovery/Shiva JH/Projects/OneLake Medallion/data/landing/2017-04-03/orders.parquet,2017-04-03
fa28bd97430eae2d2b4f9441a25749c1,0134ab2fb213ed322c3ae3b0e051582f,delivered,2017-04-15 03:21:22,2017-04-18 04:32:18,2017-04-18 15:56:06,2017-04-20 08:14:22,2017-05-17 00:00:00,2017-04-15,2017-05-17 00:00:00.000000,2026-08-27T05:17:09.287600+00:00,D:/D drive recovery/Shiva JH/Projects/OneLake Medallion/data/landing/2017-04-15/orders.parquet,2017-04-15
10c8dc196ef9940faeef9fb9e6790abd,4ef3af4d34d588d21fa7570c6a08feea,delivered,2017-04-15 15:52:08,2017-04-15 16:05:19,2017-04-18 15:44:23,2017-04-26 10:38:32,2017-05-11 00:00:00,2017-04-15,2017-05-11 00:00:00.000000,2026-08-27T05:17:09.287600+00:00,D:/D drive recovery/Shiva JH/Projects/OneLake Medallion/data/landing/2017-04-15/orders.parquet,2017-04-15
31aac8ab69f5fdbc7c0ae9b6e1beee30,25830ba171e2e612b4f7dc8d2df58308,delivered,2017-04-27 15:54:24,2017-04-28 11:46:43,2017-04-28 11:21:52,2017-05-05 15:24:47,2017-06-02 00:00:00,2017-04-27,2017-06-02 00:00:00.000000,2026-08-27T05:17:09.287600+00:00,D:/D drive recovery/Shiva JH/Projects/OneLake Medallion/data/landing/2017-04-27/orders.parquet,2017-04-27
d3af2af4c9e5b37fbf3379cfd6d45b01,f5ef1d61f9b1189ae6575725718fe8b1,delivered,2017-05-09 20:50:26,2017-05-09 21:02:49,2017-05-17 11:07:55,2017-05-18 08:59:51,2017-05-17 00:00:00,2017-05-09,2017-05-18 08:59:51.000000,2026-08-27T05:17:09.287600+00:00,D:/D drive recovery/Shiva JH/Projects/OneLake Medallion/data/landing/2017-05-09/orders.parquet,2017-05-09
7200817edfaf24464cd06cc29bc40827,04e162861bf15f48b99ebcb1fbeedeef,delivered,2017-05-09 09:49:49,2017-05-10 02:50:34,2017-05-12 12:37:33,2017-05-17 14:44:54,2017-06-01 00:00:00,2017-05-09,2017-06-01 00:00:00.000000,2026-08-27T05:17:09.287600+00:00,D:/D drive recovery/Shiva JH/Projects/OneLake Medallion/data/landing/2017-05-09/orders.parquet,2017-05-09
ad6e2d7ca4c63441edb8d4ca6d5c2b21,dc381fd6cdba3fb87094ccaa10e6fe00,delivered,2017-05-21 20:31:43,2017-05-21 20:45:12,2017-05-22 10:03:00,2017-05-26 10:58:03,2017-06-13 00:00:00,2017-05-21,2017-06-13 00:00:00.000000,2026-08-27T05:17:09.287600+00:00,D:/D drive recovery/Shiva JH/Projects/OneLake Medallion/data/landing/2017-05-21/orders.parquet,2017-05-21
1dcb1b82de3a13d219b6c84a8ca45b8c,05361832ee98653ec08e7370c4cccfd8,delivered,2017-05-21 19:14:44,2017-05-23 04:15:27,2017-05-24 09:29:54,2017-06-01 17:07:58,2017-06-20 00:00:00,2017-05-21,2017-06-20 00:00:00.000000,2026-08-27T05:17:09.287600+00:00,D:/D drive recovery/Shiva JH/Projects/OneLake Medallion/data/landing/2017-05-21/orders.parquet,2017-05-21
2699d27682691fa4f6be5cfde364a833,892d34f72485fd31f213fd0786900a3f,delivered,2017-05-21 07:59:40,2017-05-21 09:31:47,2017-05-26 09:58:28,2017-06-03 07:38:53,2017-06-19 00:00:00,2017-05-21,2017-06-19 00:00:00.000000,2026-08-27T05:17:09.287600+00:00,D:/D drive recovery/Shiva JH/Projects/OneLake Medallion/data/landing/2017-05-21/orders.parquet,2017-05-21
0bcaff63441802dfa8dd292f453c3635,92b3ed4e56744717c53f21d894fe1169,delivered,2017-06-02 10:45:30,2017-06-02 10:55:21,2017-06-07 14:41:10,2017-06-14 17:17:45,2017-06-27 00:00:00,2017-06-02,2017-06-27 00:00:00.000000,2026-08-27T05:17:09.287600+00:00,D:/D drive recovery/Shiva JH/Projects/OneLake Medallion/data/landing/2017-06-02/orders.parquet,2017-06-02
34b04c30d0f21489e3871bb9083582f6,24bffa8e3281713f3aeb4eb619bf0002,delivered,2017-06-14 20:22:18,2017-06-14 20:36:11,2017-06-19 08:12:09,2017-06-19 19:36:03,2017-06-29 00:00:00,2017-06-14,2017-06-29 00:00:00.000000,2026-08-27T05:17:09.287600+00:00,D:/D drive recovery/Shiva JH/Projects/OneLake Medallion/data/landing/2017-06-14/orders.parquet,2017-06-14
c8eab0ccabe8cdfc2afce66c1c554ae2,2339ab3abbeebe72f2782a01c87a9bc0,delivered,2017-06-14 08:52:48,2017-06-14 09:10:10,2017-06-16 09:26:27,2017-06-21 16:38:56,2017-07-11 00:00:00,2017-06-14,2017-07-11 00:00:00.000000,2026-08-27T05:17:09.287600+00:00,D:/D drive recovery/Shiva JH/Projects/OneLake Medallion/data/landing/2017-06-14/orders.parquet,2017-06-14
6312fe819ee5e06c67b72c308c97ae91,7c4cd69b5fb88ae038d4ad34a4c7af92,delivered,2017-06-14 10:18:36,2017-06-14 12:15:33,2017-06-21 09:58:09,2017-06-30 13:29:46,2017-07-07 00:00:00,2017-06-14,2017-07-07 00:00:00.000000,2026-08-27T05:17:09.287600+00:00,D:/D drive recovery/Shiva JH/Projects/OneLake Medallion/data/landing/2017-06-14/orders.parquet,2017-06-14
0c228f37770f365a3d0e1f7493595e09,cd00039f779735fae733fbefe4aaabbe,delivered,2017-06-14 17:06:33,2017-06-15 03:10:24,2017-06-20 09:59:43,2017-06-27 15:44:36,2017-07-26 00:00:00,2017-06-14,2017-07-26 00:00:00.000000,2026-08-27T05:17:09.287600+00:00,D:/D drive recovery/Shiva JH/Projects/OneLake Medallion/data/landing/2017-06-14/orders.parquet,2017-06-14
b8f82235baaa1a837797d86544239b5c,b7cc3569a50fb870096a1cefb406ffe6,delivered,2017-06-14 11:28:53,2017-06-14 11:42:54,2017-06-22 11:03:03,2017-07-03 16:56:44,2017-07-26 00:00:00,2017-06-14,2017-07-26 00:00:00.000000,2026-08-27T05:17:09.287600+00:00,D:/D drive recovery/Shiva JH/Projects/OneLake Medallion/data/landing/2017-06-14/orders.parquet,2017-06-14
d78c16f09da03410837a551a09a4bf64,769d7a51a66e6f2d5922615f71b3a558,delivered,2017-06-26 11:44:18,2017-06-26 11:55:24,2017-07-10 19:53:35,2017-07-18 00:32:04,2017-07-18 00:00:00,2017-06-26,2017-07-18 00:32:04.000000,2026-08-27T05:17:09.287600+00:00,D:/D drive recovery/Shiva JH/Projects/OneLake Medallion/data/landing/2017-06-26/orders.parquet,2017-06-26
3b217ebe4d179dfb38b00c9047569dd9,3936d43a9f6abb98e86943c6c7e5de2b,delivered,2017-06-26 12:41:29,2017-06-28 02:25:26,2017-06-29 10:55:54,2017-07-05 12:51:48,2017-07-21 00:00:00,2017-06-26,2017-07-21 00:00:00.000000,2026-08-27T05:17:09.287600+00:00,D:/D drive recovery/Shiva JH/Projects/OneLake Medallion/data/landing/2017-06-26/orders.parquet,2017-06-26
7762cd5ec1084b412956b01811bc553c,cc516792309320513ad2b67a0c0447de,delivered,2017-06-26 14:25:00,2017-06-26 14:43:35,2017-06-27 16:54:15,2017-07-06 16:58:01,2017-07-25 00:00:00,2017-06-26,2017-07-25 00:00:00.000000,2026-08-27T05:17:09.287600+00:00,D:/D drive recovery/Shiva JH/Projects/OneLake Medallion/data/landing/2017-06-26/orders.parquet,2017-06-26
92c10d3fad01ec9df6ccf1fc0461ac60,b9a308c259d1ef624e6839499bad0762,delivered,2017-06-26 15:15:57,2017-06-26 15:25:23,2017-06-30 16:47:56,2017-07-11 16:17:56,2017-07-18 00:00:00,2017-06-26,2017-07-18 00:00:00.000000,2026-08-27T05:17:09.287600+00:00,D:/D drive recovery/Shiva JH/Projects/OneLake Medallion/data/landing/2017-06-26/orders.parquet,2017-06-26
29354cb2b4aa066762853d685a2b224d,99d7e99012dd19810914beb36a28d97b,delivered,2017-07-08 16:25:31,2017-07-08 16:35:12,2017-07-11 15:34:18,2017-07-24 22:18:49,2017-08-01 00:00:00,2017-07-08,2017-08-01 00:00:00.000000,2026-08-27T05:17:09.287600+00:00,D:/D drive recovery/Shiva JH/Projects/OneLake Medallion/data/landing/2017-07-08/orders.parquet,2017-07-08
0203892ed7a2b76401830f4b82a5a34c,b32b53ffb964ca001a0e4daca0b4a343,delivered,2017-07-08 20:26:08,2017-07-08 20:35:16,2017-07-10 12:47:55,2017-07-11 19:21:58,2017-07-21 00:00:00,2017-07-08,2017-07-21 00:00:00.000000,2026-08-27T05:17:09.287600+00:00,D:/D drive recovery/Shiva JH/Projects/OneLake Medallion/data/landing/2017-07-08/orders.parquet,2017-07-08
5664fde64525f1c1c6a8ef23aa35dc22,e8520f962df6b697d83e26d9d0307ba3,delivered,2017-07-08 11:40:20,2017-07-08 11:50:17,2017-07-10 20:27:28,2017-07-15 13:41:07,2017-08-03 00:00:00,2017-07-08,2017-08-03 00:00:00.000000,2026-08-27T05:17:09.287600+00:00,D:/D drive recovery/Shiva JH/Projects/OneLake Medallion/data/landing/2017-07-08/orders.parquet,2017-07-08
453d23c01dc7a572130a7bd307202429,c0cd13bc1cd404a4e41e887662df7821,delivered,2017-07-20 14:56:52,2017-07-22 02:25:17,2017-07-24 15:03:11,2017-08-08 18:07:47,2017-08-23 00:00:00,2017-07-20,2017-08-23 00:00:00.000000,2026-08-27T05:17:09.287600+00:00,D:/D drive recovery/Shiva JH/Projects/OneLake Medallion/data/landing/2017-07-20/orders.parquet,2017-07-20
ae8978d20234f0da191a909faba05574,c3ff12f28cbe59029c7100a1f9d5ae44,delivered,2017-07-20 18:01:45,2017-07-20 18:10:13,2017-07-21 18:56:59,2017-07-27 18:27:38,2017-08-02 00:00:00,2017-07-20,2017-08-02 00:00:00.000000,2026-08-27T05:17:09.287600+00:00,D:/D drive recovery/Shiva JH/Projects/OneLake Medallion/data/landing/2017-07-20/orders.parquet,2017-07-20
a129b99db0bdcd92c62d71279de0670c,ddaf99fadc527b65ba3440a404754758,delivered,2017-07-20 15:25:14,2017-07-22 02:25:32,2017-07-27 19:06:49,2017-08-05 13:49:53,2017-08-22 00:00:00,2017-07-20,2017-08-22 00:00:00.000000,2026-08-27T05:17:09.287600+00:00,D:/D drive recovery/Shiva JH/Projects/OneLake Medallion/data/landing/2017-07-20/orders.parquet,2017-07-20
fc24b77521e400e8290a902026efcc85,66cc929741c3d1d277e05b4540bf9a8c,delivered,2017-08-01 15:14:40,2017-08-01 15:35:30,2017-08-04 19:49:40,2017-08-07 21:15:05,2017-08-23 00:00:00,2017-08-01,2017-08-23 00:00:00.000000,2026-08-27T05:17:09.287600+00:00,D:/D drive recovery/Shiva JH/Projects/OneLake Medallion/data/landing/2017-08-01/orders.parquet,2017-08-01
58293f63cf0304768ab4811c0f4dbe17,8b0be9bfc47dd1771ba01b85951aa770,delivered,2017-08-01 21:55:55,2017-08-01 22:25:17,2017-08-02 16:32:31,2017-08-12 14:57:00,2017-08-23 00:00:00,2017-08-01,2017-08-23 00:00:00.000000,2026-08-27T05:17:09.287600+00:00,D:/D drive recovery/Shiva JH/Projects/OneLake Medallion/data/landing/2017-08-01/orders.parquet,2017-08-01
0373763807c25ce94a4b85c7c0f47062,8cf0e572d0e13c3cd64a678d54e0ad09,delivered,2017-08-01 19:39:49,2017-08-01 20:27:37,2017-08-09 19:05:16,2017-08-14 16:41:29,2017-08-21 00:00:00,2017-08-01,2017-08-21 00:00:00.000000,2026-08-27T05:17:09.287600+00:00,D:/D drive recovery/Shiva JH/Projects/OneLake Medallion/data/landing/2017-08-01/orders.parquet,2017-08-01
0775e96080c552251cd76472d32e0c83,b301495c792065eaa3c4fa6f11bb0407,delivered,2017-09-06 01:29:21,2017-09-06 01:44:00,2017-09-12 17:51:42,2017-09-19 14:33:10,2017-09-29 00:00:00,2017-09-06,2017-09-29 00:00:00.000000,2026-08-27T05:17:09.287600+00:00,D:/D drive recovery/Shiva JH/Projects/OneLake Medallion/data/landing/2017-09-06/orders.parquet,2017-09-06
c41052b3d56ec6a841c5b54af9845a32,5e7cb3f540fe40a51100dabaf1a5cfb9,delivered,2017-09-06 12:37:51,2017-09-06 12:50:18,2017-09-06 20:00:05,2017-09-11 22:03:00,2017-09-25 00:00:00,2017-09-06,2017-09-25 00:00:00.000000,2026-08-27T05:17:09.287600+00:00,D:/D drive recovery/Shiva JH/Projects/OneLake Medallion/data/landing/2017-09-06/orders.parquet,2017-09-06
637143b11a1b8c86d9e349f19ee9a1f5,a964217c2db4ee749319d2a502939db7,delivered,2017-09-18 23:42:04,2017-09-20 02:36:34,2017-09-25 19:43:33,2017-09-29 23:07:55,2017-10-05 00:00:00,2017-09-18,2017-10-05 00:00:00.000000,2026-08-27T05:17:09.287600+00:00,D:/D drive recovery/Shiva JH/Projects/OneLake Medallion/data/landing/2017-09-18/orders.parquet,2017-09-18
9827a7b79fe79be87d4d845fbe1e16e4,cc11572c482c869f138da6d448879444,delivered,2017-09-18 21:36:58,2017-09-20 02:24:01,2017-09-22 20:16:49,2017-09-28 21:33:54,2017-10-06 00:00:00,2017-09-18,2017-10-06 00:00:00.000000,2026-08-27T05:17:09.287600+00:00,D:/D drive recovery/Shiva JH/Projects/OneLake Medallion/data/landing/2017-09-18/orders.parquet,2017-09-18
c501bcc74df5ad09bcabd7774b6ae383,c09a83740cabeb9e62ae874c6636736f,delivered,2017-09-18 21:41:12,2017-09-18 21:55:11,2017-09-19 20:24:36,2017-10-05 11:33:35,2017-10-06 00:00:00,2017-09-18,2017-10-06 00:00:00.000000,2026-08-27T05:17:09.287600+00:00,D:/D drive recovery/Shiva JH/Projects/OneLake Medallion/data/landing/2017-09-18/orders.parquet,2017-09-18
39ab7695b7b3ea8282b3e9b10f0dae4f,e057b769297aad116c406596ec4363f4,delivered,2017-09-18 12:19:09,2017-09-18 12:30:26,2017-09-18 20:07:46,2017-09-19 17:02:48,2017-09-28 00:00:00,2017-09-18,2017-09-28 00:00:00.000000,2026-08-27T05:17:09.287600+00:00,D:/D drive recovery/Shiva JH/Projects/OneLake Medallion/data/landing/2017-09-18/orders.parquet,2017-09-18
7a242c07bdf25150ab522513760d6b8b,9b2989700b8108d4c0715892fdf6c5f1,delivered,2017-10-12 18:21:03,2017-10-12 19:00:09,2017-10-13 18:33:04,2017-10-20 19:38:34,2017-11-06 00:00:00,2017-10-12,2017-11-06 00:00:00.000000,2026-08-27T05:17:09.287600+00:00,D:/D drive recovery/Shiva JH/Projects/OneLake Medallion/data/landing/2017-10-12/orders.parquet,2017-10-12
46c940200f4d91b4cf260d705849bbe2,e64b4dc9257cbe575f5688fc6986fe65,delivered,2017-10-12 20:05:32,2017-10-12 20:27:51,2017-10-17 15:23:14,2017-10-23 11:27:42,2017-10-31 00:00:00,2017-10-12,2017-10-31 00:00:00.000000,2026-08-27T05:17:09.287600+00:00,D:/D drive recovery/Shiva JH/Projects/OneLake Medallion/data/landing/2017-10-12/orders.parquet,2017-10-12
a9d0ac57129ce34681afa30e779f3466,0a3be6888566894976245d7cb56c0235,delivered,2017-10-12 11:06:55,2017-10-12 11:26:09,2017-10-13 22:45:56,2017-10-19 19:43:57,2017-11-06 00:00:00,2017-10-12,2017-11-06 00:00:00.000000,2026-08-27T05:17:09.287600+00:00,D:/D drive recovery/Shiva JH/Projects/OneLake Medallion/data/landing/2017-10-12/orders.parquet,2017-10-12
dc8db01e3bbdf8eae34d6509752ddc88,cddd30af33517a3fcc9bddb552c684b6,delivered,2017-10-24 13:52:21,2017-10-24 14:14:22,2017-10-25 18:15:10,2017-11-03 19:18:50,2017-11-14 00:00:00,2017-10-24,2017-11-14 00:00:00.000000,2026-08-27T05:17:09.287600+00:00,D:/D drive recovery/Shiva JH/Projects/OneLake Medallion/data/landing/2017-10-24/orders.parquet,2017-10-24
557de3912df820904b9204e0d1879256,686f78669a168af0b31d8a32ea06667f,delivered,2017-10-24 12:52:16,2017-10-24 13:07:20,2017-10-28 12:52:50,2017-11-07 19:57:44,2017-11-23 00:00:00,2017-10-24,2017-11-23 00:00:00.000000,2026-08-27T05:17:09.287600+00:00,D:/D drive recovery/Shiva JH/Projects/OneLake Medallion/data/landing/2017-10-24/orders.parquet,2017-10-24
bf1451bab7a54578f219c009aa286263,aa8b77f23eb7e30628c9f69e144a28be,delivered,2017-10-24 20:36:26,2017-10-26 20:10:22,2017-10-27 17:33:56,2017-11-13 12:14:54,2017-11-23 00:00:00,2017-10-24,2017-11-23 00:00:00.000000,2026-08-27T05:17:09.287600+00:00,D:/D drive recovery/Shiva JH/Projects/OneLake Medallion/data/landing/2017-10-24/orders.parquet,2017-10-24
6e717532e0002abd1bdb69428673bbce,8171ac734467c1cd84d15c6ede5ee70c,delivered,2017-10-24 09:53:54,2017-10-24 10:07:13,2017-10-26 21:09:58,2017-11-27 19:13:13,2017-11-28 00:00:00,2017-10-24,2017-11-28 00:00:00.000000,2026-08-27T05:17:09.287600+00:00,D:/D drive recovery/Shiva JH/Projects/OneLake Medallion/data/landing/2017-10-24/orders.parquet,2017-10-24
4b9359b6bad98027f7a428063413d090,e33050f010b28fe50cf2c93329c97076,delivered,2017-10-24 22:30:12,2017-10-26 02:56:44,2017-10-27 18:49:52,2017-11-06 13:33:46,2017-11-28 00:00:00,2017-10-24,2017-11-28 00:00:00.000000,2026-08-27T05:17:09.287600+00:00,D:/D drive recovery/Shiva JH/Projects/OneLake Medallion/data/landing/2017-10-24/orders.parquet,2017-10-24
ffc22f2404e3490516c9a03e88da4507,127464f7c2d53e47eb1c8b0566b7e78f,delivered,2017-11-05 23:33:03,2017-11-05 23:47:11,2017-11-07 22:23:54,2017-11-16 21:25:51,2017-11-28 00:00:00,2017-11-05,2017-11-28 00:00:00.000000,2026-08-27T05:17:09.287600+00:00,D:/D drive recovery/Shiva JH/Projects/OneLake Medallion/data/landing/2017-11-05/orders.parquet,2017-11-05
131497483f8457541cf92c467b847c39,4c453cc8401276b89dc3a0a1d7ef4ff9,delivered,2017-11-05 22:00:26,2017-11-05 22:10:50,2017-11-07 15:02:11,2017-11-13 18:54:37,2017-11-24 00:00:00,2017-11-05,2017-11-24 00:00:00.000000,2026-08-27T05:17:09.287600+00:00,D:/D drive recovery/Shiva JH/Projects/OneLake Medallion/data/landing/2017-11-05/orders.parquet,2017-11-05
956057c9959fe111349c59bf929f5c7b,109425d115ed297d8077ab9f5d45c8b1,delivered,2017-11-05 11:29:33,2017-11-05 11:46:07,2017-11-08 19:17:07,2017-11-14 23:26:32,2017-12-06 00:00:00,2017-11-05,2017-12-06 00:00:00.000000,2026-08-27T05:17:09.287600+00:00,D:/D drive recovery/Shiva JH/Projects/OneLake Medallion/data/landing/2017-11-05/orders.parquet,2017-11-05
f4b046c0db54b6435a13f37ccdaf5fda,746e58d3571eec10e15051f3bfddc921,delivered,2017-11-17 22:20:59,2017-11-17 22:35:27,2017-11-20 19:15:04,2017-12-01 15:52:24,2017-12-13 00:00:00,2017-11-17,2017-12-13 00:00:00.000000,2026-08-27T05:17:09.287600+00:00,D:/D drive recovery/Shiva JH/Projects/OneLake Medallion/data/landing/2017-11-17/orders.parquet,2017-11-17
f5dadfc0f0df0edb5369672f81eb7095,d5a0064fd4c9034929991d1aa2f5ce7b,delivered,2017-11-17 19:41:48,2017-11-18 02:35:30,2017-11-22 16:10:24,2017-12-02 18:38:16,2017-12-05 00:00:00,2017-11-17,2017-12-05 00:00:00.000000,2026-08-27T05:17:09.287600+00:00,D:/D drive recovery/Shiva JH/Projects/OneLake Medallion/data/landing/2017-11-17/orders.parquet,2017-11-17
f3b592ea0db671d3d1977e043d2a1b10,77a1d41eb75de0bdf44e9791798dd8c2,delivered,2017-11-17 22:40:07,2017-11-17 22:50:50,2017-11-21 14:27:37,2017-12-10 15:52:29,2017-12-15 00:00:00,2017-11-17,2017-12-15 00:00:00.000000,2026-08-27T05:17:09.287600+00:00,D:/D drive recovery/Shiva JH/Projects/OneLake Medallion/data/landing/2017-11-17/orders.parquet,2017-11-17
8f95199a6809023bbfabcd9759bd04a1,49f554f189c9d30e865dbcd58efafee2,delivered,2017-11-29 16:42:28,2017-11-29 18:12:31,2017-11-30 16:39:11,2017-12-13 19:36:24,2017-12-26 00:00:00,2017-11-29,2017-12-26 00:00:00.000000,2026-08-27T05:17:09.287600+00:00,D:/D drive recovery/Shiva JH/Projects/OneLake Medallion/data/landing/2017-11-29/orders.parquet,2017-11-29
52128ec39ceae0d14af6c5779c4173cd,a4a4bc6742b800e480f8e5f1e8cc1100,delivered,2017-11-29 13:03:22,2017-11-29 13:14:26,2017-12-02 14:07:57,2017-12-11 16:42:55,2017-12-19 00:00:00,2017-11-29,2017-12-19 00:00:00.000000,2026-08-27T05:17:09.287600+00:00,D:/D drive recovery/Shiva JH/Projects/OneLake Medallion/data/landing/2017-11-29/orders.parquet,2017-11-29
08427834d148946950a3fe92a596e1e4,3e81e563f2a3acd04452464c14ca1082,delivered,2017-11-29 14:14:58,2017-11-29 14:33:43,2017-11-30 16:42:18,2017-12-11 23:14:23,2017-12-28 00:00:00,2017-11-29,2017-12-28 00:00:00.000000,2026-08-27T05:17:09.287600+00:00,D:/D drive recovery/Shiva JH/Projects/OneLake Medallion/data/landing/2017-11-29/orders.parquet,2017-11-29
27c49582f6db334767487df0646edb04,f46b0601b70c9fe11759823e2e6520bf,delivered,2017-11-29 13:44:07,2017-11-29 13:53:29,2017-12-04 20:29:32,2017-12-11 20:51:46,2017-12-22 00:00:00,2017-11-29,2017-12-22 00:00:00.000000,2026-08-27T05:17:09.287600+00:00,D:/D drive recovery/Shiva JH/Projects/OneLake Medallion/data/landing/2017-11-29/orders.parquet,2017-11-29
848963795b4b330df0a7c238b12f76ce,d53b5ff572a5e5d237b0dd64260996a3,delivered,2017-11-29 00:44:03,2017-11-29 01:31:24,2017-12-05 22:14:02,2017-12-11 17:42:35,2017-12-27 00:00:00,2017-11-29,2017-12-27 00:00:00.000000,2026-08-27T05:17:09.287600+00:00,D:/D drive recovery/Shiva JH/Projects/OneLake Medallion/data/landing/2017-11-29/orders.parquet,2017-11-29
a494244817c043c16eb0c72c5d0384ad,c691fa8d8cf769ea3b4b02572b606a6b,delivered,2017-11-29 10:40:13,2017-11-29 11:00:14,2017-11-30 19:49:02,2017-12-19 22:53:20,2017-12-28 00:00:00,2017-11-29,2017-12-28 00:00:00.000000,2026-08-27T05:17:09.287600+00:00,D:/D drive recovery/Shiva JH/Projects/OneLake Medallion/data/landing/2017-11-29/orders.parquet,2017-11-29
3716cd16bc2a97768309209eb4d4c6a7,5b4681e924e266db4eaba48f9b3f2561,unavailable,2017-11-29 09:54:26,2017-11-29 10:17:33,,,2017-12-21 00:00:00,2017-11-29,2017-12-21 00:00:00.000000,2026-08-27T05:17:09.287600+00:00,D:/D drive recovery/Shiva JH/Projects/OneLake Medallion/data/landing/2017-11-29/orders.parquet,2017-11-29
8678b97b317b045765dcbdf85bcb74fb,068826320c90fa65a4db813cb2e1878f,delivered,2017-11-29 14:21:01,2017-11-29 14:34:31,2017-12-01 18:38:36,2017-12-08 12:02:59,2017-12-19 00:00:00,2017-11-29,2017-12-19 00:00:00.000000,2026-08-27T05:17:09.287600+00:00,D:/D drive recovery/Shiva JH/Projects/OneLake Medallion/data/landing/2017-11-29/orders.parquet,2017-11-29
a9fa7ea99c0724de00e9d31f2a39a723,c3e4aeaece33e17cbdca142049cbc6ed,delivered,2017-11-29 14:57:40,2017-11-29 15:16:32,2017-12-01 15:03:52,2017-12-21 21:09:04,2017-12-21 00:00:00,2017-11-29,2017-12-21 21:09:04.000000,2026-08-27T05:17:09.287600+00:00,D:/D drive recovery/Shiva JH/Projects/OneLake Medallion/data/landing/2017-11-29/orders.parquet,2017-11-29
ed8e9faf1b75f43ee027103957135663,14fcb7be0e0a5868f190e1cda895d6fa,delivered,2017-11-29 15:10:14,2017-12-01 11:31:53,2017-12-04 19:48:46,2018-05-21 18:22:18,2017-12-19 00:00:00,2017-11-29,2018-05-21 18:22:18.000000,2026-08-27T05:17:09.287600+00:00,D:/D drive recovery/Shiva JH/Projects/OneLake Medallion/data/landing/2017-11-29/orders.parquet,2017-11-29
be5c91507e2c4ef294ee991d22b2d8e2,b8625aa8f28a89a33efe989f14d9fe29,delivered,2017-11-29 16:39:11,2017-11-29 18:12:34,2017-11-30 18:23:17,2017-12-02 20:27:00,2017-12-13 00:00:00,2017-11-29,2017-12-13 00:00:00.000000,2026-08-27T05:17:09.287600+00:00,D:/D drive recovery/Shiva JH/Projects/OneLake Medallion/data/landing/2017-11-29/orders.parquet,2017-11-29
3d435ea4c7b8ac007710c6aa2e6da685,7257b139a7933c4c3cc9ee40b1628ab3,delivered,2017-11-29 10:36:33,2017-11-29 10:59:57,2017-11-29 21:03:38,2017-12-21 15:18:52,2017-12-22 00:00:00,2017-11-29,2017-12-22 00:00:00.000000,2026-08-27T05:17:09.287600+00:00,D:/D drive recovery/Shiva JH/Projects/OneLake Medallion/data/landing/2017-11-29/orders.parquet,2017-11-29
19a8ddfef7a411a196509d51ee14b776,78273c93ab6b793ee62a60feb6b7140d,delivered,2017-12-11 18:30:26,2017-12-11 18:51:03,2017-12-22 13:52:49,2018-01-16 21:18:46,2018-01-22 00:00:00,2017-12-11,2018-01-22 00:00:00.000000,2026-08-27T05:17:09.287600+00:00,D:/D drive recovery/Shiva JH/Projects/OneLake Medallion/data/landing/2017-12-11/orders.parquet,2017-12-11
25247d0d0e85887c565090cc16ff0255,6cb393c4edd43586fc9eb664579e6622,delivered,2017-12-11 00:04:29,2017-12-11 00:15:24,2017-12-13 15:49:07,2017-12-18 17:17:05,2018-01-04 00:00:00,2017-12-11,2018-01-04 00:00:00.000000,2026-08-27T05:17:09.287600+00:00,D:/D drive recovery/Shiva JH/Projects/OneLake Medallion/data/landing/2017-12-11/orders.parquet,2017-12-11
17290263a090bbef4685f5b23f355104,8b8e1f21809b87482e2b9f464ae65237,delivered,2017-12-11 16:53:48,2017-12-11 17:10:56,2017-12-13 20:43:38,2017-12-27 18:39:17,2018-01-16 00:00:00,2017-12-11,2018-01-16 00:00:00.000000,2026-08-27T05:17:09.287600+00:00,D:/D drive recovery/Shiva JH/Projects/OneLake Medallion/data/landing/2017-12-11/orders.parquet,2017-12-11
96874d51b07a419abc3260ea8e854fbc,271132bde8869ff73d30c2a9866aa824,delivered,2017-12-23 21:17:29,2017-12-23 21:30:03,2017-12-26 18:23:37,2018-01-05 00:33:17,2018-01-29 00:00:00,2017-12-23,2018-01-29 00:00:00.000000,2026-08-27T05:17:09.287600+00:00,D:/D drive recovery/Shiva JH/Projects/OneLake Medallion/data/landing/2017-12-23/orders.parquet,2017-12-23
4a45f9f66971302cf881ecfa142f42ba,ccd6a4af78390b7ae560c1cc1cb1a2ff,delivered,2017-12-23 19:03:24,2017-12-23 19:13:20,2017-12-28 15:13:58,2018-01-25 22:17:15,2018-01-29 00:00:00,2017-12-23,2018-01-29 00:00:00.000000,2026-08-27T05:17:09.287600+00:00,D:/D drive recovery/Shiva JH/Projects/OneLake Medallion/data/landing/2017-12-23/orders.parquet,2017-12-23
e3254323dd511d109978d37345cdcbae,988c1b699bf81d3fabc3cf8aaf8cf156,delivered,2017-12-23 19:36:37,2017-12-24 19:30:26,2018-01-26 20:32:12,2018-02-20 23:42:30,2018-02-01 00:00:00,2017-12-23,2018-02-20 23:42:30.000000,2026-08-27T05:17:09.287600+00:00,D:/D drive recovery/Shiva JH/Projects/OneLake Medallion/data/landing/2017-12-23/orders.parquet,2017-12-23
6fa8043bdb80a1aed9ed56be51399cfe,ffceee06e0f7d5d3747eae50a0ccd61f,delivered,2018-01-04 15:31:25,2018-01-04 15:47:21,2018-01-05 20:27:01,2018-01-13 12:58:40,2018-01-31 00:00:00,2018-01-04,2018-01-31 00:00:00.000000,2026-08-27T05:17:09.287600+00:00,D:/D drive recovery/Shiva JH/Projects/OneLake Medallion/data/landing/2018-01-04/orders.parquet,2018-01-04
d725835898fee2ec8063d4aa035bf2dc,02e9e4af4b3ac6cd523d656776e0580b,delivered,2018-01-04 18:27:34,2018-01-05 02:36:44,2018-01-05 21:09:41,2018-01-16 21:09:13,2018-01-31 00:00:00,2018-01-04,2018-01-31 00:00:00.000000,2026-08-27T05:17:09.287600+00:00,D:/D drive recovery/Shiva JH/Projects/OneLake Medallion/data/landing/2018-01-04/orders.parquet,2018-01-04
08ade2fc02096cf490d463016e5ee02e,3174268a8b7e3f6eca7629f077ce08ca,delivered,2018-01-04 22:43:33,2018-01-04 22:50:30,2018-01-05 21:35:31,2018-01-11 11:57:55,2018-02-01 00:00:00,2018-01-04,2018-02-01 00:00:00.000000,2026-08-27T05:17:09.287600+00:00,D:/D drive recovery/Shiva JH/Projects/OneLake Medallion/data/landing/2018-01-04/orders.parquet,2018-01-04
f760916b8d3de2f236dc4c6f103b5a19,def1c143261d4d704d27162c2af959d7,delivered,2018-01-16 16:45:33,2018-01-17 03:35:32,2018-01-17 22:19:36,2018-01-30 20:25:02,2018-02-15 00:00:00,2018-01-16,2018-02-15 00:00:00.000000,2026-08-27T05:17:09.287600+00:00,D:/D drive recovery/Shiva JH/Projects/OneLake Medallion/data/landing/2018-01-16/orders.parquet,2018-01-16
3fef122997c747784882689e6e812b2f,4e2137a0182b900a4123929b813360d1,delivered,2018-01-16 20:06:02,2018-01-16 20:14:26,2018-01-19 11:19:45,2018-01-25 15:42:06,2018-02-06 00:00:00,2018-01-16,2018-02-06 00:00:00.000000,2026-08-27T05:17:09.287600+00:00,D:/D drive recovery/Shiva JH/Projects/OneLake Medallion/data/landing/2018-01-16/orders.parquet,2018-01-16
1dc6b058a15ea2fd8d58612bba662ab5,660608e62e70ab3f3bfe728f5098e686,delivered,2018-01-16 13:03:19,2018-01-16 13:12:21,2018-01-17 19:03:17,2018-01-24 12:12:13,2018-02-08 00:00:00,2018-01-16,2018-02-08 00:00:00.000000,2026-08-27T05:17:09.287600+00:00,D:/D drive recovery/Shiva JH/Projects/OneLake Medallion/data/landing/2018-01-16/orders.parquet,2018-01-16
7a00da9515dc144e302458e696d61943,164564995667621b6653afd715ba0e6f,delivered,2018-01-16 21:51:54,2018-01-17 13:50:06,2018-01-17 21:33:56,2018-01-22 19:55:41,2018-02-07 00:00:00,2018-01-16,2018-02-07 00:00:00.000000,2026-08-27T05:17:09.287600+00:00,D:/D drive recovery/Shiva JH/Projects/OneLake Medallion/data/landing/2018-01-16/orders.parquet,2018-01-16
d1e0427b410886678a52f73caa44e264,1cd22e66beeecc44840a7891d76b13d0,delivered,2018-01-16 01:18:59,2018-01-16 01:33:01,2018-01-18 01:09:16,2018-03-05 16:53:18,2018-02-09 00:00:00,2018-01-16,2018-03-05 16:53:18.000000,2026-08-27T05:17:09.287600+00:00,D:/D drive recovery/Shiva JH/Projects/OneLake Medallion/data/landing/2018-01-16/orders.parquet,2018-01-16
9eff8d5a7b05aeaa583c225de3b134de,deb460805396b2a842889d73a69d3c23,delivered,2018-01-16 07:25:53,2018-01-16 07:36:22,2018-01-16 19:41:57,2018-01-29 21:39:03,2018-02-08 00:00:00,2018-01-16,2018-02-08 00:00:00.000000,2026-08-27T05:17:09.287600+00:00,D:/D drive recovery/Shiva JH/Projects/OneLake Medallion/data/landing/2018-01-16/orders.parquet,2018-01-16
7916fec582cddf20c22b688451f880f8,6eb4835ec4d320eb3f58162e69173cd2,delivered,2018-01-28 17:49:59,2018-01-28 17:59:40,2018-01-31 22:28:50,2018-02-07 11:34:24,2018-02-20 00:00:00,2018-01-28,2018-02-20 00:00:00.000000,2026-08-27T05:17:09.287600+00:00,D:/D drive recovery/Shiva JH/Projects/OneLake Medallion/data/landing/2018-01-28/orders.parquet,2018-01-28
e82a48563b753b7df504aba7e01f9faf,bb2c348088e3c1e8d0a922796243a460,delivered,2018-02-09 21:00:12,2018-02-09 21:15:24,2018-02-16 00:22:33,2018-03-05 22:37:41,2018-03-02 00:00:00,2018-02-09,2018-03-05 22:37:41.000000,2026-08-27T05:17:09.287600+00:00,D:/D drive recovery/Shiva JH/Projects/OneLake Medallion/data/landing/2018-02-09/orders.parquet,2018-02-09
96caea89f911608c4d05f012e3c4efa9,269253c44f10c64d69d01f4308dc66e7,delivered,2018-02-09 17:12:43,2018-02-09 17:30:24,2018-02-19 16:41:47,2018-02-22 20:58:10,2018-03-09 00:00:00,2018-02-09,2018-03-09 00:00:00.000000,2026-08-27T05:17:09.287600+00:00,D:/D drive recovery/Shiva JH/Projects/OneLake Medallion/data/landing/2018-02-09/orders.parquet,2018-02-09
14ef2221cc3570aa6ce512fc353529b3,c319e614bd117152d6919546633c9cc4,delivered,2018-02-09 09:27:56,2018-02-22 11:15:51,2018-02-24 02:53:01,2018-03-03 16:49:00,2018-03-07 00:00:00,2018-02-09,2018-03-07 00:00:00.000000,2026-08-27T05:17:09.287600+00:00,D:/D drive recovery/Shiva JH/Projects/OneLake Medallion/data/landing/2018-02-09/orders.parquet,2018-02-09
2f82268fc803f315fbe873e96f48a60f,28dafe3752a955e9eb3eda8c9ac7c636,delivered,2018-02-09 10:42:18,2018-02-09 10:55:45,2018-02-09 21:41:51,2018-03-02 19:46:51,2018-03-15 00:00:00,2018-02-09,2018-03-15 00:00:00.000000,2026-08-27T05:17:09.287600+00:00,D:/D drive recovery/Shiva JH/Projects/OneLake Medallion/data/landing/2018-02-09/orders.parquet,2018-02-09
cdc165621bae221dc3a5f8788166a412,add4449b1b01cfe21c015464931c4a36,delivered,2018-02-09 19:30:13,2018-02-09 19:48:02,2018-02-15 21:39:10,2018-02-19 22:44:57,2018-03-06 00:00:00,2018-02-09,2018-03-06 00:00:00.000000,2026-08-27T05:17:09.287600+00:00,D:/D drive recovery/Shiva JH/Projects/OneLake Medallion/data/landing/2018-02-09/orders.parquet,2018-02-09
c8f8f9f5df7a6ce2beaa9de85fbf8ca1,9acb157c9da0db6d65c118f00c625c9b,delivered,2018-02-09 14:33:23,2018-02-09 14:49:07,2018-02-14 20:15:45,2018-03-16 14:57:31,2018-03-12 00:00:00,2018-02-09,2018-03-16 14:57:31.000000,2026-08-27T05:17:09.287600+00:00,D:/D drive recovery/Shiva JH/Projects/OneLake Medallion/data/landing/2018-02-09/orders.parquet,2018-02-09
83962168dce2d06a69a7e27082962069,fe1dcedfb68e0c82a41bfec87a55688f,delivered,2018-02-09 10:45:32,2018-02-09 11:08:41,2018-02-26 23:59:00,2018-03-09 14:17:26,2018-03-12 00:00:00,2018-02-09,2018-03-12 00:00:00.000000,2026-08-27T05:17:09.287600+00:00,D:/D drive recovery/Shiva JH/Projects/OneLake Medallion/data/landing/2018-02-09/orders.parquet,2018-02-09
3a8b1e565c498e2688ae1e60745544d8,629bbdb95c29abfed36d1dd1b8715685,delivered,2018-02-09 15:10:36,2018-02-09 15:29:27,2018-02-16 21:25:52,2018-02-22 17:39:09,2018-03-06 00:00:00,2018-02-09,2018-03-06 00:00:00.000000,2026-08-27T05:17:09.287600+00:00,D:/D drive recovery/Shiva JH/Projects/OneLake Medallion/data/landing/2018-02-09/orders.parquet,2018-02-09
542d558d7cd9f734858beabe2622b2bd,fe4a3d31418fdf45182fcea36d1515ba,delivered,2018-02-21 13:25:44,2018-02-21 13:35:42,2018-02-22 16:22:58,2018-03-22 16:28:46,2018-03-23 00:00:00,2018-02-21,2018-03-23 00:00:00.000000,2026-08-27T05:17:09.287600+00:00,D:/D drive recovery/Shiva JH/Projects/OneLake Medallion/data/landing/2018-02-21/orders.parquet,2018-02-21
ec60e48662eb9eaf9ae685a3afa56518,4933b985cf353d4c50490efd77de63c8,unavailable,2018-02-21 09:55:14,2018-02-21 12:05:38,,,2018-03-13 00:00:00,2018-02-21,2018-03-13 00:00:00.000000,2026-08-27T05:17:09.287600+00:00,D:/D drive recovery/Shiva JH/Projects/OneLake Medallion/data/landing/2018-02-21/orders.parquet,2018-02-21
dea1e695f08ba5ff543ac1f0132f6db3,d564b70e32e3a90a00477b7a1d3f0e40,delivered,2018-02-21 17:59:32,2018-02-21 18:15:24,2018-02-23 22:45:49,2018-02-24 20:54:11,2018-03-07 00:00:00,2018-02-21,2018-03-07 00:00:00.000000,2026-08-27T05:17:09.287600+00:00,D:/D drive recovery/Shiva JH/Projects/OneLake Medallion/data/landing/2018-02-21/orders.parquet,2018-02-21
5b8b540b5934e4af4790f609af380cf8,a592389ac0ee2443820c52e83b3b43d4,delivered,2018-02-21 12:48:27,2018-02-22 12:48:38,2018-02-24 01:16:54,2018-03-23 16:21:42,2018-03-20 00:00:00,2018-02-21,2018-03-23 16:21:42.000000,2026-08-27T05:17:09.287600+00:00,D:/D drive recovery/Shiva JH/Projects/OneLake Medallion/data/landing/2018-02-21/orders.parquet,2018-02-21
d9274f2e0c7860b038f3f05c0cdc6a45,73c121764153e39fc008cef5ded904b2,delivered,2018-02-21 11:07:59,2018-02-21 12:10:37,2018-02-22 19:53:09,2018-03-13 00:58:37,2018-03-21 00:00:00,2018-02-21,2018-03-21 00:00:00.000000,2026-08-27T05:17:09.287600+00:00,D:/D drive recovery/Shiva JH/Projects/OneLake Medallion/data/landing/2018-02-21/orders.parquet,2018-02-21
808c4b75909ba91f23c1ef928f396822,9861f511b87644ae160dc9c9a0174596,delivered,2018-03-05 22:44:55,2018-03-05 22:55:33,2018-03-07 18:10:19,2018-04-10 19:58:44,2018-03-26 00:00:00,2018-03-05,2018-04-10 19:58:44.000000,2026-08-27T05:17:09.287600+00:00,D:/D drive recovery/Shiva JH/Projects/OneLake Medallion/data/landing/2018-03-05/orders.parquet,2018-03-05
bcaa9390e85fe694eefdf1e33f77b3b5,164ade8f6fd9fd670414d9288127b6ae,delivered,2018-03-05 15:32:16,2018-03-05 15:49:41,2018-03-10 00:08:46,2018-05-02 22:12:46,2018-03-26 00:00:00,2018-03-05,2018-05-02 22:12:46.000000,2026-08-27T05:17:09.287600+00:00,D:/D drive recovery/Shiva JH/Projects/OneLake Medallion/data/landing/2018-03-05/orders.parquet,2018-03-05
ee88bb223301673ac86437df9974b25d,aeea97d6cf1ffcf9352160c54c003b38,delivered,2018-03-05 18:17:25,2018-03-05 18:31:25,2018-03-06 22:42:19,2018-04-09 16:56:50,2018-03-21 00:00:00,2018-03-05,2018-04-09 16:56:50.000000,2026-08-27T05:17:09.287600+00:00,D:/D drive recovery/Shiva JH/Projects/OneLake Medallion/data/landing/2018-03-05/orders.parquet,2018-03-05
cbbadd3919b803b6cdeaa2e7811bc47b,3ce94b5a344798830d5641dda2b05195,delivered,2018-03-05 12:51:15,2018-03-05 13:09:43,2018-03-06 21:49:01,2018-03-20 09:54:44,2018-03-28 00:00:00,2018-03-05,2018-03-28 00:00:00.000000,2026-08-27T05:17:09.287600+00:00,D:/D drive recovery/Shiva JH/Projects/OneLake Medallion/data/landing/2018-03-05/orders.parquet,2018-03-05
6719ad7e3fe40d976c5db31f716bb5ec,07d91ab1cc12928c32ff2120bdf6b6d1,delivered,2018-03-17 11:48:28,2018-03-17 12:09:04,2018-03-19 22:41:15,2018-03-20 14:59:21,2018-03-29 00:00:00,2018-03-17,2018-03-29 00:00:00.000000,2026-08-27T05:17:09.287600+00:00,D:/D drive recovery/Shiva JH/Projects/OneLake Medallion/data/landing/2018-03-17/orders.parquet,2018-03-17
bbc82e918e96057462aa6983e7035fe5,79c719bd423a3670aad59272146350d7,delivered,2018-03-17 16:05:06,2018-03-17 16:36:27,2018-03-19 19:24:51,2018-03-28 22:18:24,2018-04-11 00:00:00,2018-03-17,2018-04-11 00:00:00.000000,2026-08-27T05:17:09.287600+00:00,D:/D drive recovery/Shiva JH/Projects/OneLake Medallion/data/landing/2018-03-17/orders.parquet,2018-03-17
8700ae81d9071593f13e448c1918b447,0d7fd013a2edc996eb0819c45a2dae22,delivered,2018-03-17 16:01:10,2018-03-17 16:10:30,2018-03-19 21:04:30,2018-04-05 21:52:23,2018-04-06 00:00:00,2018-03-17,2018-04-06 00:00:00.000000,2026-08-27T05:17:09.287600+00:00,D:/D drive recovery/Shiva JH/Projects/OneLake Medallion/data/landing/2018-03-17/orders.parquet,2018-03-17
917d8fa5446854ac034de2f57c82bbee,d3806fa21465451e5523e90253e2457d,delivered,2018-03-29 19:11:55,2018-03-29 19:27:54,2018-04-12 14:47:27,2018-04-20 13:32:51,2018-04-26 00:00:00,2018-03-29,2018-04-26 00:00:00.000000,2026-08-27T05:17:09.287600+00:00,D:/D drive recovery/Shiva JH/Projects/OneLake Medallion/data/landing/2018-03-29/orders.parquet,2018-03-29
e43062fd260607596c8e02e5c12081e5,6f8c3bb5afd59f8cd5ae6c8105293f19,delivered,2018-03-29 12:49:23,2018-03-30 03:10:38,2018-04-02 18:12:49,2018-04-05 22:48:28,2018-04-11 00:00:00,2018-03-29,2018-04-11 00:00:00.000000,2026-08-27T05:17:09.287600+00:00,D:/D drive recovery/Shiva JH/Projects/OneLake Medallion/data/landing/2018-03-29/orders.parquet,2018-03-29
93acdf7d3ef9f5c049ab02e97d1c6158,f3a656086677996ac82031c6091ffac3,delivered,2018-03-29 15:22:24,2018-03-30 03:15:41,2018-04-04 20:38:41,2018-04-09 18:46:21,2018-04-11 00:00:00,2018-03-29,2018-04-11 00:00:00.000000,2026-08-27T05:17:09.287600+00:00,D:/D drive recovery/Shiva JH/Projects/OneLake Medallion/data/landing/2018-03-29/orders.parquet,2018-03-29
b8fbd8a0c07410289ec91234a8ad69c9,aa7210736aad65a84e964cfa8d64aa66,delivered,2018-03-29 08:49:38,2018-03-29 09:07:40,2018-03-29 22:27:32,2018-04-07 00:21:57,2018-04-12 00:00:00,2018-03-29,2018-04-12 00:00:00.000000,2026-08-27T05:17:09.287600+00:00,D:/D drive recovery/Shiva JH/Projects/OneLake Medallion/data/landing/2018-03-29/orders.parquet,2018-03-29
989c8bed4ad2e187516317b3e12f44c0,52efe753f546446eb1a37bb701656442,delivered,2018-03-29 13:57:31,2018-03-29 14:10:05,2018-04-04 17:38:41,2018-04-14 16:33:01,2018-04-19 00:00:00,2018-03-29,2018-04-19 00:00:00.000000,2026-08-27T05:17:09.287600+00:00,D:/D drive recovery/Shiva JH/Projects/OneLake Medallion/data/landing/2018-03-29/orders.parquet,2018-03-29
f387eb734dc3346d68ecfdaf4f0ab0ee,86ecdd6c5aa780b8cbf7ba23ce92532a,delivered,2018-03-29 15:07:10,2018-03-29 15:29:51,2018-04-25 15:36:00,2018-04-26 13:51:58,2018-04-23 00:00:00,2018-03-29,2018-04-26 13:51:58.000000,2026-08-27T05:17:09.287600+00:00,D:/D drive recovery/Shiva JH/Projects/OneLake Medallion/data/landing/2018-03-29/orders.parquet,2018-03-29
05c8ada178f3ab074886530731749bd5,c5a0f4b9e4131b697c6820b8f657daae,delivered,2018-03-29 23:18:04,2018-03-29 23:30:15,2018-04-04 02:08:27,2018-04-11 20:12:34,2018-04-23 00:00:00,2018-03-29,2018-04-23 00:00:00.000000,2026-08-27T05:17:09.287600+00:00,D:/D drive recovery/Shiva JH/Projects/OneLake Medallion/data/landing/2018-03-29/orders.parquet,2018-03-29
f05c1aa49a54cd865ee8ac61c2b15473,0ee9116e24841febd9a2debcd75cdfa0,delivered,2018-03-29 00:21:32,2018-03-29 00:35:20,2018-03-29 22:28:50,2018-04-09 15:26:36,2018-04-20 00:00:00,2018-03-29,2018-04-20 00:00:00.000000,2026-08-27T05:17:09.287600+00:00,D:/D drive recovery/Shiva JH/Projects/OneLake Medallion/data/landing/2018-03-29/orders.parquet,2018-03-29
93d00ae1e20d553e6b5bee7a7d898996,3a4c77b134b116a9f90b0a98fe0d0727,delivered,2018-03-29 20:20:11,2018-03-29 20:30:16,2018-04-02 18:42:50,2018-04-05 23:14:50,2018-04-11 00:00:00,2018-03-29,2018-04-11 00:00:00.000000,2026-08-27T05:17:09.287600+00:00,D:/D drive recovery/Shiva JH/Projects/OneLake Medallion/data/landing/2018-03-29/orders.parquet,2018-03-29
7954fe1680493c893c4ec14df43ebb73,a636253950bdabea9ceee877a4078586,delivered,2018-04-10 12:53:38,2018-04-10 13:10:37,2018-04-11 00:14:28,2018-04-30 20:06:35,2018-05-14 00:00:00,2018-04-10,2018-05-14 00:00:00.000000,2026-08-27T05:17:09.287600+00:00,D:/D drive recovery/Shiva JH/Projects/OneLake Medallion/data/landing/2018-04-10/orders.parquet,2018-04-10
ed9b3b9e44dcd0fdbe1bffbdeaf4d2ce,f45a92b3df5e28c6d60e80bf4d1b67af,delivered,2018-04-10 09:28:31,2018-04-10 09:51:04,2018-04-18 23:26:51,2018-04-26 22:55:41,2018-04-20 00:00:00,2018-04-10,2018-04-26 22:55:41.000000,2026-08-27T05:17:09.287600+00:00,D:/D drive recovery/Shiva JH/Projects/OneLake Medallion/data/landing/2018-04-10/orders.parquet,2018-04-10
6b1e226ba2512e424031208f6caffdca,64c6d788262efaaa051095da307c0bab,delivered,2018-04-10 11:17:34,2018-04-10 14:09:56,2018-04-11 16:14:35,2018-04-18 14:28:37,2018-05-03 00:00:00,2018-04-10,2018-05-03 00:00:00.000000,2026-08-27T05:17:09.287600+00:00,D:/D drive recovery/Shiva JH/Projects/OneLake Medallion/data/landing/2018-04-10/orders.parquet,2018-04-10
21b6d1e7385572036e50357aacbddf0d,4b9e74c671c9e22420ad0508905c6c4d,delivered,2018-04-10 19:26:36,2018-04-10 19:49:51,2018-04-11 22:42:12,2018-04-12 23:41:46,2018-04-24 00:00:00,2018-04-10,2018-04-24 00:00:00.000000,2026-08-27T05:17:09.287600+00:00,D:/D drive recovery/Shiva JH/Projects/OneLake Medallion/data/landing/2018-04-10/orders.parquet,2018-04-10
8fc359cc10f3ab99032248ef5f152d4f,1d02449a44daa29a1ba7b66474a10f58,delivered,2018-04-10 14:43:10,2018-04-10 14:55:20,2018-04-11 20:18:25,2018-04-18 18:37:29,2018-04-30 00:00:00,2018-04-10,2018-04-30 00:00:00.000000,2026-08-27T05:17:09.287600+00:00,D:/D drive recovery/Shiva JH/Projects/OneLake Medallion/data/landing/2018-04-10/orders.parquet,2018-04-10
dda3e0dbde3a2cd09432650b3634582d,ed7abe2bf6dacb66b55c2bebf0d2adaf,delivered,2018-04-22 20:13:58,2018-04-24 18:37:08,2018-04-24 16:22:39,2018-05-09 19:58:31,2018-05-16 00:00:00,2018-04-22,2018-05-16 00:00:00.000000,2026-08-27T05:17:09.287600+00:00,D:/D drive recovery/Shiva JH/Projects/OneLake Medallion/data/landing/2018-04-22/orders.parquet,2018-04-22
a62ca1ecd2ebb5a76f2df38e3024c324,63aa5b96f7dafc4bb3b80ee18c32b7f9,delivered,2018-04-22 02:43:22,2018-04-24 18:20:13,2018-04-25 14:00:00,2018-05-03 17:08:49,2018-05-18 00:00:00,2018-04-22,2018-05-18 00:00:00.000000,2026-08-27T05:17:09.287600+00:00,D:/D drive recovery/Shiva JH/Projects/OneLake Medallion/data/landing/2018-04-22/orders.parquet,2018-04-22
3910ae71e82730e3c560049e7637b3c2,572af72c0c050be9defa80e9d5051441,delivered,2018-04-22 23:13:59,2018-04-24 18:55:51,2018-04-23 23:40:58,2018-05-02 19:14:49,2018-05-17 00:00:00,2018-04-22,2018-05-17 00:00:00.000000,2026-08-27T05:17:09.287600+00:00,D:/D drive recovery/Shiva JH/Projects/OneLake Medallion/data/landing/2018-04-22/orders.parquet,2018-04-22
7344c860833e7ea5b676e4575b225d6c,7ce0adff24b4b3d2b542175fce45d9b3,delivered,2018-04-22 14:09:27,2018-04-24 17:14:31,2018-04-23 23:56:52,2018-04-30 20:14:27,2018-05-21 00:00:00,2018-04-22,2018-05-21 00:00:00.000000,2026-08-27T05:17:09.287600+00:00,D:/D drive recovery/Shiva JH/Projects/OneLake Medallion/data/landing/2018-04-22/orders.parquet,2018-04-22
d54bea5ba90238aa83323565749538a1,10e925f935d8bfe0a9edf39378996fd7,delivered,2018-04-22 17:45:57,2018-04-24 18:33:58,2018-04-24 17:16:31,2018-05-12 18:20:56,2018-05-23 00:00:00,2018-04-22,2018-05-23 00:00:00.000000,2026-08-27T05:17:09.287600+00:00,D:/D drive recovery/Shiva JH/Projects/OneLake Medallion/data/landing/2018-04-22/orders.parquet,2018-04-22
3a56d0fa36b997b13c3e9eee5128b7fa,18c36d92cc77f076f56a7f5c5c084603,delivered,2018-05-04 04:21:54,2018-05-04 04:35:17,2018-05-10 16:39:00,2018-05-11 21:14:46,2018-05-17 00:00:00,2018-05-04,2018-05-17 00:00:00.000000,2026-08-27T05:17:09.287600+00:00,D:/D drive recovery/Shiva JH/Projects/OneLake Medallion/data/landing/2018-05-04/orders.parquet,2018-05-04
8af354896f0ed90b19d368003ac83254,a78bda882d72b45dc7055c06df79189e,delivered,2018-05-04 18:25:42,2018-05-04 18:35:25,2018-05-08 14:30:00,2018-05-16 22:28:45,2018-06-01 00:00:00,2018-05-04,2018-06-01 00:00:00.000000,2026-08-27T05:17:09.287600+00:00,D:/D drive recovery/Shiva JH/Projects/OneLake Medallion/data/landing/2018-05-04/orders.parquet,2018-05-04
660a02c58e33a4d888a10733703398a5,ec418576fd34a1b78480d1f2cb6efe97,delivered,2018-05-04 13:31:32,2018-05-04 13:51:08,2018-05-09 11:21:00,2018-05-17 21:21:28,2018-05-25 00:00:00,2018-05-04,2018-05-25 00:00:00.000000,2026-08-27T05:17:09.287600+00:00,D:/D drive recovery/Shiva JH/Projects/OneLake Medallion/data/landing/2018-05-04/orders.parquet,2018-05-04
1bbda6dbb533293df7320c4f62b6e897,29c08f241b8cc5260d961b2375afda32,delivered,2018-05-04 19:10:26,2018-05-04 19:34:12,2018-05-08 06:32:00,2018-05-15 20:44:08,2018-06-01 00:00:00,2018-05-04,2018-06-01 00:00:00.000000,2026-08-27T05:17:09.287600+00:00,D:/D drive recovery/Shiva JH/Projects/OneLake Medallion/data/landing/2018-05-04/orders.parquet,2018-05-04
9093d1fda3e04c4f34b2cd7b0fc18549,7a091f9ed8eb69891c389f7fe03f19ae,delivered,2018-05-16 20:49:00,2018-05-16 21:13:57,2018-05-22 14:03:00,2018-06-18 19:38:39,2018-06-14 00:00:00,2018-05-16,2018-06-18 19:38:39.000000,2026-08-27T05:17:09.287600+00:00,D:/D drive recovery/Shiva JH/Projects/OneLake Medallion/data/landing/2018-05-16/orders.parquet,2018-05-16
f175c06d9a1a1c98a7ba8dd83950718f,6289cf6bd100be2499a029a27b1b5f26,delivered,2018-05-16 13:38:49,2018-05-16 13:59:41,2018-05-17 13:21:00,2018-05-28 17:36:45,2018-06-20 00:00:00,2018-05-16,2018-06-20 00:00:00.000000,2026-08-27T05:17:09.287600+00:00,D:/D drive recovery/Shiva JH/Projects/OneLake Medallion/data/landing/2018-05-16/orders.parquet,2018-05-16
eb6ab30cb30bdde1094fc3b0ee26a2d9,0297b96a2290b2d419ac0b0cea83b5eb,delivered,2018-05-16 17:25:11,2018-05-16 17:57:32,2018-05-21 08:41:00,2018-06-08 23:47:30,2018-06-06 00:00:00,2018-05-16,2018-06-08 23:47:30.000000,2026-08-27T05:17:09.287600+00:00,D:/D drive recovery/Shiva JH/Projects/OneLake Medallion/data/landing/2018-05-16/orders.parquet,2018-05-16
5ba8503668408d9c4b89795726cb7f4e,5413211ad71ba3439017598fd9397d62,delivered,2018-05-16 22:15:24,2018-05-16 22:34:49,2018-05-21 08:52:00,2018-06-01 15:28:23,2018-06-13 00:00:00,2018-05-16,2018-06-13 00:00:00.000000,2026-08-27T05:17:09.287600+00:00,D:/D drive recovery/Shiva JH/Projects/OneLake Medallion/data/landing/2018-05-16/orders.parquet,2018-05-16
7d00af7c23ec65f8e98e9d7a348130f4,3bd38160b140b90ab82c95d76c507926,delivered,2018-05-16 17:54:57,2018-05-16 18:16:29,2018-05-17 11:58:00,2018-05-22 13:29:57,2018-06-05 00:00:00,2018-05-16,2018-06-05 00:00:00.000000,2026-08-27T05:17:09.287600+00:00,D:/D drive recovery/Shiva JH/Projects/OneLake Medallion/data/landing/2018-05-16/orders.parquet,2018-05-16
9d56875afa926ef0d9263eb003dba6e0,2bef4d64d65faaea42c4dd60d5933203,delivered,2018-05-16 13:31:20,2018-05-16 13:59:36,2018-05-18 13:33:00,2018-05-21 22:10:35,2018-05-28 00:00:00,2018-05-16,2018-05-28 00:00:00.000000,2026-08-27T05:17:09.287600+00:00,D:/D drive recovery/Shiva JH/Projects/OneLake Medallion/data/landing/2018-05-16/orders.parquet,2018-05-16
cab33fc76d60b48dd6a512e892c54437,543ee5e646b5e72468e59c3dd3914edc,delivered,2018-05-16 20:53:06,2018-05-16 21:13:59,2018-05-17 14:00:00,2018-05-21 21:11:50,2018-06-01 00:00:00,2018-05-16,2018-06-01 00:00:00.000000,2026-08-27T05:17:09.287600+00:00,D:/D drive recovery/Shiva JH/Projects/OneLake Medallion/data/landing/2018-05-16/orders.parquet,2018-05-16
c5f30bdd01bc931c09429dc3bba5ac58,ca6fe18d9474b6e6bd41278ca47b19cf,delivered,2018-05-28 21:38:55,2018-05-28 21:56:18,2018-05-30 06:37:00,2018-06-02 16:04:16,2018-06-13 00:00:00,2018-05-28,2018-06-13 00:00:00.000000,2026-08-27T05:17:09.287600+00:00,D:/D drive recovery/Shiva JH/Projects/OneLake Medallion/data/landing/2018-05-28/orders.parquet,2018-05-28
558eca1d22374a40aa35c2d9f88573a3,a7261b8467989c8b5c1800b4bfd705bf,delivered,2018-05-28 22:29:25,2018-05-28 22:50:35,2018-06-01 08:47:00,2018-06-07 20:03:41,2018-07-12 00:00:00,2018-05-28,2018-07-12 00:00:00.000000,2026-08-27T05:17:09.287600+00:00,D:/D drive recovery/Shiva JH/Projects/OneLake Medallion/data/landing/2018-05-28/orders.parquet,2018-05-28
da9713f62e0d54668895dd0ca6ddbb64,79e482fbb9811d4ba4eb9249661c0194,delivered,2018-05-28 10:00:37,2018-05-29 09:56:12,2018-05-29 13:15:00,2018-06-12 17:39:38,2018-07-03 00:00:00,2018-05-28,2018-07-03 00:00:00.000000,2026-08-27T05:17:09.287600+00:00,D:/D drive recovery/Shiva JH/Projects/OneLake Medallion/data/landing/2018-05-28/orders.parquet,2018-05-28
169ab175fb915582d84c0c5c95bb0fe3,fe02528abe9cf5b73ededc4a240acc9d,delivered,2018-06-09 08:51:19,2018-06-09 09:11:28,2018-06-15 11:32:00,2018-06-18 19:58:36,2018-07-04 00:00:00,2018-06-09,2018-07-04 00:00:00.000000,2026-08-27T05:17:09.287600+00:00,D:/D drive recovery/Shiva JH/Projects/OneLake Medallion/data/landing/2018-06-09/orders.parquet,2018-06-09
69253c0e2ec746a1f5a1ab71985605ba,53672b98e89f2efc5843c2c0811e8205,delivered,2018-06-09 18:05:46,2018-06-09 18:19:09,2018-06-11 13:36:00,2018-06-12 16:18:38,2018-06-20 00:00:00,2018-06-09,2018-06-20 00:00:00.000000,2026-08-27T05:17:09.287600+00:00,D:/D drive recovery/Shiva JH/Projects/OneLake Medallion/data/landing/2018-06-09/orders.parquet,2018-06-09
f9030dd093087acc37d712775c8797a6,1d7852b3b0ded01a3191e87722e07978,delivered,2018-06-09 19:54:25,2018-06-09 20:19:00,2018-06-12 11:12:00,2018-06-20 18:07:51,2018-06-29 00:00:00,2018-06-09,2018-06-29 00:00:00.000000,2026-08-27T05:17:09.287600+00:00,D:/D drive recovery/Shiva JH/Projects/OneLake Medallion/data/landing/2018-06-09/orders.parquet,2018-06-09
d9c720e3a638349cc85d8f2f1eff6ab7,a881d768651dbf7f348ee3eb81e18139,delivered,2018-06-09 19:07:39,2018-06-09 19:15:20,2018-06-11 17:17:00,2018-06-12 15:33:09,2018-06-20 00:00:00,2018-06-09,2018-06-20 00:00:00.000000,2026-08-27T05:17:09.287600+00:00,D:/D drive recovery/Shiva JH/Projects/OneLake Medallion/data/landing/2018-06-09/orders.parquet,2018-06-09
41683ad54cbd17bd932eb623e0ff7257,2c1b2a307648efdb06a48595a8e8b354,delivered,2018-06-21 12:16:28,2018-06-22 10:19:05,2018-07-03 05:55:00,2018-07-09 15:06:45,2018-07-30 00:00:00,2018-06-21,2018-07-30 00:00:00.000000,2026-08-27T05:17:09.287600+00:00,D:/D drive recovery/Shiva JH/Projects/OneLake Medallion/data/landing/2018-06-21/orders.parquet,2018-06-21
4141a4d0188de2c856950810c9a5e52c,236b2f908248dc4231c35c2153db2c3d,delivered,2018-06-21 15:08:30,2018-06-21 15:39:16,2018-06-25 12:59:00,2018-06-26 16:34:55,2018-07-13 00:00:00,2018-06-21,2018-07-13 00:00:00.000000,2026-08-27T05:17:09.287600+00:00,D:/D drive recovery/Shiva JH/Projects/OneLake Medallion/data/landing/2018-06-21/orders.parquet,2018-06-21
415163634b075446172210d1b9717e2a,b0b272dcb47a51eace14ac2dcf4b5ec5,delivered,2018-06-21 11:54:06,2018-06-21 12:22:05,2018-06-22 14:00:00,2018-06-29 21:34:49,2018-07-27 00:00:00,2018-06-21,2018-07-27 00:00:00.000000,2026-08-27T05:17:09.287600+00:00,D:/D drive recovery/Shiva JH/Projects/OneLake Medallion/data/landing/2018-06-21/orders.parquet,2018-06-21
6f748695717d537b882406da58acefec,b31da288a5d93df0b87661fae41bda52,delivered,2017-01-12 20:28:10,2017-01-12 20:44:31,2017-01-13 16:51:48,2017-02-14 15:07:50,2017-03-02 00:00:00,2017-01-12,2017-03-02 00:00:00.000000,2026-08-27T05:17:09.287600+00:00,D:/D drive recovery/Shiva JH/Projects/OneLake Medallion/data/landing/2017-01-12/orders.parquet,2017-01-12
591634e3db632b8d5a60099a1b81cf7a,1328b35044ea458d162dc73bc6d4c02f,delivered,2017-02-05 19:47:13,2017-02-05 20:02:29,2017-02-07 10:05:49,2017-02-13 11:53:50,2017-03-08 00:00:00,2017-02-05,2017-03-08 00:00:00.000000,2026-08-27T05:17:09.287600+00:00,D:/D drive recovery/Shiva JH/Projects/OneLake Medallion/data/landing/2017-02-05/orders.parquet,2017-02-05
81a6ac5a2e54ea1f2883d6054be7b339,c1c327a1f031715cf00adc9f69fbff73,delivered,2017-02-17 10:32:57,2017-02-18 03:15:10,2017-02-20 14:27:52,2017-03-03 07:17:51,2017-03-22 00:00:00,2017-02-17,2017-03-22 00:00:00.000000,2026-08-27T05:17:09.287600+00:00,D:/D drive recovery/Shiva JH/Projects/OneLake Medallion/data/landing/2017-02-17/orders.parquet,2017-02-17
6a38a689d8240ba6b2e79f89a9ecf5c2,491b53d711e90db8195ba44d40bb83ac,delivered,2017-02-17 07:39:19,2017-02-17 07:45:11,2017-02-20 14:16:07,2017-02-23 13:05:03,2017-03-24 00:00:00,2017-02-17,2017-03-24 00:00:00.000000,2026-08-27T05:17:09.287600+00:00,D:/D drive recovery/Shiva JH/Projects/OneLake Medallion/data/landing/2017-02-17/orders.parquet,2017-02-17
674e6f9346c417bc4de022b215ba282b,284e4fc3613d923fe4308e5aa54ce884,delivered,2017-03-13 02:05:23,2017-03-13 02:05:23,2017-03-14 14:03:12,2017-03-15 14:27:39,2017-03-31 00:00:00,2017-03-13,2017-03-31 00:00:00.000000,2026-08-27T05:17:09.287600+00:00,D:/D drive recovery/Shiva JH/Projects/OneLake Medallion/data/landing/2017-03-13/orders.parquet,2017-03-13
45b8bb0bfeacbf5aebe4c3f5cbcd2b06,0734e8ed607954bb0d89e1d9435cec68,delivered,2017-03-13 23:46:04,2017-03-13 23:46:04,2017-03-14 10:22:22,2017-03-16 10:34:23,2017-04-03 00:00:00,2017-03-13,2017-04-03 00:00:00.000000,2026-08-27T05:17:09.287600+00:00,D:/D drive recovery/Shiva JH/Projects/OneLake Medallion/data/landing/2017-03-13/orders.parquet,2017-03-13
a12361dc52836f98226e3a57cf3569bf,e51a849b13ea096a88ed9cea9e9d8f4e,delivered,2017-03-13 10:30:25,2017-03-13 10:30:25,2017-03-16 08:32:58,2017-03-27 13:23:17,2017-04-07 00:00:00,2017-03-13,2017-04-07 00:00:00.000000,2026-08-27T05:17:09.287600+00:00,D:/D drive recovery/Shiva JH/Projects/OneLake Medallion/data/landing/2017-03-13/orders.parquet,2017-03-13
197fdb2270597913a3ba471f251d01c5,0e2e50595cfab0a0b7c2482dba5960ff,delivered,2017-03-25 08:21:56,2017-03-25 08:30:16,2017-03-27 14:40:02,2017-03-31 11:17:52,2017-04-13 00:00:00,2017-03-25,2017-04-13 00:00:00.000000,2026-08-27T05:17:09.287600+00:00,D:/D drive recovery/Shiva JH/Projects/OneLake Medallion/data/landing/2017-03-25/orders.parquet,2017-03-25
016b1af508245e59ef75d83e3fe20a92,aa57e2dd7b09a0f2cecef92f4d99395a,delivered,2017-04-06 17:19:53,2017-04-08 02:43:18,2017-04-10 16:33:47,2017-04-19 13:26:19,2017-05-02 00:00:00,2017-04-06,2017-05-02 00:00:00.000000,2026-08-27T05:17:09.287600+00:00,D:/D drive recovery/Shiva JH/Projects/OneLake Medallion/data/landing/2017-04-06/orders.parquet,2017-04-06
094af1d0ffa8afa4ddce0e4892491313,c743dace5b15ed39b17b44dc5ad44023,delivered,2017-04-06 17:01:33,2017-04-06 17:15:25,2017-04-07 09:59:07,2017-04-11 14:42:29,2017-05-08 00:00:00,2017-04-06,2017-05-08 00:00:00.000000,2026-08-27T05:17:09.287600+00:00,D:/D drive recovery/Shiva JH/Projects/OneLake Medallion/data/landing/2017-04-06/orders.parquet,2017-04-06
7d07b6c1321e0ae86b7d6205e015f0a1,2cdced5335b76d6e563bfa3a40bcf7a4,delivered,2017-04-18 23:33:17,2017-04-20 02:55:40,2017-04-20 12:22:11,2017-04-27 05:57:48,2017-05-10 00:00:00,2017-04-18,2017-05-10 00:00:00.000000,2026-08-27T05:17:09.287600+00:00,D:/D drive recovery/Shiva JH/Projects/OneLake Medallion/data/landing/2017-04-18/orders.parquet,2017-04-18
44a04882ddb9f1358c4d11d83027bed3,5f62afdc1739c7386e50cb62d45c64db,delivered,2017-04-18 12:40:51,2017-04-18 12:55:29,2017-04-19 10:46:16,2017-04-29 08:36:49,2017-05-16 00:00:00,2017-04-18,2017-05-16 00:00:00.000000,2026-08-27T05:17:09.287600+00:00,D:/D drive recovery/Shiva JH/Projects/OneLake Medallion/data/landing/2017-04-18/orders.parquet,2017-04-18
8bacc2f32b92ef5631a9c135352efee2,d3899636621793bce495e52632ae5b2e,delivered,2017-04-18 22:44:26,2017-04-18 22:55:24,2017-04-25 15:37:33,2017-05-15 12:08:21,2017-05-24 00:00:00,2017-04-18,2017-05-24 00:00:00.000000,2026-08-27T05:17:09.287600+00:00,D:/D drive recovery/Shiva JH/Projects/OneLake Medallion/data/landing/2017-04-18/orders.parquet,2017-04-18
58e005414df700025a261e572c2a9fc1,9a8448971700f88cd9be5838b9ead071,delivered,2017-05-12 17:46:25,2017-05-12 18:02:34,2017-05-15 08:31:24,2017-05-19 09:12:53,2017-06-05 00:00:00,2017-05-12,2017-06-05 00:00:00.000000,2026-08-27T05:17:09.287600+00:00,D:/D drive recovery/Shiva JH/Projects/OneLake Medallion/data/landing/2017-05-12/orders.parquet,2017-05-12
9dad14cb70926812afb5ca62be79f298,53f46f4de675eddf5155ed374fd47b14,delivered,2017-05-12 18:47:42,2017-05-12 19:02:53,2017-05-15 14:30:14,2017-05-17 00:04:59,2017-05-22 00:00:00,2017-05-12,2017-05-22 00:00:00.000000,2026-08-27T05:17:09.287600+00:00,D:/D drive recovery/Shiva JH/Projects/OneLake Medallion/data/landing/2017-05-12/orders.parquet,2017-05-12
7744b010dedfdb100e51ac9096022331,708f92fedcdcc81215419faa0026b753,delivered,2017-05-24 13:47:09,2017-05-24 14:02:38,2017-05-25 10:14:41,2017-05-29 10:33:02,2017-06-19 00:00:00,2017-05-24,2017-06-19 00:00:00.000000,2026-08-27T05:17:09.287600+00:00,D:/D drive recovery/Shiva JH/Projects/OneLake Medallion/data/landing/2017-05-24/orders.parquet,2017-05-24
162e41cca84030fa1901010d70ae0bed,f46866bee9c15d7a3882b4c4caf5495e,delivered,2017-05-24 16:08:55,2017-05-24 16:22:42,2017-05-26 04:37:38,2017-05-31 14:07:33,2017-06-19 00:00:00,2017-05-24,2017-06-19 00:00:00.000000,2026-08-27T05:17:09.287600+00:00,D:/D drive recovery/Shiva JH/Projects/OneLake Medallion/data/landing/2017-05-24/orders.parquet,2017-05-24
e2638c5bf9a25fab6628686b0ed83f9f,406a0bc4a37f2e94c87b90b6c2a9c921,delivered,2017-05-24 13:12:40,2017-05-26 02:35:28,2017-05-29 15:20:52,2017-06-06 13:29:14,2017-06-16 00:00:00,2017-05-24,2017-06-16 00:00:00.000000,2026-08-27T05:17:09.287600+00:00,D:/D drive recovery/Shiva JH/Projects/OneLake Medallion/data/landing/2017-05-24/orders.parquet,2017-05-24
a544402adb66ebc329117c687bd975a2,c33166e65d7f6c5d21dc3ee1afa2aea0,delivered,2017-06-05 18:23:47,2017-06-05 18:45:44,2017-06-14 15:38:13,2017-06-19 15:03:09,2017-07-06 00:00:00,2017-06-05,2017-07-06 00:00:00.000000,2026-08-27T05:17:09.287600+00:00,D:/D drive recovery/Shiva JH/Projects/OneLake Medallion/data/landing/2017-06-05/orders.parquet,2017-06-05
19179eded4e54ba2c63655b3708f4fc0,3da491a8515480c29699a85b1c8f294e,delivered,2017-06-05 23:17:04,2017-06-05 23:30:16,2017-06-08 06:35:28,2017-06-19 13:34:41,2017-07-04 00:00:00,2017-06-05,2017-07-04 00:00:00.000000,2026-08-27T05:17:09.287600+00:00,D:/D drive recovery/Shiva JH/Projects/OneLake Medallion/data/landing/2017-06-05/orders.parquet,2017-06-05
6122108ba6a69151ca91c80d6ce5eb75,61238ee709250f8eba322d023775d9cb,delivered,2017-06-05 21:32:39,2017-06-05 21:45:16,2017-06-07 12:38:03,2017-06-19 14:16:52,2017-06-30 00:00:00,2017-06-05,2017-06-30 00:00:00.000000,2026-08-27T05:17:09.287600+00:00,D:/D drive recovery/Shiva JH/Projects/OneLake Medallion/data/landing/2017-06-05/orders.parquet,2017-06-05
7ecfa19903fa2693cf01e180885b6235,23e090daa2ea17dcb009709652faeed6,delivered,2017-06-05 22:38:53,2017-06-07 02:35:24,2017-06-12 14:52:53,2017-06-19 21:25:53,2017-06-26 00:00:00,2017-06-05,2017-06-26 00:00:00.000000,2026-08-27T05:17:09.287600+00:00,D:/D drive recovery/Shiva JH/Projects/OneLake Medallion/data/landing/2017-06-05/orders.parquet,2017-06-05
5b6ef6be2fa71ebc92c95847830eb35f,0ab29e5915ad4ba4c6d77931b038a1ce,delivered,2017-06-17 12:46:11,2017-06-17 12:55:25,2017-06-19 16:43:03,2017-06-22 14:52:55,2017-07-11 00:00:00,2017-06-17,2017-07-11 00:00:00.000000,2026-08-27T05:17:09.287600+00:00,D:/D drive recovery/Shiva JH/Projects/OneLake Medallion/data/landing/2017-06-17/orders.parquet,2017-06-17
97b8a149d521ea9fbbbce767a458846e,b34d6bae5e0a3076568c8f04faad2c26,delivered,2017-06-17 21:58:41,2017-06-20 11:24:00,2017-07-06 10:27:36,2017-07-08 11:12:11,2017-06-30 00:00:00,2017-06-17,2017-07-08 11:12:11.000000,2026-08-27T05:17:09.287600+00:00,D:/D drive recovery/Shiva JH/Projects/OneLake Medallion/data/landing/2017-06-17/orders.parquet,2017-06-17
c26b94aa87e95d1c1eb1b592f43eb223,7aed8da5ae4e0e34226c47f3bf041956,delivered,2017-06-29 00:10:49,2017-06-29 00:23:33,2017-06-29 15:41:19,2017-07-10 17:36:56,2017-07-19 00:00:00,2017-06-29,2017-07-19 00:00:00.000000,2026-08-27T05:17:09.287600+00:00,D:/D drive recovery/Shiva JH/Projects/OneLake Medallion/data/landing/2017-06-29/orders.parquet,2017-06-29
655352dd31829855980e8ba883725b47,8f6b24a248a2780662e39a53745ce210,delivered,2017-06-29 11:14:31,2017-06-29 11:25:15,2017-07-03 15:07:50,2017-07-26 15:58:16,2017-08-02 00:00:00,2017-06-29,2017-08-02 00:00:00.000000,2026-08-27T05:17:09.287600+00:00,D:/D drive recovery/Shiva JH/Projects/OneLake Medallion/data/landing/2017-06-29/orders.parquet,2017-06-29
993628d27f2ae9981422ecb389adfa59,edb2388a9a41189e035599ca654a80ba,delivered,2017-06-29 09:34:50,2017-06-29 09:50:12,2017-07-03 14:42:55,2017-07-07 18:41:55,2017-07-21 00:00:00,2017-06-29,2017-07-21 00:00:00.000000,2026-08-27T05:17:09.287600+00:00,D:/D drive recovery/Shiva JH/Projects/OneLake Medallion/data/landing/2017-06-29/orders.parquet,2017-06-29
9e13610356ba6774adf5c06c32f8448f,2dfb12dc3644f26d06632a6068eee4ef,delivered,2017-07-11 14:46:59,2017-07-11 14:55:21,2017-07-12 19:51:12,2017-07-14 19:33:06,2017-08-02 00:00:00,2017-07-11,2017-08-02 00:00:00.000000,2026-08-27T05:17:09.287600+00:00,D:/D drive recovery/Shiva JH/Projects/OneLake Medallion/data/landing/2017-07-11/orders.parquet,2017-07-11
07429f7601b56a66d1854c79a2f5c9e5,aa9f03ecd3728c9bd12e6d962c66c7cb,delivered,2017-07-11 09:36:46,2017-07-11 09:50:30,2017-07-11 19:42:28,2017-07-21 20:06:22,2017-08-04 00:00:00,2017-07-11,2017-08-04 00:00:00.000000,2026-08-27T05:17:09.287600+00:00,D:/D drive recovery/Shiva JH/Projects/OneLake Medallion/data/landing/2017-07-11/orders.parquet,2017-07-11
d9f085069cebe18379f8a966f47e4cbe,1226271a46eb0334b4392f591183ba3a,delivered,2017-07-11 20:56:25,2017-07-11 21:36:01,2017-07-12 15:27:49,2017-07-19 19:03:15,2017-08-04 00:00:00,2017-07-11,2017-08-04 00:00:00.000000,2026-08-27T05:17:09.287600+00:00,D:/D drive recovery/Shiva JH/Projects/OneLake Medallion/data/landing/2017-07-11/orders.parquet,2017-07-11
2283bc123debf0264cfbdef89f109122,09a8e8def9850cfe020c94330814ce94,delivered,2017-07-11 01:33:33,2017-07-11 01:45:07,2017-07-14 21:39:57,2017-07-26 03:12:23,2017-08-04 00:00:00,2017-07-11,2017-08-04 00:00:00.000000,2026-08-27T05:17:09.287600+00:00,D:/D drive recovery/Shiva JH/Projects/OneLake Medallion/data/landing/2017-07-11/orders.parquet,2017-07-11
6a98e607278ee9f5ad38602191a60843,b3087d7feca1d902e69cc648e2ca2af2,delivered,2017-07-11 10:11:50,2017-07-11 10:23:41,2017-07-14 17:37:49,2017-08-09 19:51:51,2017-08-10 00:00:00,2017-07-11,2017-08-10 00:00:00.000000,2026-08-27T05:17:09.287600+00:00,D:/D drive recovery/Shiva JH/Projects/OneLake Medallion/data/landing/2017-07-11/orders.parquet,2017-07-11
f2664c7a8066f3a82b36c7c8f916eab4,ad5f23d9b1bace5cd40bb06d67f0f58f,delivered,2017-08-04 20:50:47,2017-08-04 21:05:18,2017-08-07 20:32:47,2017-08-23 18:57:39,2017-09-01 00:00:00,2017-08-04,2017-09-01 00:00:00.000000,2026-08-27T05:17:09.287600+00:00,D:/D drive recovery/Shiva JH/Projects/OneLake Medallion/data/landing/2017-08-04/orders.parquet,2017-08-04
6d25b49ec255fb0bffe632d77a6345ec,827cb9858a69567332c16a3975c79582,delivered,2017-08-04 10:02:29,2017-08-04 10:15:32,2017-08-14 21:07:39,2017-08-16 17:44:23,2017-08-25 00:00:00,2017-08-04,2017-08-25 00:00:00.000000,2026-08-27T05:17:09.287600+00:00,D:/D drive recovery/Shiva JH/Projects/OneLake Medallion/data/landing/2017-08-04/orders.parquet,2017-08-04
3c04118e4788bb999f7371015e3dbdbe,a2cd17436c82a68234fbda01562f6e50,delivered,2017-08-16 17:41:35,2017-08-16 18:24:43,2017-08-22 20:19:54,2017-08-25 13:52:33,2017-09-14 00:00:00,2017-08-16,2017-09-14 00:00:00.000000,2026-08-27T05:17:09.287600+00:00,D:/D drive recovery/Shiva JH/Projects/OneLake Medallion/data/landing/2017-08-16/orders.parquet,2017-08-16
9fe7878dd156cead30e4d3005fb93de7,072def7c90aeabad0f75ca64f1f5c093,delivered,2017-08-16 09:28:07,2017-08-18 02:26:04,2017-08-18 18:39:45,2017-08-23 18:53:02,2017-09-05 00:00:00,2017-08-16,2017-09-05 00:00:00.000000,2026-08-27T05:17:09.287600+00:00,D:/D drive recovery/Shiva JH/Projects/OneLake Medallion/data/landing/2017-08-16/orders.parquet,2017-08-16
ad267363f417fe1945d534f8df659562,1b6de3de93dd6da5e8ae0a0b57b5ef2e,delivered,2017-08-16 11:32:22,2017-08-17 02:55:15,2017-08-17 20:13:54,2017-08-24 21:53:56,2017-09-08 00:00:00,2017-08-16,2017-09-08 00:00:00.000000,2026-08-27T05:17:09.287600+00:00,D:/D drive recovery/Shiva JH/Projects/OneLake Medallion/data/landing/2017-08-16/orders.parquet,2017-08-16
0e4e2b4f0485ebee2020fa22ebe41766,2579c12f61f872d30a928bd4227a0bb9,delivered,2017-08-16 09:07:02,2017-08-16 09:25:21,2017-08-16 21:10:55,2017-08-28 21:49:54,2017-09-08 00:00:00,2017-08-16,2017-09-08 00:00:00.000000,2026-08-27T05:17:09.287600+00:00,D:/D drive recovery/Shiva JH/Projects/OneLake Medallion/data/landing/2017-08-16/orders.parquet,2017-08-16
fa0ee03f451f7e7f2df9fda0a1496bc0,6d12a6dbd030b8d275129c59aca0b128,delivered,2017-08-16 13:13:45,2017-08-16 13:50:06,2017-08-16 20:23:02,2017-08-18 21:52:16,2017-08-29 00:00:00,2017-08-16,2017-08-29 00:00:00.000000,2026-08-27T05:17:09.287600+00:00,D:/D drive recovery/Shiva JH/Projects/OneLake Medallion/data/landing/2017-08-16/orders.parquet,2017-08-16
311354a710a3326281f5ce1ff0149d09,e53c578177e0730ed942ea9b1e0ae7b8,delivered,2017-08-16 16:11:34,2017-08-16 17:30:19,2017-08-21 19:55:03,2017-08-25 22:19:48,2017-09-11 00:00:00,2017-08-16,2017-09-11 00:00:00.000000,2026-08-27T05:17:09.287600+00:00,D:/D drive recovery/Shiva JH/Projects/OneLake Medallion/data/landing/2017-08-16/orders.parquet,2017-08-16
9993e9c87a491b66f16f75f61d99fb61,b0fecb21589d0fa068b1d753aa8f024f,delivered,2017-08-16 17:02:10,2017-08-17 17:30:21,2017-08-18 21:08:37,2017-08-26 13:06:55,2017-09-08 00:00:00,2017-08-16,2017-09-08 00:00:00.000000,2026-08-27T05:17:09.287600+00:00,D:/D drive recovery/Shiva JH/Projects/OneLake Medallion/data/landing/2017-08-16/orders.parquet,2017-08-16
2fb7dfe5fec51c8a96ee5349c1faf9c0,572791c601e0c0a2331c6a900425d3f1,delivered,2017-08-16 11:14:55,2017-08-16 11:45:14,2017-08-22 21:25:32,2017-08-25 18:41:40,2017-09-13 00:00:00,2017-08-16,2017-09-13 00:00:00.000000,2026-08-27T05:17:09.287600+00:00,D:/D drive recovery/Shiva JH/Projects/OneLake Medallion/data/landing/2017-08-16/orders.parquet,2017-08-16
0d7409418627f0c642e73823145c505b,fa91f82f3d5d8fe6814035b85c202bff,delivered,2017-08-28 15:12:59,2017-08-28 15:25:31,2017-08-29 16:22:46,2017-09-04 18:13:06,2017-09-28 00:00:00,2017-08-28,2017-09-28 00:00:00.000000,2026-08-27T05:17:09.287600+00:00,D:/D drive recovery/Shiva JH/Projects/OneLake Medallion/data/landing/2017-08-28/orders.parquet,2017-08-28
c0fb1f0e7d72b79458a1e6a9b8165488,0c3abed07592371aae8849458ab83360,delivered,2017-08-28 08:47:13,2017-08-28 08:55:21,2017-09-06 21:52:24,2017-09-12 20:51:54,2017-09-19 00:00:00,2017-08-28,2017-09-19 00:00:00.000000,2026-08-27T05:17:09.287600+00:00,D:/D drive recovery/Shiva JH/Projects/OneLake Medallion/data/landing/2017-08-28/orders.parquet,2017-08-28
5b249d0d2a393d918ffae8d9de5dfb4c,15d6c1a012c2cdb6bb4d8e161bf4c855,delivered,2017-09-09 12:49:12,2017-09-09 13:05:09,2017-09-11 19:13:40,2017-09-25 18:52:10,2017-10-11 00:00:00,2017-09-09,2017-10-11 00:00:00.000000,2026-08-27T05:17:09.287600+00:00,D:/D drive recovery/Shiva JH/Projects/OneLake Medallion/data/landing/2017-09-09/orders.parquet,2017-09-09
9686875d0d9dcbe392244b6773605882,c2ac74cb6fba2dcb4aabfc8ca809e817,delivered,2017-09-09 12:42:19,2017-09-09 12:55:14,2017-09-11 20:37:28,2017-09-20 18:32:34,2017-09-29 00:00:00,2017-09-09,2017-09-29 00:00:00.000000,2026-08-27T05:17:09.287600+00:00,D:/D drive recovery/Shiva JH/Projects/OneLake Medallion/data/landing/2017-09-09/orders.parquet,2017-09-09
1a1aa9714d0f88e8a2b20b0c7c037d0b,1776cf3f62cb1daafb56c4010920c910,delivered,2017-09-21 22:46:26,2017-09-23 02:25:59,2017-09-26 19:58:52,2017-10-02 19:03:08,2017-10-20 00:00:00,2017-09-21,2017-10-20 00:00:00.000000,2026-08-27T05:17:09.287600+00:00,D:/D drive recovery/Shiva JH/Projects/OneLake Medallion/data/landing/2017-09-21/orders.parquet,2017-09-21
90289a17e4361481e6880e751590f140,9e14ac0a443b8dbca65c6d5b535caeb1,delivered,2017-09-21 11:06:58,2017-09-22 08:25:14,2017-09-22 17:28:03,2017-09-25 14:53:53,2017-10-06 00:00:00,2017-09-21,2017-10-06 00:00:00.000000,2026-08-27T05:17:09.287600+00:00,D:/D drive recovery/Shiva JH/Projects/OneLake Medallion/data/landing/2017-09-21/orders.parquet,2017-09-21
55826c853b7245fee48da8b2539b6944,7428ebf9b65a9179a769e6954befa195,delivered,2017-09-21 19:05:52,2017-09-22 12:44:19,2017-09-26 22:08:37,2017-10-03 19:48:05,2017-10-06 00:00:00,2017-09-21,2017-10-06 00:00:00.000000,2026-08-27T05:17:09.287600+00:00,D:/D drive recovery/Shiva JH/Projects/OneLake Medallion/data/landing/2017-09-21/orders.parquet,2017-09-21
52111a53370a73bd98fdd7144c9129e7,e16e9b2996e5773f979512d49da54240,delivered,2017-09-21 13:14:54,2017-09-21 13:25:55,2017-09-25 21:17:48,2017-10-05 19:42:05,2017-10-13 00:00:00,2017-09-21,2017-10-13 00:00:00.000000,2026-08-27T05:17:09.287600+00:00,D:/D drive recovery/Shiva JH/Projects/OneLake Medallion/data/landing/2017-09-21/orders.parquet,2017-09-21
fda140e135ccab872e95fb03e76ba27a,2ac2009b6df5fb2fe64b6665f29f2405,delivered,2017-10-03 12:53:53,2017-10-03 13:07:21,2017-10-05 20:05:31,2017-10-11 17:53:49,2017-11-01 00:00:00,2017-10-03,2017-11-01 00:00:00.000000,2026-08-27T05:17:09.287600+00:00,D:/D drive recovery/Shiva JH/Projects/OneLake Medallion/data/landing/2017-10-03/orders.parquet,2017-10-03
f7c983ea77108633138dd0ff5e2fbd3a,2625038eb968f0a5103f65539b3744f4,invoiced,2017-10-03 17:29:50,2017-10-04 02:43:39,,,2017-11-01 00:00:00,2017-10-03,2017-11-01 00:00:00.000000,2026-08-27T05:17:09.287600+00:00,D:/D drive recovery/Shiva JH/Projects/OneLake Medallion/data/landing/2017-10-03/orders.parquet,2017-10-03
e1171120e3b1615034d5372b0d3254a7,0678f749ee34f9175a0f054d2dd19131,delivered,2017-10-03 17:10:52,2017-10-03 17:24:46,2017-10-05 15:02:53,2017-10-11 17:32:38,2017-11-03 00:00:00,2017-10-03,2017-11-03 00:00:00.000000,2026-08-27T05:17:09.287600+00:00,D:/D drive recovery/Shiva JH/Projects/OneLake Medallion/data/landing/2017-10-03/orders.parquet,2017-10-03
e2c195168dcfb7f5465c1b342ac094ee,61a7c7e572b59b43e4949306cc785b67,delivered,2017-10-03 12:18:28,2017-10-03 12:35:18,2017-10-04 17:14:40,2017-10-10 19:08:17,2017-11-07 00:00:00,2017-10-03,2017-11-07 00:00:00.000000,2026-08-27T05:17:09.287600+00:00,D:/D drive recovery/Shiva JH/Projects/OneLake Medallion/data/landing/2017-10-03/orders.parquet,2017-10-03
1e54ddebe12a41afeba0ff4dff0613f8,12e316915fbac49913add2f1a53b05f9,delivered,2017-10-03 07:24:06,2017-10-03 07:49:10,2017-10-06 21:00:15,2017-10-13 18:57:37,2017-10-30 00:00:00,2017-10-03,2017-10-30 00:00:00.000000,2026-08-27T05:17:09.287600+00:00,D:/D drive recovery/Shiva JH/Projects/OneLake Medallion/data/landing/2017-10-03/orders.parquet,2017-10-03
8c7b47a875c412c4303eefc88e9d92c9,a76bc2d372186cd87b857191c77f2270,delivered,2017-10-03 20:39:34,2017-10-04 20:49:32,2017-10-05 18:27:32,2017-10-09 18:12:34,2017-10-27 00:00:00,2017-10-03,2017-10-27 00:00:00.000000,2026-08-27T05:17:09.287600+00:00,D:/D drive recovery/Shiva JH/Projects/OneLake Medallion/data/landing/2017-10-03/orders.parquet,2017-10-03
07dcf38560b8c50e101b3281edda6112,8aaad69c0f33504ee7c6bad3ae9e20a6,delivered,2017-10-03 15:04:22,2017-10-04 02:49:20,2017-10-04 19:16:54,2017-10-06 20:12:43,2017-10-25 00:00:00,2017-10-03,2017-10-25 00:00:00.000000,2026-08-27T05:17:09.287600+00:00,D:/D drive recovery/Shiva JH/Projects/OneLake Medallion/data/landing/2017-10-03/orders.parquet,2017-10-03
d76365196bbcbd01da5825472503cf32,d601beb029e532aeff82426830730d49,delivered,2017-10-15 23:06:38,2017-10-15 23:27:10,2017-10-16 14:39:06,2017-10-21 13:08:50,2017-11-09 00:00:00,2017-10-15,2017-11-09 00:00:00.000000,2026-08-27T05:17:09.287600+00:00,D:/D drive recovery/Shiva JH/Projects/OneLake Medallion/data/landing/2017-10-15/orders.parquet,2017-10-15
862492c97a277f223e8cb4d665d80c0a,3620f09ca2a6965b41b067de5a1d6ce3,delivered,2017-10-15 23:13:26,2017-10-17 03:46:09,2017-10-23 18:37:34,2017-10-27 20:30:00,2017-11-01 00:00:00,2017-10-15,2017-11-01 00:00:00.000000,2026-08-27T05:17:09.287600+00:00,D:/D drive recovery/Shiva JH/Projects/OneLake Medallion/data/landing/2017-10-15/orders.parquet,2017-10-15
7ecd6da80b57a803fc59819f59bcdc4b,db31c70471654ee86b2d2d33de44052c,delivered,2017-10-27 11:43:49,2017-10-27 11:55:22,2017-11-01 20:42:09,2017-11-08 16:51:50,2017-12-05 00:00:00,2017-10-27,2017-12-05 00:00:00.000000,2026-08-27T05:17:09.287600+00:00,D:/D drive recovery/Shiva JH/Projects/OneLake Medallion/data/landing/2017-10-27/orders.parquet,2017-10-27
b36055b266e36286316fa70c35de581a,7cf4e2e0507462c568d10dd059a1c498,delivered,2017-10-27 08:47:05,2017-10-28 03:06:51,2017-11-01 15:18:52,2017-11-10 22:02:56,2017-11-17 00:00:00,2017-10-27,2017-11-17 00:00:00.000000,2026-08-27T05:17:09.287600+00:00,D:/D drive recovery/Shiva JH/Projects/OneLake Medallion/data/landing/2017-10-27/orders.parquet,2017-10-27
ce6615d572a95ae4df7bcb227fa4d3a0,16b1c67999265df183e86f6a29d83626,delivered,2017-10-27 17:12:30,2017-10-27 17:31:14,2017-10-30 22:14:14,2017-11-07 21:04:49,2017-11-21 00:00:00,2017-10-27,2017-11-21 00:00:00.000000,2026-08-27T05:17:09.287600+00:00,D:/D drive recovery/Shiva JH/Projects/OneLake Medallion/data/landing/2017-10-27/orders.parquet,2017-10-27
1457abef78cd241e85fd946503cb4e16,344ee65ac116bd585ab8ee04a18597e5,delivered,2017-10-27 13:13:53,2017-10-27 13:30:09,2017-11-01 00:03:26,2017-11-07 19:16:47,2017-11-13 00:00:00,2017-10-27,2017-11-13 00:00:00.000000,2026-08-27T05:17:09.287600+00:00,D:/D drive recovery/Shiva JH/Projects/OneLake Medallion/data/landing/2017-10-27/orders.parquet,2017-10-27
60a348897e04524c8ab3287426da6417,525185a800077c70130ecd1c22addb06,delivered,2017-10-27 12:21:31,2017-10-27 12:47:53,2017-10-31 20:22:02,2017-11-16 11:42:02,2017-11-16 00:00:00,2017-10-27,2017-11-16 11:42:02.000000,2026-08-27T05:17:09.287600+00:00,D:/D drive recovery/Shiva JH/Projects/OneLake Medallion/data/landing/2017-10-27/orders.parquet,2017-10-27
1446f87ab63443ca948c7faa3d7ef194,eb01d4ef6bd5691607289b7f83bbfd7e,delivered,2017-11-08 15:13:33,2017-11-08 15:26:56,2017-11-09 18:41:49,2017-11-14 23:18:56,2017-12-05 00:00:00,2017-11-08,2017-12-05 00:00:00.000000,2026-08-27T05:17:09.287600+00:00,D:/D drive recovery/Shiva JH/Projects/OneLake Medallion/data/landing/2017-11-08/orders.parquet,2017-11-08
4316bb50be3f59538c354e3d820f1d9c,53d0d57a831ac8e59163b26f673c286b,delivered,2017-11-08 16:45:13,2017-11-08 17:30:51,2017-11-09 23:18:37,2017-11-29 23:15:51,2017-12-04 00:00:00,2017-11-08,2017-12-04 00:00:00.000000,2026-08-27T05:17:09.287600+00:00,D:/D drive recovery/Shiva JH/Projects/OneLake Medallion/data/landing/2017-11-08/orders.parquet,2017-11-08
6951c3fa48b145ff2b579b11554d8116,47377a11634958c58ce218a27af0854c,delivered,2017-11-20 20:02:06,2017-11-20 20:13:30,2017-11-22 18:38:59,2017-11-29 21:13:33,2017-12-11 00:00:00,2017-11-20,2017-12-11 00:00:00.000000,2026-08-27T05:17:09.287600+00:00,D:/D drive recovery/Shiva JH/Projects/OneLake Medallion/data/landing/2017-11-20/orders.parquet,2017-11-20
3a20bcc250e5404ca717dfa90e8a9c05,9fa6244400a4503b42cde3c30b3d268e,delivered,2017-11-20 13:26:25,2017-11-20 13:37:25,2017-11-22 00:52:52,2017-12-11 22:24:54,2017-12-07 00:00:00,2017-11-20,2017-12-11 22:24:54.000000,2026-08-27T05:17:09.287600+00:00,D:/D drive recovery/Shiva JH/Projects/OneLake Medallion/data/landing/2017-11-20/orders.parquet,2017-11-20
88355d23a2bdd3a707ab181aef5411e8,b2d4e0ab0bb21afe0f13b00f7b824fad,delivered,2017-11-20 10:59:42,2017-11-20 12:17:29,2017-11-21 14:39:50,2017-11-22 20:38:42,2017-12-01 00:00:00,2017-11-20,2017-12-01 00:00:00.000000,2026-08-27T05:17:09.287600+00:00,D:/D drive recovery/Shiva JH/Projects/OneLake Medallion/data/landing/2017-11-20/orders.parquet,2017-11-20
feebc8143071c1f555cbce155a2d8295,341f4b6e7a25adaa50015c85fd5f1f9c,delivered,2017-11-20 10:59:25,2017-11-22 02:47:21,2017-11-22 13:26:59,2017-12-18 22:45:13,2017-12-19 00:00:00,2017-11-20,2017-12-19 00:00:00.000000,2026-08-27T05:17:09.287600+00:00,D:/D drive recovery/Shiva JH/Projects/OneLake Medallion/data/landing/2017-11-20/orders.parquet,2017-11-20
284a65b124f634fdf426aa8e768fe8ab,24e2fbf2466ea2ac4ba5541f92c4ef8b,delivered,2017-12-02 21:24:09,2017-12-02 21:40:52,2017-12-05 22:33:23,2018-01-22 21:07:44,2018-01-05 00:00:00,2017-12-02,2018-01-22 21:07:44.000000,2026-08-27T05:17:09.287600+00:00,D:/D drive recovery/Shiva JH/Projects/OneLake Medallion/data/landing/2017-12-02/orders.parquet,2017-12-02
b7500c718b66aa61283dcc1565a39bf0,d353a31eae848027881dd6f027102350,delivered,2017-12-02 16:24:27,2017-12-05 04:11:53,2017-12-11 19:48:47,2018-01-05 00:53:37,2018-01-10 00:00:00,2017-12-02,2018-01-10 00:00:00.000000,2026-08-27T05:17:09.287600+00:00,D:/D drive recovery/Shiva JH/Projects/OneLake Medallion/data/landing/2017-12-02/orders.parquet,2017-12-02
205e94cc10bf8b9be1917d15963e6648,b6dc654ea3ba172d3acd4a753b12359a,delivered,2017-12-02 11:06:09,2017-12-02 11:18:28,2017-12-06 02:32:55,2017-12-20 21:12:58,2018-01-02 00:00:00,2017-12-02,2018-01-02 00:00:00.000000,2026-08-27T05:17:09.287600+00:00,D:/D drive recovery/Shiva JH/Projects/OneLake Medallion/data/landing/2017-12-02/orders.parquet,2017-12-02
80242ba2ebddeb4f86af40cd158ff6fc,baab79e0d26b39fb2c5b48b108045c30,delivered,2017-12-02 08:58:38,2017-12-02 09:09:18,2017-12-04 22:15:19,2017-12-18 21:04:45,2017-12-27 00:00:00,2017-12-02,2017-12-27 00:00:00.000000,2026-08-27T05:17:09.287600+00:00,D:/D drive recovery/Shiva JH/Projects/OneLake Medallion/data/landing/2017-12-02/orders.parquet,2017-12-02
2ca72b762bd6252e6d2ffb6188556add,26480f610ed26b28b18d2dbc0e0f3efb,delivered,2017-12-14 15:15:06,2017-12-14 15:31:27,2017-12-15 23:28:49,2018-01-05 19:55:06,2018-01-12 00:00:00,2017-12-14,2018-01-12 00:00:00.000000,2026-08-27T05:17:09.287600+00:00,D:/D drive recovery/Shiva JH/Projects/OneLake Medallion/data/landing/2017-12-14/orders.parquet,2017-12-14
91bcb2a4582479914b3c1e17a7464caa,6c9aa2a966336aff2f22be9da776f8c8,delivered,2017-12-14 00:29:03,2017-12-14 00:36:23,2017-12-26 18:49:55,2017-12-30 13:11:05,2018-01-17 00:00:00,2017-12-14,2018-01-17 00:00:00.000000,2026-08-27T05:17:09.287600+00:00,D:/D drive recovery/Shiva JH/Projects/OneLake Medallion/data/landing/2017-12-14/orders.parquet,2017-12-14
950d73734673943202a34946bb62db32,1ac612d46ac895dbe3666d3116b90a19,delivered,2017-12-14 10:37:19,2017-12-14 10:46:22,2017-12-14 18:53:15,2017-12-28 21:29:04,2018-01-10 00:00:00,2017-12-14,2018-01-10 00:00:00.000000,2026-08-27T05:17:09.287600+00:00,D:/D drive recovery/Shiva JH/Projects/OneLake Medallion/data/landing/2017-12-14/orders.parquet,2017-12-14
44899a0a37e97bd716c345a12ad20bbe,8727f4771a4e25695244eaf3588dd8d0,delivered,2017-12-14 16:52:18,2017-12-14 17:13:05,2017-12-18 21:48:06,2018-01-05 17:38:25,2018-01-09 00:00:00,2017-12-14,2018-01-09 00:00:00.000000,2026-08-27T05:17:09.287600+00:00,D:/D drive recovery/Shiva JH/Projects/OneLake Medallion/data/landing/2017-12-14/orders.parquet,2017-12-14
aeee18f9e96661619be19ae8346c072e,8b41260e4f96818d4497b04d0f6a5ba7,delivered,2017-12-14 20:38:16,2017-12-14 20:59:19,2017-12-15 21:27:50,2017-12-20 21:54:53,2018-01-11 00:00:00,2017-12-14,2018-01-11 00:00:00.000000,2026-08-27T05:17:09.287600+00:00,D:/D drive recovery/Shiva JH/Projects/OneLake Medallion/data/landing/2017-12-14/orders.parquet,2017-12-14
528d7f1b0be23f9c70baba6be75d8a26,6a662dd18fc19343c615f9bb28a1cbd4,delivered,2017-12-14 16:08:51,2017-12-15 02:17:15,2017-12-15 19:33:11,2017-12-27 19:32:28,2018-01-12 00:00:00,2017-12-14,2018-01-12 00:00:00.000000,2026-08-27T05:17:09.287600+00:00,D:/D drive recovery/Shiva JH/Projects/OneLake Medallion/data/landing/2017-12-14/orders.parquet,2017-12-14
cd23f3689cab3a020096a36f849bcd20,869d14fde517fd8a5fa8016fbf4f7103,delivered,2017-12-14 16:34:00,2017-12-14 17:32:32,2017-12-15 23:48:45,2017-12-26 16:37:17,2018-01-12 00:00:00,2017-12-14,2018-01-12 00:00:00.000000,2026-08-27T05:17:09.287600+00:00,D:/D drive recovery/Shiva JH/Projects/OneLake Medallion/data/landing/2017-12-14/orders.parquet,2017-12-14
bb9e3fdfc33f7fe56fd38f6adacf760f,36d29f1c80a81a79fbf6185b00b5ce3c,delivered,2017-12-26 14:45:54,2017-12-26 14:53:21,2017-12-27 17:54:42,2018-01-20 00:18:46,2018-01-29 00:00:00,2017-12-26,2018-01-29 00:00:00.000000,2026-08-27T05:17:09.287600+00:00,D:/D drive recovery/Shiva JH/Projects/OneLake Medallion/data/landing/2017-12-26/orders.parquet,2017-12-26
e2862f848920abc6614808a5f4b9e963,7a20a7fb3709bf1c19eddf31aeba42a9,delivered,2017-12-26 09:27:32,2017-12-26 09:37:31,2017-12-26 22:46:35,2018-01-19 18:33:44,2018-01-24 00:00:00,2017-12-26,2018-01-24 00:00:00.000000,2026-08-27T05:17:09.287600+00:00,D:/D drive recovery/Shiva JH/Projects/OneLake Medallion/data/landing/2017-12-26/orders.parquet,2017-12-26
18eb214910ec2bded53b74594b53a8ec,248a02852ca9e93f364a79a8afedaca1,delivered,2017-12-26 12:25:18,2017-12-26 12:48:57,2018-01-10 14:20:28,2018-01-23 22:19:33,2018-03-07 00:00:00,2017-12-26,2018-03-07 00:00:00.000000,2026-08-27T05:17:09.287600+00:00,D:/D drive recovery/Shiva JH/Projects/OneLake Medallion/data/landing/2017-12-26/orders.parquet,2017-12-26
40bc1f323f6bb2c5fb7d2cae41952a21,c9a85d631448cbcb9158f6aef1d2d853,delivered,2018-01-07 02:39:53,2018-01-08 16:52:29,2018-01-10 17:36:03,2018-01-15 18:08:45,2018-01-31 00:00:00,2018-01-07,2018-01-31 00:00:00.000000,2026-08-27T05:17:09.287600+00:00,D:/D drive recovery/Shiva JH/Projects/OneLake Medallion/data/landing/2018-01-07/orders.parquet,2018-01-07
ef690426d84aff4f5560cb63d1092557,fcf4489206e85420f841813c98df6e33,delivered,2018-01-07 16:31:00,2018-01-08 16:28:17,2018-01-09 23:33:13,2018-01-13 16:58:55,2018-02-01 00:00:00,2018-01-07,2018-02-01 00:00:00.000000,2026-08-27T05:17:09.287600+00:00,D:/D drive recovery/Shiva JH/Projects/OneLake Medallion/data/landing/2018-01-07/orders.parquet,2018-01-07
ad6162000c72729addfa515bacd820a5,6f22ed5aa46ca6f81f3fee4bc5628b03,delivered,2018-01-07 18:10:41,2018-01-07 18:26:51,2018-01-09 14:39:52,2018-01-16 21:08:25,2018-02-06 00:00:00,2018-01-07,2018-02-06 00:00:00.000000,2026-08-27T05:17:09.287600+00:00,D:/D drive recovery/Shiva JH/Projects/OneLake Medallion/data/landing/2018-01-07/orders.parquet,2018-01-07
b4ea6b63bcab8995631b98deef749657,cd76fc0e4f0234fc6bdf0bb3898f31cf,delivered,2018-01-19 17:20:56,2018-01-19 17:42:41,2018-01-22 19:52:55,2018-01-23 23:36:41,2018-02-05 00:00:00,2018-01-19,2018-02-05 00:00:00.000000,2026-08-27T05:17:09.287600+00:00,D:/D drive recovery/Shiva JH/Projects/OneLake Medallion/data/landing/2018-01-19/orders.parquet,2018-01-19
25f3b8d528da241b7344e926baf475e1,a22842bd12e534cf34d12567bb96afde,delivered,2018-01-19 21:04:06,2018-01-19 21:12:23,2018-01-22 20:03:35,2018-01-23 16:44:47,2018-02-05 00:00:00,2018-01-19,2018-02-05 00:00:00.000000,2026-08-27T05:17:09.287600+00:00,D:/D drive recovery/Shiva JH/Projects/OneLake Medallion/data/landing/2018-01-19/orders.parquet,2018-01-19
85cebb5f41967daca44f7c7883856f96,9668acd4745aa7554baf734a6e880ac0,delivered,2018-01-19 20:20:18,2018-01-19 20:29:53,2018-01-25 18:09:19,2018-01-29 18:39:36,2018-02-20 00:00:00,2018-01-19,2018-02-20 00:00:00.000000,2026-08-27T05:17:09.287600+00:00,D:/D drive recovery/Shiva JH/Projects/OneLake Medallion/data/landing/2018-01-19/orders.parquet,2018-01-19
cdd73574196041c23e5d79e121180830,f4088a81cdec0dfe42722a468febb0bf,delivered,2018-01-19 00:00:56,2018-01-19 00:11:42,2018-01-19 22:29:13,2018-01-26 22:48:30,2018-02-20 00:00:00,2018-01-19,2018-02-20 00:00:00.000000,2026-08-27T05:17:09.287600+00:00,D:/D drive recovery/Shiva JH/Projects/OneLake Medallion/data/landing/2018-01-19/orders.parquet,2018-01-19
18837d7b525922b9023193325e574a6c,a3f2f76214e3712c7a3fa44c354c401d,delivered,2018-01-19 15:48:49,2018-01-19 16:15:02,2018-01-22 17:39:33,2018-01-29 17:56:57,2018-02-16 00:00:00,2018-01-19,2018-02-16 00:00:00.000000,2026-08-27T05:17:09.287600+00:00,D:/D drive recovery/Shiva JH/Projects/OneLake Medallion/data/landing/2018-01-19/orders.parquet,2018-01-19
5236307716393b7114b53ee991f36956,03fc97548af8f58fefc768d12b546c9c,delivered,2018-01-31 18:55:36,2018-01-31 19:11:15,2018-02-05 22:44:47,2018-02-16 13:27:08,2018-02-22 00:00:00,2018-01-31,2018-02-22 00:00:00.000000,2026-08-27T05:17:09.287600+00:00,D:/D drive recovery/Shiva JH/Projects/OneLake Medallion/data/landing/2018-01-31/orders.parquet,2018-01-31
86c1a1c5de6b99e0aed1e7f053862ff9,aea90054cb9facaca9c6f762e3483a5a,delivered,2018-01-31 14:38:02,2018-02-02 02:55:29,2018-02-05 20:03:42,2018-02-14 21:38:43,2018-02-22 00:00:00,2018-01-31,2018-02-22 00:00:00.000000,2026-08-27T05:17:09.287600+00:00,D:/D drive recovery/Shiva JH/Projects/OneLake Medallion/data/landing/2018-01-31/orders.parquet,2018-01-31
e07a84ec1cfd8380eecb3f1a2afa7eb6,3791df675a28c5b326e0056d5128ed44,delivered,2018-01-31 22:18:51,2018-01-31 22:35:37,2018-02-01 18:12:27,2018-02-15 19:03:51,2018-03-05 00:00:00,2018-01-31,2018-03-05 00:00:00.000000,2026-08-27T05:17:09.287600+00:00,D:/D drive recovery/Shiva JH/Projects/OneLake Medallion/data/landing/2018-01-31/orders.parquet,2018-01-31
16b8cfa26ae224399e457bd5aa7918b8,c1e72004ebab4f632d1fd8c7fec05552,delivered,2018-01-31 16:28:53,2018-01-31 16:51:27,2018-02-01 19:38:58,2018-02-20 22:59:13,2018-03-02 00:00:00,2018-01-31,2018-03-02 00:00:00.000000,2026-08-27T05:17:09.287600+00:00,D:/D drive recovery/Shiva JH/Projects/OneLake Medallion/data/landing/2018-01-31/orders.parquet,2018-01-31
5175f15824e2cc42b048406820e7d7ce,548b752138038c6732385029fefe9166,delivered,2018-02-12 23:55:18,2018-02-13 00:08:10,2018-02-14 19:54:57,2018-02-26 22:37:06,2018-03-06 00:00:00,2018-02-12,2018-03-06 00:00:00.000000,2026-08-27T05:17:09.287600+00:00,D:/D drive recovery/Shiva JH/Projects/OneLake Medallion/data/landing/2018-02-12/orders.parquet,2018-02-12
b34456bfbeeab3b57566ff099173e885,c7f1bd63e0681d50969d7f0eeb4b6dc4,delivered,2018-02-12 12:48:55,2018-02-12 13:08:10,2018-02-15 19:56:33,2018-02-27 16:33:09,2018-03-21 00:00:00,2018-02-12,2018-03-21 00:00:00.000000,2026-08-27T05:17:09.287600+00:00,D:/D drive recovery/Shiva JH/Projects/OneLake Medallion/data/landing/2018-02-12/orders.parquet,2018-02-12
cf287f639abd10b1630574c4a065d4f1,a193aa8d905b8e2460a1f49e26caa4a9,delivered,2018-02-12 18:04:28,2018-02-12 18:10:32,2018-02-14 22:58:48,2018-02-16 22:32:51,2018-02-26 00:00:00,2018-02-12,2018-02-26 00:00:00.000000,2026-08-27T05:17:09.287600+00:00,D:/D drive recovery/Shiva JH/Projects/OneLake Medallion/data/landing/2018-02-12/orders.parquet,2018-02-12
a557df88b44a07cf9885eb897089f0f9,bbd19dc1cbec6e7a4de9dd1ea15e2691,delivered,2018-02-12 00:32:17,2018-02-12 00:50:33,2018-02-19 23:52:18,2018-03-07 16:56:58,2018-03-28 00:00:00,2018-02-12,2018-03-28 00:00:00.000000,2026-08-27T05:17:09.287600+00:00,D:/D drive recovery/Shiva JH/Projects/OneLake Medallion/data/landing/2018-02-12/orders.parquet,2018-02-12
814948d5529f58dfc7bf33ac7f6adba4,c1920381ca76e6233bb28335454d6799,delivered,2018-02-12 21:43:34,2018-02-19 08:55:34,2018-02-22 00:03:54,2018-02-27 16:35:36,2018-03-09 00:00:00,2018-02-12,2018-03-09 00:00:00.000000,2026-08-27T05:17:09.287600+00:00,D:/D drive recovery/Shiva JH/Projects/OneLake Medallion/data/landing/2018-02-12/orders.parquet,2018-02-12
cf751a641521be29ac2213cd1756490b,9838497c3447f481f14b780164c2823a,delivered,2018-02-12 22:18:44,2018-02-16 07:55:30,2018-02-19 23:13:16,2018-03-01 19:33:58,2018-03-16 00:00:00,2018-02-12,2018-03-16 00:00:00.000000,2026-08-27T05:17:09.287600+00:00,D:/D drive recovery/Shiva JH/Projects/OneLake Medallion/data/landing/2018-02-12/orders.parquet,2018-02-12
ac6a6a3e424f679d5069f2cac25e1022,93e03cca3b7ba4bd4672f52bab2983c9,delivered,2018-02-12 12:21:20,2018-02-15 03:55:32,2018-02-15 19:51:20,2018-02-26 23:43:53,2018-03-09 00:00:00,2018-02-12,2018-03-09 00:00:00.000000,2026-08-27T05:17:09.287600+00:00,D:/D drive recovery/Shiva JH/Projects/OneLake Medallion/data/landing/2018-02-12/orders.parquet,2018-02-12
69bc60eaf6ebaa60161426acc2dc5fb4,0b47866f6acf641f66da758074842c0c,delivered,2018-02-24 22:03:42,2018-02-24 22:15:30,2018-02-27 18:05:28,2018-03-16 19:43:36,2018-03-16 00:00:00,2018-02-24,2018-03-16 19:43:36.000000,2026-08-27T05:17:09.287600+00:00,D:/D drive recovery/Shiva JH/Projects/OneLake Medallion/data/landing/2018-02-24/orders.parquet,2018-02-24
45046e1ecaba60bb78aab9cee0da08f5,78dbd9bbc19efcbc2dc802f2fcf30d9c,delivered,2018-02-24 21:51:40,2018-02-24 22:08:29,2018-02-27 19:26:30,2018-03-21 22:41:44,2018-03-19 00:00:00,2018-02-24,2018-03-21 22:41:44.000000,2026-08-27T05:17:09.287600+00:00,D:/D drive recovery/Shiva JH/Projects/OneLake Medallion/data/landing/2018-02-24/orders.parquet,2018-02-24
cc61a8a634ed495116b2ce1fc8d1a1e1,bbf8f328e19099524bfbfe53ecf2055c,delivered,2018-02-24 12:00:07,2018-02-24 12:15:30,2018-02-26 23:43:07,2018-04-24 20:54:46,2018-03-16 00:00:00,2018-02-24,2018-04-24 20:54:46.000000,2026-08-27T05:17:09.287600+00:00,D:/D drive recovery/Shiva JH/Projects/OneLake Medallion/data/landing/2018-02-24/orders.parquet,2018-02-24
e09138cfa9999701ae2e856b3a5eea54,2a061f412d40c0707dbfe200f491693f,delivered,2018-02-24 17:32:13,2018-02-24 17:50:23,2018-02-26 20:59:43,2018-03-08 20:03:28,2018-03-19 00:00:00,2018-02-24,2018-03-19 00:00:00.000000,2026-08-27T05:17:09.287600+00:00,D:/D drive recovery/Shiva JH/Projects/OneLake Medallion/data/landing/2018-02-24/orders.parquet,2018-02-24
395e54e708db966770b5dcc0ad2d93d4,e3fbec62102fa25ac23f3444551f59c6,delivered,2018-03-08 01:03:40,2018-03-08 01:40:32,2018-03-08 19:36:20,2018-03-13 09:22:19,2018-04-04 00:00:00,2018-03-08,2018-04-04 00:00:00.000000,2026-08-27T05:17:09.287600+00:00,D:/D drive recovery/Shiva JH/Projects/OneLake Medallion/data/landing/2018-03-08/orders.parquet,2018-03-08
a5df54b2f6e8aeb73d9547b791a51823,4e29f7fe55a7292b5487b759e9c59a02,delivered,2018-03-08 15:59:21,2018-03-08 16:54:48,2018-03-12 20:33:06,2018-03-20 22:44:51,2018-04-05 00:00:00,2018-03-08,2018-04-05 00:00:00.000000,2026-08-27T05:17:09.287600+00:00,D:/D drive recovery/Shiva JH/Projects/OneLake Medallion/data/landing/2018-03-08/orders.parquet,2018-03-08
a0bd30e5d025046a3a4bc67e02ca6a3a,def8a94426e0c4056edba77cd10b8159,delivered,2018-03-20 07:41:45,2018-03-21 02:56:03,2018-03-21 19:22:28,2018-04-05 17:32:21,2018-04-10 00:00:00,2018-03-20,2018-04-10 00:00:00.000000,2026-08-27T05:17:09.287600+00:00,D:/D drive recovery/Shiva JH/Projects/OneLake Medallion/data/landing/2018-03-20/orders.parquet,2018-03-20
adaeda2bff57a2960eb4710347cbffa4,b221a1216ce25664765639f2753409f3,delivered,2018-03-20 13:51:16,2018-03-21 13:48:13,2018-03-23 01:26:36,2018-04-02 17:44:20,2018-04-17 00:00:00,2018-03-20,2018-04-17 00:00:00.000000,2026-08-27T05:17:09.287600+00:00,D:/D drive recovery/Shiva JH/Projects/OneLake Medallion/data/landing/2018-03-20/orders.parquet,2018-03-20
c047e1042ab337c92ea23d512b54c5bf,dcd807e8478e48fc1ea524e8d2fc1b79,delivered,2018-03-20 19:32:40,2018-03-20 19:48:27,2018-03-21 19:16:40,2018-04-09 17:04:10,2018-04-11 00:00:00,2018-03-20,2018-04-11 00:00:00.000000,2026-08-27T05:17:09.287600+00:00,D:/D drive recovery/Shiva JH/Projects/OneLake Medallion/data/landing/2018-03-20/orders.parquet,2018-03-20
bfcec6fcc6a68c5505537bb8a0a38039,f40cc9209965e48412fc7fcef541113e,canceled,2018-03-20 19:22:08,2018-03-20 19:35:27,,,2018-04-06 00:00:00,2018-03-20,2018-04-06 00:00:00.000000,2026-08-27T05:17:09.287600+00:00,D:/D drive recovery/Shiva JH/Projects/OneLake Medallion/data/landing/2018-03-20/orders.parquet,2018-03-20
bb45e059db1abcd5cedfdacadc9abd5e,6c3712cbeb56a32291f1938392ab7a36,delivered,2018-03-20 12:08:39,2018-03-20 12:28:39,2018-03-20 22:03:37,2018-03-21 23:07:47,2018-04-02 00:00:00,2018-03-20,2018-04-02 00:00:00.000000,2026-08-27T05:17:09.287600+00:00,D:/D drive recovery/Shiva JH/Projects/OneLake Medallion/data/landing/2018-03-20/orders.parquet,2018-03-20
6c1b56e12310e446624917427d430c95,78dd48a05a217df468b6c598369075c9,delivered,2018-03-20 22:02:46,2018-03-20 22:15:42,2018-03-26 20:41:48,2018-03-27 23:28:45,2018-04-02 00:00:00,2018-03-20,2018-04-02 00:00:00.000000,2026-08-27T05:17:09.287600+00:00,D:/D drive recovery/Shiva JH/Projects/OneLake Medallion/data/landing/2018-03-20/orders.parquet,2018-03-20
1e5a6ddd2dbe3e6f65699e6e643dc5cf,ad90f3af913ffd92df5465d726858001,shipped,2018-03-20 13:52:52,2018-03-20 14:09:32,2018-03-21 21:17:44,,2018-04-13 00:00:00,2018-03-20,2018-04-13 00:00:00.000000,2026-08-27T05:17:09.287600+00:00,D:/D drive recovery/Shiva JH/Projects/OneLake Medallion/data/landing/2018-03-20/orders.parquet,2018-03-20
681ab8d80849148ae66f3f191a142a1f,ad2cd139d2158c76a9dd5508150c95f3,delivered,2018-03-20 14:29:41,2018-03-20 14:49:25,2018-03-22 21:35:59,2018-03-31 14:13:36,2018-04-11 00:00:00,2018-03-20,2018-04-11 00:00:00.000000,2026-08-27T05:17:09.287600+00:00,D:/D drive recovery/Shiva JH/Projects/OneLake Medallion/data/landing/2018-03-20/orders.parquet,2018-03-20
ffec1a6d35149778ec575d5048d44db8,970ca115b43314d95949db28ed73aa78,delivered,2018-03-20 12:47:53,2018-03-22 02:49:46,2018-03-27 17:06:34,2018-03-28 18:54:28,2018-04-02 00:00:00,2018-03-20,2018-04-02 00:00:00.000000,2026-08-27T05:17:09.287600+00:00,D:/D drive recovery/Shiva JH/Projects/OneLake Medallion/data/landing/2018-03-20/orders.parquet,2018-03-20
f2228e3e55ff956909ad7750f08516fd,fb60e1236b474808fc33b9d2bf26d323,delivered,2018-04-01 11:17:22,2018-04-01 11:30:17,2018-04-04 00:47:20,2018-04-11 18:52:20,2018-04-25 00:00:00,2018-04-01,2018-04-25 00:00:00.000000,2026-08-27T05:17:09.287600+00:00,D:/D drive recovery/Shiva JH/Projects/OneLake Medallion/data/landing/2018-04-01/orders.parquet,2018-04-01
388d683431db37774946413cbb22210b,86a37dbd4b61a93b6fb20527263bca1d,delivered,2018-04-01 20:29:54,2018-04-01 20:47:31,2018-04-03 20:03:31,2018-04-05 13:32:22,2018-04-12 00:00:00,2018-04-01,2018-04-12 00:00:00.000000,2026-08-27T05:17:09.287600+00:00,D:/D drive recovery/Shiva JH/Projects/OneLake Medallion/data/landing/2018-04-01/orders.parquet,2018-04-01
14b8a3dec1630400442e5cb91e6a3e38,5ac6f62147fe4ea4d5b0ea4dcc077a09,delivered,2018-04-01 08:04:13,2018-04-01 08:15:20,2018-04-02 22:21:15,2018-04-10 00:11:46,2018-04-23 00:00:00,2018-04-01,2018-04-23 00:00:00.000000,2026-08-27T05:17:09.287600+00:00,D:/D drive recovery/Shiva JH/Projects/OneLake Medallion/data/landing/2018-04-01/orders.parquet,2018-04-01
793313d521603b9c7030e6bc60f6c692,363f600ee23c788a5ede814c34bb97c0,delivered,2018-04-01 18:19:53,2018-04-03 05:28:00,2018-04-03 19:41:25,2018-04-09 11:19:49,2018-04-18 00:00:00,2018-04-01,2018-04-18 00:00:00.000000,2026-08-27T05:17:09.287600+00:00,D:/D drive recovery/Shiva JH/Projects/OneLake Medallion/data/landing/2018-04-01/orders.parquet,2018-04-01
019edbdfeb6923e55558362c2b84ec37,2ec93611c4a36c30917dcc0ba589d5d9,delivered,2018-04-01 07:31:49,2018-04-03 05:28:16,2018-04-04 18:04:00,2018-04-05 18:58:39,2018-04-13 00:00:00,2018-04-01,2018-04-13 00:00:00.000000,2026-08-27T05:17:09.287600+00:00,D:/D drive recovery/Shiva JH/Projects/OneLake Medallion/data/landing/2018-04-01/orders.parquet,2018-04-01
ae58081c0be4ca730f53473f8f5d5df7,6a0ce72a507b9ca7bdf5ab4f1a875a46,delivered,2018-04-13 18:45:26,2018-04-13 18:55:20,2018-04-17 18:20:55,2018-04-18 19:14:24,2018-04-30 00:00:00,2018-04-13,2018-04-30 00:00:00.000000,2026-08-27T05:17:09.287600+00:00,D:/D drive recovery/Shiva JH/Projects/OneLake Medallion/data/landing/2018-04-13/orders.parquet,2018-04-13
ffc2926aeab97ab6dc7585276c9b9371,d75338bef05f07c317d8285a806ff68e,delivered,2018-04-13 09:29:56,2018-04-14 02:30:57,2018-04-19 23:46:30,2018-04-25 14:52:17,2018-05-10 00:00:00,2018-04-13,2018-05-10 00:00:00.000000,2026-08-27T05:17:09.287600+00:00,D:/D drive recovery/Shiva JH/Projects/OneLake Medallion/data/landing/2018-04-13/orders.parquet,2018-04-13
b62c9d7c54bcbba4952040001348e00c,f7d8593f21cd130734e1c9da45f32924,delivered,2018-04-13 15:07:30,2018-04-13 15:32:52,2018-04-20 19:46:35,2018-04-24 16:48:48,2018-05-10 00:00:00,2018-04-13,2018-05-10 00:00:00.000000,2026-08-27T05:17:09.287600+00:00,D:/D drive recovery/Shiva JH/Projects/OneLake Medallion/data/landing/2018-04-13/orders.parquet,2018-04-13
793c97a0188117b9b0aad84f6cc8883e,317379f8967b192e45021770290094d5,delivered,2018-04-13 20:43:54,2018-04-16 16:32:52,2018-04-17 17:07:46,2018-04-23 23:37:21,2018-05-08 00:00:00,2018-04-13,2018-05-08 00:00:00.000000,2026-08-27T05:17:09.287600+00:00,D:/D drive recovery/Shiva JH/Projects/OneLake Medallion/data/landing/2018-04-13/orders.parquet,2018-04-13
43c37b919d77db66c82f92bb20543879,cf22238cb2f930cf2f983e1d399d80cf,delivered,2018-04-25 22:37:56,2018-04-26 22:30:17,2018-04-27 14:34:00,2018-05-02 18:28:42,2018-05-17 00:00:00,2018-04-25,2018-05-17 00:00:00.000000,2026-08-27T05:17:09.287600+00:00,D:/D drive recovery/Shiva JH/Projects/OneLake Medallion/data/landing/2018-04-25/orders.parquet,2018-04-25
a7e7febecea6f5fe00ebcc7a0a91080d,fc1a7a82d2c88b74e577cad5ae501f30,delivered,2018-04-25 17:53:32,2018-04-25 18:10:25,2018-05-02 14:22:00,2018-05-08 16:06:56,2018-05-22 00:00:00,2018-04-25,2018-05-22 00:00:00.000000,2026-08-27T05:17:09.287600+00:00,D:/D drive recovery/Shiva JH/Projects/OneLake Medallion/data/landing/2018-04-25/orders.parquet,2018-04-25
8507049ba787aece6fadc233efdbb0b3,1b93e31aac5baddd05b3188a82db777a,delivered,2018-04-25 10:26:29,2018-04-26 04:15:22,2018-04-26 10:40:00,2018-05-08 23:38:46,2018-05-23 00:00:00,2018-04-25,2018-05-23 00:00:00.000000,2026-08-27T05:17:09.287600+00:00,D:/D drive recovery/Shiva JH/Projects/OneLake Medallion/data/landing/2018-04-25/orders.parquet,2018-04-25
bb7cf7d6dbc99d0fd7bf5c103862d714,8b0c1ccac39f48b8c9394e460e30297d,delivered,2018-04-25 17:17:26,2018-04-25 17:52:34,2018-04-26 13:07:00,2018-05-16 13:32:30,2018-05-22 00:00:00,2018-04-25,2018-05-22 00:00:00.000000,2026-08-27T05:17:09.287600+00:00,D:/D drive recovery/Shiva JH/Projects/OneLake Medallion/data/landing/2018-04-25/orders.parquet,2018-04-25
ecd832254262868776a1381df4b0be02,c1fbbf8f9118712100b9c5695924b523,delivered,2018-04-25 18:27:43,2018-04-25 18:35:23,2018-05-07 13:37:00,2018-05-12 16:13:45,2018-05-29 00:00:00,2018-04-25,2018-05-29 00:00:00.000000,2026-08-27T05:17:09.287600+00:00,D:/D drive recovery/Shiva JH/Projects/OneLake Medallion/data/landing/2018-04-25/orders.parquet,2018-04-25
e69ba661394e76586286fdc88fdfa5f4,29ac5ad10ab078271f193b8412b83a6c,delivered,2018-04-25 23:17:10,2018-04-25 23:30:12,2018-04-26 12:20:00,2018-05-02 21:44:28,2018-05-16 00:00:00,2018-04-25,2018-05-16 00:00:00.000000,2026-08-27T05:17:09.287600+00:00,D:/D drive recovery/Shiva JH/Projects/OneLake Medallion/data/landing/2018-04-25/orders.parquet,2018-04-25
31effa440b34ae0432d83ef645db463a,dcad1d81f5929fa310a1a36681535e4d,delivered,2018-05-07 15:15:10,2018-05-07 17:17:17,2018-05-09 13:28:00,2018-05-18 20:12:35,2018-06-04 00:00:00,2018-05-07,2018-06-04 00:00:00.000000,2026-08-27T05:17:09.287600+00:00,D:/D drive recovery/Shiva JH/Projects/OneLake Medallion/data/landing/2018-05-07/orders.parquet,2018-05-07
7355fd322343b5e2adebd1f0c88e0e33,0f835d3a44bfc8601fe5825f921ede8d,delivered,2018-05-07 10:43:14,2018-05-07 19:15:07,2018-05-08 14:35:00,2018-05-29 14:38:54,2018-06-21 00:00:00,2018-05-07,2018-06-21 00:00:00.000000,2026-08-27T05:17:09.287600+00:00,D:/D drive recovery/Shiva JH/Projects/OneLake Medallion/data/landing/2018-05-07/orders.parquet,2018-05-07
e57d5707be958772890c6933f30e7e21,a81d4356ec39d9b97f8a4a515b4cdc76,delivered,2018-05-07 23:59:33,2018-05-08 00:13:36,2018-05-08 13:21:00,2018-05-15 20:57:43,2018-05-29 00:00:00,2018-05-07,2018-05-29 00:00:00.000000,2026-08-27T05:17:09.287600+00:00,D:/D drive recovery/Shiva JH/Projects/OneLake Medallion/data/landing/2018-05-07/orders.parquet,2018-05-07
299c93716e44a3cc7521ffd9b2db1fc3,7b473d4b33fa91ab7671f794ce54194b,delivered,2018-05-07 19:26:53,2018-05-09 03:11:46,2018-05-11 14:23:00,2018-05-16 14:13:01,2018-05-24 00:00:00,2018-05-07,2018-05-24 00:00:00.000000,2026-08-27T05:17:09.287600+00:00,D:/D drive recovery/Shiva JH/Projects/OneLake Medallion/data/landing/2018-05-07/orders.parquet,2018-05-07
afd40c7db09c18759908ed9d6c66fa2a,4a4b6b881f86d9d415bedaccd4eb70b1,delivered,2018-05-07 14:06:43,2018-05-07 16:15:38,2018-05-08 13:01:00,2018-05-14 20:17:46,2018-05-23 00:00:00,2018-05-07,2018-05-23 00:00:00.000000,2026-08-27T05:17:09.287600+00:00,D:/D drive recovery/Shiva JH/Projects/OneLake Medallion/data/landing/2018-05-07/orders.parquet,2018-05-07
d52ec59371d4477349b3a26e9607dc2c,0f99c31bedc34957e0dd7689d593a3b6,delivered,2018-05-07 18:09:56,2018-05-07 18:34:54,2018-05-08 13:57:00,2018-05-10 23:03:29,2018-05-18 00:00:00,2018-05-07,2018-05-18 00:00:00.000000,2026-08-27T05:17:09.287600+00:00,D:/D drive recovery/Shiva JH/Projects/OneLake Medallion/data/landing/2018-05-07/orders.parquet,2018-05-07
1861e4e81b5e158dc1b6007cd95a61cd,7a446e358905474df5d0276236e4cf80,delivered,2018-05-07 07:36:50,2018-05-08 03:51:54,2018-05-08 14:17:00,2018-05-24 23:57:32,2018-06-04 00:00:00,2018-05-07,2018-06-04 00:00:00.000000,2026-08-27T05:17:09.287600+00:00,D:/D drive recovery/Shiva JH/Projects/OneLake Medallion/data/landing/2018-05-07/orders.parquet,2018-05-07
c1b677b6a491c2855ba8486d1f5343b9,a7e5bb9b535b732710a58761d75bc310,delivered,2018-05-19 21:37:22,2018-05-20 00:24:28,2018-05-21 17:42:00,2018-06-05 22:51:52,2018-06-20 00:00:00,2018-05-19,2018-06-20 00:00:00.000000,2026-08-27T05:17:09.287600+00:00,D:/D drive recovery/Shiva JH/Projects/OneLake Medallion/data/landing/2018-05-19/orders.parquet,2018-05-19
adf96d0e2ffb63b63d3a13180811c100,ca10ae6ba71f8e1c38495eba3ae2f123,delivered,2018-05-19 14:21:07,2018-05-19 14:31:27,2018-05-21 14:18:00,2018-06-10 11:34:49,2018-06-11 00:00:00,2018-05-19,2018-06-11 00:00:00.000000,2026-08-27T05:17:09.287600+00:00,D:/D drive recovery/Shiva JH/Projects/OneLake Medallion/data/landing/2018-05-19/orders.parquet,2018-05-19
df5c6aca62db71fbe451c0408bde2817,0db3d540da7eb431e5c5969fca57ca07,delivered,2018-05-31 11:58:13,2018-05-31 12:14:45,2018-06-04 10:57:00,2018-06-12 19:41:28,2018-07-19 00:00:00,2018-05-31,2018-07-19 00:00:00.000000,2026-08-27T05:17:09.287600+00:00,D:/D drive recovery/Shiva JH/Projects/OneLake Medallion/data/landing/2018-05-31/orders.parquet,2018-05-31
743f0286b8d819a10c071fdf2c1e2f5f,36f6485541648e3f97ef663f7ae83043,delivered,2018-05-31 17:08:38,2018-06-05 04:12:40,2018-06-05 12:06:00,2018-06-06 16:12:11,2018-06-26 00:00:00,2018-05-31,2018-06-26 00:00:00.000000,2026-08-27T05:17:09.287600+00:00,D:/D drive recovery/Shiva JH/Projects/OneLake Medallion/data/landing/2018-05-31/orders.parquet,2018-05-31
6223137644b9e1da72b9876c3de86b39,11c94db3776634849fd8aad9e15f1ce7,delivered,2018-05-31 22:10:07,2018-05-31 22:32:25,2018-06-01 15:13:00,2018-06-09 09:56:28,2018-07-13 00:00:00,2018-05-31,2018-07-13 00:00:00.000000,2026-08-27T05:17:09.287600+00:00,D:/D drive recovery/Shiva JH/Projects/OneLake Medallion/data/landing/2018-05-31/orders.parquet,2018-05-31
46dc14e76e68252f0c7883545008ca1a,ca1ce0a2e3183777adca318095032f3e,delivered,2018-05-31 14:14:16,2018-05-31 14:31:28,2018-06-01 12:29:00,2018-06-07 11:18:33,2018-07-04 00:00:00,2018-05-31,2018-07-04 00:00:00.000000,2026-08-27T05:17:09.287600+00:00,D:/D drive recovery/Shiva JH/Projects/OneLake Medallion/data/landing/2018-05-31/orders.parquet,2018-05-31
59362dfdfc742008cd6889fda33dd61e,d0b9308df89064e7da109b8bfa722bee,delivered,2018-05-31 15:32:11,2018-05-31 15:51:49,2018-06-01 14:42:00,2018-06-22 20:18:47,2018-07-24 00:00:00,2018-05-31,2018-07-24 00:00:00.000000,2026-08-27T05:17:09.287600+00:00,D:/D drive recovery/Shiva JH/Projects/OneLake Medallion/data/landing/2018-05-31/orders.parquet,2018-05-31
c950a394ee0369c853e3a1a55090e287,6369ec1eedbd7401fcababd597382d90,delivered,2018-05-31 21:27:20,2018-05-31 21:52:32,2018-06-01 09:03:00,2018-06-03 11:31:54,2018-06-26 00:00:00,2018-05-31,2018-06-26 00:00:00.000000,2026-08-27T05:17:09.287600+00:00,D:/D drive recovery/Shiva JH/Projects/OneLake Medallion/data/landing/2018-05-31/orders.parquet,2018-05-31
fd2f3b1ef3f5448ff37c4e0fea64c1cd,4e0dd6abf0cc324056e94eac32086d3d,delivered,2018-06-12 11:52:26,2018-06-12 12:43:44,2018-06-12 15:15:00,2018-06-14 21:38:32,2018-06-21 00:00:00,2018-06-12,2018-06-21 00:00:00.000000,2026-08-27T05:17:09.287600+00:00,D:/D drive recovery/Shiva JH/Projects/OneLake Medallion/data/landing/2018-06-12/orders.parquet,2018-06-12
f4ee4273538924bda6212f5948e80fde,8871d0db2013a98a58576b50ff9a1c1d,delivered,2018-06-12 08:59:54,2018-06-12 09:18:15,2018-06-15 16:36:00,2018-06-25 16:08:40,2018-07-13 00:00:00,2018-06-12,2018-07-13 00:00:00.000000,2026-08-27T05:17:09.287600+00:00,D:/D drive recovery/Shiva JH/Projects/OneLake Medallion/data/landing/2018-06-12/orders.parquet,2018-06-12
5cb4a587f7a1629930151748b4197991,c99660d36898e353ee71bd909f7c37c3,delivered,2018-06-12 08:51:21,2018-06-12 09:18:05,2018-06-12 12:38:00,2018-06-19 12:38:34,2018-07-13 00:00:00,2018-06-12,2018-07-13 00:00:00.000000,2026-08-27T05:17:09.287600+00:00,D:/D drive recovery/Shiva JH/Projects/OneLake Medallion/data/landing/2018-06-12/orders.parquet,2018-06-12
6f35836667ade2d13ba10c2b18bfd713,45a080d6112af03beb726ac2f33cd8a0,delivered,2018-06-12 15:04:59,2018-06-14 02:17:17,2018-06-14 13:44:00,2018-06-19 16:20:30,2018-07-16 00:00:00,2018-06-12,2018-07-16 00:00:00.000000,2026-08-27T05:17:09.287600+00:00,D:/D drive recovery/Shiva JH/Projects/OneLake Medallion/data/landing/2018-06-12/orders.parquet,2018-06-12
3b981944c4d2df767cc524ebcb06d7e9,ee3efd144d308f6409b291bbbf3a699a,delivered,2018-06-12 17:30:23,2018-06-12 18:08:57,2018-06-13 14:48:00,2018-06-20 20:12:08,2018-07-04 00:00:00,2018-06-12,2018-07-04 00:00:00.000000,2026-08-27T05:17:09.287600+00:00,D:/D drive recovery/Shiva JH/Projects/OneLake Medallion/data/landing/2018-06-12/orders.parquet,2018-06-12
adf766a719fd52b485fa2127fa0dd9a7,aa62a16b10e3fb24ecdefd7e4dc3fa65,delivered,2018-06-24 14:37:17,2018-06-24 14:55:00,2018-06-25 12:09:00,2018-06-29 20:41:48,2018-07-20 00:00:00,2018-06-24,2018-07-20 00:00:00.000000,2026-08-27T05:17:09.287600+00:00,D:/D drive recovery/Shiva JH/Projects/OneLake Medallion/data/landing/2018-06-24/orders.parquet,2018-06-24
627e47b61d377f25bcbf4528f2f4c78a,8cb3e52ac0b98f4198ada15a8def242b,delivered,2018-06-24 17:03:24,2018-06-24 17:18:27,2018-06-26 13:19:00,2018-06-28 19:04:44,2018-07-24 00:00:00,2018-06-24,2018-07-24 00:00:00.000000,2026-08-27T05:17:09.287600+00:00,D:/D drive recovery/Shiva JH/Projects/OneLake Medallion/data/landing/2018-06-24/orders.parquet,2018-06-24
ec042ef0cc05d098905c4383c70f9132,3d2da3646e124512b39c838ab05b67bb,delivered,2018-06-24 14:29:30,2018-06-24 17:34:08,2018-06-25 15:35:00,2018-06-26 21:11:23,2018-07-13 00:00:00,2018-06-24,2018-07-13 00:00:00.000000,2026-08-27T05:17:09.287600+00:00,D:/D drive recovery/Shiva JH/Projects/OneLake Medallion/data/landing/2018-06-24/orders.parquet,2018-06-24
fcc9c76cda1ab5637e8ada986e1e3cbe,3c73f6fe4ca4dc02556556c8842972fb,delivered,2018-06-24 15:06:40,2018-06-24 15:34:46,2018-06-25 15:52:00,2018-06-26 18:32:45,2018-07-12 00:00:00,2018-06-24,2018-07-12 00:00:00.000000,2026-08-27T05:17:09.287600+00:00,D:/D drive recovery/Shiva JH/Projects/OneLake Medallion/data/landing/2018-06-24/orders.parquet,2018-06-24
bf88003f2580db7589007ec44bc85695,e7b9bc73f30f476a29a9a805d3817504,delivered,2017-01-28 20:55:38,2017-01-31 04:35:20,2017-02-01 10:45:57,2017-02-06 08:12:00,2017-03-10 00:00:00,2017-01-28,2017-03-10 00:00:00.000000,2026-08-27T05:17:09.287600+00:00,D:/D drive recovery/Shiva JH/Projects/OneLake Medallion/data/landing/2017-01-28/orders.parquet,2017-01-28
0943d27820129d9446a32ca20cf9bee1,18becbca2304b0e3031d1841a8b8b5c4,delivered,2017-02-09 11:01:14,2017-02-09 11:10:18,2017-02-15 06:17:33,2017-03-02 11:24:05,2017-04-03 00:00:00,2017-02-09,2017-04-03 00:00:00.000000,2026-08-27T05:17:09.287600+00:00,D:/D drive recovery/Shiva JH/Projects/OneLake Medallion/data/landing/2017-02-09/orders.parquet,2017-02-09
c4314d0c3517d1afc447262855bd2a08,3ad2516ff419427995c53ac22ac46ea0,delivered,2017-02-21 17:37:06,2017-02-21 17:50:13,2017-02-24 11:32:38,2017-03-13 12:21:56,2017-05-04 00:00:00,2017-02-21,2017-05-04 00:00:00.000000,2026-08-27T05:17:09.287600+00:00,D:/D drive recovery/Shiva JH/Projects/OneLake Medallion/data/landing/2017-02-21/orders.parquet,2017-02-21
78b0df67ddee0b34012114100c7a549d,9f83cd10077cb0b96225321ab81fdbee,delivered,2017-03-05 17:16:27,2017-03-05 17:30:07,2017-03-07 18:07:48,2017-03-10 06:05:12,2017-04-03 00:00:00,2017-03-05,2017-04-03 00:00:00.000000,2026-08-27T05:17:09.287600+00:00,D:/D drive recovery/Shiva JH/Projects/OneLake Medallion/data/landing/2017-03-05/orders.parquet,2017-03-05
ad63b1036f777673118b46ace8ac9a27,47905cedf9b5eff2ff7136a4db4ea33a,delivered,2017-03-05 12:34:06,2017-03-05 13:05:56,2017-03-06 08:20:42,2017-03-13 14:19:01,2017-04-04 00:00:00,2017-03-05,2017-04-04 00:00:00.000000,2026-08-27T05:17:09.287600+00:00,D:/D drive recovery/Shiva JH/Projects/OneLake Medallion/data/landing/2017-03-05/orders.parquet,2017-03-05
cec8f5f7a13e5ab934a486ec9eb713c8,6be61d704faaff9b97ccf47289ce94f5,delivered,2017-03-17 15:56:47,2017-03-17 15:56:47,2017-04-04 10:53:37,2017-04-07 13:14:56,2017-05-18 00:00:00,2017-03-17,2017-05-18 00:00:00.000000,2026-08-27T05:17:09.287600+00:00,D:/D drive recovery/Shiva JH/Projects/OneLake Medallion/data/landing/2017-03-17/orders.parquet,2017-03-17
09ae0443d05fc72908daed24036acb22,0dc4d1b841d3c1a1f076fef9a39c210b,delivered,2017-03-17 22:24:21,2017-03-17 22:24:21,2017-03-21 11:55:22,2017-03-23 14:36:28,2017-04-06 00:00:00,2017-03-17,2017-04-06 00:00:00.000000,2026-08-27T05:17:09.287600+00:00,D:/D drive recovery/Shiva JH/Projects/OneLake Medallion/data/landing/2017-03-17/orders.parquet,2017-03-17
d493b5c44e863b686314d9f5b6086c82,864ea4e13482b7fb6729e096f7abe17c,shipped,2017-04-10 23:47:49,2017-04-11 01:05:19,2017-04-11 12:59:05,,2017-05-12 00:00:00,2017-04-10,2017-05-12 00:00:00.000000,2026-08-27T05:17:09.287600+00:00,D:/D drive recovery/Shiva JH/Projects/OneLake Medallion/data/landing/2017-04-10/orders.parquet,2017-04-10
b21e6bcd5267e76e22e29c178d43aff5,78f7e9ff310f5d4e5ff28972f01d99f7,delivered,2017-05-04 23:14:03,2017-05-04 23:25:12,2017-05-09 11:56:46,2017-05-10 15:53:44,2017-05-25 00:00:00,2017-05-04,2017-05-25 00:00:00.000000,2026-08-27T05:17:09.287600+00:00,D:/D drive recovery/Shiva JH/Projects/OneLake Medallion/data/landing/2017-05-04/orders.parquet,2017-05-04
3163a067949a10a752bec5cca69511b2,3c7525f121305211f94be34e3e73583e,delivered,2017-05-04 15:44:25,2017-05-04 15:55:20,2017-05-10 14:45:45,2017-05-20 11:03:36,2017-05-29 00:00:00,2017-05-04,2017-05-29 00:00:00.000000,2026-08-27T05:17:09.287600+00:00,D:/D drive recovery/Shiva JH/Projects/OneLake Medallion/data/landing/2017-05-04/orders.parquet,2017-05-04
b83a53aed7b1da149fe5272c3ea0a9da,513e518b5caafded884af053de30ed00,delivered,2017-05-04 19:31:51,2017-05-04 19:42:20,2017-05-09 10:26:21,2017-06-13 18:42:25,2017-06-13 00:00:00,2017-05-04,2017-06-13 18:42:25.000000,2026-08-27T05:17:09.287600+00:00,D:/D drive recovery/Shiva JH/Projects/OneLake Medallion/data/landing/2017-05-04/orders.parquet,2017-05-04
8fc027e2e96d738a4816f043f2c946ba,ddafa7f909212324579af94f5f8199c7,delivered,2017-05-04 13:11:40,2017-05-05 13:25:18,2017-05-10 11:10:13,2017-05-27 17:34:55,2017-06-07 00:00:00,2017-05-04,2017-06-07 00:00:00.000000,2026-08-27T05:17:09.287600+00:00,D:/D drive recovery/Shiva JH/Projects/OneLake Medallion/data/landing/2017-05-04/orders.parquet,2017-05-04
6c2332524797ccf47797e85207250b4a,f6d7beb5565be70662041ee72f57d9f9,delivered,2017-05-16 13:13:37,2017-05-16 13:25:15,2017-05-16 15:51:08,2017-05-23 10:45:56,2017-06-07 00:00:00,2017-05-16,2017-06-07 00:00:00.000000,2026-08-27T05:17:09.287600+00:00,D:/D drive recovery/Shiva JH/Projects/OneLake Medallion/data/landing/2017-05-16/orders.parquet,2017-05-16
a1d50a1883814a31c8629adf354c1013,be956253bc37e2bd8664907d89f70dd6,delivered,2017-05-16 12:28:33,2017-05-16 13:10:15,2017-05-17 14:09:36,2017-05-22 16:52:23,2017-06-07 00:00:00,2017-05-16,2017-06-07 00:00:00.000000,2026-08-27T05:17:09.287600+00:00,D:/D drive recovery/Shiva JH/Projects/OneLake Medallion/data/landing/2017-05-16/orders.parquet,2017-05-16
362aa88dd1265e7b4ea491b5836fb5f6,1be0dd2f660a5a04ee20d608075f1b83,delivered,2017-05-16 17:42:20,2017-05-17 02:10:12,2017-05-17 16:14:24,2017-05-29 09:47:51,2017-06-22 00:00:00,2017-05-16,2017-06-22 00:00:00.000000,2026-08-27T05:17:09.287600+00:00,D:/D drive recovery/Shiva JH/Projects/OneLake Medallion/data/landing/2017-05-16/orders.parquet,2017-05-16
e6293b688f0d1387e634ae8841feca17,bbae997921c6e65421735700fe529155,delivered,2017-05-16 11:27:08,2017-05-16 11:35:21,2017-05-19 13:40:55,2017-05-26 06:06:54,2017-06-09 00:00:00,2017-05-16,2017-06-09 00:00:00.000000,2026-08-27T05:17:09.287600+00:00,D:/D drive recovery/Shiva JH/Projects/OneLake Medallion/data/landing/2017-05-16/orders.parquet,2017-05-16
135adf658da97bfb1a171f1cbe3e15c2,e27d7fe6b9c990dc13d38d1eee32ff73,delivered,2017-05-16 20:27:04,2017-05-18 02:15:46,2017-05-29 08:34:38,2017-05-30 12:25:38,2017-06-08 00:00:00,2017-05-16,2017-06-08 00:00:00.000000,2026-08-27T05:17:09.287600+00:00,D:/D drive recovery/Shiva JH/Projects/OneLake Medallion/data/landing/2017-05-16/orders.parquet,2017-05-16
c2c1d5e4d5168620dcd230dcc8f4130c,a56e4c8f814dd8b9f4b6966a3c394397,delivered,2017-05-16 09:01:21,2017-05-16 09:10:18,2017-05-16 09:44:11,2017-05-22 15:41:47,2017-06-13 00:00:00,2017-05-16,2017-06-13 00:00:00.000000,2026-08-27T05:17:09.287600+00:00,D:/D drive recovery/Shiva JH/Projects/OneLake Medallion/data/landing/2017-05-16/orders.parquet,2017-05-16
af26a72d60cab61a090fbb420d4c6954,03ccf5d27b3a5a3afbffd525ac12fdf9,delivered,2017-05-16 17:26:46,2017-05-16 17:35:17,2017-05-18 10:56:13,2017-05-23 17:35:57,2017-06-05 00:00:00,2017-05-16,2017-06-05 00:00:00.000000,2026-08-27T05:17:09.287600+00:00,D:/D drive recovery/Shiva JH/Projects/OneLake Medallion/data/landing/2017-05-16/orders.parquet,2017-05-16
d1bd65aed378a00706c69353b62cfa2b,20448f1113010adb640892ed126e7ef7,delivered,2017-05-28 16:38:23,2017-05-28 16:45:14,2017-05-29 08:21:52,2017-06-02 12:23:48,2017-06-21 00:00:00,2017-05-28,2017-06-21 00:00:00.000000,2026-08-27T05:17:09.287600+00:00,D:/D drive recovery/Shiva JH/Projects/OneLake Medallion/data/landing/2017-05-28/orders.parquet,2017-05-28
3f6a663f694c4e450b66eb8ecbdf73a1,d7e909b52a02e9038f37a0aada602219,delivered,2017-05-28 18:06:49,2017-05-30 04:25:18,2017-05-31 09:41:15,2017-06-01 13:32:37,2017-06-09 00:00:00,2017-05-28,2017-06-09 00:00:00.000000,2026-08-27T05:17:09.287600+00:00,D:/D drive recovery/Shiva JH/Projects/OneLake Medallion/data/landing/2017-05-28/orders.parquet,2017-05-28
45f515769238adec68b3ed763acbc3b2,01208d73b8f2d0e10347aae1242a12fa,delivered,2017-06-09 23:23:45,2017-06-09 23:35:19,2017-06-12 16:14:06,2017-06-19 14:40:39,2017-07-06 00:00:00,2017-06-09,2017-07-06 00:00:00.000000,2026-08-27T05:17:09.287600+00:00,D:/D drive recovery/Shiva JH/Projects/OneLake Medallion/data/landing/2017-06-09/orders.parquet,2017-06-09
2e506fd7d44cb2a909964a9328d86e01,5a4c31ea170bddc85987e054825ecd55,delivered,2017-07-03 18:09:51,2017-07-03 18:24:30,2017-07-05 10:27:51,2017-07-10 19:52:52,2017-07-24 00:00:00,2017-07-03,2017-07-24 00:00:00.000000,2026-08-27T05:17:09.287600+00:00,D:/D drive recovery/Shiva JH/Projects/OneLake Medallion/data/landing/2017-07-03/orders.parquet,2017-07-03
da4c436373694f136c48e1ead3632f06,f3d8e9935d165e1fab735c49d236a4e7,delivered,2017-07-03 12:00:55,2017-07-03 12:15:09,2017-07-04 16:18:58,2017-07-06 13:12:34,2017-07-14 00:00:00,2017-07-03,2017-07-14 00:00:00.000000,2026-08-27T05:17:09.287600+00:00,D:/D drive recovery/Shiva JH/Projects/OneLake Medallion/data/landing/2017-07-03/orders.parquet,2017-07-03
ba05596e1b0875fac4abdf6a6d036743,da7acf84f4943e92fe8d8c767824a994,delivered,2017-07-15 16:14:09,2017-07-15 16:25:11,2017-07-20 17:42:22,2017-08-01 19:46:53,2017-08-10 00:00:00,2017-07-15,2017-08-10 00:00:00.000000,2026-08-27T05:17:09.287600+00:00,D:/D drive recovery/Shiva JH/Projects/OneLake Medallion/data/landing/2017-07-15/orders.parquet,2017-07-15
29b864f0e9959e828d0be8a00fba46bc,6e7327737d52fc646245974b828201e7,delivered,2017-07-15 18:40:54,2017-07-15 18:55:15,2017-07-17 21:46:46,2017-08-25 15:49:33,2017-08-16 00:00:00,2017-07-15,2017-08-25 15:49:33.000000,2026-08-27T05:17:09.287600+00:00,D:/D drive recovery/Shiva JH/Projects/OneLake Medallion/data/landing/2017-07-15/orders.parquet,2017-07-15
c770a2c821be1649e3bff529f0e97b7d,4fb0059557dcb01f28a1551fa175ba92,delivered,2017-07-27 08:45:38,2017-07-27 09:35:11,2017-07-28 15:16:59,2017-08-01 16:57:24,2017-08-22 00:00:00,2017-07-27,2017-08-22 00:00:00.000000,2026-08-27T05:17:09.287600+00:00,D:/D drive recovery/Shiva JH/Projects/OneLake Medallion/data/landing/2017-07-27/orders.parquet,2017-07-27
17c378811f6ab30e2c7d554f2d4fbd44,ed3a94d132e06f96fa99c1f1640496db,delivered,2017-07-27 20:36:00,2017-07-27 20:50:26,2017-08-04 17:47:41,2017-08-29 19:00:29,2017-09-11 00:00:00,2017-07-27,2017-09-11 00:00:00.000000,2026-08-27T05:17:09.287600+00:00,D:/D drive recovery/Shiva JH/Projects/OneLake Medallion/data/landing/2017-07-27/orders.parquet,2017-07-27
c80568cc3de3ee4efd40e9329b74b233,282e5e59f9bed5c561e52c14586bd6c5,delivered,2017-07-27 11:15:09,2017-07-27 11:30:07,2017-07-28 17:45:37,2017-08-09 18:52:25,2017-08-30 00:00:00,2017-07-27,2017-08-30 00:00:00.000000,2026-08-27T05:17:09.287600+00:00,D:/D drive recovery/Shiva JH/Projects/OneLake Medallion/data/landing/2017-07-27/orders.parquet,2017-07-27
5e99406dbc4e63affa6367a3fd43c8af,ba4243d5a61ab6bd9ec539b7dacfb04c,delivered,2017-07-27 23:02:38,2017-07-27 23:15:06,2017-07-28 14:32:45,2017-08-03 22:34:55,2017-08-18 00:00:00,2017-07-27,2017-08-18 00:00:00.000000,2026-08-27T05:17:09.287600+00:00,D:/D drive recovery/Shiva JH/Projects/OneLake Medallion/data/landing/2017-07-27/orders.parquet,2017-07-27
0dfd5d2f0b9f06775f9630defe80d510,4cc825a34f88e568e8bc28d470687d5a,delivered,2017-07-27 22:05:06,2017-07-27 22:15:19,2017-07-28 18:41:42,2017-08-04 18:49:33,2017-08-18 00:00:00,2017-07-27,2017-08-18 00:00:00.000000,2026-08-27T05:17:09.287600+00:00,D:/D drive recovery/Shiva JH/Projects/OneLake Medallion/data/landing/2017-07-27/orders.parquet,2017-07-27
34797e815a679fdaea88d3aa30dbf46c,2ada6f578b24b6034e1658a3ad15a4c2,delivered,2017-08-08 19:38:41,2017-08-08 19:50:15,2017-08-10 18:15:48,2017-08-18 12:46:35,2017-09-05 00:00:00,2017-08-08,2017-09-05 00:00:00.000000,2026-08-27T05:17:09.287600+00:00,D:/D drive recovery/Shiva JH/Projects/OneLake Medallion/data/landing/2017-08-08/orders.parquet,2017-08-08
d43f72571877365b197ee657196d8d30,dbbdd5da6d15f24d7d00b601170a15c0,delivered,2017-08-08 22:58:27,2017-08-08 23:10:37,2017-08-11 18:08:08,2017-08-22 20:09:48,2017-08-30 00:00:00,2017-08-08,2017-08-30 00:00:00.000000,2026-08-27T05:17:09.287600+00:00,D:/D drive recovery/Shiva JH/Projects/OneLake Medallion/data/landing/2017-08-08/orders.parquet,2017-08-08
eec4cdb15e74c35073cc163bfd9fa2b2,dc6e272766b14662d54f4b7123e128bd,delivered,2017-08-20 22:04:21,2017-08-20 22:24:43,2017-08-22 20:02:48,2017-08-24 18:49:59,2017-09-01 00:00:00,2017-08-20,2017-09-01 00:00:00.000000,2026-08-27T05:17:09.287600+00:00,D:/D drive recovery/Shiva JH/Projects/OneLake Medallion/data/landing/2017-08-20/orders.parquet,2017-08-20
3102ea2ab7ac2a1a88a1286fe68d8ed8,5edca9a028788c636ba7e0cd425ddbab,delivered,2017-08-20 21:29:43,2017-08-20 21:45:07,2017-08-22 18:24:24,2017-08-23 22:41:29,2017-09-11 00:00:00,2017-08-20,2017-09-11 00:00:00.000000,2026-08-27T05:17:09.287600+00:00,D:/D drive recovery/Shiva JH/Projects/OneLake Medallion/data/landing/2017-08-20/orders.parquet,2017-08-20
5add03213ad417aab3988852ea890572,69009aaf4e400602c05b1da3989ca40b,delivered,2017-09-01 10:42:58,2017-09-01 10:55:24,2017-09-04 21:45:52,2017-09-11 16:36:06,2017-09-26 00:00:00,2017-09-01,2017-09-26 00:00:00.000000,2026-08-27T05:17:09.287600+00:00,D:/D drive recovery/Shiva JH/Projects/OneLake Medallion/data/landing/2017-09-01/orders.parquet,2017-09-01
1fab4ac9d85079b3da72a11475ae1685,f831c1fa80308975ec2b58e4877328e0,delivered,2017-09-01 19:04:22,2017-09-13 22:06:11,2017-09-04 13:10:23,2017-09-08 20:13:03,2017-09-20 00:00:00,2017-09-01,2017-09-20 00:00:00.000000,2026-08-27T05:17:09.287600+00:00,D:/D drive recovery/Shiva JH/Projects/OneLake Medallion/data/landing/2017-09-01/orders.parquet,2017-09-01
30afa4792f6e5ee287ff87fa649e56f9,6a8e065530245694f01cc0f62044b134,delivered,2017-09-01 16:37:09,2017-09-05 04:44:19,2017-09-05 19:53:50,2017-09-06 17:33:37,2017-09-14 00:00:00,2017-09-01,2017-09-14 00:00:00.000000,2026-08-27T05:17:09.287600+00:00,D:/D drive recovery/Shiva JH/Projects/OneLake Medallion/data/landing/2017-09-01/orders.parquet,2017-09-01
bc4854efd86d9f42140c951c595d20c1,30aef21b6dd78da1334dd1164cc0b05e,delivered,2017-09-01 20:05:42,2017-09-13 22:00:51,2017-09-04 20:49:57,2017-09-06 22:15:45,2017-09-20 00:00:00,2017-09-01,2017-09-20 00:00:00.000000,2026-08-27T05:17:09.287600+00:00,D:/D drive recovery/Shiva JH/Projects/OneLake Medallion/data/landing/2017-09-01/orders.parquet,2017-09-01
12d9723638a09350ec19ea8d66073249,13d6935a154e88a19cec61280ff67217,delivered,2017-09-01 20:05:31,2017-09-01 22:25:46,2017-09-04 20:51:14,2017-09-11 19:37:55,2017-09-20 00:00:00,2017-09-01,2017-09-20 00:00:00.000000,2026-08-27T05:17:09.287600+00:00,D:/D drive recovery/Shiva JH/Projects/OneLake Medallion/data/landing/2017-09-01/orders.parquet,2017-09-01
5a211401338dee5fa1388f6b4b70b456,a65083c305f6632d851a2d4d44803ab5,delivered,2017-09-01 13:04:34,2017-09-01 13:15:18,2017-09-01 19:42:11,2017-09-08 19:06:04,2017-10-02 00:00:00,2017-09-01,2017-10-02 00:00:00.000000,2026-08-27T05:17:09.287600+00:00,D:/D drive recovery/Shiva JH/Projects/OneLake Medallion/data/landing/2017-09-01/orders.parquet,2017-09-01
028369515408fa864cfe50091d4e76c5,dc9919c18e50e3160afe68a91cfcbc6a,delivered,2017-09-01 16:48:51,2017-09-01 17:04:34,2017-09-04 17:36:47,2017-09-12 18:08:31,2017-09-20 00:00:00,2017-09-01,2017-09-20 00:00:00.000000,2026-08-27T05:17:09.287600+00:00,D:/D drive recovery/Shiva JH/Projects/OneLake Medallion/data/landing/2017-09-01/orders.parquet,2017-09-01
33b50846ef5349564b8be2af1d6000aa,3d34ebc358aac6406eb02d4d46aaa4ed,delivered,2017-09-13 14:12:25,2017-09-14 09:30:17,2017-09-14 16:09:13,2017-09-26 18:37:50,2017-10-02 00:00:00,2017-09-13,2017-10-02 00:00:00.000000,2026-08-27T05:17:09.287600+00:00,D:/D drive recovery/Shiva JH/Projects/OneLake Medallion/data/landing/2017-09-13/orders.parquet,2017-09-13
d621888cede8755cd9ddc50a33e1b398,6b5e98af27663e0f92bfb377e8606882,delivered,2017-09-13 19:01:23,2017-09-13 19:10:23,2017-09-14 19:24:55,2017-09-21 19:39:10,2017-10-11 00:00:00,2017-09-13,2017-10-11 00:00:00.000000,2026-08-27T05:17:09.287600+00:00,D:/D drive recovery/Shiva JH/Projects/OneLake Medallion/data/landing/2017-09-13/orders.parquet,2017-09-13
47531efe4ed25555eba8637f9f6dc6ee,52f62dea0d8bb280602d81f7dbee3a00,delivered,2017-09-13 22:03:58,2017-09-13 22:24:13,2017-09-15 15:02:51,2017-09-26 22:33:35,2017-10-18 00:00:00,2017-09-13,2017-10-18 00:00:00.000000,2026-08-27T05:17:09.287600+00:00,D:/D drive recovery/Shiva JH/Projects/OneLake Medallion/data/landing/2017-09-13/orders.parquet,2017-09-13
449e7790774601c0b03963b03aa6b193,c377d539013dbb8fafd49152208c5524,delivered,2017-09-25 16:19:39,2017-09-26 04:07:31,2017-09-28 17:15:37,2017-10-11 18:58:06,2017-10-26 00:00:00,2017-09-25,2017-10-26 00:00:00.000000,2026-08-27T05:17:09.287600+00:00,D:/D drive recovery/Shiva JH/Projects/OneLake Medallion/data/landing/2017-09-25/orders.parquet,2017-09-25
535b29494ee7ee79968ec7d9f42b3e23,2d596bb7b0819497568b4954c232d499,delivered,2017-09-25 07:47:12,2017-09-26 06:32:47,2017-09-26 16:30:14,2017-10-06 13:17:38,2017-10-19 00:00:00,2017-09-25,2017-10-19 00:00:00.000000,2026-08-27T05:17:09.287600+00:00,D:/D drive recovery/Shiva JH/Projects/OneLake Medallion/data/landing/2017-09-25/orders.parquet,2017-09-25
d2d141fcfa835ec7db744de7b57de03c,d7730760dd3d8bef731679140f02bfe4,delivered,2017-09-25 10:37:00,2017-09-25 10:45:38,2017-09-26 22:12:05,2017-09-29 12:39:00,2017-10-17 00:00:00,2017-09-25,2017-10-17 00:00:00.000000,2026-08-27T05:17:09.287600+00:00,D:/D drive recovery/Shiva JH/Projects/OneLake Medallion/data/landing/2017-09-25/orders.parquet,2017-09-25
18517c2680695f31500ceb6b1840b8e4,81b99494c508f1f8bcf80c176345ea88,delivered,2017-09-25 12:34:40,2017-09-26 04:07:25,2017-09-27 16:33:13,2017-10-11 18:33:47,2017-10-19 00:00:00,2017-09-25,2017-10-19 00:00:00.000000,2026-08-27T05:17:09.287600+00:00,D:/D drive recovery/Shiva JH/Projects/OneLake Medallion/data/landing/2017-09-25/orders.parquet,2017-09-25
4be3435a18d709c7bec9b8d5651088b4,a87d45ca887d3d335a94649960190869,delivered,2017-10-07 12:52:12,2017-10-07 13:05:02,2017-10-20 12:13:06,2017-10-28 01:24:51,2017-11-09 00:00:00,2017-10-07,2017-11-09 00:00:00.000000,2026-08-27T05:17:09.287600+00:00,D:/D drive recovery/Shiva JH/Projects/OneLake Medallion/data/landing/2017-10-07/orders.parquet,2017-10-07
5c347356bed376c15129f3ab48c5dcdb,4668515d0421ba4dc31c3b9fcc5b39cb,delivered,2017-10-07 14:23:08,2017-10-07 14:35:20,2017-10-10 16:50:14,2017-10-11 19:12:22,2017-10-30 00:00:00,2017-10-07,2017-10-30 00:00:00.000000,2026-08-27T05:17:09.287600+00:00,D:/D drive recovery/Shiva JH/Projects/OneLake Medallion/data/landing/2017-10-07/orders.parquet,2017-10-07
7bb5a7e4263888da1c8db8cbdc6330c5,daa0508655db9a27d108899cdfa384e1,delivered,2017-10-19 13:31:09,2017-10-19 13:49:25,2017-10-19 19:12:01,2017-10-24 19:15:52,2017-11-08 00:00:00,2017-10-19,2017-11-08 00:00:00.000000,2026-08-27T05:17:09.287600+00:00,D:/D drive recovery/Shiva JH/Projects/OneLake Medallion/data/landing/2017-10-19/orders.parquet,2017-10-19
957dd53876f89c2fcc4d8448da116430,34100a4dbede2b468776b48be503386e,delivered,2017-10-19 15:30:20,2017-10-19 15:49:15,2017-10-24 19:45:51,2017-10-30 15:44:02,2017-11-22 00:00:00,2017-10-19,2017-11-22 00:00:00.000000,2026-08-27T05:17:09.287600+00:00,D:/D drive recovery/Shiva JH/Projects/OneLake Medallion/data/landing/2017-10-19/orders.parquet,2017-10-19
8cf0fd0e7dc9c106fa1f09ba6bce7626,3d90a8bd92497095afe20f9efeeab825,delivered,2017-10-31 15:26:06,2017-10-31 16:31:14,2017-11-01 16:07:38,2017-12-01 16:54:39,2017-11-22 00:00:00,2017-10-31,2017-12-01 16:54:39.000000,2026-08-27T05:17:09.287600+00:00,D:/D drive recovery/Shiva JH/Projects/OneLake Medallion/data/landing/2017-10-31/orders.parquet,2017-10-31
483c0f7f44eec6fd0fbd90914d187226,0115fdf642d451174def967bd1d55350,delivered,2017-10-31 15:30:24,2017-10-31 16:31:15,2017-11-01 21:18:32,2017-11-21 17:08:57,2017-11-21 00:00:00,2017-10-31,2017-11-21 17:08:57.000000,2026-08-27T05:17:09.287600+00:00,D:/D drive recovery/Shiva JH/Projects/OneLake Medallion/data/landing/2017-10-31/orders.parquet,2017-10-31
952da942e2586c7131de1381aba049a3,8abfeeb7b843cfbc0f5844addf3a4880,delivered,2017-10-31 17:32:22,2017-10-31 18:31:10,2017-11-14 21:19:02,2017-11-30 20:03:57,2017-11-16 00:00:00,2017-10-31,2017-11-30 20:03:57.000000,2026-08-27T05:17:09.287600+00:00,D:/D drive recovery/Shiva JH/Projects/OneLake Medallion/data/landing/2017-10-31/orders.parquet,2017-10-31
a2f7984f0b3604184f39c1d5a93813fb,aa76f7581a203a8406159b444749d6a9,delivered,2017-11-12 01:57:47,2017-11-12 02:10:26,2017-11-14 23:28:26,2017-11-22 20:42:16,2017-12-01 00:00:00,2017-11-12,2017-12-01 00:00:00.000000,2026-08-27T05:17:09.287600+00:00,D:/D drive recovery/Shiva JH/Projects/OneLake Medallion/data/landing/2017-11-12/orders.parquet,2017-11-12
1093494b7fa933fd10ddc38171db9e58,fcaea92c811c7d92710ccad87ffef253,delivered,2017-11-12 11:17:13,2017-11-14 12:27:21,2017-11-16 20:58:35,2017-11-22 14:25:04,2017-12-05 00:00:00,2017-11-12,2017-12-05 00:00:00.000000,2026-08-27T05:17:09.287600+00:00,D:/D drive recovery/Shiva JH/Projects/OneLake Medallion/data/landing/2017-11-12/orders.parquet,2017-11-12
7cd15a71ceaf712ec5e134996f2f8586,c7c9ee8736dff5ec5d8cf9e5e88a5b03,delivered,2017-11-12 11:50:24,2017-11-12 12:10:23,2017-11-14 17:53:59,2017-11-20 21:13:15,2017-12-05 00:00:00,2017-11-12,2017-12-05 00:00:00.000000,2026-08-27T05:17:09.287600+00:00,D:/D drive recovery/Shiva JH/Projects/OneLake Medallion/data/landing/2017-11-12/orders.parquet,2017-11-12
8747a928f786c8b31e0afb1b815886bc,e6f40fd97b2ae5d03f8a2a211fa042b2,delivered,2017-11-12 20:48:29,2017-11-14 03:35:40,2017-11-21 13:49:08,2017-12-04 19:42:40,2017-12-01 00:00:00,2017-11-12,2017-12-04 19:42:40.000000,2026-08-27T05:17:09.287600+00:00,D:/D drive recovery/Shiva JH/Projects/OneLake Medallion/data/landing/2017-11-12/orders.parquet,2017-11-12
52e5445828db681d83dccb33a15ecac4,d42ee2c04270ba237933c8bdd5e1c761,delivered,2017-11-24 17:37:41,2017-11-24 20:56:27,2017-11-27 15:12:48,2017-12-19 14:19:22,2017-12-27 00:00:00,2017-11-24,2017-12-27 00:00:00.000000,2026-08-27T05:17:09.287600+00:00,D:/D drive recovery/Shiva JH/Projects/OneLake Medallion/data/landing/2017-11-24/orders.parquet,2017-11-24
ee0ad0da72450479a221d3130c63afd1,6d636ad9408d138208ac81d6107fe6a5,delivered,2017-11-24 21:22:30,2017-11-25 00:18:32,2017-11-27 18:58:33,2017-12-20 23:29:11,2017-12-20 00:00:00,2017-11-24,2017-12-20 23:29:11.000000,2026-08-27T05:17:09.287600+00:00,D:/D drive recovery/Shiva JH/Projects/OneLake Medallion/data/landing/2017-11-24/orders.parquet,2017-11-24
4bea538b29c975028b7af11cf3bf97f1,39516e62a628430ac4b0f96a8df20dad,delivered,2017-11-24 10:40:29,2017-11-24 12:52:25,2017-11-27 21:40:09,2017-12-09 14:45:09,2017-12-14 00:00:00,2017-11-24,2017-12-14 00:00:00.000000,2026-08-27T05:17:09.287600+00:00,D:/D drive recovery/Shiva JH/Projects/OneLake Medallion/data/landing/2017-11-24/orders.parquet,2017-11-24
c6318a262b5020f830c5355ef73f09be,7f7894ea9b9c70e9970539ed86a56367,delivered,2017-11-24 22:10:32,2017-11-25 01:13:41,2017-11-28 20:26:54,2017-12-11 21:43:22,2017-12-15 00:00:00,2017-11-24,2017-12-15 00:00:00.000000,2026-08-27T05:17:09.287600+00:00,D:/D drive recovery/Shiva JH/Projects/OneLake Medallion/data/landing/2017-11-24/orders.parquet,2017-11-24
16e6eb900110dfb1f423bfc65820ff87,b453edb9fb0a8f0fa061a9f7b28f0ea4,delivered,2017-11-24 19:34:33,2017-11-25 17:13:16,2017-11-28 15:59:53,2017-12-07 17:32:23,2017-12-15 00:00:00,2017-11-24,2017-12-15 00:00:00.000000,2026-08-27T05:17:09.287600+00:00,D:/D drive recovery/Shiva JH/Projects/OneLake Medallion/data/landing/2017-11-24/orders.parquet,2017-11-24
c642d222512a5f6e0b07d52ae97e8e68,8465aa32ef2e7d31bd38ff2a08bad46f,delivered,2017-11-24 22:08:18,2017-11-25 01:13:55,2017-11-28 16:56:51,2017-12-12 21:12:15,2017-12-14 00:00:00,2017-11-24,2017-12-14 00:00:00.000000,2026-08-27T05:17:09.287600+00:00,D:/D drive recovery/Shiva JH/Projects/OneLake Medallion/data/landing/2017-11-24/orders.parquet,2017-11-24
6c690f3acecd6d2c000b1a67a1a699c3,6daa3acba8bd2c5608f4a8bf485416f8,delivered,2017-11-24 09:43:53,2017-11-24 13:13:20,2017-11-30 17:33:41,2017-12-26 22:52:47,2017-12-21 00:00:00,2017-11-24,2017-12-26 22:52:47.000000,2026-08-27T05:17:09.287600+00:00,D:/D drive recovery/Shiva JH/Projects/OneLake Medallion/data/landing/2017-11-24/orders.parquet,2017-11-24
08ea06da9974b971f8fad4929380e24b,cef90a63b305fc7abea62dd395a056f7,delivered,2017-11-24 18:30:10,2017-11-24 21:38:30,2017-12-06 17:25:18,2017-12-13 17:48:47,2017-12-18 00:00:00,2017-11-24,2017-12-18 00:00:00.000000,2026-08-27T05:17:09.287600+00:00,D:/D drive recovery/Shiva JH/Projects/OneLake Medallion/data/landing/2017-11-24/orders.parquet,2017-11-24
b6a5d12becb37fd570472afa5a0daaba,35d7cb8a1edf1e3b3addcee35432082f,delivered,2017-11-24 14:25:02,2017-11-24 16:34:53,2017-11-30 14:47:06,2017-12-11 21:22:52,2017-12-15 00:00:00,2017-11-24,2017-12-15 00:00:00.000000,2026-08-27T05:17:09.287600+00:00,D:/D drive recovery/Shiva JH/Projects/OneLake Medallion/data/landing/2017-11-24/orders.parquet,2017-11-24
6c8221844e21df82eaa09b45f2ca47b7,7ff6c1a0c25241143f4865c737f23801,delivered,2017-11-24 16:53:46,2017-11-24 20:39:36,2017-11-28 20:54:50,2017-12-08 20:24:34,2017-12-15 00:00:00,2017-11-24,2017-12-15 00:00:00.000000,2026-08-27T05:17:09.287600+00:00,D:/D drive recovery/Shiva JH/Projects/OneLake Medallion/data/landing/2017-11-24/orders.parquet,2017-11-24
404ae63d165e7de5dd0bade9787b50c0,f716918648ce7de63976aa640b0c885f,delivered,2017-11-24 06:29:43,2017-11-27 18:15:32,2017-11-28 17:07:08,2017-12-04 13:38:58,2017-12-18 00:00:00,2017-11-24,2017-12-18 00:00:00.000000,2026-08-27T05:17:09.287600+00:00,D:/D drive recovery/Shiva JH/Projects/OneLake Medallion/data/landing/2017-11-24/orders.parquet,2017-11-24
5414180e118bc59734a59e7759b1c8af,ab0c7372cfc8072894f5c0aa01585e32,delivered,2017-11-24 00:52:54,2017-11-25 05:53:24,2017-11-28 20:57:01,2017-12-04 20:37:15,2017-12-20 00:00:00,2017-11-24,2017-12-20 00:00:00.000000,2026-08-27T05:17:09.287600+00:00,D:/D drive recovery/Shiva JH/Projects/OneLake Medallion/data/landing/2017-11-24/orders.parquet,2017-11-24
1a75ed2e9cc04b329fbbf472ea0ea100,01551ab70b4a96a82ff74e3fdf027837,delivered,2017-11-24 12:35:09,2017-11-24 14:52:34,2017-11-29 16:36:17,2017-12-09 17:14:28,2017-12-27 00:00:00,2017-11-24,2017-12-27 00:00:00.000000,2026-08-27T05:17:09.287600+00:00,D:/D drive recovery/Shiva JH/Projects/OneLake Medallion/data/landing/2017-11-24/orders.parquet,2017-11-24
75681e645ebf121d79cde28849994e7c,7fffd172c514d32ce968348442561821,delivered,2017-11-24 08:40:36,2017-11-24 09:50:41,2017-11-24 21:43:46,2017-12-04 20:48:44,2017-12-15 00:00:00,2017-11-24,2017-12-15 00:00:00.000000,2026-08-27T05:17:09.287600+00:00,D:/D drive recovery/Shiva JH/Projects/OneLake Medallion/data/landing/2017-11-24/orders.parquet,2017-11-24
394ff86ee81814bb5f88c7e8ad2812b3,35c96160ee1db65f1cbf4fbcb6f38826,delivered,2017-11-24 19:03:25,2017-11-24 22:19:37,2017-11-27 15:21:39,2017-11-29 22:07:14,2017-12-08 00:00:00,2017-11-24,2017-12-08 00:00:00.000000,2026-08-27T05:17:09.287600+00:00,D:/D drive recovery/Shiva JH/Projects/OneLake Medallion/data/landing/2017-11-24/orders.parquet,2017-11-24
4b268b926cd4a679fd237d8cffb79e20,f512c3de1a2d91175f346263eafe9c92,delivered,2017-11-24 22:03:15,2017-11-28 02:54:38,2017-11-30 16:43:10,2017-12-13 20:10:46,2017-12-27 00:00:00,2017-11-24,2017-12-27 00:00:00.000000,2026-08-27T05:17:09.287600+00:00,D:/D drive recovery/Shiva JH/Projects/OneLake Medallion/data/landing/2017-11-24/orders.parquet,2017-11-24
fd9ec02005605e0b338a29e03bc6eb30,52d0eb41ffcf119a72e14186f7511ae8,delivered,2017-11-24 17:12:57,2017-11-24 20:52:33,2017-11-28 04:01:51,2017-11-30 18:32:49,2017-12-19 00:00:00,2017-11-24,2017-12-19 00:00:00.000000,2026-08-27T05:17:09.287600+00:00,D:/D drive recovery/Shiva JH/Projects/OneLake Medallion/data/landing/2017-11-24/orders.parquet,2017-11-24
00275bce676303c3bfd7292aefdfa223,a12427487c970a4a75dbeb5884f126a8,delivered,2017-11-24 23:10:30,2017-11-28 03:39:45,2017-11-29 17:28:59,2017-12-04 19:42:16,2017-12-14 00:00:00,2017-11-24,2017-12-14 00:00:00.000000,2026-08-27T05:17:09.287600+00:00,D:/D drive recovery/Shiva JH/Projects/OneLake Medallion/data/landing/2017-11-24/orders.parquet,2017-11-24
e0043b9e113bdc5f84b14893d62e00ac,567e09a51ff57f2f6ef54ef2dcb742e8,delivered,2017-11-24 12:00:57,2017-11-25 04:15:21,2017-11-29 15:12:10,2017-11-30 19:26:44,2017-12-08 00:00:00,2017-11-24,2017-12-08 00:00:00.000000,2026-08-27T05:17:09.287600+00:00,D:/D drive recovery/Shiva JH/Projects/OneLake Medallion/data/landing/2017-11-24/orders.parquet,2017-11-24
9d3bb95e31653d7f709918f0979f6d5a,870fd109261b9ff80198e87fbd70f940,delivered,2017-11-24 00:36:07,2017-11-24 01:10:11,2017-11-27 16:47:00,2017-12-03 19:18:52,2017-12-20 00:00:00,2017-11-24,2017-12-20 00:00:00.000000,2026-08-27T05:17:09.287600+00:00,D:/D drive recovery/Shiva JH/Projects/OneLake Medallion/data/landing/2017-11-24/orders.parquet,2017-11-24
65b93b14fb25e2776692abdbd64a44f7,c7e9d64ef2d3e98ad1b5068dbc859934,delivered,2017-11-24 13:49:15,2017-11-28 03:19:55,2017-11-29 21:09:47,2017-12-08 23:38:34,2017-12-14 00:00:00,2017-11-24,2017-12-14 00:00:00.000000,2026-08-27T05:17:09.287600+00:00,D:/D drive recovery/Shiva JH/Projects/OneLake Medallion/data/landing/2017-11-24/orders.parquet,2017-11-24
d3cef289324500ecc29f7f0697299919,369476ab6e09d8c6c1a3d59a662f607a,delivered,2017-11-24 19:11:53,2017-11-24 22:39:28,2017-11-30 01:32:19,2017-12-05 19:29:03,2017-12-27 00:00:00,2017-11-24,2017-12-27 00:00:00.000000,2026-08-27T05:17:09.287600+00:00,D:/D drive recovery/Shiva JH/Projects/OneLake Medallion/data/landing/2017-11-24/orders.parquet,2017-11-24
d37320918ed46f4cd29a218da930fb0c,697b3df5be3d381b8b8116e35c51fb97,delivered,2017-11-24 20:24:12,2017-11-24 23:32:34,2017-11-29 18:53:52,2017-12-02 10:53:22,2017-12-08 00:00:00,2017-11-24,2017-12-08 00:00:00.000000,2026-08-27T05:17:09.287600+00:00,D:/D drive recovery/Shiva JH/Projects/OneLake Medallion/data/landing/2017-11-24/orders.parquet,2017-11-24
3355c17e0d48695739874417b6d421b3,f0507177bf9f1d580a1859b88681b5d9,delivered,2017-11-24 00:18:28,2017-11-24 00:56:35,2017-11-29 11:46:48,2017-12-01 20:32:42,2017-12-14 00:00:00,2017-11-24,2017-12-14 00:00:00.000000,2026-08-27T05:17:09.287600+00:00,D:/D drive recovery/Shiva JH/Projects/OneLake Medallion/data/landing/2017-11-24/orders.parquet,2017-11-24
96eb7f709abac11cbb2502c63d8c1ae6,530d2038f10bff32ab518da55c93cb0a,delivered,2017-11-24 08:40:31,2017-11-24 09:50:40,2017-11-24 22:44:36,2017-12-08 00:47:50,2017-12-15 00:00:00,2017-11-24,2017-12-15 00:00:00.000000,2026-08-27T05:17:09.287600+00:00,D:/D drive recovery/Shiva JH/Projects/OneLake Medallion/data/landing/2017-11-24/orders.parquet,2017-11-24
12841a11f62453c88f68ee1f7cb45c47,dc6cee232e64102de1ae63fff7c38871,delivered,2017-12-06 16:18:06,2017-12-06 16:32:05,2017-12-08 18:36:02,2017-12-19 21:21:52,2017-12-29 00:00:00,2017-12-06,2017-12-29 00:00:00.000000,2026-08-27T05:17:09.287600+00:00,D:/D drive recovery/Shiva JH/Projects/OneLake Medallion/data/landing/2017-12-06/orders.parquet,2017-12-06
5c673b6f0d8e4e50fabaf4428fd2f944,e0d3183e8ff8cac00ec77df643595074,delivered,2017-12-06 13:05:37,2017-12-07 03:16:15,2017-12-13 19:16:44,2018-01-09 12:04:56,2017-12-29 00:00:00,2017-12-06,2018-01-09 12:04:56.000000,2026-08-27T05:17:09.287600+00:00,D:/D drive recovery/Shiva JH/Projects/OneLake Medallion/data/landing/2017-12-06/orders.parquet,2017-12-06
9526afac09af0c00e87b74eb7290b6ec,020a406d49fb26441c5cab66fb8309bb,delivered,2017-12-06 12:41:52,2017-12-06 12:51:30,2017-12-07 14:49:02,2017-12-18 17:12:38,2018-01-02 00:00:00,2017-12-06,2018-01-02 00:00:00.000000,2026-08-27T05:17:09.287600+00:00,D:/D drive recovery/Shiva JH/Projects/OneLake Medallion/data/landing/2017-12-06/orders.parquet,2017-12-06
11642e99761a28ab38643f6a876f4e9b,7ed3bff19a3abe6e21e31d2f8f1a38e1,delivered,2017-12-06 10:56:42,2017-12-06 11:44:22,2017-12-06 21:26:47,2017-12-20 12:23:17,2018-01-05 00:00:00,2017-12-06,2018-01-05 00:00:00.000000,2026-08-27T05:17:09.287600+00:00,D:/D drive recovery/Shiva JH/Projects/OneLake Medallion/data/landing/2017-12-06/orders.parquet,2017-12-06
962938a0eb303d087976fbcbe632723a,1579098c5d9e5744b0f81f652b2f3f3b,delivered,2017-12-18 08:26:07,2017-12-18 09:31:24,2017-12-20 21:51:41,2018-01-09 18:45:26,2018-01-18 00:00:00,2017-12-18,2018-01-18 00:00:00.000000,2026-08-27T05:17:09.287600+00:00,D:/D drive recovery/Shiva JH/Projects/OneLake Medallion/data/landing/2017-12-18/orders.parquet,2017-12-18
46e0dd5cd4dd2530f0e9563886d82e09,6b57e6a310995d960e19f631db8459c3,delivered,2017-12-18 08:37:49,2017-12-18 09:38:23,2017-12-19 23:27:02,2017-12-20 21:15:15,2018-01-05 00:00:00,2017-12-18,2018-01-05 00:00:00.000000,2026-08-27T05:17:09.287600+00:00,D:/D drive recovery/Shiva JH/Projects/OneLake Medallion/data/landing/2017-12-18/orders.parquet,2017-12-18
ddd05ce5cf8b84ccf7f200b027c7753f,a16696afb36b4eb70a718a4932c0db09,delivered,2017-12-18 09:05:02,2017-12-18 10:36:28,2017-12-20 18:15:05,2017-12-22 19:22:50,2018-02-02 00:00:00,2017-12-18,2018-02-02 00:00:00.000000,2026-08-27T05:17:09.287600+00:00,D:/D drive recovery/Shiva JH/Projects/OneLake Medallion/data/landing/2017-12-18/orders.parquet,2017-12-18
a3d3f48cf45e81344a235255f2dd9010,6f86f1485e960867aa28e1b5c7379d39,delivered,2017-12-18 13:51:18,2017-12-18 14:57:26,2017-12-19 18:18:49,2018-01-10 00:27:25,2018-01-16 00:00:00,2017-12-18,2018-01-16 00:00:00.000000,2026-08-27T05:17:09.287600+00:00,D:/D drive recovery/Shiva JH/Projects/OneLake Medallion/data/landing/2017-12-18/orders.parquet,2017-12-18
8ae7bca1e289e5b580b39a20f9454900,a940a00ede64065c3ef0a2c928dfc4d6,delivered,2017-12-18 23:42:43,2017-12-19 01:53:21,2018-01-10 03:17:46,2018-01-24 22:16:04,2018-01-17 00:00:00,2017-12-18,2018-01-24 22:16:04.000000,2026-08-27T05:17:09.287600+00:00,D:/D drive recovery/Shiva JH/Projects/OneLake Medallion/data/landing/2017-12-18/orders.parquet,2017-12-18
a53622dd658d57199cd7a1e677564385,3d9d4319d227b5f465e8a7ccd669b54c,delivered,2017-12-18 11:28:52,2017-12-19 09:51:46,2017-12-21 15:27:10,2018-01-04 19:46:42,2018-01-11 00:00:00,2017-12-18,2018-01-11 00:00:00.000000,2026-08-27T05:17:09.287600+00:00,D:/D drive recovery/Shiva JH/Projects/OneLake Medallion/data/landing/2017-12-18/orders.parquet,2017-12-18
885d5da568caf7ca9663ddedff5a5aaa,c751d63693a6688b868dcd60fd83705b,delivered,2017-12-30 15:18:30,2017-12-30 15:31:17,2018-01-02 20:03:11,2018-01-16 23:10:24,2018-01-31 00:00:00,2017-12-30,2018-01-31 00:00:00.000000,2026-08-27T05:17:09.287600+00:00,D:/D drive recovery/Shiva JH/Projects/OneLake Medallion/data/landing/2017-12-30/orders.parquet,2017-12-30
1e648b21368a3ed91634edf2b262d33c,687a935172033fd0c5fa350e5cfe1458,delivered,2018-01-11 14:59:27,2018-01-11 15:09:31,2018-01-12 21:10:16,2018-01-16 22:25:06,2018-02-09 00:00:00,2018-01-11,2018-02-09 00:00:00.000000,2026-08-27T05:17:09.287600+00:00,D:/D drive recovery/Shiva JH/Projects/OneLake Medallion/data/landing/2018-01-11/orders.parquet,2018-01-11
ad2650f8f266036c200a50ceb506a8c6,7e8b1ef440bd2254c61b01250570b978,delivered,2018-01-11 23:10:31,2018-01-11 23:31:12,2018-01-16 14:33:57,2018-01-23 19:13:01,2018-02-26 00:00:00,2018-01-11,2018-02-26 00:00:00.000000,2026-08-27T05:17:09.287600+00:00,D:/D drive recovery/Shiva JH/Projects/OneLake Medallion/data/landing/2018-01-11/orders.parquet,2018-01-11
89b8ad4ff7b96f3b514eb7d8c71d771c,52864cff1a756a9d83a2f4ef43e3bc9d,delivered,2018-01-11 14:18:35,2018-01-11 14:30:29,2018-01-12 21:29:16,2018-01-31 11:58:46,2018-02-16 00:00:00,2018-01-11,2018-02-16 00:00:00.000000,2026-08-27T05:17:09.287600+00:00,D:/D drive recovery/Shiva JH/Projects/OneLake Medallion/data/landing/2018-01-11/orders.parquet,2018-01-11
3f220b15c7ba9352cf87f6c869c55314,3a23363a9c6e53ea44cacd5fe028aed8,delivered,2018-01-11 10:22:52,2018-01-12 02:35:36,2018-01-15 18:14:08,2018-01-29 17:22:37,2018-02-05 00:00:00,2018-01-11,2018-02-05 00:00:00.000000,2026-08-27T05:17:09.287600+00:00,D:/D drive recovery/Shiva JH/Projects/OneLake Medallion/data/landing/2018-01-11/orders.parquet,2018-01-11
4bfddd9392014699ab2cbae22a27a574,a74615d4b64e4683f4a872ce9035c771,delivered,2018-01-23 11:34:49,2018-01-23 11:50:47,2018-02-03 10:22:52,2018-02-08 20:09:20,2018-02-20 00:00:00,2018-01-23,2018-02-20 00:00:00.000000,2026-08-27T05:17:09.287600+00:00,D:/D drive recovery/Shiva JH/Projects/OneLake Medallion/data/landing/2018-01-23/orders.parquet,2018-01-23
d3775e436e60258e62e678a0f68a0f8d,b07bedd33ee49d60100a0edef8c9e237,delivered,2018-01-23 01:12:12,2018-01-23 01:19:24,2018-01-23 22:51:59,2018-02-28 22:15:11,2018-02-22 00:00:00,2018-01-23,2018-02-28 22:15:11.000000,2026-08-27T05:17:09.287600+00:00,D:/D drive recovery/Shiva JH/Projects/OneLake Medallion/data/landing/2018-01-23/orders.parquet,2018-01-23
6e49598a67a4161d3fe1299418fe5d43,7bfb0045f94740e851adc19d59cd53b3,delivered,2018-01-23 10:24:15,2018-01-23 15:07:15,2018-02-07 18:16:58,2018-02-19 13:12:01,2018-02-16 00:00:00,2018-01-23,2018-02-19 13:12:01.000000,2026-08-27T05:17:09.287600+00:00,D:/D drive recovery/Shiva JH/Projects/OneLake Medallion/data/landing/2018-01-23/orders.parquet,2018-01-23
f896589d5423240044b0425caf71bc96,e1cb8930e519bdbbc6c7354d7b1cb170,delivered,2018-02-04 17:12:23,2018-02-04 17:49:07,2018-02-07 22:22:45,2018-02-27 23:10:17,2018-03-08 00:00:00,2018-02-04,2018-03-08 00:00:00.000000,2026-08-27T05:17:09.287600+00:00,D:/D drive recovery/Shiva JH/Projects/OneLake Medallion/data/landing/2018-02-04/orders.parquet,2018-02-04
730dc1ff917580e99d067d00abaccaef,33372bb48ddea1b0e47e44a1b5c72bb1,delivered,2018-02-04 17:23:52,2018-02-04 17:49:18,2018-02-06 16:24:50,2018-02-14 17:57:34,2018-02-22 00:00:00,2018-02-04,2018-02-22 00:00:00.000000,2026-08-27T05:17:09.287600+00:00,D:/D drive recovery/Shiva JH/Projects/OneLake Medallion/data/landing/2018-02-04/orders.parquet,2018-02-04
2a430c80705b17c17f1e9e5b138e52d5,1775c6a9cee49f8881c1d4d3e1e0bc53,shipped,2018-02-04 18:01:23,2018-02-05 11:36:09,2018-02-06 20:46:00,,2018-03-13 00:00:00,2018-02-04,2018-03-13 00:00:00.000000,2026-08-27T05:17:09.287600+00:00,D:/D drive recovery/Shiva JH/Projects/OneLake Medallion/data/landing/2018-02-04/orders.parquet,2018-02-04
f42afa7297d7d5f4c540fd31c4196821,bf56aa6eb743bb7c169701ad0ee1bbc8,delivered,2018-02-16 13:34:34,2018-02-16 13:46:48,2018-02-17 14:56:52,2018-03-07 18:13:18,2018-03-14 00:00:00,2018-02-16,2018-03-14 00:00:00.000000,2026-08-27T05:17:09.287600+00:00,D:/D drive recovery/Shiva JH/Projects/OneLake Medallion/data/landing/2018-02-16/orders.parquet,2018-02-16
8180b588f7239fba96aeaa6985040c1a,733c209ccd9653f70557611cae3c33e4,delivered,2018-02-16 20:00:03,2018-02-16 20:10:25,2018-02-20 22:57:05,2018-02-26 17:04:44,2018-03-13 00:00:00,2018-02-16,2018-03-13 00:00:00.000000,2026-08-27T05:17:09.287600+00:00,D:/D drive recovery/Shiva JH/Projects/OneLake Medallion/data/landing/2018-02-16/orders.parquet,2018-02-16
cdeec5de39a62045ad7edd0f00cc8858,68fe7aa346f054eefa42c464175f7b2e,delivered,2018-02-16 13:56:54,2018-02-16 14:10:29,2018-03-13 20:42:29,2018-04-16 19:23:19,2018-03-14 00:00:00,2018-02-16,2018-04-16 19:23:19.000000,2026-08-27T05:17:09.287600+00:00,D:/D drive recovery/Shiva JH/Projects/OneLake Medallion/data/landing/2018-02-16/orders.parquet,2018-02-16
30123d8900ab69af8d7017c4e66ea57e,1be33a6809926667a83a435c2c09f5c4,delivered,2018-02-16 11:56:16,2018-02-16 12:40:29,2018-02-22 00:23:23,2018-03-12 22:41:59,2018-03-08 00:00:00,2018-02-16,2018-03-12 22:41:59.000000,2026-08-27T05:17:09.287600+00:00,D:/D drive recovery/Shiva JH/Projects/OneLake Medallion/data/landing/2018-02-16/orders.parquet,2018-02-16
d5f1b4c2e52be04dafb9cdacb1b86921,c6a33681ab4438171d303107512a3878,delivered,2018-02-16 12:02:18,2018-02-17 03:35:27,2018-02-19 22:54:44,2018-02-26 17:13:18,2018-03-12 00:00:00,2018-02-16,2018-03-12 00:00:00.000000,2026-08-27T05:17:09.287600+00:00,D:/D drive recovery/Shiva JH/Projects/OneLake Medallion/data/landing/2018-02-16/orders.parquet,2018-02-16
aae245e2849c2032f94d4baad11dab79,41e0fc4b66cb6cfe6dadaea3129a08f3,delivered,2018-02-28 11:09:27,2018-02-28 12:01:43,2018-02-28 22:05:27,2018-03-08 12:21:49,2018-03-19 00:00:00,2018-02-28,2018-03-19 00:00:00.000000,2026-08-27T05:17:09.287600+00:00,D:/D drive recovery/Shiva JH/Projects/OneLake Medallion/data/landing/2018-02-28/orders.parquet,2018-02-28
fbefd1a1d596025d72cd7cbf21c4f804,7535f9ce5c5ca7c248ed0ff6ed129d04,delivered,2018-02-28 11:52:37,2018-02-28 12:31:09,2018-03-08 02:33:31,2018-04-08 16:53:36,2018-03-20 00:00:00,2018-02-28,2018-04-08 16:53:36.000000,2026-08-27T05:17:09.287600+00:00,D:/D drive recovery/Shiva JH/Projects/OneLake Medallion/data/landing/2018-02-28/orders.parquet,2018-02-28
8e3ab8811f9c3a04413aa4e14f84b872,6255375724659cd90a2cefe829af62c8,delivered,2018-02-28 13:08:04,2018-03-01 02:48:56,2018-03-02 20:15:07,2018-04-10 22:41:47,2018-03-26 00:00:00,2018-02-28,2018-04-10 22:41:47.000000,2026-08-27T05:17:09.287600+00:00,D:/D drive recovery/Shiva JH/Projects/OneLake Medallion/data/landing/2018-02-28/orders.parquet,2018-02-28
7ec86dae6dc7ee75dd06ce14839f34da,154b90cfe3310a622775d66e469fb1f2,delivered,2018-02-28 12:06:57,2018-03-01 07:10:26,2018-03-05 15:49:02,2018-03-18 12:58:42,2018-03-19 00:00:00,2018-02-28,2018-03-19 00:00:00.000000,2026-08-27T05:17:09.287600+00:00,D:/D drive recovery/Shiva JH/Projects/OneLake Medallion/data/landing/2018-02-28/orders.parquet,2018-02-28
e914e961033af34e2fc13b3b0d698a94,76757f2d4942e8382a6970222578f5b2,delivered,2018-02-28 08:59:22,2018-02-28 10:15:35,2018-02-28 21:59:47,2018-03-14 02:26:43,2018-03-22 00:00:00,2018-02-28,2018-03-22 00:00:00.000000,2026-08-27T05:17:09.287600+00:00,D:/D drive recovery/Shiva JH/Projects/OneLake Medallion/data/landing/2018-02-28/orders.parquet,2018-02-28
bd34c0a8e58e5e3a0116f8be431a86ff,4469f1534888f1ea21c3be93e3bb6645,delivered,2018-02-28 20:01:51,2018-02-28 20:15:34,2018-03-01 20:55:11,2018-03-09 18:22:06,2018-03-21 00:00:00,2018-02-28,2018-03-21 00:00:00.000000,2026-08-27T05:17:09.287600+00:00,D:/D drive recovery/Shiva JH/Projects/OneLake Medallion/data/landing/2018-02-28/orders.parquet,2018-02-28
2c7e3ff60588c94964e40bd1dca4415f,f717f4d172b295b2bbd0f89babbd4612,delivered,2018-02-28 20:14:52,2018-02-28 20:25:29,2018-03-02 11:05:29,2018-03-15 00:32:53,2018-03-21 00:00:00,2018-02-28,2018-03-21 00:00:00.000000,2026-08-27T05:17:09.287600+00:00,D:/D drive recovery/Shiva JH/Projects/OneLake Medallion/data/landing/2018-02-28/orders.parquet,2018-02-28
ed4e8b0a842c00f7ff68654911fbea63,e075fd158936ca4de443df6b60e284e5,delivered,2018-02-28 11:06:33,2018-03-01 11:14:33,2018-03-05 14:09:46,2018-03-20 20:02:55,2018-03-23 00:00:00,2018-02-28,2018-03-23 00:00:00.000000,2026-08-27T05:17:09.287600+00:00,D:/D drive recovery/Shiva JH/Projects/OneLake Medallion/data/landing/2018-02-28/orders.parquet,2018-02-28
6ce409ae9fc35c1c78c3190b660a23b4,0bdb9c395e2e8642bd9a303c4e2725c0,delivered,2018-02-28 12:04:20,2018-02-28 12:15:34,2018-03-05 17:14:48,2018-03-23 19:56:39,2018-03-23 00:00:00,2018-02-28,2018-03-23 19:56:39.000000,2026-08-27T05:17:09.287600+00:00,D:/D drive recovery/Shiva JH/Projects/OneLake Medallion/data/landing/2018-02-28/orders.parquet,2018-02-28
690ce80c28087f2dc808a71e7ea057fd,ea60b3dc0208675595c928338d86973e,delivered,2018-03-12 14:41:24,2018-03-12 15:00:47,2018-03-13 00:26:45,2018-03-15 17:57:22,2018-03-22 00:00:00,2018-03-12,2018-03-22 00:00:00.000000,2026-08-27T05:17:09.287600+00:00,D:/D drive recovery/Shiva JH/Projects/OneLake Medallion/data/landing/2018-03-12/orders.parquet,2018-03-12
cd2774a60636ce7ebc1f7efa829bf729,ba3527d8903cfdae4166158ede7c9e8b,delivered,2018-03-12 03:12:59,2018-03-12 03:28:34,2018-03-13 21:21:54,2018-03-27 23:42:08,2018-04-09 00:00:00,2018-03-12,2018-04-09 00:00:00.000000,2026-08-27T05:17:09.287600+00:00,D:/D drive recovery/Shiva JH/Projects/OneLake Medallion/data/landing/2018-03-12/orders.parquet,2018-03-12
64600db8a4995fc16ae799da1eace4be,83e2900e30a1bd700bbe3bbe5a6ea6f4,delivered,2018-03-12 15:30:56,2018-03-12 15:47:04,2018-03-15 23:19:03,2018-04-25 20:12:35,2018-04-12 00:00:00,2018-03-12,2018-04-25 20:12:35.000000,2026-08-27T05:17:09.287600+00:00,D:/D drive recovery/Shiva JH/Projects/OneLake Medallion/data/landing/2018-03-12/orders.parquet,2018-03-12
90d5620d5953ab91dee8d433291dd274,c89efa354fe04de70beef217caee4cf8,delivered,2018-03-12 21:27:49,2018-03-12 21:48:13,2018-03-15 22:08:25,2018-04-11 21:18:28,2018-04-05 00:00:00,2018-03-12,2018-04-11 21:18:28.000000,2026-08-27T05:17:09.287600+00:00,D:/D drive recovery/Shiva JH/Projects/OneLake Medallion/data/landing/2018-03-12/orders.parquet,2018-03-12
40a5bd91abf23d336d1f3584101d860d,2d00abc66dd2095a9e9875724bf05868,delivered,2018-03-12 09:58:01,2018-03-12 11:00:32,2018-03-13 17:47:42,2018-03-26 18:51:57,2018-04-09 00:00:00,2018-03-12,2018-04-09 00:00:00.000000,2026-08-27T05:17:09.287600+00:00,D:/D drive recovery/Shiva JH/Projects/OneLake Medallion/data/landing/2018-03-12/orders.parquet,2018-03-12
412e4fb4c148a6d31f905c16481d75e6,bfb2b8355e699b53e863e2a2181b4bff,delivered,2018-03-12 08:31:35,2018-03-13 04:30:38,2018-03-13 20:08:45,2018-04-03 18:11:28,2018-04-12 00:00:00,2018-03-12,2018-04-12 00:00:00.000000,2026-08-27T05:17:09.287600+00:00,D:/D drive recovery/Shiva JH/Projects/OneLake Medallion/data/landing/2018-03-12/orders.parquet,2018-03-12
15341b05d64b1a27163a196767a80afe,e90517fa5530cf8a1818e915c53d6659,delivered,2018-03-24 11:41:24,2018-03-25 11:47:39,2018-03-27 15:50:27,2018-04-11 21:48:51,2018-04-27 00:00:00,2018-03-24,2018-04-27 00:00:00.000000,2026-08-27T05:17:09.287600+00:00,D:/D drive recovery/Shiva JH/Projects/OneLake Medallion/data/landing/2018-03-24/orders.parquet,2018-03-24
4aaf9b9778e313ecfcfe11ba5673b136,a0af680b53dd9ddc1df27ee4a01fe25e,delivered,2018-03-24 15:11:38,2018-03-25 15:10:24,2018-03-26 19:31:01,2018-06-07 13:28:40,2018-04-27 00:00:00,2018-03-24,2018-06-07 13:28:40.000000,2026-08-27T05:17:09.287600+00:00,D:/D drive recovery/Shiva JH/Projects/OneLake Medallion/data/landing/2018-03-24/orders.parquet,2018-03-24
df81dcb40098fb783a6525fa2f868bc9,749a270cfd211b20bea5c61663a99542,delivered,2018-03-24 16:43:58,2018-03-24 16:56:07,2018-04-16 13:54:53,2018-06-20 22:32:03,2018-05-04 00:00:00,2018-03-24,2018-06-20 22:32:03.000000,2026-08-27T05:17:09.287600+00:00,D:/D drive recovery/Shiva JH/Projects/OneLake Medallion/data/landing/2018-03-24/orders.parquet,2018-03-24
4ab2f2ac4c50d1a98dab6d9541a633ee,383c957ec162c9147f9aab26161af5c6,shipped,2018-04-05 18:08:37,2018-04-05 18:50:14,2018-04-10 19:28:36,,2018-05-17 00:00:00,2018-04-05,2018-05-17 00:00:00.000000,2026-08-27T05:17:09.287600+00:00,D:/D drive recovery/Shiva JH/Projects/OneLake Medallion/data/landing/2018-04-05/orders.parquet,2018-04-05
0d799dd97f4ffcecba2864882585f677,969490358923f64400791dfecc39ad28,delivered,2018-04-05 14:56:55,2018-04-07 13:48:00,2018-04-09 18:22:41,2018-04-12 12:48:40,2018-04-25 00:00:00,2018-04-05,2018-04-25 00:00:00.000000,2026-08-27T05:17:09.287600+00:00,D:/D drive recovery/Shiva JH/Projects/OneLake Medallion/data/landing/2018-04-05/orders.parquet,2018-04-05
824ed066dde5116b8bcf4d75381e056d,22c6b0b3951f5b1c04627cb184f1d220,delivered,2018-04-05 11:24:37,2018-04-05 11:35:27,2018-04-10 00:38:40,2018-04-12 02:14:30,2018-04-23 00:00:00,2018-04-05,2018-04-23 00:00:00.000000,2026-08-27T05:17:09.287600+00:00,D:/D drive recovery/Shiva JH/Projects/OneLake Medallion/data/landing/2018-04-05/orders.parquet,2018-04-05
88236ec3283901ac03893885acd80574,b8aab5319687af47f93bba374f5e2f36,delivered,2018-04-05 17:52:18,2018-04-05 18:11:56,2018-04-07 01:27:43,2018-04-11 01:51:13,2018-04-26 00:00:00,2018-04-05,2018-04-26 00:00:00.000000,2026-08-27T05:17:09.287600+00:00,D:/D drive recovery/Shiva JH/Projects/OneLake Medallion/data/landing/2018-04-05/orders.parquet,2018-04-05
886a55792a14cb019feabb58baa814c7,0f8bd0c5f640add890a66bf230c31929,delivered,2018-04-17 04:58:02,2018-04-18 08:33:33,2018-04-20 19:42:40,2018-04-28 16:48:27,2018-05-11 00:00:00,2018-04-17,2018-05-11 00:00:00.000000,2026-08-27T05:17:09.287600+00:00,D:/D drive recovery/Shiva JH/Projects/OneLake Medallion/data/landing/2018-04-17/orders.parquet,2018-04-17
618b0dccb6cd114a77a84daef8d565c4,39abd214c91bf2bf94440cb6a27e6ecb,delivered,2018-04-17 13:03:22,2018-04-17 13:15:11,2018-04-18 22:58:31,2018-04-28 00:06:48,2018-05-30 00:00:00,2018-04-17,2018-05-30 00:00:00.000000,2026-08-27T05:17:09.287600+00:00,D:/D drive recovery/Shiva JH/Projects/OneLake Medallion/data/landing/2018-04-17/orders.parquet,2018-04-17
d20dc9a4af7f6a0c44930ff40e4d6725,efbdf272ebd0b98f5c51ef96b3eedacf,delivered,2018-04-17 17:28:45,2018-04-17 17:50:45,2018-04-18 19:28:55,2018-04-24 18:03:09,2018-05-16 00:00:00,2018-04-17,2018-05-16 00:00:00.000000,2026-08-27T05:17:09.287600+00:00,D:/D drive recovery/Shiva JH/Projects/OneLake Medallion/data/landing/2018-04-17/orders.parquet,2018-04-17
ca8abc474e7636166e173909fa9973ce,8443f32ce8f32007d1bb7beca8f386da,delivered,2018-04-29 18:45:34,2018-05-01 06:12:49,2018-05-02 10:02:00,2018-05-08 20:22:30,2018-05-24 00:00:00,2018-04-29,2018-05-24 00:00:00.000000,2026-08-27T05:17:09.287600+00:00,D:/D drive recovery/Shiva JH/Projects/OneLake Medallion/data/landing/2018-04-29/orders.parquet,2018-04-29
a5a3c295445dd23736b0a5c49bf376dd,b26b334a381075fcf9f0b0354c4a453b,delivered,2018-04-29 15:50:17,2018-04-29 16:15:16,2018-04-30 11:46:00,2018-05-04 16:28:30,2018-05-17 00:00:00,2018-04-29,2018-05-17 00:00:00.000000,2026-08-27T05:17:09.287600+00:00,D:/D drive recovery/Shiva JH/Projects/OneLake Medallion/data/landing/2018-04-29/orders.parquet,2018-04-29
b1c87cf3c9ac90d18dbf33b6a5c32d83,24b80c81e6779841e8f648396b28c6de,delivered,2018-04-29 13:09:46,2018-05-01 05:13:50,2018-05-05 08:40:00,2018-05-08 18:58:42,2018-05-17 00:00:00,2018-04-29,2018-05-17 00:00:00.000000,2026-08-27T05:17:09.287600+00:00,D:/D drive recovery/Shiva JH/Projects/OneLake Medallion/data/landing/2018-04-29/orders.parquet,2018-04-29
e450bc6e7ca8d8338ef53b5cf23b72ce,fc857cb7bb6549b43eae10f2cef77e39,delivered,2018-04-29 00:47:20,2018-04-29 02:00:06,2018-05-07 12:53:00,2018-05-14 20:14:25,2018-05-23 00:00:00,2018-04-29,2018-05-23 00:00:00.000000,2026-08-27T05:17:09.287600+00:00,D:/D drive recovery/Shiva JH/Projects/OneLake Medallion/data/landing/2018-04-29/orders.parquet,2018-04-29
328c309ec547992c3c426906fe279dc0,ea1db785abeb76be99f949bce241eade,delivered,2018-04-29 09:44:15,2018-04-29 09:55:14,2018-04-30 13:14:00,2018-05-08 13:22:58,2018-05-18 00:00:00,2018-04-29,2018-05-18 00:00:00.000000,2026-08-27T05:17:09.287600+00:00,D:/D drive recovery/Shiva JH/Projects/OneLake Medallion/data/landing/2018-04-29/orders.parquet,2018-04-29
2345b8390d7bd4e3dd2bdd0dd7ab89cb,f5ad57eee2447ed6501b391610f7bd9d,delivered,2018-05-11 14:18:17,2018-05-11 14:30:56,2018-05-29 15:26:00,2018-06-07 13:18:33,2018-06-08 00:00:00,2018-05-11,2018-06-08 00:00:00.000000,2026-08-27T05:17:09.287600+00:00,D:/D drive recovery/Shiva JH/Projects/OneLake Medallion/data/landing/2018-05-11/orders.parquet,2018-05-11
07b683def65270f286578e5208c5adc0,42e4121e8de37d7ce019530aadae9f3d,delivered,2018-05-11 21:06:40,2018-05-11 21:15:14,2018-05-14 13:56:00,2018-05-17 22:34:49,2018-05-23 00:00:00,2018-05-11,2018-05-23 00:00:00.000000,2026-08-27T05:17:09.287600+00:00,D:/D drive recovery/Shiva JH/Projects/OneLake Medallion/data/landing/2018-05-11/orders.parquet,2018-05-11
9734c61e70431951ceea6da4c1c2a063,97ba00d9333c050db94cfeef8297c73b,delivered,2018-05-11 15:30:22,2018-05-11 15:51:37,2018-05-15 16:11:00,2018-06-11 17:54:52,2018-06-06 00:00:00,2018-05-11,2018-06-11 17:54:52.000000,2026-08-27T05:17:09.287600+00:00,D:/D drive recovery/Shiva JH/Projects/OneLake Medallion/data/landing/2018-05-11/orders.parquet,2018-05-11
10946918b6dfb9d446d7fd1a39a45055,b8736223535f5503a888a81a00e5a7c3,delivered,2018-05-11 21:26:29,2018-05-11 21:37:07,2018-05-14 14:16:00,2018-05-24 21:35:19,2018-06-07 00:00:00,2018-05-11,2018-06-07 00:00:00.000000,2026-08-27T05:17:09.287600+00:00,D:/D drive recovery/Shiva JH/Projects/OneLake Medallion/data/landing/2018-05-11/orders.parquet,2018-05-11
4964b712511de5c351d07b12d57e5cc7,bbd5d813124f5a0eb2103ce1624a24d2,delivered,2018-05-11 13:09:46,2018-05-15 03:55:59,2018-05-15 16:22:00,2018-05-24 03:16:49,2018-06-06 00:00:00,2018-05-11,2018-06-06 00:00:00.000000,2026-08-27T05:17:09.287600+00:00,D:/D drive recovery/Shiva JH/Projects/OneLake Medallion/data/landing/2018-05-11/orders.parquet,2018-05-11
8f79a0d3f0989f318565ef2aa28577fb,a734d78c8594ace88881fa8021d394ce,delivered,2018-05-11 15:22:12,2018-05-11 15:38:06,2018-05-14 16:05:00,2018-05-23 01:28:18,2018-06-11 00:00:00,2018-05-11,2018-06-11 00:00:00.000000,2026-08-27T05:17:09.287600+00:00,D:/D drive recovery/Shiva JH/Projects/OneLake Medallion/data/landing/2018-05-11/orders.parquet,2018-05-11
31ce9e3b5b94389a0b2597743083ff98,0cae7459bca371e0607a9c1580c6dfed,delivered,2018-05-23 07:42:43,2018-05-23 08:54:50,2018-05-23 14:03:00,2018-06-05 22:53:31,2018-06-07 00:00:00,2018-05-23,2018-06-07 00:00:00.000000,2026-08-27T05:17:09.287600+00:00,D:/D drive recovery/Shiva JH/Projects/OneLake Medallion/data/landing/2018-05-23/orders.parquet,2018-05-23
236c5c6711eb7864803f0f0c739e5c05,1c1ad3c35a22aac00ba2c90156b27e8d,delivered,2018-05-23 16:20:54,2018-05-25 02:55:17,2018-05-25 12:57:00,2018-06-07 19:54:50,2018-06-19 00:00:00,2018-05-23,2018-06-19 00:00:00.000000,2026-08-27T05:17:09.287600+00:00,D:/D drive recovery/Shiva JH/Projects/OneLake Medallion/data/landing/2018-05-23/orders.parquet,2018-05-23
578e406b34a3ef878b509b9fe1813dda,0d16e4a7336116a77c9fe81af1c589b9,delivered,2018-05-23 10:12:38,2018-05-25 02:55:24,2018-05-25 14:44:00,2018-06-05 22:24:46,2018-06-26 00:00:00,2018-05-23,2018-06-26 00:00:00.000000,2026-08-27T05:17:09.287600+00:00,D:/D drive recovery/Shiva JH/Projects/OneLake Medallion/data/landing/2018-05-23/orders.parquet,2018-05-23
131d8d336159b7912c323b1dcf578525,83ca40b2b7a4bf6497b9de9ffcdb5e23,delivered,2018-05-23 21:01:16,2018-05-23 21:15:09,2018-05-24 14:36:00,2018-06-04 16:25:52,2018-06-18 00:00:00,2018-05-23,2018-06-18 00:00:00.000000,2026-08-27T05:17:09.287600+00:00,D:/D drive recovery/Shiva JH/Projects/OneLake Medallion/data/landing/2018-05-23/orders.parquet,2018-05-23
3af58300549c324fa418f079815fc952,be0b9ebc5a6063c689151c824e2730a1,delivered,2018-05-23 17:45:41,2018-05-23 17:55:58,2018-06-04 15:37:00,2018-06-08 17:16:37,2018-06-25 00:00:00,2018-05-23,2018-06-25 00:00:00.000000,2026-08-27T05:17:09.287600+00:00,D:/D drive recovery/Shiva JH/Projects/OneLake Medallion/data/landing/2018-05-23/orders.parquet,2018-05-23
9e05956862c333308733e2155ca16950,185c0ab94dcd0aaf2b9f6f0b1424527a,delivered,2018-05-23 19:46:14,2018-05-23 19:55:50,2018-06-06 13:18:00,2018-06-09 00:38:44,2018-06-19 00:00:00,2018-05-23,2018-06-19 00:00:00.000000,2026-08-27T05:17:09.287600+00:00,D:/D drive recovery/Shiva JH/Projects/OneLake Medallion/data/landing/2018-05-23/orders.parquet,2018-05-23
ab87dc5a5f1856a10640d5f42e4c2fd9,538a4d02876412846b966a3c057395e5,delivered,2018-06-04 12:38:45,2018-06-04 12:50:47,2018-06-05 12:12:00,2018-06-11 20:39:49,2018-07-17 00:00:00,2018-06-04,2018-07-17 00:00:00.000000,2026-08-27T05:17:09.287600+00:00,D:/D drive recovery/Shiva JH/Projects/OneLake Medallion/data/landing/2018-06-04/orders.parquet,2018-06-04
3308880e8f58b1d2c21bd5b1bf64aad4,42771edf61eb1cc704e5852fb21078d5,delivered,2018-06-04 23:42:21,2018-06-04 23:50:23,2018-06-07 14:41:00,2018-06-18 18:34:42,2018-07-19 00:00:00,2018-06-04,2018-07-19 00:00:00.000000,2026-08-27T05:17:09.287600+00:00,D:/D drive recovery/Shiva JH/Projects/OneLake Medallion/data/landing/2018-06-04/orders.parquet,2018-06-04
8b7b9c6bbef1d12f004035806f43996a,529f88b63d54d7c02bd9cbfd94ef9248,delivered,2018-06-04 10:38:02,2018-06-04 10:50:55,2018-06-07 12:55:00,2018-06-13 16:22:46,2018-07-13 00:00:00,2018-06-04,2018-07-13 00:00:00.000000,2026-08-27T05:17:09.287600+00:00,D:/D drive recovery/Shiva JH/Projects/OneLake Medallion/data/landing/2018-06-04/orders.parquet,2018-06-04
903bf628219e968e070f205a97500735,15597c6e1060d323ac01f89a332903d7,delivered,2018-06-04 16:01:51,2018-06-04 16:15:22,2018-06-05 11:07:00,2018-06-12 19:28:24,2018-07-05 00:00:00,2018-06-04,2018-07-05 00:00:00.000000,2026-08-27T05:17:09.287600+00:00,D:/D drive recovery/Shiva JH/Projects/OneLake Medallion/data/landing/2018-06-04/orders.parquet,2018-06-04
2a03326bc3dd548e425fafa5c7be54ed,6d44f5e3a4196e1fd1cdee36fbc3c4e4,delivered,2018-06-16 13:37:17,2018-06-16 13:59:35,2018-06-18 15:01:00,2018-06-26 19:22:40,2018-07-12 00:00:00,2018-06-16,2018-07-12 00:00:00.000000,2026-08-27T05:17:09.287600+00:00,D:/D drive recovery/Shiva JH/Projects/OneLake Medallion/data/landing/2018-06-16/orders.parquet,2018-06-16
b865bf62fce1552218ba53aaa950e1cc,0c65fbd1cc7175466e1bfd6d0978157b,delivered,2018-06-16 10:43:52,2018-06-16 10:57:03,2018-06-22 14:04:00,2018-06-30 01:08:43,2018-07-18 00:00:00,2018-06-16,2018-07-18 00:00:00.000000,2026-08-27T05:17:09.287600+00:00,D:/D drive recovery/Shiva JH/Projects/OneLake Medallion/data/landing/2018-06-16/orders.parquet,2018-06-16
9b21d7e7e61740911f0008fc81681e63,29bc624eea63e77997d35b670c739591,delivered,2018-06-16 18:41:11,2018-06-19 06:56:59,2018-06-19 09:24:00,2018-06-25 17:26:37,2018-07-12 00:00:00,2018-06-16,2018-07-12 00:00:00.000000,2026-08-27T05:17:09.287600+00:00,D:/D drive recovery/Shiva JH/Projects/OneLake Medallion/data/landing/2018-06-16/orders.parquet,2018-06-16
b70c2a4797319570dbecddc366fb25c0,2a6948d5a2d84f87a130ad8c02b542e9,delivered,2018-06-28 19:06:45,2018-06-28 19:29:51,2018-07-10 14:48:00,2018-07-14 12:22:53,2018-07-18 00:00:00,2018-06-28,2018-07-18 00:00:00.000000,2026-08-27T05:17:09.287600+00:00,D:/D drive recovery/Shiva JH/Projects/OneLake Medallion/data/landing/2018-06-28/orders.parquet,2018-06-28
8f82857f5a738c96bb40a551c4c0bb40,c1afe3fd5cbd1a4e784e6f77ca2fbad6,delivered,2018-06-28 00:15:35,2018-06-28 01:11:09,2018-06-28 15:41:00,2018-07-04 22:43:38,2018-07-31 00:00:00,2018-06-28,2018-07-31 00:00:00.000000,2026-08-27T05:17:09.287600+00:00,D:/D drive recovery/Shiva JH/Projects/OneLake Medallion/data/landing/2018-06-28/orders.parquet,2018-06-28
7063524166dbe4d1f15029bafcd95070,9fc14ee468e1e679d5a5057fa4224511,delivered,2018-06-28 19:28:52,2018-06-29 02:53:28,2018-06-29 10:22:00,2018-07-04 18:48:49,2018-07-23 00:00:00,2018-06-28,2018-07-23 00:00:00.000000,2026-08-27T05:17:09.287600+00:00,D:/D drive recovery/Shiva JH/Projects/OneLake Medallion/data/landing/2018-06-28/orders.parquet,2018-06-28
de81104d0d1d1a5d4dd09e89a7ea4cd1,b9f21de0cf737e46054822f6082eaf31,delivered,2017-02-10 16:37:55,2017-02-10 16:50:17,2017-02-14 10:21:06,2017-02-21 15:36:07,2017-03-13 00:00:00,2017-02-10,2017-03-13 00:00:00.000000,2026-08-27T05:17:09.287600+00:00,D:/D drive recovery/Shiva JH/Projects/OneLake Medallion/data/landing/2017-02-10/orders.parquet,2017-02-10
825df75b7a4b5c436b9d2443f653cab2,86774a39f72b954bd12596f8cdcafa7c,delivered,2017-02-10 16:05:24,2017-02-10 16:15:17,2017-02-13 09:28:26,2017-02-16 10:18:50,2017-03-13 00:00:00,2017-02-10,2017-03-13 00:00:00.000000,2026-08-27T05:17:09.287600+00:00,D:/D drive recovery/Shiva JH/Projects/OneLake Medallion/data/landing/2017-02-10/orders.parquet,2017-02-10
5e22038cfe14c065388be1dd0a85ba77,fbb476beae00fbc35d20498ab657036a,delivered,2017-02-22 12:26:37,2017-02-22 13:05:26,2017-02-23 09:24:37,2017-03-02 17:42:14,2017-03-21 00:00:00,2017-02-22,2017-03-21 00:00:00.000000,2026-08-27T05:17:09.287600+00:00,D:/D drive recovery/Shiva JH/Projects/OneLake Medallion/data/landing/2017-02-22/orders.parquet,2017-02-22
1d0e8770169496e47622b6cbc0d10bda,e3cfff24939005d30dd3a046848227d6,delivered,2017-02-22 14:08:00,2017-02-22 14:22:20,2017-02-23 15:14:01,2017-03-01 07:12:57,2017-03-21 00:00:00,2017-02-22,2017-03-21 00:00:00.000000,2026-08-27T05:17:09.287600+00:00,D:/D drive recovery/Shiva JH/Projects/OneLake Medallion/data/landing/2017-02-22/orders.parquet,2017-02-22
b6d9ea292226815b57dc2034dcc70a91,cf6f93633e3f4c56949d0ea7ea1b14cc,delivered,2017-03-06 20:29:58,2017-03-06 20:45:14,2017-03-08 12:43:49,2017-03-13 16:36:10,2017-03-23 00:00:00,2017-03-06,2017-03-23 00:00:00.000000,2026-08-27T05:17:09.287600+00:00,D:/D drive recovery/Shiva JH/Projects/OneLake Medallion/data/landing/2017-03-06/orders.parquet,2017-03-06
8b8c17015e5e5bea026c24e0f03c9dcf,1d53f05ca91642eb19cd75a96296c152,delivered,2017-03-06 02:21:22,2017-03-06 02:30:17,2017-03-14 11:21:55,2017-03-30 08:00:03,2017-04-04 00:00:00,2017-03-06,2017-04-04 00:00:00.000000,2026-08-27T05:17:09.287600+00:00,D:/D drive recovery/Shiva JH/Projects/OneLake Medallion/data/landing/2017-03-06/orders.parquet,2017-03-06
b5106eeb869b64ba86ab9d880e31c0bb,ca13e387fcbd7936e2415f18e62e7d1c,delivered,2017-03-18 09:33:43,2017-03-18 09:33:43,2017-03-20 12:12:40,2017-03-28 18:23:51,2017-04-12 00:00:00,2017-03-18,2017-04-12 00:00:00.000000,2026-08-27T05:17:09.287600+00:00,D:/D drive recovery/Shiva JH/Projects/OneLake Medallion/data/landing/2017-03-18/orders.parquet,2017-03-18
60b8f5496f3fa2d3dbe08692dc63b4b3,ad8653edd19b5fce6af3a75366bcb7b2,delivered,2017-03-18 09:39:29,2017-03-18 09:39:29,2017-03-20 09:37:29,2017-04-13 14:13:26,2017-04-19 00:00:00,2017-03-18,2017-04-19 00:00:00.000000,2026-08-27T05:17:09.287600+00:00,D:/D drive recovery/Shiva JH/Projects/OneLake Medallion/data/landing/2017-03-18/orders.parquet,2017-03-18
632ec9368030a0679acafa0d23b7be2c,3387330a6000841f3964adba5892e669,delivered,2017-03-18 11:10:54,2017-03-18 11:10:54,2017-03-20 12:12:31,2017-04-11 10:52:28,2017-04-26 00:00:00,2017-03-18,2017-04-26 00:00:00.000000,2026-08-27T05:17:09.287600+00:00,D:/D drive recovery/Shiva JH/Projects/OneLake Medallion/data/landing/2017-03-18/orders.parquet,2017-03-18
bf43328103299ae529116e4521e82191,5cc56ee044870a357f395d0c325274d3,delivered,2017-03-30 16:27:09,2017-03-30 16:42:32,2017-04-10 18:10:49,2017-04-12 18:09:05,2017-04-27 00:00:00,2017-03-30,2017-04-27 00:00:00.000000,2026-08-27T05:17:09.287600+00:00,D:/D drive recovery/Shiva JH/Projects/OneLake Medallion/data/landing/2017-03-30/orders.parquet,2017-03-30
ebf89b8a3abd6ac66f597f269e84c3dd,e5a5989a40570799ba8e0f8329e5666b,delivered,2017-04-11 17:24:00,2017-04-11 17:45:17,2017-04-18 08:07:10,2017-04-27 12:09:21,2017-05-05 00:00:00,2017-04-11,2017-05-05 00:00:00.000000,2026-08-27T05:17:09.287600+00:00,D:/D drive recovery/Shiva JH/Projects/OneLake Medallion/data/landing/2017-04-11/orders.parquet,2017-04-11
ef0db33f981ff522a3a3ad0212e9148e,2a724c261acbe630a47763c5af9e119c,delivered,2017-04-23 17:25:09,2017-04-23 17:35:16,2017-04-24 14:55:45,2017-05-02 16:32:53,2017-05-15 00:00:00,2017-04-23,2017-05-15 00:00:00.000000,2026-08-27T05:17:09.287600+00:00,D:/D drive recovery/Shiva JH/Projects/OneLake Medallion/data/landing/2017-04-23/orders.parquet,2017-04-23
b9df3ba1cd5cd93a66fa5f902ab0dbc5,bd6d5bb0762574fcf0102668be4f781c,delivered,2017-05-05 14:13:32,2017-05-05 14:25:24,2017-05-09 08:18:47,2017-05-15 15:41:39,2017-05-31 00:00:00,2017-05-05,2017-05-31 00:00:00.000000,2026-08-27T05:17:09.287600+00:00,D:/D drive recovery/Shiva JH/Projects/OneLake Medallion/data/landing/2017-05-05/orders.parquet,2017-05-05
a9e7b797dd41979738e86a33cc9e8520,9de58209bf50e78c31e5b6e603c3cba8,delivered,2017-05-05 19:57:06,2017-05-05 20:22:21,2017-05-08 15:44:50,2017-05-16 09:29:34,2017-05-30 00:00:00,2017-05-05,2017-05-30 00:00:00.000000,2026-08-27T05:17:09.287600+00:00,D:/D drive recovery/Shiva JH/Projects/OneLake Medallion/data/landing/2017-05-05/orders.parquet,2017-05-05
9794a238ab3d4acf86002d2f0ddb2890,058d7abec446a0205f278373001457a8,delivered,2017-05-05 11:28:44,2017-05-05 11:35:36,2017-05-10 09:16:59,2017-05-17 11:05:41,2017-06-08 00:00:00,2017-05-05,2017-06-08 00:00:00.000000,2026-08-27T05:17:09.287600+00:00,D:/D drive recovery/Shiva JH/Projects/OneLake Medallion/data/landing/2017-05-05/orders.parquet,2017-05-05
6c30b488cb5cc67b2731e01894825ed6,6e53acec8266648edb5b9554fe15d5ba,delivered,2017-05-05 21:17:02,2017-05-06 02:15:21,2017-05-12 08:33:13,2017-05-19 14:57:54,2017-05-26 00:00:00,2017-05-05,2017-05-26 00:00:00.000000,2026-08-27T05:17:09.287600+00:00,D:/D drive recovery/Shiva JH/Projects/OneLake Medallion/data/landing/2017-05-05/orders.parquet,2017-05-05
8176c11ca059602f1a7b1615f4cebbd6,706294ee2bf13bab8e5ed8ad240b0406,delivered,2017-05-17 22:58:25,2017-05-17 23:10:16,2017-05-18 16:28:07,2017-05-19 10:38:08,2017-05-31 00:00:00,2017-05-17,2017-05-31 00:00:00.000000,2026-08-27T05:17:09.287600+00:00,D:/D drive recovery/Shiva JH/Projects/OneLake Medallion/data/landing/2017-05-17/orders.parquet,2017-05-17
4886bdc3d38b4558a42cca69e30e0808,e445db8f5537b28f85a980838e51d122,delivered,2017-05-17 18:03:00,2017-05-17 18:15:11,2017-05-24 14:43:03,2017-05-25 09:06:02,2017-06-01 00:00:00,2017-05-17,2017-06-01 00:00:00.000000,2026-08-27T05:17:09.287600+00:00,D:/D drive recovery/Shiva JH/Projects/OneLake Medallion/data/landing/2017-05-17/orders.parquet,2017-05-17
58911a5b99a60d9f2f64485528c69a84,b9db2ddfd2fb31580adadd54d2589d9d,delivered,2017-05-29 21:30:28,2017-05-29 21:45:09,2017-05-30 10:29:20,2017-06-05 23:43:58,2017-06-21 00:00:00,2017-05-29,2017-06-21 00:00:00.000000,2026-08-27T05:17:09.287600+00:00,D:/D drive recovery/Shiva JH/Projects/OneLake Medallion/data/landing/2017-05-29/orders.parquet,2017-05-29
094960a25bb327dca31de0e2b9a788f9,6bc095de9379a75fe58a5aff2570f2a8,delivered,2017-05-29 23:02:55,2017-05-29 23:15:11,2017-06-01 13:48:39,2017-06-05 15:58:04,2017-06-19 00:00:00,2017-05-29,2017-06-19 00:00:00.000000,2026-08-27T05:17:09.287600+00:00,D:/D drive recovery/Shiva JH/Projects/OneLake Medallion/data/landing/2017-05-29/orders.parquet,2017-05-29
e302764b4fa6c74b926997b8b171f5d7,c322089fc60b4832eb918b6fc35ced7e,delivered,2017-05-29 08:19:41,2017-05-30 04:55:16,2017-05-31 05:05:38,2017-06-01 11:13:39,2017-06-09 00:00:00,2017-05-29,2017-06-09 00:00:00.000000,2026-08-27T05:17:09.287600+00:00,D:/D drive recovery/Shiva JH/Projects/OneLake Medallion/data/landing/2017-05-29/orders.parquet,2017-05-29
ad3653ed7fa95d0e6ed3c9748c66e86e,ff321454b4ea8fda58a0d3a0ab2609cb,delivered,2017-05-29 23:13:05,2017-05-29 23:25:16,2017-05-30 15:59:45,2017-06-02 13:59:54,2017-06-20 00:00:00,2017-05-29,2017-06-20 00:00:00.000000,2026-08-27T05:17:09.287600+00:00,D:/D drive recovery/Shiva JH/Projects/OneLake Medallion/data/landing/2017-05-29/orders.parquet,2017-05-29
36c5444b254b4f1810d3ece9523fca71,26ae76bd34b19ca8abfef8155f68d468,delivered,2017-05-29 20:17:31,2017-05-29 20:30:28,2017-06-02 15:55:28,2017-06-19 14:48:05,2017-06-26 00:00:00,2017-05-29,2017-06-26 00:00:00.000000,2026-08-27T05:17:09.287600+00:00,D:/D drive recovery/Shiva JH/Projects/OneLake Medallion/data/landing/2017-05-29/orders.parquet,2017-05-29
cb54c9069dc123fa6cfca4b4cf94eb9c,6f87cac1f850912f8eee3d00f7cf8d1a,delivered,2017-05-29 17:01:47,2017-05-31 11:05:10,2017-05-31 11:32:49,2017-06-07 13:20:25,2017-06-21 00:00:00,2017-05-29,2017-06-21 00:00:00.000000,2026-08-27T05:17:09.287600+00:00,D:/D drive recovery/Shiva JH/Projects/OneLake Medallion/data/landing/2017-05-29/orders.parquet,2017-05-29
f11fbb27b667b259485343a1ad29b609,572973ca7b77562d79dc98594498372b,delivered,2017-06-10 15:31:35,2017-06-10 15:45:13,2017-06-12 14:27:54,2017-06-27 14:05:46,2017-07-07 00:00:00,2017-06-10,2017-07-07 00:00:00.000000,2026-08-27T05:17:09.287600+00:00,D:/D drive recovery/Shiva JH/Projects/OneLake Medallion/data/landing/2017-06-10/orders.parquet,2017-06-10
2ee460773e708be4e0208745a3864b8c,3bd12f7c1ad3a3908905785e43de8603,shipped,2017-06-22 22:34:26,2017-06-22 22:50:09,2017-06-28 15:17:48,,2017-08-07 00:00:00,2017-06-22,2017-08-07 00:00:00.000000,2026-08-27T05:17:09.287600+00:00,D:/D drive recovery/Shiva JH/Projects/OneLake Medallion/data/landing/2017-06-22/orders.parquet,2017-06-22
14f478070db62f51c33367debce4f1d1,fed7a1c4146b45f0ddb2b285da5379cf,delivered,2017-07-04 20:32:22,2017-07-05 17:38:28,2017-07-06 15:17:54,2017-07-12 20:42:56,2017-07-26 00:00:00,2017-07-04,2017-07-26 00:00:00.000000,2026-08-27T05:17:09.287600+00:00,D:/D drive recovery/Shiva JH/Projects/OneLake Medallion/data/landing/2017-07-04/orders.parquet,2017-07-04
4509ce51e5c9ab113add9aac39e97512,fca741e95dd4f6e819bf0b52f5db1c51,delivered,2017-07-04 10:56:11,2017-07-04 11:10:22,2017-07-04 15:23:22,2017-07-10 18:37:34,2017-07-27 00:00:00,2017-07-04,2017-07-27 00:00:00.000000,2026-08-27T05:17:09.287600+00:00,D:/D drive recovery/Shiva JH/Projects/OneLake Medallion/data/landing/2017-07-04/orders.parquet,2017-07-04
876ccdbffe8b9e0d081dd74f449ba339,aa3b4b13310e63dc7918471ddf6a7e0f,delivered,2017-07-04 12:37:59,2017-07-05 02:43:44,2017-07-05 17:17:41,2017-07-11 19:49:34,2017-07-28 00:00:00,2017-07-04,2017-07-28 00:00:00.000000,2026-08-27T05:17:09.287600+00:00,D:/D drive recovery/Shiva JH/Projects/OneLake Medallion/data/landing/2017-07-04/orders.parquet,2017-07-04
03e1f719ea43e7eb59344cf78cd99ff4,c447c5e0a10dfabee87e3d41dc0250eb,delivered,2017-07-04 20:43:38,2017-07-05 17:40:07,2017-07-10 19:13:49,2017-07-12 17:07:59,2017-07-27 00:00:00,2017-07-04,2017-07-27 00:00:00.000000,2026-08-27T05:17:09.287600+00:00,D:/D drive recovery/Shiva JH/Projects/OneLake Medallion/data/landing/2017-07-04/orders.parquet,2017-07-04
33c00e6b5e5d1f829753828969590a33,32bf3df42f4a846dc888178f9e276111,delivered,2017-07-16 09:17:43,2017-07-16 09:30:12,2017-07-20 17:42:16,2017-07-26 17:32:52,2017-08-04 00:00:00,2017-07-16,2017-08-04 00:00:00.000000,2026-08-27T05:17:09.287600+00:00,D:/D drive recovery/Shiva JH/Projects/OneLake Medallion/data/landing/2017-07-16/orders.parquet,2017-07-16
edf0616bd376b3416b676c10dffad049,91f5c89b6c85928de6df8cc711577efe,delivered,2017-07-16 02:28:22,2017-07-16 02:43:19,2017-07-26 03:16:28,2017-08-29 22:26:04,2017-08-24 00:00:00,2017-07-16,2017-08-29 22:26:04.000000,2026-08-27T05:17:09.287600+00:00,D:/D drive recovery/Shiva JH/Projects/OneLake Medallion/data/landing/2017-07-16/orders.parquet,2017-07-16
631252ac24a799cf8f1c7823248527d5,e00cd6b2b1b0bd04a6813359a2698380,delivered,2017-07-16 21:52:58,2017-07-16 22:05:49,2017-07-21 12:45:55,2017-07-28 22:07:58,2017-08-09 00:00:00,2017-07-16,2017-08-09 00:00:00.000000,2026-08-27T05:17:09.287600+00:00,D:/D drive recovery/Shiva JH/Projects/OneLake Medallion/data/landing/2017-07-16/orders.parquet,2017-07-16
60e8b42fc95ec83d1e3bc2c7f7b4350d,0a7aa99ac73533c0ba784bcc47b1c5e3,delivered,2017-07-28 18:33:50,2017-08-02 08:33:20,2017-08-01 19:19:44,2017-08-07 18:23:53,2017-08-21 00:00:00,2017-07-28,2017-08-21 00:00:00.000000,2026-08-27T05:17:09.287600+00:00,D:/D drive recovery/Shiva JH/Projects/OneLake Medallion/data/landing/2017-07-28/orders.parquet,2017-07-28
b0ca5afc6c53a1b2bd7c6af809913f9e,b7a32c8c1f8a3deace8865c07d2683de,delivered,2017-08-09 14:18:52,2017-08-09 14:35:11,2017-08-10 20:51:55,2017-08-11 14:06:30,2017-08-22 00:00:00,2017-08-09,2017-08-22 00:00:00.000000,2026-08-27T05:17:09.287600+00:00,D:/D drive recovery/Shiva JH/Projects/OneLake Medallion/data/landing/2017-08-09/orders.parquet,2017-08-09
47c5b42ecbd216813dc0dbcdfb964a9e,9ec2c81dc030f60a772531d121ec6344,delivered,2017-08-09 12:52:38,2017-08-09 13:05:18,2017-08-10 20:07:32,2017-08-18 20:03:07,2017-09-04 00:00:00,2017-08-09,2017-09-04 00:00:00.000000,2026-08-27T05:17:09.287600+00:00,D:/D drive recovery/Shiva JH/Projects/OneLake Medallion/data/landing/2017-08-09/orders.parquet,2017-08-09
33ca67f12b946d8830eb3805cc63761b,18e8c826c91f467ecc07f9e1447b8860,delivered,2017-08-21 13:10:55,2017-08-21 13:25:11,2017-08-22 19:17:04,2017-08-31 19:49:58,2017-09-15 00:00:00,2017-08-21,2017-09-15 00:00:00.000000,2026-08-27T05:17:09.287600+00:00,D:/D drive recovery/Shiva JH/Projects/OneLake Medallion/data/landing/2017-08-21/orders.parquet,2017-08-21
a7a0c8ebf2557ea4b30103fbff81e64d,030f5e1f842f24533ea4589b518dc34f,delivered,2017-08-21 10:20:23,2017-08-21 10:30:11,2017-08-22 12:29:31,2017-09-05 00:05:54,2017-09-21 00:00:00,2017-08-21,2017-09-21 00:00:00.000000,2026-08-27T05:17:09.287600+00:00,D:/D drive recovery/Shiva JH/Projects/OneLake Medallion/data/landing/2017-08-21/orders.parquet,2017-08-21
e9e856785fb0793e8ebc749b65858a89,e3292183ca12fd9ebb10b1599b0f9528,delivered,2017-08-21 17:46:25,2017-08-21 18:06:40,2017-08-22 19:51:58,2017-08-24 13:44:36,2017-09-11 00:00:00,2017-08-21,2017-09-11 00:00:00.000000,2026-08-27T05:17:09.287600+00:00,D:/D drive recovery/Shiva JH/Projects/OneLake Medallion/data/landing/2017-08-21/orders.parquet,2017-08-21
845741b02081020193c3b7ea4dbe1a23,d1a06aa8c01856b012f9cde59c3c90ba,delivered,2017-08-21 19:36:31,2017-08-21 19:50:17,2017-08-24 17:20:09,2017-08-29 14:03:43,2017-09-13 00:00:00,2017-08-21,2017-09-13 00:00:00.000000,2026-08-27T05:17:09.287600+00:00,D:/D drive recovery/Shiva JH/Projects/OneLake Medallion/data/landing/2017-08-21/orders.parquet,2017-08-21
8ac6c055babd36dbe48009daf04f005c,1197106d62f4c83ea269b02688cfe1fe,delivered,2017-08-21 11:22:28,2017-08-21 11:46:34,2017-08-21 18:44:33,2017-08-28 17:47:35,2017-09-13 00:00:00,2017-08-21,2017-09-13 00:00:00.000000,2026-08-27T05:17:09.287600+00:00,D:/D drive recovery/Shiva JH/Projects/OneLake Medallion/data/landing/2017-08-21/orders.parquet,2017-08-21
5f77756df7ee84e204c730c024312542,149854f060da7beac9253cd3f0fa8c8c,delivered,2017-08-21 17:09:33,2017-08-21 17:25:35,2017-08-23 20:26:12,2017-08-28 16:52:46,2017-09-20 00:00:00,2017-08-21,2017-09-20 00:00:00.000000,2026-08-27T05:17:09.287600+00:00,D:/D drive recovery/Shiva JH/Projects/OneLake Medallion/data/landing/2017-08-21/orders.parquet,2017-08-21
1335770a97f98c72818680ee3ff1d00a,6fc7836276b8f6772133106f0d3bbe55,delivered,2017-08-21 12:19:16,2017-08-21 12:30:25,2017-08-23 20:59:46,2017-08-28 14:41:40,2017-09-01 00:00:00,2017-08-21,2017-09-01 00:00:00.000000,2026-08-27T05:17:09.287600+00:00,D:/D drive recovery/Shiva JH/Projects/OneLake Medallion/data/landing/2017-08-21/orders.parquet,2017-08-21
5942bd3a8502a95cab0655d31eb2c6fc,0da03c17bb6e78ca54c42dd0332b5847,delivered,2017-09-02 10:17:22,2017-09-02 10:30:20,2017-09-05 11:59:12,2017-09-13 18:44:50,2017-10-04 00:00:00,2017-09-02,2017-10-04 00:00:00.000000,2026-08-27T05:17:09.287600+00:00,D:/D drive recovery/Shiva JH/Projects/OneLake Medallion/data/landing/2017-09-02/orders.parquet,2017-09-02
578ef9ed2638d4e10337e50e37566344,cf08d4dd333c76a5b09fb2f352652d7b,delivered,2017-09-02 06:21:22,2017-09-02 06:30:16,2017-09-13 18:06:50,2017-09-22 16:51:43,2017-10-04 00:00:00,2017-09-02,2017-10-04 00:00:00.000000,2026-08-27T05:17:09.287600+00:00,D:/D drive recovery/Shiva JH/Projects/OneLake Medallion/data/landing/2017-09-02/orders.parquet,2017-09-02
6878dd8f91f3b3ee7fa8edbea6c3af45,86c9a39c17fae370a496545e5d9a324c,delivered,2017-09-02 16:57:50,2017-09-05 04:25:48,2017-09-05 14:49:47,2017-09-11 22:16:28,2017-09-21 00:00:00,2017-09-02,2017-09-21 00:00:00.000000,2026-08-27T05:17:09.287600+00:00,D:/D drive recovery/Shiva JH/Projects/OneLake Medallion/data/landing/2017-09-02/orders.parquet,2017-09-02
4b723c793fead9a09146174b94577802,bf9c8d8a4ada55c82c2add8a9c8bfea7,delivered,2017-09-02 10:33:40,2017-09-02 10:45:18,2017-09-06 21:10:13,2017-09-18 22:32:43,2017-10-05 00:00:00,2017-09-02,2017-10-05 00:00:00.000000,2026-08-27T05:17:09.287600+00:00,D:/D drive recovery/Shiva JH/Projects/OneLake Medallion/data/landing/2017-09-02/orders.parquet,2017-09-02
ef29d8249c4f5670c259bda87461e3e4,3a31dade13063f1e0591135c8d811491,delivered,2017-09-14 18:52:30,2017-09-14 19:04:52,2017-09-15 16:15:35,2017-09-22 20:57:49,2017-10-04 00:00:00,2017-09-14,2017-10-04 00:00:00.000000,2026-08-27T05:17:09.287600+00:00,D:/D drive recovery/Shiva JH/Projects/OneLake Medallion/data/landing/2017-09-14/orders.parquet,2017-09-14
c439a063d60f29fa2a257b40cef5c379,fec991b4de20b2284f4c441df760a6ed,delivered,2017-09-26 22:22:38,2017-09-26 22:35:17,2017-09-27 12:52:15,2017-10-18 21:37:57,2017-11-07 00:00:00,2017-09-26,2017-11-07 00:00:00.000000,2026-08-27T05:17:09.287600+00:00,D:/D drive recovery/Shiva JH/Projects/OneLake Medallion/data/landing/2017-09-26/orders.parquet,2017-09-26
7b9346f5875f5ba40aa2f851365d3daf,64ed151de6054d3f07c9bfcce705b0e0,delivered,2017-09-26 14:57:55,2017-09-26 15:07:22,2017-09-27 16:16:59,2017-10-02 19:47:31,2017-10-18 00:00:00,2017-09-26,2017-10-18 00:00:00.000000,2026-08-27T05:17:09.287600+00:00,D:/D drive recovery/Shiva JH/Projects/OneLake Medallion/data/landing/2017-09-26/orders.parquet,2017-09-26
de983bdf0e92645dd32e0ba39d8e7dd8,faae3f96ccf16903b53b768dedf6aae9,delivered,2017-09-26 18:54:55,2017-09-28 02:56:10,2017-09-29 17:12:00,2017-10-16 22:14:36,2017-10-26 00:00:00,2017-09-26,2017-10-26 00:00:00.000000,2026-08-27T05:17:09.287600+00:00,D:/D drive recovery/Shiva JH/Projects/OneLake Medallion/data/landing/2017-09-26/orders.parquet,2017-09-26
eeb03bd554e175a6c6ae5cdc2e86d841,8a36595aba7172250fc75470b725403b,delivered,2017-10-08 17:55:05,2017-10-08 18:30:36,2017-10-10 20:52:11,2017-10-13 17:22:58,2017-10-31 00:00:00,2017-10-08,2017-10-31 00:00:00.000000,2026-08-27T05:17:09.287600+00:00,D:/D drive recovery/Shiva JH/Projects/OneLake Medallion/data/landing/2017-10-08/orders.parquet,2017-10-08
d5adb7496b40cf5ac248505008ba61d5,2e2eb8ad6d17a467de51278c54628200,delivered,2017-10-08 15:10:16,2017-10-08 15:34:27,2017-10-09 20:20:20,2017-10-11 22:34:11,2017-10-25 00:00:00,2017-10-08,2017-10-25 00:00:00.000000,2026-08-27T05:17:09.287600+00:00,D:/D drive recovery/Shiva JH/Projects/OneLake Medallion/data/landing/2017-10-08/orders.parquet,2017-10-08
3ef9cbaa0a848de9dd30b1953d31a730,0a791c41f6f639d2cdeba44d05e6ef04,delivered,2017-10-08 23:56:02,2017-10-10 00:14:20,2017-10-17 16:53:49,2017-10-20 19:04:09,2017-11-03 00:00:00,2017-10-08,2017-11-03 00:00:00.000000,2026-08-27T05:17:09.287600+00:00,D:/D drive recovery/Shiva JH/Projects/OneLake Medallion/data/landing/2017-10-08/orders.parquet,2017-10-08
75cc0defdf90cda65066ce0ac171e2ab,50dfde165a2543d1410257c2593f5843,delivered,2017-10-08 16:49:21,2017-10-08 16:56:27,2017-10-09 20:28:10,2017-10-14 15:43:39,2017-11-06 00:00:00,2017-10-08,2017-11-06 00:00:00.000000,2026-08-27T05:17:09.287600+00:00,D:/D drive recovery/Shiva JH/Projects/OneLake Medallion/data/landing/2017-10-08/orders.parquet,2017-10-08
8b54ad5dd057cd34a1308553e2bba5dd,3ed790a63e61a86231274a97e1b27fd6,delivered,2017-10-20 09:10:06,2017-10-20 09:28:15,2017-10-24 15:33:35,2017-10-25 16:27:39,2017-11-01 00:00:00,2017-10-20,2017-11-01 00:00:00.000000,2026-08-27T05:17:09.287600+00:00,D:/D drive recovery/Shiva JH/Projects/OneLake Medallion/data/landing/2017-10-20/orders.parquet,2017-10-20
e97af7fcb2f185b68e1ef48e5c5ebb8c,e5c8b7d8833dc26d7b004bf52a4167f2,delivered,2017-10-20 13:48:58,2017-10-24 03:35:30,2017-10-26 19:28:48,2017-11-04 15:01:39,2017-11-13 00:00:00,2017-10-20,2017-11-13 00:00:00.000000,2026-08-27T05:17:09.287600+00:00,D:/D drive recovery/Shiva JH/Projects/OneLake Medallion/data/landing/2017-10-20/orders.parquet,2017-10-20
6ec283e06546387eaab356a4764d8298,69e078eb365cd95a7b55f14caa60b2d8,delivered,2017-11-01 14:18:10,2017-11-02 02:16:07,2017-11-04 12:59:42,2017-11-28 15:49:19,2017-11-27 00:00:00,2017-11-01,2017-11-28 15:49:19.000000,2026-08-27T05:17:09.287600+00:00,D:/D drive recovery/Shiva JH/Projects/OneLake Medallion/data/landing/2017-11-01/orders.parquet,2017-11-01
2f4ed6d6a154e53f5593682472f8e6ea,461848a187158368f56cf21200783874,delivered,2017-11-01 22:25:12,2017-11-01 22:36:21,2017-11-03 20:57:36,2017-11-16 21:17:48,2017-11-29 00:00:00,2017-11-01,2017-11-29 00:00:00.000000,2026-08-27T05:17:09.287600+00:00,D:/D drive recovery/Shiva JH/Projects/OneLake Medallion/data/landing/2017-11-01/orders.parquet,2017-11-01
f3753df1e0c5a22ca7c2ff5722387739,73a77e205798f6f820f6d70908b0be0a,delivered,2017-11-13 11:44:01,2017-11-13 12:06:41,2017-11-16 13:31:50,2017-11-28 04:11:49,2017-12-06 00:00:00,2017-11-13,2017-12-06 00:00:00.000000,2026-08-27T05:17:09.287600+00:00,D:/D drive recovery/Shiva JH/Projects/OneLake Medallion/data/landing/2017-11-13/orders.parquet,2017-11-13
0c2b0060d3c030936fff3266c4224733,a7b81cf24e2a3d1fbdb932dad8ae8e2f,delivered,2017-11-13 19:18:28,2017-11-14 04:15:45,2017-11-22 21:21:48,2017-11-23 20:54:40,2017-11-27 00:00:00,2017-11-13,2017-11-27 00:00:00.000000,2026-08-27T05:17:09.287600+00:00,D:/D drive recovery/Shiva JH/Projects/OneLake Medallion/data/landing/2017-11-13/orders.parquet,2017-11-13
30941734c8d62ce23498ca4758409a29,9773fbe7cf7d4d5ede531b9b71f3332e,delivered,2017-11-13 20:41:30,2017-11-14 20:35:40,2017-11-16 14:41:40,2017-12-02 16:04:52,2017-12-07 00:00:00,2017-11-13,2017-12-07 00:00:00.000000,2026-08-27T05:17:09.287600+00:00,D:/D drive recovery/Shiva JH/Projects/OneLake Medallion/data/landing/2017-11-13/orders.parquet,2017-11-13
0a89bc2ec7e822a78b0cef45518d6217,a80a94cf8bd343cdd10d03d8b37ad719,delivered,2017-11-13 23:44:17,2017-11-13 23:55:29,2017-11-14 18:49:15,2017-11-24 16:21:26,2017-12-13 00:00:00,2017-11-13,2017-12-13 00:00:00.000000,2026-08-27T05:17:09.287600+00:00,D:/D drive recovery/Shiva JH/Projects/OneLake Medallion/data/landing/2017-11-13/orders.parquet,2017-11-13
4e5eb92b77d7214fc3587113fd8374d7,f2f1996d492eeed51d8e8f181bc3418c,delivered,2017-11-13 21:16:48,2017-11-15 02:51:06,2017-11-22 23:14:40,2017-11-28 23:04:42,2017-11-27 00:00:00,2017-11-13,2017-11-28 23:04:42.000000,2026-08-27T05:17:09.287600+00:00,D:/D drive recovery/Shiva JH/Projects/OneLake Medallion/data/landing/2017-11-13/orders.parquet,2017-11-13
038345c4a9d21c17180f2f77e1701c69,a6e22c9df7242208bd27554da4b6ee97,delivered,2017-11-13 19:55:04,2017-11-13 20:08:11,2017-11-16 18:48:59,2018-01-25 12:59:42,2017-12-04 00:00:00,2017-11-13,2018-01-25 12:59:42.000000,2026-08-27T05:17:09.287600+00:00,D:/D drive recovery/Shiva JH/Projects/OneLake Medallion/data/landing/2017-11-13/orders.parquet,2017-11-13
de3a93f2df895a8b77a7e947b56a1af5,f377c1f04f510f90145bb4e57e2aeebe,delivered,2017-11-13 15:51:38,2017-11-13 16:10:45,2017-11-14 18:14:53,2017-11-22 20:41:23,2017-12-04 00:00:00,2017-11-13,2017-12-04 00:00:00.000000,2026-08-27T05:17:09.287600+00:00,D:/D drive recovery/Shiva JH/Projects/OneLake Medallion/data/landing/2017-11-13/orders.parquet,2017-11-13
cae916a392d51a600dd6d7b5eb9b8106,1d266d86834dff1ab24930ccf69c2bcf,delivered,2017-11-25 12:46:12,2017-11-25 12:59:17,2017-11-27 19:10:11,2017-12-02 19:18:45,2017-12-18 00:00:00,2017-11-25,2017-12-18 00:00:00.000000,2026-08-27T05:17:09.287600+00:00,D:/D drive recovery/Shiva JH/Projects/OneLake Medallion/data/landing/2017-11-25/orders.parquet,2017-11-25
115a21a6b20efa52b4f92b81bfe0ef62,267894d0c4c7fa22ff3b7eefca26a46b,delivered,2017-11-25 21:44:49,2017-11-25 22:31:38,2017-11-29 13:09:56,2017-12-13 19:47:21,2017-12-18 00:00:00,2017-11-25,2017-12-18 00:00:00.000000,2026-08-27T05:17:09.287600+00:00,D:/D drive recovery/Shiva JH/Projects/OneLake Medallion/data/landing/2017-11-25/orders.parquet,2017-11-25
ff36cbc44b8f228e0449c92ef089c843,ac4e6e678ad7b6c5e3f90ecb4f8b9569,delivered,2017-11-25 20:34:42,2017-11-25 20:51:36,2017-11-30 22:55:04,2017-12-08 00:19:09,2017-12-28 00:00:00,2017-11-25,2017-12-28 00:00:00.000000,2026-08-27T05:17:09.287600+00:00,D:/D drive recovery/Shiva JH/Projects/OneLake Medallion/data/landing/2017-11-25/orders.parquet,2017-11-25
e723fd90e2d095c2762e5e800d759bfa,5dc6f4b9453584208557163c26079be1,shipped,2017-11-25 17:14:25,2017-11-25 17:32:04,2017-11-27 15:28:26,,2017-12-21 00:00:00,2017-11-25,2017-12-21 00:00:00.000000,2026-08-27T05:17:09.287600+00:00,D:/D drive recovery/Shiva JH/Projects/OneLake Medallion/data/landing/2017-11-25/orders.parquet,2017-11-25
05e2ab8de37670d9d0524473585092ec,3483b8aadc6a150114ee8f761e7d3c8a,delivered,2017-11-25 10:37:51,2017-11-28 03:33:47,2017-11-29 20:04:41,2017-12-05 21:11:53,2017-12-15 00:00:00,2017-11-25,2017-12-15 00:00:00.000000,2026-08-27T05:17:09.287600+00:00,D:/D drive recovery/Shiva JH/Projects/OneLake Medallion/data/landing/2017-11-25/orders.parquet,2017-11-25
c0a15de26f8add28b3ebed18a13e6831,07bd9534169742a405ad5ebb453fe651,delivered,2017-11-25 00:43:00,2017-11-25 03:51:42,2017-11-29 23:20:18,2017-12-06 14:19:48,2017-12-15 00:00:00,2017-11-25,2017-12-15 00:00:00.000000,2026-08-27T05:17:09.287600+00:00,D:/D drive recovery/Shiva JH/Projects/OneLake Medallion/data/landing/2017-11-25/orders.parquet,2017-11-25
9950e10864fad6c02ade4829884ebd39,ceb4667fc3851809ade8a13953032538,delivered,2017-11-25 00:50:58,2017-11-25 03:17:23,2017-11-30 00:02:58,2017-12-12 18:52:52,2017-12-18 00:00:00,2017-11-25,2017-12-18 00:00:00.000000,2026-08-27T05:17:09.287600+00:00,D:/D drive recovery/Shiva JH/Projects/OneLake Medallion/data/landing/2017-11-25/orders.parquet,2017-11-25
73cafc0c127f9cee457b39b5c0e3fc16,6c5a55062c58e82b90671a05b892ca4e,delivered,2017-11-25 16:44:23,2017-11-25 16:52:35,2017-11-28 17:48:49,2018-01-05 22:17:17,2017-12-21 00:00:00,2017-11-25,2018-01-05 22:17:17.000000,2026-08-27T05:17:09.287600+00:00,D:/D drive recovery/Shiva JH/Projects/OneLake Medallion/data/landing/2017-11-25/orders.parquet,2017-11-25
53ba9277abd171947b33bd9073297827,98fc6aa4673a967ec6e4390c5f8b24de,delivered,2017-11-25 17:13:10,2017-11-25 17:31:48,2017-11-29 23:03:11,2017-12-12 22:34:06,2017-12-22 00:00:00,2017-11-25,2017-12-22 00:00:00.000000,2026-08-27T05:17:09.287600+00:00,D:/D drive recovery/Shiva JH/Projects/OneLake Medallion/data/landing/2017-11-25/orders.parquet,2017-11-25
cb4591b9a09b86b55be10a9ea234de8c,1e49d70b227359f77399581bac643bfa,delivered,2017-11-25 09:14:23,2017-11-25 09:33:12,2017-11-29 22:44:42,2017-12-28 23:26:52,2017-12-21 00:00:00,2017-11-25,2017-12-28 23:26:52.000000,2026-08-27T05:17:09.287600+00:00,D:/D drive recovery/Shiva JH/Projects/OneLake Medallion/data/landing/2017-11-25/orders.parquet,2017-11-25
7dc4ac6da71948249ca79f45c9de13b1,01726eb77399165550482a7037fb6a1d,delivered,2017-11-25 12:47:49,2017-11-25 12:56:24,2017-11-27 18:28:35,2017-12-11 22:52:28,2017-12-15 00:00:00,2017-11-25,2017-12-15 00:00:00.000000,2026-08-27T05:17:09.287600+00:00,D:/D drive recovery/Shiva JH/Projects/OneLake Medallion/data/landing/2017-11-25/orders.parquet,2017-11-25
d4a4641b9e4409b16a31dd61760e89cc,0b26bb0f88ff2869dc89fc3703473cd9,delivered,2017-11-25 00:18:15,2017-11-25 03:11:52,2017-11-28 17:41:26,2017-12-13 21:07:27,2017-12-20 00:00:00,2017-11-25,2017-12-20 00:00:00.000000,2026-08-27T05:17:09.287600+00:00,D:/D drive recovery/Shiva JH/Projects/OneLake Medallion/data/landing/2017-11-25/orders.parquet,2017-11-25
ec9a51782b5483ba996ab13bc3bbc30d,3a2b4695ef4d00cd124b3e6f2bbcd212,delivered,2017-11-25 23:57:30,2017-11-26 00:20:36,2017-11-27 18:22:28,2017-12-11 15:03:38,2017-12-18 00:00:00,2017-11-25,2017-12-18 00:00:00.000000,2026-08-27T05:17:09.287600+00:00,D:/D drive recovery/Shiva JH/Projects/OneLake Medallion/data/landing/2017-11-25/orders.parquet,2017-11-25
ed3d229ff5daade6f2f99efc36a7fd05,125ee1e307ef264c24976717cc30edd2,delivered,2017-11-25 16:07:34,2017-11-25 16:16:40,2017-11-29 20:33:34,2017-12-11 23:49:04,2017-12-20 00:00:00,2017-11-25,2017-12-20 00:00:00.000000,2026-08-27T05:17:09.287600+00:00,D:/D drive recovery/Shiva JH/Projects/OneLake Medallion/data/landing/2017-11-25/orders.parquet,2017-11-25
567818fc7d9f84b0f5eac47aef90658e,f2a3aa652e2951d22062c8a5e200ec05,delivered,2017-11-25 14:29:06,2017-11-25 14:36:27,2017-11-27 22:44:41,2017-12-26 18:42:20,2017-12-22 00:00:00,2017-11-25,2017-12-26 18:42:20.000000,2026-08-27T05:17:09.287600+00:00,D:/D drive recovery/Shiva JH/Projects/OneLake Medallion/data/landing/2017-11-25/orders.parquet,2017-11-25
1150c73ca4c9c78e59170256f8b93e16,4766d0158128ca5a8d6c2171d952b0bb,delivered,2017-12-07 10:09:10,2017-12-07 10:17:27,2017-12-07 17:49:47,2017-12-08 15:33:46,2017-12-26 00:00:00,2017-12-07,2017-12-26 00:00:00.000000,2026-08-27T05:17:09.287600+00:00,D:/D drive recovery/Shiva JH/Projects/OneLake Medallion/data/landing/2017-12-07/orders.parquet,2017-12-07
7e7e487c8215464b81d26682798ee38c,24fdcb72c45f0dbd3c61f5b37006b855,delivered,2017-12-07 13:46:13,2017-12-12 03:57:33,2017-12-13 20:35:50,2017-12-16 16:28:46,2018-01-03 00:00:00,2017-12-07,2018-01-03 00:00:00.000000,2026-08-27T05:17:09.287600+00:00,D:/D drive recovery/Shiva JH/Projects/OneLake Medallion/data/landing/2017-12-07/orders.parquet,2017-12-07
4b2b9a77b0645d1efdf00bc2ac1ba023,0cd40b29c5d9f3c41e71050ab7af3a7b,delivered,2017-12-07 09:54:06,2017-12-08 02:54:34,2017-12-12 21:56:59,2018-01-03 20:13:00,2018-01-02 00:00:00,2017-12-07,2018-01-03 20:13:00.000000,2026-08-27T05:17:09.287600+00:00,D:/D drive recovery/Shiva JH/Projects/OneLake Medallion/data/landing/2017-12-07/orders.parquet,2017-12-07
1391644298485796a935f0422f8989e8,4999ed198018f2b49b17e3d27aad9253,delivered,2017-12-07 06:28:35,2017-12-07 06:50:59,2017-12-07 16:33:09,2017-12-12 20:34:18,2018-01-10 00:00:00,2017-12-07,2018-01-10 00:00:00.000000,2026-08-27T05:17:09.287600+00:00,D:/D drive recovery/Shiva JH/Projects/OneLake Medallion/data/landing/2017-12-07/orders.parquet,2017-12-07
de5a57660fb17fcd0cb97f5874739ddd,9ad489cbfca3108732b7ab27822d27ae,delivered,2017-12-07 11:31:41,2017-12-07 15:01:27,2017-12-07 23:03:52,2017-12-13 16:57:58,2018-01-03 00:00:00,2017-12-07,2018-01-03 00:00:00.000000,2026-08-27T05:17:09.287600+00:00,D:/D drive recovery/Shiva JH/Projects/OneLake Medallion/data/landing/2017-12-07/orders.parquet,2017-12-07
7d0e17bbcb31318fdc2390ad7cfc7399,0ab6b9678a73a7234a994d90cafcbc5c,delivered,2017-12-19 09:42:51,2017-12-21 02:12:43,2017-12-28 16:26:56,2018-01-08 15:25:00,2018-01-23 00:00:00,2017-12-19,2018-01-23 00:00:00.000000,2026-08-27T05:17:09.287600+00:00,D:/D drive recovery/Shiva JH/Projects/OneLake Medallion/data/landing/2017-12-19/orders.parquet,2017-12-19
8ff3300441375a48890e65ad8d06233b,37aed206805d3581cf77ea31a79beeff,delivered,2017-12-19 19:43:44,2017-12-19 20:48:28,2017-12-20 18:29:27,2017-12-28 14:59:10,2018-01-08 00:00:00,2017-12-19,2018-01-08 00:00:00.000000,2026-08-27T05:17:09.287600+00:00,D:/D drive recovery/Shiva JH/Projects/OneLake Medallion/data/landing/2017-12-19/orders.parquet,2017-12-19
b01e3ee0b1aa883fb12d7161e3d979fc,a988a9f757ef47847e1db39244f18d50,delivered,2017-12-31 11:13:04,2018-01-03 04:28:32,2018-01-05 17:48:53,2018-01-11 21:29:10,2018-02-06 00:00:00,2017-12-31,2018-02-06 00:00:00.000000,2026-08-27T05:17:09.287600+00:00,D:/D drive recovery/Shiva JH/Projects/OneLake Medallion/data/landing/2017-12-31/orders.parquet,2017-12-31
28c35e27d64425be0368e275997f7779,796d054417f0f7134531b6af32578643,delivered,2018-01-12 10:39:20,2018-01-12 11:08:35,2018-01-15 17:22:37,2018-01-23 11:38:29,2018-02-05 00:00:00,2018-01-12,2018-02-05 00:00:00.000000,2026-08-27T05:17:09.287600+00:00,D:/D drive recovery/Shiva JH/Projects/OneLake Medallion/data/landing/2018-01-12/orders.parquet,2018-01-12
6cb7111806a9b07928d2623e7708e8c6,fd2f4480478f3e3c06ff96ea8d1e44a1,delivered,2018-01-12 15:30:44,2018-01-12 15:50:24,2018-01-15 21:42:27,2018-01-25 18:48:52,2018-02-19 00:00:00,2018-01-12,2018-02-19 00:00:00.000000,2026-08-27T05:17:09.287600+00:00,D:/D drive recovery/Shiva JH/Projects/OneLake Medallion/data/landing/2018-01-12/orders.parquet,2018-01-12
b6dbd61bb13118766af40ef6a325e303,aeffa87be1c09c7d3748eeae76527494,delivered,2018-01-12 18:38:46,2018-01-12 18:48:50,2018-01-17 18:58:13,2018-01-26 22:12:27,2018-02-19 00:00:00,2018-01-12,2018-02-19 00:00:00.000000,2026-08-27T05:17:09.287600+00:00,D:/D drive recovery/Shiva JH/Projects/OneLake Medallion/data/landing/2018-01-12/orders.parquet,2018-01-12
baec85e7fa005a17b89b8bf93300cb5f,7857aa0e8336a02f2fc39c3489d90e2d,unavailable,2018-01-12 02:07:28,2018-01-12 02:15:35,,,2018-01-31 00:00:00,2018-01-12,2018-01-31 00:00:00.000000,2026-08-27T05:17:09.287600+00:00,D:/D drive recovery/Shiva JH/Projects/OneLake Medallion/data/landing/2018-01-12/orders.parquet,2018-01-12
2a4afa0d6cc69510f96d2a3e8fae85cd,f80155d3a210401861200038cab0ef58,delivered,2018-01-12 13:27:09,2018-01-12 13:39:20,2018-01-13 02:33:19,2018-01-25 14:35:14,2018-02-09 00:00:00,2018-01-12,2018-02-09 00:00:00.000000,2026-08-27T05:17:09.287600+00:00,D:/D drive recovery/Shiva JH/Projects/OneLake Medallion/data/landing/2018-01-12/orders.parquet,2018-01-12
0762fe35b71987563f8771eb6d14938f,7eecabb09b5cb3af852caa2a9ab2d9db,delivered,2018-01-24 18:07:59,2018-01-24 18:19:29,2018-01-29 23:27:54,2018-02-14 13:39:12,2018-02-16 00:00:00,2018-01-24,2018-02-16 00:00:00.000000,2026-08-27T05:17:09.287600+00:00,D:/D drive recovery/Shiva JH/Projects/OneLake Medallion/data/landing/2018-01-24/orders.parquet,2018-01-24
e599e00118212fd3f10f88ef85587204,01311fef2cb7553344ac33c95e196db1,delivered,2018-01-24 20:58:39,2018-01-24 21:18:14,2018-01-29 11:04:47,2018-02-03 01:20:19,2018-02-20 00:00:00,2018-01-24,2018-02-20 00:00:00.000000,2026-08-27T05:17:09.287600+00:00,D:/D drive recovery/Shiva JH/Projects/OneLake Medallion/data/landing/2018-01-24/orders.parquet,2018-01-24
a49f05cadcb7f056c2725a1463b7d7db,e154aa6c833c997823d31268993dd32d,delivered,2018-01-24 18:10:28,2018-01-24 18:37:38,2018-01-25 17:09:12,2018-02-05 23:22:28,2018-02-21 00:00:00,2018-01-24,2018-02-21 00:00:00.000000,2026-08-27T05:17:09.287600+00:00,D:/D drive recovery/Shiva JH/Projects/OneLake Medallion/data/landing/2018-01-24/orders.parquet,2018-01-24
3df54c9248f6d2eef8f08ad39f422abd,9e192b98545760379893f9f63707cc0f,delivered,2018-02-05 21:04:48,2018-02-05 21:15:25,2018-02-08 21:15:21,2018-02-09 20:09:31,2018-02-21 00:00:00,2018-02-05,2018-02-21 00:00:00.000000,2026-08-27T05:17:09.287600+00:00,D:/D drive recovery/Shiva JH/Projects/OneLake Medallion/data/landing/2018-02-05/orders.parquet,2018-02-05
fa3d745324c8a96e112e217b025689f1,ac1a389528fe61d073b809c5cd02d95a,delivered,2018-02-05 14:38:57,2018-02-06 15:56:02,2018-02-10 14:27:04,2018-02-19 16:04:36,2018-03-13 00:00:00,2018-02-05,2018-03-13 00:00:00.000000,2026-08-27T05:17:09.287600+00:00,D:/D drive recovery/Shiva JH/Projects/OneLake Medallion/data/landing/2018-02-05/orders.parquet,2018-02-05
4cd5aded458b2bb658108cfe0f705ab5,fed5b7561b589c773a4a7d7028d0ae9b,delivered,2018-02-05 15:18:14,2018-02-05 15:35:43,2018-02-06 23:51:23,2018-02-19 18:48:47,2018-03-12 00:00:00,2018-02-05,2018-03-12 00:00:00.000000,2026-08-27T05:17:09.287600+00:00,D:/D drive recovery/Shiva JH/Projects/OneLake Medallion/data/landing/2018-02-05/orders.parquet,2018-02-05
a95c742fa7426798396959c1bd1d6ab8,deccef8e76b297c735efd35686db0bf9,delivered,2018-02-05 23:57:56,2018-02-06 00:50:04,2018-02-06 17:19:10,2018-02-21 23:06:02,2018-03-08 00:00:00,2018-02-05,2018-03-08 00:00:00.000000,2026-08-27T05:17:09.287600+00:00,D:/D drive recovery/Shiva JH/Projects/OneLake Medallion/data/landing/2018-02-05/orders.parquet,2018-02-05
bef79681fbe33b2789095e966c159563,eb947ab711d08fa53b7a1418b230677a,delivered,2018-02-05 10:33:26,2018-02-05 10:50:06,2018-02-06 22:07:23,2018-02-14 16:47:06,2018-03-01 00:00:00,2018-02-05,2018-03-01 00:00:00.000000,2026-08-27T05:17:09.287600+00:00,D:/D drive recovery/Shiva JH/Projects/OneLake Medallion/data/landing/2018-02-05/orders.parquet,2018-02-05
96bfce289cf4a045ce6adad34b55a912,8e3685a765bf97051fa84bac975d302a,delivered,2018-02-05 19:21:31,2018-02-06 19:11:20,2018-02-27 20:07:50,2018-03-05 21:57:03,2018-03-07 00:00:00,2018-02-05,2018-03-07 00:00:00.000000,2026-08-27T05:17:09.287600+00:00,D:/D drive recovery/Shiva JH/Projects/OneLake Medallion/data/landing/2018-02-05/orders.parquet,2018-02-05
41edd5d27833b73b29761df99f146624,fe93936e114cd096f6fe9b875e9e56e5,delivered,2018-02-05 10:43:50,2018-02-06 03:50:58,2018-02-06 23:57:46,2018-02-27 22:47:05,2018-03-07 00:00:00,2018-02-05,2018-03-07 00:00:00.000000,2026-08-27T05:17:09.287600+00:00,D:/D drive recovery/Shiva JH/Projects/OneLake Medallion/data/landing/2018-02-05/orders.parquet,2018-02-05
dfa82c0d8cadaa36975ca3f856251e6c,99f4592f30a55a27156a2469d4778b26,delivered,2018-02-05 14:02:05,2018-02-05 14:15:33,2018-02-06 23:40:33,2018-02-08 12:23:18,2018-03-02 00:00:00,2018-02-05,2018-03-02 00:00:00.000000,2026-08-27T05:17:09.287600+00:00,D:/D drive recovery/Shiva JH/Projects/OneLake Medallion/data/landing/2018-02-05/orders.parquet,2018-02-05
005059edee63c8c708ba61910793b31b,d3b3960bebb0ff8c6edb75c8edd39212,delivered,2018-02-05 18:25:51,2018-02-06 18:30:33,2018-02-07 17:31:55,2018-02-19 21:39:12,2018-03-06 00:00:00,2018-02-05,2018-03-06 00:00:00.000000,2026-08-27T05:17:09.287600+00:00,D:/D drive recovery/Shiva JH/Projects/OneLake Medallion/data/landing/2018-02-05/orders.parquet,2018-02-05
237f9d2cdf1d87f8b252ad4e11bb42a7,829161c749b57a5e1a33703a77718e05,delivered,2018-02-17 20:54:11,2018-02-17 21:10:31,2018-02-19 15:49:14,2018-03-02 22:39:33,2018-03-21 00:00:00,2018-02-17,2018-03-21 00:00:00.000000,2026-08-27T05:17:09.287600+00:00,D:/D drive recovery/Shiva JH/Projects/OneLake Medallion/data/landing/2018-02-17/orders.parquet,2018-02-17
b466442834849de831692c9474402ba7,b0485a088a0c502c687f28d159d3c23c,delivered,2018-02-17 20:38:07,2018-02-17 20:50:34,2018-02-27 21:56:47,2018-03-05 22:47:25,2018-03-16 00:00:00,2018-02-17,2018-03-16 00:00:00.000000,2026-08-27T05:17:09.287600+00:00,D:/D drive recovery/Shiva JH/Projects/OneLake Medallion/data/landing/2018-02-17/orders.parquet,2018-02-17
3bece71a0ce79d5d8945d9d665e5164e,9692d638b1138bdf10953365282b594d,delivered,2018-02-17 22:45:48,2018-02-17 23:06:51,2018-02-19 17:33:16,2018-04-12 20:26:41,2018-03-19 00:00:00,2018-02-17,2018-04-12 20:26:41.000000,2026-08-27T05:17:09.287600+00:00,D:/D drive recovery/Shiva JH/Projects/OneLake Medallion/data/landing/2018-02-17/orders.parquet,2018-02-17
82532c4ff0d663ca01d2a9fb7d7123bd,9342c29170ee859b4ddb776b49fc0058,delivered,2018-02-17 09:10:38,2018-02-17 09:30:25,2018-02-19 23:08:59,2018-03-09 16:08:28,2018-03-27 00:00:00,2018-02-17,2018-03-27 00:00:00.000000,2026-08-27T05:17:09.287600+00:00,D:/D drive recovery/Shiva JH/Projects/OneLake Medallion/data/landing/2018-02-17/orders.parquet,2018-02-17
4c3cc41d9fad33476cbf842592458f36,0fb46241bc33c52217f4f777890f5482,delivered,2018-02-17 16:11:09,2018-02-17 16:26:30,2018-02-20 12:37:45,2018-04-12 00:58:24,2018-03-16 00:00:00,2018-02-17,2018-04-12 00:58:24.000000,2026-08-27T05:17:09.287600+00:00,D:/D drive recovery/Shiva JH/Projects/OneLake Medallion/data/landing/2018-02-17/orders.parquet,2018-02-17
fc66d84250e23153ad4d3424f01388d6,a7c0873f1c1df80721fd9598ec7a0619,delivered,2018-02-17 19:29:53,2018-02-17 19:46:31,2018-02-19 20:33:17,2018-02-27 23:13:20,2018-03-16 00:00:00,2018-02-17,2018-03-16 00:00:00.000000,2026-08-27T05:17:09.287600+00:00,D:/D drive recovery/Shiva JH/Projects/OneLake Medallion/data/landing/2018-02-17/orders.parquet,2018-02-17
4c9ad1ec8d135d9f6cda60ba64fdc5bf,df50aa4e5e65c1e00257ac32ad9167ed,delivered,2018-03-01 16:55:33,2018-03-01 17:15:33,2018-03-02 22:43:22,2018-03-26 23:50:55,2018-03-21 00:00:00,2018-03-01,2018-03-26 23:50:55.000000,2026-08-27T05:17:09.287600+00:00,D:/D drive recovery/Shiva JH/Projects/OneLake Medallion/data/landing/2018-03-01/orders.parquet,2018-03-01
16288edc7382ecd4230909d0907fb939,84b1334ece1e0dba8a2ec7746f90bca7,delivered,2018-03-01 11:05:55,2018-03-01 11:29:15,2018-03-06 22:58:54,2018-03-14 01:14:40,2018-03-26 00:00:00,2018-03-01,2018-03-26 00:00:00.000000,2026-08-27T05:17:09.287600+00:00,D:/D drive recovery/Shiva JH/Projects/OneLake Medallion/data/landing/2018-03-01/orders.parquet,2018-03-01
498e066f76ea893807edbcf498e2cac7,398cdeaf241e3ab97c45cfc7471edc4f,delivered,2018-03-01 15:13:28,2018-03-01 15:35:32,2018-03-02 19:19:44,2018-03-22 16:04:26,2018-03-19 00:00:00,2018-03-01,2018-03-22 16:04:26.000000,2026-08-27T05:17:09.287600+00:00,D:/D drive recovery/Shiva JH/Projects/OneLake Medallion/data/landing/2018-03-01/orders.parquet,2018-03-01
23fd789ce06f3c54f212b3b9d358579f,aa19484ec6282b1a5a8a73035bb402ed,delivered,2018-03-01 11:54:29,2018-03-01 12:40:22,2018-03-02 19:06:18,2018-04-01 01:46:52,2018-03-22 00:00:00,2018-03-01,2018-04-01 01:46:52.000000,2026-08-27T05:17:09.287600+00:00,D:/D drive recovery/Shiva JH/Projects/OneLake Medallion/data/landing/2018-03-01/orders.parquet,2018-03-01
b0e07744a89c97ec7dc4be61ddf6a5ac,11880ff6b80b15209604ac1e4a5e64e3,delivered,2018-03-13 22:41:06,2018-03-13 22:50:33,2018-03-20 00:34:44,2018-04-17 00:22:24,2018-04-10 00:00:00,2018-03-13,2018-04-17 00:22:24.000000,2026-08-27T05:17:09.287600+00:00,D:/D drive recovery/Shiva JH/Projects/OneLake Medallion/data/landing/2018-03-13/orders.parquet,2018-03-13
7501e0d79e115a1491674e6154b47bd4,7fe27842c70ec6d61ee78e748021f378,delivered,2018-03-13 19:44:29,2018-03-13 20:20:23,2018-03-14 22:58:45,2018-04-10 02:09:46,2018-04-11 00:00:00,2018-03-13,2018-04-11 00:00:00.000000,2026-08-27T05:17:09.287600+00:00,D:/D drive recovery/Shiva JH/Projects/OneLake Medallion/data/landing/2018-03-13/orders.parquet,2018-03-13
9a71f055d972d1ebacec9df7376ff1e3,466462055d43360841cd19a81cc12e9a,delivered,2018-03-13 13:18:23,2018-03-13 13:30:29,2018-03-14 19:27:24,2018-04-19 18:48:29,2018-04-04 00:00:00,2018-03-13,2018-04-19 18:48:29.000000,2026-08-27T05:17:09.287600+00:00,D:/D drive recovery/Shiva JH/Projects/OneLake Medallion/data/landing/2018-03-13/orders.parquet,2018-03-13
b5572b1a9c58d00d3ad345667cd3a0de,a376d33e913d46ab63dc70ed9153a1b8,delivered,2018-03-13 13:51:27,2018-03-14 02:48:21,2018-03-16 01:08:38,2018-04-14 00:04:41,2018-04-09 00:00:00,2018-03-13,2018-04-14 00:04:41.000000,2026-08-27T05:17:09.287600+00:00,D:/D drive recovery/Shiva JH/Projects/OneLake Medallion/data/landing/2018-03-13/orders.parquet,2018-03-13
f3e7fae1e0a6001047deeefa288f96a9,c5c79cc42b407bb10fcf30e765c0ac2a,delivered,2018-03-25 11:26:29,2018-03-25 11:47:42,2018-03-26 23:46:59,2018-04-05 16:04:24,2018-04-18 00:00:00,2018-03-25,2018-04-18 00:00:00.000000,2026-08-27T05:17:09.287600+00:00,D:/D drive recovery/Shiva JH/Projects/OneLake Medallion/data/landing/2018-03-25/orders.parquet,2018-03-25
efade7725d5dfe59a8c281511cea69e2,d16c4d8784780fd06b8690d1dfd8b327,delivered,2018-03-25 13:53:10,2018-03-25 14:08:19,2018-03-26 19:58:51,2018-04-06 20:38:41,2018-04-23 00:00:00,2018-03-25,2018-04-23 00:00:00.000000,2026-08-27T05:17:09.287600+00:00,D:/D drive recovery/Shiva JH/Projects/OneLake Medallion/data/landing/2018-03-25/orders.parquet,2018-03-25
e32d9626a1453e6287c515aac985098f,e7892cc507b3a2e9fe53385ee5509351,delivered,2018-03-25 19:15:31,2018-03-25 19:30:31,2018-03-27 01:36:30,2018-04-05 00:22:48,2018-04-18 00:00:00,2018-03-25,2018-04-18 00:00:00.000000,2026-08-27T05:17:09.287600+00:00,D:/D drive recovery/Shiva JH/Projects/OneLake Medallion/data/landing/2018-03-25/orders.parquet,2018-03-25
cc7dfc8992e6aaa96f3248ff602ee264,aacd86ff2dcccca69c8300e7312df450,delivered,2018-03-25 10:35:22,2018-03-25 10:47:55,2018-03-26 22:12:22,2018-04-09 20:08:47,2018-04-12 00:00:00,2018-03-25,2018-04-12 00:00:00.000000,2026-08-27T05:17:09.287600+00:00,D:/D drive recovery/Shiva JH/Projects/OneLake Medallion/data/landing/2018-03-25/orders.parquet,2018-03-25
4a91f42df2d4a84668e0c30d7880c7c0,f9875f2f61afb20ddd28aaa120620dd8,delivered,2018-03-25 20:51:55,2018-03-25 21:08:29,2018-03-27 00:29:37,2018-04-06 22:38:36,2018-04-12 00:00:00,2018-03-25,2018-04-12 00:00:00.000000,2026-08-27T05:17:09.287600+00:00,D:/D drive recovery/Shiva JH/Projects/OneLake Medallion/data/landing/2018-03-25/orders.parquet,2018-03-25
aba40f06818d2d5bd3590b335352fd3f,45260e1821fb0007e1fda24a96e0bc02,delivered,2018-04-06 17:05:49,2018-04-06 17:30:26,2018-04-09 18:20:39,2018-04-10 20:05:08,2018-04-18 00:00:00,2018-04-06,2018-04-18 00:00:00.000000,2026-08-27T05:17:09.287600+00:00,D:/D drive recovery/Shiva JH/Projects/OneLake Medallion/data/landing/2018-04-06/orders.parquet,2018-04-06
d5fbbc2e51c9e93de3502e15b4159d46,a5942cce62180f9c3f7ea610f1e8bd8e,delivered,2018-04-06 07:33:51,2018-04-07 02:50:13,2018-04-09 19:24:21,2018-04-17 21:04:13,2018-04-25 00:00:00,2018-04-06,2018-04-25 00:00:00.000000,2026-08-27T05:17:09.287600+00:00,D:/D drive recovery/Shiva JH/Projects/OneLake Medallion/data/landing/2018-04-06/orders.parquet,2018-04-06
111cad04d7595482f30e12764539fcbc,9318d7ebeca20debca17481db66bfe65,delivered,2018-04-06 18:14:21,2018-04-06 18:29:20,2018-04-09 19:55:45,2018-04-11 22:08:31,2018-04-23 00:00:00,2018-04-06,2018-04-23 00:00:00.000000,2026-08-27T05:17:09.287600+00:00,D:/D drive recovery/Shiva JH/Projects/OneLake Medallion/data/landing/2018-04-06/orders.parquet,2018-04-06
79b690847d556fdcccfe7dfdd9d77dd4,8417fd15df3d45a797fb476587eda385,shipped,2018-04-06 19:15:26,2018-04-06 19:28:46,2018-04-10 20:14:33,,2018-05-10 00:00:00,2018-04-06,2018-05-10 00:00:00.000000,2026-08-27T05:17:09.287600+00:00,D:/D drive recovery/Shiva JH/Projects/OneLake Medallion/data/landing/2018-04-06/orders.parquet,2018-04-06
396ecd66e534ab22f8c11be648298286,0fb80a7fe135dc3abd1469007f5b9ac7,delivered,2018-04-18 09:21:18,2018-04-19 08:15:33,2018-05-02 08:51:00,2018-05-09 12:34:43,2018-05-17 00:00:00,2018-04-18,2018-05-17 00:00:00.000000,2026-08-27T05:17:09.287600+00:00,D:/D drive recovery/Shiva JH/Projects/OneLake Medallion/data/landing/2018-04-18/orders.parquet,2018-04-18
610d2254a191363a1f87185789c63231,78ff015a8c2dee2e054b33ac52bac13f,delivered,2018-04-30 00:58:50,2018-05-03 04:52:36,2018-05-03 14:40:00,2018-05-10 21:38:49,2018-05-21 00:00:00,2018-04-30,2018-05-21 00:00:00.000000,2026-08-27T05:17:09.287600+00:00,D:/D drive recovery/Shiva JH/Projects/OneLake Medallion/data/landing/2018-04-30/orders.parquet,2018-04-30
0c31953b008c5e98882d436f4298cde0,4aa1c9249c489f2b6a739f210c0af109,delivered,2018-04-30 18:59:21,2018-05-01 02:15:40,2018-05-02 19:00:00,2018-05-04 21:42:29,2018-05-14 00:00:00,2018-04-30,2018-05-14 00:00:00.000000,2026-08-27T05:17:09.287600+00:00,D:/D drive recovery/Shiva JH/Projects/OneLake Medallion/data/landing/2018-04-30/orders.parquet,2018-04-30
c7eceb983991b7e80256afc58a39d0aa,09352cde5645f4fa5222caca529dd24c,delivered,2018-04-30 19:25:16,2018-05-02 09:33:06,2018-05-03 13:39:00,2018-05-07 17:02:37,2018-05-18 00:00:00,2018-04-30,2018-05-18 00:00:00.000000,2026-08-27T05:17:09.287600+00:00,D:/D drive recovery/Shiva JH/Projects/OneLake Medallion/data/landing/2018-04-30/orders.parquet,2018-04-30
41467837b8621b5014b5a91e78ab3747,b6b28672da31ee1b94707981158919c0,delivered,2018-04-30 10:59:11,2018-04-30 11:11:13,2018-05-04 11:08:00,2018-05-14 20:24:53,2018-05-28 00:00:00,2018-04-30,2018-05-28 00:00:00.000000,2026-08-27T05:17:09.287600+00:00,D:/D drive recovery/Shiva JH/Projects/OneLake Medallion/data/landing/2018-04-30/orders.parquet,2018-04-30
cd6f283a1308f75b894c315359b521d7,d95ce2be6ff270c56b9120ab3a481146,shipped,2018-04-30 09:49:23,2018-04-30 10:15:44,2018-05-02 18:30:00,,2018-05-14 00:00:00,2018-04-30,2018-05-14 00:00:00.000000,2026-08-27T05:17:09.287600+00:00,D:/D drive recovery/Shiva JH/Projects/OneLake Medallion/data/landing/2018-04-30/orders.parquet,2018-04-30
9ec76eb1505d29c81d9bfadf8c2e3afa,73a9e9f7ccac657483bed5f2e891a8fd,delivered,2018-04-30 16:59:38,2018-05-01 02:53:11,2018-05-07 14:15:00,2018-05-16 14:08:59,2018-05-25 00:00:00,2018-04-30,2018-05-25 00:00:00.000000,2026-08-27T05:17:09.287600+00:00,D:/D drive recovery/Shiva JH/Projects/OneLake Medallion/data/landing/2018-04-30/orders.parquet,2018-04-30
7d8f5bfd5aff648220374a2df62e84d5,a67a246af6ba598a14cc86df3c0354ee,delivered,2018-05-12 22:27:38,2018-05-12 22:50:11,2018-05-17 12:28:00,2018-06-01 19:07:48,2018-06-20 00:00:00,2018-05-12,2018-06-20 00:00:00.000000,2026-08-27T05:17:09.287600+00:00,D:/D drive recovery/Shiva JH/Projects/OneLake Medallion/data/landing/2018-05-12/orders.parquet,2018-05-12
e14ffd08eda953986d92a6cf45978ad3,d9b26a5ba9f3034d33903344390460b9,delivered,2018-05-12 12:47:19,2018-05-12 13:14:29,2018-05-15 16:18:00,2018-05-23 15:27:34,2018-06-06 00:00:00,2018-05-12,2018-06-06 00:00:00.000000,2026-08-27T05:17:09.287600+00:00,D:/D drive recovery/Shiva JH/Projects/OneLake Medallion/data/landing/2018-05-12/orders.parquet,2018-05-12
c7f9a63be296b2be1bb5ad47c7d61dd2,7a7b07ccd2c458632d0b5fa19c5d0d94,delivered,2018-05-12 12:18:52,2018-05-12 12:34:17,2018-05-14 14:26:00,2018-05-17 16:57:56,2018-05-30 00:00:00,2018-05-12,2018-05-30 00:00:00.000000,2026-08-27T05:17:09.287600+00:00,D:/D drive recovery/Shiva JH/Projects/OneLake Medallion/data/landing/2018-05-12/orders.parquet,2018-05-12
21babe33a62ea8ca20539175f5f77dd2,ff8ad2b0f0b304a4f7ecbfa76eecbbdf,delivered,2018-05-12 22:58:39,2018-05-12 23:16:33,2018-05-14 16:42:00,2018-05-15 21:07:03,2018-05-23 00:00:00,2018-05-12,2018-05-23 00:00:00.000000,2026-08-27T05:17:09.287600+00:00,D:/D drive recovery/Shiva JH/Projects/OneLake Medallion/data/landing/2018-05-12/orders.parquet,2018-05-12
7dae8e764e7cce9b6197c024b802e5d9,d7f4db9577676d4fc9605033b96615e3,delivered,2018-05-24 16:44:11,2018-05-26 02:32:03,2018-05-30 10:20:00,2018-06-06 17:58:06,2018-06-29 00:00:00,2018-05-24,2018-06-29 00:00:00.000000,2026-08-27T05:17:09.287600+00:00,D:/D drive recovery/Shiva JH/Projects/OneLake Medallion/data/landing/2018-05-24/orders.parquet,2018-05-24
2feb60b66471f9985b3f06df1f360f34,7e31ff5a549f128e99d5cf90f3b9a649,delivered,2018-06-05 20:29:13,2018-06-07 02:54:34,2018-06-07 12:30:00,2018-06-20 14:16:32,2018-07-18 00:00:00,2018-06-05,2018-07-18 00:00:00.000000,2026-08-27T05:17:09.287600+00:00,D:/D drive recovery/Shiva JH/Projects/OneLake Medallion/data/landing/2018-06-05/orders.parquet,2018-06-05
b2b22e6b8ad71ac3e8d2242b8f49c910,a9104f08d9c9512fe781cd8dd337f7ae,delivered,2018-06-05 21:19:00,2018-06-05 21:35:22,2018-06-06 12:34:00,2018-06-11 19:38:52,2018-07-11 00:00:00,2018-06-05,2018-07-11 00:00:00.000000,2026-08-27T05:17:09.287600+00:00,D:/D drive recovery/Shiva JH/Projects/OneLake Medallion/data/landing/2018-06-05/orders.parquet,2018-06-05
4ee512b414a41f8ed0239751fc1d77bf,b416aff8022d39644292751bafe2e0ab,delivered,2018-06-05 20:20:37,2018-06-05 20:33:14,2018-06-06 14:07:00,2018-06-13 16:20:50,2018-07-11 00:00:00,2018-06-05,2018-07-11 00:00:00.000000,2026-08-27T05:17:09.287600+00:00,D:/D drive recovery/Shiva JH/Projects/OneLake Medallion/data/landing/2018-06-05/orders.parquet,2018-06-05
ec65679b4c5a964591180c6066177c5d,894ce1f963ccd5807bc43fb0e71fa892,delivered,2018-06-05 12:36:46,2018-06-05 14:31:39,2018-06-06 12:42:00,2018-06-09 16:12:56,2018-07-19 00:00:00,2018-06-05,2018-07-19 00:00:00.000000,2026-08-27T05:17:09.287600+00:00,D:/D drive recovery/Shiva JH/Projects/OneLake Medallion/data/landing/2018-06-05/orders.parquet,2018-06-05
9979adea9a6e9beb05f965201bfe6e5b,55bb09068c9313d8ebc7a9fcac595e42,delivered,2018-06-05 13:22:23,2018-06-05 15:31:52,2018-06-07 14:02:00,2018-06-11 17:58:51,2018-06-29 00:00:00,2018-06-05,2018-06-29 00:00:00.000000,2026-08-27T05:17:09.287600+00:00,D:/D drive recovery/Shiva JH/Projects/OneLake Medallion/data/landing/2018-06-05/orders.parquet,2018-06-05
b97ba3fb5b212d01ef75f4f4131c1207,6573d9e5a363a91f158ecbc52ad1e72c,delivered,2018-06-17 21:40:34,2018-06-17 21:55:11,2018-06-18 10:03:00,2018-06-19 21:13:34,2018-06-28 00:00:00,2018-06-17,2018-06-28 00:00:00.000000,2026-08-27T05:17:09.287600+00:00,D:/D drive recovery/Shiva JH/Projects/OneLake Medallion/data/landing/2018-06-17/orders.parquet,2018-06-17
9139babf733ce09659b1ed642a48d227,9c15188fd1f1b19edaf675a673ce4559,delivered,2018-06-17 18:16:25,2018-06-17 18:34:03,2018-06-18 11:05:00,2018-06-21 15:08:39,2018-07-17 00:00:00,2018-06-17,2018-07-17 00:00:00.000000,2026-08-27T05:17:09.287600+00:00,D:/D drive recovery/Shiva JH/Projects/OneLake Medallion/data/landing/2018-06-17/orders.parquet,2018-06-17
1e89e2312f1a1fd948c615602f200480,a68df3fd3ee564762f7ccef42f3aa14c,shipped,2018-06-29 22:00:43,2018-07-05 16:05:46,2018-07-06 09:25:00,,2018-07-19 00:00:00,2018-06-29,2018-07-19 00:00:00.000000,2026-08-27T05:17:09.287600+00:00,D:/D drive recovery/Shiva JH/Projects/OneLake Medallion/data/landing/2018-06-29/orders.parquet,2018-06-29
0e9f9f05e9d249728b37d577ce0661da,2d7b8e7c89fded81ad8bca738dc8c998,delivered,2018-06-29 21:09:17,2018-06-30 02:52:24,2018-07-03 10:08:00,2018-07-04 00:39:54,2018-07-13 00:00:00,2018-06-29,2018-07-13 00:00:00.000000,2026-08-27T05:17:09.287600+00:00,D:/D drive recovery/Shiva JH/Projects/OneLake Medallion/data/landing/2018-06-29/orders.parquet,2018-06-29
04221a4eb2e1a30903ffaaa72f8b268c,ebda943a2404d5532405326f2673ac91,delivered,2018-06-29 11:03:15,2018-06-29 20:15:10,2018-07-03 11:01:00,2018-07-05 21:37:29,2018-07-20 00:00:00,2018-06-29,2018-07-20 00:00:00.000000,2026-08-27T05:17:09.287600+00:00,D:/D drive recovery/Shiva JH/Projects/OneLake Medallion/data/landing/2018-06-29/orders.parquet,2018-06-29
af045d3e5d7082db57d5b5dde3c0c97b,a9b9a53638de923fe716af6a58c14a68,delivered,2017-02-01 11:13:37,2017-02-01 11:25:16,2017-02-01 12:25:20,2017-02-07 17:42:48,2017-03-02 00:00:00,2017-02-01,2017-03-02 00:00:00.000000,2026-08-27T05:17:09.287600+00:00,D:/D drive recovery/Shiva JH/Projects/OneLake Medallion/data/landing/2017-02-01/orders.parquet,2017-02-01
e5476d1c0a9bcc909b2f4bc24559bdde,ae933e624bc868f3e68628d1f5ceeebc,canceled,2017-02-13 17:17:36,2017-02-13 17:30:17,,,2017-03-16 00:00:00,2017-02-13,2017-03-16 00:00:00.000000,2026-08-27T05:17:09.287600+00:00,D:/D drive recovery/Shiva JH/Projects/OneLake Medallion/data/landing/2017-02-13/orders.parquet,2017-02-13
fdfe08dafc921baeeb1bd5258728837b,7431cfa17b7b3832e824179c0d41858f,delivered,2017-02-13 11:50:50,2017-02-15 02:43:14,2017-02-17 17:58:49,2017-03-03 10:17:55,2017-03-20 00:00:00,2017-02-13,2017-03-20 00:00:00.000000,2026-08-27T05:17:09.287600+00:00,D:/D drive recovery/Shiva JH/Projects/OneLake Medallion/data/landing/2017-02-13/orders.parquet,2017-02-13
a303f65e39cc18fa50d33767fd278543,4f9aedfef4f40b043edf00b2556cb1ee,delivered,2017-02-13 14:28:35,2017-02-13 14:43:02,2017-02-14 08:30:22,2017-03-07 06:52:26,2017-03-10 00:00:00,2017-02-13,2017-03-10 00:00:00.000000,2026-08-27T05:17:09.287600+00:00,D:/D drive recovery/Shiva JH/Projects/OneLake Medallion/data/landing/2017-02-13/orders.parquet,2017-02-13
bea5dc01a53188cc309de4fc1f309025,f282cbe422bc359ad69d0f7a16d6138b,delivered,2017-02-13 17:16:43,2017-02-13 17:30:18,2017-02-14 13:24:01,2017-02-17 15:55:07,2017-03-14 00:00:00,2017-02-13,2017-03-14 00:00:00.000000,2026-08-27T05:17:09.287600+00:00,D:/D drive recovery/Shiva JH/Projects/OneLake Medallion/data/landing/2017-02-13/orders.parquet,2017-02-13
7743f1958c77de9ebc175860fd1773a6,3e31d1fcad9240d892e34d9a50157d1c,delivered,2017-03-09 17:35:46,2017-03-09 17:35:46,2017-03-14 00:08:27,2017-03-20 15:18:12,2017-04-03 00:00:00,2017-03-09,2017-04-03 00:00:00.000000,2026-08-27T05:17:09.287600+00:00,D:/D drive recovery/Shiva JH/Projects/OneLake Medallion/data/landing/2017-03-09/orders.parquet,2017-03-09
2f0bf599e06ae4fcb639c0acaac2f0ee,0a088a15031cf50f98f92d3e525ec7a3,delivered,2017-03-09 10:24:00,2017-03-09 10:24:00,2017-03-09 10:50:32,2017-03-14 08:17:56,2017-04-04 00:00:00,2017-03-09,2017-04-04 00:00:00.000000,2026-08-27T05:17:09.287600+00:00,D:/D drive recovery/Shiva JH/Projects/OneLake Medallion/data/landing/2017-03-09/orders.parquet,2017-03-09
a651dd7999c6a879cc25638f0cc36c54,0ee68d196fe4a4d6d240ebf34824e7eb,delivered,2017-03-21 21:34:15,2017-03-21 21:34:15,2017-03-22 11:54:40,2017-03-30 16:44:51,2017-04-27 00:00:00,2017-03-21,2017-04-27 00:00:00.000000,2026-08-27T05:17:09.287600+00:00,D:/D drive recovery/Shiva JH/Projects/OneLake Medallion/data/landing/2017-03-21/orders.parquet,2017-03-21
dc7a419b3cd13b51c38ff9442dfd4009,f97a6d5dc5996ca93920dba521495117,canceled,2017-03-21 19:17:48,2017-03-21 19:17:48,,,2017-04-17 00:00:00,2017-03-21,2017-04-17 00:00:00.000000,2026-08-27T05:17:09.287600+00:00,D:/D drive recovery/Shiva JH/Projects/OneLake Medallion/data/landing/2017-03-21/orders.parquet,2017-03-21
24cfb770f308b181cc3ae36ca3d573ad,bd1a3e41c0ddbd5cf6166db3c1c4bfc8,shipped,2017-04-02 01:12:22,2017-04-02 01:22:40,2017-04-03 15:20:52,,2017-04-26 00:00:00,2017-04-02,2017-04-26 00:00:00.000000,2026-08-27T05:17:09.287600+00:00,D:/D drive recovery/Shiva JH/Projects/OneLake Medallion/data/landing/2017-04-02/orders.parquet,2017-04-02
82383d6d5aa835a4c02cf0c9d56895ce,ac96fff137547e21caa549300bfae114,delivered,2017-04-02 19:28:19,2017-04-03 17:15:08,2017-04-05 12:22:01,2017-04-10 11:19:57,2017-04-24 00:00:00,2017-04-02,2017-04-24 00:00:00.000000,2026-08-27T05:17:09.287600+00:00,D:/D drive recovery/Shiva JH/Projects/OneLake Medallion/data/landing/2017-04-02/orders.parquet,2017-04-02
21508e950b0edd39774e72dadfd809b1,182d9222fb34c94a733d670e57ca38c9,delivered,2017-04-02 15:39:22,2017-04-04 06:02:22,2017-04-13 18:47:36,2017-04-20 07:24:58,2017-05-10 00:00:00,2017-04-02,2017-05-10 00:00:00.000000,2026-08-27T05:17:09.287600+00:00,D:/D drive recovery/Shiva JH/Projects/OneLake Medallion/data/landing/2017-04-02/orders.parquet,2017-04-02
7f93d00f6512fe25e73b5de688cd5677,402f75205b75b521681f67add1bf1b7b,shipped,2017-04-14 21:58:15,2017-04-14 22:10:16,2017-04-19 16:24:50,,2017-05-08 00:00:00,2017-04-14,2017-05-08 00:00:00.000000,2026-08-27T05:17:09.287600+00:00,D:/D drive recovery/Shiva JH/Projects/OneLake Medallion/data/landing/2017-04-14/orders.parquet,2017-04-14
cfdf81381a8bc683d8905713f2ed6614,afcdda93587653c0d1a7496c2aa34600,shipped,2017-04-26 21:43:26,2017-04-26 21:50:22,2017-04-27 11:03:52,,2017-05-26 00:00:00,2017-04-26,2017-05-26 00:00:00.000000,2026-08-27T05:17:09.287600+00:00,D:/D drive recovery/Shiva JH/Projects/OneLake Medallion/data/landing/2017-04-26/orders.parquet,2017-04-26
3ddfb3c5858191cc1e798ac13e6ef582,51e17dc6fe0e3581fccc8be70a2d6af4,delivered,2017-04-26 15:10:46,2017-04-26 15:22:34,2017-04-27 10:52:03,2017-05-05 14:57:28,2017-05-15 00:00:00,2017-04-26,2017-05-15 00:00:00.000000,2026-08-27T05:17:09.287600+00:00,D:/D drive recovery/Shiva JH/Projects/OneLake Medallion/data/landing/2017-04-26/orders.parquet,2017-04-26
75090e5cd5378d0ed281964a43e7bca9,b637bb926652e18dcc6fb070691298f7,delivered,2017-04-26 22:11:08,2017-04-27 13:05:36,2017-05-02 15:04:33,2017-05-10 13:28:03,2017-06-08 00:00:00,2017-04-26,2017-06-08 00:00:00.000000,2026-08-27T05:17:09.287600+00:00,D:/D drive recovery/Shiva JH/Projects/OneLake Medallion/data/landing/2017-04-26/orders.parquet,2017-04-26
c820d5fbb72e2b0a48074c0f7f08a295,e8ac28789133afe8f118a6cb8776d322,delivered,2017-05-08 08:06:54,2017-05-08 08:22:16,2017-05-11 13:07:48,2017-05-24 12:51:45,2017-06-08 00:00:00,2017-05-08,2017-06-08 00:00:00.000000,2026-08-27T05:17:09.287600+00:00,D:/D drive recovery/Shiva JH/Projects/OneLake Medallion/data/landing/2017-05-08/orders.parquet,2017-05-08
1ffb9dc91fdfd3d86671c5dc2a94dab1,b710fefc4bde32cf4e439ecb01c0745b,delivered,2017-05-08 22:15:34,2017-05-08 22:25:15,2017-05-09 15:28:28,2017-05-24 23:27:35,2017-06-08 00:00:00,2017-05-08,2017-06-08 00:00:00.000000,2026-08-27T05:17:09.287600+00:00,D:/D drive recovery/Shiva JH/Projects/OneLake Medallion/data/landing/2017-05-08/orders.parquet,2017-05-08
510c373425eabae593ad4cb8953d60f0,6668327c4285ae69687ecc0b3cd7c888,delivered,2017-05-20 19:45:02,2017-05-23 04:10:29,2017-05-23 13:10:31,2017-05-27 05:37:40,2017-06-13 00:00:00,2017-05-20,2017-06-13 00:00:00.000000,2026-08-27T05:17:09.287600+00:00,D:/D drive recovery/Shiva JH/Projects/OneLake Medallion/data/landing/2017-05-20/orders.parquet,2017-05-20
c94aabd5205ddd8647579a7bdebd6992,4aaee5e291f07b23b75b11f67bd9c776,delivered,2017-05-20 10:30:23,2017-05-20 10:42:55,2017-05-26 10:08:02,2017-05-31 12:20:00,2017-06-14 00:00:00,2017-05-20,2017-06-14 00:00:00.000000,2026-08-27T05:17:09.287600+00:00,D:/D drive recovery/Shiva JH/Projects/OneLake Medallion/data/landing/2017-05-20/orders.parquet,2017-05-20
75769af508ae5e105845b3b4813fa07a,a4850b2f860df2ca227654e927a7f34d,delivered,2017-05-20 09:56:04,2017-05-20 10:05:10,2017-05-23 17:08:46,2017-05-27 11:09:45,2017-06-14 00:00:00,2017-05-20,2017-06-14 00:00:00.000000,2026-08-27T05:17:09.287600+00:00,D:/D drive recovery/Shiva JH/Projects/OneLake Medallion/data/landing/2017-05-20/orders.parquet,2017-05-20
8e8f66d7e07a38eded748a76f43cff5f,2bcf917d6b43a5ad3406a0efc3ba7ab5,delivered,2017-05-20 11:19:39,2017-05-20 11:30:29,2017-05-22 09:02:03,2017-05-23 11:42:29,2017-06-09 00:00:00,2017-05-20,2017-06-09 00:00:00.000000,2026-08-27T05:17:09.287600+00:00,D:/D drive recovery/Shiva JH/Projects/OneLake Medallion/data/landing/2017-05-20/orders.parquet,2017-05-20
3e1d096455531309ff1f946ed0f580cc,e87f6224556205ac036d949a6b6a6e85,delivered,2017-05-20 13:34:44,2017-05-23 03:45:11,2017-05-24 12:41:38,2017-05-25 15:44:04,2017-06-13 00:00:00,2017-05-20,2017-06-13 00:00:00.000000,2026-08-27T05:17:09.287600+00:00,D:/D drive recovery/Shiva JH/Projects/OneLake Medallion/data/landing/2017-05-20/orders.parquet,2017-05-20
dbc3ca1d6537663640e36dc83a097a68,37d273154d2b2213fb174d4ac3ba3afb,delivered,2017-06-01 13:23:40,2017-06-01 13:35:16,2017-06-02 13:41:33,2017-06-08 14:28:54,2017-06-22 00:00:00,2017-06-01,2017-06-22 00:00:00.000000,2026-08-27T05:17:09.287600+00:00,D:/D drive recovery/Shiva JH/Projects/OneLake Medallion/data/landing/2017-06-01/orders.parquet,2017-06-01
236636425340d1fcd5ba19f6b9a38319,7f0159ff5eb1228f2805de20fc5b6c25,delivered,2017-06-01 16:10:08,2017-06-01 16:25:19,2017-06-05 13:52:09,2017-06-09 16:12:46,2017-06-30 00:00:00,2017-06-01,2017-06-30 00:00:00.000000,2026-08-27T05:17:09.287600+00:00,D:/D drive recovery/Shiva JH/Projects/OneLake Medallion/data/landing/2017-06-01/orders.parquet,2017-06-01
8cf161212f0485db7a520d56b5cc724e,50842fb323b23c7e7e2d14e083168335,delivered,2017-06-01 00:41:00,2017-06-01 01:35:20,2017-06-01 15:26:17,2017-06-08 13:50:14,2017-06-23 00:00:00,2017-06-01,2017-06-23 00:00:00.000000,2026-08-27T05:17:09.287600+00:00,D:/D drive recovery/Shiva JH/Projects/OneLake Medallion/data/landing/2017-06-01/orders.parquet,2017-06-01
0d50b2840102f8cec365fffa6d42a690,bc3d7042571374cb834fcc9fd4589b14,delivered,2017-06-01 19:12:32,2017-06-01 19:25:16,2017-06-06 14:08:35,2017-06-09 09:12:31,2017-06-22 00:00:00,2017-06-01,2017-06-22 00:00:00.000000,2026-08-27T05:17:09.287600+00:00,D:/D drive recovery/Shiva JH/Projects/OneLake Medallion/data/landing/2017-06-01/orders.parquet,2017-06-01
77dc1b33326d12cbce03cfda27efafda,4254dc9d904d27a48d0a82cad2c4b26a,delivered,2017-06-13 14:09:06,2017-06-15 02:45:22,2017-06-16 14:09:43,2017-06-28 17:26:40,2017-07-06 00:00:00,2017-06-13,2017-07-06 00:00:00.000000,2026-08-27T05:17:09.287600+00:00,D:/D drive recovery/Shiva JH/Projects/OneLake Medallion/data/landing/2017-06-13/orders.parquet,2017-06-13
45f4469896c24f0ab44900f3bc3eac3b,21aa64991ef081388f1b8332dc857f71,delivered,2017-06-13 12:19:10,2017-06-13 12:30:32,2017-06-14 13:25:06,2017-06-19 19:41:44,2017-07-10 00:00:00,2017-06-13,2017-07-10 00:00:00.000000,2026-08-27T05:17:09.287600+00:00,D:/D drive recovery/Shiva JH/Projects/OneLake Medallion/data/landing/2017-06-13/orders.parquet,2017-06-13
aba142e1b0636b0e443cbe4ce0a93e43,ace9efacd99682fd1afabe6bb12b8024,delivered,2017-06-25 20:11:15,2017-06-25 20:23:10,2017-06-28 16:41:47,2017-07-06 13:52:45,2017-07-25 00:00:00,2017-06-25,2017-07-25 00:00:00.000000,2026-08-27T05:17:09.287600+00:00,D:/D drive recovery/Shiva JH/Projects/OneLake Medallion/data/landing/2017-06-25/orders.parquet,2017-06-25
c3ea5c5d0f6da616026d4cee6df674a5,0928350f4927941ebeaf342287da507c,delivered,2017-06-25 22:58:15,2017-06-25 23:10:07,2017-06-26 16:23:13,2017-07-01 11:47:58,2017-07-28 00:00:00,2017-06-25,2017-07-28 00:00:00.000000,2026-08-27T05:17:09.287600+00:00,D:/D drive recovery/Shiva JH/Projects/OneLake Medallion/data/landing/2017-06-25/orders.parquet,2017-06-25
c334df2de33b1fe163046d893b2cc28d,3afb4376b76a9615a6c548f25dcb251e,delivered,2017-06-25 14:52:01,2017-06-25 15:02:52,2017-06-26 10:09:49,2017-06-28 12:39:42,2017-07-07 00:00:00,2017-06-25,2017-07-07 00:00:00.000000,2026-08-27T05:17:09.287600+00:00,D:/D drive recovery/Shiva JH/Projects/OneLake Medallion/data/landing/2017-06-25/orders.parquet,2017-06-25
01b6bbf0a9ac5d54dfebb11ddcd8fa8e,9318f7b29e978d7964af2bea8aecf18b,delivered,2017-06-25 22:18:02,2017-06-25 22:30:14,2017-06-27 12:57:41,2017-07-01 10:33:42,2017-07-14 00:00:00,2017-06-25,2017-07-14 00:00:00.000000,2026-08-27T05:17:09.287600+00:00,D:/D drive recovery/Shiva JH/Projects/OneLake Medallion/data/landing/2017-06-25/orders.parquet,2017-06-25
a7b5e82b294d8eac1109824b0194abb9,7ff290e59c82983e21d8337602e2ff6c,delivered,2017-06-25 11:42:38,2017-06-25 11:55:08,2017-06-29 08:04:45,2017-07-11 19:32:35,2017-07-19 00:00:00,2017-06-25,2017-07-19 00:00:00.000000,2026-08-27T05:17:09.287600+00:00,D:/D drive recovery/Shiva JH/Projects/OneLake Medallion/data/landing/2017-06-25/orders.parquet,2017-06-25
29d81f9fcfa8f77ad68afa83d9fbf83b,6da05f4c39571b239acb72979c20bd71,delivered,2017-07-07 11:58:48,2017-07-07 12:10:14,2017-07-07 19:37:52,2017-07-18 21:09:12,2017-08-09 00:00:00,2017-07-07,2017-08-09 00:00:00.000000,2026-08-27T05:17:09.287600+00:00,D:/D drive recovery/Shiva JH/Projects/OneLake Medallion/data/landing/2017-07-07/orders.parquet,2017-07-07
aed5fd4c4ada58504679761465a6486e,fb5adcc8d11e1000f05d9e6b683a0700,unavailable,2017-07-07 10:48:37,2017-07-07 11:03:33,,,2017-08-08 00:00:00,2017-07-07,2017-08-08 00:00:00.000000,2026-08-27T05:17:09.287600+00:00,D:/D drive recovery/Shiva JH/Projects/OneLake Medallion/data/landing/2017-07-07/orders.parquet,2017-07-07
33d8795f04dd631f3480d7aaf90da3dc,b11ea459107d514dd45bce81c0ab4e74,unavailable,2017-07-07 21:17:36,2017-07-07 21:30:13,,,2017-07-27 00:00:00,2017-07-07,2017-07-27 00:00:00.000000,2026-08-27T05:17:09.287600+00:00,D:/D drive recovery/Shiva JH/Projects/OneLake Medallion/data/landing/2017-07-07/orders.parquet,2017-07-07
2117b238b6ae0929164d1cf41f3ecb87,616328acb98ad1ecc08506ba227fe9d4,delivered,2017-07-07 17:44:19,2017-07-07 17:55:21,2017-07-10 21:27:43,2017-07-24 14:09:57,2017-07-31 00:00:00,2017-07-07,2017-07-31 00:00:00.000000,2026-08-27T05:17:09.287600+00:00,D:/D drive recovery/Shiva JH/Projects/OneLake Medallion/data/landing/2017-07-07/orders.parquet,2017-07-07
800c2d74bc71b0e27ce365ad43cf16dc,793295406fc9bea48c3937f2939bb879,delivered,2017-07-07 14:33:53,2017-07-07 14:45:16,2017-07-10 18:08:39,2017-07-16 13:44:52,2017-07-31 00:00:00,2017-07-07,2017-07-31 00:00:00.000000,2026-08-27T05:17:09.287600+00:00,D:/D drive recovery/Shiva JH/Projects/OneLake Medallion/data/landing/2017-07-07/orders.parquet,2017-07-07
e236416fb32f25eb00a7da9097cf36a4,7a09a14821e574a7774323bdfab4908c,delivered,2017-07-07 11:09:00,2017-07-07 12:10:21,2017-07-07 16:24:56,2017-07-13 19:32:22,2017-08-02 00:00:00,2017-07-07,2017-08-02 00:00:00.000000,2026-08-27T05:17:09.287600+00:00,D:/D drive recovery/Shiva JH/Projects/OneLake Medallion/data/landing/2017-07-07/orders.parquet,2017-07-07
93e66102f38a99ee0f9f24af6d0ce1d8,2decf78a79d783fb2baaede413ff35ab,delivered,2017-07-19 17:46:36,2017-07-19 18:03:30,2017-07-26 10:27:49,2017-08-04 15:29:16,2017-08-18 00:00:00,2017-07-19,2017-08-18 00:00:00.000000,2026-08-27T05:17:09.287600+00:00,D:/D drive recovery/Shiva JH/Projects/OneLake Medallion/data/landing/2017-07-19/orders.parquet,2017-07-19
799236014ffd7f07bb4ab4172f2f9a56,159ac2552bf49fe290890620c02d767a,delivered,2017-07-19 21:06:53,2017-07-19 21:15:28,2017-07-20 18:26:25,2017-07-26 13:36:43,2017-08-08 00:00:00,2017-07-19,2017-08-08 00:00:00.000000,2026-08-27T05:17:09.287600+00:00,D:/D drive recovery/Shiva JH/Projects/OneLake Medallion/data/landing/2017-07-19/orders.parquet,2017-07-19
ff71fa43cf5b726cd4a5763c7d819a35,14217d5d9e2e67faaae493aa0a181d4c,unavailable,2017-07-19 21:53:57,2017-07-21 02:50:44,,,2017-08-10 00:00:00,2017-07-19,2017-08-10 00:00:00.000000,2026-08-27T05:17:09.287600+00:00,D:/D drive recovery/Shiva JH/Projects/OneLake Medallion/data/landing/2017-07-19/orders.parquet,2017-07-19
7263686303ac0eabc2a7fc96d65405cf,07473aa73a7244877192373a2dbf4b43,delivered,2017-07-19 13:56:13,2017-07-19 14:10:16,2017-07-24 12:14:53,2017-08-08 16:32:33,2017-08-24 00:00:00,2017-07-19,2017-08-24 00:00:00.000000,2026-08-27T05:17:09.287600+00:00,D:/D drive recovery/Shiva JH/Projects/OneLake Medallion/data/landing/2017-07-19/orders.parquet,2017-07-19
f392f7aa851a5da079d2a4fb24357b46,139797e7ccd04eca107ebfef6888c0d5,delivered,2017-07-19 22:29:15,2017-07-20 22:35:09,2017-07-24 10:06:31,2017-08-05 15:32:07,2017-08-17 00:00:00,2017-07-19,2017-08-17 00:00:00.000000,2026-08-27T05:17:09.287600+00:00,D:/D drive recovery/Shiva JH/Projects/OneLake Medallion/data/landing/2017-07-19/orders.parquet,2017-07-19
99f10393ec3328b3b416a154afd5d714,b593c249903e4280399e991fdbe8d7a3,delivered,2017-07-19 23:51:41,2017-07-20 00:45:20,2017-07-26 11:07:51,2017-08-04 18:06:08,2017-08-17 00:00:00,2017-07-19,2017-08-17 00:00:00.000000,2026-08-27T05:17:09.287600+00:00,D:/D drive recovery/Shiva JH/Projects/OneLake Medallion/data/landing/2017-07-19/orders.parquet,2017-07-19
c8fc63e28cfdb28172db4303396499ed,46efdd1ffd0e8c960ee3376ae2f119ad,delivered,2017-07-31 12:13:18,2017-07-31 12:25:18,2017-08-02 16:53:10,2017-08-03 19:07:32,2017-08-11 00:00:00,2017-07-31,2017-08-11 00:00:00.000000,2026-08-27T05:17:09.287600+00:00,D:/D drive recovery/Shiva JH/Projects/OneLake Medallion/data/landing/2017-07-31/orders.parquet,2017-07-31
4ed2338dc000b3d9acaf348a1fc6a395,da8254447ce1ed8a5c494ee4a8929380,delivered,2017-07-31 12:03:32,2017-07-31 12:23:11,2017-08-01 16:15:43,2017-08-02 18:32:27,2017-08-18 00:00:00,2017-07-31,2017-08-18 00:00:00.000000,2026-08-27T05:17:09.287600+00:00,D:/D drive recovery/Shiva JH/Projects/OneLake Medallion/data/landing/2017-07-31/orders.parquet,2017-07-31
71ccac4998b863217b4480c50294b465,8a3440e2e5ec49f1c4cc3595d79364e4,delivered,2017-07-31 16:38:56,2017-08-02 08:32:55,2017-08-01 19:45:56,2017-08-04 17:32:12,2017-08-18 00:00:00,2017-07-31,2017-08-18 00:00:00.000000,2026-08-27T05:17:09.287600+00:00,D:/D drive recovery/Shiva JH/Projects/OneLake Medallion/data/landing/2017-07-31/orders.parquet,2017-07-31
8d7c561ff34d8fb665da2d7cd9eea5ea,e3267c909d1d6265381c696a7576de9c,delivered,2017-07-31 14:00:27,2017-07-31 14:10:16,2017-08-03 20:09:48,2017-08-09 20:32:58,2017-08-24 00:00:00,2017-07-31,2017-08-24 00:00:00.000000,2026-08-27T05:17:09.287600+00:00,D:/D drive recovery/Shiva JH/Projects/OneLake Medallion/data/landing/2017-07-31/orders.parquet,2017-07-31
601aeff176a15b40925c874c87b0cc16,f2bd912dcfcf35f4ed1c60688bf4705d,delivered,2017-08-12 09:32:20,2017-08-12 09:43:45,2017-08-15 11:43:54,2017-08-18 17:03:30,2017-09-04 00:00:00,2017-08-12,2017-09-04 00:00:00.000000,2026-08-27T05:17:09.287600+00:00,D:/D drive recovery/Shiva JH/Projects/OneLake Medallion/data/landing/2017-08-12/orders.parquet,2017-08-12
680f4f731eeef8098bb1e587bb0c3363,ad1bd6b4f879655fc78ac4d5bf3fd055,delivered,2017-08-24 21:57:28,2017-08-25 22:08:03,2017-08-28 20:37:32,2017-09-16 15:18:18,2017-09-28 00:00:00,2017-08-24,2017-09-28 00:00:00.000000,2026-08-27T05:17:09.287600+00:00,D:/D drive recovery/Shiva JH/Projects/OneLake Medallion/data/landing/2017-08-24/orders.parquet,2017-08-24
b24b30b2680c0388fd18c9175271a8cb,7df1cd17dbbeae3711371434fb3f1531,delivered,2017-08-24 16:36:58,2017-08-25 15:05:40,2017-08-31 21:26:31,2017-09-01 17:27:47,2017-09-06 00:00:00,2017-08-24,2017-09-06 00:00:00.000000,2026-08-27T05:17:09.287600+00:00,D:/D drive recovery/Shiva JH/Projects/OneLake Medallion/data/landing/2017-08-24/orders.parquet,2017-08-24
1c9383e11b19c66a7655bf8a31dd0ad3,68aee9718d1e57dfc6fd08c539f5e0fb,delivered,2017-08-24 10:24:06,2017-08-24 10:44:23,2017-08-28 21:55:57,2017-09-04 16:21:19,2017-09-18 00:00:00,2017-08-24,2017-09-18 00:00:00.000000,2026-08-27T05:17:09.287600+00:00,D:/D drive recovery/Shiva JH/Projects/OneLake Medallion/data/landing/2017-08-24/orders.parquet,2017-08-24
bd1d2815016a0d22c926101c1c99d140,d520089f0783d83ef336bd06aa8923f9,delivered,2017-08-24 20:39:03,2017-08-26 02:16:19,2017-08-28 16:56:30,2017-09-06 14:39:59,2017-09-26 00:00:00,2017-08-24,2017-09-26 00:00:00.000000,2026-08-27T05:17:09.287600+00:00,D:/D drive recovery/Shiva JH/Projects/OneLake Medallion/data/landing/2017-08-24/orders.parquet,2017-08-24
457714bcb907cac0b11252276a09f406,c9408afee56e7572a6cb85c5f88e499a,delivered,2017-09-05 21:23:32,2017-09-06 14:55:24,2017-09-08 20:29:49,2017-09-21 17:33:59,2017-10-04 00:00:00,2017-09-05,2017-10-04 00:00:00.000000,2026-08-27T05:17:09.287600+00:00,D:/D drive recovery/Shiva JH/Projects/OneLake Medallion/data/landing/2017-09-05/orders.parquet,2017-09-05
8053c8b6bcfa27de650bb879815c3835,e28f61f60696c03754e0ab705ed04182,delivered,2017-09-05 23:38:29,2017-09-07 02:45:30,2017-09-14 17:39:04,2017-09-21 19:07:58,2017-10-05 00:00:00,2017-09-05,2017-10-05 00:00:00.000000,2026-08-27T05:17:09.287600+00:00,D:/D drive recovery/Shiva JH/Projects/OneLake Medallion/data/landing/2017-09-05/orders.parquet,2017-09-05
99a29a0878f41a8dd8d2e20b2aa621c6,22830823ff4ee06179343e49ff7f26c1,delivered,2017-09-17 20:39:20,2017-09-18 20:45:42,2017-09-20 10:23:38,2017-09-25 16:52:53,2017-10-09 00:00:00,2017-09-17,2017-10-09 00:00:00.000000,2026-08-27T05:17:09.287600+00:00,D:/D drive recovery/Shiva JH/Projects/OneLake Medallion/data/landing/2017-09-17/orders.parquet,2017-09-17
d8b5d1ea87d75046c7b453b1b128fcc3,6fac131de8408ec8e5fc464cfb07c9fc,delivered,2017-09-17 14:51:56,2017-09-17 15:05:09,2017-09-19 14:11:44,2017-09-21 13:54:04,2017-10-04 00:00:00,2017-09-17,2017-10-04 00:00:00.000000,2026-08-27T05:17:09.287600+00:00,D:/D drive recovery/Shiva JH/Projects/OneLake Medallion/data/landing/2017-09-17/orders.parquet,2017-09-17
2791f136b9474da2f7f56a8366675b0e,d765c83816a7d5134cea8751e2a0a09e,delivered,2017-09-17 15:34:03,2017-09-18 15:44:06,2017-09-19 22:27:48,2017-09-21 22:13:04,2017-10-04 00:00:00,2017-09-17,2017-10-04 00:00:00.000000,2026-08-27T05:17:09.287600+00:00,D:/D drive recovery/Shiva JH/Projects/OneLake Medallion/data/landing/2017-09-17/orders.parquet,2017-09-17
4b3a605942f29d490cb74bd6ace6b9f0,e8a332c3433fbd37920ec89fc295d075,delivered,2017-09-29 09:32:17,2017-09-29 09:44:12,2017-09-29 21:58:48,2017-09-30 16:55:39,2017-10-17 00:00:00,2017-09-29,2017-10-17 00:00:00.000000,2026-08-27T05:17:09.287600+00:00,D:/D drive recovery/Shiva JH/Projects/OneLake Medallion/data/landing/2017-09-29/orders.parquet,2017-09-29
408bba49e507e2efa9fbb77966ca4697,7ec34e03cfead59804e2ae99d09014a6,delivered,2017-09-29 20:34:06,2017-09-29 20:49:25,2017-10-04 11:07:14,2017-10-10 22:33:42,2017-10-31 00:00:00,2017-09-29,2017-10-31 00:00:00.000000,2026-08-27T05:17:09.287600+00:00,D:/D drive recovery/Shiva JH/Projects/OneLake Medallion/data/landing/2017-09-29/orders.parquet,2017-09-29
fc355d449ceaea8f858ef33c4eba83fa,44abc08e78c370ebe0f4504045713574,delivered,2017-09-29 08:12:43,2017-10-03 04:07:20,2017-10-04 14:10:58,2017-11-16 12:42:52,2017-10-23 00:00:00,2017-09-29,2017-11-16 12:42:52.000000,2026-08-27T05:17:09.287600+00:00,D:/D drive recovery/Shiva JH/Projects/OneLake Medallion/data/landing/2017-09-29/orders.parquet,2017-09-29
b6bfbeea1b933b34c91ec0b216a50347,1ece07e2253ede2f81d2c3c7342232a8,delivered,2017-10-11 16:58:39,2017-10-11 17:14:13,2017-10-13 18:12:11,2017-10-20 18:53:45,2017-11-07 00:00:00,2017-10-11,2017-11-07 00:00:00.000000,2026-08-27T05:17:09.287600+00:00,D:/D drive recovery/Shiva JH/Projects/OneLake Medallion/data/landing/2017-10-11/orders.parquet,2017-10-11
8875c81503e02bc22eae5a31637d6db1,5829bb0fc54e1af9937b154763b18966,delivered,2017-10-11 12:45:13,2017-10-13 10:09:01,2017-10-16 22:47:58,2017-10-25 20:52:23,2017-11-03 00:00:00,2017-10-11,2017-11-03 00:00:00.000000,2026-08-27T05:17:09.287600+00:00,D:/D drive recovery/Shiva JH/Projects/OneLake Medallion/data/landing/2017-10-11/orders.parquet,2017-10-11
366e36538aace156a4d280994494b604,96330b0f406163eb357a8c6085b841f6,delivered,2017-10-11 20:45:40,2017-10-14 03:37:06,2017-10-20 14:24:00,2017-11-01 20:35:51,2017-11-08 00:00:00,2017-10-11,2017-11-08 00:00:00.000000,2026-08-27T05:17:09.287600+00:00,D:/D drive recovery/Shiva JH/Projects/OneLake Medallion/data/landing/2017-10-11/orders.parquet,2017-10-11
05ad33706a0ad42482ba7f17236d4bba,f66a0a5603fb1d09eee7fe496b1024ba,delivered,2017-10-11 09:27:38,2017-10-11 09:46:17,2017-10-11 19:14:14,2017-10-18 19:58:39,2017-11-01 00:00:00,2017-10-11,2017-11-01 00:00:00.000000,2026-08-27T05:17:09.287600+00:00,D:/D drive recovery/Shiva JH/Projects/OneLake Medallion/data/landing/2017-10-11/orders.parquet,2017-10-11
ff07e8cf368d59bc41752e3648994b36,aab0e26c7de6974d4595b0f21781ddd2,delivered,2017-10-11 18:56:49,2017-10-11 19:07:13,2017-10-13 18:19:48,2017-10-20 19:28:32,2017-11-01 00:00:00,2017-10-11,2017-11-01 00:00:00.000000,2026-08-27T05:17:09.287600+00:00,D:/D drive recovery/Shiva JH/Projects/OneLake Medallion/data/landing/2017-10-11/orders.parquet,2017-10-11
fbee1784fcce86e1c120a0b525750e57,443f70a83cedbee25cb20bffaa9b275a,delivered,2017-11-04 17:01:40,2017-11-04 17:10:32,2017-11-07 22:06:58,2017-11-10 19:32:26,2017-11-27 00:00:00,2017-11-04,2017-11-27 00:00:00.000000,2026-08-27T05:17:09.287600+00:00,D:/D drive recovery/Shiva JH/Projects/OneLake Medallion/data/landing/2017-11-04/orders.parquet,2017-11-04
980b9aef670d4659912793b2fffdea29,f765ec8cbb703a2467541a10355863ce,delivered,2017-11-04 22:08:08,2017-11-04 22:25:27,2017-11-06 18:12:14,2017-11-10 18:02:45,2017-11-27 00:00:00,2017-11-04,2017-11-27 00:00:00.000000,2026-08-27T05:17:09.287600+00:00,D:/D drive recovery/Shiva JH/Projects/OneLake Medallion/data/landing/2017-11-04/orders.parquet,2017-11-04
2299befc86b7b31fc23dcba911582355,ae0417f3c2319e7c7ef0a65b63dbc7ea,delivered,2017-11-16 22:44:30,2017-11-16 23:00:46,2017-11-17 20:26:59,2017-11-23 20:38:35,2017-12-05 00:00:00,2017-11-16,2017-12-05 00:00:00.000000,2026-08-27T05:17:09.287600+00:00,D:/D drive recovery/Shiva JH/Projects/OneLake Medallion/data/landing/2017-11-16/orders.parquet,2017-11-16
bac5252be9b1269976695ebd118ef43d,533f0f527edd31355c911bec8caef8e2,delivered,2017-11-16 17:29:56,2017-11-16 17:50:13,2017-11-17 19:18:56,2018-01-16 21:36:56,2017-11-29 00:00:00,2017-11-16,2018-01-16 21:36:56.000000,2026-08-27T05:17:09.287600+00:00,D:/D drive recovery/Shiva JH/Projects/OneLake Medallion/data/landing/2017-11-16/orders.parquet,2017-11-16
c28916da587551ac4d1de7970fc929c8,7c1114faf8afe01287362e1a1943aa26,delivered,2017-11-16 19:11:58,2017-11-16 19:34:55,2017-11-21 12:54:48,2017-12-04 16:03:42,2017-12-14 00:00:00,2017-11-16,2017-12-14 00:00:00.000000,2026-08-27T05:17:09.287600+00:00,D:/D drive recovery/Shiva JH/Projects/OneLake Medallion/data/landing/2017-11-16/orders.parquet,2017-11-16
42c99d4e378b852657e71d810ef1858c,13ab4c98a7678b10d69118bb719e57c9,delivered,2017-11-28 14:56:51,2017-11-28 15:18:52,2017-11-30 19:51:29,2017-12-22 00:14:21,2017-12-21 00:00:00,2017-11-28,2017-12-22 00:14:21.000000,2026-08-27T05:17:09.287600+00:00,D:/D drive recovery/Shiva JH/Projects/OneLake Medallion/data/landing/2017-11-28/orders.parquet,2017-11-28
48ae434efdce6ee8ed43531400f53bb6,98d2898e432505920432cba9b38b72cd,delivered,2017-11-28 11:14:20,2017-11-28 12:07:28,2017-11-29 18:12:04,2017-12-05 19:09:26,2017-12-19 00:00:00,2017-11-28,2017-12-19 00:00:00.000000,2026-08-27T05:17:09.287600+00:00,D:/D drive recovery/Shiva JH/Projects/OneLake Medallion/data/landing/2017-11-28/orders.parquet,2017-11-28
51ee2d580bfba3ac0ba884a8bb098468,2f997ad360d6cc2457e5ee787c24cfa1,delivered,2017-11-28 21:50:11,2017-11-28 21:59:29,2017-12-01 15:36:35,2017-12-20 18:10:43,2017-12-19 00:00:00,2017-11-28,2017-12-20 18:10:43.000000,2026-08-27T05:17:09.287600+00:00,D:/D drive recovery/Shiva JH/Projects/OneLake Medallion/data/landing/2017-11-28/orders.parquet,2017-11-28
f5e3df1b6d4ee5b4e795cbd56705d35b,e32ded4c09ef9207932b87ad9db49e5c,delivered,2017-11-28 14:05:09,2017-11-28 14:20:15,2017-12-01 00:08:59,2017-12-12 12:38:46,2017-12-22 00:00:00,2017-11-28,2017-12-22 00:00:00.000000,2026-08-27T05:17:09.287600+00:00,D:/D drive recovery/Shiva JH/Projects/OneLake Medallion/data/landing/2017-11-28/orders.parquet,2017-11-28
453b1d86b22e9fdb0d1da9c446dd2828,0afa45aa9b2befa48d4056a9037aeaaf,delivered,2017-11-28 15:52:31,2017-11-28 16:17:30,2017-12-01 22:09:09,2017-12-14 16:21:29,2017-12-19 00:00:00,2017-11-28,2017-12-19 00:00:00.000000,2026-08-27T05:17:09.287600+00:00,D:/D drive recovery/Shiva JH/Projects/OneLake Medallion/data/landing/2017-11-28/orders.parquet,2017-11-28
5536d8682e25ee3f39ed444105996fee,c0f3b6a49e1ca142c8ce84a423f4ba72,delivered,2017-11-28 22:18:10,2017-11-28 22:30:28,2017-12-01 15:39:04,2017-12-11 23:36:57,2017-12-12 00:00:00,2017-11-28,2017-12-12 00:00:00.000000,2026-08-27T05:17:09.287600+00:00,D:/D drive recovery/Shiva JH/Projects/OneLake Medallion/data/landing/2017-11-28/orders.parquet,2017-11-28
32064cd340eabfc585488b852e90efaf,9e43100b3399c9b4d9a478bdc4968136,delivered,2017-11-28 12:01:12,2017-11-28 12:14:51,2017-11-29 20:24:50,2017-12-05 20:17:01,2017-12-19 00:00:00,2017-11-28,2017-12-19 00:00:00.000000,2026-08-27T05:17:09.287600+00:00,D:/D drive recovery/Shiva JH/Projects/OneLake Medallion/data/landing/2017-11-28/orders.parquet,2017-11-28
9c27a49a6afffd10bd25a5990a02c1e1,5b126323c33914e3a0d693c50f84c495,delivered,2017-11-28 20:13:10,2017-11-29 02:19:08,2017-11-30 20:04:41,2017-12-06 00:16:49,2017-12-19 00:00:00,2017-11-28,2017-12-19 00:00:00.000000,2026-08-27T05:17:09.287600+00:00,D:/D drive recovery/Shiva JH/Projects/OneLake Medallion/data/landing/2017-11-28/orders.parquet,2017-11-28
c37588362e2c244b0994c310bcf37393,d34fc5073a7c0a01cefde2d790236131,delivered,2017-12-10 12:20:13,2017-12-10 12:30:20,2017-12-11 21:09:14,2017-12-15 20:46:14,2018-01-04 00:00:00,2017-12-10,2018-01-04 00:00:00.000000,2026-08-27T05:17:09.287600+00:00,D:/D drive recovery/Shiva JH/Projects/OneLake Medallion/data/landing/2017-12-10/orders.parquet,2017-12-10
35e8b6cc47f7c18667028737368a1d8e,b67c158e4b1be576ff5eec151ab5cdcc,delivered,2017-12-10 15:58:03,2017-12-10 16:09:18,2017-12-12 21:03:35,2017-12-26 13:52:15,2018-01-04 00:00:00,2017-12-10,2018-01-04 00:00:00.000000,2026-08-27T05:17:09.287600+00:00,D:/D drive recovery/Shiva JH/Projects/OneLake Medallion/data/landing/2017-12-10/orders.parquet,2017-12-10
d2e35975e8fe7c281515b3d1175d03bf,8b05282531debcefba61d7e86c3f9634,delivered,2017-12-10 23:31:45,2017-12-12 14:55:58,2017-12-15 17:18:25,2018-01-03 12:48:48,2018-01-09 00:00:00,2017-12-10,2018-01-09 00:00:00.000000,2026-08-27T05:17:09.287600+00:00,D:/D drive recovery/Shiva JH/Projects/OneLake Medallion/data/landing/2017-12-10/orders.parquet,2017-12-10
92403e7845bd4b2d3d51719fcdde71ca,0fa9101520f0367a281d381dc47e8957,delivered,2017-12-10 20:25:27,2017-12-10 20:32:43,2017-12-12 18:18:53,2017-12-14 22:22:55,2017-12-28 00:00:00,2017-12-10,2017-12-28 00:00:00.000000,2026-08-27T05:17:09.287600+00:00,D:/D drive recovery/Shiva JH/Projects/OneLake Medallion/data/landing/2017-12-10/orders.parquet,2017-12-10
d68f3a6decbb8a868a1a87c33c9f50cd,2276b635bde7b942fb5121b7a00e8b2f,delivered,2017-12-10 12:10:51,2017-12-10 12:19:26,2017-12-11 23:59:03,2017-12-15 02:24:50,2017-12-28 00:00:00,2017-12-10,2017-12-28 00:00:00.000000,2026-08-27T05:17:09.287600+00:00,D:/D drive recovery/Shiva JH/Projects/OneLake Medallion/data/landing/2017-12-10/orders.parquet,2017-12-10
ec3537b6b3607220dc74b6ca4f505e03,199bcbb6f50073b56ff12c2508a7439b,delivered,2017-12-10 09:46:22,2017-12-10 09:56:18,2017-12-11 22:57:59,2018-01-05 20:03:06,2018-01-15 00:00:00,2017-12-10,2018-01-15 00:00:00.000000,2026-08-27T05:17:09.287600+00:00,D:/D drive recovery/Shiva JH/Projects/OneLake Medallion/data/landing/2017-12-10/orders.parquet,2017-12-10
0b13a698a0b7a62e8ec891081558b7aa,c9889c41f5b9cb77189f1af324eb1fe6,delivered,2017-12-22 22:03:05,2017-12-23 13:36:26,2017-12-26 20:10:22,2018-01-17 18:48:25,2018-02-02 00:00:00,2017-12-22,2018-02-02 00:00:00.000000,2026-08-27T05:17:09.287600+00:00,D:/D drive recovery/Shiva JH/Projects/OneLake Medallion/data/landing/2017-12-22/orders.parquet,2017-12-22
f62e1cc968992b573558a1406edc8ccc,1442bed704b202edf2871f6797bf4b20,delivered,2018-01-03 20:18:19,2018-01-05 02:33:39,2018-01-08 14:49:11,2018-01-22 17:30:15,2018-01-30 00:00:00,2018-01-03,2018-01-30 00:00:00.000000,2026-08-27T05:17:09.287600+00:00,D:/D drive recovery/Shiva JH/Projects/OneLake Medallion/data/landing/2018-01-03/orders.parquet,2018-01-03
c2036cc87daa31d91f63b204717a9602,7411191c690609f0521c7911833402b8,delivered,2018-01-03 19:11:31,2018-01-05 02:35:30,2018-01-08 21:08:32,2018-01-16 22:19:12,2018-02-07 00:00:00,2018-01-03,2018-02-07 00:00:00.000000,2026-08-27T05:17:09.287600+00:00,D:/D drive recovery/Shiva JH/Projects/OneLake Medallion/data/landing/2018-01-03/orders.parquet,2018-01-03
82aef313910460a7cef56d256d1c30af,f7541e41dc3e05412c45dad58559305f,delivered,2018-01-03 11:48:15,2018-01-03 11:58:26,2018-01-04 22:24:27,2018-01-11 20:25:12,2018-02-15 00:00:00,2018-01-03,2018-02-15 00:00:00.000000,2026-08-27T05:17:09.287600+00:00,D:/D drive recovery/Shiva JH/Projects/OneLake Medallion/data/landing/2018-01-03/orders.parquet,2018-01-03
2efa8cad37f73bd607920b772a59b715,91c9fc1d296a37a38a3f6bf21b818b5e,delivered,2018-01-03 23:02:20,2018-01-04 00:56:44,2018-01-04 16:22:12,2018-01-12 20:29:01,2018-02-01 00:00:00,2018-01-03,2018-02-01 00:00:00.000000,2026-08-27T05:17:09.287600+00:00,D:/D drive recovery/Shiva JH/Projects/OneLake Medallion/data/landing/2018-01-03/orders.parquet,2018-01-03
6fd8d29c2aba16768615748086578d34,cc8051d0a68c5d5e3b6d10ac3d29f864,delivered,2018-01-03 22:26:49,2018-01-03 22:38:27,2018-01-09 21:25:58,2018-01-16 20:43:00,2018-02-06 00:00:00,2018-01-03,2018-02-06 00:00:00.000000,2026-08-27T05:17:09.287600+00:00,D:/D drive recovery/Shiva JH/Projects/OneLake Medallion/data/landing/2018-01-03/orders.parquet,2018-01-03
0521b661c320287be1f5a92a52760c8b,af2dd33c352ba6c493b012ae2017fd6b,delivered,2018-01-03 19:02:46,2018-01-03 19:11:24,2018-01-04 21:54:55,2018-01-15 18:08:49,2018-02-06 00:00:00,2018-01-03,2018-02-06 00:00:00.000000,2026-08-27T05:17:09.287600+00:00,D:/D drive recovery/Shiva JH/Projects/OneLake Medallion/data/landing/2018-01-03/orders.parquet,2018-01-03
e68888548de4c863a78ae2de41ec0215,146e4280cf2ae3158d04fd3ad83a8b8d,delivered,2018-01-03 19:06:33,2018-01-04 16:37:23,2018-01-09 17:57:30,2018-01-26 22:43:00,2018-02-05 00:00:00,2018-01-03,2018-02-05 00:00:00.000000,2026-08-27T05:17:09.287600+00:00,D:/D drive recovery/Shiva JH/Projects/OneLake Medallion/data/landing/2018-01-03/orders.parquet,2018-01-03
6e4eb025aa5ac0a41d80958001accfaf,9b9603f41c76da930aeee5bd6edbc5d3,delivered,2018-01-03 22:02:21,2018-01-03 22:14:24,2018-01-04 21:16:17,2018-01-16 19:46:58,2018-01-31 00:00:00,2018-01-03,2018-01-31 00:00:00.000000,2026-08-27T05:17:09.287600+00:00,D:/D drive recovery/Shiva JH/Projects/OneLake Medallion/data/landing/2018-01-03/orders.parquet,2018-01-03
1250f8fc1f64f9c63ea3cd35c0a36a85,4129a074aa14aa3d7a5fea1f15ab73bb,delivered,2018-01-15 09:36:22,2018-01-15 09:50:03,2018-01-17 22:42:35,2018-02-10 00:58:41,2018-02-26 00:00:00,2018-01-15,2018-02-26 00:00:00.000000,2026-08-27T05:17:09.287600+00:00,D:/D drive recovery/Shiva JH/Projects/OneLake Medallion/data/landing/2018-01-15/orders.parquet,2018-01-15
961a477711141b3811b897eb49216db1,92e68079c7279941d8a95546c20f340d,delivered,2018-01-15 10:48:25,2018-01-15 10:58:32,2018-01-23 23:33:21,2018-02-28 19:43:57,2018-02-05 00:00:00,2018-01-15,2018-02-28 19:43:57.000000,2026-08-27T05:17:09.287600+00:00,D:/D drive recovery/Shiva JH/Projects/OneLake Medallion/data/landing/2018-01-15/orders.parquet,2018-01-15
8304cd42545c641d13b9165c7028c85a,11ec4bc0610184925acab62c1b0cd593,delivered,2018-01-15 01:26:08,2018-01-15 01:37:20,2018-01-15 20:56:46,2018-01-23 21:15:14,2018-02-14 00:00:00,2018-01-15,2018-02-14 00:00:00.000000,2026-08-27T05:17:09.287600+00:00,D:/D drive recovery/Shiva JH/Projects/OneLake Medallion/data/landing/2018-01-15/orders.parquet,2018-01-15
cbc28da5a607b870e7129df9121366a2,3fb8d3153876e8ddc599b0897537310a,delivered,2018-01-15 20:44:13,2018-01-17 04:31:17,2018-01-17 19:29:14,2018-01-30 17:05:55,2018-02-19 00:00:00,2018-01-15,2018-02-19 00:00:00.000000,2026-08-27T05:17:09.287600+00:00,D:/D drive recovery/Shiva JH/Projects/OneLake Medallion/data/landing/2018-01-15/orders.parquet,2018-01-15
0d82956d17aa687909a59706168bfe98,d538a7bace15106d359fbb0a2407a429,delivered,2018-01-15 13:47:59,2018-01-15 13:57:24,2018-01-17 19:13:43,2018-01-29 17:44:58,2018-02-09 00:00:00,2018-01-15,2018-02-09 00:00:00.000000,2026-08-27T05:17:09.287600+00:00,D:/D drive recovery/Shiva JH/Projects/OneLake Medallion/data/landing/2018-01-15/orders.parquet,2018-01-15
1d309784fd7cb2fc8c74ef03c942426c,5bf6f88da53b511b378e287c0d50b94c,delivered,2018-01-27 10:24:36,2018-01-27 10:36:23,2018-01-29 23:54:57,2018-01-31 21:12:07,2018-02-14 00:00:00,2018-01-27,2018-02-14 00:00:00.000000,2026-08-27T05:17:09.287600+00:00,D:/D drive recovery/Shiva JH/Projects/OneLake Medallion/data/landing/2018-01-27/orders.parquet,2018-01-27
2365573dec3c55b420a248893b61d168,7fe6ee9c7c3fc0bfb3cdaf93fbdbad96,delivered,2018-01-27 20:59:57,2018-01-27 21:17:12,2018-01-30 14:13:06,2018-02-07 17:05:21,2018-02-15 00:00:00,2018-01-27,2018-02-15 00:00:00.000000,2026-08-27T05:17:09.287600+00:00,D:/D drive recovery/Shiva JH/Projects/OneLake Medallion/data/landing/2018-01-27/orders.parquet,2018-01-27
37ce40447807e0d3e58cc474ce549881,72d1b8564e088b8bb0a080d3ff03de1a,canceled,2018-01-27 11:20:50,2018-01-27 11:34:30,,,2018-02-26 00:00:00,2018-01-27,2018-02-26 00:00:00.000000,2026-08-27T05:17:09.287600+00:00,D:/D drive recovery/Shiva JH/Projects/OneLake Medallion/data/landing/2018-01-27/orders.parquet,2018-01-27
b1b6c6679301e883c54342f1610a5360,16b44956cca18a175a2cab5956fea5d5,delivered,2018-01-27 19:08:43,2018-01-27 19:19:42,2018-02-15 04:26:38,2018-02-23 19:43:08,2018-03-12 00:00:00,2018-01-27,2018-03-12 00:00:00.000000,2026-08-27T05:17:09.287600+00:00,D:/D drive recovery/Shiva JH/Projects/OneLake Medallion/data/landing/2018-01-27/orders.parquet,2018-01-27
9c9471a2e1b2cb608b22437f51cbe184,d36a25df7ff60b473c289feb156dc6e2,delivered,2018-01-27 22:30:14,2018-01-27 22:53:05,2018-01-30 23:59:26,2018-02-02 23:06:52,2018-02-14 00:00:00,2018-01-27,2018-02-14 00:00:00.000000,2026-08-27T05:17:09.287600+00:00,D:/D drive recovery/Shiva JH/Projects/OneLake Medallion/data/landing/2018-01-27/orders.parquet,2018-01-27
2b44f8afc9f2df6a6090d45db68f9162,d4cc8627da6e9e201f18bfc780b077b1,delivered,2018-01-27 16:03:57,2018-01-27 16:13:15,2018-01-29 17:38:46,2018-02-26 20:15:13,2018-03-01 00:00:00,2018-01-27,2018-03-01 00:00:00.000000,2026-08-27T05:17:09.287600+00:00,D:/D drive recovery/Shiva JH/Projects/OneLake Medallion/data/landing/2018-01-27/orders.parquet,2018-01-27
8a9b30ac80da3860f049247b7464596f,8e150843c1138147cf8ea7253de0319d,delivered,2018-02-08 08:46:56,2018-02-08 09:10:36,2018-02-15 20:23:26,2018-02-16 20:14:59,2018-02-26 00:00:00,2018-02-08,2018-02-26 00:00:00.000000,2026-08-27T05:17:09.287600+00:00,D:/D drive recovery/Shiva JH/Projects/OneLake Medallion/data/landing/2018-02-08/orders.parquet,2018-02-08
a7e30722ecb34ffbeb0fb198ff547677,48917c6bc62665546306ddf9da1170f4,delivered,2018-02-08 22:53:00,2018-02-08 23:08:31,2018-02-09 17:59:49,2018-02-16 15:42:37,2018-03-02 00:00:00,2018-02-08,2018-03-02 00:00:00.000000,2026-08-27T05:17:09.287600+00:00,D:/D drive recovery/Shiva JH/Projects/OneLake Medallion/data/landing/2018-02-08/orders.parquet,2018-02-08
ae6892262d72790a9568fd4f4ac198f3,7d6f786fca4b010b46803e742613c122,delivered,2018-02-08 16:33:08,2018-02-08 17:06:44,2018-02-14 20:15:10,2018-02-21 21:55:10,2018-03-06 00:00:00,2018-02-08,2018-03-06 00:00:00.000000,2026-08-27T05:17:09.287600+00:00,D:/D drive recovery/Shiva JH/Projects/OneLake Medallion/data/landing/2018-02-08/orders.parquet,2018-02-08
a04b614ebff4852b2d63c655c1588654,dfd328ee003850fa4d887ddba13d0ea4,delivered,2018-02-08 10:45:46,2018-02-08 11:10:51,2018-02-09 23:19:02,2018-02-27 00:42:34,2018-03-22 00:00:00,2018-02-08,2018-03-22 00:00:00.000000,2026-08-27T05:17:09.287600+00:00,D:/D drive recovery/Shiva JH/Projects/OneLake Medallion/data/landing/2018-02-08/orders.parquet,2018-02-08
fbf9ac61453ac646ce8ad9783d7d0af6,3a874b4d4c4b6543206ff5d89287f0c3,delivered,2018-02-20 23:46:53,2018-02-22 02:30:46,2018-02-26 22:25:22,2018-03-21 22:03:54,2018-03-12 00:00:00,2018-02-20,2018-03-21 22:03:54.000000,2026-08-27T05:17:09.287600+00:00,D:/D drive recovery/Shiva JH/Projects/OneLake Medallion/data/landing/2018-02-20/orders.parquet,2018-02-20
46300fb44bc5e5cc05d54d33cbc243fc,56e48a07ed300dcb0e37986fde979433,delivered,2018-02-20 11:06:39,2018-02-21 06:10:29,2018-02-23 00:53:24,2018-03-01 01:11:58,2018-03-13 00:00:00,2018-02-20,2018-03-13 00:00:00.000000,2026-08-27T05:17:09.287600+00:00,D:/D drive recovery/Shiva JH/Projects/OneLake Medallion/data/landing/2018-02-20/orders.parquet,2018-02-20
19ad2d72d688eca2dc11bf19bc9ffcf2,de5d252d0ffeb5ded6a1bf99b6f7e443,delivered,2018-02-20 20:41:50,2018-02-20 20:55:52,2018-02-23 17:38:36,2018-03-03 16:04:27,2018-03-16 00:00:00,2018-02-20,2018-03-16 00:00:00.000000,2026-08-27T05:17:09.287600+00:00,D:/D drive recovery/Shiva JH/Projects/OneLake Medallion/data/landing/2018-02-20/orders.parquet,2018-02-20
64cfbc6d10f3a5091889f0fab6233167,3cabcdcf200795a34aea30893f5210c8,delivered,2018-02-20 13:14:39,2018-02-20 13:28:07,2018-02-24 03:44:55,2018-02-27 00:59:01,2018-03-06 00:00:00,2018-02-20,2018-03-06 00:00:00.000000,2026-08-27T05:17:09.287600+00:00,D:/D drive recovery/Shiva JH/Projects/OneLake Medallion/data/landing/2018-02-20/orders.parquet,2018-02-20
6482a6de4a9253a18abae1bc97af64aa,9bc32a462fa8f837c3d8a07e927575e7,delivered,2018-02-20 09:22:24,2018-02-21 11:59:47,2018-02-23 00:12:32,2018-03-07 21:34:21,2018-03-16 00:00:00,2018-02-20,2018-03-16 00:00:00.000000,2026-08-27T05:17:09.287600+00:00,D:/D drive recovery/Shiva JH/Projects/OneLake Medallion/data/landing/2018-02-20/orders.parquet,2018-02-20
1218b7b8dcee5607631650cd962f6436,70760f5ca54f7826fbc14b679eb949bd,delivered,2018-02-20 20:24:15,2018-02-21 12:05:38,2018-02-22 18:25:09,2018-03-05 20:53:04,2018-03-20 00:00:00,2018-02-20,2018-03-20 00:00:00.000000,2026-08-27T05:17:09.287600+00:00,D:/D drive recovery/Shiva JH/Projects/OneLake Medallion/data/landing/2018-02-20/orders.parquet,2018-02-20
7e460703dd3adb450213b20170a237f6,b79d85bfccc2df403dc6610e85d2ab71,delivered,2018-03-04 12:49:38,2018-03-04 13:29:23,2018-03-05 20:44:30,2018-03-08 17:19:08,2018-03-21 00:00:00,2018-03-04,2018-03-21 00:00:00.000000,2026-08-27T05:17:09.287600+00:00,D:/D drive recovery/Shiva JH/Projects/OneLake Medallion/data/landing/2018-03-04/orders.parquet,2018-03-04
ad71054dc5d178fd3d92e89a84f5edcc,13e310ef69a168c6d8876c9f932b6681,delivered,2018-03-04 18:39:32,2018-03-05 13:29:21,2018-03-06 19:38:36,2018-03-18 14:04:52,2018-03-22 00:00:00,2018-03-04,2018-03-22 00:00:00.000000,2026-08-27T05:17:09.287600+00:00,D:/D drive recovery/Shiva JH/Projects/OneLake Medallion/data/landing/2018-03-04/orders.parquet,2018-03-04
eedcf6db339a0b2ce303e615dceaee65,85df45704acdf1ff318576830a282d19,delivered,2018-03-04 22:23:33,2018-03-04 22:35:23,2018-03-07 21:24:59,2018-03-15 23:29:50,2018-03-23 00:00:00,2018-03-04,2018-03-23 00:00:00.000000,2026-08-27T05:17:09.287600+00:00,D:/D drive recovery/Shiva JH/Projects/OneLake Medallion/data/landing/2018-03-04/orders.parquet,2018-03-04
e2f80e58aa7bb597859b1b01b6bc366d,0ba9e1497ca235e5ebf6719be14a8c66,delivered,2018-03-04 18:57:54,2018-03-04 19:15:40,2018-03-06 00:06:54,2018-03-15 22:43:30,2018-04-03 00:00:00,2018-03-04,2018-04-03 00:00:00.000000,2026-08-27T05:17:09.287600+00:00,D:/D drive recovery/Shiva JH/Projects/OneLake Medallion/data/landing/2018-03-04/orders.parquet,2018-03-04
50ed8128c8b7ee1458b9961d8b100a23,6d94d4ff9668ca2d38340ff936d09370,delivered,2018-03-04 15:03:28,2018-03-04 15:10:34,2018-03-05 19:13:51,2018-03-27 00:59:36,2018-03-28 00:00:00,2018-03-04,2018-03-28 00:00:00.000000,2026-08-27T05:17:09.287600+00:00,D:/D drive recovery/Shiva JH/Projects/OneLake Medallion/data/landing/2018-03-04/orders.parquet,2018-03-04
a4d782cea9ad01e830a3603bc4e7a716,4f0fa92e598fc48c2f7771e220791a55,delivered,2018-03-16 21:34:22,2018-03-16 21:50:22,2018-03-21 19:22:09,2018-04-02 22:38:34,2018-04-23 00:00:00,2018-03-16,2018-04-23 00:00:00.000000,2026-08-27T05:17:09.287600+00:00,D:/D drive recovery/Shiva JH/Projects/OneLake Medallion/data/landing/2018-03-16/orders.parquet,2018-03-16
e9df66519c360c741bedc488149685e9,813d879c483a0aba3c6aa0c9622c585c,delivered,2018-03-16 09:13:59,2018-03-17 02:40:26,2018-03-29 01:11:46,2018-04-10 19:58:48,2018-04-05 00:00:00,2018-03-16,2018-04-10 19:58:48.000000,2026-08-27T05:17:09.287600+00:00,D:/D drive recovery/Shiva JH/Projects/OneLake Medallion/data/landing/2018-03-16/orders.parquet,2018-03-16
84040a45ab0e33cc43b8c196aad15732,c8b2f7daf091d6fde3a11dd6a866f4f2,delivered,2018-03-16 19:14:37,2018-03-16 19:28:20,2018-03-27 17:17:48,2018-04-04 22:44:38,2018-04-16 00:00:00,2018-03-16,2018-04-16 00:00:00.000000,2026-08-27T05:17:09.287600+00:00,D:/D drive recovery/Shiva JH/Projects/OneLake Medallion/data/landing/2018-03-16/orders.parquet,2018-03-16
65dcb85abbb41e3ece2afabaacad1d2d,769ee4a53b9d19c994cf0940081a43fa,delivered,2018-03-16 20:00:07,2018-03-16 20:10:30,2018-03-20 20:14:22,2018-03-26 18:42:19,2018-04-10 00:00:00,2018-03-16,2018-04-10 00:00:00.000000,2026-08-27T05:17:09.287600+00:00,D:/D drive recovery/Shiva JH/Projects/OneLake Medallion/data/landing/2018-03-16/orders.parquet,2018-03-16
09cd0ef00759c25af3a62b31366074bb,aa5e341090958e5111abe3ba75bcfe87,delivered,2018-03-16 08:37:00,2018-03-16 09:07:15,2018-03-21 21:48:48,2018-04-24 15:52:57,2018-04-16 00:00:00,2018-03-16,2018-04-24 15:52:57.000000,2026-08-27T05:17:09.287600+00:00,D:/D drive recovery/Shiva JH/Projects/OneLake Medallion/data/landing/2018-03-16/orders.parquet,2018-03-16
c136ccb91ace39bbcdd1012fe2002d8d,7166de904d50726d46d0daa3a9b5028d,processing,2018-03-16 04:11:03,2018-03-16 05:25:25,,,2018-04-11 00:00:00,2018-03-16,2018-04-11 00:00:00.000000,2026-08-27T05:17:09.287600+00:00,D:/D drive recovery/Shiva JH/Projects/OneLake Medallion/data/landing/2018-03-16/orders.parquet,2018-03-16
fef89b64a9e94a0533f8c0afa152f524,10f2f23370c003742306e23361255df0,delivered,2018-03-16 11:30:55,2018-03-16 11:49:11,2018-03-19 21:46:37,2018-04-09 18:16:35,2018-04-05 00:00:00,2018-03-16,2018-04-09 18:16:35.000000,2026-08-27T05:17:09.287600+00:00,D:/D drive recovery/Shiva JH/Projects/OneLake Medallion/data/landing/2018-03-16/orders.parquet,2018-03-16
cca5e85092bfd9c1cb6c4d936cd86ecd,49d3feed347ec8f74aebf675a422a21b,delivered,2018-03-16 16:08:08,2018-03-16 16:29:23,2018-03-20 13:42:47,2018-05-05 12:53:58,2018-04-19 00:00:00,2018-03-16,2018-05-05 12:53:58.000000,2026-08-27T05:17:09.287600+00:00,D:/D drive recovery/Shiva JH/Projects/OneLake Medallion/data/landing/2018-03-16/orders.parquet,2018-03-16
3d1a23961fdfd767d8596bd2851bdb5a,c096164be716e1a2fafd609517dd9e83,delivered,2018-03-28 08:25:56,2018-03-28 09:35:16,2018-03-29 19:47:54,2018-04-09 20:58:30,2018-04-20 00:00:00,2018-03-28,2018-04-20 00:00:00.000000,2026-08-27T05:17:09.287600+00:00,D:/D drive recovery/Shiva JH/Projects/OneLake Medallion/data/landing/2018-03-28/orders.parquet,2018-03-28
edca1e6e5049a09e73c18ba943979a84,f36730cd9d5977ff27850994555cc6e6,delivered,2018-03-28 15:29:01,2018-03-29 12:50:31,2018-04-03 15:28:39,2018-04-11 19:02:26,2018-04-23 00:00:00,2018-03-28,2018-04-23 00:00:00.000000,2026-08-27T05:17:09.287600+00:00,D:/D drive recovery/Shiva JH/Projects/OneLake Medallion/data/landing/2018-03-28/orders.parquet,2018-03-28
341703185940265471b257c17af4790d,7589cb265524f5dfc502a4d89773b219,delivered,2018-04-09 17:09:21,2018-04-09 17:29:19,2018-04-11 23:46:33,2018-04-19 22:02:38,2018-05-07 00:00:00,2018-04-09,2018-05-07 00:00:00.000000,2026-08-27T05:17:09.287600+00:00,D:/D drive recovery/Shiva JH/Projects/OneLake Medallion/data/landing/2018-04-09/orders.parquet,2018-04-09
717903b4b996a7ae799b0c76b779fa0c,57f0329a42dc7c06a16fc1abebc1e84c,delivered,2018-04-09 18:28:14,2018-04-09 18:50:00,2018-04-10 19:02:58,2018-04-11 19:51:33,2018-04-19 00:00:00,2018-04-09,2018-04-19 00:00:00.000000,2026-08-27T05:17:09.287600+00:00,D:/D drive recovery/Shiva JH/Projects/OneLake Medallion/data/landing/2018-04-09/orders.parquet,2018-04-09
0464277e582666bde336336fd5fb9ff8,f9c989b75558c119a7ce8e9f3c2b8f45,delivered,2018-04-09 10:11:29,2018-04-09 10:30:41,2018-04-09 20:48:38,2018-04-16 21:07:45,2018-05-07 00:00:00,2018-04-09,2018-05-07 00:00:00.000000,2026-08-27T05:17:09.287600+00:00,D:/D drive recovery/Shiva JH/Projects/OneLake Medallion/data/landing/2018-04-09/orders.parquet,2018-04-09
d7dd7b5a139c49fb68a6977797599973,545c79b40c22b0a53abea88e0948c862,delivered,2018-04-09 17:39:10,2018-04-09 17:51:31,2018-04-10 19:28:40,2018-04-16 17:51:09,2018-05-04 00:00:00,2018-04-09,2018-05-04 00:00:00.000000,2026-08-27T05:17:09.287600+00:00,D:/D drive recovery/Shiva JH/Projects/OneLake Medallion/data/landing/2018-04-09/orders.parquet,2018-04-09
ca7fc2f0ccaa981c829f79898f513337,fb4086949be6ae460da191548d650e6d,delivered,2018-04-21 18:03:58,2018-04-24 18:55:37,2018-04-27 14:01:00,2018-05-03 22:09:50,2018-05-11 00:00:00,2018-04-21,2018-05-11 00:00:00.000000,2026-08-27T05:17:09.287600+00:00,D:/D drive recovery/Shiva JH/Projects/OneLake Medallion/data/landing/2018-04-21/orders.parquet,2018-04-21
e9136cf586a5b6aecf6fcd804542772c,e8c05ac29ee1a6620c6655ed75659890,delivered,2018-04-21 15:00:13,2018-04-24 18:58:58,2018-04-23 22:34:49,2018-04-24 22:51:47,2018-05-04 00:00:00,2018-04-21,2018-05-04 00:00:00.000000,2026-08-27T05:17:09.287600+00:00,D:/D drive recovery/Shiva JH/Projects/OneLake Medallion/data/landing/2018-04-21/orders.parquet,2018-04-21
adff109236fcf060cf7989c67c4280a5,df2fdb98ed5e099286c6fd60daacb0bd,delivered,2018-04-21 11:43:39,2018-04-24 19:06:50,2018-04-24 17:12:53,2018-04-26 17:44:23,2018-06-01 00:00:00,2018-04-21,2018-06-01 00:00:00.000000,2026-08-27T05:17:09.287600+00:00,D:/D drive recovery/Shiva JH/Projects/OneLake Medallion/data/landing/2018-04-21/orders.parquet,2018-04-21
4d482023bb4e9eed15c299bf7c88d7a0,bdb119a18ed858b1a9f14c253747e20d,delivered,2018-04-21 17:42:50,2018-04-24 18:27:28,2018-04-24 23:44:39,2018-05-04 00:19:22,2018-05-21 00:00:00,2018-04-21,2018-05-21 00:00:00.000000,2026-08-27T05:17:09.287600+00:00,D:/D drive recovery/Shiva JH/Projects/OneLake Medallion/data/landing/2018-04-21/orders.parquet,2018-04-21
29bf861fea8df0d2df2b141d46aea6a5,dc2328555ba9ecbc494b6e4214eefbfa,delivered,2018-04-21 17:06:23,2018-04-24 17:22:30,2018-04-23 18:33:02,2018-04-27 21:48:44,2018-05-11 00:00:00,2018-04-21,2018-05-11 00:00:00.000000,2026-08-27T05:17:09.287600+00:00,D:/D drive recovery/Shiva JH/Projects/OneLake Medallion/data/landing/2018-04-21/orders.parquet,2018-04-21
cdf44e8d562b9d32c7efe051c5cb71dd,846f377bf3511423958c65903414cb8f,delivered,2018-04-21 22:29:28,2018-04-24 19:18:12,2018-04-23 19:31:45,2018-04-27 20:48:38,2018-05-15 00:00:00,2018-04-21,2018-05-15 00:00:00.000000,2026-08-27T05:17:09.287600+00:00,D:/D drive recovery/Shiva JH/Projects/OneLake Medallion/data/landing/2018-04-21/orders.parquet,2018-04-21
7e33051b148132bd0c823915b8863e35,e5d2e5d5a118426869969e7edf137611,delivered,2018-05-03 07:24:46,2018-05-03 07:55:14,2018-05-03 14:54:00,2018-05-08 22:58:50,2018-05-28 00:00:00,2018-05-03,2018-05-28 00:00:00.000000,2026-08-27T05:17:09.287600+00:00,D:/D drive recovery/Shiva JH/Projects/OneLake Medallion/data/landing/2018-05-03/orders.parquet,2018-05-03
db6b63568221b91ede8c733e175bcb0f,8bfde2e8ee1c470784cebf3888dc3368,delivered,2018-05-03 17:57:35,2018-05-03 18:15:25,2018-05-09 08:22:00,2018-05-14 14:42:50,2018-05-22 00:00:00,2018-05-03,2018-05-22 00:00:00.000000,2026-08-27T05:17:09.287600+00:00,D:/D drive recovery/Shiva JH/Projects/OneLake Medallion/data/landing/2018-05-03/orders.parquet,2018-05-03
332dbacb7e4b30fa11983953ea356627,6200c299ffab28fa4ca572d91c3bfee5,delivered,2018-05-03 23:48:53,2018-05-04 00:12:45,2018-05-04 12:27:00,2018-05-07 15:05:44,2018-05-21 00:00:00,2018-05-03,2018-05-21 00:00:00.000000,2026-08-27T05:17:09.287600+00:00,D:/D drive recovery/Shiva JH/Projects/OneLake Medallion/data/landing/2018-05-03/orders.parquet,2018-05-03
c745c678c9834e0c537732afa099248a,6d9af298efa488862d00d1264a36ae02,delivered,2018-05-03 11:06:25,2018-05-03 11:54:42,2018-05-04 12:06:00,2018-05-14 22:05:19,2018-05-22 00:00:00,2018-05-03,2018-05-22 00:00:00.000000,2026-08-27T05:17:09.287600+00:00,D:/D drive recovery/Shiva JH/Projects/OneLake Medallion/data/landing/2018-05-03/orders.parquet,2018-05-03
76dd6b675eeba81086553a3c272e0423,645dc851372903e9c08ecbcdf5c55f36,delivered,2018-05-03 23:49:17,2018-05-04 00:12:45,2018-05-04 14:31:00,2018-05-25 19:18:32,2018-05-29 00:00:00,2018-05-03,2018-05-29 00:00:00.000000,2026-08-27T05:17:09.287600+00:00,D:/D drive recovery/Shiva JH/Projects/OneLake Medallion/data/landing/2018-05-03/orders.parquet,2018-05-03
8fb11f0652ca9a1fc2a32dd1b792fabf,906fc1ea0860711038f88389207bca8b,delivered,2018-05-03 21:16:09,2018-05-03 21:33:21,2018-05-07 13:18:00,2018-05-14 22:08:26,2018-05-25 00:00:00,2018-05-03,2018-05-25 00:00:00.000000,2026-08-27T05:17:09.287600+00:00,D:/D drive recovery/Shiva JH/Projects/OneLake Medallion/data/landing/2018-05-03/orders.parquet,2018-05-03
6f4c22d6819340866bb330c97cb45c81,84af356c47c30a9754b1a35c0b29868e,delivered,2018-05-03 22:59:50,2018-05-03 23:10:47,2018-05-04 13:06:00,2018-05-10 22:32:19,2018-06-12 00:00:00,2018-05-03,2018-06-12 00:00:00.000000,2026-08-27T05:17:09.287600+00:00,D:/D drive recovery/Shiva JH/Projects/OneLake Medallion/data/landing/2018-05-03/orders.parquet,2018-05-03
efd36975d7d35f5e51dc4e13aabc0f2d,7deaed5d5dd5d3fa73d31d370ea7b0e8,delivered,2018-05-03 19:53:54,2018-05-05 03:33:43,2018-05-08 12:54:00,2018-05-15 21:07:48,2018-06-01 00:00:00,2018-05-03,2018-06-01 00:00:00.000000,2026-08-27T05:17:09.287600+00:00,D:/D drive recovery/Shiva JH/Projects/OneLake Medallion/data/landing/2018-05-03/orders.parquet,2018-05-03
2d8b7efa1e3e13012f43533582104eae,90fbd970f995af4a5657912fe4280b44,delivered,2018-05-03 23:35:50,2018-05-03 23:50:46,2018-05-04 14:05:00,2018-05-10 19:38:23,2018-05-21 00:00:00,2018-05-03,2018-05-21 00:00:00.000000,2026-08-27T05:17:09.287600+00:00,D:/D drive recovery/Shiva JH/Projects/OneLake Medallion/data/landing/2018-05-03/orders.parquet,2018-05-03
5d111a2da7b316aa34aadd1fb06b483a,d7ed9faec75b9d8aaca43b8c18b2f524,delivered,2018-05-15 16:14:42,2018-05-16 16:14:59,2018-05-18 13:22:00,2018-06-11 16:11:56,2018-06-05 00:00:00,2018-05-15,2018-06-11 16:11:56.000000,2026-08-27T05:17:09.287600+00:00,D:/D drive recovery/Shiva JH/Projects/OneLake Medallion/data/landing/2018-05-15/orders.parquet,2018-05-15
516b0fe870022210bab4e170fbf10ec1,843a1bf7449148a26bfcc7e20c644aeb,delivered,2018-05-15 15:54:42,2018-05-15 16:15:19,2018-05-16 14:22:00,2018-05-25 14:42:19,2018-06-08 00:00:00,2018-05-15,2018-06-08 00:00:00.000000,2026-08-27T05:17:09.287600+00:00,D:/D drive recovery/Shiva JH/Projects/OneLake Medallion/data/landing/2018-05-15/orders.parquet,2018-05-15
c4606ff4ac2ce55892c33ab655ee5562,cb22c91fe68a3acce2b5422770d38a9c,delivered,2018-05-15 21:27:35,2018-05-15 21:53:47,2018-05-21 14:53:00,2018-05-26 11:38:50,2018-05-29 00:00:00,2018-05-15,2018-05-29 00:00:00.000000,2026-08-27T05:17:09.287600+00:00,D:/D drive recovery/Shiva JH/Projects/OneLake Medallion/data/landing/2018-05-15/orders.parquet,2018-05-15
835dcecf534791041554b984434d72a0,4b4e0bd0381028a4284d82ad490dea77,delivered,2018-05-15 00:50:35,2018-05-15 01:16:10,2018-05-15 14:24:00,2018-05-16 16:32:18,2018-05-29 00:00:00,2018-05-15,2018-05-29 00:00:00.000000,2026-08-27T05:17:09.287600+00:00,D:/D drive recovery/Shiva JH/Projects/OneLake Medallion/data/landing/2018-05-15/orders.parquet,2018-05-15
4b9cf74b2132266bf6d3342a77342433,ff49e6d9cca102ee3a979a7712ca7859,delivered,2018-05-15 16:54:44,2018-05-15 17:55:28,2018-05-16 15:26:00,2018-05-18 18:22:35,2018-05-25 00:00:00,2018-05-15,2018-05-25 00:00:00.000000,2026-08-27T05:17:09.287600+00:00,D:/D drive recovery/Shiva JH/Projects/OneLake Medallion/data/landing/2018-05-15/orders.parquet,2018-05-15
46756e8b057947b9f69b5a70f084817f,8a76b80a516da668ff91dd7d197b7769,delivered,2018-06-08 20:39:16,2018-06-12 05:16:39,2018-06-13 10:03:00,2018-07-04 20:26:31,2018-07-11 00:00:00,2018-06-08,2018-07-11 00:00:00.000000,2026-08-27T05:17:09.287600+00:00,D:/D drive recovery/Shiva JH/Projects/OneLake Medallion/data/landing/2018-06-08/orders.parquet,2018-06-08
67237faa0d1a15c51811b4888270a4c2,3bf49ff295a43e42c29f70b2b63f914b,delivered,2018-06-08 19:32:28,2018-06-08 20:53:05,2018-06-11 07:15:00,2018-06-15 10:55:52,2018-07-03 00:00:00,2018-06-08,2018-07-03 00:00:00.000000,2026-08-27T05:17:09.287600+00:00,D:/D drive recovery/Shiva JH/Projects/OneLake Medallion/data/landing/2018-06-08/orders.parquet,2018-06-08
7d9bcfa3311de116da3d91d20236b5c5,2b27bad8990a7ce592c11a8f23a1700d,delivered,2018-06-08 07:40:32,2018-06-08 07:54:35,2018-06-11 14:29:00,2018-06-15 18:33:08,2018-07-11 00:00:00,2018-06-08,2018-07-11 00:00:00.000000,2026-08-27T05:17:09.287600+00:00,D:/D drive recovery/Shiva JH/Projects/OneLake Medallion/data/landing/2018-06-08/orders.parquet,2018-06-08
1b5616e7176516b92c005cf30da4dd69,11022f3b7869a59e9f21e745f89f6a52,delivered,2018-06-08 18:02:30,2018-06-08 20:42:08,2018-06-13 13:55:00,2018-06-18 21:22:56,2018-07-13 00:00:00,2018-06-08,2018-07-13 00:00:00.000000,2026-08-27T05:17:09.287600+00:00,D:/D drive recovery/Shiva JH/Projects/OneLake Medallion/data/landing/2018-06-08/orders.parquet,2018-06-08
1c05a65d4250595c0369fe2e5771f5a1,67d24edd143120f77f501ac5a2b2023e,delivered,2018-06-08 11:02:21,2018-06-08 11:17:16,2018-06-08 16:55:00,2018-06-22 23:08:50,2018-07-17 00:00:00,2018-06-08,2018-07-17 00:00:00.000000,2026-08-27T05:17:09.287600+00:00,D:/D drive recovery/Shiva JH/Projects/OneLake Medallion/data/landing/2018-06-08/orders.parquet,2018-06-08
ae24b4bd36760cf8c026d52448d408f1,e17f21a7f5dfaa820286567ccd5c96be,delivered,2018-06-20 18:39:47,2018-06-20 19:00:42,2018-06-21 12:46:00,2018-06-27 11:52:00,2018-07-20 00:00:00,2018-06-20,2018-07-20 00:00:00.000000,2026-08-27T05:17:09.287600+00:00,D:/D drive recovery/Shiva JH/Projects/OneLake Medallion/data/landing/2018-06-20/orders.parquet,2018-06-20
34b426d7bae7fa280beff9a3cda190da,9694eb57fcab7bd8fbbf7a174c9c0913,delivered,2018-06-20 22:51:39,2018-06-21 01:38:46,2018-06-21 17:17:00,2018-06-29 18:54:44,2018-07-26 00:00:00,2018-06-20,2018-07-26 00:00:00.000000,2026-08-27T05:17:09.287600+00:00,D:/D drive recovery/Shiva JH/Projects/OneLake Medallion/data/landing/2018-06-20/orders.parquet,2018-06-20
51122623ee1ccdaadbb6fcd95f077d8a,bfa4d52a5bd197fec9654daa897d31ff,delivered,2018-06-20 10:08:53,2018-06-20 10:44:04,2018-06-21 13:07:00,2018-06-25 18:21:46,2018-08-02 00:00:00,2018-06-20,2018-08-02 00:00:00.000000,2026-08-27T05:17:09.287600+00:00,D:/D drive recovery/Shiva JH/Projects/OneLake Medallion/data/landing/2018-06-20/orders.parquet,2018-06-20
719beedd6c2193b3e1e1ea1d2706eaf1,0839786620cd7ef6e2da4abca81ac42d,delivered,2018-06-20 14:02:25,2018-06-20 14:18:42,2018-06-20 13:32:00,2018-06-21 15:04:21,2018-07-05 00:00:00,2018-06-20,2018-07-05 00:00:00.000000,2026-08-27T05:17:09.287600+00:00,D:/D drive recovery/Shiva JH/Projects/OneLake Medallion/data/landing/2018-06-20/orders.parquet,2018-06-20
977f92d98cab7bb13fedbec436375f8d,1ae6cb85d1f8d6c71e80ec5ddd725e8d,delivered,2018-06-20 08:46:31,2018-06-20 09:20:20,2018-06-22 13:24:00,2018-06-27 17:38:44,2018-07-23 00:00:00,2018-06-20,2018-07-23 00:00:00.000000,2026-08-27T05:17:09.287600+00:00,D:/D drive recovery/Shiva JH/Projects/OneLake Medallion/data/landing/2018-06-20/orders.parquet,2018-06-20
77c34615b2963e4bf4b48d59da0eb5e1,06b74967617d6e12688e779fdc1a580c,delivered,2017-01-18 17:44:05,2017-01-18 19:05:09,2017-01-20 11:45:44,2017-01-31 10:41:44,2017-02-16 00:00:00,2017-01-18,2017-02-16 00:00:00.000000,2026-08-27T05:17:09.287600+00:00,D:/D drive recovery/Shiva JH/Projects/OneLake Medallion/data/landing/2017-01-18/orders.parquet,2017-01-18
4eb2ac97a426c7f771f8bb1ef6ba5771,fd006a53412328405bda07eb5f6be031,delivered,2017-02-11 18:33:28,2017-02-11 18:45:11,2017-02-13 11:25:36,2017-02-23 09:07:32,2017-03-22 00:00:00,2017-02-11,2017-03-22 00:00:00.000000,2026-08-27T05:17:09.287600+00:00,D:/D drive recovery/Shiva JH/Projects/OneLake Medallion/data/landing/2017-02-11/orders.parquet,2017-02-11
0af96849112c968e7764ac7f17e4f9f7,83921c0d0f7fbb56e05892c41d5a2445,delivered,2017-02-23 16:55:51,2017-02-24 06:50:49,2017-03-30 16:39:56,2017-04-05 09:48:08,2017-03-16 00:00:00,2017-02-23,2017-04-05 09:48:08.000000,2026-08-27T05:17:09.287600+00:00,D:/D drive recovery/Shiva JH/Projects/OneLake Medallion/data/landing/2017-02-23/orders.parquet,2017-02-23
7829c222faf130ddecd0a997d677da22,95142d0ca8d29234aab5a06ed0cb4288,delivered,2017-02-23 23:38:50,2017-02-25 02:22:30,2017-03-01 16:39:45,2017-03-10 09:54:41,2017-03-16 00:00:00,2017-02-23,2017-03-16 00:00:00.000000,2026-08-27T05:17:09.287600+00:00,D:/D drive recovery/Shiva JH/Projects/OneLake Medallion/data/landing/2017-02-23/orders.parquet,2017-02-23
29a3f9363409cd00a7860cb0e8d5c460,16b167f5424e2d0d097bf0abea502637,delivered,2017-02-23 12:20:44,2017-02-23 12:33:34,2017-02-24 08:29:04,2017-03-06 10:24:55,2017-03-24 00:00:00,2017-02-23,2017-03-24 00:00:00.000000,2026-08-27T05:17:09.287600+00:00,D:/D drive recovery/Shiva JH/Projects/OneLake Medallion/data/landing/2017-02-23/orders.parquet,2017-02-23
dd5ebf00c3d8b88a41ec9c8450ec59db,d5d929d5e3d3f1388463578a8516104f,delivered,2017-04-12 14:47:15,2017-04-12 14:55:20,2017-04-13 11:54:30,2017-04-18 12:27:13,2017-05-04 00:00:00,2017-04-12,2017-05-04 00:00:00.000000,2026-08-27T05:17:09.287600+00:00,D:/D drive recovery/Shiva JH/Projects/OneLake Medallion/data/landing/2017-04-12/orders.parquet,2017-04-12
2dc8ae13ff86f4dcefb60ddfbaf43df8,20e9296ee6e31e906dd832d82eed92ba,delivered,2017-04-24 22:09:33,2017-04-24 22:22:20,2017-04-27 11:09:21,2017-05-04 13:34:53,2017-05-19 00:00:00,2017-04-24,2017-05-19 00:00:00.000000,2026-08-27T05:17:09.287600+00:00,D:/D drive recovery/Shiva JH/Projects/OneLake Medallion/data/landing/2017-04-24/orders.parquet,2017-04-24
a4d63c74eb133a700461000c2e8df158,01541240e24ed7cc26a5e0dd60c57c30,delivered,2017-04-24 19:01:47,2017-04-24 19:15:12,2017-04-25 12:00:29,2017-05-12 18:27:05,2017-05-15 00:00:00,2017-04-24,2017-05-15 00:00:00.000000,2026-08-27T05:17:09.287600+00:00,D:/D drive recovery/Shiva JH/Projects/OneLake Medallion/data/landing/2017-04-24/orders.parquet,2017-04-24
af2adc7e31b52bdfe068cf60426b54b2,afd3f4f110c36e0ec5b412f4d30af5fc,delivered,2017-04-24 09:14:06,2017-04-27 10:32:39,2017-04-26 18:47:58,2017-05-02 17:24:56,2017-05-11 00:00:00,2017-04-24,2017-05-11 00:00:00.000000,2026-08-27T05:17:09.287600+00:00,D:/D drive recovery/Shiva JH/Projects/OneLake Medallion/data/landing/2017-04-24/orders.parquet,2017-04-24
21e37650ff5769ef4eaa10725322d871,b64a7bfbf3742d2e51dfa2ed80fbd7f8,delivered,2017-04-24 23:44:01,2017-04-26 09:32:28,2017-04-27 15:07:08,2017-05-04 15:34:57,2017-05-15 00:00:00,2017-04-24,2017-05-15 00:00:00.000000,2026-08-27T05:17:09.287600+00:00,D:/D drive recovery/Shiva JH/Projects/OneLake Medallion/data/landing/2017-04-24/orders.parquet,2017-04-24
41e4e97a46cf14b6cfef187c00668efd,1b04b941356cd2e418dbbab1a0a33348,delivered,2017-05-06 17:08:07,2017-05-06 17:22:01,2017-05-09 15:38:03,2017-05-18 14:52:11,2017-06-02 00:00:00,2017-05-06,2017-06-02 00:00:00.000000,2026-08-27T05:17:09.287600+00:00,D:/D drive recovery/Shiva JH/Projects/OneLake Medallion/data/landing/2017-05-06/orders.parquet,2017-05-06
6d928ae5792f61a71bb3e3e528bf4a28,d9d61633a0d9de07e5224885bbae0c7a,unavailable,2017-05-06 14:18:42,2017-05-06 14:25:22,,,2017-06-02 00:00:00,2017-05-06,2017-06-02 00:00:00.000000,2026-08-27T05:17:09.287600+00:00,D:/D drive recovery/Shiva JH/Projects/OneLake Medallion/data/landing/2017-05-06/orders.parquet,2017-05-06
ca8302550f63d763f285c7465c651803,6fe66b0e0a5c9fcd3404a54ce89ca33d,delivered,2017-05-06 16:13:45,2017-05-06 16:25:16,2017-05-08 11:43:59,2017-05-16 16:58:00,2017-05-29 00:00:00,2017-05-06,2017-05-29 00:00:00.000000,2026-08-27T05:17:09.287600+00:00,D:/D drive recovery/Shiva JH/Projects/OneLake Medallion/data/landing/2017-05-06/orders.parquet,2017-05-06
badff059f06914594e6477d1273478db,5fd0bf8a4bd7c3765f1f68324dcb2871,delivered,2017-05-06 13:20:39,2017-05-07 16:05:09,2017-05-10 09:53:42,2017-05-15 13:23:52,2017-06-02 00:00:00,2017-05-06,2017-06-02 00:00:00.000000,2026-08-27T05:17:09.287600+00:00,D:/D drive recovery/Shiva JH/Projects/OneLake Medallion/data/landing/2017-05-06/orders.parquet,2017-05-06
4307e89df5cb485b0b67e0f91025703f,4ef9da47696b0911b817923eece66552,delivered,2017-05-18 15:32:14,2017-05-18 15:42:35,2017-05-19 09:28:00,2017-05-26 14:39:24,2017-06-09 00:00:00,2017-05-18,2017-06-09 00:00:00.000000,2026-08-27T05:17:09.287600+00:00,D:/D drive recovery/Shiva JH/Projects/OneLake Medallion/data/landing/2017-05-18/orders.parquet,2017-05-18
b82b1a7017f4c904921dd5c6c6da8804,5e25cb6b455409373f96b0f1d947fd38,delivered,2017-05-30 22:46:05,2017-05-30 22:55:17,2017-06-05 14:18:07,2017-06-14 15:10:09,2017-06-29 00:00:00,2017-05-30,2017-06-29 00:00:00.000000,2026-08-27T05:17:09.287600+00:00,D:/D drive recovery/Shiva JH/Projects/OneLake Medallion/data/landing/2017-05-30/orders.parquet,2017-05-30
5433a0ef395e151f154279cd3fcde661,b2091c657df9c1f4566e2e1c2656a13a,processing,2017-06-11 05:05:03,2017-06-11 05:15:15,,,2017-07-07 00:00:00,2017-06-11,2017-07-07 00:00:00.000000,2026-08-27T05:17:09.287600+00:00,D:/D drive recovery/Shiva JH/Projects/OneLake Medallion/data/landing/2017-06-11/orders.parquet,2017-06-11
dda40954d6373d50d10f2b761c69ac7e,d8dc54bcf643ac8d462307f0260dce98,delivered,2017-06-11 18:11:40,2017-06-11 18:25:09,2017-06-14 08:14:04,2017-06-19 19:53:38,2017-07-14 00:00:00,2017-06-11,2017-07-14 00:00:00.000000,2026-08-27T05:17:09.287600+00:00,D:/D drive recovery/Shiva JH/Projects/OneLake Medallion/data/landing/2017-06-11/orders.parquet,2017-06-11
b0e26123a9efc3ad3ef191e50b262084,ff6e8a1efbf39f488ac2b10d12655083,delivered,2017-06-11 11:38:51,2017-06-12 14:50:22,2017-06-16 12:29:35,2017-06-26 15:18:53,2017-07-07 00:00:00,2017-06-11,2017-07-07 00:00:00.000000,2026-08-27T05:17:09.287600+00:00,D:/D drive recovery/Shiva JH/Projects/OneLake Medallion/data/landing/2017-06-11/orders.parquet,2017-06-11
50c71607b83f5edc9a65e7c7d9910b1a,d3a7f01174c7a3d2905734b89cacedad,delivered,2017-06-23 11:23:50,2017-06-23 11:35:14,2017-06-26 08:03:03,2017-06-30 15:27:34,2017-07-17 00:00:00,2017-06-23,2017-07-17 00:00:00.000000,2026-08-27T05:17:09.287600+00:00,D:/D drive recovery/Shiva JH/Projects/OneLake Medallion/data/landing/2017-06-23/orders.parquet,2017-06-23
1f32e76e92fc0ebf756639dad26ebaa9,f4dd96cb420c457ddfe5059609035b9f,delivered,2017-07-05 13:39:22,2017-07-07 02:46:03,2017-07-07 17:59:52,2017-07-10 19:57:28,2017-07-19 00:00:00,2017-07-05,2017-07-19 00:00:00.000000,2026-08-27T05:17:09.287600+00:00,D:/D drive recovery/Shiva JH/Projects/OneLake Medallion/data/landing/2017-07-05/orders.parquet,2017-07-05
6631941f15912a0be1a1951cfbfaf3f3,31c63ee7e8a9df22da8c412f9ce1f844,delivered,2017-07-05 21:55:49,2017-07-05 22:05:25,2017-07-07 14:43:32,2017-07-12 21:33:16,2017-07-25 00:00:00,2017-07-05,2017-07-25 00:00:00.000000,2026-08-27T05:17:09.287600+00:00,D:/D drive recovery/Shiva JH/Projects/OneLake Medallion/data/landing/2017-07-05/orders.parquet,2017-07-05
b60cb82db24efcb2f5d0df26426c3af2,075025f0dd1048d7ac30f7adc7483bba,delivered,2017-07-05 22:14:40,2017-07-05 22:25:28,2017-07-07 17:25:56,2017-07-25 22:47:44,2017-07-27 00:00:00,2017-07-05,2017-07-27 00:00:00.000000,2026-08-27T05:17:09.287600+00:00,D:/D drive recovery/Shiva JH/Projects/OneLake Medallion/data/landing/2017-07-05/orders.parquet,2017-07-05
c70715c3111d10111116543cfc29f3ca,f9428c2e5615ac4466e687dc636c8d04,delivered,2017-07-17 20:50:44,2017-07-17 21:03:31,2017-07-19 11:46:45,2017-07-25 22:33:46,2017-08-14 00:00:00,2017-07-17,2017-08-14 00:00:00.000000,2026-08-27T05:17:09.287600+00:00,D:/D drive recovery/Shiva JH/Projects/OneLake Medallion/data/landing/2017-07-17/orders.parquet,2017-07-17
e4bed70dad1c8ff6bfb51ce87e9df866,106be873d0f4092714a0d96b2d24885f,delivered,2017-07-17 15:01:34,2017-07-17 15:15:14,2017-07-19 11:37:50,2017-07-25 20:47:42,2017-08-09 00:00:00,2017-07-17,2017-08-09 00:00:00.000000,2026-08-27T05:17:09.287600+00:00,D:/D drive recovery/Shiva JH/Projects/OneLake Medallion/data/landing/2017-07-17/orders.parquet,2017-07-17
3087da82d2601b8b5d7eb062012632b3,ac1f604f3b8002ca9a9c980fb56beb97,delivered,2017-07-17 21:47:42,2017-07-19 03:55:28,2017-07-20 18:47:41,2017-07-26 00:11:19,2017-08-04 00:00:00,2017-07-17,2017-08-04 00:00:00.000000,2026-08-27T05:17:09.287600+00:00,D:/D drive recovery/Shiva JH/Projects/OneLake Medallion/data/landing/2017-07-17/orders.parquet,2017-07-17
e760cfb29c60e22956a48ad4c4e6a639,4d30781dc8b60e425f710376cfe61794,delivered,2017-07-17 19:34:59,2017-07-18 05:55:16,2017-07-21 11:52:56,2017-07-24 15:35:47,2017-07-28 00:00:00,2017-07-17,2017-07-28 00:00:00.000000,2026-08-27T05:17:09.287600+00:00,D:/D drive recovery/Shiva JH/Projects/OneLake Medallion/data/landing/2017-07-17/orders.parquet,2017-07-17
e69bfb5eb88e0ed6a785585b27e16dbf,31ad1d1b63eb9962463f764d4e6e0c9d,delivered,2017-07-29 11:55:02,2017-07-29 12:05:32,2017-08-10 19:45:24,2017-08-16 17:14:30,2017-08-23 00:00:00,2017-07-29,2017-08-23 00:00:00.000000,2026-08-27T05:17:09.287600+00:00,D:/D drive recovery/Shiva JH/Projects/OneLake Medallion/data/landing/2017-07-29/orders.parquet,2017-07-29
645d89884725deda9a632a1cd0658149,3ae18fc6a0dc28c2f6d1529288fed153,delivered,2017-07-29 13:21:34,2017-07-29 13:36:08,2017-07-31 19:12:59,2017-08-02 23:56:42,2017-08-22 00:00:00,2017-07-29,2017-08-22 00:00:00.000000,2026-08-27T05:17:09.287600+00:00,D:/D drive recovery/Shiva JH/Projects/OneLake Medallion/data/landing/2017-07-29/orders.parquet,2017-07-29
783c795ca45c01ac1ebe459d8c26751d,17d3670bca39b5c4cf9b10007975cbe3,delivered,2017-08-10 04:58:12,2017-08-10 06:43:31,2017-08-10 18:38:46,2017-08-15 17:14:55,2017-09-08 00:00:00,2017-08-10,2017-09-08 00:00:00.000000,2026-08-27T05:17:09.287600+00:00,D:/D drive recovery/Shiva JH/Projects/OneLake Medallion/data/landing/2017-08-10/orders.parquet,2017-08-10
5fbf3a364c57e553f502c5ee2a388da1,81c1b162b444c41613ad9285e92d6beb,delivered,2017-08-10 11:49:36,2017-08-11 12:04:07,2017-08-11 18:52:18,2017-08-22 18:54:05,2017-09-01 00:00:00,2017-08-10,2017-09-01 00:00:00.000000,2026-08-27T05:17:09.287600+00:00,D:/D drive recovery/Shiva JH/Projects/OneLake Medallion/data/landing/2017-08-10/orders.parquet,2017-08-10
f6d0018789810848d254ef989ed2108c,55df240e47344fa8542ff684aec523c9,delivered,2017-08-22 12:57:33,2017-08-23 02:46:55,2017-08-24 18:48:32,2017-08-29 19:29:05,2017-09-12 00:00:00,2017-08-22,2017-09-12 00:00:00.000000,2026-08-27T05:17:09.287600+00:00,D:/D drive recovery/Shiva JH/Projects/OneLake Medallion/data/landing/2017-08-22/orders.parquet,2017-08-22
e37400ea2216206cb88f2d8c87b4aa35,35c5fd514f5eed2913f71df5a01451f2,delivered,2017-08-22 21:03:27,2017-08-22 21:15:25,2017-08-23 20:34:12,2017-09-11 18:52:49,2017-09-18 00:00:00,2017-08-22,2017-09-18 00:00:00.000000,2026-08-27T05:17:09.287600+00:00,D:/D drive recovery/Shiva JH/Projects/OneLake Medallion/data/landing/2017-08-22/orders.parquet,2017-08-22
3deeaa4d253d9612fe55428163839325,fdf2f42ec3ca9c7b2443d1501ba9f0db,delivered,2017-08-22 15:08:05,2017-08-22 15:27:10,2017-08-24 16:43:28,2017-08-25 16:20:31,2017-09-04 00:00:00,2017-08-22,2017-09-04 00:00:00.000000,2026-08-27T05:17:09.287600+00:00,D:/D drive recovery/Shiva JH/Projects/OneLake Medallion/data/landing/2017-08-22/orders.parquet,2017-08-22
35c16e53e67eb73077166edd4aa57fd7,6386b128d8da7a17d76bbb5cb3e7a9da,delivered,2017-08-22 20:31:49,2017-08-22 20:46:35,2017-08-28 19:32:36,2017-09-05 20:17:45,2017-09-20 00:00:00,2017-08-22,2017-09-20 00:00:00.000000,2026-08-27T05:17:09.287600+00:00,D:/D drive recovery/Shiva JH/Projects/OneLake Medallion/data/landing/2017-08-22/orders.parquet,2017-08-22
fcaf5f5131e3480217cfa4c664cc8875,f7210514ea326661dffd19ab5b631bbf,delivered,2017-09-03 11:48:26,2017-09-03 12:04:03,2017-09-04 19:42:17,2017-09-14 19:43:00,2017-09-22 00:00:00,2017-09-03,2017-09-22 00:00:00.000000,2026-08-27T05:17:09.287600+00:00,D:/D drive recovery/Shiva JH/Projects/OneLake Medallion/data/landing/2017-09-03/orders.parquet,2017-09-03
b2831c53b9a182b11c1f4c1ffd6aa8e6,82223ce649c99d806610124e8793108a,delivered,2017-09-03 18:34:34,2017-09-03 18:50:20,2017-09-05 17:43:13,2017-09-11 18:28:10,2017-09-21 00:00:00,2017-09-03,2017-09-21 00:00:00.000000,2026-08-27T05:17:09.287600+00:00,D:/D drive recovery/Shiva JH/Projects/OneLake Medallion/data/landing/2017-09-03/orders.parquet,2017-09-03
e2b405ccb5839931cae6f89767eada9b,0056a2580b5c68cfa6b43c6ef6adbc03,delivered,2017-09-15 06:32:42,2017-09-15 06:45:08,2017-09-18 21:43:55,2017-09-26 19:10:25,2017-10-11 00:00:00,2017-09-15,2017-10-11 00:00:00.000000,2026-08-27T05:17:09.287600+00:00,D:/D drive recovery/Shiva JH/Projects/OneLake Medallion/data/landing/2017-09-15/orders.parquet,2017-09-15
8989fdd29d2925c7e819138db8e2ef90,5354b83a65dc73d7bdc243d0d7680383,delivered,2017-09-15 12:10:11,2017-09-15 12:25:08,2017-09-18 18:19:58,2017-09-27 16:32:20,2017-10-11 00:00:00,2017-09-15,2017-10-11 00:00:00.000000,2026-08-27T05:17:09.287600+00:00,D:/D drive recovery/Shiva JH/Projects/OneLake Medallion/data/landing/2017-09-15/orders.parquet,2017-09-15
8712dadcec00a4826a72ac3431a3ced1,1292d40b311ed71dfb5ee06f351b6fc1,delivered,2017-09-15 11:44:50,2017-09-16 02:55:54,2017-09-21 11:44:02,2017-10-03 22:42:09,2017-10-11 00:00:00,2017-09-15,2017-10-11 00:00:00.000000,2026-08-27T05:17:09.287600+00:00,D:/D drive recovery/Shiva JH/Projects/OneLake Medallion/data/landing/2017-09-15/orders.parquet,2017-09-15
9e50d6711cd120b8b6fecc98aca9d306,c9b87d9c9f40b48c6872a6bdc623ca72,delivered,2017-09-15 07:39:51,2017-09-15 07:50:08,2017-09-19 15:24:25,2017-09-20 22:03:52,2017-10-03 00:00:00,2017-09-15,2017-10-03 00:00:00.000000,2026-08-27T05:17:09.287600+00:00,D:/D drive recovery/Shiva JH/Projects/OneLake Medallion/data/landing/2017-09-15/orders.parquet,2017-09-15
8365dc5dc298b24c2dfa22b90c5df20e,d5c03540236fa0aaea6e730022ad76dc,delivered,2017-09-27 01:05:36,2017-09-27 01:14:14,2017-09-27 18:12:16,2017-10-04 17:25:23,2017-10-24 00:00:00,2017-09-27,2017-10-24 00:00:00.000000,2026-08-27T05:17:09.287600+00:00,D:/D drive recovery/Shiva JH/Projects/OneLake Medallion/data/landing/2017-09-27/orders.parquet,2017-09-27
4671212f0e4f559c957baffa7a97aec5,9ba47d5490ca6fbd03d9ba1ad552b215,delivered,2017-09-27 08:28:04,2017-09-28 03:05:17,2017-10-02 19:23:58,2017-10-09 21:47:52,2017-10-27 00:00:00,2017-09-27,2017-10-27 00:00:00.000000,2026-08-27T05:17:09.287600+00:00,D:/D drive recovery/Shiva JH/Projects/OneLake Medallion/data/landing/2017-09-27/orders.parquet,2017-09-27
e235f2f2440fa2abd4c0777a2fda1026,a521b24543a0798c2e47274b14267f40,delivered,2017-10-09 18:47:07,2017-10-09 19:49:23,2017-10-10 18:53:02,2017-10-16 21:03:50,2017-11-01 00:00:00,2017-10-09,2017-11-01 00:00:00.000000,2026-08-27T05:17:09.287600+00:00,D:/D drive recovery/Shiva JH/Projects/OneLake Medallion/data/landing/2017-10-09/orders.parquet,2017-10-09
232a2ccad012f3cb2ebe4ea479e0b1af,ddd680886f3e0df8eceaf99bd327495e,delivered,2017-10-09 10:51:59,2017-10-11 03:49:34,2017-10-11 18:22:27,2017-10-17 18:36:06,2017-11-01 00:00:00,2017-10-09,2017-11-01 00:00:00.000000,2026-08-27T05:17:09.287600+00:00,D:/D drive recovery/Shiva JH/Projects/OneLake Medallion/data/landing/2017-10-09/orders.parquet,2017-10-09
99d9290d68f3a7252778d4cfda7cd872,c6afa00b0ced2096920a19561088a577,delivered,2017-10-09 17:44:57,2017-10-10 21:49:37,2017-10-17 21:13:12,2017-10-20 22:10:18,2017-10-23 00:00:00,2017-10-09,2017-10-23 00:00:00.000000,2026-08-27T05:17:09.287600+00:00,D:/D drive recovery/Shiva JH/Projects/OneLake Medallion/data/landing/2017-10-09/orders.parquet,2017-10-09
189a53cf93264d51ff7b5a92601c7a34,ddf33cdfb2eb21f708dca32e2bf4299f,delivered,2017-10-21 11:52:47,2017-10-21 12:07:16,2017-10-23 20:10:15,2017-10-24 18:06:15,2017-11-03 00:00:00,2017-10-21,2017-11-03 00:00:00.000000,2026-08-27T05:17:09.287600+00:00,D:/D drive recovery/Shiva JH/Projects/OneLake Medallion/data/landing/2017-10-21/orders.parquet,2017-10-21
718db37c9161a7d6124c332ea8780b19,d71ad29a42d24318dd3059f288e2854e,delivered,2017-10-21 10:40:14,2017-10-21 10:49:29,2017-10-23 19:42:47,2017-10-27 21:51:59,2017-11-09 00:00:00,2017-10-21,2017-11-09 00:00:00.000000,2026-08-27T05:17:09.287600+00:00,D:/D drive recovery/Shiva JH/Projects/OneLake Medallion/data/landing/2017-10-21/orders.parquet,2017-10-21
3cf35e66383eac0fa651e99728d09c8c,71c5bb8cc5706d93c55624d75b9bcdd6,delivered,2017-10-21 23:49:20,2017-10-22 00:07:19,2017-10-23 18:58:05,2017-11-03 19:17:39,2017-11-14 00:00:00,2017-10-21,2017-11-14 00:00:00.000000,2026-08-27T05:17:09.287600+00:00,D:/D drive recovery/Shiva JH/Projects/OneLake Medallion/data/landing/2017-10-21/orders.parquet,2017-10-21
a82922658c32130591989ddab7111ed6,841cf7b045782b0ef207f4d8305ea6fc,delivered,2017-11-02 09:30:52,2017-11-02 09:45:18,2017-11-04 11:02:24,2017-11-09 20:09:34,2017-11-23 00:00:00,2017-11-02,2017-11-23 00:00:00.000000,2026-08-27T05:17:09.287600+00:00,D:/D drive recovery/Shiva JH/Projects/OneLake Medallion/data/landing/2017-11-02/orders.parquet,2017-11-02
be05142bba741bcf0fde07b5c9c40f48,96cb3c4020c63988bb978621e267e156,delivered,2017-11-02 14:40:11,2017-11-04 13:30:23,2017-11-07 18:55:33,2017-11-23 15:17:28,2017-11-23 00:00:00,2017-11-02,2017-11-23 15:17:28.000000,2026-08-27T05:17:09.287600+00:00,D:/D drive recovery/Shiva JH/Projects/OneLake Medallion/data/landing/2017-11-02/orders.parquet,2017-11-02
5683975334cf0cbd77e90d11c940b257,3c4426db9150769c092488058c9c59e5,delivered,2017-11-02 19:46:06,2017-11-02 20:05:16,2017-11-06 17:35:39,2017-11-14 20:44:15,2017-11-29 00:00:00,2017-11-02,2017-11-29 00:00:00.000000,2026-08-27T05:17:09.287600+00:00,D:/D drive recovery/Shiva JH/Projects/OneLake Medallion/data/landing/2017-11-02/orders.parquet,2017-11-02
935e2b59d8831e7e158e0a2bbf8f91c3,82f7ade78fed2e75bbdbbb5c9bfb5be2,delivered,2017-11-02 12:00:16,2017-11-02 12:10:21,2017-11-03 18:13:32,2017-11-17 16:35:57,2017-12-05 00:00:00,2017-11-02,2017-12-05 00:00:00.000000,2026-08-27T05:17:09.287600+00:00,D:/D drive recovery/Shiva JH/Projects/OneLake Medallion/data/landing/2017-11-02/orders.parquet,2017-11-02
b34eea540a919377d376dccd30ce2ac8,f52cd6ef242b7b7a48f5823b7dbb5758,delivered,2017-11-14 18:25:42,2017-11-14 18:35:31,2017-11-23 22:10:31,2017-12-08 00:18:54,2017-12-14 00:00:00,2017-11-14,2017-12-14 00:00:00.000000,2026-08-27T05:17:09.287600+00:00,D:/D drive recovery/Shiva JH/Projects/OneLake Medallion/data/landing/2017-11-14/orders.parquet,2017-11-14
14129c568e62c007ad8d334de62aca31,0d0df1aeacd390324f3efb6b9518c12a,delivered,2017-11-14 01:49:03,2017-11-15 02:46:35,2017-11-17 20:18:40,2017-11-22 21:22:08,2017-12-12 00:00:00,2017-11-14,2017-12-12 00:00:00.000000,2026-08-27T05:17:09.287600+00:00,D:/D drive recovery/Shiva JH/Projects/OneLake Medallion/data/landing/2017-11-14/orders.parquet,2017-11-14
e9f195e6586d8b704b5bd727b1a2f5dc,e593de7dced2583fb4bfedb1c60b7487,delivered,2017-11-14 20:37:53,2017-11-14 20:50:59,2017-11-16 19:32:09,2017-11-21 18:31:23,2017-11-28 00:00:00,2017-11-14,2017-11-28 00:00:00.000000,2026-08-27T05:17:09.287600+00:00,D:/D drive recovery/Shiva JH/Projects/OneLake Medallion/data/landing/2017-11-14/orders.parquet,2017-11-14
b8ed89bd3f1fe72244f0f616acdc7da1,284328d2432c45733c636d66d183dfd4,delivered,2017-11-26 09:30:30,2017-11-26 09:39:31,2017-12-05 01:29:43,2017-12-26 17:42:14,2017-12-19 00:00:00,2017-11-26,2017-12-26 17:42:14.000000,2026-08-27T05:17:09.287600+00:00,D:/D drive recovery/Shiva JH/Projects/OneLake Medallion/data/landing/2017-11-26/orders.parquet,2017-11-26
ccac33950ffc27cb905dbcdfb099494a,001574cd5824c0b1ea90dd4f4ba6d5b8,unavailable,2017-11-26 02:13:57,2017-11-26 02:30:13,,,2017-12-19 00:00:00,2017-11-26,2017-12-19 00:00:00.000000,2026-08-27T05:17:09.287600+00:00,D:/D drive recovery/Shiva JH/Projects/OneLake Medallion/data/landing/2017-11-26/orders.parquet,2017-11-26
340a0613ed37b5748a4b7b676676ca26,ac333d5a0b86f078e3e9e1bc82c7a292,delivered,2017-11-26 22:33:57,2017-11-26 22:52:58,2017-11-28 23:11:30,2017-12-11 22:17:10,2017-12-21 00:00:00,2017-11-26,2017-12-21 00:00:00.000000,2026-08-27T05:17:09.287600+00:00,D:/D drive recovery/Shiva JH/Projects/OneLake Medallion/data/landing/2017-11-26/orders.parquet,2017-11-26
725c8fc9683d4ff47be7ba7dd796d979,182330337736a67c471fc5cbbe74dd22,delivered,2017-11-26 12:29:26,2017-11-26 12:51:41,2017-11-28 18:12:27,2017-11-29 14:47:10,2017-12-11 00:00:00,2017-11-26,2017-12-11 00:00:00.000000,2026-08-27T05:17:09.287600+00:00,D:/D drive recovery/Shiva JH/Projects/OneLake Medallion/data/landing/2017-11-26/orders.parquet,2017-11-26
fa48ce5f6c4499293eecc423fde54476,44f7c335ef13543f17246fb1010edecd,delivered,2017-12-08 14:17:43,2017-12-08 14:34:01,2017-12-11 15:42:14,2017-12-12 20:42:34,2017-12-27 00:00:00,2017-12-08,2017-12-27 00:00:00.000000,2026-08-27T05:17:09.287600+00:00,D:/D drive recovery/Shiva JH/Projects/OneLake Medallion/data/landing/2017-12-08/orders.parquet,2017-12-08
3313dc446abbe2a29ae4ae064320b334,46f13d4403a64d1ef75101d62a10ba84,delivered,2017-12-08 12:52:47,2017-12-08 13:12:21,2017-12-12 23:09:11,2017-12-28 19:42:06,2018-01-11 00:00:00,2017-12-08,2018-01-11 00:00:00.000000,2026-08-27T05:17:09.287600+00:00,D:/D drive recovery/Shiva JH/Projects/OneLake Medallion/data/landing/2017-12-08/orders.parquet,2017-12-08
6b0bd2c2e59c7fb169874fbfeed4441a,8686c6f115aa4dddff8011037eea983c,delivered,2017-12-08 16:39:39,2017-12-08 16:53:25,2017-12-11 22:53:06,2017-12-15 22:47:43,2018-01-03 00:00:00,2017-12-08,2018-01-03 00:00:00.000000,2026-08-27T05:17:09.287600+00:00,D:/D drive recovery/Shiva JH/Projects/OneLake Medallion/data/landing/2017-12-08/orders.parquet,2017-12-08
b760bf468b4938da338e68c1b8dde052,8553d88145be6a0d43f86224cf5a70d2,delivered,2017-12-08 22:19:26,2017-12-08 22:30:28,2017-12-11 22:49:56,2017-12-14 17:15:57,2017-12-27 00:00:00,2017-12-08,2017-12-27 00:00:00.000000,2026-08-27T05:17:09.287600+00:00,D:/D drive recovery/Shiva JH/Projects/OneLake Medallion/data/landing/2017-12-08/orders.parquet,2017-12-08
8ac2ceafa1fab841f94e5bf768847e0b,d6733c80dfffc912d8b351b82faf8879,delivered,2017-12-08 09:52:48,2017-12-08 10:10:48,2017-12-08 19:09:25,2017-12-19 14:17:37,2018-01-08 00:00:00,2017-12-08,2018-01-08 00:00:00.000000,2026-08-27T05:17:09.287600+00:00,D:/D drive recovery/Shiva JH/Projects/OneLake Medallion/data/landing/2017-12-08/orders.parquet,2017-12-08
a35b086d9dfac1991ee12dd08387c3df,5d146952f0acdbd826edb7fd2fe0e7b0,invoiced,2017-12-08 23:08:08,2017-12-08 23:18:24,,,2018-01-16 00:00:00,2017-12-08,2018-01-16 00:00:00.000000,2026-08-27T05:17:09.287600+00:00,D:/D drive recovery/Shiva JH/Projects/OneLake Medallion/data/landing/2017-12-08/orders.parquet,2017-12-08
ea5b2c0d002d415e1c5e7d7f39c831f5,ab923b33a7bb81c8348b97b5276ab0cf,delivered,2017-12-08 19:35:11,2017-12-08 19:52:13,2017-12-11 20:48:42,2018-01-04 01:05:42,2018-01-08 00:00:00,2017-12-08,2018-01-08 00:00:00.000000,2026-08-27T05:17:09.287600+00:00,D:/D drive recovery/Shiva JH/Projects/OneLake Medallion/data/landing/2017-12-08/orders.parquet,2017-12-08
fd01599ab4ac4b1c1f5a5d16a7871d72,ca5004c4b586150e829d092c536c0d83,unavailable,2017-12-08 09:45:27,2017-12-09 02:49:58,,,2018-01-11 00:00:00,2017-12-08,2018-01-11 00:00:00.000000,2026-08-27T05:17:09.287600+00:00,D:/D drive recovery/Shiva JH/Projects/OneLake Medallion/data/landing/2017-12-08/orders.parquet,2017-12-08
6fa44c0aa6e74a2ded90c2657778e81d,5b7bfabf53d9b35dbe720771057d834b,delivered,2017-12-08 12:02:00,2017-12-09 02:49:49,2017-12-12 14:44:47,2017-12-23 15:35:48,2018-01-03 00:00:00,2017-12-08,2018-01-03 00:00:00.000000,2026-08-27T05:17:09.287600+00:00,D:/D drive recovery/Shiva JH/Projects/OneLake Medallion/data/landing/2017-12-08/orders.parquet,2017-12-08
1c0f9417f551a547f89b1451b15d1756,ae90d6c9a67541bebe0fb08a9f19b124,delivered,2017-12-20 12:49:44,2017-12-20 12:57:35,2018-01-03 17:37:21,2018-01-03 23:56:50,2018-01-09 00:00:00,2017-12-20,2018-01-09 00:00:00.000000,2026-08-27T05:17:09.287600+00:00,D:/D drive recovery/Shiva JH/Projects/OneLake Medallion/data/landing/2017-12-20/orders.parquet,2017-12-20
cb61ea5ecf3a762ee7460dc23d50fffd,2d5e77fae689aee9992cc9669cb61710,delivered,2017-12-20 15:14:25,2017-12-20 15:31:27,2017-12-21 23:13:42,2017-12-22 20:17:13,2018-01-09 00:00:00,2017-12-20,2018-01-09 00:00:00.000000,2026-08-27T05:17:09.287600+00:00,D:/D drive recovery/Shiva JH/Projects/OneLake Medallion/data/landing/2017-12-20/orders.parquet,2017-12-20
dacce96767ea2ce331e38a5ebcac5f25,315f814caff07be0d7cf52346a07adf1,delivered,2018-01-13 18:32:59,2018-01-13 18:49:53,2018-01-19 14:52:00,2018-01-27 12:48:58,2018-02-09 00:00:00,2018-01-13,2018-02-09 00:00:00.000000,2026-08-27T05:17:09.287600+00:00,D:/D drive recovery/Shiva JH/Projects/OneLake Medallion/data/landing/2018-01-13/orders.parquet,2018-01-13
4bd03dd6a8e45ca2f88013cf71bd22f8,28010f664ab68f8a7a67b4d249f46291,delivered,2018-01-13 21:44:25,2018-01-16 03:34:48,2018-01-16 23:42:56,2018-01-25 16:12:16,2018-02-15 00:00:00,2018-01-13,2018-02-15 00:00:00.000000,2026-08-27T05:17:09.287600+00:00,D:/D drive recovery/Shiva JH/Projects/OneLake Medallion/data/landing/2018-01-13/orders.parquet,2018-01-13
b1503f3f344c66cf0a3bdc1e2a6e3fcb,698c9575d3f2b6fd6cd368475a5cf865,delivered,2018-01-13 22:30:17,2018-01-13 22:39:24,2018-01-15 15:46:54,2018-01-24 22:44:36,2018-02-09 00:00:00,2018-01-13,2018-02-09 00:00:00.000000,2026-08-27T05:17:09.287600+00:00,D:/D drive recovery/Shiva JH/Projects/OneLake Medallion/data/landing/2018-01-13/orders.parquet,2018-01-13
c12a7300c1fdbd202faf783e3010203e,71bf942d4b32f3f76c91966ad20c076b,delivered,2018-01-13 00:07:22,2018-01-16 03:38:53,2018-01-19 21:29:35,2018-01-22 18:38:52,2018-01-30 00:00:00,2018-01-13,2018-01-30 00:00:00.000000,2026-08-27T05:17:09.287600+00:00,D:/D drive recovery/Shiva JH/Projects/OneLake Medallion/data/landing/2018-01-13/orders.parquet,2018-01-13
3be8a1f84b766b7847d066e09de464c7,ae341c5b6723efe9e02c3b351028b644,delivered,2018-01-25 14:50:14,2018-01-26 14:39:27,2018-02-01 01:13:12,2018-02-16 17:44:03,2018-02-20 00:00:00,2018-01-25,2018-02-20 00:00:00.000000,2026-08-27T05:17:09.287600+00:00,D:/D drive recovery/Shiva JH/Projects/OneLake Medallion/data/landing/2018-01-25/orders.parquet,2018-01-25
a146dffb3f8c4214018779b35f997a91,ad7d82affb4396f40783dde4471877f6,delivered,2018-01-25 13:49:35,2018-01-25 14:19:52,2018-01-26 19:17:49,2018-01-29 22:58:37,2018-02-09 00:00:00,2018-01-25,2018-02-09 00:00:00.000000,2026-08-27T05:17:09.287600+00:00,D:/D drive recovery/Shiva JH/Projects/OneLake Medallion/data/landing/2018-01-25/orders.parquet,2018-01-25
9706ebea892b263fa7c4c09c658ff5fb,c64dc07e4160bcc4089e133f004f5aa8,delivered,2018-01-25 19:34:00,2018-01-26 19:31:28,2018-02-09 14:47:51,2018-02-09 22:58:37,2018-02-14 00:00:00,2018-01-25,2018-02-14 00:00:00.000000,2026-08-27T05:17:09.287600+00:00,D:/D drive recovery/Shiva JH/Projects/OneLake Medallion/data/landing/2018-01-25/orders.parquet,2018-01-25
6010e18fb4f51bda7cdf59826fb9157e,d26d39021910c806c4dae58d3b287f4c,delivered,2018-01-25 00:33:55,2018-01-25 00:53:18,2018-01-25 20:27:17,2018-01-29 21:26:53,2018-02-19 00:00:00,2018-01-25,2018-02-19 00:00:00.000000,2026-08-27T05:17:09.287600+00:00,D:/D drive recovery/Shiva JH/Projects/OneLake Medallion/data/landing/2018-01-25/orders.parquet,2018-01-25
e154274f8d5b5bcef8bb9f51a54b218a,3088d567d9a1e008db4e3be276708b80,delivered,2018-02-06 16:50:48,2018-02-06 17:11:17,2018-02-07 20:42:44,2018-02-19 18:47:01,2018-03-07 00:00:00,2018-02-06,2018-03-07 00:00:00.000000,2026-08-27T05:17:09.287600+00:00,D:/D drive recovery/Shiva JH/Projects/OneLake Medallion/data/landing/2018-02-06/orders.parquet,2018-02-06
e48b8d245a4e83db60a76367fe7ffad2,041d75798215fd7ebffd6cf6b60bfac5,delivered,2018-02-06 09:58:36,2018-02-06 10:11:42,2018-02-09 21:12:59,2018-02-21 15:47:43,2018-03-02 00:00:00,2018-02-06,2018-03-02 00:00:00.000000,2026-08-27T05:17:09.287600+00:00,D:/D drive recovery/Shiva JH/Projects/OneLake Medallion/data/landing/2018-02-06/orders.parquet,2018-02-06
4f0db42a25e38b5376a4e33b5cd42687,75cd2e0c7dc1e1a9842fc85a6bbcccf9,delivered,2018-02-06 18:32:55,2018-02-06 18:55:02,2018-02-09 17:38:40,2018-03-05 20:09:34,2018-03-14 00:00:00,2018-02-06,2018-03-14 00:00:00.000000,2026-08-27T05:17:09.287600+00:00,D:/D drive recovery/Shiva JH/Projects/OneLake Medallion/data/landing/2018-02-06/orders.parquet,2018-02-06
01cf88c5fb4298435526a5995720807a,a1f63365b87dc9cebf0baa24bc8c6b7e,delivered,2018-02-06 09:47:52,2018-02-06 10:11:45,2018-02-09 13:56:45,2018-02-14 20:49:07,2018-02-22 00:00:00,2018-02-06,2018-02-22 00:00:00.000000,2026-08-27T05:17:09.287600+00:00,D:/D drive recovery/Shiva JH/Projects/OneLake Medallion/data/landing/2018-02-06/orders.parquet,2018-02-06
f5370142612f3aa9c1a437ba6eb45b97,6ef60f4d41c7d80a8bb7b0a986033508,delivered,2018-02-06 21:10:07,2018-02-06 21:29:43,2018-02-07 18:59:00,2018-02-19 14:23:07,2018-03-13 00:00:00,2018-02-06,2018-03-13 00:00:00.000000,2026-08-27T05:17:09.287600+00:00,D:/D drive recovery/Shiva JH/Projects/OneLake Medallion/data/landing/2018-02-06/orders.parquet,2018-02-06
c93d6b0cbd51a29939f48107e4a7425e,4d45302cfb4e0c6404ebe65cbcaaa83c,delivered,2018-02-06 12:15:37,2018-02-07 03:10:47,2018-02-08 14:07:59,2018-02-19 13:14:54,2018-03-02 00:00:00,2018-02-06,2018-03-02 00:00:00.000000,2026-08-27T05:17:09.287600+00:00,D:/D drive recovery/Shiva JH/Projects/OneLake Medallion/data/landing/2018-02-06/orders.parquet,2018-02-06
ae0851574e3bcaba4df53c0b546b470e,ae46bcd05dcc4baeeca717033e5cf4da,delivered,2018-02-06 20:35:07,2018-02-06 20:50:39,2018-02-20 22:50:25,2018-03-15 16:32:26,2018-03-29 00:00:00,2018-02-06,2018-03-29 00:00:00.000000,2026-08-27T05:17:09.287600+00:00,D:/D drive recovery/Shiva JH/Projects/OneLake Medallion/data/landing/2018-02-06/orders.parquet,2018-02-06
cd664e197521a82f89b34d1af4af7aa0,b5f533f7de4aaed81593a76fcf108929,delivered,2018-03-02 10:01:27,2018-03-02 10:10:51,2018-03-06 00:29:56,2018-03-06 17:41:49,2018-03-14 00:00:00,2018-03-02,2018-03-14 00:00:00.000000,2026-08-27T05:17:09.287600+00:00,D:/D drive recovery/Shiva JH/Projects/OneLake Medallion/data/landing/2018-03-02/orders.parquet,2018-03-02
98118a946846ed39501f78fef6ff3ea7,16a2e2b2a97824fa864facd6f2d0d6ae,delivered,2018-03-02 22:33:06,2018-03-02 22:55:34,2018-03-06 02:45:29,2018-03-09 17:24:46,2018-03-16 00:00:00,2018-03-02,2018-03-16 00:00:00.000000,2026-08-27T05:17:09.287600+00:00,D:/D drive recovery/Shiva JH/Projects/OneLake Medallion/data/landing/2018-03-02/orders.parquet,2018-03-02
621de62735eae3ffa4affa5e73d860db,422290a11dc46ec8ca6fb7e6bd45dd1b,delivered,2018-03-02 17:47:38,2018-03-02 18:09:31,2018-03-06 19:53:14,2018-04-03 21:12:26,2018-03-23 00:00:00,2018-03-02,2018-04-03 21:12:26.000000,2026-08-27T05:17:09.287600+00:00,D:/D drive recovery/Shiva JH/Projects/OneLake Medallion/data/landing/2018-03-02/orders.parquet,2018-03-02
bf61d525b7c099d79f6e3bbbd7a4aec9,f882d8943a6e76b0876c6affb9ac2dfb,delivered,2018-03-02 16:59:19,2018-03-02 17:10:48,2018-03-05 19:17:34,2018-03-10 01:38:47,2018-03-22 00:00:00,2018-03-02,2018-03-22 00:00:00.000000,2026-08-27T05:17:09.287600+00:00,D:/D drive recovery/Shiva JH/Projects/OneLake Medallion/data/landing/2018-03-02/orders.parquet,2018-03-02
84ca1ce0b502782387a2afcd5a8e9356,52a893aacffbc06f9c3016e3664c745b,delivered,2018-03-02 13:08:30,2018-03-03 02:51:11,2018-03-06 01:52:46,2018-03-16 17:51:59,2018-03-20 00:00:00,2018-03-02,2018-03-20 00:00:00.000000,2026-08-27T05:17:09.287600+00:00,D:/D drive recovery/Shiva JH/Projects/OneLake Medallion/data/landing/2018-03-02/orders.parquet,2018-03-02
aaa4688b6d2e4d20b2ffc6d97723ea63,827ec074a70a7c08c2b9e7af20bf0287,delivered,2018-03-02 09:43:02,2018-03-02 09:55:24,2018-03-06 19:41:47,2018-04-02 19:25:45,2018-03-23 00:00:00,2018-03-02,2018-04-02 19:25:45.000000,2026-08-27T05:17:09.287600+00:00,D:/D drive recovery/Shiva JH/Projects/OneLake Medallion/data/landing/2018-03-02/orders.parquet,2018-03-02
89fa4e94189a9acfa88b8d22f4513035,cf7f629389df05c279179f3e158d506c,delivered,2018-03-02 12:19:51,2018-03-02 12:30:53,2018-03-02 21:58:32,2018-03-05 20:54:59,2018-03-14 00:00:00,2018-03-02,2018-03-14 00:00:00.000000,2026-08-27T05:17:09.287600+00:00,D:/D drive recovery/Shiva JH/Projects/OneLake Medallion/data/landing/2018-03-02/orders.parquet,2018-03-02
531abf2d5cc78f7a49d9ba560cbbfe7a,ae98a844ca4fe6653961f85c51adca40,delivered,2018-03-02 16:21:33,2018-03-02 16:31:50,2018-03-27 16:53:08,2018-04-02 19:24:46,2018-03-26 00:00:00,2018-03-02,2018-04-02 19:24:46.000000,2026-08-27T05:17:09.287600+00:00,D:/D drive recovery/Shiva JH/Projects/OneLake Medallion/data/landing/2018-03-02/orders.parquet,2018-03-02
4f8a2144278d625038f8d55d5a334d93,24e1a42b856457e1d82e583454007f41,delivered,2018-03-02 12:26:22,2018-03-03 02:35:37,2018-03-06 20:24:30,2018-03-15 23:58:43,2018-03-26 00:00:00,2018-03-02,2018-03-26 00:00:00.000000,2026-08-27T05:17:09.287600+00:00,D:/D drive recovery/Shiva JH/Projects/OneLake Medallion/data/landing/2018-03-02/orders.parquet,2018-03-02
6c3b9813e98d409d3af5da143efbd2d7,d938f73683a2702cbef83047c31c611f,delivered,2018-03-14 22:08:40,2018-03-16 03:45:35,2018-03-20 00:50:39,2018-03-23 14:52:31,2018-04-10 00:00:00,2018-03-14,2018-04-10 00:00:00.000000,2026-08-27T05:17:09.287600+00:00,D:/D drive recovery/Shiva JH/Projects/OneLake Medallion/data/landing/2018-03-14/orders.parquet,2018-03-14
4810bc72b32b9b06d7962b3c645faea2,7f2b3135700ee34aabe5bb580cd04ddd,delivered,2018-03-26 18:36:31,2018-03-26 18:47:25,2018-03-28 17:18:26,2018-04-13 21:26:51,2018-04-24 00:00:00,2018-03-26,2018-04-24 00:00:00.000000,2026-08-27T05:17:09.287600+00:00,D:/D drive recovery/Shiva JH/Projects/OneLake Medallion/data/landing/2018-03-26/orders.parquet,2018-03-26
4ffd41fadb59bd398d869be78f1b2be3,cb3f24783eb4c4a37cfd6e35b41f3e4c,unavailable,2018-03-26 09:37:59,2018-03-26 21:47:35,,,2018-04-10 00:00:00,2018-03-26,2018-04-10 00:00:00.000000,2026-08-27T05:17:09.287600+00:00,D:/D drive recovery/Shiva JH/Projects/OneLake Medallion/data/landing/2018-03-26/orders.parquet,2018-03-26
d9bb91a82e6e6e885f8509496e458d53,536603155646700bde88157ff0b59d87,delivered,2018-03-26 16:03:40,2018-03-26 16:15:17,2018-03-27 17:56:35,2018-03-29 20:09:27,2018-04-20 00:00:00,2018-03-26,2018-04-20 00:00:00.000000,2026-08-27T05:17:09.287600+00:00,D:/D drive recovery/Shiva JH/Projects/OneLake Medallion/data/landing/2018-03-26/orders.parquet,2018-03-26
e519605fdd48a30db0db34bd66f8502e,2edd9cee1db6ad3a898c7d9daff1830d,delivered,2018-03-26 14:24:48,2018-03-26 14:35:29,2018-03-28 03:52:24,2018-03-29 22:24:43,2018-04-06 00:00:00,2018-03-26,2018-04-06 00:00:00.000000,2026-08-27T05:17:09.287600+00:00,D:/D drive recovery/Shiva JH/Projects/OneLake Medallion/data/landing/2018-03-26/orders.parquet,2018-03-26
6e984cc45e3698b95c45d087ca569b62,38f7dc3b17231de62864ecde86d9ad28,delivered,2018-03-26 13:11:28,2018-03-26 14:15:40,2018-03-28 15:12:27,2018-04-03 00:35:33,2018-04-12 00:00:00,2018-03-26,2018-04-12 00:00:00.000000,2026-08-27T05:17:09.287600+00:00,D:/D drive recovery/Shiva JH/Projects/OneLake Medallion/data/landing/2018-03-26/orders.parquet,2018-03-26
97f5d9e6ef81b10425e390ed53165124,06141f8e944874ca3909311c370f2830,delivered,2018-03-26 21:42:12,2018-03-26 21:50:22,2018-03-27 19:48:36,2018-04-05 17:52:04,2018-04-24 00:00:00,2018-03-26,2018-04-24 00:00:00.000000,2026-08-27T05:17:09.287600+00:00,D:/D drive recovery/Shiva JH/Projects/OneLake Medallion/data/landing/2018-03-26/orders.parquet,2018-03-26
056905f3e09ca68fc9ed4780498db866,18badabf25972a66874bea0871fb9dd6,delivered,2018-04-07 17:15:59,2018-04-08 17:10:20,2018-04-10 23:02:27,2018-04-17 23:24:32,2018-04-30 00:00:00,2018-04-07,2018-04-30 00:00:00.000000,2026-08-27T05:17:09.287600+00:00,D:/D drive recovery/Shiva JH/Projects/OneLake Medallion/data/landing/2018-04-07/orders.parquet,2018-04-07
438dad6fa6e9ce3c50e4497b4232c7ce,7bf292ff5a207037c946ce46a12e8d7b,delivered,2018-04-19 16:11:59,2018-04-19 16:58:08,2018-04-20 20:03:36,2018-04-26 18:12:34,2018-05-18 00:00:00,2018-04-19,2018-05-18 00:00:00.000000,2026-08-27T05:17:09.287600+00:00,D:/D drive recovery/Shiva JH/Projects/OneLake Medallion/data/landing/2018-04-19/orders.parquet,2018-04-19
acd45245723df7cb52772a34416b41b1,486ce94ccf26c511ab93d31fefd5de0e,delivered,2018-04-19 19:44:47,2018-04-19 20:10:40,2018-04-20 22:24:23,2018-05-07 16:48:43,2018-05-10 00:00:00,2018-04-19,2018-05-10 00:00:00.000000,2026-08-27T05:17:09.287600+00:00,D:/D drive recovery/Shiva JH/Projects/OneLake Medallion/data/landing/2018-04-19/orders.parquet,2018-04-19
7df4a1e4f63494920c5e53da93a08183,35dd14f3ffded4b92a1569a0ee3e6d1d,delivered,2018-04-19 11:43:20,2018-04-19 12:34:15,2018-04-20 22:28:31,2018-05-04 20:08:54,2018-05-15 00:00:00,2018-04-19,2018-05-15 00:00:00.000000,2026-08-27T05:17:09.287600+00:00,D:/D drive recovery/Shiva JH/Projects/OneLake Medallion/data/landing/2018-04-19/orders.parquet,2018-04-19
08921fc98ee1dc54454ae8af90493c44,73f6f07cecb177c52aafb9ddd4b4b448,delivered,2018-04-19 01:10:02,2018-04-19 01:30:15,2018-04-19 18:03:42,2018-04-20 18:52:35,2018-05-08 00:00:00,2018-04-19,2018-05-08 00:00:00.000000,2026-08-27T05:17:09.287600+00:00,D:/D drive recovery/Shiva JH/Projects/OneLake Medallion/data/landing/2018-04-19/orders.parquet,2018-04-19
ffa2d919ed5fc1b6661b89904ef71b88,8c33b5139e4f68d40b1e97f12fd40d5b,delivered,2018-04-19 14:42:19,2018-04-19 14:57:41,2018-04-20 21:11:43,2018-04-30 23:52:28,2018-05-11 00:00:00,2018-04-19,2018-05-11 00:00:00.000000,2026-08-27T05:17:09.287600+00:00,D:/D drive recovery/Shiva JH/Projects/OneLake Medallion/data/landing/2018-04-19/orders.parquet,2018-04-19
c20fa8783cbf98de30a8cc0dc7b99bd1,ec7bace5c0ee787e5b521382ae27a112,delivered,2018-04-19 11:07:17,2018-04-20 07:32:10,2018-04-20 20:18:33,2018-04-24 18:52:43,2018-05-04 00:00:00,2018-04-19,2018-05-04 00:00:00.000000,2026-08-27T05:17:09.287600+00:00,D:/D drive recovery/Shiva JH/Projects/OneLake Medallion/data/landing/2018-04-19/orders.parquet,2018-04-19
7fb4133c98efb5fcb56807cb759420b2,eba7fb02fe489dbf58e31d9bddcbf1f9,delivered,2018-04-19 14:27:42,2018-04-19 14:35:41,2018-04-20 17:58:48,2018-04-26 15:42:35,2018-05-18 00:00:00,2018-04-19,2018-05-18 00:00:00.000000,2026-08-27T05:17:09.287600+00:00,D:/D drive recovery/Shiva JH/Projects/OneLake Medallion/data/landing/2018-04-19/orders.parquet,2018-04-19
43d8b54629756a38a418dfef248957c2,00e20d0af2000bc5415d945981b3bd31,delivered,2018-05-01 22:36:31,2018-05-01 22:55:25,2018-05-02 15:15:00,2018-05-08 13:43:52,2018-05-28 00:00:00,2018-05-01,2018-05-28 00:00:00.000000,2026-08-27T05:17:09.287600+00:00,D:/D drive recovery/Shiva JH/Projects/OneLake Medallion/data/landing/2018-05-01/orders.parquet,2018-05-01
073180167c8aee312e8be08892989244,3e0e46689729c9a45b4677912c7e6f8c,delivered,2018-05-01 10:48:46,2018-05-03 04:12:55,2018-05-03 15:02:00,2018-05-04 23:42:51,2018-05-15 00:00:00,2018-05-01,2018-05-15 00:00:00.000000,2026-08-27T05:17:09.287600+00:00,D:/D drive recovery/Shiva JH/Projects/OneLake Medallion/data/landing/2018-05-01/orders.parquet,2018-05-01
96e9519c799bb41c1cf7b3992b63219e,7cc29bd694a82357723df9961ab7d3a6,delivered,2018-05-01 21:17:14,2018-05-01 21:36:02,2018-05-03 07:04:00,2018-05-07 19:37:41,2018-05-25 00:00:00,2018-05-01,2018-05-25 00:00:00.000000,2026-08-27T05:17:09.287600+00:00,D:/D drive recovery/Shiva JH/Projects/OneLake Medallion/data/landing/2018-05-01/orders.parquet,2018-05-01
a98012aa8c697f2bcff9f8c2183e0f2b,3e337c99e0f5ff7ba9a4b98fbf7412fd,delivered,2018-05-13 22:50:32,2018-05-13 23:11:49,2018-05-14 11:49:00,2018-05-18 22:46:45,2018-06-01 00:00:00,2018-05-13,2018-06-01 00:00:00.000000,2026-08-27T05:17:09.287600+00:00,D:/D drive recovery/Shiva JH/Projects/OneLake Medallion/data/landing/2018-05-13/orders.parquet,2018-05-13
088858a852d62de0c175c9cc4bc0ddb6,c49ddc57f4de85a5c7694bf37f9b525d,delivered,2018-05-13 13:35:03,2018-05-13 13:52:16,2018-05-15 09:06:00,2018-05-17 21:19:51,2018-05-28 00:00:00,2018-05-13,2018-05-28 00:00:00.000000,2026-08-27T05:17:09.287600+00:00,D:/D drive recovery/Shiva JH/Projects/OneLake Medallion/data/landing/2018-05-13/orders.parquet,2018-05-13
76ce04fb3a0994fef44ec461d940f026,9293900075a031646a28dd6dae3c8081,delivered,2018-05-13 00:09:15,2018-05-13 00:35:05,2018-05-15 14:53:00,2018-05-21 13:48:18,2018-06-19 00:00:00,2018-05-13,2018-06-19 00:00:00.000000,2026-08-27T05:17:09.287600+00:00,D:/D drive recovery/Shiva JH/Projects/OneLake Medallion/data/landing/2018-05-13/orders.parquet,2018-05-13
02b089f5e85ee9c52935ede2207b13e7,cc3ad3a7d08c4d7263a50d076f10e43b,delivered,2018-05-13 13:15:36,2018-05-13 13:33:26,2018-05-15 13:43:00,2018-05-19 01:31:36,2018-05-23 00:00:00,2018-05-13,2018-05-23 00:00:00.000000,2026-08-27T05:17:09.287600+00:00,D:/D drive recovery/Shiva JH/Projects/OneLake Medallion/data/landing/2018-05-13/orders.parquet,2018-05-13
f771f4b3d070d0621bf89b9b66dbe8f1,14c9e6498aa74319453b31322c0dea82,delivered,2018-05-13 11:30:52,2018-05-13 11:52:31,2018-05-14 14:39:00,2018-05-22 22:38:49,2018-06-04 00:00:00,2018-05-13,2018-06-04 00:00:00.000000,2026-08-27T05:17:09.287600+00:00,D:/D drive recovery/Shiva JH/Projects/OneLake Medallion/data/landing/2018-05-13/orders.parquet,2018-05-13
e130d3f737127ae52681b9338aea9b64,b9da524b08224eaff1bf76ef4d4299ac,delivered,2018-05-25 14:41:25,2018-05-26 10:19:15,2018-05-28 13:48:00,2018-06-05 09:02:36,2018-06-19 00:00:00,2018-05-25,2018-06-19 00:00:00.000000,2026-08-27T05:17:09.287600+00:00,D:/D drive recovery/Shiva JH/Projects/OneLake Medallion/data/landing/2018-05-25/orders.parquet,2018-05-25
954432a2b2661b54eac000446dfde330,c9f75fdd6934fe7d0fa4bab85e2c73b6,delivered,2018-05-25 18:06:56,2018-05-25 18:18:33,2018-05-28 15:55:00,2018-06-04 20:12:40,2018-06-20 00:00:00,2018-05-25,2018-06-20 00:00:00.000000,2026-08-27T05:17:09.287600+00:00,D:/D drive recovery/Shiva JH/Projects/OneLake Medallion/data/landing/2018-05-25/orders.parquet,2018-05-25
52dad0f7bc913b9f6bee5df584adeffb,c4b8258f6561d47376f6b321e3e326e6,delivered,2018-06-06 14:01:53,2018-06-07 13:57:46,2018-06-07 12:41:00,2018-06-12 16:27:00,2018-07-17 00:00:00,2018-06-06,2018-07-17 00:00:00.000000,2026-08-27T05:17:09.287600+00:00,D:/D drive recovery/Shiva JH/Projects/OneLake Medallion/data/landing/2018-06-06/orders.parquet,2018-06-06
523f24867a34e6e564dda4898935e05e,e02ca2aa7caad49e0b4b540e2344d983,delivered,2018-06-06 11:37:49,2018-06-06 11:55:35,2018-06-13 13:47:00,2018-06-18 11:38:36,2018-07-23 00:00:00,2018-06-06,2018-07-23 00:00:00.000000,2026-08-27T05:17:09.287600+00:00,D:/D drive recovery/Shiva JH/Projects/OneLake Medallion/data/landing/2018-06-06/orders.parquet,2018-06-06
c926bd8d23b10840238793adf349b2e5,98b98ecd947a56dd51028c1d56ce0a95,delivered,2018-06-18 16:54:57,2018-06-18 17:20:34,2018-06-19 14:01:00,2018-06-25 15:38:29,2018-07-05 00:00:00,2018-06-18,2018-07-05 00:00:00.000000,2026-08-27T05:17:09.287600+00:00,D:/D drive recovery/Shiva JH/Projects/OneLake Medallion/data/landing/2018-06-18/orders.parquet,2018-06-18
2806d068f5d3e46b89e663cb5e53236d,664ee888b9b21c5ed9917c0325643074,delivered,2018-06-18 20:14:00,2018-06-19 03:36:42,2018-06-19 15:06:00,2018-07-01 18:14:52,2018-07-12 00:00:00,2018-06-18,2018-07-12 00:00:00.000000,2026-08-27T05:17:09.287600+00:00,D:/D drive recovery/Shiva JH/Projects/OneLake Medallion/data/landing/2018-06-18/orders.parquet,2018-06-18
0a2de338241b69893fc167f8d0970349,469451c2725ae0ccef5f959bdc62108c,delivered,2018-06-18 11:53:54,2018-06-18 12:37:23,2018-06-18 13:49:00,2018-06-26 21:05:43,2018-07-17 00:00:00,2018-06-18,2018-07-17 00:00:00.000000,2026-08-27T05:17:09.287600+00:00,D:/D drive recovery/Shiva JH/Projects/OneLake Medallion/data/landing/2018-06-18/orders.parquet,2018-06-18
559d0bdf2fe83764fb89edea1516599a,1847c7074383b91e451c2ad8cc36ed6e,delivered,2018-06-18 22:17:37,2018-06-20 02:55:39,2018-06-20 11:14:00,2018-06-23 15:26:32,2018-06-28 00:00:00,2018-06-18,2018-06-28 00:00:00.000000,2026-08-27T05:17:09.287600+00:00,D:/D drive recovery/Shiva JH/Projects/OneLake Medallion/data/landing/2018-06-18/orders.parquet,2018-06-18
87ca9106c9cd25cfd5d85ee98d29d0fc,58e8acc1cb01e1f8f15f1413019d0457,delivered,2018-06-18 17:41:43,2018-06-18 18:02:47,2018-06-19 12:09:00,2018-06-26 16:36:28,2018-07-05 00:00:00,2018-06-18,2018-07-05 00:00:00.000000,2026-08-27T05:17:09.287600+00:00,D:/D drive recovery/Shiva JH/Projects/OneLake Medallion/data/landing/2018-06-18/orders.parquet,2018-06-18
07f970754e737efe221e6349eeb5a8e7,63e9de259c63644730104feea23efc5a,delivered,2018-06-18 08:58:54,2018-06-19 03:36:42,2018-06-19 15:12:00,2018-07-04 18:10:40,2018-07-19 00:00:00,2018-06-18,2018-07-19 00:00:00.000000,2026-08-27T05:17:09.287600+00:00,D:/D drive recovery/Shiva JH/Projects/OneLake Medallion/data/landing/2018-06-18/orders.parquet,2018-06-18
ceefe38963a74828ec008a3985a2c517,08a4aa30c0eea37598e0a8095910b491,delivered,2018-06-18 19:54:17,2018-06-18 20:36:50,2018-06-19 14:28:00,2018-06-20 15:42:53,2018-07-04 00:00:00,2018-06-18,2018-07-04 00:00:00.000000,2026-08-27T05:17:09.287600+00:00,D:/D drive recovery/Shiva JH/Projects/OneLake Medallion/data/landing/2018-06-18/orders.parquet,2018-06-18
2ef3c9464dba683f9e1375f7b3416465,81bd3b2c556601d86de4719371ca7ae0,delivered,2018-06-30 09:50:28,2018-06-30 10:15:13,2018-07-03 06:05:00,2018-07-05 00:55:45,2018-07-19 00:00:00,2018-06-30,2018-07-19 00:00:00.000000,2026-08-27T05:17:09.287600+00:00,D:/D drive recovery/Shiva JH/Projects/OneLake Medallion/data/landing/2018-06-30/orders.parquet,2018-06-30
1bfb2199760a3d5c410cf4fab44e868c,d41bff9131cb3eb977de4cdc0717a23e,delivered,2018-06-30 15:56:06,2018-06-30 17:29:58,2018-07-03 14:54:00,2018-07-11 22:25:39,2018-07-27 00:00:00,2018-06-30,2018-07-27 00:00:00.000000,2026-08-27T05:17:09.287600+00:00,D:/D drive recovery/Shiva JH/Projects/OneLake Medallion/data/landing/2018-06-30/orders.parquet,2018-06-30
2f9d4ee8ca77fe0951ebfe9064cad953,2d2037b93b52f5a7ac9e286e8bd69d15,delivered,2016-10-09 23:38:19,2016-10-11 12:03:02,2016-10-25 12:11:33,2016-10-29 06:53:49,2016-11-30 00:00:00,2016-10-09,2016-11-30 00:00:00.000000,2026-08-27T05:17:09.287600+00:00,D:/D drive recovery/Shiva JH/Projects/OneLake Medallion/data/landing/2016-10-09/orders.parquet,2016-10-09
c5a468ae781ffb0ec6d36ae89fe512b0,ed7ef682569428c1afaf73b39a2f602b,canceled,2017-01-13 11:06:56,,,,2017-02-13 00:00:00,2017-01-13,2017-02-13 00:00:00.000000,2026-08-27T05:17:09.287600+00:00,D:/D drive recovery/Shiva JH/Projects/OneLake Medallion/data/landing/2017-01-13/orders.parquet,2017-01-13
f7b9821d83a86f942cd40560f3c06622,668bca75c9fde63d376e1042ff8e2fe8,delivered,2017-01-13 17:53:10,2017-01-13 18:05:20,2017-01-18 15:14:48,2017-01-25 13:58:33,2017-02-23 00:00:00,2017-01-13,2017-02-23 00:00:00.000000,2026-08-27T05:17:09.287600+00:00,D:/D drive recovery/Shiva JH/Projects/OneLake Medallion/data/landing/2017-01-13/orders.parquet,2017-01-13
bc7bc14f585b1879f63e89cb0e4cfa17,942be1042b4ac4e4ef3780b25188fe99,delivered,2017-01-25 10:41:24,2017-01-26 02:15:45,2017-01-26 09:32:58,2017-02-03 12:42:06,2017-03-10 00:00:00,2017-01-25,2017-03-10 00:00:00.000000,2026-08-27T05:17:09.287600+00:00,D:/D drive recovery/Shiva JH/Projects/OneLake Medallion/data/landing/2017-01-25/orders.parquet,2017-01-25
a50d16f8c24acdc0c3d2fe0af2cd5c87,95e838701bbc7791a50ccf58140ebada,delivered,2017-01-25 20:17:33,2017-01-25 20:30:15,2017-01-26 12:04:05,2017-02-17 14:53:52,2017-03-06 00:00:00,2017-01-25,2017-03-06 00:00:00.000000,2026-08-27T05:17:09.287600+00:00,D:/D drive recovery/Shiva JH/Projects/OneLake Medallion/data/landing/2017-01-25/orders.parquet,2017-01-25
8f359a870a6206af39d54ab82c99619d,b430789bfe8fd6a8ce1be69cd5cc35de,delivered,2017-01-25 06:31:50,2017-01-25 06:41:58,2017-01-25 10:47:17,2017-02-03 13:58:58,2017-03-02 00:00:00,2017-01-25,2017-03-02 00:00:00.000000,2026-08-27T05:17:09.287600+00:00,D:/D drive recovery/Shiva JH/Projects/OneLake Medallion/data/landing/2017-01-25/orders.parquet,2017-01-25
c9e893d2e32f6ca9988b30669eb71e5a,f56957527a53eaf4a716376e9fcbed7c,unavailable,2017-02-06 12:02:23,2017-02-06 12:10:26,,,2017-03-13 00:00:00,2017-02-06,2017-03-13 00:00:00.000000,2026-08-27T05:17:09.287600+00:00,D:/D drive recovery/Shiva JH/Projects/OneLake Medallion/data/landing/2017-02-06/orders.parquet,2017-02-06
d77031d6a3c8a52f019764e68f211c69,0bf35cac6cc7327065da879e2d90fae8,delivered,2017-02-18 11:04:19,,2017-02-23 07:23:36,2017-03-02 16:15:23,2017-03-22 00:00:00,2017-02-18,2017-03-22 00:00:00.000000,2026-08-27T05:17:09.287600+00:00,D:/D drive recovery/Shiva JH/Projects/OneLake Medallion/data/landing/2017-02-18/orders.parquet,2017-02-18
61792640e5c6bc477b960e28fff4d779,b73ac6c93755e492832020b47ded906f,delivered,2017-02-18 14:33:57,2017-02-18 14:45:16,2017-02-20 11:18:36,2017-02-24 10:17:37,2017-03-21 00:00:00,2017-02-18,2017-03-21 00:00:00.000000,2026-08-27T05:17:09.287600+00:00,D:/D drive recovery/Shiva JH/Projects/OneLake Medallion/data/landing/2017-02-18/orders.parquet,2017-02-18
72da473ce9c065b6b7120da52ad4ac02,927ed0be87912a8b3a9a1cf70e159219,delivered,2017-03-02 19:08:58,2017-03-02 19:22:06,2017-03-03 13:51:28,2017-03-07 16:00:43,2017-04-06 00:00:00,2017-03-02,2017-04-06 00:00:00.000000,2026-08-27T05:17:09.287600+00:00,D:/D drive recovery/Shiva JH/Projects/OneLake Medallion/data/landing/2017-03-02/orders.parquet,2017-03-02
bdbb8c171bf0fe78ba7607be04099506,2054ad4414cf4a7a70e5e33150efaa38,delivered,2017-03-02 22:09:37,2017-03-02 22:22:14,2017-03-03 14:05:34,2017-03-15 15:48:07,2017-03-24 00:00:00,2017-03-02,2017-03-24 00:00:00.000000,2026-08-27T05:17:09.287600+00:00,D:/D drive recovery/Shiva JH/Projects/OneLake Medallion/data/landing/2017-03-02/orders.parquet,2017-03-02
6d5e1e480d92f1bde5e9eb187fa388d5,4f3d7e6bbe7f1c9de320437cf6bf04d8,delivered,2017-03-02 12:33:10,2017-03-03 09:01:53,2017-03-03 15:21:10,2017-03-14 09:47:51,2017-03-28 00:00:00,2017-03-02,2017-03-28 00:00:00.000000,2026-08-27T05:17:09.287600+00:00,D:/D drive recovery/Shiva JH/Projects/OneLake Medallion/data/landing/2017-03-02/orders.parquet,2017-03-02
153e41d2dbed0732e8c41f472d912453,aae8ca7a4c507ca018e1f1188d0ed25b,delivered,2017-03-14 22:22:06,2017-03-14 22:22:06,2017-03-16 14:44:47,2017-03-31 17:06:48,2017-04-06 00:00:00,2017-03-14,2017-04-06 00:00:00.000000,2026-08-27T05:17:09.287600+00:00,D:/D drive recovery/Shiva JH/Projects/OneLake Medallion/data/landing/2017-03-14/orders.parquet,2017-03-14
cdfc8d98469b5469527223fa4d487882,117c74aa6cd3541068f9c0915dd95fc0,delivered,2017-03-14 12:25:25,2017-03-14 12:25:25,2017-03-15 15:11:46,2017-03-22 09:55:39,2017-04-04 00:00:00,2017-03-14,2017-04-04 00:00:00.000000,2026-08-27T05:17:09.287600+00:00,D:/D drive recovery/Shiva JH/Projects/OneLake Medallion/data/landing/2017-03-14/orders.parquet,2017-03-14
707b67c6036569d9eba912e2c8609ee4,111a2956d57d20d510a33b3e06281f02,delivered,2017-03-26 08:01:21,2017-03-26 08:40:07,2017-03-30 16:32:08,2017-04-05 13:53:06,2017-04-25 00:00:00,2017-03-26,2017-04-25 00:00:00.000000,2026-08-27T05:17:09.287600+00:00,D:/D drive recovery/Shiva JH/Projects/OneLake Medallion/data/landing/2017-03-26/orders.parquet,2017-03-26
0ee0c320d2ceda401e28f8bc01e2fde2,d6022076bb098bed34be3e8b58987faf,delivered,2017-03-26 11:36:32,2017-03-26 11:45:13,2017-03-28 14:14:24,2017-04-18 12:38:13,2017-04-28 00:00:00,2017-03-26,2017-04-28 00:00:00.000000,2026-08-27T05:17:09.287600+00:00,D:/D drive recovery/Shiva JH/Projects/OneLake Medallion/data/landing/2017-03-26/orders.parquet,2017-03-26
36f03c686bcee7c593f6227fb80b7109,f6e8c30f4b6a4708456c8a47279a22cd,delivered,2017-04-07 19:33:15,2017-04-07 19:45:11,2017-04-25 16:35:08,2017-05-12 12:13:00,2017-05-09 00:00:00,2017-04-07,2017-05-12 12:13:00.000000,2026-08-27T05:17:09.287600+00:00,D:/D drive recovery/Shiva JH/Projects/OneLake Medallion/data/landing/2017-04-07/orders.parquet,2017-04-07
5cf5cdef34e1a2488666267e4eda1792,1d0696acbcc828834294b845e3f397b3,delivered,2017-04-07 22:14:58,2017-04-07 22:30:15,2017-04-10 13:29:31,2017-04-18 13:39:56,2017-05-03 00:00:00,2017-04-07,2017-05-03 00:00:00.000000,2026-08-27T05:17:09.287600+00:00,D:/D drive recovery/Shiva JH/Projects/OneLake Medallion/data/landing/2017-04-07/orders.parquet,2017-04-07
2217b5983c4fe87f26639368401a2f6c,1d00d4257cd4d0b396bcc38d629a45c3,delivered,2017-04-07 15:22:10,2017-04-08 16:35:26,2017-04-10 14:43:18,2017-04-20 16:21:15,2017-05-03 00:00:00,2017-04-07,2017-05-03 00:00:00.000000,2026-08-27T05:17:09.287600+00:00,D:/D drive recovery/Shiva JH/Projects/OneLake Medallion/data/landing/2017-04-07/orders.parquet,2017-04-07
73d609151d68d82b9e930d9e14458b61,d5842d939b29486593a603af0718d347,delivered,2017-04-07 16:55:46,2017-04-07 17:05:20,2017-04-10 16:34:59,2017-04-19 16:45:54,2017-05-15 00:00:00,2017-04-07,2017-05-15 00:00:00.000000,2026-08-27T05:17:09.287600+00:00,D:/D drive recovery/Shiva JH/Projects/OneLake Medallion/data/landing/2017-04-07/orders.parquet,2017-04-07
2e1bbcd435bc99b41a07959ef2c3965e,273a44129c251f678de4a9fe152d9ed4,delivered,2017-04-19 17:13:11,2017-04-19 17:22:43,2017-04-20 15:44:36,2017-04-27 10:28:11,2017-05-12 00:00:00,2017-04-19,2017-05-12 00:00:00.000000,2026-08-27T05:17:09.287600+00:00,D:/D drive recovery/Shiva JH/Projects/OneLake Medallion/data/landing/2017-04-19/orders.parquet,2017-04-19
7bfe238bd2ede94073ec8c6c64509b90,44c14ab4c4d0144041d639254fcf13d9,delivered,2017-04-19 21:08:35,2017-04-19 21:25:14,2017-04-20 09:59:07,2017-05-02 15:46:49,2017-05-18 00:00:00,2017-04-19,2017-05-18 00:00:00.000000,2026-08-27T05:17:09.287600+00:00,D:/D drive recovery/Shiva JH/Projects/OneLake Medallion/data/landing/2017-04-19/orders.parquet,2017-04-19
a14932a44ab80c8a470ee1786eda7573,e03f075e4099e9ba86adf3e9cf26e5fd,delivered,2017-04-19 13:19:04,2017-04-19 16:02:15,2017-04-26 09:21:58,2017-05-10 15:22:17,2017-05-11 00:00:00,2017-04-19,2017-05-11 00:00:00.000000,2026-08-27T05:17:09.287600+00:00,D:/D drive recovery/Shiva JH/Projects/OneLake Medallion/data/landing/2017-04-19/orders.parquet,2017-04-19
36fc3a00019db8f893021f9508f695c8,5e23eb6b579778f0fc5450414008f4cb,delivered,2017-05-01 16:35:12,2017-05-01 16:50:13,2017-05-02 16:18:22,2017-05-16 04:58:29,2017-06-06 00:00:00,2017-05-01,2017-06-06 00:00:00.000000,2026-08-27T05:17:09.287600+00:00,D:/D drive recovery/Shiva JH/Projects/OneLake Medallion/data/landing/2017-05-01/orders.parquet,2017-05-01
e3d211011fde3f5b8aaf8ecd42c4eed0,5847e99488af8b6725f64b1d888a79d4,delivered,2017-05-01 18:25:20,2017-05-01 18:35:13,2017-05-02 14:11:07,2017-05-04 17:34:52,2017-05-23 00:00:00,2017-05-01,2017-05-23 00:00:00.000000,2026-08-27T05:17:09.287600+00:00,D:/D drive recovery/Shiva JH/Projects/OneLake Medallion/data/landing/2017-05-01/orders.parquet,2017-05-01
70b746f6d25c9df56e8e41bc05da3f1c,0c1ce64a6c962bfba2c87a6515b0be91,delivered,2017-05-01 10:39:07,2017-05-01 10:50:16,2017-05-03 15:22:22,2017-05-17 10:44:03,2017-05-24 00:00:00,2017-05-01,2017-05-24 00:00:00.000000,2026-08-27T05:17:09.287600+00:00,D:/D drive recovery/Shiva JH/Projects/OneLake Medallion/data/landing/2017-05-01/orders.parquet,2017-05-01
d9c7d6586555e3adb3709a7047e36c11,6a32ab73a4e6c08da27e427a8a8c1320,delivered,2017-05-13 16:53:15,2017-05-13 17:02:36,2017-05-15 15:02:46,2017-05-22 09:05:09,2017-06-06 00:00:00,2017-05-13,2017-06-06 00:00:00.000000,2026-08-27T05:17:09.287600+00:00,D:/D drive recovery/Shiva JH/Projects/OneLake Medallion/data/landing/2017-05-13/orders.parquet,2017-05-13
0168a7f186c1f066748d15d8c51f489a,ace839d3162a61fdbd51b08fc3e60a39,delivered,2017-05-13 18:14:49,2017-05-16 03:25:21,2017-05-17 11:51:01,2017-05-18 10:18:07,2017-05-24 00:00:00,2017-05-13,2017-05-24 00:00:00.000000,2026-08-27T05:17:09.287600+00:00,D:/D drive recovery/Shiva JH/Projects/OneLake Medallion/data/landing/2017-05-13/orders.parquet,2017-05-13
ac809d1a80a159ae8a440c726f579700,ad5e33166ef8e090f857ea53dc70bb18,delivered,2017-05-25 10:27:40,2017-05-25 10:35:22,2017-05-26 09:47:01,2017-06-02 15:18:14,2017-06-21 00:00:00,2017-05-25,2017-06-21 00:00:00.000000,2026-08-27T05:17:09.287600+00:00,D:/D drive recovery/Shiva JH/Projects/OneLake Medallion/data/landing/2017-05-25/orders.parquet,2017-05-25
357773e5b110f8f600e99720f07ac480,e9962ffd9f9c6c9f801ecb83234d070d,delivered,2017-05-25 10:58:17,2017-05-25 11:10:21,2017-05-30 14:50:08,2017-05-31 10:05:51,2017-06-16 00:00:00,2017-05-25,2017-06-16 00:00:00.000000,2026-08-27T05:17:09.287600+00:00,D:/D drive recovery/Shiva JH/Projects/OneLake Medallion/data/landing/2017-05-25/orders.parquet,2017-05-25
acf439da18812b2e710a2e7abe7f0ab2,6c450c326e9c2432c271f7dc45105316,delivered,2017-06-06 23:47:03,2017-06-08 03:03:55,2017-06-08 15:11:53,2017-06-23 10:42:49,2017-07-05 00:00:00,2017-06-06,2017-07-05 00:00:00.000000,2026-08-27T05:17:09.287600+00:00,D:/D drive recovery/Shiva JH/Projects/OneLake Medallion/data/landing/2017-06-06/orders.parquet,2017-06-06
16e4c23dc1892082c649911189c18f27,755d3504d6232a8d77674278edce1df9,delivered,2017-06-06 17:41:19,2017-06-06 18:02:56,2017-06-08 12:38:36,2017-06-19 20:42:06,2017-06-29 00:00:00,2017-06-06,2017-06-29 00:00:00.000000,2026-08-27T05:17:09.287600+00:00,D:/D drive recovery/Shiva JH/Projects/OneLake Medallion/data/landing/2017-06-06/orders.parquet,2017-06-06
01bb52d7a8dffb8bef5b79268487cd10,28c250c622ecb0309adc441f549d9a0f,delivered,2017-06-06 12:54:19,2017-06-06 13:42:49,2017-06-07 11:51:23,2017-06-19 14:38:10,2017-06-30 00:00:00,2017-06-06,2017-06-30 00:00:00.000000,2026-08-27T05:17:09.287600+00:00,D:/D drive recovery/Shiva JH/Projects/OneLake Medallion/data/landing/2017-06-06/orders.parquet,2017-06-06
423a4ec1579258ccf1267d7414246c52,1388eca3c7f75f6038c0d636f9f3b2ca,delivered,2017-06-06 23:09:15,2017-06-07 14:25:22,2017-06-09 09:21:33,2017-06-19 19:58:28,2017-07-03 00:00:00,2017-06-06,2017-07-03 00:00:00.000000,2026-08-27T05:17:09.287600+00:00,D:/D drive recovery/Shiva JH/Projects/OneLake Medallion/data/landing/2017-06-06/orders.parquet,2017-06-06
f38becfd5e80f3d9d988ecab0b0a8d41,dee0b47c356fb2f279e00e8df7c691e6,delivered,2017-06-06 20:36:40,2017-06-06 20:45:16,2017-06-07 10:04:14,2017-06-16 16:49:47,2017-06-29 00:00:00,2017-06-06,2017-06-29 00:00:00.000000,2026-08-27T05:17:09.287600+00:00,D:/D drive recovery/Shiva JH/Projects/OneLake Medallion/data/landing/2017-06-06/orders.parquet,2017-06-06
4a335c9b6c47353962fc6f0b1911eb03,fb6b2ffbd90d13121790ece0d783211d,delivered,2017-06-18 13:02:08,2017-06-18 13:15:26,2017-06-20 10:32:09,2017-06-28 12:13:49,2017-07-11 00:00:00,2017-06-18,2017-07-11 00:00:00.000000,2026-08-27T05:17:09.287600+00:00,D:/D drive recovery/Shiva JH/Projects/OneLake Medallion/data/landing/2017-06-18/orders.parquet,2017-06-18
c0a1dc99f45387972d7c24cb3ffb3727,0975cbdd343ee157b43e6104eb9fdadc,delivered,2017-06-30 14:34:45,2017-06-30 14:45:07,2017-07-05 13:14:43,2017-07-14 18:52:06,2017-08-03 00:00:00,2017-06-30,2017-08-03 00:00:00.000000,2026-08-27T05:17:09.287600+00:00,D:/D drive recovery/Shiva JH/Projects/OneLake Medallion/data/landing/2017-06-30/orders.parquet,2017-06-30
773fd1a45866c4100d7cc2b770f08901,ac7f735837638e8f4653c0e32ffdc08b,delivered,2017-06-30 20:54:21,2017-06-30 21:10:15,2017-07-03 11:36:32,2017-07-06 08:13:28,2017-07-20 00:00:00,2017-06-30,2017-07-20 00:00:00.000000,2026-08-27T05:17:09.287600+00:00,D:/D drive recovery/Shiva JH/Projects/OneLake Medallion/data/landing/2017-06-30/orders.parquet,2017-06-30
70de7b6034bc0e9a1f6074627ffab810,ebda0889c8fe0ca190b75b5c9e220ded,delivered,2017-07-12 23:22:20,2017-07-12 23:35:19,2017-07-14 18:32:48,2017-07-31 23:17:34,2017-08-07 00:00:00,2017-07-12,2017-08-07 00:00:00.000000,2026-08-27T05:17:09.287600+00:00,D:/D drive recovery/Shiva JH/Projects/OneLake Medallion/data/landing/2017-07-12/orders.parquet,2017-07-12
bf92c69b7cc70f7fc2c37de43e366173,42dbc1ad9d560637c9c4c1533746f86d,delivered,2017-07-24 22:11:50,2017-07-24 22:25:14,2017-07-26 01:42:03,2017-07-31 16:59:58,2017-08-15 00:00:00,2017-07-24,2017-08-15 00:00:00.000000,2026-08-27T05:17:09.287600+00:00,D:/D drive recovery/Shiva JH/Projects/OneLake Medallion/data/landing/2017-07-24/orders.parquet,2017-07-24
1527c3b9bc481583f9752e89841e4686,672612210e5061344b84fd4bf0028b86,delivered,2017-07-24 17:48:18,2017-07-24 18:03:52,2017-07-26 14:30:00,2017-08-03 16:17:58,2017-08-17 00:00:00,2017-07-24,2017-08-17 00:00:00.000000,2026-08-27T05:17:09.287600+00:00,D:/D drive recovery/Shiva JH/Projects/OneLake Medallion/data/landing/2017-07-24/orders.parquet,2017-07-24
59a0441d0335d0179d1077e2dcb46cdc,3ca03e41e99b1ff6bad537dd6d0d81e5,delivered,2017-07-24 13:37:05,2017-07-24 13:50:09,2017-07-26 17:49:54,2017-07-27 15:17:55,2017-08-09 00:00:00,2017-07-24,2017-08-09 00:00:00.000000,2026-08-27T05:17:09.287600+00:00,D:/D drive recovery/Shiva JH/Projects/OneLake Medallion/data/landing/2017-07-24/orders.parquet,2017-07-24
9baa1fea77be1dc7d5ef2ad847110a14,cb32fe2aeb8e53ae62644d5afc5b2bc9,delivered,2017-08-05 13:31:17,2017-08-05 13:45:16,2017-08-10 17:48:07,2017-08-21 19:18:42,2017-09-18 00:00:00,2017-08-05,2017-09-18 00:00:00.000000,2026-08-27T05:17:09.287600+00:00,D:/D drive recovery/Shiva JH/Projects/OneLake Medallion/data/landing/2017-08-05/orders.parquet,2017-08-05
cab587eb398be7856799cbd4f9f57b28,07f51f870d88165a02b1f3a9946cd1b4,delivered,2017-08-05 19:43:56,2017-08-08 03:55:24,2017-08-09 19:37:59,2017-08-21 21:45:00,2017-09-04 00:00:00,2017-08-05,2017-09-04 00:00:00.000000,2026-08-27T05:17:09.287600+00:00,D:/D drive recovery/Shiva JH/Projects/OneLake Medallion/data/landing/2017-08-05/orders.parquet,2017-08-05
ae3e8160dfb11ba7791e416b096d2525,cc13f005c0fde5c8edb518f1d7f4adef,delivered,2017-08-05 00:19:31,2017-08-05 00:30:18,2017-08-07 15:40:05,2017-08-11 18:32:53,2017-08-29 00:00:00,2017-08-05,2017-08-29 00:00:00.000000,2026-08-27T05:17:09.287600+00:00,D:/D drive recovery/Shiva JH/Projects/OneLake Medallion/data/landing/2017-08-05/orders.parquet,2017-08-05
e81f9367113fbd126f1b01da8b50f0f3,f102a085bf4cd6f830b46066fb3f5e30,delivered,2017-08-05 16:48:31,2017-08-05 17:04:08,2017-08-08 20:03:28,2017-08-22 21:36:04,2017-08-31 00:00:00,2017-08-05,2017-08-31 00:00:00.000000,2026-08-27T05:17:09.287600+00:00,D:/D drive recovery/Shiva JH/Projects/OneLake Medallion/data/landing/2017-08-05/orders.parquet,2017-08-05
a59e5a3085765eccf13872b4529fba3c,c368fab675f0635bef29b452b5b5cff3,delivered,2017-08-17 01:03:05,2017-08-18 02:30:28,2017-08-18 17:12:16,2017-08-19 15:52:05,2017-08-30 00:00:00,2017-08-17,2017-08-30 00:00:00.000000,2026-08-27T05:17:09.287600+00:00,D:/D drive recovery/Shiva JH/Projects/OneLake Medallion/data/landing/2017-08-17/orders.parquet,2017-08-17
761d2a6c3fc081b13c3cbfa01c4a8c37,eeb1a37e2e928ef2bacdb4b6382badc6,delivered,2017-08-17 00:19:21,2017-08-18 00:30:15,2017-09-06 21:35:05,2017-09-14 14:58:50,2017-09-11 00:00:00,2017-08-17,2017-09-14 14:58:50.000000,2026-08-27T05:17:09.287600+00:00,D:/D drive recovery/Shiva JH/Projects/OneLake Medallion/data/landing/2017-08-17/orders.parquet,2017-08-17
9d7b5f17627d128b343baf0300b45c7f,dacd86bc006c12e3eb2a55020cb8dc7a,delivered,2017-08-17 21:55:42,2017-08-17 22:50:21,2017-08-24 15:52:56,2017-08-25 14:35:38,2017-09-06 00:00:00,2017-08-17,2017-09-06 00:00:00.000000,2026-08-27T05:17:09.287600+00:00,D:/D drive recovery/Shiva JH/Projects/OneLake Medallion/data/landing/2017-08-17/orders.parquet,2017-08-17
d2881983257f5db81d89259c7d0c6012,ac26a19a99cb619d52447caa2c8b6a09,delivered,2017-08-29 20:13:34,2017-08-29 20:30:23,2017-08-31 12:09:18,2017-09-18 20:42:16,2017-09-26 00:00:00,2017-08-29,2017-09-26 00:00:00.000000,2026-08-27T05:17:09.287600+00:00,D:/D drive recovery/Shiva JH/Projects/OneLake Medallion/data/landing/2017-08-29/orders.parquet,2017-08-29
1e48c52ecdb582b211ad22ae74ad2247,c32e37aa05c6b07e8b63defaa08a010d,delivered,2017-08-29 19:04:14,2017-08-29 19:15:15,2017-08-30 13:41:35,2017-09-04 22:07:59,2017-09-20 00:00:00,2017-08-29,2017-09-20 00:00:00.000000,2026-08-27T05:17:09.287600+00:00,D:/D drive recovery/Shiva JH/Projects/OneLake Medallion/data/landing/2017-08-29/orders.parquet,2017-08-29
e3a83a19707a6f27e4fde8d6b13d43f4,39f944145e00598d075faec0bb1f447a,delivered,2017-09-10 22:32:14,2017-09-12 04:50:37,2017-09-13 18:26:58,2017-09-18 18:48:54,2017-09-28 00:00:00,2017-09-10,2017-09-28 00:00:00.000000,2026-08-27T05:17:09.287600+00:00,D:/D drive recovery/Shiva JH/Projects/OneLake Medallion/data/landing/2017-09-10/orders.parquet,2017-09-10
9b1d71b20edcf15ab15e0bb4a932f23f,7343c19728d9499883e74b93863dcefd,delivered,2017-09-10 09:14:32,2017-09-11 20:43:27,2017-09-13 21:54:46,2017-10-05 20:41:55,2017-09-29 00:00:00,2017-09-10,2017-10-05 20:41:55.000000,2026-08-27T05:17:09.287600+00:00,D:/D drive recovery/Shiva JH/Projects/OneLake Medallion/data/landing/2017-09-10/orders.parquet,2017-09-10
9d83ef2eae9001ced10bfc373722a184,0137f0a46fd3e941f09ead2566bd6408,delivered,2017-09-22 15:11:31,2017-09-22 15:29:09,2017-09-25 19:29:09,2017-10-02 22:27:35,2017-10-19 00:00:00,2017-09-22,2017-10-19 00:00:00.000000,2026-08-27T05:17:09.287600+00:00,D:/D drive recovery/Shiva JH/Projects/OneLake Medallion/data/landing/2017-09-22/orders.parquet,2017-09-22
2301a0f5629f3d66f880849265f50515,13e330d6fa0e734ffda44f5b5610ed7c,delivered,2017-10-04 10:05:53,2017-10-04 10:14:25,2017-10-04 18:17:56,2017-10-10 18:55:35,2017-10-30 00:00:00,2017-10-04,2017-10-30 00:00:00.000000,2026-08-27T05:17:09.287600+00:00,D:/D drive recovery/Shiva JH/Projects/OneLake Medallion/data/landing/2017-10-04/orders.parquet,2017-10-04
59a9185f4ae4b284bf06962763f4317d,5a4fde7d0bc3c7d2f83e49ea99d2cae3,delivered,2017-10-04 08:52:05,2017-10-04 09:07:24,2017-10-04 15:58:57,2017-10-10 22:13:59,2017-10-31 00:00:00,2017-10-04,2017-10-31 00:00:00.000000,2026-08-27T05:17:09.287600+00:00,D:/D drive recovery/Shiva JH/Projects/OneLake Medallion/data/landing/2017-10-04/orders.parquet,2017-10-04
06ebe0964f3c6ad099d9117fb1e66980,72a1f1778a30429fd6162428855b0c1e,delivered,2017-10-16 23:09:52,2017-10-17 23:06:26,2017-10-18 20:17:36,2017-10-23 19:51:47,2017-11-06 00:00:00,2017-10-16,2017-11-06 00:00:00.000000,2026-08-27T05:17:09.287600+00:00,D:/D drive recovery/Shiva JH/Projects/OneLake Medallion/data/landing/2017-10-16/orders.parquet,2017-10-16
ac28921ef185c0a4f81b4fbbdf4d645e,023a2dda10505c5b757b7f9887f5c41f,delivered,2017-10-28 16:36:44,2017-10-30 22:31:39,2017-11-07 17:08:46,2017-12-05 04:10:01,2017-12-08 00:00:00,2017-10-28,2017-12-08 00:00:00.000000,2026-08-27T05:17:09.287600+00:00,D:/D drive recovery/Shiva JH/Projects/OneLake Medallion/data/landing/2017-10-28/orders.parquet,2017-10-28
d3762703e4549c646c1f000b5094abea,c192363842ee854764cd0db7e2195ebc,delivered,2017-10-28 20:39:20,2017-10-28 20:50:18,2017-10-31 18:52:14,2017-11-01 20:09:53,2017-11-13 00:00:00,2017-10-28,2017-11-13 00:00:00.000000,2026-08-27T05:17:09.287600+00:00,D:/D drive recovery/Shiva JH/Projects/OneLake Medallion/data/landing/2017-10-28/orders.parquet,2017-10-28
a43da589ba6d3c9eb959a36699088162,af7d5016eab3b7c8f3e6b4f23cabe253,delivered,2017-11-09 22:49:27,2017-11-09 23:06:32,2017-11-16 21:22:56,2017-11-22 21:13:36,2017-12-04 00:00:00,2017-11-09,2017-12-04 00:00:00.000000,2026-08-27T05:17:09.287600+00:00,D:/D drive recovery/Shiva JH/Projects/OneLake Medallion/data/landing/2017-11-09/orders.parquet,2017-11-09
448632769b45cb2d1dfce6b88fb4bf88,611bb3d5428937dcb7a0a7ad5cf13056,delivered,2017-11-09 16:52:49,2017-11-10 03:07:00,2017-11-10 21:32:08,2017-11-22 22:44:06,2017-12-11 00:00:00,2017-11-09,2017-12-11 00:00:00.000000,2026-08-27T05:17:09.287600+00:00,D:/D drive recovery/Shiva JH/Projects/OneLake Medallion/data/landing/2017-11-09/orders.parquet,2017-11-09
b94e0a48d1692a46852bfce35ac0bea9,7b7baf10d43c5856548c375f2d44b29a,delivered,2017-11-09 20:35:41,2017-11-09 20:51:06,2017-11-10 18:28:07,2017-11-13 14:53:52,2017-11-23 00:00:00,2017-11-09,2017-11-23 00:00:00.000000,2026-08-27T05:17:09.287600+00:00,D:/D drive recovery/Shiva JH/Projects/OneLake Medallion/data/landing/2017-11-09/orders.parquet,2017-11-09
d9a2b5f65a8710b7b169d27db28c5d26,4193b72441aee0999bb92aeb9c1b236a,delivered,2017-11-09 19:02:02,2017-11-09 19:10:29,2017-11-10 19:25:03,2017-11-14 23:27:16,2017-11-29 00:00:00,2017-11-09,2017-11-29 00:00:00.000000,2026-08-27T05:17:09.287600+00:00,D:/D drive recovery/Shiva JH/Projects/OneLake Medallion/data/landing/2017-11-09/orders.parquet,2017-11-09
42c43329be23eae70ca32f087617feef,104e94af58cbbe9c3b40b0cd410160bc,delivered,2017-11-09 13:43:31,2017-11-09 13:55:30,2017-11-09 21:41:33,2017-11-17 02:03:14,2017-11-29 00:00:00,2017-11-09,2017-11-29 00:00:00.000000,2026-08-27T05:17:09.287600+00:00,D:/D drive recovery/Shiva JH/Projects/OneLake Medallion/data/landing/2017-11-09/orders.parquet,2017-11-09
a1eca0e86d2739a6adeb18015e4bc249,1b4f637f430b70b284f6c1c098214007,delivered,2017-11-09 20:40:43,2017-11-09 20:56:01,2017-11-14 16:39:17,2017-11-27 22:10:21,2017-12-07 00:00:00,2017-11-09,2017-12-07 00:00:00.000000,2026-08-27T05:17:09.287600+00:00,D:/D drive recovery/Shiva JH/Projects/OneLake Medallion/data/landing/2017-11-09/orders.parquet,2017-11-09
b4c80521e552d11e209d1388067ce814,3a486addcf71802e8445e303ab0a09e3,delivered,2017-11-09 22:15:55,2017-11-09 22:31:20,2017-11-14 21:23:04,2017-12-12 22:46:51,2018-01-02 00:00:00,2017-11-09,2018-01-02 00:00:00.000000,2026-08-27T05:17:09.287600+00:00,D:/D drive recovery/Shiva JH/Projects/OneLake Medallion/data/landing/2017-11-09/orders.parquet,2017-11-09
be0d916fb5cf8a5dddcd98ad4905678e,3828833eaa94989b67eb1cf7e5f84524,delivered,2017-11-21 10:16:47,2017-11-23 02:38:30,2017-11-24 21:49:31,2017-12-07 10:05:41,2017-12-07 00:00:00,2017-11-21,2017-12-07 10:05:41.000000,2026-08-27T05:17:09.287600+00:00,D:/D drive recovery/Shiva JH/Projects/OneLake Medallion/data/landing/2017-11-21/orders.parquet,2017-11-21
34f7af5479dd2e19cb5e205d6cc40bc1,293468c778c7dfa812bf7ed8b766577e,delivered,2017-11-21 21:54:17,2017-11-21 22:07:44,2017-11-24 18:37:49,2017-11-28 17:48:57,2017-12-04 00:00:00,2017-11-21,2017-12-04 00:00:00.000000,2026-08-27T05:17:09.287600+00:00,D:/D drive recovery/Shiva JH/Projects/OneLake Medallion/data/landing/2017-11-21/orders.parquet,2017-11-21
6e8a97f227260b48b2c8e8eacc87d2fb,b4d3dc12a78eb43f35d7722b699f08b4,delivered,2017-11-21 19:39:55,2017-11-21 19:52:20,2017-11-24 20:48:38,2017-11-27 16:42:06,2017-12-01 00:00:00,2017-11-21,2017-12-01 00:00:00.000000,2026-08-27T05:17:09.287600+00:00,D:/D drive recovery/Shiva JH/Projects/OneLake Medallion/data/landing/2017-11-21/orders.parquet,2017-11-21
da5d566236538abb69c83b6283383b60,8d51bbfd67bc27fa458541719c2f31f8,delivered,2017-11-21 15:54:16,2017-11-21 16:07:31,2017-11-22 21:26:43,2017-12-06 18:55:18,2017-12-13 00:00:00,2017-11-21,2017-12-13 00:00:00.000000,2026-08-27T05:17:09.287600+00:00,D:/D drive recovery/Shiva JH/Projects/OneLake Medallion/data/landing/2017-11-21/orders.parquet,2017-11-21
1c596aea2c7f298b4ccafe3b88d7dfeb,5dfa4470104f14d785fc50c65a475b8d,delivered,2017-11-21 14:55:38,2017-11-21 15:06:14,2017-11-23 14:43:11,2018-01-05 16:32:14,2017-12-12 00:00:00,2017-11-21,2018-01-05 16:32:14.000000,2026-08-27T05:17:09.287600+00:00,D:/D drive recovery/Shiva JH/Projects/OneLake Medallion/data/landing/2017-11-21/orders.parquet,2017-11-21
9bb64540c8b861abd76559cbf18a9230,df6080c9c9123b2b968aa62b0cc5bbdb,delivered,2017-11-21 08:25:55,2017-11-21 08:31:24,2017-11-21 16:52:17,2017-11-28 23:37:53,2017-12-14 00:00:00,2017-11-21,2017-12-14 00:00:00.000000,2026-08-27T05:17:09.287600+00:00,D:/D drive recovery/Shiva JH/Projects/OneLake Medallion/data/landing/2017-11-21/orders.parquet,2017-11-21
9ef5ae9f2a3b5c7cd4858cf4ffdc1b9c,e1c82b0432b0162d308a62e6d707129d,delivered,2017-12-03 01:19:02,2017-12-03 01:51:20,2017-12-05 22:43:00,2018-01-16 15:11:45,2018-01-04 00:00:00,2017-12-03,2018-01-16 15:11:45.000000,2026-08-27T05:17:09.287600+00:00,D:/D drive recovery/Shiva JH/Projects/OneLake Medallion/data/landing/2017-12-03/orders.parquet,2017-12-03
bc8e669b7c085a9d09f9c2b94c7693ab,0f0f0c6250a06ed825b57b8233a2bb3d,delivered,2017-12-03 20:22:55,2017-12-03 20:32:21,2017-12-07 23:51:40,2017-12-13 17:18:43,2017-12-27 00:00:00,2017-12-03,2017-12-27 00:00:00.000000,2026-08-27T05:17:09.287600+00:00,D:/D drive recovery/Shiva JH/Projects/OneLake Medallion/data/landing/2017-12-03/orders.parquet,2017-12-03
b67c30c269ecce5a92826b392f1749e5,e59ca2c57f6207c6b863097c70352115,delivered,2017-12-03 09:36:47,2017-12-03 09:52:50,2017-12-04 17:27:28,2017-12-12 18:04:06,2017-12-29 00:00:00,2017-12-03,2017-12-29 00:00:00.000000,2026-08-27T05:17:09.287600+00:00,D:/D drive recovery/Shiva JH/Projects/OneLake Medallion/data/landing/2017-12-03/orders.parquet,2017-12-03
be8b50c8a24a137dbed81d6c202e8d64,70c7804a7d4f3611fa109b8034298c10,delivered,2017-12-03 23:17:00,2017-12-03 23:31:38,2017-12-15 15:41:43,2017-12-26 16:49:02,2018-01-10 00:00:00,2017-12-03,2018-01-10 00:00:00.000000,2026-08-27T05:17:09.287600+00:00,D:/D drive recovery/Shiva JH/Projects/OneLake Medallion/data/landing/2017-12-03/orders.parquet,2017-12-03
12a6df267536bb8c253d9e7bb8b9e4aa,cc3848d804d534ed7492ed16935f2cac,delivered,2017-12-03 19:39:28,2017-12-03 19:51:27,2017-12-05 20:54:40,2017-12-06 19:09:03,2017-12-20 00:00:00,2017-12-03,2017-12-20 00:00:00.000000,2026-08-27T05:17:09.287600+00:00,D:/D drive recovery/Shiva JH/Projects/OneLake Medallion/data/landing/2017-12-03/orders.parquet,2017-12-03
58d29b7e20a6fd9ece06ae3981c5e1e4,2f7de2e1063f4600d30a1bc72ce1d84e,delivered,2017-12-03 13:47:26,2017-12-05 04:12:09,2017-12-07 13:58:58,2017-12-19 15:56:59,2017-12-28 00:00:00,2017-12-03,2017-12-28 00:00:00.000000,2026-08-27T05:17:09.287600+00:00,D:/D drive recovery/Shiva JH/Projects/OneLake Medallion/data/landing/2017-12-03/orders.parquet,2017-12-03
dc1e38158c000863ec33ac43a40c3366,0e90259e50e8d5619e3267c5f12a8a41,delivered,2017-12-03 00:17:18,2017-12-03 02:43:36,2017-12-04 21:38:53,2017-12-15 17:22:57,2018-01-02 00:00:00,2017-12-03,2018-01-02 00:00:00.000000,2026-08-27T05:17:09.287600+00:00,D:/D drive recovery/Shiva JH/Projects/OneLake Medallion/data/landing/2017-12-03/orders.parquet,2017-12-03
80039f1a61066974579290461478b384,d65d6873916a1dd38d8527ea4d90abb1,delivered,2017-12-15 17:06:06,2017-12-19 09:51:48,2017-12-20 21:52:38,2018-01-04 23:27:55,2018-01-16 00:00:00,2017-12-15,2018-01-16 00:00:00.000000,2026-08-27T05:17:09.287600+00:00,D:/D drive recovery/Shiva JH/Projects/OneLake Medallion/data/landing/2017-12-15/orders.parquet,2017-12-15
4b23422a153d74fd8d5b29e7fd978a4e,6d91967ecd2cca5e3455ec237aae7db2,delivered,2017-12-15 11:52:23,2017-12-15 12:11:15,2017-12-15 20:14:12,2017-12-18 16:49:13,2018-01-04 00:00:00,2017-12-15,2018-01-04 00:00:00.000000,2026-08-27T05:17:09.287600+00:00,D:/D drive recovery/Shiva JH/Projects/OneLake Medallion/data/landing/2017-12-15/orders.parquet,2017-12-15
91d9a72e928a84866b4d506c0398b723,ec2e54a792562c4c44e08612cfbf4327,delivered,2017-12-27 22:11:06,2017-12-29 02:09:23,2018-01-05 19:47:39,2018-01-11 23:50:54,2018-01-22 00:00:00,2017-12-27,2018-01-22 00:00:00.000000,2026-08-27T05:17:09.287600+00:00,D:/D drive recovery/Shiva JH/Projects/OneLake Medallion/data/landing/2017-12-27/orders.parquet,2017-12-27
478f2ae691d27c91c581c47b8e9f61d4,c0f820d99d37773d9afcae7710a9aefa,delivered,2018-01-08 15:11:08,2018-01-10 10:32:31,2018-01-13 02:42:07,2018-01-18 20:51:35,2018-01-31 00:00:00,2018-01-08,2018-01-31 00:00:00.000000,2026-08-27T05:17:09.287600+00:00,D:/D drive recovery/Shiva JH/Projects/OneLake Medallion/data/landing/2018-01-08/orders.parquet,2018-01-08
47032972f71019cd453baab392482f5d,e44c484a1a434a9526d5c258699af977,delivered,2018-01-08 22:20:46,2018-01-08 22:31:37,2018-01-09 16:13:57,2018-01-21 17:47:33,2018-02-01 00:00:00,2018-01-08,2018-02-01 00:00:00.000000,2026-08-27T05:17:09.287600+00:00,D:/D drive recovery/Shiva JH/Projects/OneLake Medallion/data/landing/2018-01-08/orders.parquet,2018-01-08
d6be19fade8df35d46c377eaeb737f67,cc6ca9a06de92299b5d0fc5669174398,delivered,2018-01-08 22:15:07,2018-01-10 10:32:45,2018-01-11 22:39:16,2018-02-09 16:44:31,2018-02-20 00:00:00,2018-01-08,2018-02-20 00:00:00.000000,2026-08-27T05:17:09.287600+00:00,D:/D drive recovery/Shiva JH/Projects/OneLake Medallion/data/landing/2018-01-08/orders.parquet,2018-01-08
fafd2c21c936debfbe975488ded4667a,3f9eeec8455219ec26b9fa6a2c8e9014,delivered,2018-01-08 14:24:20,2018-01-08 14:36:24,2018-01-12 22:30:07,2018-01-22 19:08:45,2018-02-06 00:00:00,2018-01-08,2018-02-06 00:00:00.000000,2026-08-27T05:17:09.287600+00:00,D:/D drive recovery/Shiva JH/Projects/OneLake Medallion/data/landing/2018-01-08/orders.parquet,2018-01-08
d2f55c412b906bd31c6a464fcd59ee26,80cbadc786014b90f9ca6ca5eb2017b5,delivered,2018-01-08 13:16:19,2018-01-08 13:31:55,2018-01-09 22:48:47,2018-01-22 17:48:53,2018-02-01 00:00:00,2018-01-08,2018-02-01 00:00:00.000000,2026-08-27T05:17:09.287600+00:00,D:/D drive recovery/Shiva JH/Projects/OneLake Medallion/data/landing/2018-01-08/orders.parquet,2018-01-08
f7c666a64887124db742dd9a8a4e300d,d47fe71e04e3e2ef9345538a49cf9935,delivered,2018-01-08 15:15:16,2018-01-08 15:27:54,2018-01-08 22:39:13,2018-01-15 20:28:49,2018-01-24 00:00:00,2018-01-08,2018-01-24 00:00:00.000000,2026-08-27T05:17:09.287600+00:00,D:/D drive recovery/Shiva JH/Projects/OneLake Medallion/data/landing/2018-01-08/orders.parquet,2018-01-08
8cee1e77f3ff782a0f7fc304065941b6,b14de24553a648f6c1bf49e3f61e1056,delivered,2018-01-08 13:05:42,2018-01-10 10:33:00,2018-01-10 18:04:44,2018-01-13 02:43:53,2018-01-24 00:00:00,2018-01-08,2018-01-24 00:00:00.000000,2026-08-27T05:17:09.287600+00:00,D:/D drive recovery/Shiva JH/Projects/OneLake Medallion/data/landing/2018-01-08/orders.parquet,2018-01-08
8a8d4a399c6ef91d4c20458be5048c3b,54ccd7be1a0550989644a7633454f6a9,delivered,2018-01-08 14:06:59,2018-01-08 14:18:49,2018-01-08 21:39:11,2018-01-15 20:18:45,2018-02-02 00:00:00,2018-01-08,2018-02-02 00:00:00.000000,2026-08-27T05:17:09.287600+00:00,D:/D drive recovery/Shiva JH/Projects/OneLake Medallion/data/landing/2018-01-08/orders.parquet,2018-01-08
08733fad8b29896d4920d381cd3f7cf1,2f52bb4abd2c5558c7f7ce94dd9ae787,delivered,2018-01-20 13:23:02,2018-01-23 03:36:50,2018-01-24 22:34:57,2018-02-09 19:13:23,2018-02-22 00:00:00,2018-01-20,2018-02-22 00:00:00.000000,2026-08-27T05:17:09.287600+00:00,D:/D drive recovery/Shiva JH/Projects/OneLake Medallion/data/landing/2018-01-20/orders.parquet,2018-01-20
cad0978e6d52213f4c78b26626fc40c0,301885a94c474b91e3701ddda2bbdc09,delivered,2018-01-20 19:51:16,2018-01-20 20:20:13,2018-01-22 16:58:20,2018-01-24 20:13:09,2018-02-06 00:00:00,2018-01-20,2018-02-06 00:00:00.000000,2026-08-27T05:17:09.287600+00:00,D:/D drive recovery/Shiva JH/Projects/OneLake Medallion/data/landing/2018-01-20/orders.parquet,2018-01-20
c46172d2acb91b47e43297edd9d8b3ed,0a6851c4607181b4a4a770cbe556b822,delivered,2018-01-20 22:09:34,2018-01-20 22:41:05,2018-01-23 00:23:41,2018-01-26 00:14:40,2018-02-09 00:00:00,2018-01-20,2018-02-09 00:00:00.000000,2026-08-27T05:17:09.287600+00:00,D:/D drive recovery/Shiva JH/Projects/OneLake Medallion/data/landing/2018-01-20/orders.parquet,2018-01-20
183ee0e3ebd4c1c995e5f9ac2d950ee8,81f49a0bc228fb20bc73f85ed36a0c0b,delivered,2018-02-01 19:55:53,2018-02-01 20:14:08,2018-02-02 19:38:50,2018-02-14 19:04:06,2018-02-23 00:00:00,2018-02-01,2018-02-23 00:00:00.000000,2026-08-27T05:17:09.287600+00:00,D:/D drive recovery/Shiva JH/Projects/OneLake Medallion/data/landing/2018-02-01/orders.parquet,2018-02-01
fc662bafa52d2ef16078f6f6141009d6,f3ab9ca7b6a450eaa47bdcb67175ee74,delivered,2018-02-01 07:44:28,2018-02-02 02:54:18,2018-02-02 22:42:42,2018-02-11 16:48:51,2018-02-23 00:00:00,2018-02-01,2018-02-23 00:00:00.000000,2026-08-27T05:17:09.287600+00:00,D:/D drive recovery/Shiva JH/Projects/OneLake Medallion/data/landing/2018-02-01/orders.parquet,2018-02-01
207fcb4ce4deeff5a3ec9db8f38acff0,b94acc6de36401e0d0bb861e6d196101,delivered,2018-02-01 18:38:24,2018-02-01 19:37:33,2018-02-14 17:35:56,2018-02-23 15:34:00,2018-03-12 00:00:00,2018-02-01,2018-03-12 00:00:00.000000,2026-08-27T05:17:09.287600+00:00,D:/D drive recovery/Shiva JH/Projects/OneLake Medallion/data/landing/2018-02-01/orders.parquet,2018-02-01
1000fd60c36051932866242b91c5ef43,c598e608cdb6430110d25237141c4e4d,delivered,2018-02-01 23:09:36,2018-02-03 02:52:39,2018-02-05 21:52:48,2018-02-08 01:12:51,2018-02-19 00:00:00,2018-02-01,2018-02-19 00:00:00.000000,2026-08-27T05:17:09.287600+00:00,D:/D drive recovery/Shiva JH/Projects/OneLake Medallion/data/landing/2018-02-01/orders.parquet,2018-02-01
1c2d22c1d55459e10c141fba4eed75be,bc1b70fc3b07ac60850fe4986e47e4d7,delivered,2018-02-13 13:06:08,2018-02-13 14:35:33,2018-02-16 22:09:17,2018-03-05 20:49:09,2018-03-12 00:00:00,2018-02-13,2018-03-12 00:00:00.000000,2026-08-27T05:17:09.287600+00:00,D:/D drive recovery/Shiva JH/Projects/OneLake Medallion/data/landing/2018-02-13/orders.parquet,2018-02-13
7787175cbb70f20d210824b01d4225d9,53ca3ff301eb60ded8a2d38593c36716,delivered,2018-02-13 16:46:54,2018-02-13 16:55:49,2018-02-15 19:18:07,2018-02-22 23:29:44,2018-03-14 00:00:00,2018-02-13,2018-03-14 00:00:00.000000,2026-08-27T05:17:09.287600+00:00,D:/D drive recovery/Shiva JH/Projects/OneLake Medallion/data/landing/2018-02-13/orders.parquet,2018-02-13
faf18cecda32bcf685059fb419574421,b39cc466a30b1b0b60c6a3e311ce255f,delivered,2018-02-13 21:25:07,2018-02-13 21:47:23,2018-02-20 00:03:42,2018-03-12 15:08:36,2018-03-07 00:00:00,2018-02-13,2018-03-12 15:08:36.000000,2026-08-27T05:17:09.287600+00:00,D:/D drive recovery/Shiva JH/Projects/OneLake Medallion/data/landing/2018-02-13/orders.parquet,2018-02-13
9d01fa0e65583ec53f3864ee0e73d015,91d8e6ba148d6e55b4bb98a7af766101,delivered,2018-02-13 21:54:39,2018-02-14 21:50:28,2018-02-16 00:09:36,2018-03-17 14:36:27,2018-03-05 00:00:00,2018-02-13,2018-03-17 14:36:27.000000,2026-08-27T05:17:09.287600+00:00,D:/D drive recovery/Shiva JH/Projects/OneLake Medallion/data/landing/2018-02-13/orders.parquet,2018-02-13
ecab90c9933c58908d3d6add7c6f5ae3,761df82feda9778854c6dafdaeb567e4,delivered,2018-02-25 13:50:30,2018-02-25 14:47:35,2018-02-26 22:28:50,2018-03-27 23:29:14,2018-04-13 00:00:00,2018-02-25,2018-04-13 00:00:00.000000,2026-08-27T05:17:09.287600+00:00,D:/D drive recovery/Shiva JH/Projects/OneLake Medallion/data/landing/2018-02-25/orders.parquet,2018-02-25
2ccca1fe20c84ea4cb95b191e260cf16,4242d8b3a868764dc68d8fa1aa611192,delivered,2018-02-25 11:31:41,2018-02-27 04:31:10,2018-02-27 18:06:47,2018-03-05 19:19:04,2018-03-16 00:00:00,2018-02-25,2018-03-16 00:00:00.000000,2026-08-27T05:17:09.287600+00:00,D:/D drive recovery/Shiva JH/Projects/OneLake Medallion/data/landing/2018-02-25/orders.parquet,2018-02-25
bdabf4d21213c2844d0b672d8fd72054,4d5a3f2707cfa16d395c679bea6c204c,delivered,2018-02-25 14:48:11,2018-02-25 15:07:38,2018-02-27 23:03:38,2018-03-29 16:28:56,2018-03-26 00:00:00,2018-02-25,2018-03-29 16:28:56.000000,2026-08-27T05:17:09.287600+00:00,D:/D drive recovery/Shiva JH/Projects/OneLake Medallion/data/landing/2018-02-25/orders.parquet,2018-02-25
2383d9fafbf6a8af2c96b3ffd0c70280,d350ca4e34aea98186009fdbd7bba4ea,delivered,2018-02-25 19:55:36,2018-02-25 20:08:12,2018-02-27 18:09:41,2018-03-07 23:09:31,2018-03-20 00:00:00,2018-02-25,2018-03-20 00:00:00.000000,2026-08-27T05:17:09.287600+00:00,D:/D drive recovery/Shiva JH/Projects/OneLake Medallion/data/landing/2018-02-25/orders.parquet,2018-02-25
505a00852bc2f5b6d0b53b7a04c2fbad,075560cf9df80d1ad1d32ad2e972dc29,delivered,2018-03-09 10:14:36,2018-03-09 10:29:24,2018-03-09 20:32:04,2018-03-21 13:56:29,2018-03-27 00:00:00,2018-03-09,2018-03-27 00:00:00.000000,2026-08-27T05:17:09.287600+00:00,D:/D drive recovery/Shiva JH/Projects/OneLake Medallion/data/landing/2018-03-09/orders.parquet,2018-03-09
f190884813097fe74073188f97302e98,22dadc8b01014f9b0d7fe7bfc7a72be6,delivered,2018-03-09 09:10:06,2018-03-09 09:49:21,2018-03-09 20:18:46,2018-04-03 14:56:27,2018-04-02 00:00:00,2018-03-09,2018-04-03 14:56:27.000000,2026-08-27T05:17:09.287600+00:00,D:/D drive recovery/Shiva JH/Projects/OneLake Medallion/data/landing/2018-03-09/orders.parquet,2018-03-09
e1fba0870a0b10ccd04d57ed78831c13,3451ca7392f4f8043c95edf9645252a6,delivered,2018-03-09 18:05:10,2018-03-09 18:49:12,2018-03-13 19:21:32,2018-03-21 20:35:42,2018-04-11 00:00:00,2018-03-09,2018-04-11 00:00:00.000000,2026-08-27T05:17:09.287600+00:00,D:/D drive recovery/Shiva JH/Projects/OneLake Medallion/data/landing/2018-03-09/orders.parquet,2018-03-09
de96144dc55ce453b7dd9b5995a87c6a,1e442ae42cba4e82336cb1c367c7b75d,delivered,2018-03-09 15:25:35,2018-03-09 15:35:28,2018-03-12 17:38:27,2018-03-22 23:19:24,2018-03-29 00:00:00,2018-03-09,2018-03-29 00:00:00.000000,2026-08-27T05:17:09.287600+00:00,D:/D drive recovery/Shiva JH/Projects/OneLake Medallion/data/landing/2018-03-09/orders.parquet,2018-03-09
48c35042cb072a8ed4da07c418f0b125,aec46c70ee4de5fa0bbd56a89a301ae8,delivered,2018-03-21 12:57:24,2018-03-21 13:47:56,2018-03-27 17:07:49,2018-03-28 18:26:47,2018-04-03 00:00:00,2018-03-21,2018-04-03 00:00:00.000000,2026-08-27T05:17:09.287600+00:00,D:/D drive recovery/Shiva JH/Projects/OneLake Medallion/data/landing/2018-03-21/orders.parquet,2018-03-21
fd9ee5b912fcbd8a218a3c7cf6fb4f0d,08ef3c3458f9ebc1b7cda8fc71592a8c,delivered,2018-03-21 10:59:55,2018-03-21 11:10:40,2018-03-22 20:05:00,2018-04-02 19:24:54,2018-04-09 00:00:00,2018-03-21,2018-04-09 00:00:00.000000,2026-08-27T05:17:09.287600+00:00,D:/D drive recovery/Shiva JH/Projects/OneLake Medallion/data/landing/2018-03-21/orders.parquet,2018-03-21
4f940e976473a0facd3c6def01f9fc19,1034e43292e5dc5fe15729172cfb435e,delivered,2018-03-21 22:59:41,2018-03-21 23:10:29,2018-03-23 19:19:41,2018-04-06 18:51:42,2018-04-16 00:00:00,2018-03-21,2018-04-16 00:00:00.000000,2026-08-27T05:17:09.287600+00:00,D:/D drive recovery/Shiva JH/Projects/OneLake Medallion/data/landing/2018-03-21/orders.parquet,2018-03-21
25f2336ad64d9dfaf347d85bca407b44,2d68a39301d901ecbf30627542090d09,delivered,2018-03-21 12:16:27,2018-03-22 11:35:31,2018-03-27 20:22:59,2018-04-20 18:09:37,2018-04-17 00:00:00,2018-03-21,2018-04-20 18:09:37.000000,2026-08-27T05:17:09.287600+00:00,D:/D drive recovery/Shiva JH/Projects/OneLake Medallion/data/landing/2018-03-21/orders.parquet,2018-03-21
0e2d7ec6702478f04fd7b14b55b906b0,e7c857bbac41f5a5af61d63650c2906d,delivered,2018-03-21 10:01:53,2018-03-22 02:49:49,2018-03-27 18:42:55,2018-04-06 01:41:09,2018-04-11 00:00:00,2018-03-21,2018-04-11 00:00:00.000000,2026-08-27T05:17:09.287600+00:00,D:/D drive recovery/Shiva JH/Projects/OneLake Medallion/data/landing/2018-03-21/orders.parquet,2018-03-21
84b91dcef1e21e8151a9618564095dae,f30d0854de694db1793c12eb3e78efe8,delivered,2018-03-21 22:20:20,2018-03-21 22:35:26,2018-03-24 01:12:37,2018-04-17 19:33:47,2018-04-25 00:00:00,2018-03-21,2018-04-25 00:00:00.000000,2026-08-27T05:17:09.287600+00:00,D:/D drive recovery/Shiva JH/Projects/OneLake Medallion/data/landing/2018-03-21/orders.parquet,2018-03-21
01c7b08f0c05952ce15edb928bb63d2d,378b80aaccaaf259cfd1389b968e4bb2,delivered,2018-04-02 16:59:53,2018-04-02 17:10:25,2018-04-05 13:03:32,2018-04-18 18:56:38,2018-05-02 00:00:00,2018-04-02,2018-05-02 00:00:00.000000,2026-08-27T05:17:09.287600+00:00,D:/D drive recovery/Shiva JH/Projects/OneLake Medallion/data/landing/2018-04-02/orders.parquet,2018-04-02
c633811fc9f385653545e0f903b60fe5,ab08684ddecf0885c8e85e4f9a7a6259,delivered,2018-04-02 22:05:20,2018-04-02 22:35:31,2018-04-03 23:32:21,2018-04-13 19:51:21,2018-04-25 00:00:00,2018-04-02,2018-04-25 00:00:00.000000,2026-08-27T05:17:09.287600+00:00,D:/D drive recovery/Shiva JH/Projects/OneLake Medallion/data/landing/2018-04-02/orders.parquet,2018-04-02
dc20710a4582a12ed1eb1504bd916272,5b4650bd59b6448a8c97c16df472c6e2,delivered,2018-04-02 16:32:05,2018-04-02 16:53:02,2018-04-03 19:30:55,2018-04-06 20:32:16,2018-04-18 00:00:00,2018-04-02,2018-04-18 00:00:00.000000,2026-08-27T05:17:09.287600+00:00,D:/D drive recovery/Shiva JH/Projects/OneLake Medallion/data/landing/2018-04-02/orders.parquet,2018-04-02
d74f695d00f9997798afe64684937fff,68fefc3d63ca480cc15d904be2e9b2b0,delivered,2018-04-02 14:08:43,2018-04-02 14:31:18,2018-04-03 23:05:16,2018-04-23 21:13:51,2018-04-24 00:00:00,2018-04-02,2018-04-24 00:00:00.000000,2026-08-27T05:17:09.287600+00:00,D:/D drive recovery/Shiva JH/Projects/OneLake Medallion/data/landing/2018-04-02/orders.parquet,2018-04-02
45c5fceca4f4409e9b086fff7c29e6bb,2dec2f01062c12231bd3e7b828729449,delivered,2018-04-02 21:51:04,2018-04-02 22:09:43,2018-04-07 01:19:18,2018-04-30 11:14:54,2018-04-23 00:00:00,2018-04-02,2018-04-30 11:14:54.000000,2026-08-27T05:17:09.287600+00:00,D:/D drive recovery/Shiva JH/Projects/OneLake Medallion/data/landing/2018-04-02/orders.parquet,2018-04-02
9c462c053ec072efcaa5186110cf96b8,6fe805b1e977fdad24d70a3ddb2f32b2,delivered,2018-04-14 12:16:10,2018-04-14 12:31:54,2018-04-17 21:14:32,2018-04-23 18:58:48,2018-05-10 00:00:00,2018-04-14,2018-05-10 00:00:00.000000,2026-08-27T05:17:09.287600+00:00,D:/D drive recovery/Shiva JH/Projects/OneLake Medallion/data/landing/2018-04-14/orders.parquet,2018-04-14
90d4fd66e34f42131ae8035b8c32a862,bfc4bcd108f48e1189d8775b6fe11f21,delivered,2018-04-14 11:43:13,2018-04-17 05:35:13,2018-04-17 19:22:14,2018-04-25 20:32:09,2018-05-23 00:00:00,2018-04-14,2018-05-23 00:00:00.000000,2026-08-27T05:17:09.287600+00:00,D:/D drive recovery/Shiva JH/Projects/OneLake Medallion/data/landing/2018-04-14/orders.parquet,2018-04-14
c92ef068e2628ab736ea295a7d536c7d,c7c24a8379c7f5593529e88ec2c31a8a,delivered,2018-04-14 09:16:09,2018-04-17 05:50:18,2018-05-02 08:32:00,2018-05-15 23:46:31,2018-05-16 00:00:00,2018-04-14,2018-05-16 00:00:00.000000,2026-08-27T05:17:09.287600+00:00,D:/D drive recovery/Shiva JH/Projects/OneLake Medallion/data/landing/2018-04-14/orders.parquet,2018-04-14
a5a8f79e024db5dd26d9b264c2aacb26,532721e38f0c0a589beaf74dca169cd1,delivered,2018-04-14 14:31:51,2018-04-14 14:51:58,2018-04-16 22:22:56,2018-04-20 22:52:28,2018-05-09 00:00:00,2018-04-14,2018-05-09 00:00:00.000000,2026-08-27T05:17:09.287600+00:00,D:/D drive recovery/Shiva JH/Projects/OneLake Medallion/data/landing/2018-04-14/orders.parquet,2018-04-14
05f9e5c577faa3a272454a2ceed5c64d,2a1ea3b265ba56bb61bb9a4aafd506f7,delivered,2018-04-14 20:23:39,2018-04-15 20:30:47,2018-04-17 17:08:33,2018-05-25 13:20:50,2018-05-15 00:00:00,2018-04-14,2018-05-25 13:20:50.000000,2026-08-27T05:17:09.287600+00:00,D:/D drive recovery/Shiva JH/Projects/OneLake Medallion/data/landing/2018-04-14/orders.parquet,2018-04-14
41b0c346ca595e5a94067d231e4106af,1f3cf47ae4ff41e66b69ed15d8807e77,delivered,2018-04-14 10:35:21,2018-04-14 10:50:56,2018-04-16 17:08:57,2018-04-27 17:54:50,2018-05-14 00:00:00,2018-04-14,2018-05-14 00:00:00.000000,2026-08-27T05:17:09.287600+00:00,D:/D drive recovery/Shiva JH/Projects/OneLake Medallion/data/landing/2018-04-14/orders.parquet,2018-04-14
2c8574e8710a496641d98e80143c7b98,232b9e51fc0fd2681049e687f520df16,delivered,2018-04-26 11:30:05,2018-04-26 11:52:42,2018-04-27 10:41:00,2018-05-05 17:08:29,2018-05-21 00:00:00,2018-04-26,2018-05-21 00:00:00.000000,2026-08-27T05:17:09.287600+00:00,D:/D drive recovery/Shiva JH/Projects/OneLake Medallion/data/landing/2018-04-26/orders.parquet,2018-04-26
3de337ef9b7afb31444752b9b6383b1f,b4315a3ff2acdccfc7734e953788bcde,delivered,2018-04-26 08:52:17,2018-04-26 17:31:44,2018-04-30 06:25:00,2018-05-04 12:57:43,2018-05-18 00:00:00,2018-04-26,2018-05-18 00:00:00.000000,2026-08-27T05:17:09.287600+00:00,D:/D drive recovery/Shiva JH/Projects/OneLake Medallion/data/landing/2018-04-26/orders.parquet,2018-04-26
499973f14af890d0e5c08bc600590ec4,a644339bf7abd0f72f6de816e4a2f80a,delivered,2018-05-08 13:53:49,2018-05-09 03:35:10,2018-05-10 14:19:00,2018-05-17 21:54:32,2018-06-07 00:00:00,2018-05-08,2018-06-07 00:00:00.000000,2026-08-27T05:17:09.287600+00:00,D:/D drive recovery/Shiva JH/Projects/OneLake Medallion/data/landing/2018-05-08/orders.parquet,2018-05-08
168a385694949b4ff7b62fba2f7cd23c,9d4b64f05426c33a47669d3e758c97fc,delivered,2018-05-08 11:06:34,2018-05-09 03:11:38,2018-05-10 12:31:00,2018-05-11 19:33:51,2018-05-21 00:00:00,2018-05-08,2018-05-21 00:00:00.000000,2026-08-27T05:17:09.287600+00:00,D:/D drive recovery/Shiva JH/Projects/OneLake Medallion/data/landing/2018-05-08/orders.parquet,2018-05-08
ff40f38705c95a8eceea1a0db29bff66,3d9b3665a39eb741b1ae50706cbddb8d,delivered,2018-05-08 12:27:09,2018-05-08 12:56:47,2018-05-09 16:22:00,2018-05-15 23:11:25,2018-06-04 00:00:00,2018-05-08,2018-06-04 00:00:00.000000,2026-08-27T05:17:09.287600+00:00,D:/D drive recovery/Shiva JH/Projects/OneLake Medallion/data/landing/2018-05-08/orders.parquet,2018-05-08
9893da51f6d1ad5bf15a1756e3b8c9b3,b262a7f72e882fb982f33f58c88dfba1,delivered,2018-05-08 16:04:28,2018-05-08 16:18:17,2018-05-09 17:50:00,2018-05-14 14:41:59,2018-06-06 00:00:00,2018-05-08,2018-06-06 00:00:00.000000,2026-08-27T05:17:09.287600+00:00,D:/D drive recovery/Shiva JH/Projects/OneLake Medallion/data/landing/2018-05-08/orders.parquet,2018-05-08
9f7acee13d271fc4082692dd7d0485c5,da78567acd7705268aed9990c5b148a5,delivered,2018-05-08 21:51:17,2018-05-08 22:14:49,2018-05-14 07:02:00,2018-05-18 18:26:30,2018-05-28 00:00:00,2018-05-08,2018-05-28 00:00:00.000000,2026-08-27T05:17:09.287600+00:00,D:/D drive recovery/Shiva JH/Projects/OneLake Medallion/data/landing/2018-05-08/orders.parquet,2018-05-08
68a688be62a4e82e6f8450c215d3fdae,e9957015777b9fa682e9cab2e94419b3,delivered,2018-05-08 21:08:36,2018-05-08 21:34:12,2018-05-11 17:09:00,2018-05-18 15:18:53,2018-06-04 00:00:00,2018-05-08,2018-06-04 00:00:00.000000,2026-08-27T05:17:09.287600+00:00,D:/D drive recovery/Shiva JH/Projects/OneLake Medallion/data/landing/2018-05-08/orders.parquet,2018-05-08
6ca82d9e4eb3effeb9ad7d3a592d3cc4,687d129b397ac0c3c8473e141233a55a,delivered,2018-05-08 18:48:03,2018-05-08 19:12:14,2018-05-09 12:52:00,2018-05-15 13:44:59,2018-05-28 00:00:00,2018-05-08,2018-05-28 00:00:00.000000,2026-08-27T05:17:09.287600+00:00,D:/D drive recovery/Shiva JH/Projects/OneLake Medallion/data/landing/2018-05-08/orders.parquet,2018-05-08
a92e6290657082950fa4ebb6fe8141a6,0f9fc50c9cc8ee06c5d2445655e4bca0,delivered,2018-05-20 16:15:36,2018-05-20 16:30:10,2018-05-22 08:06:00,2018-06-13 00:15:34,2018-06-08 00:00:00,2018-05-20,2018-06-13 00:15:34.000000,2026-08-27T05:17:09.287600+00:00,D:/D drive recovery/Shiva JH/Projects/OneLake Medallion/data/landing/2018-05-20/orders.parquet,2018-05-20
887c5d8c7e26394fd67b1ba6f1c72c7a,4a89970adc03947e8e1b53ac5107eb68,delivered,2018-05-20 11:31:59,2018-05-20 11:51:09,2018-05-21 18:58:00,2018-06-04 14:33:01,2018-05-29 00:00:00,2018-05-20,2018-06-04 14:33:01.000000,2026-08-27T05:17:09.287600+00:00,D:/D drive recovery/Shiva JH/Projects/OneLake Medallion/data/landing/2018-05-20/orders.parquet,2018-05-20
5ba66b05da23d680e9f6ab20a3ae5bc6,71b111f79977b3cd95efdaf500950336,delivered,2018-05-20 18:31:14,2018-05-20 18:58:54,2018-05-22 15:25:00,2018-05-24 14:32:46,2018-06-04 00:00:00,2018-05-20,2018-06-04 00:00:00.000000,2026-08-27T05:17:09.287600+00:00,D:/D drive recovery/Shiva JH/Projects/OneLake Medallion/data/landing/2018-05-20/orders.parquet,2018-05-20
f1aae2e4d1a714c4204f8fbfa09ea9b1,559502e5d84db9c6cc1145b707d3f813,delivered,2018-05-20 23:13:50,2018-05-22 02:15:44,2018-05-24 14:54:00,2018-06-08 16:14:44,2018-06-11 00:00:00,2018-05-20,2018-06-11 00:00:00.000000,2026-08-27T05:17:09.287600+00:00,D:/D drive recovery/Shiva JH/Projects/OneLake Medallion/data/landing/2018-05-20/orders.parquet,2018-05-20
22393c9bb58fd23ba0aaf68dab5094cc,e46731ed04dacfd209c14dff32d96e58,delivered,2018-05-20 11:04:08,2018-05-20 11:15:18,2018-05-24 12:25:00,2018-06-04 20:03:52,2018-06-06 00:00:00,2018-05-20,2018-06-06 00:00:00.000000,2026-08-27T05:17:09.287600+00:00,D:/D drive recovery/Shiva JH/Projects/OneLake Medallion/data/landing/2018-05-20/orders.parquet,2018-05-20
3f98a80c882c8294f35d35a4667490c4,d4263052448f5ad677572f14f531272f,delivered,2018-05-20 15:13:58,2018-05-21 16:35:50,2018-05-23 09:02:00,2018-05-29 18:22:38,2018-06-13 00:00:00,2018-05-20,2018-06-13 00:00:00.000000,2026-08-27T05:17:09.287600+00:00,D:/D drive recovery/Shiva JH/Projects/OneLake Medallion/data/landing/2018-05-20/orders.parquet,2018-05-20
f30149f4a8882a08895b6a242aa0d612,86c180c33f454b35e1596a99da3dddc4,delivered,2018-05-20 18:45:21,2018-05-20 18:58:59,2018-05-21 16:09:00,2018-06-06 22:11:56,2018-06-20 00:00:00,2018-05-20,2018-06-20 00:00:00.000000,2026-08-27T05:17:09.287600+00:00,D:/D drive recovery/Shiva JH/Projects/OneLake Medallion/data/landing/2018-05-20/orders.parquet,2018-05-20
d245d1728ad7cc2081cb50838d7d6fcb,49d1638db99abf0e8d8c03b9c15e869b,delivered,2018-06-01 08:19:07,2018-06-01 08:32:24,2018-06-01 14:28:00,2018-06-05 21:33:58,2018-07-11 00:00:00,2018-06-01,2018-07-11 00:00:00.000000,2026-08-27T05:17:09.287600+00:00,D:/D drive recovery/Shiva JH/Projects/OneLake Medallion/data/landing/2018-06-01/orders.parquet,2018-06-01
ea639b1119b066a5966041d2367ce1e7,2a8e6bb4efdcf4ac252e81658f1eb003,delivered,2018-06-01 19:45:08,2018-06-01 20:11:23,2018-06-04 14:21:00,2018-07-16 23:48:41,2018-07-13 00:00:00,2018-06-01,2018-07-16 23:48:41.000000,2026-08-27T05:17:09.287600+00:00,D:/D drive recovery/Shiva JH/Projects/OneLake Medallion/data/landing/2018-06-01/orders.parquet,2018-06-01
e6e4672e14ca0ff3cbdf2e23e1d6cc30,e4c41bebed7244008560be0c59fbe6ff,delivered,2018-06-01 19:28:15,2018-06-05 04:12:41,2018-06-05 12:44:00,2018-06-13 14:16:54,2018-07-11 00:00:00,2018-06-01,2018-07-11 00:00:00.000000,2026-08-27T05:17:09.287600+00:00,D:/D drive recovery/Shiva JH/Projects/OneLake Medallion/data/landing/2018-06-01/orders.parquet,2018-06-01
6553bc307b0ce8eded2609f0008ae2bd,5c896117244c11cdcc73221662757e05,delivered,2018-06-01 12:41:29,2018-06-01 12:55:31,2018-06-04 17:03:00,2018-06-13 23:41:30,2018-07-13 00:00:00,2018-06-01,2018-07-13 00:00:00.000000,2026-08-27T05:17:09.287600+00:00,D:/D drive recovery/Shiva JH/Projects/OneLake Medallion/data/landing/2018-06-01/orders.parquet,2018-06-01
05bdb94211a1ae1e3734545262f50da3,8569e9f2797775eb7a3c4263e868ddad,delivered,2018-06-01 16:22:44,2018-06-01 16:35:19,2018-06-04 13:54:00,2018-06-05 18:32:46,2018-06-26 00:00:00,2018-06-01,2018-06-26 00:00:00.000000,2026-08-27T05:17:09.287600+00:00,D:/D drive recovery/Shiva JH/Projects/OneLake Medallion/data/landing/2018-06-01/orders.parquet,2018-06-01
e92f3505810692cd4a0350b19e2d9045,24c63a7108d652ad0ed85589c4575297,delivered,2018-06-13 22:54:20,2018-06-13 23:18:38,2018-06-14 13:47:00,2018-06-22 17:46:42,2018-07-11 00:00:00,2018-06-13,2018-07-11 00:00:00.000000,2026-08-27T05:17:09.287600+00:00,D:/D drive recovery/Shiva JH/Projects/OneLake Medallion/data/landing/2018-06-13/orders.parquet,2018-06-13
048741d7885a7fded1de887eb956fff3,66f367ff21d8f67aa80a9cf3301fa4ca,delivered,2018-06-13 17:00:48,2018-06-13 17:20:44,2018-06-15 14:58:00,2018-06-20 17:37:30,2018-07-03 00:00:00,2018-06-13,2018-07-03 00:00:00.000000,2026-08-27T05:17:09.287600+00:00,D:/D drive recovery/Shiva JH/Projects/OneLake Medallion/data/landing/2018-06-13/orders.parquet,2018-06-13
d318b798f415b925411c4b1158c2ca9a,20f7de2fa3510b859b29df643f4fb0e4,delivered,2018-06-13 19:05:30,2018-06-13 19:40:50,2018-06-14 14:02:00,2018-06-20 18:45:43,2018-07-04 00:00:00,2018-06-13,2018-07-04 00:00:00.000000,2026-08-27T05:17:09.287600+00:00,D:/D drive recovery/Shiva JH/Projects/OneLake Medallion/data/landing/2018-06-13/orders.parquet,2018-06-13
f51de224914539ecac4ad066fcaa5a1e,6274ef97e53b7648554b8b8dce8518c7,delivered,2018-06-13 10:13:53,2018-06-14 02:39:54,2018-06-15 07:46:00,2018-06-19 15:56:35,2018-06-28 00:00:00,2018-06-13,2018-06-28 00:00:00.000000,2026-08-27T05:17:09.287600+00:00,D:/D drive recovery/Shiva JH/Projects/OneLake Medallion/data/landing/2018-06-13/orders.parquet,2018-06-13
3391274af8aa8372225f9c42c63d853e,10c6c3b09d214daff1750003e2d2f64c,delivered,2018-06-13 12:33:49,2018-06-13 13:01:24,2018-06-15 16:35:00,2018-06-20 00:36:32,2018-07-11 00:00:00,2018-06-13,2018-07-11 00:00:00.000000,2026-08-27T05:17:09.287600+00:00,D:/D drive recovery/Shiva JH/Projects/OneLake Medallion/data/landing/2018-06-13/orders.parquet,2018-06-13
138922735946aa65c66ca7e7bd4e5980,90d02fd307b005397290a57df5f0c986,delivered,2018-06-13 19:37:12,2018-06-13 19:59:58,2018-06-18 11:01:00,2018-06-30 00:35:24,2018-07-11 00:00:00,2018-06-13,2018-07-11 00:00:00.000000,2026-08-27T05:17:09.287600+00:00,D:/D drive recovery/Shiva JH/Projects/OneLake Medallion/data/landing/2018-06-13/orders.parquet,2018-06-13
5c3daac471748ba7152bf6760e8c12b8,909581047bbcefcdb301da7c5ce063f8,delivered,2018-06-13 11:33:32,2018-06-13 12:32:50,2018-06-19 10:30:00,2018-06-23 10:56:16,2018-07-12 00:00:00,2018-06-13,2018-07-12 00:00:00.000000,2026-08-27T05:17:09.287600+00:00,D:/D drive recovery/Shiva JH/Projects/OneLake Medallion/data/landing/2018-06-13/orders.parquet,2018-06-13
4fa933d3af1ace6329bd375b0be6398b,90553a4698520fdfd662f59faa2211b4,delivered,2018-06-13 16:09:06,2018-06-14 10:20:06,2018-06-14 14:45:00,2018-06-16 18:56:48,2018-06-26 00:00:00,2018-06-13,2018-06-26 00:00:00.000000,2026-08-27T05:17:09.287600+00:00,D:/D drive recovery/Shiva JH/Projects/OneLake Medallion/data/landing/2018-06-13/orders.parquet,2018-06-13
af18c8b9b0890d5387074340f9d39cc7,fb003078b5824a2d03f9ec3cb6938b87,delivered,2018-06-13 09:57:33,2018-06-13 14:31:29,2018-06-13 12:14:00,2018-06-28 17:54:58,2018-07-16 00:00:00,2018-06-13,2018-07-16 00:00:00.000000,2026-08-27T05:17:09.287600+00:00,D:/D drive recovery/Shiva JH/Projects/OneLake Medallion/data/landing/2018-06-13/orders.parquet,2018-06-13
b7af6b8813fa3bb23a67f2fd8284db1e,6531d4ad5d401bc0d4fcca146cff73b1,delivered,2018-06-25 11:18:12,2018-06-25 11:33:53,2018-06-26 12:40:00,2018-06-28 13:16:51,2018-07-11 00:00:00,2018-06-25,2018-07-11 00:00:00.000000,2026-08-27T05:17:09.287600+00:00,D:/D drive recovery/Shiva JH/Projects/OneLake Medallion/data/landing/2018-06-25/orders.parquet,2018-06-25
1d74feccf8381303587104e6f647a189,1c5fa35b696f73137a7fa686016e6323,delivered,2018-06-25 01:05:38,2018-06-25 01:35:14,2018-06-25 17:50:00,2018-06-29 15:42:59,2018-07-19 00:00:00,2018-06-25,2018-07-19 00:00:00.000000,2026-08-27T05:17:09.287600+00:00,D:/D drive recovery/Shiva JH/Projects/OneLake Medallion/data/landing/2018-06-25/orders.parquet,2018-06-25
d9137c81bf939fd8a1934f77b701422c,d1b14fc1c19d8abe7194221cc318f50c,delivered,2018-06-25 20:49:44,2018-06-25 21:13:05,2018-06-26 14:35:00,2018-06-29 00:26:31,2018-07-16 00:00:00,2018-06-25,2018-07-16 00:00:00.000000,2026-08-27T05:17:09.287600+00:00,D:/D drive recovery/Shiva JH/Projects/OneLake Medallion/data/landing/2018-06-25/orders.parquet,2018-06-25
