product_id,product_category_name,product_name_lenght,product_description_lenght,product_photos_qty,product_weight_g,product_length_cm,product_height_cm,product_width_cm,updated_at,_ingested_at,_source_file,_batch_id
3aa071139cb16b67ca9e5dea641aaa2f,artes,44.0,276.0,1.0,1000.0,30.0,18.0,20.0,2016-01-01 00:00:00.000000,2026-08-27T05:17:09.287600+00:00,D:/D drive recovery/Shiva JH/Projects/OneLake Medallion/data/landing/_reference/products.parquet,_reference
f53103a77d9cf245e579ea37e5ec51f0,cama_mesa_banho,52.0,206.0,1.0,500.0,16.0,10.0,16.0,2016-01-01 00:00:00.000000,2026-08-27T05:17:09.287600+00:00,D:/D drive recovery/Shiva JH/Projects/OneLake Medallion/data/landing/_reference/products.parquet,_reference
5f504b3a1c75b73d6151be81eb05bdc9,cool_stuff,38.0,1176.0,3.0,15350.0,47.0,40.0,47.0,2016-01-01 00:00:00.000000,2026-08-27T05:17:09.287600+00:00,D:/D drive recovery/Shiva JH/Projects/OneLake Medallion/data/landing/_reference/products.parquet,_reference
4c8056caed5757810b9a68b83c3759e6,malas_acessorios,53.0,1291.0,2.0,450.0,20.0,40.0,30.0,2016-01-01 00:00:00.000000,2026-08-27T05:17:09.287600+00:00,D:/D drive recovery/Shiva JH/Projects/OneLake Medallion/data/landing/_reference/products.parquet,_reference
0d009643171aee696f4733340bc2fdd0,perfumaria,52.0,150.0,1.0,422.0,21.0,16.0,18.0,2016-01-01 00:00:00.000000,2026-08-27T05:17:09.287600+00:00,D:/D drive recovery/Shiva JH/Projects/OneLake Medallion/data/landing/_reference/products.parquet,_reference
8efa775719397f78f79c8e5c7b0afbd4,moveis_decoracao,22.0,275.0,1.0,1000.0,30.0,18.0,18.0,2016-01-01 00:00:00.000000,2026-08-27T05:17:09.287600+00:00,D:/D drive recovery/Shiva JH/Projects/OneLake Medallion/data/landing/_reference/products.parquet,_reference
4a96de21ccfb22ebe1c56992acbbd7fc,climatizacao,58.0,655.0,5.0,1300.0,30.0,10.0,30.0,2016-01-01 00:00:00.000000,2026-08-27T05:17:09.287600+00:00,D:/D drive recovery/Shiva JH/Projects/OneLake Medallion/data/landing/_reference/products.parquet,_reference
bbaef2eadf31fe3ea6702077398be06c,perfumaria,45.0,1003.0,2.0,400.0,18.0,11.0,11.0,2016-01-01 00:00:00.000000,2026-08-27T05:17:09.287600+00:00,D:/D drive recovery/Shiva JH/Projects/OneLake Medallion/data/landing/_reference/products.parquet,_reference
58bef3ad35aed45b92cf03510e6cf5ce,esporte_lazer,54.0,3830.0,1.0,1300.0,31.0,32.0,31.0,2016-01-01 00:00:00.000000,2026-08-27T05:17:09.287600+00:00,D:/D drive recovery/Shiva JH/Projects/OneLake Medallion/data/landing/_reference/products.parquet,_reference
532d7f19b8005e415f5b98a1cf4a8690,utilidades_domesticas,58.0,172.0,1.0,400.0,16.0,10.0,14.0,2016-01-01 00:00:00.000000,2026-08-27T05:17:09.287600+00:00,D:/D drive recovery/Shiva JH/Projects/OneLake Medallion/data/landing/_reference/products.parquet,_reference
e2c3ed9aaddfd2312a6a5fe9b3ddadd3,brinquedos,53.0,579.0,1.0,675.0,22.0,24.0,21.0,2016-01-01 00:00:00.000000,2026-08-27T05:17:09.287600+00:00,D:/D drive recovery/Shiva JH/Projects/OneLake Medallion/data/landing/_reference/products.parquet,_reference
78119fbfa709d07b86f5ccf15043c6d6,cool_stuff,43.0,447.0,2.0,586.0,18.0,11.0,13.0,2016-01-01 00:00:00.000000,2026-08-27T05:17:09.287600+00:00,D:/D drive recovery/Shiva JH/Projects/OneLake Medallion/data/landing/_reference/products.parquet,_reference
3c883b9d3fd2d0ce448d4136349dc0a4,cama_mesa_banho,49.0,153.0,1.0,550.0,23.0,15.0,23.0,2016-01-01 00:00:00.000000,2026-08-27T05:17:09.287600+00:00,D:/D drive recovery/Shiva JH/Projects/OneLake Medallion/data/landing/_reference/products.parquet,_reference
c6336fa91fbd87c359e44f5dca5a90ed,esporte_lazer,39.0,772.0,1.0,150.0,16.0,16.0,11.0,2016-01-01 00:00:00.000000,2026-08-27T05:17:09.287600+00:00,D:/D drive recovery/Shiva JH/Projects/OneLake Medallion/data/landing/_reference/products.parquet,_reference
2e511b5741ab14e7f5294df6f1310b03,informatica_acessorios,52.0,2515.0,1.0,188.0,20.0,16.0,15.0,2016-01-01 00:00:00.000000,2026-08-27T05:17:09.287600+00:00,D:/D drive recovery/Shiva JH/Projects/OneLake Medallion/data/landing/_reference/products.parquet,_reference
2029248294c186017ecfc48cecd47bbd,ferramentas_jardim,44.0,586.0,3.0,3250.0,32.0,14.0,22.0,2016-01-01 00:00:00.000000,2026-08-27T05:17:09.287600+00:00,D:/D drive recovery/Shiva JH/Projects/OneLake Medallion/data/landing/_reference/products.parquet,_reference
c354569eefd558bf201d0aedf35608ed,cama_mesa_banho,55.0,166.0,1.0,700.0,49.0,4.0,50.0,2016-01-01 00:00:00.000000,2026-08-27T05:17:09.287600+00:00,D:/D drive recovery/Shiva JH/Projects/OneLake Medallion/data/landing/_reference/products.parquet,_reference
a1e9b0d76a76ff474f4a4374fcfb8c42,esporte_lazer,28.0,663.0,1.0,1800.0,28.0,12.0,18.0,2016-01-01 00:00:00.000000,2026-08-27T05:17:09.287600+00:00,D:/D drive recovery/Shiva JH/Projects/OneLake Medallion/data/landing/_reference/products.parquet,_reference
b97114b2893e68400ae867459b491bcd,cama_mesa_banho,44.0,331.0,1.0,360.0,36.0,6.0,26.0,2016-01-01 00:00:00.000000,2026-08-27T05:17:09.287600+00:00,D:/D drive recovery/Shiva JH/Projects/OneLake Medallion/data/landing/_reference/products.parquet,_reference
0bb7cb61f1957f79dac582ab66ccdc1f,utilidades_domesticas,45.0,561.0,2.0,553.0,18.0,9.0,15.0,2016-01-01 00:00:00.000000,2026-08-27T05:17:09.287600+00:00,D:/D drive recovery/Shiva JH/Projects/OneLake Medallion/data/landing/_reference/products.parquet,_reference
b72e63f4630dcaded1689b28efa4c583,brinquedos,59.0,1272.0,5.0,1000.0,30.0,13.0,30.0,2016-01-01 00:00:00.000000,2026-08-27T05:17:09.287600+00:00,D:/D drive recovery/Shiva JH/Projects/OneLake Medallion/data/landing/_reference/products.parquet,_reference
2ac6c3f94b62b0d60ac5b907bdb42cd4,fashion_bolsas_e_acessorios,56.0,1410.0,1.0,200.0,16.0,2.0,20.0,2016-01-01 00:00:00.000000,2026-08-27T05:17:09.287600+00:00,D:/D drive recovery/Shiva JH/Projects/OneLake Medallion/data/landing/_reference/products.parquet,_reference
a314a62cff3e5725f545fa263aed7a7b,cama_mesa_banho,48.0,120.0,1.0,300.0,40.0,4.0,30.0,2016-01-01 00:00:00.000000,2026-08-27T05:17:09.287600+00:00,D:/D drive recovery/Shiva JH/Projects/OneLake Medallion/data/landing/_reference/products.parquet,_reference
2043cae78c8b731c405c7329a05154b2,eletroportateis,52.0,640.0,3.0,750.0,30.0,30.0,30.0,2016-01-01 00:00:00.000000,2026-08-27T05:17:09.287600+00:00,D:/D drive recovery/Shiva JH/Projects/OneLake Medallion/data/landing/_reference/products.parquet,_reference
46a44fef61c4835cb2cc8f39f0ce0752,utilidades_domesticas,63.0,261.0,2.0,250.0,20.0,9.0,12.0,2016-01-01 00:00:00.000000,2026-08-27T05:17:09.287600+00:00,D:/D drive recovery/Shiva JH/Projects/OneLake Medallion/data/landing/_reference/products.parquet,_reference
1dce3fd38c13a3e74fe5000f33858442,automotivo,58.0,674.0,3.0,1800.0,22.0,10.0,18.0,2016-01-01 00:00:00.000000,2026-08-27T05:17:09.287600+00:00,D:/D drive recovery/Shiva JH/Projects/OneLake Medallion/data/landing/_reference/products.parquet,_reference
f102842fbe436027eeeb7fc76d3063aa,consoles_games,59.0,434.0,3.0,350.0,20.0,20.0,20.0,2016-01-01 00:00:00.000000,2026-08-27T05:17:09.287600+00:00,D:/D drive recovery/Shiva JH/Projects/OneLake Medallion/data/landing/_reference/products.parquet,_reference
477e9dd0ec1da08376e3e29bf434add9,construcao_ferramentas_construcao,59.0,711.0,6.0,1250.0,30.0,10.0,20.0,2016-01-01 00:00:00.000000,2026-08-27T05:17:09.287600+00:00,D:/D drive recovery/Shiva JH/Projects/OneLake Medallion/data/landing/_reference/products.parquet,_reference
a963ea4d494221de09b70f1b4a70edbd,informatica_acessorios,58.0,240.0,1.0,150.0,35.0,8.0,11.0,2016-01-01 00:00:00.000000,2026-08-27T05:17:09.287600+00:00,D:/D drive recovery/Shiva JH/Projects/OneLake Medallion/data/landing/_reference/products.parquet,_reference
386486367c1f9d4f587a8864ccb6902b,cama_mesa_banho,54.0,120.0,1.0,835.0,40.0,9.0,33.0,2016-01-01 00:00:00.000000,2026-08-27T05:17:09.287600+00:00,D:/D drive recovery/Shiva JH/Projects/OneLake Medallion/data/landing/_reference/products.parquet,_reference
ed9b924bdbd0fd22c60aba6dddfbb6e5,audio,60.0,1046.0,1.0,675.0,22.0,9.0,16.0,2016-01-01 00:00:00.000000,2026-08-27T05:17:09.287600+00:00,D:/D drive recovery/Shiva JH/Projects/OneLake Medallion/data/landing/_reference/products.parquet,_reference
fc37e09bb4dadd1eef5e92e954b1c72e,bebes,51.0,1243.0,2.0,500.0,30.0,6.0,23.0,2016-01-01 00:00:00.000000,2026-08-27T05:17:09.287600+00:00,D:/D drive recovery/Shiva JH/Projects/OneLake Medallion/data/landing/_reference/products.parquet,_reference
f303e2cdf0967ef1a153d12f2685d280,cama_mesa_banho,58.0,262.0,1.0,1400.0,25.0,10.0,25.0,2016-01-01 00:00:00.000000,2026-08-27T05:17:09.287600+00:00,D:/D drive recovery/Shiva JH/Projects/OneLake Medallion/data/landing/_reference/products.parquet,_reference
1fa4ef78e1b8f0afea31e4ae9578affd,cama_mesa_banho,55.0,739.0,1.0,1600.0,40.0,20.0,20.0,2016-01-01 00:00:00.000000,2026-08-27T05:17:09.287600+00:00,D:/D drive recovery/Shiva JH/Projects/OneLake Medallion/data/landing/_reference/products.parquet,_reference
fedccbd5e370e8ddb7aae6fb4cb70347,,,,,1200.0,20.0,20.0,20.0,2016-01-01 00:00:00.000000,2026-08-27T05:17:09.287600+00:00,D:/D drive recovery/Shiva JH/Projects/OneLake Medallion/data/landing/_reference/products.parquet,_reference
29c131c43e662b738339aafcc0ba00fc,moveis_decoracao,32.0,926.0,1.0,600.0,17.0,17.0,17.0,2016-01-01 00:00:00.000000,2026-08-27T05:17:09.287600+00:00,D:/D drive recovery/Shiva JH/Projects/OneLake Medallion/data/landing/_reference/products.parquet,_reference
1ecaa47c3ade7f098ca5dd97e8dcb018,telefonia,54.0,653.0,1.0,150.0,19.0,3.0,11.0,2016-01-01 00:00:00.000000,2026-08-27T05:17:09.287600+00:00,D:/D drive recovery/Shiva JH/Projects/OneLake Medallion/data/landing/_reference/products.parquet,_reference
da86f2cc2faf840b7b86390726b88905,perfumaria,37.0,107.0,2.0,200.0,22.0,3.0,11.0,2016-01-01 00:00:00.000000,2026-08-27T05:17:09.287600+00:00,D:/D drive recovery/Shiva JH/Projects/OneLake Medallion/data/landing/_reference/products.parquet,_reference
f7740e5b4337a3cc4a8a204553101a85,beleza_saude,43.0,876.0,2.0,543.0,30.0,12.0,16.0,2016-01-01 00:00:00.000000,2026-08-27T05:17:09.287600+00:00,D:/D drive recovery/Shiva JH/Projects/OneLake Medallion/data/landing/_reference/products.parquet,_reference
3932e37f1f658768ac53fbe680f145bc,cama_mesa_banho,60.0,850.0,1.0,1100.0,40.0,10.0,30.0,2016-01-01 00:00:00.000000,2026-08-27T05:17:09.287600+00:00,D:/D drive recovery/Shiva JH/Projects/OneLake Medallion/data/landing/_reference/products.parquet,_reference
53b36df67ebb7c41585e8d54d6772e08,relogios_presentes,33.0,523.0,3.0,584.0,16.0,11.0,13.0,2016-01-01 00:00:00.000000,2026-08-27T05:17:09.287600+00:00,D:/D drive recovery/Shiva JH/Projects/OneLake Medallion/data/landing/_reference/products.parquet,_reference
9b191ab94826390cd135c837fb7bc881,cama_mesa_banho,56.0,729.0,1.0,2700.0,20.0,30.0,30.0,2016-01-01 00:00:00.000000,2026-08-27T05:17:09.287600+00:00,D:/D drive recovery/Shiva JH/Projects/OneLake Medallion/data/landing/_reference/products.parquet,_reference
036734b5a58d5d4f46b0616ddc047ced,telefonia,58.0,751.0,5.0,300.0,17.0,4.0,12.0,2016-01-01 00:00:00.000000,2026-08-27T05:17:09.287600+00:00,D:/D drive recovery/Shiva JH/Projects/OneLake Medallion/data/landing/_reference/products.parquet,_reference
e29f2f8197f332ab172ad9ea6566853d,informatica_acessorios,59.0,445.0,1.0,133.0,16.0,12.0,15.0,2016-01-01 00:00:00.000000,2026-08-27T05:17:09.287600+00:00,D:/D drive recovery/Shiva JH/Projects/OneLake Medallion/data/landing/_reference/products.parquet,_reference
c1b555c58d48d228480072f1492cc14f,cama_mesa_banho,42.0,331.0,1.0,550.0,23.0,37.0,35.0,2016-01-01 00:00:00.000000,2026-08-27T05:17:09.287600+00:00,D:/D drive recovery/Shiva JH/Projects/OneLake Medallion/data/landing/_reference/products.parquet,_reference
1175dc374bce5c9d93c4d4281d8d85d7,perfumaria,52.0,693.0,1.0,400.0,18.0,18.0,18.0,2016-01-01 00:00:00.000000,2026-08-27T05:17:09.287600+00:00,D:/D drive recovery/Shiva JH/Projects/OneLake Medallion/data/landing/_reference/products.parquet,_reference
155eae0f604655ce68005b34cb88b7c9,construcao_ferramentas_construcao,52.0,3500.0,3.0,2700.0,16.0,11.0,11.0,2016-01-01 00:00:00.000000,2026-08-27T05:17:09.287600+00:00,D:/D drive recovery/Shiva JH/Projects/OneLake Medallion/data/landing/_reference/products.parquet,_reference
fc5c33cddd49638580cfe9fec90aa943,bebes,16.0,978.0,1.0,300.0,16.0,8.0,11.0,2016-01-01 00:00:00.000000,2026-08-27T05:17:09.287600+00:00,D:/D drive recovery/Shiva JH/Projects/OneLake Medallion/data/landing/_reference/products.parquet,_reference
385a33a408e9c35c9fbc2025c12f3784,informatica_acessorios,52.0,967.0,1.0,220.0,22.0,13.0,12.0,2016-01-01 00:00:00.000000,2026-08-27T05:17:09.287600+00:00,D:/D drive recovery/Shiva JH/Projects/OneLake Medallion/data/landing/_reference/products.parquet,_reference
0f8977d115c52d93a05dd4eb7052baff,cama_mesa_banho,59.0,266.0,1.0,3975.0,46.0,12.0,43.0,2016-01-01 00:00:00.000000,2026-08-27T05:17:09.287600+00:00,D:/D drive recovery/Shiva JH/Projects/OneLake Medallion/data/landing/_reference/products.parquet,_reference
557484a8965bdc4e548658239f7663fd,ferramentas_jardim,52.0,1493.0,6.0,4000.0,30.0,21.0,24.0,2016-01-01 00:00:00.000000,2026-08-27T05:17:09.287600+00:00,D:/D drive recovery/Shiva JH/Projects/OneLake Medallion/data/landing/_reference/products.parquet,_reference
995e25d9b46dee183004994645768d95,esporte_lazer,57.0,722.0,4.0,500.0,16.0,15.0,20.0,2016-01-01 00:00:00.000000,2026-08-27T05:17:09.287600+00:00,D:/D drive recovery/Shiva JH/Projects/OneLake Medallion/data/landing/_reference/products.parquet,_reference
56e04ad5959e2c30a6754d9cc1f098f2,portateis_casa_forno_e_cafe,46.0,490.0,1.0,225.0,18.0,18.0,16.0,2016-01-01 00:00:00.000000,2026-08-27T05:17:09.287600+00:00,D:/D drive recovery/Shiva JH/Projects/OneLake Medallion/data/landing/_reference/products.parquet,_reference
b88d27345de2feed45475bb48cca74b1,papelaria,55.0,787.0,2.0,300.0,16.0,5.0,17.0,2016-01-01 00:00:00.000000,2026-08-27T05:17:09.287600+00:00,D:/D drive recovery/Shiva JH/Projects/OneLake Medallion/data/landing/_reference/products.parquet,_reference
d248fe1e952b5b5d62572369cc23ac3c,relogios_presentes,34.0,608.0,3.0,600.0,23.0,19.0,15.0,2016-01-01 00:00:00.000000,2026-08-27T05:17:09.287600+00:00,D:/D drive recovery/Shiva JH/Projects/OneLake Medallion/data/landing/_reference/products.parquet,_reference
90f97298579cd20412fdcc9b7a2d4b6b,alimentos_bebidas,31.0,502.0,1.0,475.0,20.0,16.0,13.0,2016-01-01 00:00:00.000000,2026-08-27T05:17:09.287600+00:00,D:/D drive recovery/Shiva JH/Projects/OneLake Medallion/data/landing/_reference/products.parquet,_reference
812f428f6757ab16c46cffc68f2e90c5,moveis_decoracao,53.0,1991.0,2.0,600.0,60.0,7.0,14.0,2016-01-01 00:00:00.000000,2026-08-27T05:17:09.287600+00:00,D:/D drive recovery/Shiva JH/Projects/OneLake Medallion/data/landing/_reference/products.parquet,_reference
753de82a096285dc21658d87c4933771,fashion_bolsas_e_acessorios,41.0,187.0,1.0,100.0,16.0,16.0,16.0,2016-01-01 00:00:00.000000,2026-08-27T05:17:09.287600+00:00,D:/D drive recovery/Shiva JH/Projects/OneLake Medallion/data/landing/_reference/products.parquet,_reference
31a2f42a87890f87d77daebdfabc182e,brinquedos,58.0,419.0,5.0,1700.0,30.0,35.0,25.0,2016-01-01 00:00:00.000000,2026-08-27T05:17:09.287600+00:00,D:/D drive recovery/Shiva JH/Projects/OneLake Medallion/data/landing/_reference/products.parquet,_reference
aba92acbdc38cb3a656015d4fa601a23,telefonia,59.0,502.0,1.0,325.0,40.0,10.0,11.0,2016-01-01 00:00:00.000000,2026-08-27T05:17:09.287600+00:00,D:/D drive recovery/Shiva JH/Projects/OneLake Medallion/data/landing/_reference/products.parquet,_reference
0c5bb07e9638a9c1f2616db08eb0318f,consoles_games,27.0,462.0,1.0,200.0,24.0,3.0,19.0,2016-01-01 00:00:00.000000,2026-08-27T05:17:09.287600+00:00,D:/D drive recovery/Shiva JH/Projects/OneLake Medallion/data/landing/_reference/products.parquet,_reference
d0fb1e667e989933a80444f93da833c0,utilidades_domesticas,47.0,390.0,3.0,525.0,18.0,19.0,16.0,2016-01-01 00:00:00.000000,2026-08-27T05:17:09.287600+00:00,D:/D drive recovery/Shiva JH/Projects/OneLake Medallion/data/landing/_reference/products.parquet,_reference
70906e04da1eebf3d1b8791bd09ffe85,informatica_acessorios,51.0,518.0,1.0,214.0,18.0,14.0,13.0,2016-01-01 00:00:00.000000,2026-08-27T05:17:09.287600+00:00,D:/D drive recovery/Shiva JH/Projects/OneLake Medallion/data/landing/_reference/products.parquet,_reference
643a66b1dc5dad3de6cb5a41549e72f1,casa_construcao,51.0,1558.0,2.0,300.0,27.0,8.0,21.0,2016-01-01 00:00:00.000000,2026-08-27T05:17:09.287600+00:00,D:/D drive recovery/Shiva JH/Projects/OneLake Medallion/data/landing/_reference/products.parquet,_reference
962a6951154f98f2c8e9a5b8b2bcf4a9,moveis_decoracao,47.0,610.0,1.0,2550.0,30.0,35.0,30.0,2016-01-01 00:00:00.000000,2026-08-27T05:17:09.287600+00:00,D:/D drive recovery/Shiva JH/Projects/OneLake Medallion/data/landing/_reference/products.parquet,_reference
72b253635b316f49e42e618d6e585ebc,brinquedos,23.0,273.0,1.0,125.0,22.0,7.0,14.0,2016-01-01 00:00:00.000000,2026-08-27T05:17:09.287600+00:00,D:/D drive recovery/Shiva JH/Projects/OneLake Medallion/data/landing/_reference/products.parquet,_reference
7b85e3deef35afd6ebed5461ee8f0641,informatica_acessorios,56.0,617.0,1.0,1583.0,18.0,15.0,12.0,2016-01-01 00:00:00.000000,2026-08-27T05:17:09.287600+00:00,D:/D drive recovery/Shiva JH/Projects/OneLake Medallion/data/landing/_reference/products.parquet,_reference
d48bacc1dcd9c86bf1ed4ed2a303336c,brinquedos,52.0,752.0,3.0,1232.0,38.0,18.0,25.0,2016-01-01 00:00:00.000000,2026-08-27T05:17:09.287600+00:00,D:/D drive recovery/Shiva JH/Projects/OneLake Medallion/data/landing/_reference/products.parquet,_reference
ec72556b5da399d24fe06338e816a9ac,papelaria,45.0,151.0,2.0,233.0,20.0,11.0,15.0,2016-01-01 00:00:00.000000,2026-08-27T05:17:09.287600+00:00,D:/D drive recovery/Shiva JH/Projects/OneLake Medallion/data/landing/_reference/products.parquet,_reference
7b32b1b87594b60dced8abb4531d2986,telefonia,51.0,419.0,1.0,350.0,16.0,6.0,11.0,2016-01-01 00:00:00.000000,2026-08-27T05:17:09.287600+00:00,D:/D drive recovery/Shiva JH/Projects/OneLake Medallion/data/landing/_reference/products.parquet,_reference
83b92639fffd1d55c9e04c77c86d8d2c,informatica_acessorios,56.0,901.0,1.0,280.0,20.0,15.0,14.0,2016-01-01 00:00:00.000000,2026-08-27T05:17:09.287600+00:00,D:/D drive recovery/Shiva JH/Projects/OneLake Medallion/data/landing/_reference/products.parquet,_reference
d696750e550fd0f733979dd7e5dff921,utilidades_domesticas,44.0,916.0,2.0,950.0,53.0,5.0,13.0,2016-01-01 00:00:00.000000,2026-08-27T05:17:09.287600+00:00,D:/D drive recovery/Shiva JH/Projects/OneLake Medallion/data/landing/_reference/products.parquet,_reference
b1fa7a05a5eb864f4fd083ef11c0d0d6,brinquedos,58.0,454.0,4.0,390.0,33.0,9.0,18.0,2016-01-01 00:00:00.000000,2026-08-27T05:17:09.287600+00:00,D:/D drive recovery/Shiva JH/Projects/OneLake Medallion/data/landing/_reference/products.parquet,_reference
173e9fe34bfe97f3a5e6dc57fe897b74,livros_tecnicos,36.0,890.0,1.0,950.0,29.0,3.0,21.0,2016-01-01 00:00:00.000000,2026-08-27T05:17:09.287600+00:00,D:/D drive recovery/Shiva JH/Projects/OneLake Medallion/data/landing/_reference/products.parquet,_reference
9bde06b382560a866ee357832761aaf0,brinquedos,53.0,724.0,1.0,1400.0,30.0,22.0,22.0,2016-01-01 00:00:00.000000,2026-08-27T05:17:09.287600+00:00,D:/D drive recovery/Shiva JH/Projects/OneLake Medallion/data/landing/_reference/products.parquet,_reference
de72ea95a1cd05b1a597d294a425be57,automotivo,31.0,728.0,2.0,25100.0,64.0,64.0,49.0,2016-01-01 00:00:00.000000,2026-08-27T05:17:09.287600+00:00,D:/D drive recovery/Shiva JH/Projects/OneLake Medallion/data/landing/_reference/products.parquet,_reference
601a360bd2a916ecef0e88de72a6531a,cool_stuff,33.0,897.0,1.0,1600.0,42.0,25.0,15.0,2016-01-01 00:00:00.000000,2026-08-27T05:17:09.287600+00:00,D:/D drive recovery/Shiva JH/Projects/OneLake Medallion/data/landing/_reference/products.parquet,_reference
af56e0203193f066ed64cbbbbf95ae6a,esporte_lazer,50.0,1290.0,3.0,750.0,25.0,7.0,25.0,2016-01-01 00:00:00.000000,2026-08-27T05:17:09.287600+00:00,D:/D drive recovery/Shiva JH/Projects/OneLake Medallion/data/landing/_reference/products.parquet,_reference
cc59cf334461196527f790e5c9191ece,pet_shop,39.0,619.0,1.0,140.0,19.0,12.0,15.0,2016-01-01 00:00:00.000000,2026-08-27T05:17:09.287600+00:00,D:/D drive recovery/Shiva JH/Projects/OneLake Medallion/data/landing/_reference/products.parquet,_reference
d73f1e4ad0322d8442fc9591505381aa,,,,,500.0,35.0,25.0,35.0,2016-01-01 00:00:00.000000,2026-08-27T05:17:09.287600+00:00,D:/D drive recovery/Shiva JH/Projects/OneLake Medallion/data/landing/_reference/products.parquet,_reference
eba7488e1c67729f045ab43fac426f2e,perfumaria,43.0,259.0,1.0,610.0,22.0,14.0,16.0,2016-01-01 00:00:00.000000,2026-08-27T05:17:09.287600+00:00,D:/D drive recovery/Shiva JH/Projects/OneLake Medallion/data/landing/_reference/products.parquet,_reference
9328c3a5c42ae7b32d53e419f9b93d66,moveis_decoracao,60.0,473.0,1.0,500.0,30.0,3.0,19.0,2016-01-01 00:00:00.000000,2026-08-27T05:17:09.287600+00:00,D:/D drive recovery/Shiva JH/Projects/OneLake Medallion/data/landing/_reference/products.parquet,_reference
8f7ae8d7845cdabafb4b6f20d8bc5a43,esporte_lazer,41.0,785.0,2.0,700.0,16.0,12.0,22.0,2016-01-01 00:00:00.000000,2026-08-27T05:17:09.287600+00:00,D:/D drive recovery/Shiva JH/Projects/OneLake Medallion/data/landing/_reference/products.parquet,_reference
a9dad2ea6b0cb39733febae5b7ec1dda,utilidades_domesticas,58.0,143.0,1.0,790.0,36.0,8.0,25.0,2016-01-01 00:00:00.000000,2026-08-27T05:17:09.287600+00:00,D:/D drive recovery/Shiva JH/Projects/OneLake Medallion/data/landing/_reference/products.parquet,_reference
3f1a741cf5591384428c1cbb0ef07ec0,beleza_saude,60.0,400.0,1.0,150.0,60.0,11.0,16.0,2016-01-01 00:00:00.000000,2026-08-27T05:17:09.287600+00:00,D:/D drive recovery/Shiva JH/Projects/OneLake Medallion/data/landing/_reference/products.parquet,_reference
48e82f62f499350869ac7529efd9fcbd,moveis_decoracao,60.0,357.0,1.0,650.0,25.0,5.0,17.0,2016-01-01 00:00:00.000000,2026-08-27T05:17:09.287600+00:00,D:/D drive recovery/Shiva JH/Projects/OneLake Medallion/data/landing/_reference/products.parquet,_reference
52e9413ed0d3e64b796aac2bc2291d50,esporte_lazer,54.0,790.0,6.0,200.0,17.0,10.0,11.0,2016-01-01 00:00:00.000000,2026-08-27T05:17:09.287600+00:00,D:/D drive recovery/Shiva JH/Projects/OneLake Medallion/data/landing/_reference/products.parquet,_reference
44a36ac829dfa2dace1d880985b71344,beleza_saude,50.0,533.0,3.0,243.0,20.0,14.0,19.0,2016-01-01 00:00:00.000000,2026-08-27T05:17:09.287600+00:00,D:/D drive recovery/Shiva JH/Projects/OneLake Medallion/data/landing/_reference/products.parquet,_reference
154e7e31ebfa092203795c972e5804a6,beleza_saude,48.0,575.0,1.0,100.0,20.0,15.0,15.0,2016-01-01 00:00:00.000000,2026-08-27T05:17:09.287600+00:00,D:/D drive recovery/Shiva JH/Projects/OneLake Medallion/data/landing/_reference/products.parquet,_reference
e6a09abfe91b8e27c7fe22aac84dc333,informatica_acessorios,40.0,177.0,3.0,1950.0,20.0,6.0,20.0,2016-01-01 00:00:00.000000,2026-08-27T05:17:09.287600+00:00,D:/D drive recovery/Shiva JH/Projects/OneLake Medallion/data/landing/_reference/products.parquet,_reference
64051126507bdb875c1baf5b3b5a9a98,informatica_acessorios,60.0,392.0,2.0,540.0,17.0,10.0,14.0,2016-01-01 00:00:00.000000,2026-08-27T05:17:09.287600+00:00,D:/D drive recovery/Shiva JH/Projects/OneLake Medallion/data/landing/_reference/products.parquet,_reference
a79c0d179a6de79b23a81b64b3980c04,cama_mesa_banho,57.0,220.0,1.0,1200.0,45.0,15.0,35.0,2016-01-01 00:00:00.000000,2026-08-27T05:17:09.287600+00:00,D:/D drive recovery/Shiva JH/Projects/OneLake Medallion/data/landing/_reference/products.parquet,_reference
db8416b29581dc9ccea5e43e59fda317,perfumaria,46.0,534.0,7.0,1850.0,35.0,26.0,26.0,2016-01-01 00:00:00.000000,2026-08-27T05:17:09.287600+00:00,D:/D drive recovery/Shiva JH/Projects/OneLake Medallion/data/landing/_reference/products.parquet,_reference
e1ecd7384e97b1ca3f7b1601c78728c9,utilidades_domesticas,52.0,386.0,3.0,500.0,45.0,45.0,45.0,2016-01-01 00:00:00.000000,2026-08-27T05:17:09.287600+00:00,D:/D drive recovery/Shiva JH/Projects/OneLake Medallion/data/landing/_reference/products.parquet,_reference
c5fb785eb88d9246c4a9b3e7d47632b5,informatica_acessorios,55.0,204.0,3.0,300.0,35.0,8.0,20.0,2016-01-01 00:00:00.000000,2026-08-27T05:17:09.287600+00:00,D:/D drive recovery/Shiva JH/Projects/OneLake Medallion/data/landing/_reference/products.parquet,_reference
1aecdb5fa3add74e385f25c6c527a462,ferramentas_jardim,41.0,3544.0,1.0,16400.0,100.0,30.0,30.0,2016-01-01 00:00:00.000000,2026-08-27T05:17:09.287600+00:00,D:/D drive recovery/Shiva JH/Projects/OneLake Medallion/data/landing/_reference/products.parquet,_reference
c784a651cf319526cc7cf854f83cb941,papelaria,58.0,125.0,8.0,500.0,30.0,19.0,30.0,2016-01-01 00:00:00.000000,2026-08-27T05:17:09.287600+00:00,D:/D drive recovery/Shiva JH/Projects/OneLake Medallion/data/landing/_reference/products.parquet,_reference
19c91ef95d509ea33eda93495c4d3481,beleza_saude,50.0,1257.0,1.0,700.0,25.0,12.0,19.0,2016-01-01 00:00:00.000000,2026-08-27T05:17:09.287600+00:00,D:/D drive recovery/Shiva JH/Projects/OneLake Medallion/data/landing/_reference/products.parquet,_reference
516a7c0b152777ac153b6ff568582222,fashion_bolsas_e_acessorios,39.0,565.0,3.0,100.0,17.0,7.0,17.0,2016-01-01 00:00:00.000000,2026-08-27T05:17:09.287600+00:00,D:/D drive recovery/Shiva JH/Projects/OneLake Medallion/data/landing/_reference/products.parquet,_reference
29fd9022374ff3fef2e8f82c39b4133e,cama_mesa_banho,57.0,427.0,1.0,800.0,45.0,15.0,35.0,2016-01-01 00:00:00.000000,2026-08-27T05:17:09.287600+00:00,D:/D drive recovery/Shiva JH/Projects/OneLake Medallion/data/landing/_reference/products.parquet,_reference
5dae498eff2d80057f56122235a36aff,construcao_ferramentas_construcao,58.0,338.0,1.0,2700.0,24.0,7.0,24.0,2016-01-01 00:00:00.000000,2026-08-27T05:17:09.287600+00:00,D:/D drive recovery/Shiva JH/Projects/OneLake Medallion/data/landing/_reference/products.parquet,_reference
bd0ced5367f8750ffbeaa23d1d2ddf33,construcao_ferramentas_construcao,59.0,1085.0,4.0,800.0,25.0,21.0,25.0,2016-01-01 00:00:00.000000,2026-08-27T05:17:09.287600+00:00,D:/D drive recovery/Shiva JH/Projects/OneLake Medallion/data/landing/_reference/products.parquet,_reference
a67265ec07daf7b3d86238c34721f702,cama_mesa_banho,54.0,289.0,1.0,2150.0,34.0,9.0,33.0,2016-01-01 00:00:00.000000,2026-08-27T05:17:09.287600+00:00,D:/D drive recovery/Shiva JH/Projects/OneLake Medallion/data/landing/_reference/products.parquet,_reference
c2fb73db15e28aa021dcf7b2856fef27,bebes,52.0,704.0,4.0,3600.0,60.0,20.0,50.0,2016-01-01 00:00:00.000000,2026-08-27T05:17:09.287600+00:00,D:/D drive recovery/Shiva JH/Projects/OneLake Medallion/data/landing/_reference/products.parquet,_reference
83d199d296c44101c8c3b5c9c0cce9ea,brinquedos,26.0,855.0,2.0,500.0,18.0,6.0,21.0,2016-01-01 00:00:00.000000,2026-08-27T05:17:09.287600+00:00,D:/D drive recovery/Shiva JH/Projects/OneLake Medallion/data/landing/_reference/products.parquet,_reference
371c121dc86b3821f720e7dbe1928207,papelaria,59.0,504.0,4.0,150.0,22.0,5.0,12.0,2016-01-01 00:00:00.000000,2026-08-27T05:17:09.287600+00:00,D:/D drive recovery/Shiva JH/Projects/OneLake Medallion/data/landing/_reference/products.parquet,_reference
f5caa36f71f444c6508c84818cab5641,brinquedos,46.0,435.0,4.0,1600.0,20.0,5.0,18.0,2016-01-01 00:00:00.000000,2026-08-27T05:17:09.287600+00:00,D:/D drive recovery/Shiva JH/Projects/OneLake Medallion/data/landing/_reference/products.parquet,_reference
a88124e0b1d42ca7b0813a78ff630437,construcao_ferramentas_construcao,55.0,338.0,1.0,2600.0,23.0,8.0,23.0,2016-01-01 00:00:00.000000,2026-08-27T05:17:09.287600+00:00,D:/D drive recovery/Shiva JH/Projects/OneLake Medallion/data/landing/_reference/products.parquet,_reference
1b6033cbf12974cf79c1cccbf8592ffd,beleza_saude,27.0,1840.0,1.0,250.0,17.0,12.0,12.0,2016-01-01 00:00:00.000000,2026-08-27T05:17:09.287600+00:00,D:/D drive recovery/Shiva JH/Projects/OneLake Medallion/data/landing/_reference/products.parquet,_reference
8e3a9b154a86602302ce789b9eb8b6c7,beleza_saude,46.0,862.0,1.0,700.0,25.0,12.0,19.0,2016-01-01 00:00:00.000000,2026-08-27T05:17:09.287600+00:00,D:/D drive recovery/Shiva JH/Projects/OneLake Medallion/data/landing/_reference/products.parquet,_reference
3c95f0e78d88cdfb8af7f72dd586a4a0,cama_mesa_banho,44.0,338.0,1.0,1200.0,34.0,17.0,28.0,2016-01-01 00:00:00.000000,2026-08-27T05:17:09.287600+00:00,D:/D drive recovery/Shiva JH/Projects/OneLake Medallion/data/landing/_reference/products.parquet,_reference
a04087ab6a96ffa041f8a2701a72b616,pcs,55.0,1105.0,1.0,13700.0,27.0,50.0,53.0,2016-01-01 00:00:00.000000,2026-08-27T05:17:09.287600+00:00,D:/D drive recovery/Shiva JH/Projects/OneLake Medallion/data/landing/_reference/products.parquet,_reference
ceb9200bc33732558224476d75815c32,utilidades_domesticas,60.0,922.0,5.0,975.0,41.0,36.0,12.0,2016-01-01 00:00:00.000000,2026-08-27T05:17:09.287600+00:00,D:/D drive recovery/Shiva JH/Projects/OneLake Medallion/data/landing/_reference/products.parquet,_reference
acdd408fe971bbe29a81f8febb575ffc,eletronicos,50.0,237.0,1.0,175.0,20.0,16.0,18.0,2016-01-01 00:00:00.000000,2026-08-27T05:17:09.287600+00:00,D:/D drive recovery/Shiva JH/Projects/OneLake Medallion/data/landing/_reference/products.parquet,_reference
6803077179d24889430188e03fafd31a,eletronicos,48.0,287.0,1.0,100.0,23.0,8.0,18.0,2016-01-01 00:00:00.000000,2026-08-27T05:17:09.287600+00:00,D:/D drive recovery/Shiva JH/Projects/OneLake Medallion/data/landing/_reference/products.parquet,_reference
9ac3f8f66132539cb797c44296f1fa27,papelaria,59.0,248.0,7.0,2000.0,30.0,20.0,29.0,2016-01-01 00:00:00.000000,2026-08-27T05:17:09.287600+00:00,D:/D drive recovery/Shiva JH/Projects/OneLake Medallion/data/landing/_reference/products.parquet,_reference
7f4e034245e45549110139d1de248f83,bebes,55.0,1629.0,1.0,600.0,20.0,13.0,13.0,2016-01-01 00:00:00.000000,2026-08-27T05:17:09.287600+00:00,D:/D drive recovery/Shiva JH/Projects/OneLake Medallion/data/landing/_reference/products.parquet,_reference
88dd63919fc9ab693803578a04a20209,informatica_acessorios,58.0,395.0,1.0,217.0,16.0,14.0,14.0,2016-01-01 00:00:00.000000,2026-08-27T05:17:09.287600+00:00,D:/D drive recovery/Shiva JH/Projects/OneLake Medallion/data/landing/_reference/products.parquet,_reference
1e618d311a1b7f88a9d96ec50aa85582,utilidades_domesticas,42.0,540.0,4.0,9950.0,31.0,61.0,31.0,2016-01-01 00:00:00.000000,2026-08-27T05:17:09.287600+00:00,D:/D drive recovery/Shiva JH/Projects/OneLake Medallion/data/landing/_reference/products.parquet,_reference
aecc6705d25880a6fad90e305c32d875,informatica_acessorios,58.0,189.0,3.0,250.0,21.0,4.0,14.0,2016-01-01 00:00:00.000000,2026-08-27T05:17:09.287600+00:00,D:/D drive recovery/Shiva JH/Projects/OneLake Medallion/data/landing/_reference/products.parquet,_reference
3a8023f6ae79b6b7da36d630f2ee1658,bebes,42.0,498.0,2.0,8200.0,44.0,32.0,35.0,2016-01-01 00:00:00.000000,2026-08-27T05:17:09.287600+00:00,D:/D drive recovery/Shiva JH/Projects/OneLake Medallion/data/landing/_reference/products.parquet,_reference
ec96b7b4e1401281edb9465d0d689cae,alimentos_bebidas,36.0,420.0,1.0,1200.0,16.0,23.0,13.0,2016-01-01 00:00:00.000000,2026-08-27T05:17:09.287600+00:00,D:/D drive recovery/Shiva JH/Projects/OneLake Medallion/data/landing/_reference/products.parquet,_reference
87ae34a2e6f971a135f8bea5ae7949a9,telefonia,58.0,585.0,2.0,350.0,17.0,4.0,12.0,2016-01-01 00:00:00.000000,2026-08-27T05:17:09.287600+00:00,D:/D drive recovery/Shiva JH/Projects/OneLake Medallion/data/landing/_reference/products.parquet,_reference
78efe838c04bbc568be034082200ac20,moveis_decoracao,57.0,272.0,1.0,2500.0,40.0,10.0,30.0,2016-01-01 00:00:00.000000,2026-08-27T05:17:09.287600+00:00,D:/D drive recovery/Shiva JH/Projects/OneLake Medallion/data/landing/_reference/products.parquet,_reference
6d7a4492be45dfb8e38e762efe6614a4,telefonia,60.0,776.0,6.0,300.0,17.0,4.0,12.0,2016-01-01 00:00:00.000000,2026-08-27T05:17:09.287600+00:00,D:/D drive recovery/Shiva JH/Projects/OneLake Medallion/data/landing/_reference/products.parquet,_reference
5cb1a29179d1883d7ab5424629fe67aa,moveis_decoracao,37.0,594.0,3.0,1100.0,103.0,6.0,20.0,2016-01-01 00:00:00.000000,2026-08-27T05:17:09.287600+00:00,D:/D drive recovery/Shiva JH/Projects/OneLake Medallion/data/landing/_reference/products.parquet,_reference
2ce17ef87d6bb64be1a0b36a4a614ced,cama_mesa_banho,46.0,171.0,2.0,1050.0,50.0,11.0,11.0,2016-01-01 00:00:00.000000,2026-08-27T05:17:09.287600+00:00,D:/D drive recovery/Shiva JH/Projects/OneLake Medallion/data/landing/_reference/products.parquet,_reference
588ec31c89dea5de5dc87e15790df3f4,cama_mesa_banho,60.0,374.0,2.0,6650.0,20.0,40.0,50.0,2016-01-01 00:00:00.000000,2026-08-27T05:17:09.287600+00:00,D:/D drive recovery/Shiva JH/Projects/OneLake Medallion/data/landing/_reference/products.parquet,_reference
9f7b48e2d4e4d7375f71a10791faa1b8,cama_mesa_banho,42.0,507.0,4.0,2050.0,50.0,10.0,40.0,2016-01-01 00:00:00.000000,2026-08-27T05:17:09.287600+00:00,D:/D drive recovery/Shiva JH/Projects/OneLake Medallion/data/landing/_reference/products.parquet,_reference
a94db861b4ea1c79704586f07c8cdbc3,utilidades_domesticas,46.0,316.0,4.0,12150.0,68.0,20.0,33.0,2016-01-01 00:00:00.000000,2026-08-27T05:17:09.287600+00:00,D:/D drive recovery/Shiva JH/Projects/OneLake Medallion/data/landing/_reference/products.parquet,_reference
08922ac36480e00c6972216735d44693,relogios_presentes,55.0,184.0,6.0,300.0,16.0,2.0,11.0,2016-01-01 00:00:00.000000,2026-08-27T05:17:09.287600+00:00,D:/D drive recovery/Shiva JH/Projects/OneLake Medallion/data/landing/_reference/products.parquet,_reference
f27aff266ad97e75d4a24c893b2c311e,eletrodomesticos_2,55.0,1345.0,6.0,8850.0,45.0,33.0,35.0,2016-01-01 00:00:00.000000,2026-08-27T05:17:09.287600+00:00,D:/D drive recovery/Shiva JH/Projects/OneLake Medallion/data/landing/_reference/products.parquet,_reference
9d8a0e115e802d845b4ce1eb794d1260,esporte_lazer,30.0,2299.0,1.0,150.0,20.0,10.0,15.0,2016-01-01 00:00:00.000000,2026-08-27T05:17:09.287600+00:00,D:/D drive recovery/Shiva JH/Projects/OneLake Medallion/data/landing/_reference/products.parquet,_reference
3e8f6864be117d2690e410b934840f87,cama_mesa_banho,53.0,212.0,1.0,1225.0,34.0,14.0,29.0,2016-01-01 00:00:00.000000,2026-08-27T05:17:09.287600+00:00,D:/D drive recovery/Shiva JH/Projects/OneLake Medallion/data/landing/_reference/products.parquet,_reference
1c21c1ed398eae61184065889ca3d4b0,cama_mesa_banho,51.0,324.0,1.0,900.0,42.0,8.0,37.0,2016-01-01 00:00:00.000000,2026-08-27T05:17:09.287600+00:00,D:/D drive recovery/Shiva JH/Projects/OneLake Medallion/data/landing/_reference/products.parquet,_reference
6dde44b4172999f35f08654d06bad633,moveis_escritorio,55.0,1180.0,1.0,16167.0,64.0,62.0,25.0,2016-01-01 00:00:00.000000,2026-08-27T05:17:09.287600+00:00,D:/D drive recovery/Shiva JH/Projects/OneLake Medallion/data/landing/_reference/products.parquet,_reference
01f1608fbd6fc5b04308ff6157326e6d,telefonia,57.0,422.0,2.0,150.0,19.0,4.0,11.0,2016-01-01 00:00:00.000000,2026-08-27T05:17:09.287600+00:00,D:/D drive recovery/Shiva JH/Projects/OneLake Medallion/data/landing/_reference/products.parquet,_reference
87cb507e0daa37bbf34956fd59eba832,relogios_presentes,55.0,167.0,2.0,250.0,16.0,2.0,11.0,2016-01-01 00:00:00.000000,2026-08-27T05:17:09.287600+00:00,D:/D drive recovery/Shiva JH/Projects/OneLake Medallion/data/landing/_reference/products.parquet,_reference
45d53108adfd3c40a54c578f431c45cc,informatica_acessorios,58.0,1675.0,1.0,1700.0,35.0,18.0,34.0,2016-01-01 00:00:00.000000,2026-08-27T05:17:09.287600+00:00,D:/D drive recovery/Shiva JH/Projects/OneLake Medallion/data/landing/_reference/products.parquet,_reference
6405e17a3e8718d5316c5d644320f253,informatica_acessorios,37.0,415.0,1.0,200.0,16.0,5.0,11.0,2016-01-01 00:00:00.000000,2026-08-27T05:17:09.287600+00:00,D:/D drive recovery/Shiva JH/Projects/OneLake Medallion/data/landing/_reference/products.parquet,_reference
fe75529a267b76ac6e96f0c322a899a4,beleza_saude,33.0,374.0,1.0,304.0,20.0,15.0,15.0,2016-01-01 00:00:00.000000,2026-08-27T05:17:09.287600+00:00,D:/D drive recovery/Shiva JH/Projects/OneLake Medallion/data/landing/_reference/products.parquet,_reference
37116a322ceabbe82c30430000af0db3,cama_mesa_banho,52.0,89.0,1.0,200.0,20.0,10.0,15.0,2016-01-01 00:00:00.000000,2026-08-27T05:17:09.287600+00:00,D:/D drive recovery/Shiva JH/Projects/OneLake Medallion/data/landing/_reference/products.parquet,_reference
cdbcde669141ea6af7193857333db4ff,moveis_decoracao,50.0,279.0,2.0,5550.0,45.0,30.0,45.0,2016-01-01 00:00:00.000000,2026-08-27T05:17:09.287600+00:00,D:/D drive recovery/Shiva JH/Projects/OneLake Medallion/data/landing/_reference/products.parquet,_reference
539025c69ca8d9160f0ae5190741ed74,moveis_decoracao,58.0,547.0,4.0,1850.0,34.0,6.0,28.0,2016-01-01 00:00:00.000000,2026-08-27T05:17:09.287600+00:00,D:/D drive recovery/Shiva JH/Projects/OneLake Medallion/data/landing/_reference/products.parquet,_reference
3626035966a7aaee90d68108caebd386,cama_mesa_banho,33.0,291.0,1.0,3175.0,52.0,15.0,31.0,2016-01-01 00:00:00.000000,2026-08-27T05:17:09.287600+00:00,D:/D drive recovery/Shiva JH/Projects/OneLake Medallion/data/landing/_reference/products.parquet,_reference
f422d0d9f8b5f7c27289382b14b61248,brinquedos,63.0,361.0,3.0,1800.0,38.0,12.0,35.0,2016-01-01 00:00:00.000000,2026-08-27T05:17:09.287600+00:00,D:/D drive recovery/Shiva JH/Projects/OneLake Medallion/data/landing/_reference/products.parquet,_reference
fda2e10316a83bcf6ffa52fc891642f2,beleza_saude,35.0,2489.0,1.0,1000.0,25.0,19.0,15.0,2016-01-01 00:00:00.000000,2026-08-27T05:17:09.287600+00:00,D:/D drive recovery/Shiva JH/Projects/OneLake Medallion/data/landing/_reference/products.parquet,_reference
07c055536ebf10dfbb6c6db6dbfc36e5,moveis_decoracao,59.0,473.0,1.0,600.0,30.0,3.0,20.0,2016-01-01 00:00:00.000000,2026-08-27T05:17:09.287600+00:00,D:/D drive recovery/Shiva JH/Projects/OneLake Medallion/data/landing/_reference/products.parquet,_reference
656e0eca68dcecf6a31b8ececfabe3e8,informatica_acessorios,45.0,236.0,1.0,173.0,18.0,13.0,12.0,2016-01-01 00:00:00.000000,2026-08-27T05:17:09.287600+00:00,D:/D drive recovery/Shiva JH/Projects/OneLake Medallion/data/landing/_reference/products.parquet,_reference
34239894e175b17d8c84edc6c73b4dad,bebes,35.0,221.0,5.0,400.0,29.0,12.0,23.0,2016-01-01 00:00:00.000000,2026-08-27T05:17:09.287600+00:00,D:/D drive recovery/Shiva JH/Projects/OneLake Medallion/data/landing/_reference/products.parquet,_reference
dbb9d74e911f8db0dd4d85878064ceb3,papelaria,53.0,388.0,2.0,450.0,38.0,33.0,26.0,2016-01-01 00:00:00.000000,2026-08-27T05:17:09.287600+00:00,D:/D drive recovery/Shiva JH/Projects/OneLake Medallion/data/landing/_reference/products.parquet,_reference
fa3bea10a666ef8afb1557f5e866b719,esporte_lazer,9.0,254.0,1.0,150.0,28.0,6.0,14.0,2016-01-01 00:00:00.000000,2026-08-27T05:17:09.287600+00:00,D:/D drive recovery/Shiva JH/Projects/OneLake Medallion/data/landing/_reference/products.parquet,_reference
2a5806f10d0f00e5ad032dd2e3c8806e,moveis_escritorio,46.0,1350.0,1.0,11875.0,57.0,55.0,22.0,2016-01-01 00:00:00.000000,2026-08-27T05:17:09.287600+00:00,D:/D drive recovery/Shiva JH/Projects/OneLake Medallion/data/landing/_reference/products.parquet,_reference
fb09c649a144a9dfd4546612891e1f11,,,,,2000.0,38.0,12.0,38.0,2016-01-01 00:00:00.000000,2026-08-27T05:17:09.287600+00:00,D:/D drive recovery/Shiva JH/Projects/OneLake Medallion/data/landing/_reference/products.parquet,_reference
3779f2d78a8cc041bcce56232d83befb,automotivo,58.0,1275.0,1.0,1125.0,20.0,17.0,17.0,2016-01-01 00:00:00.000000,2026-08-27T05:17:09.287600+00:00,D:/D drive recovery/Shiva JH/Projects/OneLake Medallion/data/landing/_reference/products.parquet,_reference
dd8e3ce8409dea51c566f227a4fc34ba,papelaria,46.0,395.0,2.0,200.0,19.0,5.0,13.0,2016-01-01 00:00:00.000000,2026-08-27T05:17:09.287600+00:00,D:/D drive recovery/Shiva JH/Projects/OneLake Medallion/data/landing/_reference/products.parquet,_reference
2028bf1b01cafb2d2b1901fca4083222,perfumaria,54.0,1536.0,2.0,250.0,20.0,8.0,21.0,2016-01-01 00:00:00.000000,2026-08-27T05:17:09.287600+00:00,D:/D drive recovery/Shiva JH/Projects/OneLake Medallion/data/landing/_reference/products.parquet,_reference
8b51c6ccc9c0548c951214e1cd1547ff,cama_mesa_banho,58.0,678.0,1.0,1000.0,28.0,14.0,16.0,2016-01-01 00:00:00.000000,2026-08-27T05:17:09.287600+00:00,D:/D drive recovery/Shiva JH/Projects/OneLake Medallion/data/landing/_reference/products.parquet,_reference
d8de812ed5d981fc6a3984f4caa2aa05,esporte_lazer,44.0,1854.0,6.0,525.0,29.0,16.0,20.0,2016-01-01 00:00:00.000000,2026-08-27T05:17:09.287600+00:00,D:/D drive recovery/Shiva JH/Projects/OneLake Medallion/data/landing/_reference/products.parquet,_reference
a26401cdab37b65e545c1d3c6cf78829,brinquedos,47.0,458.0,6.0,200.0,20.0,9.0,12.0,2016-01-01 00:00:00.000000,2026-08-27T05:17:09.287600+00:00,D:/D drive recovery/Shiva JH/Projects/OneLake Medallion/data/landing/_reference/products.parquet,_reference
a35a59bff183b90417bbc511e1d82115,papelaria,36.0,293.0,3.0,500.0,16.0,11.0,11.0,2016-01-01 00:00:00.000000,2026-08-27T05:17:09.287600+00:00,D:/D drive recovery/Shiva JH/Projects/OneLake Medallion/data/landing/_reference/products.parquet,_reference
7c1bd920dbdf22470b68bde975dd3ccf,beleza_saude,59.0,492.0,2.0,200.0,22.0,10.0,18.0,2016-01-01 00:00:00.000000,2026-08-27T05:17:09.287600+00:00,D:/D drive recovery/Shiva JH/Projects/OneLake Medallion/data/landing/_reference/products.parquet,_reference
db05ec86bc6eba7fe32b9c739d31b10d,casa_conforto,46.0,406.0,1.0,10150.0,45.0,30.0,45.0,2016-01-01 00:00:00.000000,2026-08-27T05:17:09.287600+00:00,D:/D drive recovery/Shiva JH/Projects/OneLake Medallion/data/landing/_reference/products.parquet,_reference
4db04f1ae830079ac83e0fc9c63216a3,relogios_presentes,41.0,681.0,1.0,167.0,21.0,13.0,16.0,2016-01-01 00:00:00.000000,2026-08-27T05:17:09.287600+00:00,D:/D drive recovery/Shiva JH/Projects/OneLake Medallion/data/landing/_reference/products.parquet,_reference
3a135477bf41350a0b1d8afdf616d446,brinquedos,56.0,928.0,3.0,600.0,52.0,9.0,19.0,2016-01-01 00:00:00.000000,2026-08-27T05:17:09.287600+00:00,D:/D drive recovery/Shiva JH/Projects/OneLake Medallion/data/landing/_reference/products.parquet,_reference
e5eadf9be70a4a9fa514019542fc330a,eletrodomesticos,48.0,543.0,2.0,1200.0,35.0,20.0,30.0,2016-01-01 00:00:00.000000,2026-08-27T05:17:09.287600+00:00,D:/D drive recovery/Shiva JH/Projects/OneLake Medallion/data/landing/_reference/products.parquet,_reference
9e261f5543c32312afa68843fabcc119,pet_shop,33.0,964.0,1.0,4600.0,46.0,27.0,28.0,2016-01-01 00:00:00.000000,2026-08-27T05:17:09.287600+00:00,D:/D drive recovery/Shiva JH/Projects/OneLake Medallion/data/landing/_reference/products.parquet,_reference
a916a0b56448758409cb1147fa3d1f8b,malas_acessorios,49.0,905.0,6.0,575.0,44.0,8.0,33.0,2016-01-01 00:00:00.000000,2026-08-27T05:17:09.287600+00:00,D:/D drive recovery/Shiva JH/Projects/OneLake Medallion/data/landing/_reference/products.parquet,_reference
e33df02e384487f2bcd3788619f89215,utilidades_domesticas,48.0,274.0,1.0,350.0,20.0,30.0,30.0,2016-01-01 00:00:00.000000,2026-08-27T05:17:09.287600+00:00,D:/D drive recovery/Shiva JH/Projects/OneLake Medallion/data/landing/_reference/products.parquet,_reference
b65b2a89b987d90577d40783232a49c2,automotivo,57.0,305.0,6.0,100.0,30.0,5.0,20.0,2016-01-01 00:00:00.000000,2026-08-27T05:17:09.287600+00:00,D:/D drive recovery/Shiva JH/Projects/OneLake Medallion/data/landing/_reference/products.parquet,_reference
915c18c67d0b3cd469475eccc0d1a7bb,eletronicos,46.0,391.0,1.0,150.0,18.0,12.0,13.0,2016-01-01 00:00:00.000000,2026-08-27T05:17:09.287600+00:00,D:/D drive recovery/Shiva JH/Projects/OneLake Medallion/data/landing/_reference/products.parquet,_reference
f15c46e2da924b1fc76fe638911262bc,consoles_games,49.0,1944.0,1.0,650.0,16.0,16.0,16.0,2016-01-01 00:00:00.000000,2026-08-27T05:17:09.287600+00:00,D:/D drive recovery/Shiva JH/Projects/OneLake Medallion/data/landing/_reference/products.parquet,_reference
57f2bc497c1a3ebe41ba7a06d78ed159,relogios_presentes,55.0,336.0,4.0,250.0,16.0,2.0,20.0,2016-01-01 00:00:00.000000,2026-08-27T05:17:09.287600+00:00,D:/D drive recovery/Shiva JH/Projects/OneLake Medallion/data/landing/_reference/products.parquet,_reference
32b3bc24ea45a74dfa67d9cb1886a37e,brinquedos,53.0,327.0,3.0,600.0,35.0,12.0,20.0,2016-01-01 00:00:00.000000,2026-08-27T05:17:09.287600+00:00,D:/D drive recovery/Shiva JH/Projects/OneLake Medallion/data/landing/_reference/products.parquet,_reference
8466762a9393a2b2b1de73f3cf6081a3,moveis_sala,29.0,104.0,2.0,2700.0,47.0,6.0,47.0,2016-01-01 00:00:00.000000,2026-08-27T05:17:09.287600+00:00,D:/D drive recovery/Shiva JH/Projects/OneLake Medallion/data/landing/_reference/products.parquet,_reference
138d7037b59dcee052810952c983033b,esporte_lazer,50.0,621.0,1.0,1400.0,21.0,16.0,16.0,2016-01-01 00:00:00.000000,2026-08-27T05:17:09.287600+00:00,D:/D drive recovery/Shiva JH/Projects/OneLake Medallion/data/landing/_reference/products.parquet,_reference
9565229244e9341fb8c8069879cf73cd,cama_mesa_banho,60.0,234.0,1.0,1700.0,34.0,7.0,32.0,2016-01-01 00:00:00.000000,2026-08-27T05:17:09.287600+00:00,D:/D drive recovery/Shiva JH/Projects/OneLake Medallion/data/landing/_reference/products.parquet,_reference
ee6c49af1a2de55aa0e076257ab4ab99,informatica_acessorios,47.0,956.0,1.0,140.0,22.0,14.0,14.0,2016-01-01 00:00:00.000000,2026-08-27T05:17:09.287600+00:00,D:/D drive recovery/Shiva JH/Projects/OneLake Medallion/data/landing/_reference/products.parquet,_reference
167b946cfe5de05aadc151871edf7bb9,automotivo,54.0,1008.0,1.0,1100.0,17.0,12.0,16.0,2016-01-01 00:00:00.000000,2026-08-27T05:17:09.287600+00:00,D:/D drive recovery/Shiva JH/Projects/OneLake Medallion/data/landing/_reference/products.parquet,_reference
09b0d15a8cc9a84e7af7e0225f67dc45,moveis_decoracao,52.0,252.0,1.0,1400.0,20.0,20.0,20.0,2016-01-01 00:00:00.000000,2026-08-27T05:17:09.287600+00:00,D:/D drive recovery/Shiva JH/Projects/OneLake Medallion/data/landing/_reference/products.parquet,_reference
8afd99798fadd878e37b5bca830e6525,cama_mesa_banho,35.0,347.0,1.0,3400.0,45.0,15.0,35.0,2016-01-01 00:00:00.000000,2026-08-27T05:17:09.287600+00:00,D:/D drive recovery/Shiva JH/Projects/OneLake Medallion/data/landing/_reference/products.parquet,_reference
3c9ddb88ecde498679b5c3b5f9b0a213,brinquedos,56.0,378.0,3.0,270.0,26.0,9.0,16.0,2016-01-01 00:00:00.000000,2026-08-27T05:17:09.287600+00:00,D:/D drive recovery/Shiva JH/Projects/OneLake Medallion/data/landing/_reference/products.parquet,_reference
d64615580eb89e5d9a6ae0e37135a5fe,,,,,300.0,16.0,7.0,11.0,2016-01-01 00:00:00.000000,2026-08-27T05:17:09.287600+00:00,D:/D drive recovery/Shiva JH/Projects/OneLake Medallion/data/landing/_reference/products.parquet,_reference
4724ffa427f315c485e39b02e21859b2,beleza_saude,52.0,1059.0,6.0,550.0,16.0,9.0,11.0,2016-01-01 00:00:00.000000,2026-08-27T05:17:09.287600+00:00,D:/D drive recovery/Shiva JH/Projects/OneLake Medallion/data/landing/_reference/products.parquet,_reference
a694f2632fae82ef419fd71587103dc9,esporte_lazer,44.0,461.0,1.0,5100.0,60.0,30.0,30.0,2016-01-01 00:00:00.000000,2026-08-27T05:17:09.287600+00:00,D:/D drive recovery/Shiva JH/Projects/OneLake Medallion/data/landing/_reference/products.parquet,_reference
11c3ff6555092bf425ea842a023a7809,cool_stuff,46.0,507.0,1.0,1650.0,23.0,68.0,25.0,2016-01-01 00:00:00.000000,2026-08-27T05:17:09.287600+00:00,D:/D drive recovery/Shiva JH/Projects/OneLake Medallion/data/landing/_reference/products.parquet,_reference
0654d3c1e3efc7e7cd9dbde9cb743df2,ferramentas_jardim,52.0,368.0,2.0,700.0,20.0,18.0,19.0,2016-01-01 00:00:00.000000,2026-08-27T05:17:09.287600+00:00,D:/D drive recovery/Shiva JH/Projects/OneLake Medallion/data/landing/_reference/products.parquet,_reference
9df7a56fa4352899fa6976c54a35ae3a,relogios_presentes,57.0,588.0,2.0,400.0,16.0,11.0,11.0,2016-01-01 00:00:00.000000,2026-08-27T05:17:09.287600+00:00,D:/D drive recovery/Shiva JH/Projects/OneLake Medallion/data/landing/_reference/products.parquet,_reference
5eaec7fd1d19f063638a519d473cb200,cool_stuff,54.0,190.0,1.0,200.0,20.0,5.0,15.0,2016-01-01 00:00:00.000000,2026-08-27T05:17:09.287600+00:00,D:/D drive recovery/Shiva JH/Projects/OneLake Medallion/data/landing/_reference/products.parquet,_reference
eccec1984cb1d214cc91f3168b113958,relogios_presentes,59.0,89.0,3.0,200.0,16.0,2.0,11.0,2016-01-01 00:00:00.000000,2026-08-27T05:17:09.287600+00:00,D:/D drive recovery/Shiva JH/Projects/OneLake Medallion/data/landing/_reference/products.parquet,_reference
7c6ae4d12d2754ca0826ad17792c554e,esporte_lazer,55.0,2848.0,1.0,2000.0,33.0,30.0,30.0,2016-01-01 00:00:00.000000,2026-08-27T05:17:09.287600+00:00,D:/D drive recovery/Shiva JH/Projects/OneLake Medallion/data/landing/_reference/products.parquet,_reference
f20a0bbd61ffeff9d684961e2d9a5be0,moveis_decoracao,63.0,462.0,6.0,500.0,20.0,5.0,48.0,2016-01-01 00:00:00.000000,2026-08-27T05:17:09.287600+00:00,D:/D drive recovery/Shiva JH/Projects/OneLake Medallion/data/landing/_reference/products.parquet,_reference
a0ef8572cd061badd81ffc48dc04d1fa,moveis_decoracao,55.0,130.0,1.0,2000.0,40.0,11.0,34.0,2016-01-01 00:00:00.000000,2026-08-27T05:17:09.287600+00:00,D:/D drive recovery/Shiva JH/Projects/OneLake Medallion/data/landing/_reference/products.parquet,_reference
39678bc6ddb608fa59c306b78f51efe8,eletronicos,46.0,442.0,1.0,150.0,25.0,7.0,16.0,2016-01-01 00:00:00.000000,2026-08-27T05:17:09.287600+00:00,D:/D drive recovery/Shiva JH/Projects/OneLake Medallion/data/landing/_reference/products.parquet,_reference
81a266bbf4c7aa3113db84e81ca899b8,moveis_decoracao,63.0,254.0,2.0,1800.0,41.0,9.0,34.0,2016-01-01 00:00:00.000000,2026-08-27T05:17:09.287600+00:00,D:/D drive recovery/Shiva JH/Projects/OneLake Medallion/data/landing/_reference/products.parquet,_reference
2b1736cd698222fad698e3c1be9dd4a3,automotivo,48.0,689.0,5.0,2550.0,20.0,20.0,20.0,2016-01-01 00:00:00.000000,2026-08-27T05:17:09.287600+00:00,D:/D drive recovery/Shiva JH/Projects/OneLake Medallion/data/landing/_reference/products.parquet,_reference
fed5c40c27e1c88560a9e92d82ee0825,eletronicos,53.0,109.0,1.0,150.0,24.0,12.0,18.0,2016-01-01 00:00:00.000000,2026-08-27T05:17:09.287600+00:00,D:/D drive recovery/Shiva JH/Projects/OneLake Medallion/data/landing/_reference/products.parquet,_reference
efcef300fe9b2c558a8ea258127f6e6f,pet_shop,43.0,480.0,1.0,7300.0,25.0,25.0,25.0,2016-01-01 00:00:00.000000,2026-08-27T05:17:09.287600+00:00,D:/D drive recovery/Shiva JH/Projects/OneLake Medallion/data/landing/_reference/products.parquet,_reference
0388b93e2992639ef7de7b35b2ba91b2,fashion_bolsas_e_acessorios,50.0,427.0,3.0,2100.0,16.0,5.0,11.0,2016-01-01 00:00:00.000000,2026-08-27T05:17:09.287600+00:00,D:/D drive recovery/Shiva JH/Projects/OneLake Medallion/data/landing/_reference/products.parquet,_reference
4298b7e67dc399c200662b569563a2b2,informatica_acessorios,58.0,420.0,1.0,200.0,21.0,14.0,15.0,2016-01-01 00:00:00.000000,2026-08-27T05:17:09.287600+00:00,D:/D drive recovery/Shiva JH/Projects/OneLake Medallion/data/landing/_reference/products.parquet,_reference
8f8cb7e4a7f16d339f87f8aa2711a003,brinquedos,36.0,529.0,2.0,650.0,28.0,13.0,15.0,2016-01-01 00:00:00.000000,2026-08-27T05:17:09.287600+00:00,D:/D drive recovery/Shiva JH/Projects/OneLake Medallion/data/landing/_reference/products.parquet,_reference
1f75be631e988bb0ad750e60e18d043b,beleza_saude,29.0,378.0,2.0,200.0,25.0,10.0,15.0,2016-01-01 00:00:00.000000,2026-08-27T05:17:09.287600+00:00,D:/D drive recovery/Shiva JH/Projects/OneLake Medallion/data/landing/_reference/products.parquet,_reference
d6aa421b9567e3e2a3a0caf8fb846cbc,utilidades_domesticas,48.0,546.0,1.0,5675.0,25.0,25.0,60.0,2016-01-01 00:00:00.000000,2026-08-27T05:17:09.287600+00:00,D:/D drive recovery/Shiva JH/Projects/OneLake Medallion/data/landing/_reference/products.parquet,_reference
1a3ed2c0aa5c7beccd817b6b71282e99,eletronicos,54.0,799.0,2.0,600.0,16.0,16.0,11.0,2016-01-01 00:00:00.000000,2026-08-27T05:17:09.287600+00:00,D:/D drive recovery/Shiva JH/Projects/OneLake Medallion/data/landing/_reference/products.parquet,_reference
7a82832901d5f4cd314a4e102c47bd2b,ferramentas_jardim,38.0,437.0,1.0,1900.0,45.0,6.0,20.0,2016-01-01 00:00:00.000000,2026-08-27T05:17:09.287600+00:00,D:/D drive recovery/Shiva JH/Projects/OneLake Medallion/data/landing/_reference/products.parquet,_reference
d8fc369e0b2d17b856119ff03276f198,consoles_games,32.0,265.0,1.0,600.0,22.0,9.0,12.0,2016-01-01 00:00:00.000000,2026-08-27T05:17:09.287600+00:00,D:/D drive recovery/Shiva JH/Projects/OneLake Medallion/data/landing/_reference/products.parquet,_reference
bb42f37fc3d9130e4a4339d24a47dd7c,cama_mesa_banho,59.0,81.0,1.0,400.0,20.0,2.0,15.0,2016-01-01 00:00:00.000000,2026-08-27T05:17:09.287600+00:00,D:/D drive recovery/Shiva JH/Projects/OneLake Medallion/data/landing/_reference/products.parquet,_reference
7c2d0df8e5fbfa71d54a400b33a8502e,beleza_saude,59.0,1515.0,1.0,138.0,12.0,9.0,18.0,2016-01-01 00:00:00.000000,2026-08-27T05:17:09.287600+00:00,D:/D drive recovery/Shiva JH/Projects/OneLake Medallion/data/landing/_reference/products.parquet,_reference
3dacb3ae011b40803a508b23392e15a0,papelaria,57.0,1682.0,1.0,7200.0,43.0,23.0,33.0,2016-01-01 00:00:00.000000,2026-08-27T05:17:09.287600+00:00,D:/D drive recovery/Shiva JH/Projects/OneLake Medallion/data/landing/_reference/products.parquet,_reference
c028e45b1d245ae576fcf069f68265ed,pet_shop,49.0,683.0,1.0,11100.0,52.0,52.0,36.0,2016-01-01 00:00:00.000000,2026-08-27T05:17:09.287600+00:00,D:/D drive recovery/Shiva JH/Projects/OneLake Medallion/data/landing/_reference/products.parquet,_reference
5c3b598051f68e469d0ea40deb7fb904,bebidas,58.0,3337.0,4.0,475.0,24.0,16.0,19.0,2016-01-01 00:00:00.000000,2026-08-27T05:17:09.287600+00:00,D:/D drive recovery/Shiva JH/Projects/OneLake Medallion/data/landing/_reference/products.parquet,_reference
a58add0d4b913cb2fe2542b77bac6dc8,ferramentas_jardim,33.0,467.0,1.0,3700.0,40.0,34.0,33.0,2016-01-01 00:00:00.000000,2026-08-27T05:17:09.287600+00:00,D:/D drive recovery/Shiva JH/Projects/OneLake Medallion/data/landing/_reference/products.parquet,_reference
9c7bdf67b06b419aefb93cfdfc96c55d,esporte_lazer,25.0,823.0,1.0,476.0,17.0,14.0,14.0,2016-01-01 00:00:00.000000,2026-08-27T05:17:09.287600+00:00,D:/D drive recovery/Shiva JH/Projects/OneLake Medallion/data/landing/_reference/products.parquet,_reference
3f5a7aa9c9cd21cbfe37688ed326222b,brinquedos,48.0,236.0,1.0,600.0,45.0,15.0,35.0,2016-01-01 00:00:00.000000,2026-08-27T05:17:09.287600+00:00,D:/D drive recovery/Shiva JH/Projects/OneLake Medallion/data/landing/_reference/products.parquet,_reference
76f71ec385ad031b06d5ad8be0440260,fashion_calcados,46.0,647.0,2.0,1200.0,20.0,9.0,21.0,2016-01-01 00:00:00.000000,2026-08-27T05:17:09.287600+00:00,D:/D drive recovery/Shiva JH/Projects/OneLake Medallion/data/landing/_reference/products.parquet,_reference
f7a17d2c51d9df89a4f1711c4ac17f33,utilidades_domesticas,56.0,1245.0,5.0,350.0,22.0,8.0,19.0,2016-01-01 00:00:00.000000,2026-08-27T05:17:09.287600+00:00,D:/D drive recovery/Shiva JH/Projects/OneLake Medallion/data/landing/_reference/products.parquet,_reference
6a1a04054158fe995e1688d8f79605b2,esporte_lazer,59.0,254.0,1.0,1650.0,40.0,45.0,25.0,2016-01-01 00:00:00.000000,2026-08-27T05:17:09.287600+00:00,D:/D drive recovery/Shiva JH/Projects/OneLake Medallion/data/landing/_reference/products.parquet,_reference
86b905f8e48ccc43feec909bd9b934fb,moveis_decoracao,34.0,677.0,1.0,1200.0,17.0,32.0,17.0,2016-01-01 00:00:00.000000,2026-08-27T05:17:09.287600+00:00,D:/D drive recovery/Shiva JH/Projects/OneLake Medallion/data/landing/_reference/products.parquet,_reference
7b5889ae43453cce7e93e2e32f97afc6,construcao_ferramentas_construcao,59.0,492.0,2.0,6350.0,28.0,32.0,24.0,2016-01-01 00:00:00.000000,2026-08-27T05:17:09.287600+00:00,D:/D drive recovery/Shiva JH/Projects/OneLake Medallion/data/landing/_reference/products.parquet,_reference
6d7d853286dac8449c42146f8ce5dedf,esporte_lazer,35.0,421.0,2.0,150.0,45.0,10.0,11.0,2016-01-01 00:00:00.000000,2026-08-27T05:17:09.287600+00:00,D:/D drive recovery/Shiva JH/Projects/OneLake Medallion/data/landing/_reference/products.parquet,_reference
1d7db62a21ffb4f220d3e8a05fa77e02,fashion_bolsas_e_acessorios,22.0,328.0,3.0,100.0,16.0,13.0,11.0,2016-01-01 00:00:00.000000,2026-08-27T05:17:09.287600+00:00,D:/D drive recovery/Shiva JH/Projects/OneLake Medallion/data/landing/_reference/products.parquet,_reference
6eb70dfb283dc3f645ed7b03c990dc72,audio,31.0,251.0,2.0,343.0,19.0,11.0,13.0,2016-01-01 00:00:00.000000,2026-08-27T05:17:09.287600+00:00,D:/D drive recovery/Shiva JH/Projects/OneLake Medallion/data/landing/_reference/products.parquet,_reference
4011494d902f1075a502ffe9432186b3,instrumentos_musicais,59.0,557.0,1.0,650.0,20.0,20.0,20.0,2016-01-01 00:00:00.000000,2026-08-27T05:17:09.287600+00:00,D:/D drive recovery/Shiva JH/Projects/OneLake Medallion/data/landing/_reference/products.parquet,_reference
dbaee28f4ee64465838a229582d77520,construcao_ferramentas_construcao,58.0,1178.0,2.0,418.0,19.0,6.0,13.0,2016-01-01 00:00:00.000000,2026-08-27T05:17:09.287600+00:00,D:/D drive recovery/Shiva JH/Projects/OneLake Medallion/data/landing/_reference/products.parquet,_reference
b3cf0a98f31b76ed0cec13d9c77102c4,market_place,26.0,1528.0,1.0,1300.0,33.0,6.0,22.0,2016-01-01 00:00:00.000000,2026-08-27T05:17:09.287600+00:00,D:/D drive recovery/Shiva JH/Projects/OneLake Medallion/data/landing/_reference/products.parquet,_reference
4fcb3d9a5f4871e8362dfedbdb02b064,automotivo,53.0,603.0,1.0,5950.0,65.0,11.0,65.0,2016-01-01 00:00:00.000000,2026-08-27T05:17:09.287600+00:00,D:/D drive recovery/Shiva JH/Projects/OneLake Medallion/data/landing/_reference/products.parquet,_reference
17865682ce7cccfe7dec02d1f74a8f86,automotivo,54.0,339.0,1.0,350.0,25.0,10.0,15.0,2016-01-01 00:00:00.000000,2026-08-27T05:17:09.287600+00:00,D:/D drive recovery/Shiva JH/Projects/OneLake Medallion/data/landing/_reference/products.parquet,_reference
368c6c730842d78016ad823897a372db,ferramentas_jardim,57.0,366.0,2.0,1650.0,30.0,22.0,30.0,2016-01-01 00:00:00.000000,2026-08-27T05:17:09.287600+00:00,D:/D drive recovery/Shiva JH/Projects/OneLake Medallion/data/landing/_reference/products.parquet,_reference
b9c742d2c1b06bc064c7aee11440e5ad,telefonia,58.0,366.0,3.0,125.0,19.0,4.0,11.0,2016-01-01 00:00:00.000000,2026-08-27T05:17:09.287600+00:00,D:/D drive recovery/Shiva JH/Projects/OneLake Medallion/data/landing/_reference/products.parquet,_reference
591cf821695e4e2934a87e07122f7839,fashion_bolsas_e_acessorios,60.0,270.0,2.0,250.0,16.0,2.0,11.0,2016-01-01 00:00:00.000000,2026-08-27T05:17:09.287600+00:00,D:/D drive recovery/Shiva JH/Projects/OneLake Medallion/data/landing/_reference/products.parquet,_reference
ce64708328e978e92d475585d394d9dd,esporte_lazer,33.0,584.0,2.0,1550.0,20.0,10.0,20.0,2016-01-01 00:00:00.000000,2026-08-27T05:17:09.287600+00:00,D:/D drive recovery/Shiva JH/Projects/OneLake Medallion/data/landing/_reference/products.parquet,_reference
1bef08f119466a85a83919d5b80facd3,cama_mesa_banho,39.0,114.0,1.0,250.0,40.0,4.0,30.0,2016-01-01 00:00:00.000000,2026-08-27T05:17:09.287600+00:00,D:/D drive recovery/Shiva JH/Projects/OneLake Medallion/data/landing/_reference/products.parquet,_reference
8509049c56caff468e3f35c4eefb6035,utilidades_domesticas,39.0,818.0,1.0,1000.0,25.0,32.0,25.0,2016-01-01 00:00:00.000000,2026-08-27T05:17:09.287600+00:00,D:/D drive recovery/Shiva JH/Projects/OneLake Medallion/data/landing/_reference/products.parquet,_reference
6c0405ea1704f19465d1dc6314b1a9e5,telefonia,32.0,365.0,6.0,50.0,19.0,3.0,11.0,2016-01-01 00:00:00.000000,2026-08-27T05:17:09.287600+00:00,D:/D drive recovery/Shiva JH/Projects/OneLake Medallion/data/landing/_reference/products.parquet,_reference
4aa6014eceb682077f9dc4bffebc05b0,utilidades_domesticas,43.0,1002.0,3.0,10150.0,89.0,15.0,40.0,2016-01-01 00:00:00.000000,2026-08-27T05:17:09.287600+00:00,D:/D drive recovery/Shiva JH/Projects/OneLake Medallion/data/landing/_reference/products.parquet,_reference
261244fc4d0197d8772346872f5b0f5e,moveis_cozinha_area_de_servico_jantar_e_jardim,54.0,785.0,5.0,975.0,41.0,12.0,12.0,2016-01-01 00:00:00.000000,2026-08-27T05:17:09.287600+00:00,D:/D drive recovery/Shiva JH/Projects/OneLake Medallion/data/landing/_reference/products.parquet,_reference
423a6644f0aa529e8828ff1f91003690,agro_industria_e_comercio,54.0,2352.0,3.0,5800.0,30.0,30.0,20.0,2016-01-01 00:00:00.000000,2026-08-27T05:17:09.287600+00:00,D:/D drive recovery/Shiva JH/Projects/OneLake Medallion/data/landing/_reference/products.parquet,_reference
2b8ac7ded4ff025f0bd9b02f5c9531ba,esporte_lazer,34.0,693.0,2.0,1400.0,81.0,2.0,21.0,2016-01-01 00:00:00.000000,2026-08-27T05:17:09.287600+00:00,D:/D drive recovery/Shiva JH/Projects/OneLake Medallion/data/landing/_reference/products.parquet,_reference
2805706c5fde90cdec740394a68ee707,relogios_presentes,52.0,555.0,1.0,417.0,19.0,12.0,14.0,2016-01-01 00:00:00.000000,2026-08-27T05:17:09.287600+00:00,D:/D drive recovery/Shiva JH/Projects/OneLake Medallion/data/landing/_reference/products.parquet,_reference
96a5ff4a6e07ebe2f09a6ee132303df3,informatica_acessorios,29.0,832.0,2.0,3100.0,27.0,2.0,16.0,2016-01-01 00:00:00.000000,2026-08-27T05:17:09.287600+00:00,D:/D drive recovery/Shiva JH/Projects/OneLake Medallion/data/landing/_reference/products.parquet,_reference
0e8455af924fb157b26a4ab95f28bb10,telefonia,50.0,3704.0,6.0,50.0,21.0,8.0,13.0,2016-01-01 00:00:00.000000,2026-08-27T05:17:09.287600+00:00,D:/D drive recovery/Shiva JH/Projects/OneLake Medallion/data/landing/_reference/products.parquet,_reference
5f4f9900058f5deda33d748e733a5292,utilidades_domesticas,56.0,1185.0,4.0,500.0,28.0,10.0,27.0,2016-01-01 00:00:00.000000,2026-08-27T05:17:09.287600+00:00,D:/D drive recovery/Shiva JH/Projects/OneLake Medallion/data/landing/_reference/products.parquet,_reference
b37a8cda46313ac91d79f16601ca5253,ferramentas_jardim,59.0,1105.0,9.0,600.0,21.0,8.0,13.0,2016-01-01 00:00:00.000000,2026-08-27T05:17:09.287600+00:00,D:/D drive recovery/Shiva JH/Projects/OneLake Medallion/data/landing/_reference/products.parquet,_reference
634256dbcd184b3757ffd7632c9fe52a,beleza_saude,49.0,295.0,1.0,150.0,16.0,5.0,17.0,2016-01-01 00:00:00.000000,2026-08-27T05:17:09.287600+00:00,D:/D drive recovery/Shiva JH/Projects/OneLake Medallion/data/landing/_reference/products.parquet,_reference
cd46a885543f0e169a49f1eb25c04e43,informatica_acessorios,58.0,1390.0,2.0,3475.0,54.0,13.0,48.0,2016-01-01 00:00:00.000000,2026-08-27T05:17:09.287600+00:00,D:/D drive recovery/Shiva JH/Projects/OneLake Medallion/data/landing/_reference/products.parquet,_reference
351cd19d35f2421c5419da9032a19856,bebes,46.0,643.0,4.0,2350.0,16.0,50.0,40.0,2016-01-01 00:00:00.000000,2026-08-27T05:17:09.287600+00:00,D:/D drive recovery/Shiva JH/Projects/OneLake Medallion/data/landing/_reference/products.parquet,_reference
cfb79bfbdaf59cfe2e9ae0a071451f32,cama_mesa_banho,44.0,445.0,1.0,550.0,30.0,3.0,19.0,2016-01-01 00:00:00.000000,2026-08-27T05:17:09.287600+00:00,D:/D drive recovery/Shiva JH/Projects/OneLake Medallion/data/landing/_reference/products.parquet,_reference
990166f4c0d91a6cb92663b4d190ad1e,utilidades_domesticas,51.0,969.0,3.0,9300.0,31.0,58.0,31.0,2016-01-01 00:00:00.000000,2026-08-27T05:17:09.287600+00:00,D:/D drive recovery/Shiva JH/Projects/OneLake Medallion/data/landing/_reference/products.parquet,_reference
71a033537c0b1b79fc26e6d0bb3bb1a2,moveis_decoracao,56.0,227.0,7.0,950.0,31.0,11.0,26.0,2016-01-01 00:00:00.000000,2026-08-27T05:17:09.287600+00:00,D:/D drive recovery/Shiva JH/Projects/OneLake Medallion/data/landing/_reference/products.parquet,_reference
a334304f952399f2161225628a9d2891,beleza_saude,58.0,1692.0,4.0,300.0,18.0,10.0,14.0,2016-01-01 00:00:00.000000,2026-08-27T05:17:09.287600+00:00,D:/D drive recovery/Shiva JH/Projects/OneLake Medallion/data/landing/_reference/products.parquet,_reference
b23f9704f31bfce887b8d1b48f0bad47,utilidades_domesticas,32.0,33.0,3.0,450.0,17.0,14.0,11.0,2016-01-01 00:00:00.000000,2026-08-27T05:17:09.287600+00:00,D:/D drive recovery/Shiva JH/Projects/OneLake Medallion/data/landing/_reference/products.parquet,_reference
f179d569401e7aea68f5b8c64367c796,esporte_lazer,59.0,1219.0,5.0,4450.0,50.0,30.0,30.0,2016-01-01 00:00:00.000000,2026-08-27T05:17:09.287600+00:00,D:/D drive recovery/Shiva JH/Projects/OneLake Medallion/data/landing/_reference/products.parquet,_reference
515ba7ccc6abbd1c0f5016704a0184e2,pet_shop,59.0,678.0,4.0,1400.0,40.0,20.0,30.0,2016-01-01 00:00:00.000000,2026-08-27T05:17:09.287600+00:00,D:/D drive recovery/Shiva JH/Projects/OneLake Medallion/data/landing/_reference/products.parquet,_reference
e482ad963bfb9a9abc51b9850aca97b7,utilidades_domesticas,45.0,293.0,1.0,250.0,19.0,8.0,11.0,2016-01-01 00:00:00.000000,2026-08-27T05:17:09.287600+00:00,D:/D drive recovery/Shiva JH/Projects/OneLake Medallion/data/landing/_reference/products.parquet,_reference
bdeb69e094c42de582310fffad126d77,automotivo,51.0,424.0,2.0,100.0,24.0,2.0,17.0,2016-01-01 00:00:00.000000,2026-08-27T05:17:09.287600+00:00,D:/D drive recovery/Shiva JH/Projects/OneLake Medallion/data/landing/_reference/products.parquet,_reference
e251ebd2858be1aa7d9b2087a6992580,ferramentas_jardim,34.0,511.0,4.0,8875.0,40.0,14.0,43.0,2016-01-01 00:00:00.000000,2026-08-27T05:17:09.287600+00:00,D:/D drive recovery/Shiva JH/Projects/OneLake Medallion/data/landing/_reference/products.parquet,_reference
1131505c80690c39fe3696048a24fc2d,automotivo,52.0,383.0,1.0,980.0,17.0,10.0,12.0,2016-01-01 00:00:00.000000,2026-08-27T05:17:09.287600+00:00,D:/D drive recovery/Shiva JH/Projects/OneLake Medallion/data/landing/_reference/products.parquet,_reference
b84ee1832bd494a163f0a8315efde95c,informatica_acessorios,56.0,944.0,1.0,200.0,20.0,20.0,20.0,2016-01-01 00:00:00.000000,2026-08-27T05:17:09.287600+00:00,D:/D drive recovery/Shiva JH/Projects/OneLake Medallion/data/landing/_reference/products.parquet,_reference
28ea12eefe401cceb76c6026abfbcd71,esporte_lazer,52.0,671.0,6.0,1300.0,25.0,30.0,40.0,2016-01-01 00:00:00.000000,2026-08-27T05:17:09.287600+00:00,D:/D drive recovery/Shiva JH/Projects/OneLake Medallion/data/landing/_reference/products.parquet,_reference
3d3c4219b64b1a968490e7bdfa43bf1f,utilidades_domesticas,53.0,117.0,6.0,1950.0,40.0,16.0,16.0,2016-01-01 00:00:00.000000,2026-08-27T05:17:09.287600+00:00,D:/D drive recovery/Shiva JH/Projects/OneLake Medallion/data/landing/_reference/products.parquet,_reference
3fd97d8c7b16543086520039b5c7267a,utilidades_domesticas,55.0,486.0,1.0,1800.0,22.0,63.0,22.0,2016-01-01 00:00:00.000000,2026-08-27T05:17:09.287600+00:00,D:/D drive recovery/Shiva JH/Projects/OneLake Medallion/data/landing/_reference/products.parquet,_reference
8bab563be2e3316280e3990af91da7b7,eletronicos,49.0,190.0,1.0,133.0,18.0,11.0,14.0,2016-01-01 00:00:00.000000,2026-08-27T05:17:09.287600+00:00,D:/D drive recovery/Shiva JH/Projects/OneLake Medallion/data/landing/_reference/products.parquet,_reference
a59fb60fddcc72a9878b7ed5cb69d8e4,audio,48.0,424.0,1.0,200.0,27.0,5.0,20.0,2016-01-01 00:00:00.000000,2026-08-27T05:17:09.287600+00:00,D:/D drive recovery/Shiva JH/Projects/OneLake Medallion/data/landing/_reference/products.parquet,_reference
70d17ed46123e5b68dff23e113415d5a,brinquedos,57.0,70.0,4.0,900.0,39.0,30.0,29.0,2016-01-01 00:00:00.000000,2026-08-27T05:17:09.287600+00:00,D:/D drive recovery/Shiva JH/Projects/OneLake Medallion/data/landing/_reference/products.parquet,_reference
f2af004352a06a99dca765596240cbc3,beleza_saude,61.0,1054.0,4.0,100.0,29.0,5.0,15.0,2016-01-01 00:00:00.000000,2026-08-27T05:17:09.287600+00:00,D:/D drive recovery/Shiva JH/Projects/OneLake Medallion/data/landing/_reference/products.parquet,_reference
409ad0594dd6af287d870a566756dc10,eletrodomesticos,58.0,1005.0,3.0,200.0,30.0,10.0,15.0,2016-01-01 00:00:00.000000,2026-08-27T05:17:09.287600+00:00,D:/D drive recovery/Shiva JH/Projects/OneLake Medallion/data/landing/_reference/products.parquet,_reference
36ea81e90d1292dcdc3ad8abb09c20fe,bebes,59.0,921.0,4.0,350.0,42.0,27.0,42.0,2016-01-01 00:00:00.000000,2026-08-27T05:17:09.287600+00:00,D:/D drive recovery/Shiva JH/Projects/OneLake Medallion/data/landing/_reference/products.parquet,_reference
af739e00ca90db9e164a8ee27237445a,esporte_lazer,31.0,486.0,1.0,500.0,25.0,15.0,11.0,2016-01-01 00:00:00.000000,2026-08-27T05:17:09.287600+00:00,D:/D drive recovery/Shiva JH/Projects/OneLake Medallion/data/landing/_reference/products.parquet,_reference
ab1f9387c0627dd24000bfbc54fdeee0,eletronicos,45.0,456.0,1.0,175.0,22.0,11.0,16.0,2016-01-01 00:00:00.000000,2026-08-27T05:17:09.287600+00:00,D:/D drive recovery/Shiva JH/Projects/OneLake Medallion/data/landing/_reference/products.parquet,_reference
a87972100f1fa4091a86d6801620656d,brinquedos,16.0,373.0,1.0,300.0,21.0,11.0,21.0,2016-01-01 00:00:00.000000,2026-08-27T05:17:09.287600+00:00,D:/D drive recovery/Shiva JH/Projects/OneLake Medallion/data/landing/_reference/products.parquet,_reference
95203adc728bc74fbd99afc9e303db9f,informatica_acessorios,55.0,726.0,2.0,300.0,16.0,8.0,16.0,2016-01-01 00:00:00.000000,2026-08-27T05:17:09.287600+00:00,D:/D drive recovery/Shiva JH/Projects/OneLake Medallion/data/landing/_reference/products.parquet,_reference
d3c044bd42d84a79e3b0c42662806a48,esporte_lazer,32.0,3831.0,1.0,150.0,16.0,16.0,11.0,2016-01-01 00:00:00.000000,2026-08-27T05:17:09.287600+00:00,D:/D drive recovery/Shiva JH/Projects/OneLake Medallion/data/landing/_reference/products.parquet,_reference
ae17f8265a23421715164ab420b62b36,utilidades_domesticas,43.0,595.0,1.0,1050.0,30.0,30.0,30.0,2016-01-01 00:00:00.000000,2026-08-27T05:17:09.287600+00:00,D:/D drive recovery/Shiva JH/Projects/OneLake Medallion/data/landing/_reference/products.parquet,_reference
d26fcc1c248f5f9f8340e6061bf1f2b5,instrumentos_musicais,63.0,999.0,10.0,1400.0,55.0,18.0,45.0,2016-01-01 00:00:00.000000,2026-08-27T05:17:09.287600+00:00,D:/D drive recovery/Shiva JH/Projects/OneLake Medallion/data/landing/_reference/products.parquet,_reference
d65b6607952f9e0d705b1cbdc92ac027,cool_stuff,57.0,768.0,4.0,500.0,27.0,10.0,15.0,2016-01-01 00:00:00.000000,2026-08-27T05:17:09.287600+00:00,D:/D drive recovery/Shiva JH/Projects/OneLake Medallion/data/landing/_reference/products.parquet,_reference
e9775f87bb8e7d4b82128c9adda40669,papelaria,57.0,722.0,3.0,200.0,16.0,10.0,27.0,2016-01-01 00:00:00.000000,2026-08-27T05:17:09.287600+00:00,D:/D drive recovery/Shiva JH/Projects/OneLake Medallion/data/landing/_reference/products.parquet,_reference
a3c485c1ba93a314a9606492aeb0072c,climatizacao,39.0,401.0,1.0,5075.0,51.0,43.0,46.0,2016-01-01 00:00:00.000000,2026-08-27T05:17:09.287600+00:00,D:/D drive recovery/Shiva JH/Projects/OneLake Medallion/data/landing/_reference/products.parquet,_reference
aa280035c50ba62c746480a59045eec4,brinquedos,56.0,678.0,3.0,200.0,16.0,8.0,11.0,2016-01-01 00:00:00.000000,2026-08-27T05:17:09.287600+00:00,D:/D drive recovery/Shiva JH/Projects/OneLake Medallion/data/landing/_reference/products.parquet,_reference
621dce691c2ff3f99e21c21057ddc0ba,cama_mesa_banho,51.0,444.0,2.0,950.0,50.0,16.0,16.0,2016-01-01 00:00:00.000000,2026-08-27T05:17:09.287600+00:00,D:/D drive recovery/Shiva JH/Projects/OneLake Medallion/data/landing/_reference/products.parquet,_reference
1342c0533d30a76542a5697aed78039f,moveis_decoracao,42.0,993.0,1.0,1050.0,17.0,27.0,17.0,2016-01-01 00:00:00.000000,2026-08-27T05:17:09.287600+00:00,D:/D drive recovery/Shiva JH/Projects/OneLake Medallion/data/landing/_reference/products.parquet,_reference
8e5f38754987574b781aebd5a7d4d33e,bebes,38.0,974.0,5.0,119.0,16.0,11.0,14.0,2016-01-01 00:00:00.000000,2026-08-27T05:17:09.287600+00:00,D:/D drive recovery/Shiva JH/Projects/OneLake Medallion/data/landing/_reference/products.parquet,_reference
73258e01fadbaf7648577beb152e1320,informatica_acessorios,50.0,835.0,1.0,250.0,20.0,20.0,20.0,2016-01-01 00:00:00.000000,2026-08-27T05:17:09.287600+00:00,D:/D drive recovery/Shiva JH/Projects/OneLake Medallion/data/landing/_reference/products.parquet,_reference
53ae5df71df97b2b9abee97ce1e1b8f1,cool_stuff,44.0,3049.0,3.0,850.0,22.0,22.0,22.0,2016-01-01 00:00:00.000000,2026-08-27T05:17:09.287600+00:00,D:/D drive recovery/Shiva JH/Projects/OneLake Medallion/data/landing/_reference/products.parquet,_reference
fd68051e3deccde23af3d77152129c5a,climatizacao,52.0,1222.0,1.0,2800.0,16.0,2.0,11.0,2016-01-01 00:00:00.000000,2026-08-27T05:17:09.287600+00:00,D:/D drive recovery/Shiva JH/Projects/OneLake Medallion/data/landing/_reference/products.parquet,_reference
60831f149488243f31618867accce8cd,brinquedos,51.0,313.0,4.0,3250.0,65.0,13.0,36.0,2016-01-01 00:00:00.000000,2026-08-27T05:17:09.287600+00:00,D:/D drive recovery/Shiva JH/Projects/OneLake Medallion/data/landing/_reference/products.parquet,_reference
aed75ad669fbebd5a385ac7cc2ae7573,beleza_saude,42.0,427.0,1.0,30000.0,50.0,75.0,56.0,2016-01-01 00:00:00.000000,2026-08-27T05:17:09.287600+00:00,D:/D drive recovery/Shiva JH/Projects/OneLake Medallion/data/landing/_reference/products.parquet,_reference
d688e1eb847d2f72892ede46001673bd,informatica_acessorios,55.0,300.0,1.0,761.0,18.0,15.0,15.0,2016-01-01 00:00:00.000000,2026-08-27T05:17:09.287600+00:00,D:/D drive recovery/Shiva JH/Projects/OneLake Medallion/data/landing/_reference/products.parquet,_reference
098c8d862a494bb5926e558a87687768,cool_stuff,54.0,940.0,1.0,2000.0,45.0,30.0,20.0,2016-01-01 00:00:00.000000,2026-08-27T05:17:09.287600+00:00,D:/D drive recovery/Shiva JH/Projects/OneLake Medallion/data/landing/_reference/products.parquet,_reference
a0c39dee6817bb443090f9248eeafa4c,moveis_escritorio,55.0,1086.0,1.0,27200.0,48.0,45.0,56.0,2016-01-01 00:00:00.000000,2026-08-27T05:17:09.287600+00:00,D:/D drive recovery/Shiva JH/Projects/OneLake Medallion/data/landing/_reference/products.parquet,_reference
f264c1d9b20b5e4a340254d0405e613b,cool_stuff,48.0,874.0,1.0,1050.0,42.0,25.0,15.0,2016-01-01 00:00:00.000000,2026-08-27T05:17:09.287600+00:00,D:/D drive recovery/Shiva JH/Projects/OneLake Medallion/data/landing/_reference/products.parquet,_reference
a214ec4881cfa50f718046bdc15c6a22,relogios_presentes,59.0,183.0,2.0,200.0,16.0,2.0,11.0,2016-01-01 00:00:00.000000,2026-08-27T05:17:09.287600+00:00,D:/D drive recovery/Shiva JH/Projects/OneLake Medallion/data/landing/_reference/products.parquet,_reference
f23d24b737a58861ed576d2128c439e4,cama_mesa_banho,55.0,597.0,1.0,1800.0,16.0,50.0,40.0,2016-01-01 00:00:00.000000,2026-08-27T05:17:09.287600+00:00,D:/D drive recovery/Shiva JH/Projects/OneLake Medallion/data/landing/_reference/products.parquet,_reference
2b4609f8948be18874494203496bc318,beleza_saude,59.0,492.0,3.0,250.0,22.0,10.0,18.0,2016-01-01 00:00:00.000000,2026-08-27T05:17:09.287600+00:00,D:/D drive recovery/Shiva JH/Projects/OneLake Medallion/data/landing/_reference/products.parquet,_reference
687865b021641ba258e6967af27301ff,moveis_quarto,40.0,180.0,1.0,10600.0,33.0,45.0,40.0,2016-01-01 00:00:00.000000,2026-08-27T05:17:09.287600+00:00,D:/D drive recovery/Shiva JH/Projects/OneLake Medallion/data/landing/_reference/products.parquet,_reference
31596cc4bf31a702bc34ab7223a827da,eletrodomesticos_2,33.0,1335.0,4.0,2850.0,62.0,11.0,40.0,2016-01-01 00:00:00.000000,2026-08-27T05:17:09.287600+00:00,D:/D drive recovery/Shiva JH/Projects/OneLake Medallion/data/landing/_reference/products.parquet,_reference
8c0fd3e89ebf51f2fcff46abbc4eca05,relogios_presentes,40.0,525.0,3.0,500.0,38.0,12.0,38.0,2016-01-01 00:00:00.000000,2026-08-27T05:17:09.287600+00:00,D:/D drive recovery/Shiva JH/Projects/OneLake Medallion/data/landing/_reference/products.parquet,_reference
496f6bd86011e5a9ddea8dc96e802340,moveis_decoracao,60.0,458.0,1.0,1050.0,30.0,4.0,20.0,2016-01-01 00:00:00.000000,2026-08-27T05:17:09.287600+00:00,D:/D drive recovery/Shiva JH/Projects/OneLake Medallion/data/landing/_reference/products.parquet,_reference
69455f41626a745aea9ee9164cb9eafd,relogios_presentes,41.0,408.0,2.0,501.0,18.0,13.0,14.0,2016-01-01 00:00:00.000000,2026-08-27T05:17:09.287600+00:00,D:/D drive recovery/Shiva JH/Projects/OneLake Medallion/data/landing/_reference/products.parquet,_reference
0fe922b7f7d43ef454bbc241416e7401,esporte_lazer,45.0,429.0,2.0,50.0,20.0,11.0,11.0,2016-01-01 00:00:00.000000,2026-08-27T05:17:09.287600+00:00,D:/D drive recovery/Shiva JH/Projects/OneLake Medallion/data/landing/_reference/products.parquet,_reference
f3c5707e7c539ab6533e3611da02b648,cama_mesa_banho,57.0,204.0,1.0,2250.0,35.0,20.0,30.0,2016-01-01 00:00:00.000000,2026-08-27T05:17:09.287600+00:00,D:/D drive recovery/Shiva JH/Projects/OneLake Medallion/data/landing/_reference/products.parquet,_reference
678f4b558147f3aaca424c13a1f89060,utilidades_domesticas,60.0,81.0,1.0,1625.0,37.0,15.0,28.0,2016-01-01 00:00:00.000000,2026-08-27T05:17:09.287600+00:00,D:/D drive recovery/Shiva JH/Projects/OneLake Medallion/data/landing/_reference/products.parquet,_reference
cec09725da5ed01471d9a505e7389d37,esporte_lazer,52.0,1197.0,1.0,2500.0,20.0,11.0,11.0,2016-01-01 00:00:00.000000,2026-08-27T05:17:09.287600+00:00,D:/D drive recovery/Shiva JH/Projects/OneLake Medallion/data/landing/_reference/products.parquet,_reference
6f9d3ff69fea5b27532628c987f4b49a,automotivo,60.0,847.0,6.0,5900.0,53.0,43.0,11.0,2016-01-01 00:00:00.000000,2026-08-27T05:17:09.287600+00:00,D:/D drive recovery/Shiva JH/Projects/OneLake Medallion/data/landing/_reference/products.parquet,_reference
d5365b4fc46af0e0679ce35e818b4b0a,esporte_lazer,59.0,355.0,2.0,15450.0,16.0,105.0,55.0,2016-01-01 00:00:00.000000,2026-08-27T05:17:09.287600+00:00,D:/D drive recovery/Shiva JH/Projects/OneLake Medallion/data/landing/_reference/products.parquet,_reference
03d7ad0ce97624c931b3abde02b5d819,perfumaria,48.0,259.0,1.0,249.0,19.0,13.0,15.0,2016-01-01 00:00:00.000000,2026-08-27T05:17:09.287600+00:00,D:/D drive recovery/Shiva JH/Projects/OneLake Medallion/data/landing/_reference/products.parquet,_reference
678c229b41c0e497d35a25a8be1cc631,construcao_ferramentas_construcao,60.0,339.0,1.0,3100.0,24.0,7.0,24.0,2016-01-01 00:00:00.000000,2026-08-27T05:17:09.287600+00:00,D:/D drive recovery/Shiva JH/Projects/OneLake Medallion/data/landing/_reference/products.parquet,_reference
ffc0b406806006602c5853b00ab5f7fd,artigos_de_natal,39.0,749.0,1.0,4450.0,50.0,8.0,45.0,2016-01-01 00:00:00.000000,2026-08-27T05:17:09.287600+00:00,D:/D drive recovery/Shiva JH/Projects/OneLake Medallion/data/landing/_reference/products.parquet,_reference
7124ca1f9c1598c0ad3166988e93d5c1,bebes,60.0,1599.0,3.0,400.0,30.0,14.0,21.0,2016-01-01 00:00:00.000000,2026-08-27T05:17:09.287600+00:00,D:/D drive recovery/Shiva JH/Projects/OneLake Medallion/data/landing/_reference/products.parquet,_reference
9e2d3a8d8ffad53e2e35282a2020221c,moveis_decoracao,50.0,531.0,4.0,1600.0,35.0,6.0,32.0,2016-01-01 00:00:00.000000,2026-08-27T05:17:09.287600+00:00,D:/D drive recovery/Shiva JH/Projects/OneLake Medallion/data/landing/_reference/products.parquet,_reference
f011deae0b381d8abd76d0ee747370fb,cama_mesa_banho,58.0,144.0,2.0,500.0,28.0,10.0,23.0,2016-01-01 00:00:00.000000,2026-08-27T05:17:09.287600+00:00,D:/D drive recovery/Shiva JH/Projects/OneLake Medallion/data/landing/_reference/products.parquet,_reference
27672da99215b426dc0ced05731bccc6,fashion_bolsas_e_acessorios,59.0,412.0,3.0,200.0,16.0,2.0,11.0,2016-01-01 00:00:00.000000,2026-08-27T05:17:09.287600+00:00,D:/D drive recovery/Shiva JH/Projects/OneLake Medallion/data/landing/_reference/products.parquet,_reference
5115d8cd6438c0c4d8abdf38d5d41ebd,fashion_bolsas_e_acessorios,46.0,128.0,7.0,350.0,16.0,2.0,20.0,2016-01-01 00:00:00.000000,2026-08-27T05:17:09.287600+00:00,D:/D drive recovery/Shiva JH/Projects/OneLake Medallion/data/landing/_reference/products.parquet,_reference
2e513e110e3f95926fa3d1ac44444ff4,eletronicos,56.0,320.0,1.0,150.0,24.0,8.0,16.0,2016-01-01 00:00:00.000000,2026-08-27T05:17:09.287600+00:00,D:/D drive recovery/Shiva JH/Projects/OneLake Medallion/data/landing/_reference/products.parquet,_reference
e3a23a99f074226ad690393a840c3244,fashion_bolsas_e_acessorios,37.0,558.0,4.0,100.0,17.0,3.0,12.0,2016-01-01 00:00:00.000000,2026-08-27T05:17:09.287600+00:00,D:/D drive recovery/Shiva JH/Projects/OneLake Medallion/data/landing/_reference/products.parquet,_reference
43944a8f8f0b7ae86b6c3d3c2f257375,eletrodomesticos,52.0,1363.0,2.0,4920.0,65.0,11.0,33.0,2016-01-01 00:00:00.000000,2026-08-27T05:17:09.287600+00:00,D:/D drive recovery/Shiva JH/Projects/OneLake Medallion/data/landing/_reference/products.parquet,_reference
ca0ee6f66727726ab8ffefd5ded60390,fashion_bolsas_e_acessorios,17.0,98.0,1.0,200.0,16.0,3.0,15.0,2016-01-01 00:00:00.000000,2026-08-27T05:17:09.287600+00:00,D:/D drive recovery/Shiva JH/Projects/OneLake Medallion/data/landing/_reference/products.parquet,_reference
3ef588bfd98e3e3a65ab2478b5b32824,relogios_presentes,47.0,759.0,3.0,300.0,16.0,11.0,11.0,2016-01-01 00:00:00.000000,2026-08-27T05:17:09.287600+00:00,D:/D drive recovery/Shiva JH/Projects/OneLake Medallion/data/landing/_reference/products.parquet,_reference
0983cd4a5cabf1099659ce461511963c,beleza_saude,58.0,1307.0,1.0,350.0,35.0,16.0,20.0,2016-01-01 00:00:00.000000,2026-08-27T05:17:09.287600+00:00,D:/D drive recovery/Shiva JH/Projects/OneLake Medallion/data/landing/_reference/products.parquet,_reference
c6dd917a0be2a704582055949915ab32,cool_stuff,54.0,1012.0,1.0,1200.0,42.0,25.0,15.0,2016-01-01 00:00:00.000000,2026-08-27T05:17:09.287600+00:00,D:/D drive recovery/Shiva JH/Projects/OneLake Medallion/data/landing/_reference/products.parquet,_reference
cd3be6f2b54a7e252f5283ad7c26970d,pet_shop,55.0,285.0,1.0,700.0,20.0,11.0,13.0,2016-01-01 00:00:00.000000,2026-08-27T05:17:09.287600+00:00,D:/D drive recovery/Shiva JH/Projects/OneLake Medallion/data/landing/_reference/products.parquet,_reference
a8385505c3cdcbf7c6acdf0e946d89c8,relogios_presentes,47.0,1387.0,3.0,440.0,18.0,14.0,17.0,2016-01-01 00:00:00.000000,2026-08-27T05:17:09.287600+00:00,D:/D drive recovery/Shiva JH/Projects/OneLake Medallion/data/landing/_reference/products.parquet,_reference
c38458375b2a89d0c8a6313b016dcdc7,beleza_saude,59.0,703.0,1.0,150.0,20.0,20.0,15.0,2016-01-01 00:00:00.000000,2026-08-27T05:17:09.287600+00:00,D:/D drive recovery/Shiva JH/Projects/OneLake Medallion/data/landing/_reference/products.parquet,_reference
b7c8f19a99c322aa3d90d93fbe9eb275,casa_construcao,59.0,218.0,4.0,600.0,39.0,12.0,12.0,2016-01-01 00:00:00.000000,2026-08-27T05:17:09.287600+00:00,D:/D drive recovery/Shiva JH/Projects/OneLake Medallion/data/landing/_reference/products.parquet,_reference
6766f04fea82c46bd3001e969a5ba795,moveis_decoracao,48.0,1459.0,1.0,1600.0,53.0,8.0,11.0,2016-01-01 00:00:00.000000,2026-08-27T05:17:09.287600+00:00,D:/D drive recovery/Shiva JH/Projects/OneLake Medallion/data/landing/_reference/products.parquet,_reference
b9518f0140a3efddd3c1ef9ad49d23d8,automotivo,54.0,582.0,1.0,5575.0,63.0,9.0,63.0,2016-01-01 00:00:00.000000,2026-08-27T05:17:09.287600+00:00,D:/D drive recovery/Shiva JH/Projects/OneLake Medallion/data/landing/_reference/products.parquet,_reference
92ff4701412588ba89562a5da013c537,eletrodomesticos,33.0,96.0,1.0,21000.0,63.0,21.0,37.0,2016-01-01 00:00:00.000000,2026-08-27T05:17:09.287600+00:00,D:/D drive recovery/Shiva JH/Projects/OneLake Medallion/data/landing/_reference/products.parquet,_reference
aadff88486740e0b0ebe2be6c09476ae,beleza_saude,56.0,390.0,1.0,250.0,16.0,5.0,15.0,2016-01-01 00:00:00.000000,2026-08-27T05:17:09.287600+00:00,D:/D drive recovery/Shiva JH/Projects/OneLake Medallion/data/landing/_reference/products.parquet,_reference
026ddfe4a1a29002815e6da024d6128e,eletronicos,48.0,219.0,3.0,550.0,16.0,5.0,20.0,2016-01-01 00:00:00.000000,2026-08-27T05:17:09.287600+00:00,D:/D drive recovery/Shiva JH/Projects/OneLake Medallion/data/landing/_reference/products.parquet,_reference
ce582863190cb932e8a7f5515791c11e,automotivo,56.0,304.0,7.0,550.0,30.0,5.0,20.0,2016-01-01 00:00:00.000000,2026-08-27T05:17:09.287600+00:00,D:/D drive recovery/Shiva JH/Projects/OneLake Medallion/data/landing/_reference/products.parquet,_reference
700e755cb2df115278726cbf8cc322fd,esporte_lazer,40.0,977.0,1.0,3663.0,27.0,27.0,27.0,2016-01-01 00:00:00.000000,2026-08-27T05:17:09.287600+00:00,D:/D drive recovery/Shiva JH/Projects/OneLake Medallion/data/landing/_reference/products.parquet,_reference
cde6874b9722e3220ecedf04958dcd4c,beleza_saude,51.0,762.0,1.0,700.0,25.0,12.0,19.0,2016-01-01 00:00:00.000000,2026-08-27T05:17:09.287600+00:00,D:/D drive recovery/Shiva JH/Projects/OneLake Medallion/data/landing/_reference/products.parquet,_reference
dd735a55e6c75fb8fbe93e14d1c3bf07,utilidades_domesticas,48.0,527.0,2.0,800.0,25.0,10.0,25.0,2016-01-01 00:00:00.000000,2026-08-27T05:17:09.287600+00:00,D:/D drive recovery/Shiva JH/Projects/OneLake Medallion/data/landing/_reference/products.parquet,_reference
7835ede5064512ab1149ab95c1d55421,beleza_saude,60.0,242.0,2.0,1350.0,19.0,28.0,17.0,2016-01-01 00:00:00.000000,2026-08-27T05:17:09.287600+00:00,D:/D drive recovery/Shiva JH/Projects/OneLake Medallion/data/landing/_reference/products.parquet,_reference
1fde73e6b6d28627ff16e222b0044b10,,,,,500.0,22.0,11.0,11.0,2016-01-01 00:00:00.000000,2026-08-27T05:17:09.287600+00:00,D:/D drive recovery/Shiva JH/Projects/OneLake Medallion/data/landing/_reference/products.parquet,_reference
9fcc521cfe8074cbd26206bcb2e92f55,consoles_games,53.0,718.0,4.0,400.0,20.0,10.0,25.0,2016-01-01 00:00:00.000000,2026-08-27T05:17:09.287600+00:00,D:/D drive recovery/Shiva JH/Projects/OneLake Medallion/data/landing/_reference/products.parquet,_reference
76914818a87f9b6b320e136e17e6ae06,moveis_sala,33.0,317.0,1.0,13800.0,59.0,17.0,58.0,2016-01-01 00:00:00.000000,2026-08-27T05:17:09.287600+00:00,D:/D drive recovery/Shiva JH/Projects/OneLake Medallion/data/landing/_reference/products.parquet,_reference
76b7fa5da50b22fe17d1e7bbde661106,moveis_decoracao,52.0,264.0,1.0,650.0,25.0,25.0,25.0,2016-01-01 00:00:00.000000,2026-08-27T05:17:09.287600+00:00,D:/D drive recovery/Shiva JH/Projects/OneLake Medallion/data/landing/_reference/products.parquet,_reference
a22e92e1c32bdf3db91e0170a8b18408,esporte_lazer,44.0,1161.0,3.0,3450.0,100.0,15.0,15.0,2016-01-01 00:00:00.000000,2026-08-27T05:17:09.287600+00:00,D:/D drive recovery/Shiva JH/Projects/OneLake Medallion/data/landing/_reference/products.parquet,_reference
c50795b5c94dd185b2cee1d28a41d752,telefonia,52.0,823.0,2.0,300.0,16.0,22.0,11.0,2016-01-01 00:00:00.000000,2026-08-27T05:17:09.287600+00:00,D:/D drive recovery/Shiva JH/Projects/OneLake Medallion/data/landing/_reference/products.parquet,_reference
b969a0b5d4b1c5c7458bf16c0ad407ad,eletronicos,31.0,369.0,1.0,150.0,25.0,7.0,16.0,2016-01-01 00:00:00.000000,2026-08-27T05:17:09.287600+00:00,D:/D drive recovery/Shiva JH/Projects/OneLake Medallion/data/landing/_reference/products.parquet,_reference
e338f548cda0b52650b9acfd317a74db,fashion_bolsas_e_acessorios,40.0,444.0,4.0,150.0,16.0,5.0,20.0,2016-01-01 00:00:00.000000,2026-08-27T05:17:09.287600+00:00,D:/D drive recovery/Shiva JH/Projects/OneLake Medallion/data/landing/_reference/products.parquet,_reference
fbb05e4acf9348440b40d667795c057e,informatica_acessorios,52.0,159.0,2.0,2800.0,34.0,35.0,29.0,2016-01-01 00:00:00.000000,2026-08-27T05:17:09.287600+00:00,D:/D drive recovery/Shiva JH/Projects/OneLake Medallion/data/landing/_reference/products.parquet,_reference
829e27d905ccac1f24f6dd5c5898de89,utilidades_domesticas,48.0,659.0,2.0,3000.0,45.0,13.0,25.0,2016-01-01 00:00:00.000000,2026-08-27T05:17:09.287600+00:00,D:/D drive recovery/Shiva JH/Projects/OneLake Medallion/data/landing/_reference/products.parquet,_reference
34dabb8af33b3756cf72df05fb327011,tablets_impressao_imagem,56.0,512.0,1.0,300.0,26.0,10.0,26.0,2016-01-01 00:00:00.000000,2026-08-27T05:17:09.287600+00:00,D:/D drive recovery/Shiva JH/Projects/OneLake Medallion/data/landing/_reference/products.parquet,_reference
c5cb254d666e4420d56b5dc67ff59d29,informatica_acessorios,55.0,92.0,1.0,50.0,16.0,3.0,11.0,2016-01-01 00:00:00.000000,2026-08-27T05:17:09.287600+00:00,D:/D drive recovery/Shiva JH/Projects/OneLake Medallion/data/landing/_reference/products.parquet,_reference
6bbe55cf8f85c87b6eebb775a53402f4,tablets_impressao_imagem,54.0,512.0,1.0,283.0,22.0,12.0,21.0,2016-01-01 00:00:00.000000,2026-08-27T05:17:09.287600+00:00,D:/D drive recovery/Shiva JH/Projects/OneLake Medallion/data/landing/_reference/products.parquet,_reference
8ed094bfe076c568f6bb10feada3f75d,moveis_escritorio,43.0,1128.0,1.0,16133.0,63.0,59.0,25.0,2016-01-01 00:00:00.000000,2026-08-27T05:17:09.287600+00:00,D:/D drive recovery/Shiva JH/Projects/OneLake Medallion/data/landing/_reference/products.parquet,_reference
d29534bc8c74cd3d91e0f175a5c9b366,la_cuisine,59.0,748.0,1.0,1450.0,74.0,12.0,15.0,2016-01-01 00:00:00.000000,2026-08-27T05:17:09.287600+00:00,D:/D drive recovery/Shiva JH/Projects/OneLake Medallion/data/landing/_reference/products.parquet,_reference
e01bc2ad5c6f46c0f53f73379fcd602e,esporte_lazer,28.0,1182.0,4.0,900.0,50.0,6.0,20.0,2016-01-01 00:00:00.000000,2026-08-27T05:17:09.287600+00:00,D:/D drive recovery/Shiva JH/Projects/OneLake Medallion/data/landing/_reference/products.parquet,_reference
b008888e5e01a5c9da36306228e900d1,pcs,60.0,1091.0,1.0,12100.0,50.0,50.0,25.0,2016-01-01 00:00:00.000000,2026-08-27T05:17:09.287600+00:00,D:/D drive recovery/Shiva JH/Projects/OneLake Medallion/data/landing/_reference/products.parquet,_reference
0649f548e3fa70d40eb8fd98ecfe6322,telefonia,30.0,355.0,1.0,50.0,19.0,3.0,11.0,2016-01-01 00:00:00.000000,2026-08-27T05:17:09.287600+00:00,D:/D drive recovery/Shiva JH/Projects/OneLake Medallion/data/landing/_reference/products.parquet,_reference
36f60d45225e60c7da4558b070ce4b60,informatica_acessorios,33.0,300.0,1.0,207.0,19.0,11.0,14.0,2016-01-01 00:00:00.000000,2026-08-27T05:17:09.287600+00:00,D:/D drive recovery/Shiva JH/Projects/OneLake Medallion/data/landing/_reference/products.parquet,_reference
6ae38d49db7fc65ad1779828542aecba,ferramentas_jardim,42.0,317.0,1.0,2300.0,23.0,22.0,19.0,2016-01-01 00:00:00.000000,2026-08-27T05:17:09.287600+00:00,D:/D drive recovery/Shiva JH/Projects/OneLake Medallion/data/landing/_reference/products.parquet,_reference
a5341e3f8155dbb3e62323d3ea289729,moveis_decoracao,50.0,422.0,7.0,2850.0,40.0,5.0,44.0,2016-01-01 00:00:00.000000,2026-08-27T05:17:09.287600+00:00,D:/D drive recovery/Shiva JH/Projects/OneLake Medallion/data/landing/_reference/products.parquet,_reference
762e9c384b4752bbcbea568e3d89856f,pet_shop,25.0,236.0,2.0,200.0,21.0,16.0,17.0,2016-01-01 00:00:00.000000,2026-08-27T05:17:09.287600+00:00,D:/D drive recovery/Shiva JH/Projects/OneLake Medallion/data/landing/_reference/products.parquet,_reference
99b5175198369d12de8feee13dafac16,beleza_saude,35.0,778.0,1.0,225.0,28.0,15.0,17.0,2016-01-01 00:00:00.000000,2026-08-27T05:17:09.287600+00:00,D:/D drive recovery/Shiva JH/Projects/OneLake Medallion/data/landing/_reference/products.parquet,_reference
c4d92c32b2e02363d3f087c7156a523c,,,,,800.0,30.0,13.0,15.0,2016-01-01 00:00:00.000000,2026-08-27T05:17:09.287600+00:00,D:/D drive recovery/Shiva JH/Projects/OneLake Medallion/data/landing/_reference/products.parquet,_reference
610c673331ac3c4fa0f393ce5af9aa2e,eletronicos,43.0,381.0,1.0,150.0,22.0,11.0,16.0,2016-01-01 00:00:00.000000,2026-08-27T05:17:09.287600+00:00,D:/D drive recovery/Shiva JH/Projects/OneLake Medallion/data/landing/_reference/products.parquet,_reference
c1aaab8bfc16d73c6829b879f558fad4,automotivo,36.0,250.0,1.0,1050.0,40.0,4.0,30.0,2016-01-01 00:00:00.000000,2026-08-27T05:17:09.287600+00:00,D:/D drive recovery/Shiva JH/Projects/OneLake Medallion/data/landing/_reference/products.parquet,_reference
dc52f0f5d3ec37a93eaf956cde4e5d2c,relogios_presentes,60.0,539.0,7.0,400.0,16.0,2.0,20.0,2016-01-01 00:00:00.000000,2026-08-27T05:17:09.287600+00:00,D:/D drive recovery/Shiva JH/Projects/OneLake Medallion/data/landing/_reference/products.parquet,_reference
d2f5484cbffe4ca766301b21ab9246dd,informatica_acessorios,51.0,448.0,1.0,180.0,16.0,9.0,16.0,2016-01-01 00:00:00.000000,2026-08-27T05:17:09.287600+00:00,D:/D drive recovery/Shiva JH/Projects/OneLake Medallion/data/landing/_reference/products.parquet,_reference
d5151727942c39a516b56c3e21a8bf63,informatica_acessorios,33.0,826.0,3.0,850.0,17.0,20.0,17.0,2016-01-01 00:00:00.000000,2026-08-27T05:17:09.287600+00:00,D:/D drive recovery/Shiva JH/Projects/OneLake Medallion/data/landing/_reference/products.parquet,_reference
3f3ea3e2bf902e8fa6748737a84f3c36,bebes,52.0,1465.0,3.0,450.0,30.0,10.0,30.0,2016-01-01 00:00:00.000000,2026-08-27T05:17:09.287600+00:00,D:/D drive recovery/Shiva JH/Projects/OneLake Medallion/data/landing/_reference/products.parquet,_reference
5c973b4202aac5c372a483e712306f4f,cama_mesa_banho,38.0,182.0,2.0,350.0,25.0,9.0,19.0,2016-01-01 00:00:00.000000,2026-08-27T05:17:09.287600+00:00,D:/D drive recovery/Shiva JH/Projects/OneLake Medallion/data/landing/_reference/products.parquet,_reference
51250f90d798d377a1928e8a4e2e9ae1,perfumaria,54.0,937.0,1.0,50.0,16.0,5.0,11.0,2016-01-01 00:00:00.000000,2026-08-27T05:17:09.287600+00:00,D:/D drive recovery/Shiva JH/Projects/OneLake Medallion/data/landing/_reference/products.parquet,_reference
1e587ac160dfda2548e3517c33e7faf0,ferramentas_jardim,56.0,1926.0,3.0,1800.0,33.0,23.0,11.0,2016-01-01 00:00:00.000000,2026-08-27T05:17:09.287600+00:00,D:/D drive recovery/Shiva JH/Projects/OneLake Medallion/data/landing/_reference/products.parquet,_reference
43423cdffde7fda63d0414ed38c11a73,relogios_presentes,41.0,1159.0,4.0,350.0,16.0,14.0,11.0,2016-01-01 00:00:00.000000,2026-08-27T05:17:09.287600+00:00,D:/D drive recovery/Shiva JH/Projects/OneLake Medallion/data/landing/_reference/products.parquet,_reference
2ab3937e84ae4f7c4b6549b05c95df0b,telefonia_fixa,61.0,2845.0,8.0,100.0,20.0,15.0,20.0,2016-01-01 00:00:00.000000,2026-08-27T05:17:09.287600+00:00,D:/D drive recovery/Shiva JH/Projects/OneLake Medallion/data/landing/_reference/products.parquet,_reference
9456cf1bbafac590a3b7698a06cb190f,perfumaria,30.0,138.0,1.0,200.0,20.0,7.0,20.0,2016-01-01 00:00:00.000000,2026-08-27T05:17:09.287600+00:00,D:/D drive recovery/Shiva JH/Projects/OneLake Medallion/data/landing/_reference/products.parquet,_reference
6e40985ec667ded54668d2b70a7aa0a2,ferramentas_jardim,47.0,495.0,2.0,550.0,25.0,15.0,15.0,2016-01-01 00:00:00.000000,2026-08-27T05:17:09.287600+00:00,D:/D drive recovery/Shiva JH/Projects/OneLake Medallion/data/landing/_reference/products.parquet,_reference
61f892cad282d3059bd33ae0eef5b02d,moveis_decoracao,58.0,1057.0,1.0,500.0,35.0,7.0,27.0,2016-01-01 00:00:00.000000,2026-08-27T05:17:09.287600+00:00,D:/D drive recovery/Shiva JH/Projects/OneLake Medallion/data/landing/_reference/products.parquet,_reference
f32415d23c358ef1e387a7d329d9ce9f,papelaria,59.0,276.0,2.0,550.0,66.0,12.0,12.0,2016-01-01 00:00:00.000000,2026-08-27T05:17:09.287600+00:00,D:/D drive recovery/Shiva JH/Projects/OneLake Medallion/data/landing/_reference/products.parquet,_reference
1427b126f61597524866770b05d4eed2,informatica_acessorios,51.0,378.0,1.0,200.0,17.0,13.0,13.0,2016-01-01 00:00:00.000000,2026-08-27T05:17:09.287600+00:00,D:/D drive recovery/Shiva JH/Projects/OneLake Medallion/data/landing/_reference/products.parquet,_reference
f3637eb5ce07d19f2f9eca6bb7dc29d6,automotivo,52.0,666.0,1.0,700.0,16.0,11.0,11.0,2016-01-01 00:00:00.000000,2026-08-27T05:17:09.287600+00:00,D:/D drive recovery/Shiva JH/Projects/OneLake Medallion/data/landing/_reference/products.parquet,_reference
ca5c923962558430573f83661dbe36d6,pet_shop,59.0,747.0,2.0,1250.0,40.0,20.0,30.0,2016-01-01 00:00:00.000000,2026-08-27T05:17:09.287600+00:00,D:/D drive recovery/Shiva JH/Projects/OneLake Medallion/data/landing/_reference/products.parquet,_reference
2ffdf10e724b958c0f7ea69e97d32f64,relogios_presentes,59.0,582.0,1.0,263.0,17.0,12.0,13.0,2016-01-01 00:00:00.000000,2026-08-27T05:17:09.287600+00:00,D:/D drive recovery/Shiva JH/Projects/OneLake Medallion/data/landing/_reference/products.parquet,_reference
811f973313e8219988a69cc140c447f0,cama_mesa_banho,50.0,465.0,1.0,13350.0,20.0,20.0,20.0,2016-01-01 00:00:00.000000,2026-08-27T05:17:09.287600+00:00,D:/D drive recovery/Shiva JH/Projects/OneLake Medallion/data/landing/_reference/products.parquet,_reference
0bcc3eeca39e1064258aa1e932269894,ferramentas_jardim,57.0,339.0,2.0,1800.0,37.0,22.0,40.0,2016-01-01 00:00:00.000000,2026-08-27T05:17:09.287600+00:00,D:/D drive recovery/Shiva JH/Projects/OneLake Medallion/data/landing/_reference/products.parquet,_reference
d86db9a9e478ff057c0541537639a10e,moveis_decoracao,60.0,379.0,1.0,300.0,25.0,2.0,17.0,2016-01-01 00:00:00.000000,2026-08-27T05:17:09.287600+00:00,D:/D drive recovery/Shiva JH/Projects/OneLake Medallion/data/landing/_reference/products.parquet,_reference
4d0ec1e9b95fb62f9a1fbe21808bf3b1,cama_mesa_banho,60.0,259.0,1.0,1550.0,30.0,5.0,30.0,2016-01-01 00:00:00.000000,2026-08-27T05:17:09.287600+00:00,D:/D drive recovery/Shiva JH/Projects/OneLake Medallion/data/landing/_reference/products.parquet,_reference
868b3136c5b206f91b8208fbfdf2cb7c,cama_mesa_banho,57.0,364.0,2.0,800.0,45.0,10.0,34.0,2016-01-01 00:00:00.000000,2026-08-27T05:17:09.287600+00:00,D:/D drive recovery/Shiva JH/Projects/OneLake Medallion/data/landing/_reference/products.parquet,_reference
1c21c11ea2efbcaa7ee31c3191300a58,perfumaria,50.0,745.0,2.0,600.0,22.0,16.0,16.0,2016-01-01 00:00:00.000000,2026-08-27T05:17:09.287600+00:00,D:/D drive recovery/Shiva JH/Projects/OneLake Medallion/data/landing/_reference/products.parquet,_reference
f9b1795281ce51b1cf39ef6d101ae8ab,,,,,400.0,32.0,15.0,15.0,2016-01-01 00:00:00.000000,2026-08-27T05:17:09.287600+00:00,D:/D drive recovery/Shiva JH/Projects/OneLake Medallion/data/landing/_reference/products.parquet,_reference
628bbcb76ac6c7d4abf432b345635f47,moveis_decoracao,38.0,672.0,3.0,1800.0,84.0,10.0,11.0,2016-01-01 00:00:00.000000,2026-08-27T05:17:09.287600+00:00,D:/D drive recovery/Shiva JH/Projects/OneLake Medallion/data/landing/_reference/products.parquet,_reference
592dcb7933e5bf8d04d6b80a6c6312a2,moveis_decoracao,50.0,248.0,1.0,1400.0,40.0,8.0,30.0,2016-01-01 00:00:00.000000,2026-08-27T05:17:09.287600+00:00,D:/D drive recovery/Shiva JH/Projects/OneLake Medallion/data/landing/_reference/products.parquet,_reference
b8a0d73b2a06e7910d9864dccdb0cda2,beleza_saude,43.0,295.0,1.0,371.0,20.0,16.0,16.0,2016-01-01 00:00:00.000000,2026-08-27T05:17:09.287600+00:00,D:/D drive recovery/Shiva JH/Projects/OneLake Medallion/data/landing/_reference/products.parquet,_reference
8ceb6a29cf065f382c7b8cbc9fea3a84,beleza_saude,60.0,919.0,1.0,200.0,22.0,3.0,15.0,2016-01-01 00:00:00.000000,2026-08-27T05:17:09.287600+00:00,D:/D drive recovery/Shiva JH/Projects/OneLake Medallion/data/landing/_reference/products.parquet,_reference
08279c494018541f71443c07d77560f8,utilidades_domesticas,48.0,688.0,2.0,3150.0,43.0,27.0,27.0,2016-01-01 00:00:00.000000,2026-08-27T05:17:09.287600+00:00,D:/D drive recovery/Shiva JH/Projects/OneLake Medallion/data/landing/_reference/products.parquet,_reference
1a405418406359cc2b8815f93bf359c2,esporte_lazer,56.0,1007.0,2.0,4550.0,20.0,20.0,20.0,2016-01-01 00:00:00.000000,2026-08-27T05:17:09.287600+00:00,D:/D drive recovery/Shiva JH/Projects/OneLake Medallion/data/landing/_reference/products.parquet,_reference
cb8209d6b80bfeffaef2d1f694aa93a9,automotivo,56.0,870.0,2.0,1000.0,30.0,15.0,32.0,2016-01-01 00:00:00.000000,2026-08-27T05:17:09.287600+00:00,D:/D drive recovery/Shiva JH/Projects/OneLake Medallion/data/landing/_reference/products.parquet,_reference
4c2394abfbac7ff59ec7a420918562fa,beleza_saude,49.0,1495.0,3.0,600.0,33.0,19.0,13.0,2016-01-01 00:00:00.000000,2026-08-27T05:17:09.287600+00:00,D:/D drive recovery/Shiva JH/Projects/OneLake Medallion/data/landing/_reference/products.parquet,_reference
607ef4aa416b93fdeb2a811c2c73ad81,cama_mesa_banho,57.0,189.0,1.0,1650.0,46.0,3.0,34.0,2016-01-01 00:00:00.000000,2026-08-27T05:17:09.287600+00:00,D:/D drive recovery/Shiva JH/Projects/OneLake Medallion/data/landing/_reference/products.parquet,_reference
11875b30b49585209e608f40e8082e65,esporte_lazer,26.0,1465.0,1.0,1032.0,17.0,15.0,16.0,2016-01-01 00:00:00.000000,2026-08-27T05:17:09.287600+00:00,D:/D drive recovery/Shiva JH/Projects/OneLake Medallion/data/landing/_reference/products.parquet,_reference
ab330e1b64fde92d3b4d4d6980a38576,papelaria,18.0,346.0,2.0,150.0,16.0,5.0,15.0,2016-01-01 00:00:00.000000,2026-08-27T05:17:09.287600+00:00,D:/D drive recovery/Shiva JH/Projects/OneLake Medallion/data/landing/_reference/products.parquet,_reference
b4b6d57077183818e56eb57b4e69c6ec,telefonia,54.0,1529.0,2.0,250.0,16.0,10.0,11.0,2016-01-01 00:00:00.000000,2026-08-27T05:17:09.287600+00:00,D:/D drive recovery/Shiva JH/Projects/OneLake Medallion/data/landing/_reference/products.parquet,_reference
50d77758742285ff49f340ebdf0df5a7,eletrodomesticos,56.0,953.0,3.0,500.0,30.0,12.0,17.0,2016-01-01 00:00:00.000000,2026-08-27T05:17:09.287600+00:00,D:/D drive recovery/Shiva JH/Projects/OneLake Medallion/data/landing/_reference/products.parquet,_reference
f77dd338d9f75229a09cbb9a18fd0c9a,cama_mesa_banho,42.0,734.0,5.0,400.0,20.0,20.0,20.0,2016-01-01 00:00:00.000000,2026-08-27T05:17:09.287600+00:00,D:/D drive recovery/Shiva JH/Projects/OneLake Medallion/data/landing/_reference/products.parquet,_reference
d23a564a7cd43e5169246cc8d2c8c5db,instrumentos_musicais,47.0,150.0,1.0,600.0,16.0,3.0,11.0,2016-01-01 00:00:00.000000,2026-08-27T05:17:09.287600+00:00,D:/D drive recovery/Shiva JH/Projects/OneLake Medallion/data/landing/_reference/products.parquet,_reference
9234cd3c6bd121932ef77a39d6d87893,cool_stuff,60.0,1702.0,4.0,200.0,17.0,7.0,17.0,2016-01-01 00:00:00.000000,2026-08-27T05:17:09.287600+00:00,D:/D drive recovery/Shiva JH/Projects/OneLake Medallion/data/landing/_reference/products.parquet,_reference
801abf9ab81269e94b64dd62fbd50fc2,bebes,38.0,713.0,1.0,6050.0,64.0,12.0,47.0,2016-01-01 00:00:00.000000,2026-08-27T05:17:09.287600+00:00,D:/D drive recovery/Shiva JH/Projects/OneLake Medallion/data/landing/_reference/products.parquet,_reference
06f442515f5159d999a684dfdb881917,pet_shop,24.0,513.0,6.0,10900.0,50.0,30.0,40.0,2016-01-01 00:00:00.000000,2026-08-27T05:17:09.287600+00:00,D:/D drive recovery/Shiva JH/Projects/OneLake Medallion/data/landing/_reference/products.parquet,_reference
fcf41b0fb1a95c8f66330d698d55a532,relogios_presentes,24.0,993.0,3.0,250.0,20.0,16.0,12.0,2016-01-01 00:00:00.000000,2026-08-27T05:17:09.287600+00:00,D:/D drive recovery/Shiva JH/Projects/OneLake Medallion/data/landing/_reference/products.parquet,_reference
2da57168cd8fff36cb88b21369ce7e6d,automotivo,45.0,1014.0,3.0,3750.0,40.0,15.0,15.0,2016-01-01 00:00:00.000000,2026-08-27T05:17:09.287600+00:00,D:/D drive recovery/Shiva JH/Projects/OneLake Medallion/data/landing/_reference/products.parquet,_reference
c686d4fd1e845efd1b98db8220f0af3b,cama_mesa_banho,54.0,273.0,1.0,3050.0,48.0,16.0,38.0,2016-01-01 00:00:00.000000,2026-08-27T05:17:09.287600+00:00,D:/D drive recovery/Shiva JH/Projects/OneLake Medallion/data/landing/_reference/products.parquet,_reference
af532b7b70d7b3c1a2f042eb10fed9be,relogios_presentes,50.0,532.0,2.0,235.0,16.0,14.0,14.0,2016-01-01 00:00:00.000000,2026-08-27T05:17:09.287600+00:00,D:/D drive recovery/Shiva JH/Projects/OneLake Medallion/data/landing/_reference/products.parquet,_reference
70825a84db489dd1ab3f3cd35bb67604,informatica_acessorios,60.0,1109.0,4.0,200.0,16.0,5.0,11.0,2016-01-01 00:00:00.000000,2026-08-27T05:17:09.287600+00:00,D:/D drive recovery/Shiva JH/Projects/OneLake Medallion/data/landing/_reference/products.parquet,_reference
ae21e20e39807ffbb4b976fd106b937c,brinquedos,44.0,1135.0,4.0,1300.0,25.0,25.0,20.0,2016-01-01 00:00:00.000000,2026-08-27T05:17:09.287600+00:00,D:/D drive recovery/Shiva JH/Projects/OneLake Medallion/data/landing/_reference/products.parquet,_reference
98b22c1129886cbd7fcae69d1c93e442,cama_mesa_banho,57.0,188.0,1.0,1350.0,44.0,2.0,35.0,2016-01-01 00:00:00.000000,2026-08-27T05:17:09.287600+00:00,D:/D drive recovery/Shiva JH/Projects/OneLake Medallion/data/landing/_reference/products.parquet,_reference
5c61329e1b7e18310bbc294c17cd47bb,brinquedos,31.0,936.0,9.0,250.0,18.0,16.0,16.0,2016-01-01 00:00:00.000000,2026-08-27T05:17:09.287600+00:00,D:/D drive recovery/Shiva JH/Projects/OneLake Medallion/data/landing/_reference/products.parquet,_reference
f0f25035bed5ba1a75a678c0f9f09190,moveis_decoracao,58.0,733.0,1.0,1300.0,34.0,6.0,26.0,2016-01-01 00:00:00.000000,2026-08-27T05:17:09.287600+00:00,D:/D drive recovery/Shiva JH/Projects/OneLake Medallion/data/landing/_reference/products.parquet,_reference
7ac0d3f8ac5b60c13d74b02b8cbb4623,pet_shop,40.0,1110.0,6.0,1050.0,20.0,17.0,25.0,2016-01-01 00:00:00.000000,2026-08-27T05:17:09.287600+00:00,D:/D drive recovery/Shiva JH/Projects/OneLake Medallion/data/landing/_reference/products.parquet,_reference
71040c7f50609abf6865f4429f8b1035,beleza_saude,56.0,3900.0,1.0,3450.0,30.0,30.0,16.0,2016-01-01 00:00:00.000000,2026-08-27T05:17:09.287600+00:00,D:/D drive recovery/Shiva JH/Projects/OneLake Medallion/data/landing/_reference/products.parquet,_reference
b1b79859f1babe1145fdd1b24eabb217,esporte_lazer,40.0,1978.0,1.0,100.0,16.0,16.0,16.0,2016-01-01 00:00:00.000000,2026-08-27T05:17:09.287600+00:00,D:/D drive recovery/Shiva JH/Projects/OneLake Medallion/data/landing/_reference/products.parquet,_reference
a4ec3aca85c0421e2cd607dc03162791,utilidades_domesticas,27.0,570.0,3.0,3500.0,51.0,8.0,35.0,2016-01-01 00:00:00.000000,2026-08-27T05:17:09.287600+00:00,D:/D drive recovery/Shiva JH/Projects/OneLake Medallion/data/landing/_reference/products.parquet,_reference
2515eea3c60c67ecbb38b2f6b72733a3,bebes,14.0,268.0,2.0,1100.0,30.0,5.0,45.0,2016-01-01 00:00:00.000000,2026-08-27T05:17:09.287600+00:00,D:/D drive recovery/Shiva JH/Projects/OneLake Medallion/data/landing/_reference/products.parquet,_reference
9f9d0d6ad3c84f4f0f6748167d2a6dfc,informatica_acessorios,53.0,572.0,3.0,900.0,30.0,6.0,16.0,2016-01-01 00:00:00.000000,2026-08-27T05:17:09.287600+00:00,D:/D drive recovery/Shiva JH/Projects/OneLake Medallion/data/landing/_reference/products.parquet,_reference
b5e13c9a353102f79c6206ff5cb61a50,brinquedos,59.0,249.0,2.0,1500.0,40.0,25.0,20.0,2016-01-01 00:00:00.000000,2026-08-27T05:17:09.287600+00:00,D:/D drive recovery/Shiva JH/Projects/OneLake Medallion/data/landing/_reference/products.parquet,_reference
0921c85f1ae48534995bff5348e3d9d7,esporte_lazer,21.0,548.0,1.0,1100.0,17.0,4.0,11.0,2016-01-01 00:00:00.000000,2026-08-27T05:17:09.287600+00:00,D:/D drive recovery/Shiva JH/Projects/OneLake Medallion/data/landing/_reference/products.parquet,_reference
93a12c289ca2b78e7069e469f5053ef2,informatica_acessorios,55.0,408.0,1.0,233.0,16.0,14.0,15.0,2016-01-01 00:00:00.000000,2026-08-27T05:17:09.287600+00:00,D:/D drive recovery/Shiva JH/Projects/OneLake Medallion/data/landing/_reference/products.parquet,_reference
2efe79c475e4c22430aedf7eacc830ee,esporte_lazer,60.0,1507.0,1.0,1900.0,25.0,25.0,25.0,2016-01-01 00:00:00.000000,2026-08-27T05:17:09.287600+00:00,D:/D drive recovery/Shiva JH/Projects/OneLake Medallion/data/landing/_reference/products.parquet,_reference
d1c427060a0f73f6b889a5c7c61f2ac4,informatica_acessorios,59.0,1893.0,1.0,6550.0,20.0,20.0,20.0,2016-01-01 00:00:00.000000,2026-08-27T05:17:09.287600+00:00,D:/D drive recovery/Shiva JH/Projects/OneLake Medallion/data/landing/_reference/products.parquet,_reference
90f83991bae254d0fd02bdddaa20b340,moveis_decoracao,59.0,241.0,1.0,1400.0,40.0,10.0,34.0,2016-01-01 00:00:00.000000,2026-08-27T05:17:09.287600+00:00,D:/D drive recovery/Shiva JH/Projects/OneLake Medallion/data/landing/_reference/products.parquet,_reference
a925c2de748323d87a9a854884672e03,utilidades_domesticas,58.0,686.0,2.0,350.0,30.0,10.0,16.0,2016-01-01 00:00:00.000000,2026-08-27T05:17:09.287600+00:00,D:/D drive recovery/Shiva JH/Projects/OneLake Medallion/data/landing/_reference/products.parquet,_reference
0b63f1722fa0d70cbe07b4ef00a5a544,esporte_lazer,25.0,905.0,4.0,1626.0,26.0,15.0,17.0,2016-01-01 00:00:00.000000,2026-08-27T05:17:09.287600+00:00,D:/D drive recovery/Shiva JH/Projects/OneLake Medallion/data/landing/_reference/products.parquet,_reference
0bbb557651f08b3c732d9836de4d0bc3,market_place,41.0,626.0,1.0,5600.0,60.0,15.0,40.0,2016-01-01 00:00:00.000000,2026-08-27T05:17:09.287600+00:00,D:/D drive recovery/Shiva JH/Projects/OneLake Medallion/data/landing/_reference/products.parquet,_reference
e9f4db3edb652e8ae0afcdcf04c17b39,beleza_saude,51.0,851.0,1.0,400.0,19.0,17.0,15.0,2016-01-01 00:00:00.000000,2026-08-27T05:17:09.287600+00:00,D:/D drive recovery/Shiva JH/Projects/OneLake Medallion/data/landing/_reference/products.parquet,_reference
bac84fdf85ec2c85fa86f522f4423114,esporte_lazer,42.0,167.0,2.0,4825.0,46.0,8.0,37.0,2016-01-01 00:00:00.000000,2026-08-27T05:17:09.287600+00:00,D:/D drive recovery/Shiva JH/Projects/OneLake Medallion/data/landing/_reference/products.parquet,_reference
b92a7304ebad1ca5b393b53b2de5c70a,moveis_escritorio,55.0,1292.0,1.0,9725.0,53.0,52.0,17.0,2016-01-01 00:00:00.000000,2026-08-27T05:17:09.287600+00:00,D:/D drive recovery/Shiva JH/Projects/OneLake Medallion/data/landing/_reference/products.parquet,_reference
6c712952b8ef62f8d06a0314917400c8,beleza_saude,39.0,608.0,1.0,1200.0,21.0,13.0,19.0,2016-01-01 00:00:00.000000,2026-08-27T05:17:09.287600+00:00,D:/D drive recovery/Shiva JH/Projects/OneLake Medallion/data/landing/_reference/products.parquet,_reference
892198c42c50014fa460d71bed876d7b,telefonia,52.0,1440.0,2.0,100.0,18.0,6.0,11.0,2016-01-01 00:00:00.000000,2026-08-27T05:17:09.287600+00:00,D:/D drive recovery/Shiva JH/Projects/OneLake Medallion/data/landing/_reference/products.parquet,_reference
2b0ee2d07306f7c9ac55a43166e9bb4b,cama_mesa_banho,57.0,504.0,1.0,1450.0,30.0,15.0,30.0,2016-01-01 00:00:00.000000,2026-08-27T05:17:09.287600+00:00,D:/D drive recovery/Shiva JH/Projects/OneLake Medallion/data/landing/_reference/products.parquet,_reference
afeeea6271148ee1bb15173b8187c431,telefonia,52.0,1885.0,1.0,450.0,17.0,3.0,11.0,2016-01-01 00:00:00.000000,2026-08-27T05:17:09.287600+00:00,D:/D drive recovery/Shiva JH/Projects/OneLake Medallion/data/landing/_reference/products.parquet,_reference
cb31577aa7edab333780a1a0cc41d94e,esporte_lazer,60.0,921.0,2.0,1100.0,20.0,10.0,20.0,2016-01-01 00:00:00.000000,2026-08-27T05:17:09.287600+00:00,D:/D drive recovery/Shiva JH/Projects/OneLake Medallion/data/landing/_reference/products.parquet,_reference
cbfe76ab27b6cb27aaafcc2199f9dab9,esporte_lazer,49.0,3025.0,1.0,6450.0,51.0,31.0,31.0,2016-01-01 00:00:00.000000,2026-08-27T05:17:09.287600+00:00,D:/D drive recovery/Shiva JH/Projects/OneLake Medallion/data/landing/_reference/products.parquet,_reference
146fed9eb1d0f9db43dad0c7c96fc6e8,cama_mesa_banho,50.0,392.0,1.0,1400.0,35.0,10.0,35.0,2016-01-01 00:00:00.000000,2026-08-27T05:17:09.287600+00:00,D:/D drive recovery/Shiva JH/Projects/OneLake Medallion/data/landing/_reference/products.parquet,_reference
b729707d65939e62985873eed7ebced8,bebes,52.0,1418.0,4.0,22800.0,83.0,31.0,53.0,2016-01-01 00:00:00.000000,2026-08-27T05:17:09.287600+00:00,D:/D drive recovery/Shiva JH/Projects/OneLake Medallion/data/landing/_reference/products.parquet,_reference
66077cc774ac8ba7c7fcb45fd8e03474,utilidades_domesticas,37.0,365.0,2.0,3121.0,42.0,25.0,30.0,2016-01-01 00:00:00.000000,2026-08-27T05:17:09.287600+00:00,D:/D drive recovery/Shiva JH/Projects/OneLake Medallion/data/landing/_reference/products.parquet,_reference
3904e66405ea8ec8d104534682a38c6d,consoles_games,37.0,300.0,4.0,200.0,20.0,30.0,20.0,2016-01-01 00:00:00.000000,2026-08-27T05:17:09.287600+00:00,D:/D drive recovery/Shiva JH/Projects/OneLake Medallion/data/landing/_reference/products.parquet,_reference
43f88c8353708451babf9bcdd1fda92a,fashion_bolsas_e_acessorios,46.0,419.0,4.0,200.0,16.0,5.0,11.0,2016-01-01 00:00:00.000000,2026-08-27T05:17:09.287600+00:00,D:/D drive recovery/Shiva JH/Projects/OneLake Medallion/data/landing/_reference/products.parquet,_reference
f40876e0ef3cd5f9132b1f16b04b1346,beleza_saude,42.0,250.0,1.0,427.0,15.0,17.0,14.0,2016-01-01 00:00:00.000000,2026-08-27T05:17:09.287600+00:00,D:/D drive recovery/Shiva JH/Projects/OneLake Medallion/data/landing/_reference/products.parquet,_reference
a60613d36f37a7b27d3344f40f6a7945,beleza_saude,44.0,696.0,2.0,350.0,19.0,11.0,23.0,2016-01-01 00:00:00.000000,2026-08-27T05:17:09.287600+00:00,D:/D drive recovery/Shiva JH/Projects/OneLake Medallion/data/landing/_reference/products.parquet,_reference
b5b5a82ce5f1987b7e670f37629be51b,beleza_saude,56.0,960.0,1.0,1000.0,16.0,2.0,11.0,2016-01-01 00:00:00.000000,2026-08-27T05:17:09.287600+00:00,D:/D drive recovery/Shiva JH/Projects/OneLake Medallion/data/landing/_reference/products.parquet,_reference
489b5af4a311587c81ed419dced92dba,moveis_decoracao,53.0,903.0,3.0,600.0,16.0,16.0,16.0,2016-01-01 00:00:00.000000,2026-08-27T05:17:09.287600+00:00,D:/D drive recovery/Shiva JH/Projects/OneLake Medallion/data/landing/_reference/products.parquet,_reference
e0bfab1a66b1f0fb4b1cbf7273121a6a,esporte_lazer,58.0,1167.0,1.0,3700.0,20.0,17.0,17.0,2016-01-01 00:00:00.000000,2026-08-27T05:17:09.287600+00:00,D:/D drive recovery/Shiva JH/Projects/OneLake Medallion/data/landing/_reference/products.parquet,_reference
b6bdb28b376292b83135644ff8d4d6a2,cama_mesa_banho,60.0,265.0,1.0,2200.0,34.0,7.0,32.0,2016-01-01 00:00:00.000000,2026-08-27T05:17:09.287600+00:00,D:/D drive recovery/Shiva JH/Projects/OneLake Medallion/data/landing/_reference/products.parquet,_reference
ab9cf155f8280c3739b09fe341a185e8,telefonia,59.0,409.0,1.0,225.0,18.0,4.0,12.0,2016-01-01 00:00:00.000000,2026-08-27T05:17:09.287600+00:00,D:/D drive recovery/Shiva JH/Projects/OneLake Medallion/data/landing/_reference/products.parquet,_reference
938052cbcbf90d7db22c1ec6321b050d,automotivo,60.0,1732.0,2.0,3000.0,30.0,15.0,15.0,2016-01-01 00:00:00.000000,2026-08-27T05:17:09.287600+00:00,D:/D drive recovery/Shiva JH/Projects/OneLake Medallion/data/landing/_reference/products.parquet,_reference
d92cda0cc0ce2758750a52b1a1dad05d,consoles_games,56.0,805.0,2.0,1000.0,20.0,30.0,20.0,2016-01-01 00:00:00.000000,2026-08-27T05:17:09.287600+00:00,D:/D drive recovery/Shiva JH/Projects/OneLake Medallion/data/landing/_reference/products.parquet,_reference
812caec8528c1f3b1bed583530023cb5,cama_mesa_banho,47.0,228.0,1.0,950.0,49.0,6.0,39.0,2016-01-01 00:00:00.000000,2026-08-27T05:17:09.287600+00:00,D:/D drive recovery/Shiva JH/Projects/OneLake Medallion/data/landing/_reference/products.parquet,_reference
f4f4debbcfcafe6858d1e37a1f6e436e,moveis_escritorio,33.0,1190.0,1.0,13867.0,101.0,8.0,57.0,2016-01-01 00:00:00.000000,2026-08-27T05:17:09.287600+00:00,D:/D drive recovery/Shiva JH/Projects/OneLake Medallion/data/landing/_reference/products.parquet,_reference
8e7a3ee016b12c87b5e3e7e717620758,industria_comercio_e_negocios,56.0,2083.0,4.0,850.0,40.0,30.0,30.0,2016-01-01 00:00:00.000000,2026-08-27T05:17:09.287600+00:00,D:/D drive recovery/Shiva JH/Projects/OneLake Medallion/data/landing/_reference/products.parquet,_reference
9f10eed205ecad4edb9002f9d0b62ac8,beleza_saude,38.0,1010.0,1.0,360.0,17.0,12.0,15.0,2016-01-01 00:00:00.000000,2026-08-27T05:17:09.287600+00:00,D:/D drive recovery/Shiva JH/Projects/OneLake Medallion/data/landing/_reference/products.parquet,_reference
4ae6163553190ab2897ecd7683eaafe2,consoles_games,43.0,1490.0,1.0,350.0,20.0,10.0,20.0,2016-01-01 00:00:00.000000,2026-08-27T05:17:09.287600+00:00,D:/D drive recovery/Shiva JH/Projects/OneLake Medallion/data/landing/_reference/products.parquet,_reference
30ac6df06dc59ad72cf2f158fc2d904c,utilidades_domesticas,53.0,1034.0,2.0,16550.0,22.0,65.0,40.0,2016-01-01 00:00:00.000000,2026-08-27T05:17:09.287600+00:00,D:/D drive recovery/Shiva JH/Projects/OneLake Medallion/data/landing/_reference/products.parquet,_reference
68f3adaef1620e7b0c4c7cd9f78d7ed0,instrumentos_musicais,50.0,1163.0,2.0,1203.0,30.0,10.0,16.0,2016-01-01 00:00:00.000000,2026-08-27T05:17:09.287600+00:00,D:/D drive recovery/Shiva JH/Projects/OneLake Medallion/data/landing/_reference/products.parquet,_reference
a662d99595c3b6054702480cb7382afe,fashion_underwear_e_moda_praia,52.0,624.0,1.0,200.0,42.0,4.0,14.0,2016-01-01 00:00:00.000000,2026-08-27T05:17:09.287600+00:00,D:/D drive recovery/Shiva JH/Projects/OneLake Medallion/data/landing/_reference/products.parquet,_reference
a72209f6ea270769cecf0ed4168d3893,brinquedos,44.0,603.0,4.0,400.0,30.0,20.0,20.0,2016-01-01 00:00:00.000000,2026-08-27T05:17:09.287600+00:00,D:/D drive recovery/Shiva JH/Projects/OneLake Medallion/data/landing/_reference/products.parquet,_reference
83a1778b0d5b20c0724c97e35f083082,brinquedos,55.0,460.0,1.0,1100.0,43.0,6.0,30.0,2016-01-01 00:00:00.000000,2026-08-27T05:17:09.287600+00:00,D:/D drive recovery/Shiva JH/Projects/OneLake Medallion/data/landing/_reference/products.parquet,_reference
5dbf50af9485478b933f1028e108640d,eletronicos,15.0,359.0,4.0,150.0,17.0,3.0,12.0,2016-01-01 00:00:00.000000,2026-08-27T05:17:09.287600+00:00,D:/D drive recovery/Shiva JH/Projects/OneLake Medallion/data/landing/_reference/products.parquet,_reference
0efe972876d70927f5099b77f387c6c7,moveis_decoracao,63.0,418.0,1.0,1350.0,45.0,15.0,35.0,2016-01-01 00:00:00.000000,2026-08-27T05:17:09.287600+00:00,D:/D drive recovery/Shiva JH/Projects/OneLake Medallion/data/landing/_reference/products.parquet,_reference
b370dd237db6a8a0bd74a6da9e367a80,cama_mesa_banho,58.0,387.0,2.0,2150.0,38.0,9.0,27.0,2016-01-01 00:00:00.000000,2026-08-27T05:17:09.287600+00:00,D:/D drive recovery/Shiva JH/Projects/OneLake Medallion/data/landing/_reference/products.parquet,_reference
d7d5562fce331ad958ca6f57057b3526,cool_stuff,33.0,910.0,1.0,700.0,42.0,25.0,15.0,2016-01-01 00:00:00.000000,2026-08-27T05:17:09.287600+00:00,D:/D drive recovery/Shiva JH/Projects/OneLake Medallion/data/landing/_reference/products.parquet,_reference
85e8e8aad6ad12d67c21300379760196,ferramentas_jardim,56.0,1602.0,4.0,6050.0,54.0,48.0,28.0,2016-01-01 00:00:00.000000,2026-08-27T05:17:09.287600+00:00,D:/D drive recovery/Shiva JH/Projects/OneLake Medallion/data/landing/_reference/products.parquet,_reference
4a69baa66a13d1adeb41cfe3bc0c27be,cool_stuff,55.0,963.0,2.0,500.0,45.0,8.0,49.0,2016-01-01 00:00:00.000000,2026-08-27T05:17:09.287600+00:00,D:/D drive recovery/Shiva JH/Projects/OneLake Medallion/data/landing/_reference/products.parquet,_reference
1b1e7f96bdba2a29b52f73065b193c26,automotivo,56.0,627.0,6.0,1075.0,53.0,4.0,40.0,2016-01-01 00:00:00.000000,2026-08-27T05:17:09.287600+00:00,D:/D drive recovery/Shiva JH/Projects/OneLake Medallion/data/landing/_reference/products.parquet,_reference
e0cf79767c5b016251fe139915c59a26,beleza_saude,55.0,388.0,1.0,250.0,16.0,5.0,15.0,2016-01-01 00:00:00.000000,2026-08-27T05:17:09.287600+00:00,D:/D drive recovery/Shiva JH/Projects/OneLake Medallion/data/landing/_reference/products.parquet,_reference
e61c78a7343d82c0539d27df0f7dfc31,cama_mesa_banho,60.0,268.0,1.0,2700.0,41.0,8.0,36.0,2016-01-01 00:00:00.000000,2026-08-27T05:17:09.287600+00:00,D:/D drive recovery/Shiva JH/Projects/OneLake Medallion/data/landing/_reference/products.parquet,_reference
6a2909ac21d16b721e4795e7e8ff3e68,esporte_lazer,53.0,618.0,1.0,283.0,24.0,23.0,20.0,2016-01-01 00:00:00.000000,2026-08-27T05:17:09.287600+00:00,D:/D drive recovery/Shiva JH/Projects/OneLake Medallion/data/landing/_reference/products.parquet,_reference
601246640d8ec23920b0755fd05caf83,automotivo,26.0,325.0,3.0,1531.0,23.0,20.0,19.0,2016-01-01 00:00:00.000000,2026-08-27T05:17:09.287600+00:00,D:/D drive recovery/Shiva JH/Projects/OneLake Medallion/data/landing/_reference/products.parquet,_reference
8b3fe8c89624abf9d932b87faae6b587,utilidades_domesticas,47.0,396.0,2.0,6050.0,77.0,11.0,33.0,2016-01-01 00:00:00.000000,2026-08-27T05:17:09.287600+00:00,D:/D drive recovery/Shiva JH/Projects/OneLake Medallion/data/landing/_reference/products.parquet,_reference
6e74e16f5dc9add0502c7f68c1258f95,esporte_lazer,28.0,486.0,1.0,500.0,25.0,15.0,11.0,2016-01-01 00:00:00.000000,2026-08-27T05:17:09.287600+00:00,D:/D drive recovery/Shiva JH/Projects/OneLake Medallion/data/landing/_reference/products.parquet,_reference
cb52e6775d816cbdadade36948e81fc8,esporte_lazer,41.0,2035.0,2.0,10000.0,40.0,34.0,44.0,2016-01-01 00:00:00.000000,2026-08-27T05:17:09.287600+00:00,D:/D drive recovery/Shiva JH/Projects/OneLake Medallion/data/landing/_reference/products.parquet,_reference
b0dda79e79fdc30a862d527ffffdf4bc,esporte_lazer,42.0,1680.0,4.0,550.0,50.0,10.0,25.0,2016-01-01 00:00:00.000000,2026-08-27T05:17:09.287600+00:00,D:/D drive recovery/Shiva JH/Projects/OneLake Medallion/data/landing/_reference/products.parquet,_reference
f71a7c95a86564873cd996896b2976f6,informatica_acessorios,60.0,1201.0,5.0,900.0,28.0,29.0,12.0,2016-01-01 00:00:00.000000,2026-08-27T05:17:09.287600+00:00,D:/D drive recovery/Shiva JH/Projects/OneLake Medallion/data/landing/_reference/products.parquet,_reference
57e089e3103f5cda6a4ce23b77399bdb,bebes,18.0,1194.0,4.0,650.0,20.0,8.0,14.0,2016-01-01 00:00:00.000000,2026-08-27T05:17:09.287600+00:00,D:/D drive recovery/Shiva JH/Projects/OneLake Medallion/data/landing/_reference/products.parquet,_reference
a842674062d24231d49b8a938c6bb439,utilidades_domesticas,27.0,542.0,1.0,700.0,35.0,2.0,35.0,2016-01-01 00:00:00.000000,2026-08-27T05:17:09.287600+00:00,D:/D drive recovery/Shiva JH/Projects/OneLake Medallion/data/landing/_reference/products.parquet,_reference
f8ea5fcf9c628485e01b9c3cf52728c2,moveis_decoracao,49.0,868.0,2.0,1200.0,40.0,8.0,40.0,2016-01-01 00:00:00.000000,2026-08-27T05:17:09.287600+00:00,D:/D drive recovery/Shiva JH/Projects/OneLake Medallion/data/landing/_reference/products.parquet,_reference
b3f46a64b6f6d0091c2001f5a82cc927,automotivo,38.0,865.0,1.0,150.0,16.0,15.0,14.0,2016-01-01 00:00:00.000000,2026-08-27T05:17:09.287600+00:00,D:/D drive recovery/Shiva JH/Projects/OneLake Medallion/data/landing/_reference/products.parquet,_reference
78a7cc444491481488eb202f4f98903c,brinquedos,59.0,757.0,2.0,1100.0,62.0,12.0,22.0,2016-01-01 00:00:00.000000,2026-08-27T05:17:09.287600+00:00,D:/D drive recovery/Shiva JH/Projects/OneLake Medallion/data/landing/_reference/products.parquet,_reference
ee57070aa3b24a06fdd0e02efd2d757d,informatica_acessorios,55.0,937.0,1.0,107.0,19.0,13.0,13.0,2016-01-01 00:00:00.000000,2026-08-27T05:17:09.287600+00:00,D:/D drive recovery/Shiva JH/Projects/OneLake Medallion/data/landing/_reference/products.parquet,_reference
ccd42132afae2f1f5bfd5e27549c6ece,esporte_lazer,59.0,756.0,3.0,500.0,50.0,5.0,30.0,2016-01-01 00:00:00.000000,2026-08-27T05:17:09.287600+00:00,D:/D drive recovery/Shiva JH/Projects/OneLake Medallion/data/landing/_reference/products.parquet,_reference
ccab0a345f7929a38c73b0f978107e74,beleza_saude,59.0,879.0,1.0,6900.0,26.0,26.0,26.0,2016-01-01 00:00:00.000000,2026-08-27T05:17:09.287600+00:00,D:/D drive recovery/Shiva JH/Projects/OneLake Medallion/data/landing/_reference/products.parquet,_reference
2960262e3809a91a7908e9b5c5562e8a,beleza_saude,40.0,1238.0,1.0,900.0,17.0,19.0,15.0,2016-01-01 00:00:00.000000,2026-08-27T05:17:09.287600+00:00,D:/D drive recovery/Shiva JH/Projects/OneLake Medallion/data/landing/_reference/products.parquet,_reference
8fd08967e24c75e4db60e884f54cb32b,esporte_lazer,57.0,3884.0,1.0,3100.0,23.0,23.0,23.0,2016-01-01 00:00:00.000000,2026-08-27T05:17:09.287600+00:00,D:/D drive recovery/Shiva JH/Projects/OneLake Medallion/data/landing/_reference/products.parquet,_reference
a8075470f960215ffb67624782f80fec,ferramentas_jardim,60.0,361.0,4.0,2900.0,67.0,3.0,31.0,2016-01-01 00:00:00.000000,2026-08-27T05:17:09.287600+00:00,D:/D drive recovery/Shiva JH/Projects/OneLake Medallion/data/landing/_reference/products.parquet,_reference
bcb4f6803e8889a70dc5ed14c2f5f785,informatica_acessorios,41.0,685.0,2.0,200.0,16.0,12.0,11.0,2016-01-01 00:00:00.000000,2026-08-27T05:17:09.287600+00:00,D:/D drive recovery/Shiva JH/Projects/OneLake Medallion/data/landing/_reference/products.parquet,_reference
7814c273ab16783d73a9863ebfa8b141,moveis_decoracao,51.0,756.0,1.0,12250.0,45.0,35.0,45.0,2016-01-01 00:00:00.000000,2026-08-27T05:17:09.287600+00:00,D:/D drive recovery/Shiva JH/Projects/OneLake Medallion/data/landing/_reference/products.parquet,_reference
e934947ca6b64f5a6d864e21dca13b73,cama_mesa_banho,28.0,378.0,2.0,900.0,41.0,8.0,24.0,2016-01-01 00:00:00.000000,2026-08-27T05:17:09.287600+00:00,D:/D drive recovery/Shiva JH/Projects/OneLake Medallion/data/landing/_reference/products.parquet,_reference
a323784ac31c377c5ecaa26b8cb155db,informatica_acessorios,51.0,1211.0,2.0,200.0,16.0,16.0,11.0,2016-01-01 00:00:00.000000,2026-08-27T05:17:09.287600+00:00,D:/D drive recovery/Shiva JH/Projects/OneLake Medallion/data/landing/_reference/products.parquet,_reference
ac64ddbb3d1489f826dd59104c6b023f,informatica_acessorios,48.0,586.0,1.0,250.0,16.0,16.0,11.0,2016-01-01 00:00:00.000000,2026-08-27T05:17:09.287600+00:00,D:/D drive recovery/Shiva JH/Projects/OneLake Medallion/data/landing/_reference/products.parquet,_reference
e3263eb093d88b95abce97fe0c864421,casa_construcao,55.0,1313.0,2.0,850.0,20.0,20.0,20.0,2016-01-01 00:00:00.000000,2026-08-27T05:17:09.287600+00:00,D:/D drive recovery/Shiva JH/Projects/OneLake Medallion/data/landing/_reference/products.parquet,_reference
99a4788cb24856965c36a24e339b6058,cama_mesa_banho,54.0,245.0,1.0,1383.0,50.0,10.0,40.0,2016-01-01 00:00:00.000000,2026-08-27T05:17:09.287600+00:00,D:/D drive recovery/Shiva JH/Projects/OneLake Medallion/data/landing/_reference/products.parquet,_reference
9686ff1a707a2d304c547f82535c5ee5,relogios_presentes,60.0,706.0,6.0,200.0,16.0,2.0,11.0,2016-01-01 00:00:00.000000,2026-08-27T05:17:09.287600+00:00,D:/D drive recovery/Shiva JH/Projects/OneLake Medallion/data/landing/_reference/products.parquet,_reference
4f915391faab8ae23c234735d5080c31,relogios_presentes,46.0,410.0,1.0,401.0,17.0,11.0,14.0,2016-01-01 00:00:00.000000,2026-08-27T05:17:09.287600+00:00,D:/D drive recovery/Shiva JH/Projects/OneLake Medallion/data/landing/_reference/products.parquet,_reference
97194fdae68fa163b7cc5c02bfedbf16,bebes,51.0,1202.0,4.0,30000.0,81.0,50.0,50.0,2016-01-01 00:00:00.000000,2026-08-27T05:17:09.287600+00:00,D:/D drive recovery/Shiva JH/Projects/OneLake Medallion/data/landing/_reference/products.parquet,_reference
0343ce4ce35af74dd177bfc133eabb45,cama_mesa_banho,46.0,623.0,1.0,600.0,30.0,7.0,26.0,2016-01-01 00:00:00.000000,2026-08-27T05:17:09.287600+00:00,D:/D drive recovery/Shiva JH/Projects/OneLake Medallion/data/landing/_reference/products.parquet,_reference
e52fa0c1b61bfc1db27ed2beec83f801,moveis_escritorio,39.0,1275.0,1.0,16000.0,74.0,68.0,26.0,2016-01-01 00:00:00.000000,2026-08-27T05:17:09.287600+00:00,D:/D drive recovery/Shiva JH/Projects/OneLake Medallion/data/landing/_reference/products.parquet,_reference
83b00325c13c44245b2c3a2befa62a0e,bebes,56.0,621.0,1.0,10700.0,40.0,40.0,40.0,2016-01-01 00:00:00.000000,2026-08-27T05:17:09.287600+00:00,D:/D drive recovery/Shiva JH/Projects/OneLake Medallion/data/landing/_reference/products.parquet,_reference
401b5632c06c51319df083f1245a96ca,audio,51.0,207.0,1.0,300.0,16.0,20.0,16.0,2016-01-01 00:00:00.000000,2026-08-27T05:17:09.287600+00:00,D:/D drive recovery/Shiva JH/Projects/OneLake Medallion/data/landing/_reference/products.parquet,_reference
aa4a9621d7eb2b1de179cd95fdcfe984,bebes,46.0,121.0,1.0,750.0,36.0,4.0,29.0,2016-01-01 00:00:00.000000,2026-08-27T05:17:09.287600+00:00,D:/D drive recovery/Shiva JH/Projects/OneLake Medallion/data/landing/_reference/products.parquet,_reference
fdde5bfe43004cc06f12152870b951f4,perfumaria,37.0,1470.0,2.0,475.0,20.0,16.0,16.0,2016-01-01 00:00:00.000000,2026-08-27T05:17:09.287600+00:00,D:/D drive recovery/Shiva JH/Projects/OneLake Medallion/data/landing/_reference/products.parquet,_reference
89427567da9c9b075c9dca131535104d,brinquedos,45.0,111.0,3.0,550.0,50.0,10.0,25.0,2016-01-01 00:00:00.000000,2026-08-27T05:17:09.287600+00:00,D:/D drive recovery/Shiva JH/Projects/OneLake Medallion/data/landing/_reference/products.parquet,_reference
437773d07b1edcb634d4f4a2ad377be2,bebes,25.0,334.0,1.0,300.0,27.0,2.0,16.0,2016-01-01 00:00:00.000000,2026-08-27T05:17:09.287600+00:00,D:/D drive recovery/Shiva JH/Projects/OneLake Medallion/data/landing/_reference/products.parquet,_reference
4a36fade797dd8d05c7c1398dc0837d3,telefonia,43.0,416.0,3.0,100.0,19.0,3.0,11.0,2016-01-01 00:00:00.000000,2026-08-27T05:17:09.287600+00:00,D:/D drive recovery/Shiva JH/Projects/OneLake Medallion/data/landing/_reference/products.parquet,_reference
e43443a05db61acfccaca5876b804ba7,,,,,500.0,30.0,19.0,18.0,2016-01-01 00:00:00.000000,2026-08-27T05:17:09.287600+00:00,D:/D drive recovery/Shiva JH/Projects/OneLake Medallion/data/landing/_reference/products.parquet,_reference
9095a5b548eb913258279d5aea381643,cama_mesa_banho,52.0,634.0,4.0,1150.0,40.0,30.0,20.0,2016-01-01 00:00:00.000000,2026-08-27T05:17:09.287600+00:00,D:/D drive recovery/Shiva JH/Projects/OneLake Medallion/data/landing/_reference/products.parquet,_reference
9fe172fa8e662ca8572cf12abf8bce23,fashion_bolsas_e_acessorios,36.0,412.0,5.0,150.0,16.0,5.0,20.0,2016-01-01 00:00:00.000000,2026-08-27T05:17:09.287600+00:00,D:/D drive recovery/Shiva JH/Projects/OneLake Medallion/data/landing/_reference/products.parquet,_reference
f100f4ee5e2b55d163a3f7c300c24d26,beleza_saude,47.0,483.0,1.0,417.0,20.0,9.0,13.0,2016-01-01 00:00:00.000000,2026-08-27T05:17:09.287600+00:00,D:/D drive recovery/Shiva JH/Projects/OneLake Medallion/data/landing/_reference/products.parquet,_reference
fd7d446e2582c5bbc8be63f9179e98ac,pet_shop,45.0,414.0,1.0,150.0,23.0,23.0,23.0,2016-01-01 00:00:00.000000,2026-08-27T05:17:09.287600+00:00,D:/D drive recovery/Shiva JH/Projects/OneLake Medallion/data/landing/_reference/products.parquet,_reference
72d3bf1d3a790f8874096fcf860e3eff,brinquedos,57.0,341.0,2.0,583.0,20.0,21.0,20.0,2016-01-01 00:00:00.000000,2026-08-27T05:17:09.287600+00:00,D:/D drive recovery/Shiva JH/Projects/OneLake Medallion/data/landing/_reference/products.parquet,_reference
bc072f287b475a918c00b3478d1bcef9,automotivo,55.0,3479.0,4.0,2500.0,21.0,18.0,16.0,2016-01-01 00:00:00.000000,2026-08-27T05:17:09.287600+00:00,D:/D drive recovery/Shiva JH/Projects/OneLake Medallion/data/landing/_reference/products.parquet,_reference
9bfc55df037ce3ac01bfd84781adf7e5,audio,45.0,1654.0,3.0,530.0,19.0,14.0,15.0,2016-01-01 00:00:00.000000,2026-08-27T05:17:09.287600+00:00,D:/D drive recovery/Shiva JH/Projects/OneLake Medallion/data/landing/_reference/products.parquet,_reference
82c3ea364e5480f335f6743ee725a921,informatica_acessorios,58.0,419.0,2.0,275.0,16.0,5.0,20.0,2016-01-01 00:00:00.000000,2026-08-27T05:17:09.287600+00:00,D:/D drive recovery/Shiva JH/Projects/OneLake Medallion/data/landing/_reference/products.parquet,_reference
c7bcab3a7039340cf46705f43bab3ee2,cama_mesa_banho,60.0,341.0,1.0,1200.0,40.0,7.0,34.0,2016-01-01 00:00:00.000000,2026-08-27T05:17:09.287600+00:00,D:/D drive recovery/Shiva JH/Projects/OneLake Medallion/data/landing/_reference/products.parquet,_reference
9a98180ffbd0765e89f11cc8dd2385f4,moveis_decoracao,63.0,639.0,2.0,1500.0,38.0,7.0,28.0,2016-01-01 00:00:00.000000,2026-08-27T05:17:09.287600+00:00,D:/D drive recovery/Shiva JH/Projects/OneLake Medallion/data/landing/_reference/products.parquet,_reference
3cb39171fd36c50097f2dedbbe0dfe6e,automotivo,60.0,3136.0,4.0,100.0,17.0,10.0,15.0,2016-01-01 00:00:00.000000,2026-08-27T05:17:09.287600+00:00,D:/D drive recovery/Shiva JH/Projects/OneLake Medallion/data/landing/_reference/products.parquet,_reference
797db4aaf1d7db19f13d21423f07b8e1,automotivo,60.0,1465.0,10.0,22900.0,87.0,40.0,30.0,2016-01-01 00:00:00.000000,2026-08-27T05:17:09.287600+00:00,D:/D drive recovery/Shiva JH/Projects/OneLake Medallion/data/landing/_reference/products.parquet,_reference
cfc37213adcf7bc0a35084f70a312b13,instrumentos_musicais,56.0,976.0,2.0,990.0,30.0,9.0,13.0,2016-01-01 00:00:00.000000,2026-08-27T05:17:09.287600+00:00,D:/D drive recovery/Shiva JH/Projects/OneLake Medallion/data/landing/_reference/products.parquet,_reference
57ba617c4fc4ceef2df5f1574e906320,beleza_saude,39.0,638.0,3.0,383.0,18.0,12.0,12.0,2016-01-01 00:00:00.000000,2026-08-27T05:17:09.287600+00:00,D:/D drive recovery/Shiva JH/Projects/OneLake Medallion/data/landing/_reference/products.parquet,_reference
08c63555bbee955cad9c6a9feab9e9d4,utilidades_domesticas,38.0,193.0,1.0,11350.0,43.0,35.0,34.0,2016-01-01 00:00:00.000000,2026-08-27T05:17:09.287600+00:00,D:/D drive recovery/Shiva JH/Projects/OneLake Medallion/data/landing/_reference/products.parquet,_reference
b12d44209afd3493a2b1e4f19cf4ec19,cama_mesa_banho,46.0,128.0,1.0,250.0,40.0,4.0,30.0,2016-01-01 00:00:00.000000,2026-08-27T05:17:09.287600+00:00,D:/D drive recovery/Shiva JH/Projects/OneLake Medallion/data/landing/_reference/products.parquet,_reference
40776699299c733bc0fdbbebdbe8b9cc,relogios_presentes,58.0,809.0,4.0,300.0,16.0,2.0,11.0,2016-01-01 00:00:00.000000,2026-08-27T05:17:09.287600+00:00,D:/D drive recovery/Shiva JH/Projects/OneLake Medallion/data/landing/_reference/products.parquet,_reference
937c825572d26b9e5a723527c6d625c6,cama_mesa_banho,39.0,169.0,2.0,300.0,25.0,8.0,19.0,2016-01-01 00:00:00.000000,2026-08-27T05:17:09.287600+00:00,D:/D drive recovery/Shiva JH/Projects/OneLake Medallion/data/landing/_reference/products.parquet,_reference
dc265762419b1b4a46eb0a242e713684,,,,,200.0,35.0,5.0,25.0,2016-01-01 00:00:00.000000,2026-08-27T05:17:09.287600+00:00,D:/D drive recovery/Shiva JH/Projects/OneLake Medallion/data/landing/_reference/products.parquet,_reference
7fe486a60125c1541517e30944f95066,eletrodomesticos_2,34.0,876.0,9.0,6350.0,55.0,10.0,67.0,2016-01-01 00:00:00.000000,2026-08-27T05:17:09.287600+00:00,D:/D drive recovery/Shiva JH/Projects/OneLake Medallion/data/landing/_reference/products.parquet,_reference
fe01b643060a6446e59f58e3021e66b3,perfumaria,40.0,659.0,2.0,1250.0,26.0,21.0,20.0,2016-01-01 00:00:00.000000,2026-08-27T05:17:09.287600+00:00,D:/D drive recovery/Shiva JH/Projects/OneLake Medallion/data/landing/_reference/products.parquet,_reference
d6fa8b99ed80bff9dcddd3fdefa6e68d,construcao_ferramentas_construcao,60.0,338.0,1.0,2050.0,23.0,8.0,23.0,2016-01-01 00:00:00.000000,2026-08-27T05:17:09.287600+00:00,D:/D drive recovery/Shiva JH/Projects/OneLake Medallion/data/landing/_reference/products.parquet,_reference
e6407038bf83e03733094f3d6e3f92f6,esporte_lazer,49.0,1132.0,8.0,9950.0,105.0,15.0,25.0,2016-01-01 00:00:00.000000,2026-08-27T05:17:09.287600+00:00,D:/D drive recovery/Shiva JH/Projects/OneLake Medallion/data/landing/_reference/products.parquet,_reference
f081174cf4cde1e4f75cd45b4518bbe6,relogios_presentes,54.0,373.0,2.0,191.0,17.0,15.0,14.0,2016-01-01 00:00:00.000000,2026-08-27T05:17:09.287600+00:00,D:/D drive recovery/Shiva JH/Projects/OneLake Medallion/data/landing/_reference/products.parquet,_reference
eb47d7ea4e5611684330021baa317c17,bebes,60.0,1882.0,4.0,12467.0,35.0,57.0,52.0,2016-01-01 00:00:00.000000,2026-08-27T05:17:09.287600+00:00,D:/D drive recovery/Shiva JH/Projects/OneLake Medallion/data/landing/_reference/products.parquet,_reference
50b2ddbf47bd0b8eecabb404613e2a45,cama_mesa_banho,45.0,486.0,2.0,1050.0,40.0,10.0,30.0,2016-01-01 00:00:00.000000,2026-08-27T05:17:09.287600+00:00,D:/D drive recovery/Shiva JH/Projects/OneLake Medallion/data/landing/_reference/products.parquet,_reference
b914a18d4547eff292fedeccc82faec6,relogios_presentes,46.0,387.0,3.0,800.0,19.0,17.0,18.0,2016-01-01 00:00:00.000000,2026-08-27T05:17:09.287600+00:00,D:/D drive recovery/Shiva JH/Projects/OneLake Medallion/data/landing/_reference/products.parquet,_reference
667eb888c47a21cb0cf296deb4eb57aa,beleza_saude,43.0,1535.0,1.0,337.0,19.0,12.0,14.0,2016-01-01 00:00:00.000000,2026-08-27T05:17:09.287600+00:00,D:/D drive recovery/Shiva JH/Projects/OneLake Medallion/data/landing/_reference/products.parquet,_reference
473795a355d29305c3ea6b156833adf5,perfumaria,36.0,605.0,2.0,100.0,20.0,20.0,20.0,2016-01-01 00:00:00.000000,2026-08-27T05:17:09.287600+00:00,D:/D drive recovery/Shiva JH/Projects/OneLake Medallion/data/landing/_reference/products.parquet,_reference
0891f8ac9e3d7252ec5c162da0b0b86c,utilidades_domesticas,55.0,309.0,2.0,500.0,16.0,10.0,12.0,2016-01-01 00:00:00.000000,2026-08-27T05:17:09.287600+00:00,D:/D drive recovery/Shiva JH/Projects/OneLake Medallion/data/landing/_reference/products.parquet,_reference
726e355b119d1f8186283de59fc5b702,malas_acessorios,53.0,680.0,4.0,1500.0,41.0,15.0,29.0,2016-01-01 00:00:00.000000,2026-08-27T05:17:09.287600+00:00,D:/D drive recovery/Shiva JH/Projects/OneLake Medallion/data/landing/_reference/products.parquet,_reference
a35a9f46dcee0a67c8c7ad8493eb4135,informatica_acessorios,33.0,1084.0,2.0,200.0,41.0,2.0,29.0,2016-01-01 00:00:00.000000,2026-08-27T05:17:09.287600+00:00,D:/D drive recovery/Shiva JH/Projects/OneLake Medallion/data/landing/_reference/products.parquet,_reference
14a174908a08ad7cfb56d3814d8e0ea5,cama_mesa_banho,52.0,1027.0,1.0,1150.0,28.0,26.0,23.0,2016-01-01 00:00:00.000000,2026-08-27T05:17:09.287600+00:00,D:/D drive recovery/Shiva JH/Projects/OneLake Medallion/data/landing/_reference/products.parquet,_reference
b93ce2bec0961862bd811f643e704566,eletrodomesticos_2,29.0,223.0,1.0,6250.0,55.0,10.0,68.0,2016-01-01 00:00:00.000000,2026-08-27T05:17:09.287600+00:00,D:/D drive recovery/Shiva JH/Projects/OneLake Medallion/data/landing/_reference/products.parquet,_reference
3ffc8b6c3ae2afbf307cbd802bfb5e4c,bebes,52.0,233.0,1.0,8950.0,41.0,40.0,40.0,2016-01-01 00:00:00.000000,2026-08-27T05:17:09.287600+00:00,D:/D drive recovery/Shiva JH/Projects/OneLake Medallion/data/landing/_reference/products.parquet,_reference
4b703444923b5e57bb73ba343f5ebab7,cama_mesa_banho,49.0,204.0,1.0,264.0,17.0,14.0,16.0,2016-01-01 00:00:00.000000,2026-08-27T05:17:09.287600+00:00,D:/D drive recovery/Shiva JH/Projects/OneLake Medallion/data/landing/_reference/products.parquet,_reference
1cf4209f5358de32c5cae2c2dbb84aed,telefonia,54.0,596.0,2.0,350.0,17.0,4.0,12.0,2016-01-01 00:00:00.000000,2026-08-27T05:17:09.287600+00:00,D:/D drive recovery/Shiva JH/Projects/OneLake Medallion/data/landing/_reference/products.parquet,_reference
1b2a140e2ec204144f52c2d74eafbd98,bebes,41.0,353.0,4.0,950.0,38.0,14.0,37.0,2016-01-01 00:00:00.000000,2026-08-27T05:17:09.287600+00:00,D:/D drive recovery/Shiva JH/Projects/OneLake Medallion/data/landing/_reference/products.parquet,_reference
3ec7c8f47e7cd1e67a54c90edf527b5f,cama_mesa_banho,42.0,331.0,1.0,550.0,23.0,37.0,35.0,2016-01-01 00:00:00.000000,2026-08-27T05:17:09.287600+00:00,D:/D drive recovery/Shiva JH/Projects/OneLake Medallion/data/landing/_reference/products.parquet,_reference
ebee6703e867082f455a058a8bd04092,consoles_games,53.0,321.0,2.0,200.0,25.0,5.0,15.0,2016-01-01 00:00:00.000000,2026-08-27T05:17:09.287600+00:00,D:/D drive recovery/Shiva JH/Projects/OneLake Medallion/data/landing/_reference/products.parquet,_reference
12fd8665371236b5b586ea4e448902c8,casa_conforto,61.0,292.0,1.0,4050.0,45.0,15.0,35.0,2016-01-01 00:00:00.000000,2026-08-27T05:17:09.287600+00:00,D:/D drive recovery/Shiva JH/Projects/OneLake Medallion/data/landing/_reference/products.parquet,_reference
1b1c78225aa5601414a8c09020ee1803,ferramentas_jardim,27.0,375.0,2.0,200.0,16.0,14.0,14.0,2016-01-01 00:00:00.000000,2026-08-27T05:17:09.287600+00:00,D:/D drive recovery/Shiva JH/Projects/OneLake Medallion/data/landing/_reference/products.parquet,_reference
0129d1e9b29d3fe6833cc922374cd252,consoles_games,55.0,134.0,1.0,100.0,20.0,3.0,15.0,2016-01-01 00:00:00.000000,2026-08-27T05:17:09.287600+00:00,D:/D drive recovery/Shiva JH/Projects/OneLake Medallion/data/landing/_reference/products.parquet,_reference
9cf9eb93f5d26169e4ced03e1ae55697,automotivo,60.0,700.0,1.0,100.0,32.0,2.0,24.0,2016-01-01 00:00:00.000000,2026-08-27T05:17:09.287600+00:00,D:/D drive recovery/Shiva JH/Projects/OneLake Medallion/data/landing/_reference/products.parquet,_reference
af144ed65466a16118af719a57053c95,cool_stuff,47.0,1060.0,1.0,1815.0,29.0,21.0,23.0,2016-01-01 00:00:00.000000,2026-08-27T05:17:09.287600+00:00,D:/D drive recovery/Shiva JH/Projects/OneLake Medallion/data/landing/_reference/products.parquet,_reference
bf467e0b677a9c83c0c71fc3b8f6f7d6,relogios_presentes,56.0,777.0,2.0,275.0,16.0,11.0,11.0,2016-01-01 00:00:00.000000,2026-08-27T05:17:09.287600+00:00,D:/D drive recovery/Shiva JH/Projects/OneLake Medallion/data/landing/_reference/products.parquet,_reference
a2ba5bcfe3ee03832bf8f324caa32dad,cama_mesa_banho,46.0,171.0,4.0,7825.0,35.0,35.0,40.0,2016-01-01 00:00:00.000000,2026-08-27T05:17:09.287600+00:00,D:/D drive recovery/Shiva JH/Projects/OneLake Medallion/data/landing/_reference/products.parquet,_reference
3db75f31b76375c502f64d550dcd1166,informatica_acessorios,34.0,1078.0,2.0,200.0,41.0,2.0,29.0,2016-01-01 00:00:00.000000,2026-08-27T05:17:09.287600+00:00,D:/D drive recovery/Shiva JH/Projects/OneLake Medallion/data/landing/_reference/products.parquet,_reference
dbb4ce89c8ed5fb6fd901e2e51093179,utilidades_domesticas,34.0,545.0,3.0,2200.0,48.0,25.0,25.0,2016-01-01 00:00:00.000000,2026-08-27T05:17:09.287600+00:00,D:/D drive recovery/Shiva JH/Projects/OneLake Medallion/data/landing/_reference/products.parquet,_reference
d5991653e037ccb7af6ed7d94246b249,informatica_acessorios,42.0,363.0,1.0,922.0,30.0,15.0,17.0,2016-01-01 00:00:00.000000,2026-08-27T05:17:09.287600+00:00,D:/D drive recovery/Shiva JH/Projects/OneLake Medallion/data/landing/_reference/products.parquet,_reference
b42c05a477c94b52587fa47d777928df,cama_mesa_banho,44.0,209.0,1.0,1350.0,39.0,18.0,39.0,2016-01-01 00:00:00.000000,2026-08-27T05:17:09.287600+00:00,D:/D drive recovery/Shiva JH/Projects/OneLake Medallion/data/landing/_reference/products.parquet,_reference
f0606ca7e8022a81e0fa25ea3e334717,brinquedos,46.0,125.0,1.0,350.0,25.0,25.0,25.0,2016-01-01 00:00:00.000000,2026-08-27T05:17:09.287600+00:00,D:/D drive recovery/Shiva JH/Projects/OneLake Medallion/data/landing/_reference/products.parquet,_reference
08574b074924071f4e201e151b152b4e,ferramentas_jardim,36.0,450.0,1.0,9000.0,42.0,12.0,39.0,2016-01-01 00:00:00.000000,2026-08-27T05:17:09.287600+00:00,D:/D drive recovery/Shiva JH/Projects/OneLake Medallion/data/landing/_reference/products.parquet,_reference
002c6dab60557c48cfd6c2222ef7fd76,brinquedos,43.0,112.0,5.0,350.0,45.0,30.0,30.0,2016-01-01 00:00:00.000000,2026-08-27T05:17:09.287600+00:00,D:/D drive recovery/Shiva JH/Projects/OneLake Medallion/data/landing/_reference/products.parquet,_reference
4413a608a42bd21bbf9d5abbd58c249a,cool_stuff,57.0,1620.0,1.0,2350.0,16.0,40.0,16.0,2016-01-01 00:00:00.000000,2026-08-27T05:17:09.287600+00:00,D:/D drive recovery/Shiva JH/Projects/OneLake Medallion/data/landing/_reference/products.parquet,_reference
7bd043584ab4b147b9b19d9e97b299a9,moveis_decoracao,53.0,1750.0,3.0,2800.0,105.0,3.0,70.0,2016-01-01 00:00:00.000000,2026-08-27T05:17:09.287600+00:00,D:/D drive recovery/Shiva JH/Projects/OneLake Medallion/data/landing/_reference/products.parquet,_reference
8448ca0891d431bffa57301b7dd2ad04,relogios_presentes,47.0,760.0,2.0,300.0,16.0,13.0,13.0,2016-01-01 00:00:00.000000,2026-08-27T05:17:09.287600+00:00,D:/D drive recovery/Shiva JH/Projects/OneLake Medallion/data/landing/_reference/products.parquet,_reference
15fdd6032f35d4add5066fb90be28630,relogios_presentes,60.0,718.0,5.0,950.0,16.0,2.0,20.0,2016-01-01 00:00:00.000000,2026-08-27T05:17:09.287600+00:00,D:/D drive recovery/Shiva JH/Projects/OneLake Medallion/data/landing/_reference/products.parquet,_reference
3831462c36ead78cff9e8fb704dbb879,papelaria,60.0,313.0,6.0,7200.0,60.0,20.0,29.0,2016-01-01 00:00:00.000000,2026-08-27T05:17:09.287600+00:00,D:/D drive recovery/Shiva JH/Projects/OneLake Medallion/data/landing/_reference/products.parquet,_reference
ebc2160765952857f3bec4d6d76673e8,eletrodomesticos_2,44.0,1519.0,3.0,21800.0,53.0,44.0,53.0,2016-01-01 00:00:00.000000,2026-08-27T05:17:09.287600+00:00,D:/D drive recovery/Shiva JH/Projects/OneLake Medallion/data/landing/_reference/products.parquet,_reference
02032c15ca85744c99aa99583e824a90,papelaria,46.0,129.0,1.0,100.0,16.0,5.0,16.0,2016-01-01 00:00:00.000000,2026-08-27T05:17:09.287600+00:00,D:/D drive recovery/Shiva JH/Projects/OneLake Medallion/data/landing/_reference/products.parquet,_reference
1b7384e0f9f5e4cb914cd3f5535a4cab,,,,,200.0,16.0,3.0,12.0,2016-01-01 00:00:00.000000,2026-08-27T05:17:09.287600+00:00,D:/D drive recovery/Shiva JH/Projects/OneLake Medallion/data/landing/_reference/products.parquet,_reference
6875b883a18364bf04f16698a335df55,papelaria,45.0,319.0,2.0,1500.0,18.0,35.0,29.0,2016-01-01 00:00:00.000000,2026-08-27T05:17:09.287600+00:00,D:/D drive recovery/Shiva JH/Projects/OneLake Medallion/data/landing/_reference/products.parquet,_reference
e706d603c40437249cea9606699273a7,brinquedos,59.0,667.0,2.0,1000.0,32.0,30.0,16.0,2016-01-01 00:00:00.000000,2026-08-27T05:17:09.287600+00:00,D:/D drive recovery/Shiva JH/Projects/OneLake Medallion/data/landing/_reference/products.parquet,_reference
0a3d0e8c9d5c6e92b034ab390cda4a48,esporte_lazer,58.0,976.0,1.0,750.0,30.0,30.0,30.0,2016-01-01 00:00:00.000000,2026-08-27T05:17:09.287600+00:00,D:/D drive recovery/Shiva JH/Projects/OneLake Medallion/data/landing/_reference/products.parquet,_reference
bfd4d65a528678737bcb523e5a3c5f58,ferramentas_jardim,44.0,586.0,4.0,2500.0,22.0,14.0,22.0,2016-01-01 00:00:00.000000,2026-08-27T05:17:09.287600+00:00,D:/D drive recovery/Shiva JH/Projects/OneLake Medallion/data/landing/_reference/products.parquet,_reference
8d98dedc3c19de17f1a090195e85d6b6,brinquedos,40.0,617.0,4.0,300.0,16.0,7.0,20.0,2016-01-01 00:00:00.000000,2026-08-27T05:17:09.287600+00:00,D:/D drive recovery/Shiva JH/Projects/OneLake Medallion/data/landing/_reference/products.parquet,_reference
ea4f6504cf603bc9b3233999c4ba4ff8,beleza_saude,39.0,789.0,3.0,400.0,40.0,7.0,18.0,2016-01-01 00:00:00.000000,2026-08-27T05:17:09.287600+00:00,D:/D drive recovery/Shiva JH/Projects/OneLake Medallion/data/landing/_reference/products.parquet,_reference
781afe929e3016a667f5f439afd55fce,esporte_lazer,42.0,590.0,1.0,400.0,18.0,18.0,18.0,2016-01-01 00:00:00.000000,2026-08-27T05:17:09.287600+00:00,D:/D drive recovery/Shiva JH/Projects/OneLake Medallion/data/landing/_reference/products.parquet,_reference
fb01a5fc09b9b9563c2ee41a22f07d54,consoles_games,33.0,912.0,2.0,1500.0,33.0,25.0,11.0,2016-01-01 00:00:00.000000,2026-08-27T05:17:09.287600+00:00,D:/D drive recovery/Shiva JH/Projects/OneLake Medallion/data/landing/_reference/products.parquet,_reference
d363e421b1d15376b299089946fed127,moveis_sala,58.0,1146.0,3.0,3200.0,30.0,11.0,30.0,2016-01-01 00:00:00.000000,2026-08-27T05:17:09.287600+00:00,D:/D drive recovery/Shiva JH/Projects/OneLake Medallion/data/landing/_reference/products.parquet,_reference
e0d64dcfaa3b6db5c54ca298ae101d05,relogios_presentes,35.0,514.0,2.0,4338.0,17.0,12.0,14.0,2016-01-01 00:00:00.000000,2026-08-27T05:17:09.287600+00:00,D:/D drive recovery/Shiva JH/Projects/OneLake Medallion/data/landing/_reference/products.parquet,_reference
b0e3993f15923db74f7aea09b8043717,construcao_ferramentas_construcao,44.0,960.0,10.0,16400.0,52.0,53.0,35.0,2016-01-01 00:00:00.000000,2026-08-27T05:17:09.287600+00:00,D:/D drive recovery/Shiva JH/Projects/OneLake Medallion/data/landing/_reference/products.parquet,_reference
2d9034164be45fea72a91641a3874c33,construcao_ferramentas_construcao,51.0,187.0,5.0,10500.0,60.0,20.0,40.0,2016-01-01 00:00:00.000000,2026-08-27T05:17:09.287600+00:00,D:/D drive recovery/Shiva JH/Projects/OneLake Medallion/data/landing/_reference/products.parquet,_reference
dd927d4f29ebb0702657ffc71c17c2d4,moveis_decoracao,60.0,839.0,1.0,4367.0,38.0,60.0,66.0,2016-01-01 00:00:00.000000,2026-08-27T05:17:09.287600+00:00,D:/D drive recovery/Shiva JH/Projects/OneLake Medallion/data/landing/_reference/products.parquet,_reference
e9a69340883a438c3f91739d14d3a56d,utilidades_domesticas,60.0,1912.0,5.0,3000.0,33.0,12.0,34.0,2016-01-01 00:00:00.000000,2026-08-27T05:17:09.287600+00:00,D:/D drive recovery/Shiva JH/Projects/OneLake Medallion/data/landing/_reference/products.parquet,_reference
be4f6fe1a36e3a7abc3c966be0925070,moveis_decoracao,57.0,472.0,2.0,300.0,80.0,10.0,60.0,2016-01-01 00:00:00.000000,2026-08-27T05:17:09.287600+00:00,D:/D drive recovery/Shiva JH/Projects/OneLake Medallion/data/landing/_reference/products.parquet,_reference
236c8998f9a6e6150cdfb75fed83c15d,esporte_lazer,39.0,2055.0,1.0,300.0,20.0,10.0,15.0,2016-01-01 00:00:00.000000,2026-08-27T05:17:09.287600+00:00,D:/D drive recovery/Shiva JH/Projects/OneLake Medallion/data/landing/_reference/products.parquet,_reference
30ccf4724f5227265f837e9ba0246278,malas_acessorios,52.0,573.0,1.0,1450.0,49.0,10.0,33.0,2016-01-01 00:00:00.000000,2026-08-27T05:17:09.287600+00:00,D:/D drive recovery/Shiva JH/Projects/OneLake Medallion/data/landing/_reference/products.parquet,_reference
b7605b5b483063d12bd90a772bff9d21,cama_mesa_banho,45.0,437.0,2.0,550.0,40.0,7.0,50.0,2016-01-01 00:00:00.000000,2026-08-27T05:17:09.287600+00:00,D:/D drive recovery/Shiva JH/Projects/OneLake Medallion/data/landing/_reference/products.parquet,_reference
081088b5ca67de215fa103434690cedc,consoles_games,47.0,3947.0,1.0,300.0,18.0,4.0,13.0,2016-01-01 00:00:00.000000,2026-08-27T05:17:09.287600+00:00,D:/D drive recovery/Shiva JH/Projects/OneLake Medallion/data/landing/_reference/products.parquet,_reference
7b35be468d9795a7529f65c50ec87668,relogios_presentes,35.0,765.0,3.0,4381.0,18.0,14.0,14.0,2016-01-01 00:00:00.000000,2026-08-27T05:17:09.287600+00:00,D:/D drive recovery/Shiva JH/Projects/OneLake Medallion/data/landing/_reference/products.parquet,_reference
4039be757013ccb66cb41d683261dece,utilidades_domesticas,64.0,320.0,1.0,3000.0,85.0,10.0,50.0,2016-01-01 00:00:00.000000,2026-08-27T05:17:09.287600+00:00,D:/D drive recovery/Shiva JH/Projects/OneLake Medallion/data/landing/_reference/products.parquet,_reference
d3ffe9c4be46e47d76545011a7b37a05,moveis_decoracao,33.0,1575.0,1.0,400.0,35.0,10.0,25.0,2016-01-01 00:00:00.000000,2026-08-27T05:17:09.287600+00:00,D:/D drive recovery/Shiva JH/Projects/OneLake Medallion/data/landing/_reference/products.parquet,_reference
05fca08b4d54ab5d1d371db7d5534136,informatica_acessorios,47.0,1009.0,4.0,300.0,20.0,6.0,13.0,2016-01-01 00:00:00.000000,2026-08-27T05:17:09.287600+00:00,D:/D drive recovery/Shiva JH/Projects/OneLake Medallion/data/landing/_reference/products.parquet,_reference
401b500ac0cf49fd24047ba60015a7ae,ferramentas_jardim,45.0,899.0,1.0,1680.0,29.0,24.0,35.0,2016-01-01 00:00:00.000000,2026-08-27T05:17:09.287600+00:00,D:/D drive recovery/Shiva JH/Projects/OneLake Medallion/data/landing/_reference/products.parquet,_reference
967ec52b0c55fe9ccde964df30cef64e,utilidades_domesticas,35.0,741.0,4.0,500.0,19.0,12.0,12.0,2016-01-01 00:00:00.000000,2026-08-27T05:17:09.287600+00:00,D:/D drive recovery/Shiva JH/Projects/OneLake Medallion/data/landing/_reference/products.parquet,_reference
ac44def10e24998cdee20a208d691127,cama_mesa_banho,55.0,1208.0,1.0,1175.0,45.0,7.0,35.0,2016-01-01 00:00:00.000000,2026-08-27T05:17:09.287600+00:00,D:/D drive recovery/Shiva JH/Projects/OneLake Medallion/data/landing/_reference/products.parquet,_reference
ebf9bc6cd600eadd681384e3116fda85,cama_mesa_banho,37.0,86.0,2.0,1300.0,50.0,9.0,41.0,2016-01-01 00:00:00.000000,2026-08-27T05:17:09.287600+00:00,D:/D drive recovery/Shiva JH/Projects/OneLake Medallion/data/landing/_reference/products.parquet,_reference
b781cf30a200b5eff2787c2074d67045,moveis_escritorio,49.0,1290.0,1.0,9650.0,57.0,55.0,22.0,2016-01-01 00:00:00.000000,2026-08-27T05:17:09.287600+00:00,D:/D drive recovery/Shiva JH/Projects/OneLake Medallion/data/landing/_reference/products.parquet,_reference
1b06c90f0a31f14d0f505323b5723a80,ferramentas_jardim,58.0,747.0,4.0,650.0,19.0,17.0,19.0,2016-01-01 00:00:00.000000,2026-08-27T05:17:09.287600+00:00,D:/D drive recovery/Shiva JH/Projects/OneLake Medallion/data/landing/_reference/products.parquet,_reference
583f23b0484747654c01a98021608a89,papelaria,58.0,267.0,1.0,1300.0,24.0,47.0,39.0,2016-01-01 00:00:00.000000,2026-08-27T05:17:09.287600+00:00,D:/D drive recovery/Shiva JH/Projects/OneLake Medallion/data/landing/_reference/products.parquet,_reference
70eb8ec63fd4f2a0bf8607712407727c,moveis_decoracao,29.0,188.0,1.0,2050.0,20.0,15.0,20.0,2016-01-01 00:00:00.000000,2026-08-27T05:17:09.287600+00:00,D:/D drive recovery/Shiva JH/Projects/OneLake Medallion/data/landing/_reference/products.parquet,_reference
2b87ded5c8c2c971d4d5a2e4bd7b85bc,brinquedos,55.0,699.0,6.0,233.0,17.0,10.0,19.0,2016-01-01 00:00:00.000000,2026-08-27T05:17:09.287600+00:00,D:/D drive recovery/Shiva JH/Projects/OneLake Medallion/data/landing/_reference/products.parquet,_reference
8aa6223e400af9c97b07c75993142721,bebes,54.0,830.0,4.0,5000.0,40.0,10.0,40.0,2016-01-01 00:00:00.000000,2026-08-27T05:17:09.287600+00:00,D:/D drive recovery/Shiva JH/Projects/OneLake Medallion/data/landing/_reference/products.parquet,_reference
b3821db2024af98844b6381cc25651c8,ferramentas_jardim,44.0,1843.0,4.0,1450.0,32.0,15.0,25.0,2016-01-01 00:00:00.000000,2026-08-27T05:17:09.287600+00:00,D:/D drive recovery/Shiva JH/Projects/OneLake Medallion/data/landing/_reference/products.parquet,_reference
419cb1b441eda9b92ebd1a1b96090c26,telefonia,60.0,777.0,6.0,350.0,17.0,4.0,12.0,2016-01-01 00:00:00.000000,2026-08-27T05:17:09.287600+00:00,D:/D drive recovery/Shiva JH/Projects/OneLake Medallion/data/landing/_reference/products.parquet,_reference
afd22faefd9584467a374bf7a50f0996,esporte_lazer,59.0,681.0,3.0,150.0,24.0,5.0,16.0,2016-01-01 00:00:00.000000,2026-08-27T05:17:09.287600+00:00,D:/D drive recovery/Shiva JH/Projects/OneLake Medallion/data/landing/_reference/products.parquet,_reference
8e6774f213b2625176287ad6c3d38be6,cama_mesa_banho,54.0,382.0,1.0,10800.0,40.0,25.0,25.0,2016-01-01 00:00:00.000000,2026-08-27T05:17:09.287600+00:00,D:/D drive recovery/Shiva JH/Projects/OneLake Medallion/data/landing/_reference/products.parquet,_reference
ea17b2137544a3b0a3eaf107887472d9,utilidades_domesticas,47.0,822.0,3.0,1500.0,17.0,20.0,17.0,2016-01-01 00:00:00.000000,2026-08-27T05:17:09.287600+00:00,D:/D drive recovery/Shiva JH/Projects/OneLake Medallion/data/landing/_reference/products.parquet,_reference
65266b2da20d04dbe00c5c2d3bb7859e,papelaria,38.0,316.0,4.0,250.0,51.0,15.0,15.0,2016-01-01 00:00:00.000000,2026-08-27T05:17:09.287600+00:00,D:/D drive recovery/Shiva JH/Projects/OneLake Medallion/data/landing/_reference/products.parquet,_reference
f4f67ccaece962d013a4e1d7dc3a61f7,automotivo,52.0,603.0,1.0,7625.0,61.0,14.0,61.0,2016-01-01 00:00:00.000000,2026-08-27T05:17:09.287600+00:00,D:/D drive recovery/Shiva JH/Projects/OneLake Medallion/data/landing/_reference/products.parquet,_reference
a36f2cdee6906fae885c6258e824308c,livros_interesse_geral,29.0,437.0,1.0,600.0,23.0,2.0,16.0,2016-01-01 00:00:00.000000,2026-08-27T05:17:09.287600+00:00,D:/D drive recovery/Shiva JH/Projects/OneLake Medallion/data/landing/_reference/products.parquet,_reference
16c4e87b98a9370a9cbc3a4658a3f45b,instrumentos_musicais,53.0,1935.0,1.0,18000.0,105.0,30.0,40.0,2016-01-01 00:00:00.000000,2026-08-27T05:17:09.287600+00:00,D:/D drive recovery/Shiva JH/Projects/OneLake Medallion/data/landing/_reference/products.parquet,_reference
86f8507285c074360ac0969d4a664895,fashion_bolsas_e_acessorios,59.0,409.0,3.0,150.0,16.0,9.0,20.0,2016-01-01 00:00:00.000000,2026-08-27T05:17:09.287600+00:00,D:/D drive recovery/Shiva JH/Projects/OneLake Medallion/data/landing/_reference/products.parquet,_reference
7b31b39ebebeb8282009c48e5587b1d0,bebes,52.0,1608.0,4.0,1900.0,42.0,25.0,15.0,2016-01-01 00:00:00.000000,2026-08-27T05:17:09.287600+00:00,D:/D drive recovery/Shiva JH/Projects/OneLake Medallion/data/landing/_reference/products.parquet,_reference
6c0d548acd149f30331671548dda66e8,esporte_lazer,63.0,406.0,2.0,1400.0,80.0,8.0,15.0,2016-01-01 00:00:00.000000,2026-08-27T05:17:09.287600+00:00,D:/D drive recovery/Shiva JH/Projects/OneLake Medallion/data/landing/_reference/products.parquet,_reference
f4d450a6163f21cf9db8bcdf8c7e50f8,moveis_escritorio,37.0,92.0,2.0,12125.0,41.0,58.0,41.0,2016-01-01 00:00:00.000000,2026-08-27T05:17:09.287600+00:00,D:/D drive recovery/Shiva JH/Projects/OneLake Medallion/data/landing/_reference/products.parquet,_reference
5ff6f5d729e40306d114d501700a838b,papelaria,52.0,339.0,1.0,300.0,25.0,5.0,22.0,2016-01-01 00:00:00.000000,2026-08-27T05:17:09.287600+00:00,D:/D drive recovery/Shiva JH/Projects/OneLake Medallion/data/landing/_reference/products.parquet,_reference
1d3ecbda18167c766a3381fd16108e4a,esporte_lazer,42.0,636.0,1.0,1700.0,41.0,10.0,35.0,2016-01-01 00:00:00.000000,2026-08-27T05:17:09.287600+00:00,D:/D drive recovery/Shiva JH/Projects/OneLake Medallion/data/landing/_reference/products.parquet,_reference
722dc14e0848efdb771dca6de2929c41,beleza_saude,32.0,397.0,2.0,250.0,16.0,16.0,11.0,2016-01-01 00:00:00.000000,2026-08-27T05:17:09.287600+00:00,D:/D drive recovery/Shiva JH/Projects/OneLake Medallion/data/landing/_reference/products.parquet,_reference
50805a148492a9e871186240363cd2e8,cama_mesa_banho,55.0,702.0,1.0,2146.0,42.0,11.0,36.0,2016-01-01 00:00:00.000000,2026-08-27T05:17:09.287600+00:00,D:/D drive recovery/Shiva JH/Projects/OneLake Medallion/data/landing/_reference/products.parquet,_reference
e6609e94d7b022fd6abf6142401618f9,fashion_bolsas_e_acessorios,56.0,119.0,1.0,150.0,16.0,2.0,11.0,2016-01-01 00:00:00.000000,2026-08-27T05:17:09.287600+00:00,D:/D drive recovery/Shiva JH/Projects/OneLake Medallion/data/landing/_reference/products.parquet,_reference
418d8bb517562fb8e8a2f1c5de0afa70,informatica_acessorios,30.0,271.0,2.0,400.0,23.0,10.0,19.0,2016-01-01 00:00:00.000000,2026-08-27T05:17:09.287600+00:00,D:/D drive recovery/Shiva JH/Projects/OneLake Medallion/data/landing/_reference/products.parquet,_reference
52b61d8fa6874704f2c8e96ea62d5535,perfumaria,56.0,1718.0,1.0,250.0,16.0,16.0,15.0,2016-01-01 00:00:00.000000,2026-08-27T05:17:09.287600+00:00,D:/D drive recovery/Shiva JH/Projects/OneLake Medallion/data/landing/_reference/products.parquet,_reference
2442a59b08910404b77c87210a0757b5,telefonia,49.0,559.0,1.0,75.0,19.0,5.0,11.0,2016-01-01 00:00:00.000000,2026-08-27T05:17:09.287600+00:00,D:/D drive recovery/Shiva JH/Projects/OneLake Medallion/data/landing/_reference/products.parquet,_reference
eaaedcf6f1fee559b27b286e16afdf88,informatica_acessorios,43.0,1300.0,4.0,400.0,16.0,7.0,11.0,2016-01-01 00:00:00.000000,2026-08-27T05:17:09.287600+00:00,D:/D drive recovery/Shiva JH/Projects/OneLake Medallion/data/landing/_reference/products.parquet,_reference
14dffa241a078aeaebaef48a49e807ca,bebes,43.0,746.0,4.0,250.0,16.0,7.0,11.0,2016-01-01 00:00:00.000000,2026-08-27T05:17:09.287600+00:00,D:/D drive recovery/Shiva JH/Projects/OneLake Medallion/data/landing/_reference/products.parquet,_reference
9d0bb30eed80184666c8acad23921283,livros_interesse_geral,26.0,2857.0,1.0,500.0,20.0,22.0,15.0,2016-01-01 00:00:00.000000,2026-08-27T05:17:09.287600+00:00,D:/D drive recovery/Shiva JH/Projects/OneLake Medallion/data/landing/_reference/products.parquet,_reference
7a5d0e89d069c89b2112e9da539343c2,utilidades_domesticas,60.0,1018.0,2.0,2250.0,22.0,22.0,22.0,2016-01-01 00:00:00.000000,2026-08-27T05:17:09.287600+00:00,D:/D drive recovery/Shiva JH/Projects/OneLake Medallion/data/landing/_reference/products.parquet,_reference
d0ebd9098ec2b2b0c93cc1dfdb4865cf,casa_construcao,56.0,655.0,1.0,5300.0,30.0,35.0,30.0,2016-01-01 00:00:00.000000,2026-08-27T05:17:09.287600+00:00,D:/D drive recovery/Shiva JH/Projects/OneLake Medallion/data/landing/_reference/products.parquet,_reference
083ffd30820b592e294de7ed668ff975,informatica_acessorios,49.0,944.0,3.0,300.0,23.0,8.0,19.0,2016-01-01 00:00:00.000000,2026-08-27T05:17:09.287600+00:00,D:/D drive recovery/Shiva JH/Projects/OneLake Medallion/data/landing/_reference/products.parquet,_reference
332842d24e84234cd91299a225de76ab,relogios_presentes,58.0,1209.0,1.0,1750.0,50.0,6.0,19.0,2016-01-01 00:00:00.000000,2026-08-27T05:17:09.287600+00:00,D:/D drive recovery/Shiva JH/Projects/OneLake Medallion/data/landing/_reference/products.parquet,_reference
5a6e53c3b4e8684b13388d6aa4afdf12,utilidades_domesticas,45.0,176.0,2.0,200.0,19.0,9.0,12.0,2016-01-01 00:00:00.000000,2026-08-27T05:17:09.287600+00:00,D:/D drive recovery/Shiva JH/Projects/OneLake Medallion/data/landing/_reference/products.parquet,_reference
ff6caf9340512b8bf6d2a2a6df032cfa,,,,,200.0,16.0,5.0,12.0,2016-01-01 00:00:00.000000,2026-08-27T05:17:09.287600+00:00,D:/D drive recovery/Shiva JH/Projects/OneLake Medallion/data/landing/_reference/products.parquet,_reference
015e04445dedbd5da301ef29cbb03f83,cama_mesa_banho,52.0,183.0,2.0,550.0,70.0,10.0,40.0,2016-01-01 00:00:00.000000,2026-08-27T05:17:09.287600+00:00,D:/D drive recovery/Shiva JH/Projects/OneLake Medallion/data/landing/_reference/products.parquet,_reference
c7b3b8509e06ae21abdd78b541215cda,perfumaria,51.0,504.0,2.0,317.0,19.0,15.0,17.0,2016-01-01 00:00:00.000000,2026-08-27T05:17:09.287600+00:00,D:/D drive recovery/Shiva JH/Projects/OneLake Medallion/data/landing/_reference/products.parquet,_reference
a8b0dd2c57b49b649373ff5a495a697e,informatica_acessorios,54.0,3675.0,4.0,350.0,17.0,7.0,13.0,2016-01-01 00:00:00.000000,2026-08-27T05:17:09.287600+00:00,D:/D drive recovery/Shiva JH/Projects/OneLake Medallion/data/landing/_reference/products.parquet,_reference
62984ea1bba7fcea1f5b57084d3bf885,esporte_lazer,42.0,190.0,1.0,1092.0,30.0,26.0,22.0,2016-01-01 00:00:00.000000,2026-08-27T05:17:09.287600+00:00,D:/D drive recovery/Shiva JH/Projects/OneLake Medallion/data/landing/_reference/products.parquet,_reference
b01d34f6d2545269d348181768eca049,relogios_presentes,59.0,112.0,2.0,150.0,16.0,2.0,11.0,2016-01-01 00:00:00.000000,2026-08-27T05:17:09.287600+00:00,D:/D drive recovery/Shiva JH/Projects/OneLake Medallion/data/landing/_reference/products.parquet,_reference
cdc67f292e1e8ca492ec7b16ab5bf299,cama_mesa_banho,55.0,117.0,2.0,800.0,60.0,8.0,60.0,2016-01-01 00:00:00.000000,2026-08-27T05:17:09.287600+00:00,D:/D drive recovery/Shiva JH/Projects/OneLake Medallion/data/landing/_reference/products.parquet,_reference
b9c941066a5b61862d712489ed544aee,bebes,58.0,801.0,1.0,2150.0,31.0,43.0,21.0,2016-01-01 00:00:00.000000,2026-08-27T05:17:09.287600+00:00,D:/D drive recovery/Shiva JH/Projects/OneLake Medallion/data/landing/_reference/products.parquet,_reference
ae28fd7a149b08a60309551e235d56f4,beleza_saude,57.0,2204.0,1.0,783.0,16.0,21.0,13.0,2016-01-01 00:00:00.000000,2026-08-27T05:17:09.287600+00:00,D:/D drive recovery/Shiva JH/Projects/OneLake Medallion/data/landing/_reference/products.parquet,_reference
558180406ec5ec2f77e01f2807180c20,beleza_saude,41.0,1568.0,1.0,725.0,23.0,10.0,15.0,2016-01-01 00:00:00.000000,2026-08-27T05:17:09.287600+00:00,D:/D drive recovery/Shiva JH/Projects/OneLake Medallion/data/landing/_reference/products.parquet,_reference
d3c395bcfed8dcf4539f11fbc4094527,cool_stuff,48.0,1482.0,3.0,2650.0,30.0,40.0,28.0,2016-01-01 00:00:00.000000,2026-08-27T05:17:09.287600+00:00,D:/D drive recovery/Shiva JH/Projects/OneLake Medallion/data/landing/_reference/products.parquet,_reference
005030ef108f58b46b78116f754d8d38,perfumaria,54.0,942.0,1.0,50.0,16.0,5.0,11.0,2016-01-01 00:00:00.000000,2026-08-27T05:17:09.287600+00:00,D:/D drive recovery/Shiva JH/Projects/OneLake Medallion/data/landing/_reference/products.parquet,_reference
b952d6773e9a3a9b86c9faded9ec3c86,informatica_acessorios,41.0,713.0,1.0,150.0,39.0,9.0,11.0,2016-01-01 00:00:00.000000,2026-08-27T05:17:09.287600+00:00,D:/D drive recovery/Shiva JH/Projects/OneLake Medallion/data/landing/_reference/products.parquet,_reference
5c5396ff3a1b3d492a2aa04730b25904,eletrodomesticos,50.0,1304.0,1.0,500.0,16.0,10.0,18.0,2016-01-01 00:00:00.000000,2026-08-27T05:17:09.287600+00:00,D:/D drive recovery/Shiva JH/Projects/OneLake Medallion/data/landing/_reference/products.parquet,_reference
a5e537da8376b8623758e0186bfa400f,eletroportateis,44.0,860.0,3.0,895.0,24.0,14.0,15.0,2016-01-01 00:00:00.000000,2026-08-27T05:17:09.287600+00:00,D:/D drive recovery/Shiva JH/Projects/OneLake Medallion/data/landing/_reference/products.parquet,_reference
b746f0f77468910428130facb2ee2d1f,informatica_acessorios,42.0,207.0,3.0,100.0,40.0,2.0,24.0,2016-01-01 00:00:00.000000,2026-08-27T05:17:09.287600+00:00,D:/D drive recovery/Shiva JH/Projects/OneLake Medallion/data/landing/_reference/products.parquet,_reference
fad824f446c61e0e6e1e8644c17a9f59,utilidades_domesticas,50.0,251.0,2.0,700.0,30.0,30.0,40.0,2016-01-01 00:00:00.000000,2026-08-27T05:17:09.287600+00:00,D:/D drive recovery/Shiva JH/Projects/OneLake Medallion/data/landing/_reference/products.parquet,_reference
1b11571a0535a643bb18db34b84b7334,cool_stuff,53.0,686.0,3.0,550.0,21.0,15.0,25.0,2016-01-01 00:00:00.000000,2026-08-27T05:17:09.287600+00:00,D:/D drive recovery/Shiva JH/Projects/OneLake Medallion/data/landing/_reference/products.parquet,_reference
99b5252f661c113b53ca9fbaae9dd3fd,beleza_saude,56.0,561.0,5.0,350.0,16.0,25.0,16.0,2016-01-01 00:00:00.000000,2026-08-27T05:17:09.287600+00:00,D:/D drive recovery/Shiva JH/Projects/OneLake Medallion/data/landing/_reference/products.parquet,_reference
7686fe49c98ae1c537b5cc51992f5d20,bebes,38.0,798.0,1.0,600.0,22.0,18.0,19.0,2016-01-01 00:00:00.000000,2026-08-27T05:17:09.287600+00:00,D:/D drive recovery/Shiva JH/Projects/OneLake Medallion/data/landing/_reference/products.parquet,_reference
5570e58fb62fc2a83e5bda3974e35be5,cama_mesa_banho,55.0,273.0,1.0,1050.0,38.0,10.0,38.0,2016-01-01 00:00:00.000000,2026-08-27T05:17:09.287600+00:00,D:/D drive recovery/Shiva JH/Projects/OneLake Medallion/data/landing/_reference/products.parquet,_reference
9cb67ae6cec5627ef21cbadcdb357054,perfumaria,57.0,483.0,1.0,350.0,17.0,13.0,12.0,2016-01-01 00:00:00.000000,2026-08-27T05:17:09.287600+00:00,D:/D drive recovery/Shiva JH/Projects/OneLake Medallion/data/landing/_reference/products.parquet,_reference
67d1732a904be023de826d53879c3534,cama_mesa_banho,56.0,134.0,2.0,650.0,50.0,5.0,50.0,2016-01-01 00:00:00.000000,2026-08-27T05:17:09.287600+00:00,D:/D drive recovery/Shiva JH/Projects/OneLake Medallion/data/landing/_reference/products.parquet,_reference
4f88323d03ffaf090b8fb0116b33c95e,cama_mesa_banho,56.0,255.0,1.0,1700.0,30.0,5.0,30.0,2016-01-01 00:00:00.000000,2026-08-27T05:17:09.287600+00:00,D:/D drive recovery/Shiva JH/Projects/OneLake Medallion/data/landing/_reference/products.parquet,_reference
071f9a2b7591f2e8a2a59a50ecc5a297,bebes,59.0,224.0,2.0,7150.0,75.0,15.0,50.0,2016-01-01 00:00:00.000000,2026-08-27T05:17:09.287600+00:00,D:/D drive recovery/Shiva JH/Projects/OneLake Medallion/data/landing/_reference/products.parquet,_reference
b1acb7e8152c90c9619897753a75c973,beleza_saude,56.0,575.0,1.0,200.0,20.0,15.0,15.0,2016-01-01 00:00:00.000000,2026-08-27T05:17:09.287600+00:00,D:/D drive recovery/Shiva JH/Projects/OneLake Medallion/data/landing/_reference/products.parquet,_reference
7e33f4a1c59f89da30a335b2dc2de187,eletronicos,51.0,381.0,3.0,1075.0,22.0,5.0,7.0,2016-01-01 00:00:00.000000,2026-08-27T05:17:09.287600+00:00,D:/D drive recovery/Shiva JH/Projects/OneLake Medallion/data/landing/_reference/products.parquet,_reference
c475e0af586d200a52fcfa1dee11d1b2,informatica_acessorios,58.0,223.0,1.0,100.0,40.0,2.0,24.0,2016-01-01 00:00:00.000000,2026-08-27T05:17:09.287600+00:00,D:/D drive recovery/Shiva JH/Projects/OneLake Medallion/data/landing/_reference/products.parquet,_reference
c075b8e131353552218860f1c421e4ef,moveis_cozinha_area_de_servico_jantar_e_jardim,30.0,1565.0,4.0,1750.0,20.0,16.0,30.0,2016-01-01 00:00:00.000000,2026-08-27T05:17:09.287600+00:00,D:/D drive recovery/Shiva JH/Projects/OneLake Medallion/data/landing/_reference/products.parquet,_reference
66122b7ff167774803377cb2b1af7799,moveis_escritorio,57.0,1282.0,1.0,7575.0,52.0,52.0,17.0,2016-01-01 00:00:00.000000,2026-08-27T05:17:09.287600+00:00,D:/D drive recovery/Shiva JH/Projects/OneLake Medallion/data/landing/_reference/products.parquet,_reference
0aabfb375647d9738ad0f7b4ea3653b1,consoles_games,49.0,100.0,4.0,150.0,16.0,12.0,12.0,2016-01-01 00:00:00.000000,2026-08-27T05:17:09.287600+00:00,D:/D drive recovery/Shiva JH/Projects/OneLake Medallion/data/landing/_reference/products.parquet,_reference
f67ad6b3366ae186b8d29087e6d5ebd0,automotivo,55.0,998.0,2.0,100.0,17.0,4.0,17.0,2016-01-01 00:00:00.000000,2026-08-27T05:17:09.287600+00:00,D:/D drive recovery/Shiva JH/Projects/OneLake Medallion/data/landing/_reference/products.parquet,_reference
8ec2aeacda2a58c1e118e8c1ea90c605,informatica_acessorios,40.0,866.0,1.0,150.0,16.0,16.0,16.0,2016-01-01 00:00:00.000000,2026-08-27T05:17:09.287600+00:00,D:/D drive recovery/Shiva JH/Projects/OneLake Medallion/data/landing/_reference/products.parquet,_reference
a6a4a3de57effbbec7c478c6a03fa074,fashion_bolsas_e_acessorios,41.0,589.0,1.0,300.0,21.0,9.0,13.0,2016-01-01 00:00:00.000000,2026-08-27T05:17:09.287600+00:00,D:/D drive recovery/Shiva JH/Projects/OneLake Medallion/data/landing/_reference/products.parquet,_reference
22914988306f1235a3e5fff32403d205,automotivo,41.0,1146.0,1.0,4000.0,65.0,25.0,25.0,2016-01-01 00:00:00.000000,2026-08-27T05:17:09.287600+00:00,D:/D drive recovery/Shiva JH/Projects/OneLake Medallion/data/landing/_reference/products.parquet,_reference
64315bd8c0c47303179dd2e25b579d00,brinquedos,55.0,889.0,1.0,4267.0,46.0,39.0,22.0,2016-01-01 00:00:00.000000,2026-08-27T05:17:09.287600+00:00,D:/D drive recovery/Shiva JH/Projects/OneLake Medallion/data/landing/_reference/products.parquet,_reference
7f9fb61955b696d843259a8cbdb2261d,informatica_acessorios,54.0,366.0,2.0,725.0,18.0,5.0,11.0,2016-01-01 00:00:00.000000,2026-08-27T05:17:09.287600+00:00,D:/D drive recovery/Shiva JH/Projects/OneLake Medallion/data/landing/_reference/products.parquet,_reference
edd087ed331c3ce178ec3489b9ecf117,livros_tecnicos,55.0,2138.0,1.0,2450.0,20.0,30.0,22.0,2016-01-01 00:00:00.000000,2026-08-27T05:17:09.287600+00:00,D:/D drive recovery/Shiva JH/Projects/OneLake Medallion/data/landing/_reference/products.parquet,_reference
565a133f9141f4a8a1b51562afdf4c1e,cama_mesa_banho,59.0,600.0,4.0,3500.0,40.0,15.0,30.0,2016-01-01 00:00:00.000000,2026-08-27T05:17:09.287600+00:00,D:/D drive recovery/Shiva JH/Projects/OneLake Medallion/data/landing/_reference/products.parquet,_reference
abf7c583f35ff13ce82c05debdef8ef0,cama_mesa_banho,33.0,548.0,2.0,650.0,35.0,5.0,25.0,2016-01-01 00:00:00.000000,2026-08-27T05:17:09.287600+00:00,D:/D drive recovery/Shiva JH/Projects/OneLake Medallion/data/landing/_reference/products.parquet,_reference
c0db539123a403f670c50237d970b215,ferramentas_jardim,56.0,1313.0,2.0,850.0,20.0,20.0,20.0,2016-01-01 00:00:00.000000,2026-08-27T05:17:09.287600+00:00,D:/D drive recovery/Shiva JH/Projects/OneLake Medallion/data/landing/_reference/products.parquet,_reference
29ed7e120478b8a6ab3aeb253c6c7220,utilidades_domesticas,15.0,362.0,1.0,242.0,25.0,8.0,12.0,2016-01-01 00:00:00.000000,2026-08-27T05:17:09.287600+00:00,D:/D drive recovery/Shiva JH/Projects/OneLake Medallion/data/landing/_reference/products.parquet,_reference
f3ef6902655917c2db06698cc2d765a0,cool_stuff,33.0,386.0,2.0,50.0,20.0,6.0,15.0,2016-01-01 00:00:00.000000,2026-08-27T05:17:09.287600+00:00,D:/D drive recovery/Shiva JH/Projects/OneLake Medallion/data/landing/_reference/products.parquet,_reference
846145e9b8d412bd1c9bb478a52ab4a0,cool_stuff,55.0,444.0,2.0,200.0,16.0,8.0,14.0,2016-01-01 00:00:00.000000,2026-08-27T05:17:09.287600+00:00,D:/D drive recovery/Shiva JH/Projects/OneLake Medallion/data/landing/_reference/products.parquet,_reference
4ac50dbde931c0a5ed8c33d3dc047351,beleza_saude,33.0,1087.0,1.0,600.0,28.0,11.0,26.0,2016-01-01 00:00:00.000000,2026-08-27T05:17:09.287600+00:00,D:/D drive recovery/Shiva JH/Projects/OneLake Medallion/data/landing/_reference/products.parquet,_reference
f5a7d79f27ac4b76ffb13c8ee63d4f07,automotivo,41.0,707.0,2.0,1150.0,20.0,20.0,20.0,2016-01-01 00:00:00.000000,2026-08-27T05:17:09.287600+00:00,D:/D drive recovery/Shiva JH/Projects/OneLake Medallion/data/landing/_reference/products.parquet,_reference
aca2eb7d00ea1a7b8ebd4e68314663af,moveis_decoracao,44.0,903.0,6.0,2600.0,50.0,10.0,30.0,2016-01-01 00:00:00.000000,2026-08-27T05:17:09.287600+00:00,D:/D drive recovery/Shiva JH/Projects/OneLake Medallion/data/landing/_reference/products.parquet,_reference
799e525b4327b03a6d4a325e68c6cad1,beleza_saude,50.0,708.0,2.0,800.0,26.0,18.0,11.0,2016-01-01 00:00:00.000000,2026-08-27T05:17:09.287600+00:00,D:/D drive recovery/Shiva JH/Projects/OneLake Medallion/data/landing/_reference/products.parquet,_reference
c1617123e66d2491ca93ceadfd36203e,cama_mesa_banho,54.0,687.0,2.0,1050.0,32.0,5.0,30.0,2016-01-01 00:00:00.000000,2026-08-27T05:17:09.287600+00:00,D:/D drive recovery/Shiva JH/Projects/OneLake Medallion/data/landing/_reference/products.parquet,_reference
7d222dee34c6ec0f7562241d7e16d7c2,utilidades_domesticas,51.0,1353.0,3.0,600.0,28.0,4.0,36.0,2016-01-01 00:00:00.000000,2026-08-27T05:17:09.287600+00:00,D:/D drive recovery/Shiva JH/Projects/OneLake Medallion/data/landing/_reference/products.parquet,_reference
4dc44f95ece9249f0e50d10542ca6c03,relogios_presentes,59.0,731.0,2.0,350.0,16.0,11.0,11.0,2016-01-01 00:00:00.000000,2026-08-27T05:17:09.287600+00:00,D:/D drive recovery/Shiva JH/Projects/OneLake Medallion/data/landing/_reference/products.parquet,_reference
fcdb929c70287379ce31deed3f733d72,cama_mesa_banho,53.0,231.0,1.0,1625.0,41.0,30.0,33.0,2016-01-01 00:00:00.000000,2026-08-27T05:17:09.287600+00:00,D:/D drive recovery/Shiva JH/Projects/OneLake Medallion/data/landing/_reference/products.parquet,_reference
19f9a0f38a553e626086e4f0dee261c9,papelaria,50.0,105.0,2.0,450.0,20.0,30.0,20.0,2016-01-01 00:00:00.000000,2026-08-27T05:17:09.287600+00:00,D:/D drive recovery/Shiva JH/Projects/OneLake Medallion/data/landing/_reference/products.parquet,_reference
c68252426f70e1434cf6e465d7cae869,malas_acessorios,53.0,1289.0,2.0,450.0,16.0,40.0,25.0,2016-01-01 00:00:00.000000,2026-08-27T05:17:09.287600+00:00,D:/D drive recovery/Shiva JH/Projects/OneLake Medallion/data/landing/_reference/products.parquet,_reference
c43ab4269cbf91b373263db4c2973cad,cool_stuff,59.0,734.0,4.0,650.0,33.0,18.0,27.0,2016-01-01 00:00:00.000000,2026-08-27T05:17:09.287600+00:00,D:/D drive recovery/Shiva JH/Projects/OneLake Medallion/data/landing/_reference/products.parquet,_reference
2a2d22ae30e026f1893083c8405ca522,cama_mesa_banho,60.0,744.0,2.0,8350.0,50.0,27.0,38.0,2016-01-01 00:00:00.000000,2026-08-27T05:17:09.287600+00:00,D:/D drive recovery/Shiva JH/Projects/OneLake Medallion/data/landing/_reference/products.parquet,_reference
8c0935536ddc382900163bdbbd1975ff,esporte_lazer,37.0,751.0,2.0,1300.0,85.0,6.0,23.0,2016-01-01 00:00:00.000000,2026-08-27T05:17:09.287600+00:00,D:/D drive recovery/Shiva JH/Projects/OneLake Medallion/data/landing/_reference/products.parquet,_reference
9c8d68903b5106018c797e0e862ae55d,eletronicos,34.0,453.0,1.0,200.0,25.0,7.0,25.0,2016-01-01 00:00:00.000000,2026-08-27T05:17:09.287600+00:00,D:/D drive recovery/Shiva JH/Projects/OneLake Medallion/data/landing/_reference/products.parquet,_reference
0b4d2eb734bd8bb5001a145bf52fa5e2,eletrodomesticos,52.0,652.0,1.0,700.0,18.0,8.0,13.0,2016-01-01 00:00:00.000000,2026-08-27T05:17:09.287600+00:00,D:/D drive recovery/Shiva JH/Projects/OneLake Medallion/data/landing/_reference/products.parquet,_reference
aef09d3b8be874a0a8b1706573a6c9b0,climatizacao,54.0,581.0,2.0,167.0,20.0,9.0,15.0,2016-01-01 00:00:00.000000,2026-08-27T05:17:09.287600+00:00,D:/D drive recovery/Shiva JH/Projects/OneLake Medallion/data/landing/_reference/products.parquet,_reference
c61066ec039ab5de17a7d3151f8806c0,fashion_bolsas_e_acessorios,54.0,1438.0,1.0,150.0,16.0,2.0,11.0,2016-01-01 00:00:00.000000,2026-08-27T05:17:09.287600+00:00,D:/D drive recovery/Shiva JH/Projects/OneLake Medallion/data/landing/_reference/products.parquet,_reference
566a4f2c4385f36d15c00dfcaae132d1,eletronicos,43.0,391.0,1.0,150.0,25.0,7.0,16.0,2016-01-01 00:00:00.000000,2026-08-27T05:17:09.287600+00:00,D:/D drive recovery/Shiva JH/Projects/OneLake Medallion/data/landing/_reference/products.parquet,_reference
20992273fc264d0a559e37c346090fe6,informatica_acessorios,51.0,1246.0,1.0,600.0,16.0,16.0,16.0,2016-01-01 00:00:00.000000,2026-08-27T05:17:09.287600+00:00,D:/D drive recovery/Shiva JH/Projects/OneLake Medallion/data/landing/_reference/products.parquet,_reference
b4e319cb48642fd748a387fb88c31c35,brinquedos,45.0,346.0,4.0,900.0,31.0,8.0,31.0,2016-01-01 00:00:00.000000,2026-08-27T05:17:09.287600+00:00,D:/D drive recovery/Shiva JH/Projects/OneLake Medallion/data/landing/_reference/products.parquet,_reference
81c6b0f031d89938fce1df449b3b464b,moveis_decoracao,53.0,470.0,3.0,100.0,16.0,3.0,23.0,2016-01-01 00:00:00.000000,2026-08-27T05:17:09.287600+00:00,D:/D drive recovery/Shiva JH/Projects/OneLake Medallion/data/landing/_reference/products.parquet,_reference
d4548e7ab697993ec51d864766a8ea4f,relogios_presentes,43.0,632.0,2.0,532.0,19.0,13.0,15.0,2016-01-01 00:00:00.000000,2026-08-27T05:17:09.287600+00:00,D:/D drive recovery/Shiva JH/Projects/OneLake Medallion/data/landing/_reference/products.parquet,_reference
9ae1607198ba0a8336e966249f53b5ec,eletronicos,45.0,795.0,3.0,467.0,16.0,10.0,11.0,2016-01-01 00:00:00.000000,2026-08-27T05:17:09.287600+00:00,D:/D drive recovery/Shiva JH/Projects/OneLake Medallion/data/landing/_reference/products.parquet,_reference
29c9a765d2ce9ee6d6ee72d6c316b9ef,moveis_decoracao,52.0,749.0,4.0,14900.0,40.0,60.0,40.0,2016-01-01 00:00:00.000000,2026-08-27T05:17:09.287600+00:00,D:/D drive recovery/Shiva JH/Projects/OneLake Medallion/data/landing/_reference/products.parquet,_reference
3be495aa2bea5ca3041d723c2db13209,climatizacao,57.0,2731.0,1.0,200.0,24.0,8.0,17.0,2016-01-01 00:00:00.000000,2026-08-27T05:17:09.287600+00:00,D:/D drive recovery/Shiva JH/Projects/OneLake Medallion/data/landing/_reference/products.parquet,_reference
4135a8c6b588263879a627ed27a2a3c3,papelaria,55.0,381.0,1.0,500.0,22.0,48.0,38.0,2016-01-01 00:00:00.000000,2026-08-27T05:17:09.287600+00:00,D:/D drive recovery/Shiva JH/Projects/OneLake Medallion/data/landing/_reference/products.parquet,_reference
c5c619629da44fcdd8303458a5557fde,papelaria,57.0,733.0,3.0,275.0,17.0,19.0,23.0,2016-01-01 00:00:00.000000,2026-08-27T05:17:09.287600+00:00,D:/D drive recovery/Shiva JH/Projects/OneLake Medallion/data/landing/_reference/products.parquet,_reference
165f86fe8b799a708a20ee4ba125c289,cool_stuff,40.0,1456.0,1.0,2425.0,29.0,30.0,19.0,2016-01-01 00:00:00.000000,2026-08-27T05:17:09.287600+00:00,D:/D drive recovery/Shiva JH/Projects/OneLake Medallion/data/landing/_reference/products.parquet,_reference
c7b3cf9de7be95b3e09e7a63315685eb,malas_acessorios,49.0,489.0,2.0,16250.0,18.0,53.0,39.0,2016-01-01 00:00:00.000000,2026-08-27T05:17:09.287600+00:00,D:/D drive recovery/Shiva JH/Projects/OneLake Medallion/data/landing/_reference/products.parquet,_reference
a2a1d57880bb40e60b59530ba0177ccf,cama_mesa_banho,56.0,352.0,2.0,900.0,50.0,11.0,11.0,2016-01-01 00:00:00.000000,2026-08-27T05:17:09.287600+00:00,D:/D drive recovery/Shiva JH/Projects/OneLake Medallion/data/landing/_reference/products.parquet,_reference
c10524227a6e64172e6eddcc91279aab,esporte_lazer,52.0,314.0,1.0,6050.0,60.0,10.0,60.0,2016-01-01 00:00:00.000000,2026-08-27T05:17:09.287600+00:00,D:/D drive recovery/Shiva JH/Projects/OneLake Medallion/data/landing/_reference/products.parquet,_reference
3fbc0ef745950c7932d5f2a446189725,beleza_saude,50.0,1257.0,1.0,350.0,19.0,12.0,13.0,2016-01-01 00:00:00.000000,2026-08-27T05:17:09.287600+00:00,D:/D drive recovery/Shiva JH/Projects/OneLake Medallion/data/landing/_reference/products.parquet,_reference
13fd915e499b787f1f4c9dbb231d0d4c,informatica_acessorios,53.0,113.0,3.0,150.0,16.0,5.0,15.0,2016-01-01 00:00:00.000000,2026-08-27T05:17:09.287600+00:00,D:/D drive recovery/Shiva JH/Projects/OneLake Medallion/data/landing/_reference/products.parquet,_reference
af3741580aab9876533f1c3e08aca7bb,utilidades_domesticas,46.0,1459.0,1.0,5950.0,44.0,2.0,26.0,2016-01-01 00:00:00.000000,2026-08-27T05:17:09.287600+00:00,D:/D drive recovery/Shiva JH/Projects/OneLake Medallion/data/landing/_reference/products.parquet,_reference
422879e10f46682990de24d770e7f83d,ferramentas_jardim,56.0,348.0,2.0,1550.0,30.0,22.0,30.0,2016-01-01 00:00:00.000000,2026-08-27T05:17:09.287600+00:00,D:/D drive recovery/Shiva JH/Projects/OneLake Medallion/data/landing/_reference/products.parquet,_reference
ed506becc3430a3a6331df5b4c3eaed3,fashion_bolsas_e_acessorios,48.0,731.0,1.0,300.0,16.0,2.0,11.0,2016-01-01 00:00:00.000000,2026-08-27T05:17:09.287600+00:00,D:/D drive recovery/Shiva JH/Projects/OneLake Medallion/data/landing/_reference/products.parquet,_reference
5b2b72f58d212a6e4733884ef0ece564,cama_mesa_banho,54.0,273.0,1.0,3000.0,45.0,19.0,35.0,2016-01-01 00:00:00.000000,2026-08-27T05:17:09.287600+00:00,D:/D drive recovery/Shiva JH/Projects/OneLake Medallion/data/landing/_reference/products.parquet,_reference
72172e982e8b92155069e4201c92c0bb,esporte_lazer,60.0,3847.0,5.0,200.0,28.0,10.0,13.0,2016-01-01 00:00:00.000000,2026-08-27T05:17:09.287600+00:00,D:/D drive recovery/Shiva JH/Projects/OneLake Medallion/data/landing/_reference/products.parquet,_reference
db5efde3ad0cc579b130d71c4b2db522,audio,40.0,232.0,1.0,6663.0,17.0,11.0,13.0,2016-01-01 00:00:00.000000,2026-08-27T05:17:09.287600+00:00,D:/D drive recovery/Shiva JH/Projects/OneLake Medallion/data/landing/_reference/products.parquet,_reference
9281e35939ed4db9a1ff7001d673e510,eletrodomesticos,48.0,324.0,1.0,6200.0,50.0,22.0,45.0,2016-01-01 00:00:00.000000,2026-08-27T05:17:09.287600+00:00,D:/D drive recovery/Shiva JH/Projects/OneLake Medallion/data/landing/_reference/products.parquet,_reference
696ad707399d0b7678e2ed5d021dd737,informatica_acessorios,52.0,635.0,7.0,550.0,19.0,5.0,12.0,2016-01-01 00:00:00.000000,2026-08-27T05:17:09.287600+00:00,D:/D drive recovery/Shiva JH/Projects/OneLake Medallion/data/landing/_reference/products.parquet,_reference
6fa3c1e1bd22cd9f9c3d07f0be351d38,brinquedos,32.0,234.0,1.0,300.0,17.0,10.0,12.0,2016-01-01 00:00:00.000000,2026-08-27T05:17:09.287600+00:00,D:/D drive recovery/Shiva JH/Projects/OneLake Medallion/data/landing/_reference/products.parquet,_reference
633a2a64a6478966e0b6805ea708de58,utilidades_domesticas,32.0,455.0,3.0,550.0,25.0,15.0,15.0,2016-01-01 00:00:00.000000,2026-08-27T05:17:09.287600+00:00,D:/D drive recovery/Shiva JH/Projects/OneLake Medallion/data/landing/_reference/products.parquet,_reference
07f381c65e8e66460c07781b9b1b8834,moveis_escritorio,45.0,1156.0,2.0,17050.0,63.0,62.0,24.0,2016-01-01 00:00:00.000000,2026-08-27T05:17:09.287600+00:00,D:/D drive recovery/Shiva JH/Projects/OneLake Medallion/data/landing/_reference/products.parquet,_reference
92d2d88b37a70060bd536b8790d9edaa,utilidades_domesticas,48.0,242.0,5.0,5250.0,50.0,20.0,40.0,2016-01-01 00:00:00.000000,2026-08-27T05:17:09.287600+00:00,D:/D drive recovery/Shiva JH/Projects/OneLake Medallion/data/landing/_reference/products.parquet,_reference
7614c62b86a81021243e438cfde78ccc,beleza_saude,53.0,1135.0,5.0,9900.0,30.0,39.0,38.0,2016-01-01 00:00:00.000000,2026-08-27T05:17:09.287600+00:00,D:/D drive recovery/Shiva JH/Projects/OneLake Medallion/data/landing/_reference/products.parquet,_reference
d7c2baa900206125473075048a2a39ea,moveis_decoracao,55.0,435.0,4.0,705.0,26.0,16.0,17.0,2016-01-01 00:00:00.000000,2026-08-27T05:17:09.287600+00:00,D:/D drive recovery/Shiva JH/Projects/OneLake Medallion/data/landing/_reference/products.parquet,_reference
0e621085968d9a9585ed3c2c204825e2,beleza_saude,52.0,3939.0,2.0,200.0,20.0,15.0,20.0,2016-01-01 00:00:00.000000,2026-08-27T05:17:09.287600+00:00,D:/D drive recovery/Shiva JH/Projects/OneLake Medallion/data/landing/_reference/products.parquet,_reference
f7e0fa615b386bc9a8b9eb52bc1fff76,informatica_acessorios,59.0,2574.0,1.0,325.0,21.0,21.0,21.0,2016-01-01 00:00:00.000000,2026-08-27T05:17:09.287600+00:00,D:/D drive recovery/Shiva JH/Projects/OneLake Medallion/data/landing/_reference/products.parquet,_reference
591c08a1d9290193bd96d8c9e6e607ac,moveis_sala,33.0,611.0,2.0,9750.0,27.0,15.0,92.0,2016-01-01 00:00:00.000000,2026-08-27T05:17:09.287600+00:00,D:/D drive recovery/Shiva JH/Projects/OneLake Medallion/data/landing/_reference/products.parquet,_reference
617186c3d97ea56c9c683a8a3974e8c1,perfumaria,59.0,1071.0,1.0,550.0,21.0,12.0,20.0,2016-01-01 00:00:00.000000,2026-08-27T05:17:09.287600+00:00,D:/D drive recovery/Shiva JH/Projects/OneLake Medallion/data/landing/_reference/products.parquet,_reference
03613e666b3919a3e807eac45a8f2731,utilidades_domesticas,56.0,184.0,1.0,5400.0,36.0,15.0,29.0,2016-01-01 00:00:00.000000,2026-08-27T05:17:09.287600+00:00,D:/D drive recovery/Shiva JH/Projects/OneLake Medallion/data/landing/_reference/products.parquet,_reference
5a168adb8f812ea06dbbfaaa3bae7986,fashion_bolsas_e_acessorios,25.0,395.0,2.0,200.0,16.0,12.0,16.0,2016-01-01 00:00:00.000000,2026-08-27T05:17:09.287600+00:00,D:/D drive recovery/Shiva JH/Projects/OneLake Medallion/data/landing/_reference/products.parquet,_reference
7a10781637204d8d10485c71a6108a2e,relogios_presentes,42.0,236.0,1.0,342.0,18.0,13.0,15.0,2016-01-01 00:00:00.000000,2026-08-27T05:17:09.287600+00:00,D:/D drive recovery/Shiva JH/Projects/OneLake Medallion/data/landing/_reference/products.parquet,_reference
063daeb82f41e36a160549515ef28e75,cama_mesa_banho,56.0,255.0,1.0,1975.0,43.0,10.0,33.0,2016-01-01 00:00:00.000000,2026-08-27T05:17:09.287600+00:00,D:/D drive recovery/Shiva JH/Projects/OneLake Medallion/data/landing/_reference/products.parquet,_reference
859c76e39d1772297ad710c70f15cf34,moveis_decoracao,57.0,1203.0,2.0,600.0,20.0,28.0,12.0,2016-01-01 00:00:00.000000,2026-08-27T05:17:09.287600+00:00,D:/D drive recovery/Shiva JH/Projects/OneLake Medallion/data/landing/_reference/products.parquet,_reference
98a8c2fa16d7239c606640f5555768e4,ferramentas_jardim,39.0,500.0,1.0,8325.0,43.0,14.0,33.0,2016-01-01 00:00:00.000000,2026-08-27T05:17:09.287600+00:00,D:/D drive recovery/Shiva JH/Projects/OneLake Medallion/data/landing/_reference/products.parquet,_reference
9111e84f174a6bef20d95fa5d5f8dde2,cama_mesa_banho,53.0,811.0,1.0,1625.0,43.0,8.0,31.0,2016-01-01 00:00:00.000000,2026-08-27T05:17:09.287600+00:00,D:/D drive recovery/Shiva JH/Projects/OneLake Medallion/data/landing/_reference/products.parquet,_reference
44a34214a57dc373dcd80f54c919d006,esporte_lazer,21.0,207.0,2.0,350.0,67.0,15.0,15.0,2016-01-01 00:00:00.000000,2026-08-27T05:17:09.287600+00:00,D:/D drive recovery/Shiva JH/Projects/OneLake Medallion/data/landing/_reference/products.parquet,_reference
d1f8238b6028d483af2329cb63cc9bfd,moveis_sala,44.0,428.0,3.0,6300.0,50.0,10.0,50.0,2016-01-01 00:00:00.000000,2026-08-27T05:17:09.287600+00:00,D:/D drive recovery/Shiva JH/Projects/OneLake Medallion/data/landing/_reference/products.parquet,_reference
717ce88f14ebb225f2c395c8c41cde09,beleza_saude,40.0,188.0,5.0,200.0,19.0,11.0,23.0,2016-01-01 00:00:00.000000,2026-08-27T05:17:09.287600+00:00,D:/D drive recovery/Shiva JH/Projects/OneLake Medallion/data/landing/_reference/products.parquet,_reference
fcb0e3bd6245e82cb0203dca6c126e43,informatica_acessorios,37.0,100.0,1.0,200.0,60.0,11.0,11.0,2016-01-01 00:00:00.000000,2026-08-27T05:17:09.287600+00:00,D:/D drive recovery/Shiva JH/Projects/OneLake Medallion/data/landing/_reference/products.parquet,_reference
88d6c305d09a6fdc1c34cb51942a280c,,,,,100.0,16.0,2.0,11.0,2016-01-01 00:00:00.000000,2026-08-27T05:17:09.287600+00:00,D:/D drive recovery/Shiva JH/Projects/OneLake Medallion/data/landing/_reference/products.parquet,_reference
1750753e77dc38c4afe6fc90f02c39bc,brinquedos,48.0,633.0,4.0,600.0,22.0,12.0,12.0,2016-01-01 00:00:00.000000,2026-08-27T05:17:09.287600+00:00,D:/D drive recovery/Shiva JH/Projects/OneLake Medallion/data/landing/_reference/products.parquet,_reference
030f129f7f4681d3996e2531840057af,cama_mesa_banho,55.0,844.0,1.0,800.0,25.0,5.0,25.0,2016-01-01 00:00:00.000000,2026-08-27T05:17:09.287600+00:00,D:/D drive recovery/Shiva JH/Projects/OneLake Medallion/data/landing/_reference/products.parquet,_reference
f1fe595ee7ef768b41bd9b246d13432d,ferramentas_jardim,52.0,1292.0,7.0,1900.0,17.0,13.0,31.0,2016-01-01 00:00:00.000000,2026-08-27T05:17:09.287600+00:00,D:/D drive recovery/Shiva JH/Projects/OneLake Medallion/data/landing/_reference/products.parquet,_reference
c384e8f1f1c380ef1dbafaf080ba25fc,esporte_lazer,58.0,361.0,4.0,500.0,25.0,25.0,25.0,2016-01-01 00:00:00.000000,2026-08-27T05:17:09.287600+00:00,D:/D drive recovery/Shiva JH/Projects/OneLake Medallion/data/landing/_reference/products.parquet,_reference
eab67bf937aaadc19f83383a331d2dd9,moveis_escritorio,53.0,1199.0,1.0,10975.0,53.0,51.0,18.0,2016-01-01 00:00:00.000000,2026-08-27T05:17:09.287600+00:00,D:/D drive recovery/Shiva JH/Projects/OneLake Medallion/data/landing/_reference/products.parquet,_reference
ac8d637154b9a2717786c0f933d4c7da,esporte_lazer,54.0,1375.0,3.0,650.0,18.0,8.0,15.0,2016-01-01 00:00:00.000000,2026-08-27T05:17:09.287600+00:00,D:/D drive recovery/Shiva JH/Projects/OneLake Medallion/data/landing/_reference/products.parquet,_reference
91442659f31ec0f0fc73215e77854fac,relogios_presentes,60.0,661.0,5.0,300.0,16.0,2.0,11.0,2016-01-01 00:00:00.000000,2026-08-27T05:17:09.287600+00:00,D:/D drive recovery/Shiva JH/Projects/OneLake Medallion/data/landing/_reference/products.parquet,_reference
474bb6b54fc608ca71059a6c4f7ecda3,eletronicos,43.0,538.0,1.0,150.0,30.0,10.0,20.0,2016-01-01 00:00:00.000000,2026-08-27T05:17:09.287600+00:00,D:/D drive recovery/Shiva JH/Projects/OneLake Medallion/data/landing/_reference/products.parquet,_reference
41fbde40144efcd09db07250981d7b93,automotivo,51.0,840.0,1.0,5500.0,45.0,20.0,45.0,2016-01-01 00:00:00.000000,2026-08-27T05:17:09.287600+00:00,D:/D drive recovery/Shiva JH/Projects/OneLake Medallion/data/landing/_reference/products.parquet,_reference
97c6f57881227cc97e87be3e34f108f8,esporte_lazer,56.0,2580.0,2.0,1450.0,20.0,25.0,20.0,2016-01-01 00:00:00.000000,2026-08-27T05:17:09.287600+00:00,D:/D drive recovery/Shiva JH/Projects/OneLake Medallion/data/landing/_reference/products.parquet,_reference
ac22fcbcbea874d9ad03849f997ffa27,fashion_bolsas_e_acessorios,49.0,751.0,1.0,200.0,16.0,2.0,11.0,2016-01-01 00:00:00.000000,2026-08-27T05:17:09.287600+00:00,D:/D drive recovery/Shiva JH/Projects/OneLake Medallion/data/landing/_reference/products.parquet,_reference
a5e66fadbb9b49dffdbf63675436a332,esporte_lazer,57.0,2717.0,2.0,163.0,21.0,12.0,14.0,2016-01-01 00:00:00.000000,2026-08-27T05:17:09.287600+00:00,D:/D drive recovery/Shiva JH/Projects/OneLake Medallion/data/landing/_reference/products.parquet,_reference
e28fdc5f658be194523b68dfbeb186cb,beleza_saude,44.0,421.0,1.0,300.0,16.0,20.0,11.0,2016-01-01 00:00:00.000000,2026-08-27T05:17:09.287600+00:00,D:/D drive recovery/Shiva JH/Projects/OneLake Medallion/data/landing/_reference/products.parquet,_reference
d04857e7b4b708ee8b8b9921163edba3,informatica_acessorios,33.0,1127.0,2.0,450.0,16.0,4.0,20.0,2016-01-01 00:00:00.000000,2026-08-27T05:17:09.287600+00:00,D:/D drive recovery/Shiva JH/Projects/OneLake Medallion/data/landing/_reference/products.parquet,_reference
fcf28afb1353f2f12ea041dd74954226,telefonia,59.0,818.0,5.0,300.0,17.0,4.0,12.0,2016-01-01 00:00:00.000000,2026-08-27T05:17:09.287600+00:00,D:/D drive recovery/Shiva JH/Projects/OneLake Medallion/data/landing/_reference/products.parquet,_reference
ca349c4d87c594b4995fcc4fa9c0b77b,beleza_saude,45.0,374.0,3.0,200.0,20.0,3.0,30.0,2016-01-01 00:00:00.000000,2026-08-27T05:17:09.287600+00:00,D:/D drive recovery/Shiva JH/Projects/OneLake Medallion/data/landing/_reference/products.parquet,_reference
f29675e9d91d8e0451ced31708497904,bebes,41.0,1271.0,1.0,6200.0,40.0,35.0,35.0,2016-01-01 00:00:00.000000,2026-08-27T05:17:09.287600+00:00,D:/D drive recovery/Shiva JH/Projects/OneLake Medallion/data/landing/_reference/products.parquet,_reference
47488bf996fd46283813059897e71e1e,fraldas_higiene,42.0,935.0,3.0,750.0,28.0,15.0,12.0,2016-01-01 00:00:00.000000,2026-08-27T05:17:09.287600+00:00,D:/D drive recovery/Shiva JH/Projects/OneLake Medallion/data/landing/_reference/products.parquet,_reference
94e6d7727bd670351f1a806a221d1dba,cama_mesa_banho,55.0,134.0,2.0,1300.0,50.0,5.0,50.0,2016-01-01 00:00:00.000000,2026-08-27T05:17:09.287600+00:00,D:/D drive recovery/Shiva JH/Projects/OneLake Medallion/data/landing/_reference/products.parquet,_reference
61038607552ec7c9d5a534afcde11b4e,perfumaria,38.0,263.0,1.0,125.0,23.0,13.0,23.0,2016-01-01 00:00:00.000000,2026-08-27T05:17:09.287600+00:00,D:/D drive recovery/Shiva JH/Projects/OneLake Medallion/data/landing/_reference/products.parquet,_reference
a4bc24bcb44abb54f2f6214991dcdab0,utilidades_domesticas,59.0,1104.0,2.0,1450.0,37.0,11.0,32.0,2016-01-01 00:00:00.000000,2026-08-27T05:17:09.287600+00:00,D:/D drive recovery/Shiva JH/Projects/OneLake Medallion/data/landing/_reference/products.parquet,_reference
8615de1fb2a899d19d56e5ce1fd92312,moveis_decoracao,51.0,184.0,1.0,8550.0,40.0,32.0,40.0,2016-01-01 00:00:00.000000,2026-08-27T05:17:09.287600+00:00,D:/D drive recovery/Shiva JH/Projects/OneLake Medallion/data/landing/_reference/products.parquet,_reference
5c5585c687a0293f10bb748c13cacc71,informatica_acessorios,51.0,194.0,1.0,214.0,18.0,14.0,13.0,2016-01-01 00:00:00.000000,2026-08-27T05:17:09.287600+00:00,D:/D drive recovery/Shiva JH/Projects/OneLake Medallion/data/landing/_reference/products.parquet,_reference
9dfb2984ab775b6175202b9e9e678641,utilidades_domesticas,41.0,859.0,3.0,750.0,16.0,16.0,16.0,2016-01-01 00:00:00.000000,2026-08-27T05:17:09.287600+00:00,D:/D drive recovery/Shiva JH/Projects/OneLake Medallion/data/landing/_reference/products.parquet,_reference
6bda6606bb4db26fb219523d6fd40869,fashion_bolsas_e_acessorios,40.0,508.0,3.0,250.0,16.0,5.0,11.0,2016-01-01 00:00:00.000000,2026-08-27T05:17:09.287600+00:00,D:/D drive recovery/Shiva JH/Projects/OneLake Medallion/data/landing/_reference/products.parquet,_reference
caf1ca4c82e6ab734903a3407795f556,informatica_acessorios,56.0,732.0,3.0,225.0,16.0,13.0,11.0,2016-01-01 00:00:00.000000,2026-08-27T05:17:09.287600+00:00,D:/D drive recovery/Shiva JH/Projects/OneLake Medallion/data/landing/_reference/products.parquet,_reference
16d096faa27582985f849f08370cf1ed,agro_industria_e_comercio,50.0,1153.0,1.0,4050.0,11.0,18.0,10.0,2016-01-01 00:00:00.000000,2026-08-27T05:17:09.287600+00:00,D:/D drive recovery/Shiva JH/Projects/OneLake Medallion/data/landing/_reference/products.parquet,_reference
fc1d8637c0268af3db482c14b7ef8e75,cama_mesa_banho,60.0,269.0,1.0,1700.0,34.0,7.0,32.0,2016-01-01 00:00:00.000000,2026-08-27T05:17:09.287600+00:00,D:/D drive recovery/Shiva JH/Projects/OneLake Medallion/data/landing/_reference/products.parquet,_reference
fd60771c56d987cda1dc0169f4452e65,automotivo,59.0,1066.0,5.0,100.0,24.0,2.0,17.0,2016-01-01 00:00:00.000000,2026-08-27T05:17:09.287600+00:00,D:/D drive recovery/Shiva JH/Projects/OneLake Medallion/data/landing/_reference/products.parquet,_reference
71e239fbeffa264767d6a1210b933e02,fashion_bolsas_e_acessorios,48.0,357.0,5.0,150.0,16.0,9.0,11.0,2016-01-01 00:00:00.000000,2026-08-27T05:17:09.287600+00:00,D:/D drive recovery/Shiva JH/Projects/OneLake Medallion/data/landing/_reference/products.parquet,_reference
02ed3b595447e948efc3eac897e4df0e,cama_mesa_banho,30.0,413.0,2.0,725.0,31.0,7.0,31.0,2016-01-01 00:00:00.000000,2026-08-27T05:17:09.287600+00:00,D:/D drive recovery/Shiva JH/Projects/OneLake Medallion/data/landing/_reference/products.parquet,_reference
0b5c6dd6ca91fd2a318e99749b0ea57d,utilidades_domesticas,63.0,429.0,3.0,700.0,30.0,5.0,25.0,2016-01-01 00:00:00.000000,2026-08-27T05:17:09.287600+00:00,D:/D drive recovery/Shiva JH/Projects/OneLake Medallion/data/landing/_reference/products.parquet,_reference
a02d0123079f4ae96001ba2010d1a2df,construcao_ferramentas_iluminacao,57.0,771.0,1.0,12000.0,45.0,35.0,45.0,2016-01-01 00:00:00.000000,2026-08-27T05:17:09.287600+00:00,D:/D drive recovery/Shiva JH/Projects/OneLake Medallion/data/landing/_reference/products.parquet,_reference
7f723c53515b44e16b93397c4149afdc,cama_mesa_banho,57.0,284.0,1.0,9625.0,50.0,30.0,35.0,2016-01-01 00:00:00.000000,2026-08-27T05:17:09.287600+00:00,D:/D drive recovery/Shiva JH/Projects/OneLake Medallion/data/landing/_reference/products.parquet,_reference
b40f2e02089486d971fe39108eacc283,informatica_acessorios,58.0,1184.0,6.0,950.0,22.0,10.0,15.0,2016-01-01 00:00:00.000000,2026-08-27T05:17:09.287600+00:00,D:/D drive recovery/Shiva JH/Projects/OneLake Medallion/data/landing/_reference/products.parquet,_reference
45cfee87da128a8f939226bedd92a72d,pet_shop,55.0,703.0,1.0,1500.0,50.0,30.0,33.0,2016-01-01 00:00:00.000000,2026-08-27T05:17:09.287600+00:00,D:/D drive recovery/Shiva JH/Projects/OneLake Medallion/data/landing/_reference/products.parquet,_reference
faa69a3ce59a6d1484410df55a93444b,bebes,29.0,1450.0,3.0,700.0,20.0,9.0,14.0,2016-01-01 00:00:00.000000,2026-08-27T05:17:09.287600+00:00,D:/D drive recovery/Shiva JH/Projects/OneLake Medallion/data/landing/_reference/products.parquet,_reference
5c92f9ec6027c92a5293a46e9175e817,eletroportateis,60.0,1201.0,1.0,600.0,28.0,21.0,22.0,2016-01-01 00:00:00.000000,2026-08-27T05:17:09.287600+00:00,D:/D drive recovery/Shiva JH/Projects/OneLake Medallion/data/landing/_reference/products.parquet,_reference
38560b1377928e08fecfe544848a0fb2,eletrodomesticos_2,59.0,1101.0,2.0,400.0,16.0,7.0,16.0,2016-01-01 00:00:00.000000,2026-08-27T05:17:09.287600+00:00,D:/D drive recovery/Shiva JH/Projects/OneLake Medallion/data/landing/_reference/products.parquet,_reference
d189fbf8b5d79a670cebcaaad68d77b2,papelaria,49.0,453.0,1.0,3000.0,30.0,10.0,30.0,2016-01-01 00:00:00.000000,2026-08-27T05:17:09.287600+00:00,D:/D drive recovery/Shiva JH/Projects/OneLake Medallion/data/landing/_reference/products.parquet,_reference
f48b7a74ac33f4a15d4dcf0b549ec7a8,automotivo,59.0,651.0,5.0,5300.0,78.0,4.0,47.0,2016-01-01 00:00:00.000000,2026-08-27T05:17:09.287600+00:00,D:/D drive recovery/Shiva JH/Projects/OneLake Medallion/data/landing/_reference/products.parquet,_reference
5dee2c14e1989141e15d341d4c62d72a,esporte_lazer,56.0,859.0,1.0,353.0,23.0,15.0,16.0,2016-01-01 00:00:00.000000,2026-08-27T05:17:09.287600+00:00,D:/D drive recovery/Shiva JH/Projects/OneLake Medallion/data/landing/_reference/products.parquet,_reference
e71ce72b19b83080d97cf4f06c90d096,esporte_lazer,57.0,1537.0,5.0,400.0,30.0,16.0,16.0,2016-01-01 00:00:00.000000,2026-08-27T05:17:09.287600+00:00,D:/D drive recovery/Shiva JH/Projects/OneLake Medallion/data/landing/_reference/products.parquet,_reference
3e7d7087ff8bbc0e9568b56ba3504a34,beleza_saude,44.0,519.0,1.0,700.0,27.0,9.0,18.0,2016-01-01 00:00:00.000000,2026-08-27T05:17:09.287600+00:00,D:/D drive recovery/Shiva JH/Projects/OneLake Medallion/data/landing/_reference/products.parquet,_reference
9b1e33523029f6bde0a3fbe99d793cf4,cool_stuff,48.0,728.0,2.0,83.0,22.0,10.0,16.0,2016-01-01 00:00:00.000000,2026-08-27T05:17:09.287600+00:00,D:/D drive recovery/Shiva JH/Projects/OneLake Medallion/data/landing/_reference/products.parquet,_reference
a4c1d75f5db22319df894cf3f4609b81,pet_shop,53.0,1121.0,5.0,450.0,40.0,20.0,30.0,2016-01-01 00:00:00.000000,2026-08-27T05:17:09.287600+00:00,D:/D drive recovery/Shiva JH/Projects/OneLake Medallion/data/landing/_reference/products.parquet,_reference
85fd14e978b92176dd210c046abc3540,esporte_lazer,60.0,1201.0,1.0,200.0,16.0,16.0,16.0,2016-01-01 00:00:00.000000,2026-08-27T05:17:09.287600+00:00,D:/D drive recovery/Shiva JH/Projects/OneLake Medallion/data/landing/_reference/products.parquet,_reference
5096c7c3620e53dda164502e228d4779,,,,,400.0,19.0,8.0,13.0,2016-01-01 00:00:00.000000,2026-08-27T05:17:09.287600+00:00,D:/D drive recovery/Shiva JH/Projects/OneLake Medallion/data/landing/_reference/products.parquet,_reference
5c692818d313aa12864b48ac0c2472c2,relogios_presentes,56.0,167.0,3.0,200.0,16.0,2.0,11.0,2016-01-01 00:00:00.000000,2026-08-27T05:17:09.287600+00:00,D:/D drive recovery/Shiva JH/Projects/OneLake Medallion/data/landing/_reference/products.parquet,_reference
8b27cbcf8e5472830ab6ec2bd7a6b867,utilidades_domesticas,49.0,409.0,1.0,2600.0,62.0,42.0,13.0,2016-01-01 00:00:00.000000,2026-08-27T05:17:09.287600+00:00,D:/D drive recovery/Shiva JH/Projects/OneLake Medallion/data/landing/_reference/products.parquet,_reference
b365e38a72a4fa2b2cd83e14c0b51754,esporte_lazer,55.0,439.0,4.0,400.0,24.0,17.0,20.0,2016-01-01 00:00:00.000000,2026-08-27T05:17:09.287600+00:00,D:/D drive recovery/Shiva JH/Projects/OneLake Medallion/data/landing/_reference/products.parquet,_reference
a4d44eb9f68b301db3a15c9a346f395c,malas_acessorios,56.0,730.0,3.0,3700.0,37.0,42.0,39.0,2016-01-01 00:00:00.000000,2026-08-27T05:17:09.287600+00:00,D:/D drive recovery/Shiva JH/Projects/OneLake Medallion/data/landing/_reference/products.parquet,_reference
827c4a77226a3e7ef259d61eaa775df9,moveis_decoracao,54.0,439.0,2.0,1300.0,30.0,25.0,25.0,2016-01-01 00:00:00.000000,2026-08-27T05:17:09.287600+00:00,D:/D drive recovery/Shiva JH/Projects/OneLake Medallion/data/landing/_reference/products.parquet,_reference
4247b4b7b6026cb234f47c0b95193997,cama_mesa_banho,59.0,539.0,2.0,3550.0,45.0,15.0,35.0,2016-01-01 00:00:00.000000,2026-08-27T05:17:09.287600+00:00,D:/D drive recovery/Shiva JH/Projects/OneLake Medallion/data/landing/_reference/products.parquet,_reference
5411e9269501a870cabf632f05655131,papelaria,57.0,396.0,3.0,6550.0,38.0,30.0,28.0,2016-01-01 00:00:00.000000,2026-08-27T05:17:09.287600+00:00,D:/D drive recovery/Shiva JH/Projects/OneLake Medallion/data/landing/_reference/products.parquet,_reference
d4fa7c305b2ffd07d12ae5a886b6cb0f,moveis_decoracao,56.0,296.0,3.0,1350.0,100.0,7.0,15.0,2016-01-01 00:00:00.000000,2026-08-27T05:17:09.287600+00:00,D:/D drive recovery/Shiva JH/Projects/OneLake Medallion/data/landing/_reference/products.parquet,_reference
4ac218f276a40201c282dd01401e9bd8,informatica_acessorios,38.0,1386.0,1.0,917.0,30.0,16.0,16.0,2016-01-01 00:00:00.000000,2026-08-27T05:17:09.287600+00:00,D:/D drive recovery/Shiva JH/Projects/OneLake Medallion/data/landing/_reference/products.parquet,_reference
67b0d38a61d8e4c1c1df7d56276302aa,fashion_bolsas_e_acessorios,63.0,655.0,4.0,300.0,16.0,9.0,11.0,2016-01-01 00:00:00.000000,2026-08-27T05:17:09.287600+00:00,D:/D drive recovery/Shiva JH/Projects/OneLake Medallion/data/landing/_reference/products.parquet,_reference
62e2471b884366ac7e2f2b28c3ed62a5,brinquedos,53.0,1606.0,1.0,400.0,16.0,18.0,22.0,2016-01-01 00:00:00.000000,2026-08-27T05:17:09.287600+00:00,D:/D drive recovery/Shiva JH/Projects/OneLake Medallion/data/landing/_reference/products.parquet,_reference
f8328e9125f089a968fc6b36116c4bb9,esporte_lazer,45.0,1418.0,1.0,575.0,20.0,16.0,16.0,2016-01-01 00:00:00.000000,2026-08-27T05:17:09.287600+00:00,D:/D drive recovery/Shiva JH/Projects/OneLake Medallion/data/landing/_reference/products.parquet,_reference
90fe2fe298ee4705129235c33958fea2,esporte_lazer,45.0,157.0,2.0,350.0,24.0,4.0,14.0,2016-01-01 00:00:00.000000,2026-08-27T05:17:09.287600+00:00,D:/D drive recovery/Shiva JH/Projects/OneLake Medallion/data/landing/_reference/products.parquet,_reference
777d2e438a1b645f3aec9bd57e92672c,cama_mesa_banho,58.0,689.0,1.0,950.0,45.0,15.0,35.0,2016-01-01 00:00:00.000000,2026-08-27T05:17:09.287600+00:00,D:/D drive recovery/Shiva JH/Projects/OneLake Medallion/data/landing/_reference/products.parquet,_reference
5f0a49e6e539d4e186eeddfd69db9863,agro_industria_e_comercio,40.0,160.0,1.0,200.0,24.0,13.0,13.0,2016-01-01 00:00:00.000000,2026-08-27T05:17:09.287600+00:00,D:/D drive recovery/Shiva JH/Projects/OneLake Medallion/data/landing/_reference/products.parquet,_reference
9d09afe70e3f77b5999d6199ab66e98f,beleza_saude,55.0,1962.0,1.0,500.0,16.0,13.0,13.0,2016-01-01 00:00:00.000000,2026-08-27T05:17:09.287600+00:00,D:/D drive recovery/Shiva JH/Projects/OneLake Medallion/data/landing/_reference/products.parquet,_reference
1e8c9a649b9c92a2acf771c3168e15b8,cama_mesa_banho,45.0,759.0,1.0,9550.0,33.0,44.0,33.0,2016-01-01 00:00:00.000000,2026-08-27T05:17:09.287600+00:00,D:/D drive recovery/Shiva JH/Projects/OneLake Medallion/data/landing/_reference/products.parquet,_reference
778c4dffd777dbe97f26efe02565df49,livros_interesse_geral,37.0,1287.0,2.0,1900.0,16.0,2.0,11.0,2016-01-01 00:00:00.000000,2026-08-27T05:17:09.287600+00:00,D:/D drive recovery/Shiva JH/Projects/OneLake Medallion/data/landing/_reference/products.parquet,_reference
a5b601f57c1fe288e77100429a1f1b7a,automotivo,50.0,3424.0,5.0,200.0,16.0,5.0,16.0,2016-01-01 00:00:00.000000,2026-08-27T05:17:09.287600+00:00,D:/D drive recovery/Shiva JH/Projects/OneLake Medallion/data/landing/_reference/products.parquet,_reference
f285eba83f21f018d6cf58aceb1a8285,moveis_decoracao,63.0,1052.0,1.0,5900.0,52.0,53.0,18.0,2016-01-01 00:00:00.000000,2026-08-27T05:17:09.287600+00:00,D:/D drive recovery/Shiva JH/Projects/OneLake Medallion/data/landing/_reference/products.parquet,_reference
37bc5c7b7dca15cfcbe282fb0dd0bab3,utilidades_domesticas,55.0,1117.0,1.0,500.0,25.0,25.0,25.0,2016-01-01 00:00:00.000000,2026-08-27T05:17:09.287600+00:00,D:/D drive recovery/Shiva JH/Projects/OneLake Medallion/data/landing/_reference/products.parquet,_reference
f4685661dba7a38783007afb3e5fe8ac,bebes,51.0,737.0,2.0,400.0,29.0,18.0,17.0,2016-01-01 00:00:00.000000,2026-08-27T05:17:09.287600+00:00,D:/D drive recovery/Shiva JH/Projects/OneLake Medallion/data/landing/_reference/products.parquet,_reference
9a63d4ef456702710823c21b8cca0332,automotivo,58.0,567.0,1.0,200.0,16.0,6.0,11.0,2016-01-01 00:00:00.000000,2026-08-27T05:17:09.287600+00:00,D:/D drive recovery/Shiva JH/Projects/OneLake Medallion/data/landing/_reference/products.parquet,_reference
9da950e8c8c482441f1b93955b21c827,cool_stuff,51.0,516.0,1.0,5200.0,37.0,20.0,34.0,2016-01-01 00:00:00.000000,2026-08-27T05:17:09.287600+00:00,D:/D drive recovery/Shiva JH/Projects/OneLake Medallion/data/landing/_reference/products.parquet,_reference
9575c58d6ba5856589c410cef0b3f0e0,,,,,1000.0,20.0,15.0,20.0,2016-01-01 00:00:00.000000,2026-08-27T05:17:09.287600+00:00,D:/D drive recovery/Shiva JH/Projects/OneLake Medallion/data/landing/_reference/products.parquet,_reference
183c95ad186f48c320bbac4643829d3f,fashion_bolsas_e_acessorios,36.0,412.0,5.0,150.0,16.0,5.0,20.0,2016-01-01 00:00:00.000000,2026-08-27T05:17:09.287600+00:00,D:/D drive recovery/Shiva JH/Projects/OneLake Medallion/data/landing/_reference/products.parquet,_reference
1fa968aa921dd9cdf625d5caf8f96654,esporte_lazer,50.0,830.0,1.0,700.0,16.0,15.0,15.0,2016-01-01 00:00:00.000000,2026-08-27T05:17:09.287600+00:00,D:/D drive recovery/Shiva JH/Projects/OneLake Medallion/data/landing/_reference/products.parquet,_reference
55ebae49cf4c0963d5738a39e1e79750,fashion_bolsas_e_acessorios,54.0,588.0,8.0,300.0,22.0,14.0,22.0,2016-01-01 00:00:00.000000,2026-08-27T05:17:09.287600+00:00,D:/D drive recovery/Shiva JH/Projects/OneLake Medallion/data/landing/_reference/products.parquet,_reference
e0f33a3329af6716a0bb47fd7a664439,,,,,200.0,16.0,13.0,14.0,2016-01-01 00:00:00.000000,2026-08-27T05:17:09.287600+00:00,D:/D drive recovery/Shiva JH/Projects/OneLake Medallion/data/landing/_reference/products.parquet,_reference
d67dba1c3b73cd096ec52d02ba7f359a,moveis_decoracao,63.0,682.0,7.0,1650.0,43.0,36.0,25.0,2016-01-01 00:00:00.000000,2026-08-27T05:17:09.287600+00:00,D:/D drive recovery/Shiva JH/Projects/OneLake Medallion/data/landing/_reference/products.parquet,_reference
c9e3b986ab953f3b1f4028bee505deea,construcao_ferramentas_construcao,49.0,504.0,1.0,2550.0,29.0,31.0,30.0,2016-01-01 00:00:00.000000,2026-08-27T05:17:09.287600+00:00,D:/D drive recovery/Shiva JH/Projects/OneLake Medallion/data/landing/_reference/products.parquet,_reference
d81cbbaeb38bdc56879d408d7f607b0e,telefonia,53.0,2384.0,1.0,600.0,21.0,23.0,22.0,2016-01-01 00:00:00.000000,2026-08-27T05:17:09.287600+00:00,D:/D drive recovery/Shiva JH/Projects/OneLake Medallion/data/landing/_reference/products.parquet,_reference
bee2e070c39f3dd2f6883a17a5f0da45,informatica_acessorios,53.0,871.0,4.0,175.0,20.0,20.0,20.0,2016-01-01 00:00:00.000000,2026-08-27T05:17:09.287600+00:00,D:/D drive recovery/Shiva JH/Projects/OneLake Medallion/data/landing/_reference/products.parquet,_reference
65650c84064ff1a79e4a05988f4c3e9f,utilidades_domesticas,57.0,231.0,4.0,975.0,23.0,25.0,23.0,2016-01-01 00:00:00.000000,2026-08-27T05:17:09.287600+00:00,D:/D drive recovery/Shiva JH/Projects/OneLake Medallion/data/landing/_reference/products.parquet,_reference
264aad5ca689ed34e57633f78c5683b4,automotivo,58.0,825.0,1.0,3000.0,28.0,5.0,30.0,2016-01-01 00:00:00.000000,2026-08-27T05:17:09.287600+00:00,D:/D drive recovery/Shiva JH/Projects/OneLake Medallion/data/landing/_reference/products.parquet,_reference
5d2d01b64b76916f0cbe74e407041187,utilidades_domesticas,43.0,297.0,1.0,350.0,25.0,25.0,25.0,2016-01-01 00:00:00.000000,2026-08-27T05:17:09.287600+00:00,D:/D drive recovery/Shiva JH/Projects/OneLake Medallion/data/landing/_reference/products.parquet,_reference
88c20c5a22f2ca169af8cfc2df00a7a2,esporte_lazer,41.0,781.0,4.0,500.0,20.0,20.0,15.0,2016-01-01 00:00:00.000000,2026-08-27T05:17:09.287600+00:00,D:/D drive recovery/Shiva JH/Projects/OneLake Medallion/data/landing/_reference/products.parquet,_reference
3e19791ee3fa124c96da5a87616794ac,automotivo,60.0,447.0,1.0,1500.0,30.0,20.0,60.0,2016-01-01 00:00:00.000000,2026-08-27T05:17:09.287600+00:00,D:/D drive recovery/Shiva JH/Projects/OneLake Medallion/data/landing/_reference/products.parquet,_reference
bb50f2e236e5eea0100680137654686c,beleza_saude,60.0,2644.0,6.0,400.0,34.0,4.0,22.0,2016-01-01 00:00:00.000000,2026-08-27T05:17:09.287600+00:00,D:/D drive recovery/Shiva JH/Projects/OneLake Medallion/data/landing/_reference/products.parquet,_reference
8983a3b149303c013fceabef902e835a,informatica_acessorios,39.0,1193.0,3.0,450.0,16.0,3.0,15.0,2016-01-01 00:00:00.000000,2026-08-27T05:17:09.287600+00:00,D:/D drive recovery/Shiva JH/Projects/OneLake Medallion/data/landing/_reference/products.parquet,_reference
520b149317786c17df69b27c70562c57,beleza_saude,52.0,1649.0,1.0,200.0,22.0,5.0,15.0,2016-01-01 00:00:00.000000,2026-08-27T05:17:09.287600+00:00,D:/D drive recovery/Shiva JH/Projects/OneLake Medallion/data/landing/_reference/products.parquet,_reference
060f0122cdc8f25db4a0d7359fdae7b0,relogios_presentes,50.0,835.0,5.0,250.0,16.0,2.0,11.0,2016-01-01 00:00:00.000000,2026-08-27T05:17:09.287600+00:00,D:/D drive recovery/Shiva JH/Projects/OneLake Medallion/data/landing/_reference/products.parquet,_reference
4c92e541a1ebcea93b97d490990df18a,malas_acessorios,40.0,1070.0,1.0,600.0,90.0,5.0,11.0,2016-01-01 00:00:00.000000,2026-08-27T05:17:09.287600+00:00,D:/D drive recovery/Shiva JH/Projects/OneLake Medallion/data/landing/_reference/products.parquet,_reference
fb927c44d15e24c578f85a862576fd88,utilidades_domesticas,48.0,808.0,1.0,2200.0,30.0,30.0,30.0,2016-01-01 00:00:00.000000,2026-08-27T05:17:09.287600+00:00,D:/D drive recovery/Shiva JH/Projects/OneLake Medallion/data/landing/_reference/products.parquet,_reference
49bc8792049d0d7acedf5e300d68c5b3,brinquedos,11.0,782.0,1.0,300.0,16.0,25.0,15.0,2016-01-01 00:00:00.000000,2026-08-27T05:17:09.287600+00:00,D:/D drive recovery/Shiva JH/Projects/OneLake Medallion/data/landing/_reference/products.parquet,_reference
5d0a7cb413c5b59233c57177fe2f20b0,brinquedos,43.0,695.0,3.0,200.0,16.0,7.0,11.0,2016-01-01 00:00:00.000000,2026-08-27T05:17:09.287600+00:00,D:/D drive recovery/Shiva JH/Projects/OneLake Medallion/data/landing/_reference/products.parquet,_reference
bf040689dafcd49899213b09595b9f2a,esporte_lazer,53.0,873.0,1.0,383.0,16.0,14.0,14.0,2016-01-01 00:00:00.000000,2026-08-27T05:17:09.287600+00:00,D:/D drive recovery/Shiva JH/Projects/OneLake Medallion/data/landing/_reference/products.parquet,_reference
d8bf954d364f9ed61bcb3af7fd78a70d,cama_mesa_banho,51.0,701.0,1.0,1000.0,50.0,12.0,12.0,2016-01-01 00:00:00.000000,2026-08-27T05:17:09.287600+00:00,D:/D drive recovery/Shiva JH/Projects/OneLake Medallion/data/landing/_reference/products.parquet,_reference
521a361808bedd9fffb32181e501e09b,utilidades_domesticas,40.0,220.0,3.0,1200.0,20.0,25.0,20.0,2016-01-01 00:00:00.000000,2026-08-27T05:17:09.287600+00:00,D:/D drive recovery/Shiva JH/Projects/OneLake Medallion/data/landing/_reference/products.parquet,_reference
2d857ab2a090c784ad9de4c8dedac0e8,perfumaria,63.0,466.0,3.0,1100.0,35.0,15.0,17.0,2016-01-01 00:00:00.000000,2026-08-27T05:17:09.287600+00:00,D:/D drive recovery/Shiva JH/Projects/OneLake Medallion/data/landing/_reference/products.parquet,_reference
bf5d132b4d30a18970b8ee7798725af1,moveis_cozinha_area_de_servico_jantar_e_jardim,55.0,831.0,7.0,10800.0,35.0,65.0,35.0,2016-01-01 00:00:00.000000,2026-08-27T05:17:09.287600+00:00,D:/D drive recovery/Shiva JH/Projects/OneLake Medallion/data/landing/_reference/products.parquet,_reference
eed58af018f022f0dbd193a8e81b9321,esporte_lazer,60.0,830.0,7.0,250.0,16.0,10.0,11.0,2016-01-01 00:00:00.000000,2026-08-27T05:17:09.287600+00:00,D:/D drive recovery/Shiva JH/Projects/OneLake Medallion/data/landing/_reference/products.parquet,_reference
fe9dfbe7f974621789683b7b78be2a16,beleza_saude,54.0,1131.0,3.0,5300.0,30.0,24.0,38.0,2016-01-01 00:00:00.000000,2026-08-27T05:17:09.287600+00:00,D:/D drive recovery/Shiva JH/Projects/OneLake Medallion/data/landing/_reference/products.parquet,_reference
23365beed316535b4105bd800c46670e,telefonia,56.0,351.0,1.0,350.0,19.0,4.0,11.0,2016-01-01 00:00:00.000000,2026-08-27T05:17:09.287600+00:00,D:/D drive recovery/Shiva JH/Projects/OneLake Medallion/data/landing/_reference/products.parquet,_reference
0e6e319f54e663147c771705ab5dec67,informatica_acessorios,34.0,323.0,1.0,500.0,20.0,7.0,16.0,2016-01-01 00:00:00.000000,2026-08-27T05:17:09.287600+00:00,D:/D drive recovery/Shiva JH/Projects/OneLake Medallion/data/landing/_reference/products.parquet,_reference
31639956e7fac87ecfd9d608040638bd,cool_stuff,38.0,500.0,1.0,5150.0,90.0,4.0,42.0,2016-01-01 00:00:00.000000,2026-08-27T05:17:09.287600+00:00,D:/D drive recovery/Shiva JH/Projects/OneLake Medallion/data/landing/_reference/products.parquet,_reference
e6d3e381889aa6e9d222ad50cb30ac43,relogios_presentes,36.0,617.0,2.0,480.0,18.0,11.0,14.0,2016-01-01 00:00:00.000000,2026-08-27T05:17:09.287600+00:00,D:/D drive recovery/Shiva JH/Projects/OneLake Medallion/data/landing/_reference/products.parquet,_reference
9a4b54310a69c82a6773791c9099e109,utilidades_domesticas,22.0,332.0,1.0,250.0,34.0,5.0,27.0,2016-01-01 00:00:00.000000,2026-08-27T05:17:09.287600+00:00,D:/D drive recovery/Shiva JH/Projects/OneLake Medallion/data/landing/_reference/products.parquet,_reference
bddc1407637849d18d139b4012e4406a,casa_construcao,38.0,883.0,1.0,2483.0,18.0,14.0,16.0,2016-01-01 00:00:00.000000,2026-08-27T05:17:09.287600+00:00,D:/D drive recovery/Shiva JH/Projects/OneLake Medallion/data/landing/_reference/products.parquet,_reference
cd6efbd49aaf6ab8c3eb9605aae7e942,papelaria,37.0,276.0,3.0,200.0,20.0,20.0,20.0,2016-01-01 00:00:00.000000,2026-08-27T05:17:09.287600+00:00,D:/D drive recovery/Shiva JH/Projects/OneLake Medallion/data/landing/_reference/products.parquet,_reference
4d38a4daf13a87012b73156f834afec0,cama_mesa_banho,44.0,331.0,1.0,300.0,36.0,6.0,26.0,2016-01-01 00:00:00.000000,2026-08-27T05:17:09.287600+00:00,D:/D drive recovery/Shiva JH/Projects/OneLake Medallion/data/landing/_reference/products.parquet,_reference
9663cf1ff5c7ff603be0a27b1cf2dde2,bebes,44.0,271.0,1.0,600.0,25.0,15.0,25.0,2016-01-01 00:00:00.000000,2026-08-27T05:17:09.287600+00:00,D:/D drive recovery/Shiva JH/Projects/OneLake Medallion/data/landing/_reference/products.parquet,_reference
ba74c6b75d2ad7503175809688d5a03c,relogios_presentes,59.0,1088.0,2.0,292.0,17.0,8.0,12.0,2016-01-01 00:00:00.000000,2026-08-27T05:17:09.287600+00:00,D:/D drive recovery/Shiva JH/Projects/OneLake Medallion/data/landing/_reference/products.parquet,_reference
67fe44191fffe358dc237a228fe96430,moveis_decoracao,51.0,1186.0,2.0,700.0,53.0,8.0,11.0,2016-01-01 00:00:00.000000,2026-08-27T05:17:09.287600+00:00,D:/D drive recovery/Shiva JH/Projects/OneLake Medallion/data/landing/_reference/products.parquet,_reference
829874309190054ac199e75205ad6b33,cool_stuff,37.0,1160.0,4.0,100.0,16.0,16.0,16.0,2016-01-01 00:00:00.000000,2026-08-27T05:17:09.287600+00:00,D:/D drive recovery/Shiva JH/Projects/OneLake Medallion/data/landing/_reference/products.parquet,_reference
61ba71a0b111e24da5c8fd2f0e61b0c1,eletroportateis,41.0,2100.0,2.0,4900.0,32.0,39.0,41.0,2016-01-01 00:00:00.000000,2026-08-27T05:17:09.287600+00:00,D:/D drive recovery/Shiva JH/Projects/OneLake Medallion/data/landing/_reference/products.parquet,_reference
aabc408823496d430c4b0b85561403ad,informatica_acessorios,54.0,127.0,2.0,100.0,16.0,8.0,11.0,2016-01-01 00:00:00.000000,2026-08-27T05:17:09.287600+00:00,D:/D drive recovery/Shiva JH/Projects/OneLake Medallion/data/landing/_reference/products.parquet,_reference
5215505db2113a032810c3644c346a38,relogios_presentes,59.0,566.0,2.0,250.0,16.0,2.0,20.0,2016-01-01 00:00:00.000000,2026-08-27T05:17:09.287600+00:00,D:/D drive recovery/Shiva JH/Projects/OneLake Medallion/data/landing/_reference/products.parquet,_reference
909b87db6cb3a7ab26bd03cc59860136,informatica_acessorios,28.0,1111.0,1.0,169.0,16.0,10.0,12.0,2016-01-01 00:00:00.000000,2026-08-27T05:17:09.287600+00:00,D:/D drive recovery/Shiva JH/Projects/OneLake Medallion/data/landing/_reference/products.parquet,_reference
aaa09cd0acd316f7816145408dd73449,fashion_bolsas_e_acessorios,39.0,180.0,5.0,200.0,16.0,12.0,16.0,2016-01-01 00:00:00.000000,2026-08-27T05:17:09.287600+00:00,D:/D drive recovery/Shiva JH/Projects/OneLake Medallion/data/landing/_reference/products.parquet,_reference
90a57d62c9b9f884fae33a10dff953b4,,,,,600.0,20.0,5.0,14.0,2016-01-01 00:00:00.000000,2026-08-27T05:17:09.287600+00:00,D:/D drive recovery/Shiva JH/Projects/OneLake Medallion/data/landing/_reference/products.parquet,_reference
0a07b2c989441aaec80191da39c79c99,relogios_presentes,51.0,691.0,2.0,250.0,18.0,12.0,12.0,2016-01-01 00:00:00.000000,2026-08-27T05:17:09.287600+00:00,D:/D drive recovery/Shiva JH/Projects/OneLake Medallion/data/landing/_reference/products.parquet,_reference
fe2f0ff75805728378c6a8fdc5be7724,fashion_bolsas_e_acessorios,40.0,101.0,1.0,100.0,16.0,10.0,15.0,2016-01-01 00:00:00.000000,2026-08-27T05:17:09.287600+00:00,D:/D drive recovery/Shiva JH/Projects/OneLake Medallion/data/landing/_reference/products.parquet,_reference
054515fd15bc1a2029f10de97ffa9120,esporte_lazer,50.0,799.0,1.0,150.0,18.0,18.0,18.0,2016-01-01 00:00:00.000000,2026-08-27T05:17:09.287600+00:00,D:/D drive recovery/Shiva JH/Projects/OneLake Medallion/data/landing/_reference/products.parquet,_reference
7f064525eaaa1ce9d22c085f7ff5413a,relogios_presentes,50.0,578.0,3.0,250.0,16.0,2.0,20.0,2016-01-01 00:00:00.000000,2026-08-27T05:17:09.287600+00:00,D:/D drive recovery/Shiva JH/Projects/OneLake Medallion/data/landing/_reference/products.parquet,_reference
c3602326cc2e91dc18ad2ae9a575b5e7,pet_shop,39.0,527.0,1.0,317.0,19.0,15.0,17.0,2016-01-01 00:00:00.000000,2026-08-27T05:17:09.287600+00:00,D:/D drive recovery/Shiva JH/Projects/OneLake Medallion/data/landing/_reference/products.parquet,_reference
2ff995aead9c63a1f37a07b3664ead37,moveis_sala,45.0,353.0,1.0,7500.0,61.0,11.0,46.0,2016-01-01 00:00:00.000000,2026-08-27T05:17:09.287600+00:00,D:/D drive recovery/Shiva JH/Projects/OneLake Medallion/data/landing/_reference/products.parquet,_reference
dd5cf159767b4074d203d21283df2ef6,informatica_acessorios,45.0,1215.0,1.0,488.0,19.0,12.0,16.0,2016-01-01 00:00:00.000000,2026-08-27T05:17:09.287600+00:00,D:/D drive recovery/Shiva JH/Projects/OneLake Medallion/data/landing/_reference/products.parquet,_reference
cfdea8fdeffa0be98a7e7d3e1dd71dcd,utilidades_domesticas,38.0,525.0,1.0,15600.0,104.0,10.0,43.0,2016-01-01 00:00:00.000000,2026-08-27T05:17:09.287600+00:00,D:/D drive recovery/Shiva JH/Projects/OneLake Medallion/data/landing/_reference/products.parquet,_reference
59fc88d07b8100b80600e42f3e5ac79d,utilidades_domesticas,37.0,462.0,1.0,1350.0,30.0,8.0,22.0,2016-01-01 00:00:00.000000,2026-08-27T05:17:09.287600+00:00,D:/D drive recovery/Shiva JH/Projects/OneLake Medallion/data/landing/_reference/products.parquet,_reference
b68cf84ede4fd1e14b1740de5b727d55,beleza_saude,47.0,1319.0,2.0,638.0,26.0,13.0,22.0,2016-01-01 00:00:00.000000,2026-08-27T05:17:09.287600+00:00,D:/D drive recovery/Shiva JH/Projects/OneLake Medallion/data/landing/_reference/products.parquet,_reference
4cb6e86e1328e77e20b5f90771683cbe,esporte_lazer,46.0,728.0,1.0,1100.0,22.0,27.0,22.0,2016-01-01 00:00:00.000000,2026-08-27T05:17:09.287600+00:00,D:/D drive recovery/Shiva JH/Projects/OneLake Medallion/data/landing/_reference/products.parquet,_reference
f49e985b4cb2d0543890d6dd00077663,portateis_casa_forno_e_cafe,55.0,1345.0,8.0,9050.0,45.0,33.0,35.0,2016-01-01 00:00:00.000000,2026-08-27T05:17:09.287600+00:00,D:/D drive recovery/Shiva JH/Projects/OneLake Medallion/data/landing/_reference/products.parquet,_reference
56d7faef0f7d847eea91b3302698bcc4,cama_mesa_banho,60.0,233.0,1.0,2600.0,46.0,8.0,38.0,2016-01-01 00:00:00.000000,2026-08-27T05:17:09.287600+00:00,D:/D drive recovery/Shiva JH/Projects/OneLake Medallion/data/landing/_reference/products.parquet,_reference
3454a52c75a86e23aa6c2c2bfc330dc6,pet_shop,46.0,497.0,3.0,200.0,30.0,10.0,17.0,2016-01-01 00:00:00.000000,2026-08-27T05:17:09.287600+00:00,D:/D drive recovery/Shiva JH/Projects/OneLake Medallion/data/landing/_reference/products.parquet,_reference
93a99b40878c0d888fa4f44459fcac05,utilidades_domesticas,39.0,97.0,1.0,200.0,28.0,2.0,11.0,2016-01-01 00:00:00.000000,2026-08-27T05:17:09.287600+00:00,D:/D drive recovery/Shiva JH/Projects/OneLake Medallion/data/landing/_reference/products.parquet,_reference
f0c39c49847d1eab4dae5245694acd3e,telefonia_fixa,63.0,508.0,2.0,400.0,17.0,8.0,13.0,2016-01-01 00:00:00.000000,2026-08-27T05:17:09.287600+00:00,D:/D drive recovery/Shiva JH/Projects/OneLake Medallion/data/landing/_reference/products.parquet,_reference
a2d0bc51c6731d860c169cc9f18b2b7a,cool_stuff,55.0,399.0,2.0,1350.0,36.0,16.0,24.0,2016-01-01 00:00:00.000000,2026-08-27T05:17:09.287600+00:00,D:/D drive recovery/Shiva JH/Projects/OneLake Medallion/data/landing/_reference/products.parquet,_reference
671d1f1a67e731435bc7a91569004038,esporte_lazer,49.0,479.0,1.0,550.0,38.0,28.0,20.0,2016-01-01 00:00:00.000000,2026-08-27T05:17:09.287600+00:00,D:/D drive recovery/Shiva JH/Projects/OneLake Medallion/data/landing/_reference/products.parquet,_reference
56cdfe67fbda57c1dcc752f5f361f981,informatica_acessorios,60.0,511.0,1.0,517.0,22.0,11.0,13.0,2016-01-01 00:00:00.000000,2026-08-27T05:17:09.287600+00:00,D:/D drive recovery/Shiva JH/Projects/OneLake Medallion/data/landing/_reference/products.parquet,_reference
62d8daeee0db3a60c234c2d1bfd10651,cama_mesa_banho,46.0,113.0,1.0,350.0,40.0,4.0,30.0,2016-01-01 00:00:00.000000,2026-08-27T05:17:09.287600+00:00,D:/D drive recovery/Shiva JH/Projects/OneLake Medallion/data/landing/_reference/products.parquet,_reference
abe236a52dbc43e90bad00fe6d794582,cama_mesa_banho,22.0,332.0,1.0,800.0,34.0,17.0,22.0,2016-01-01 00:00:00.000000,2026-08-27T05:17:09.287600+00:00,D:/D drive recovery/Shiva JH/Projects/OneLake Medallion/data/landing/_reference/products.parquet,_reference
e22a9f25f31fca1777a128c2655bbdda,cama_mesa_banho,53.0,294.0,1.0,3450.0,42.0,12.0,40.0,2016-01-01 00:00:00.000000,2026-08-27T05:17:09.287600+00:00,D:/D drive recovery/Shiva JH/Projects/OneLake Medallion/data/landing/_reference/products.parquet,_reference
bb7a5793447637a7bb096f75dd7e5dbe,beleza_saude,46.0,1377.0,1.0,1300.0,25.0,12.0,12.0,2016-01-01 00:00:00.000000,2026-08-27T05:17:09.287600+00:00,D:/D drive recovery/Shiva JH/Projects/OneLake Medallion/data/landing/_reference/products.parquet,_reference
6bb50785f82871dde37ed1666da54bf3,esporte_lazer,35.0,560.0,1.0,200.0,16.0,16.0,11.0,2016-01-01 00:00:00.000000,2026-08-27T05:17:09.287600+00:00,D:/D drive recovery/Shiva JH/Projects/OneLake Medallion/data/landing/_reference/products.parquet,_reference
2423252b2432f1803e4f29e0974c6cf7,brinquedos,60.0,919.0,5.0,1167.0,36.0,20.0,28.0,2016-01-01 00:00:00.000000,2026-08-27T05:17:09.287600+00:00,D:/D drive recovery/Shiva JH/Projects/OneLake Medallion/data/landing/_reference/products.parquet,_reference
86999f823d7791c5796d506ae0ed44ea,ferramentas_jardim,47.0,1157.0,1.0,4250.0,16.0,14.0,11.0,2016-01-01 00:00:00.000000,2026-08-27T05:17:09.287600+00:00,D:/D drive recovery/Shiva JH/Projects/OneLake Medallion/data/landing/_reference/products.parquet,_reference
7c77aa8ae608782aac8e7728acff92fb,pet_shop,64.0,633.0,1.0,1100.0,45.0,15.0,30.0,2016-01-01 00:00:00.000000,2026-08-27T05:17:09.287600+00:00,D:/D drive recovery/Shiva JH/Projects/OneLake Medallion/data/landing/_reference/products.parquet,_reference
2136c70bbe723d338fab53da3c03e6dc,relogios_presentes,55.0,167.0,3.0,200.0,16.0,2.0,11.0,2016-01-01 00:00:00.000000,2026-08-27T05:17:09.287600+00:00,D:/D drive recovery/Shiva JH/Projects/OneLake Medallion/data/landing/_reference/products.parquet,_reference
01da7f08d8327e0b4fab7edaa0c417a4,telefonia,49.0,1019.0,3.0,350.0,16.0,3.0,11.0,2016-01-01 00:00:00.000000,2026-08-27T05:17:09.287600+00:00,D:/D drive recovery/Shiva JH/Projects/OneLake Medallion/data/landing/_reference/products.parquet,_reference
0657f64d203d600602279807d6cb1dd8,beleza_saude,38.0,554.0,1.0,1600.0,35.0,11.0,17.0,2016-01-01 00:00:00.000000,2026-08-27T05:17:09.287600+00:00,D:/D drive recovery/Shiva JH/Projects/OneLake Medallion/data/landing/_reference/products.parquet,_reference
0fe09f32709c79ba4bf19d43c4e49515,,,,,800.0,16.0,9.0,11.0,2016-01-01 00:00:00.000000,2026-08-27T05:17:09.287600+00:00,D:/D drive recovery/Shiva JH/Projects/OneLake Medallion/data/landing/_reference/products.parquet,_reference
1ec3e93251df2e23babb7daa30c52496,esporte_lazer,34.0,231.0,2.0,100.0,16.0,16.0,11.0,2016-01-01 00:00:00.000000,2026-08-27T05:17:09.287600+00:00,D:/D drive recovery/Shiva JH/Projects/OneLake Medallion/data/landing/_reference/products.parquet,_reference
ffc9caf33e2d1e9f44e3e06da19085f7,beleza_saude,22.0,279.0,1.0,2134.0,25.0,22.0,16.0,2016-01-01 00:00:00.000000,2026-08-27T05:17:09.287600+00:00,D:/D drive recovery/Shiva JH/Projects/OneLake Medallion/data/landing/_reference/products.parquet,_reference
848064637fb2f160e5456e94f1f58d5c,cama_mesa_banho,52.0,236.0,1.0,1200.0,38.0,7.0,29.0,2016-01-01 00:00:00.000000,2026-08-27T05:17:09.287600+00:00,D:/D drive recovery/Shiva JH/Projects/OneLake Medallion/data/landing/_reference/products.parquet,_reference
127c0cde3ea832c4c4901159cf902d0e,informatica_acessorios,59.0,3723.0,1.0,750.0,16.0,9.0,12.0,2016-01-01 00:00:00.000000,2026-08-27T05:17:09.287600+00:00,D:/D drive recovery/Shiva JH/Projects/OneLake Medallion/data/landing/_reference/products.parquet,_reference
5dcceb4689c06ac693117bc4296986ef,cama_mesa_banho,59.0,679.0,1.0,1000.0,28.0,14.0,16.0,2016-01-01 00:00:00.000000,2026-08-27T05:17:09.287600+00:00,D:/D drive recovery/Shiva JH/Projects/OneLake Medallion/data/landing/_reference/products.parquet,_reference
2b7aa376a6e728560bddb5558cc48e89,moveis_escritorio,59.0,1296.0,1.0,13388.0,54.0,47.0,28.0,2016-01-01 00:00:00.000000,2026-08-27T05:17:09.287600+00:00,D:/D drive recovery/Shiva JH/Projects/OneLake Medallion/data/landing/_reference/products.parquet,_reference
3d4aa956a54f2ab83acf747c6dfaf428,papelaria,50.0,178.0,2.0,650.0,32.0,32.0,33.0,2016-01-01 00:00:00.000000,2026-08-27T05:17:09.287600+00:00,D:/D drive recovery/Shiva JH/Projects/OneLake Medallion/data/landing/_reference/products.parquet,_reference
928dde0ef8b516ca002e8fd8ff0d8e17,moveis_decoracao,54.0,810.0,2.0,300.0,20.0,11.0,12.0,2016-01-01 00:00:00.000000,2026-08-27T05:17:09.287600+00:00,D:/D drive recovery/Shiva JH/Projects/OneLake Medallion/data/landing/_reference/products.parquet,_reference
9d3bc872d8bb405d3cd5e7a8deaf4fa9,automotivo,36.0,438.0,2.0,250.0,16.0,15.0,11.0,2016-01-01 00:00:00.000000,2026-08-27T05:17:09.287600+00:00,D:/D drive recovery/Shiva JH/Projects/OneLake Medallion/data/landing/_reference/products.parquet,_reference
7cbe94f9b52c88ed1adf7a1300a7b3da,moveis_decoracao,57.0,108.0,11.0,1300.0,40.0,8.0,35.0,2016-01-01 00:00:00.000000,2026-08-27T05:17:09.287600+00:00,D:/D drive recovery/Shiva JH/Projects/OneLake Medallion/data/landing/_reference/products.parquet,_reference
36b9f40522d1eee3f0240111792fac18,utilidades_domesticas,21.0,256.0,3.0,650.0,16.0,15.0,12.0,2016-01-01 00:00:00.000000,2026-08-27T05:17:09.287600+00:00,D:/D drive recovery/Shiva JH/Projects/OneLake Medallion/data/landing/_reference/products.parquet,_reference
952670bc019a73f0933157ec82ff6e4f,cama_mesa_banho,46.0,162.0,5.0,3300.0,60.0,18.0,50.0,2016-01-01 00:00:00.000000,2026-08-27T05:17:09.287600+00:00,D:/D drive recovery/Shiva JH/Projects/OneLake Medallion/data/landing/_reference/products.parquet,_reference
507914b4af243e0589c389ac50545ef6,construcao_ferramentas_construcao,55.0,337.0,1.0,1900.0,21.0,8.0,21.0,2016-01-01 00:00:00.000000,2026-08-27T05:17:09.287600+00:00,D:/D drive recovery/Shiva JH/Projects/OneLake Medallion/data/landing/_reference/products.parquet,_reference
e5220f9798ae3f322484c60a48ec67f9,brinquedos,60.0,623.0,3.0,1500.0,30.0,18.0,22.0,2016-01-01 00:00:00.000000,2026-08-27T05:17:09.287600+00:00,D:/D drive recovery/Shiva JH/Projects/OneLake Medallion/data/landing/_reference/products.parquet,_reference
87283a98b24f9f1ac3a31b631073cf47,fashion_bolsas_e_acessorios,50.0,411.0,5.0,150.0,16.0,5.0,20.0,2016-01-01 00:00:00.000000,2026-08-27T05:17:09.287600+00:00,D:/D drive recovery/Shiva JH/Projects/OneLake Medallion/data/landing/_reference/products.parquet,_reference
5b3b5f9ae84ca9ead3138b199420cc94,brinquedos,48.0,1146.0,7.0,5400.0,20.0,60.0,50.0,2016-01-01 00:00:00.000000,2026-08-27T05:17:09.287600+00:00,D:/D drive recovery/Shiva JH/Projects/OneLake Medallion/data/landing/_reference/products.parquet,_reference
317a06884480d645d7f0bc82455ec277,informatica_acessorios,59.0,1926.0,5.0,650.0,25.0,11.0,15.0,2016-01-01 00:00:00.000000,2026-08-27T05:17:09.287600+00:00,D:/D drive recovery/Shiva JH/Projects/OneLake Medallion/data/landing/_reference/products.parquet,_reference
7cdd05e9483aff93c2c0a41cceb9b445,eletrodomesticos,54.0,335.0,1.0,100.0,18.0,8.0,13.0,2016-01-01 00:00:00.000000,2026-08-27T05:17:09.287600+00:00,D:/D drive recovery/Shiva JH/Projects/OneLake Medallion/data/landing/_reference/products.parquet,_reference
a95e101cee281e7cd36dfef5f80fabfe,agro_industria_e_comercio,48.0,866.0,6.0,9700.0,47.0,70.0,27.0,2016-01-01 00:00:00.000000,2026-08-27T05:17:09.287600+00:00,D:/D drive recovery/Shiva JH/Projects/OneLake Medallion/data/landing/_reference/products.parquet,_reference
ef8856db4e302ad33dc4d91e40f7593c,esporte_lazer,29.0,531.0,2.0,1350.0,41.0,10.0,35.0,2016-01-01 00:00:00.000000,2026-08-27T05:17:09.287600+00:00,D:/D drive recovery/Shiva JH/Projects/OneLake Medallion/data/landing/_reference/products.parquet,_reference
102977ffbec43473f129d2e77b019475,utilidades_domesticas,48.0,514.0,1.0,1138.0,35.0,28.0,24.0,2016-01-01 00:00:00.000000,2026-08-27T05:17:09.287600+00:00,D:/D drive recovery/Shiva JH/Projects/OneLake Medallion/data/landing/_reference/products.parquet,_reference
f6a4cf51bd4911bee9e0308879e005fd,utilidades_domesticas,31.0,802.0,2.0,200.0,16.0,30.0,11.0,2016-01-01 00:00:00.000000,2026-08-27T05:17:09.287600+00:00,D:/D drive recovery/Shiva JH/Projects/OneLake Medallion/data/landing/_reference/products.parquet,_reference
c695342500b74ff952db47b541726de1,beleza_saude,25.0,429.0,1.0,200.0,26.0,18.0,11.0,2016-01-01 00:00:00.000000,2026-08-27T05:17:09.287600+00:00,D:/D drive recovery/Shiva JH/Projects/OneLake Medallion/data/landing/_reference/products.parquet,_reference
3d254dd1d443d5c733715c4ccb3d72ce,moveis_decoracao,37.0,962.0,1.0,2050.0,25.0,77.0,15.0,2016-01-01 00:00:00.000000,2026-08-27T05:17:09.287600+00:00,D:/D drive recovery/Shiva JH/Projects/OneLake Medallion/data/landing/_reference/products.parquet,_reference
2c4930c4b284c7b99db2a4c52071a45e,moveis_decoracao,55.0,264.0,1.0,9050.0,35.0,30.0,35.0,2016-01-01 00:00:00.000000,2026-08-27T05:17:09.287600+00:00,D:/D drive recovery/Shiva JH/Projects/OneLake Medallion/data/landing/_reference/products.parquet,_reference
65fd9b358b7ee029fba34839e9c35fdf,informatica_acessorios,50.0,556.0,1.0,350.0,28.0,10.0,37.0,2016-01-01 00:00:00.000000,2026-08-27T05:17:09.287600+00:00,D:/D drive recovery/Shiva JH/Projects/OneLake Medallion/data/landing/_reference/products.parquet,_reference
5ab7d10303d38da7a0ed5c1a534490f0,moveis_decoracao,57.0,373.0,4.0,800.0,37.0,40.0,27.0,2016-01-01 00:00:00.000000,2026-08-27T05:17:09.287600+00:00,D:/D drive recovery/Shiva JH/Projects/OneLake Medallion/data/landing/_reference/products.parquet,_reference
66870cddd12bb52a4bc95468f0bc9fa8,automotivo,60.0,873.0,6.0,2150.0,30.0,25.0,30.0,2016-01-01 00:00:00.000000,2026-08-27T05:17:09.287600+00:00,D:/D drive recovery/Shiva JH/Projects/OneLake Medallion/data/landing/_reference/products.parquet,_reference
0a82c5e3af23bf02899280c8e1f4eea9,eletrodomesticos,60.0,264.0,1.0,1250.0,50.0,2.0,37.0,2016-01-01 00:00:00.000000,2026-08-27T05:17:09.287600+00:00,D:/D drive recovery/Shiva JH/Projects/OneLake Medallion/data/landing/_reference/products.parquet,_reference
12587360502d12268a9841080015d52a,relogios_presentes,47.0,716.0,2.0,200.0,16.0,12.0,12.0,2016-01-01 00:00:00.000000,2026-08-27T05:17:09.287600+00:00,D:/D drive recovery/Shiva JH/Projects/OneLake Medallion/data/landing/_reference/products.parquet,_reference
6968d8e58726cfe8f9677155ffc6b251,beleza_saude,57.0,851.0,1.0,3700.0,29.0,17.0,15.0,2016-01-01 00:00:00.000000,2026-08-27T05:17:09.287600+00:00,D:/D drive recovery/Shiva JH/Projects/OneLake Medallion/data/landing/_reference/products.parquet,_reference
de480e3ae31eea2d2d97d694c43172fc,informatica_acessorios,48.0,535.0,4.0,150.0,16.0,5.0,11.0,2016-01-01 00:00:00.000000,2026-08-27T05:17:09.287600+00:00,D:/D drive recovery/Shiva JH/Projects/OneLake Medallion/data/landing/_reference/products.parquet,_reference
ed2067a9c1f79553088a3c67b99a9f97,alimentos,52.0,919.0,1.0,750.0,16.0,12.0,15.0,2016-01-01 00:00:00.000000,2026-08-27T05:17:09.287600+00:00,D:/D drive recovery/Shiva JH/Projects/OneLake Medallion/data/landing/_reference/products.parquet,_reference
9e4a852f41aff52bafff133d9deb5eee,papelaria,55.0,382.0,5.0,5700.0,38.0,30.0,28.0,2016-01-01 00:00:00.000000,2026-08-27T05:17:09.287600+00:00,D:/D drive recovery/Shiva JH/Projects/OneLake Medallion/data/landing/_reference/products.parquet,_reference
f7b39dca4a425dcfd4a8b0b0aac4b7c0,utilidades_domesticas,58.0,296.0,4.0,600.0,18.0,19.0,18.0,2016-01-01 00:00:00.000000,2026-08-27T05:17:09.287600+00:00,D:/D drive recovery/Shiva JH/Projects/OneLake Medallion/data/landing/_reference/products.parquet,_reference
5af8f974918d5e68bc22ea894296adb6,ferramentas_jardim,41.0,674.0,1.0,800.0,19.0,32.0,19.0,2016-01-01 00:00:00.000000,2026-08-27T05:17:09.287600+00:00,D:/D drive recovery/Shiva JH/Projects/OneLake Medallion/data/landing/_reference/products.parquet,_reference
0e10dd7cc1cc793351f0a259df91cdfa,livros_tecnicos,34.0,1403.0,1.0,500.0,17.0,24.0,11.0,2016-01-01 00:00:00.000000,2026-08-27T05:17:09.287600+00:00,D:/D drive recovery/Shiva JH/Projects/OneLake Medallion/data/landing/_reference/products.parquet,_reference
94475071013412139f862c0bd7e3bb37,papelaria,46.0,708.0,3.0,317.0,22.0,14.0,22.0,2016-01-01 00:00:00.000000,2026-08-27T05:17:09.287600+00:00,D:/D drive recovery/Shiva JH/Projects/OneLake Medallion/data/landing/_reference/products.parquet,_reference
edfbb2566914ddd223d3bd6fa1e9693c,cool_stuff,40.0,1114.0,4.0,750.0,20.0,8.0,13.0,2016-01-01 00:00:00.000000,2026-08-27T05:17:09.287600+00:00,D:/D drive recovery/Shiva JH/Projects/OneLake Medallion/data/landing/_reference/products.parquet,_reference
1dceebcc5f23c02ea23e16d5bedca000,cds_dvds_musicais,47.0,117.0,2.0,550.0,35.0,15.0,25.0,2016-01-01 00:00:00.000000,2026-08-27T05:17:09.287600+00:00,D:/D drive recovery/Shiva JH/Projects/OneLake Medallion/data/landing/_reference/products.parquet,_reference
6f842ad54a86bf94d9254744d910ec56,moveis_escritorio,42.0,1089.0,1.0,8925.0,53.0,74.0,18.0,2016-01-01 00:00:00.000000,2026-08-27T05:17:09.287600+00:00,D:/D drive recovery/Shiva JH/Projects/OneLake Medallion/data/landing/_reference/products.parquet,_reference
25b6dee1ad3c218c030f73d5acac19cc,brinquedos,58.0,1222.0,9.0,1050.0,40.0,13.0,29.0,2016-01-01 00:00:00.000000,2026-08-27T05:17:09.287600+00:00,D:/D drive recovery/Shiva JH/Projects/OneLake Medallion/data/landing/_reference/products.parquet,_reference
0b814a3c8fa6dbb849df7c28c1bd6831,moveis_quarto,53.0,530.0,1.0,10700.0,93.0,63.0,11.0,2016-01-01 00:00:00.000000,2026-08-27T05:17:09.287600+00:00,D:/D drive recovery/Shiva JH/Projects/OneLake Medallion/data/landing/_reference/products.parquet,_reference
562f0027bf0b43b487536b01b2002a3e,cama_mesa_banho,25.0,478.0,3.0,1100.0,21.0,29.0,17.0,2016-01-01 00:00:00.000000,2026-08-27T05:17:09.287600+00:00,D:/D drive recovery/Shiva JH/Projects/OneLake Medallion/data/landing/_reference/products.parquet,_reference
b29c9ac1d3d4e8866f6c4ad814ae9591,beleza_saude,18.0,1177.0,1.0,500.0,31.0,11.0,23.0,2016-01-01 00:00:00.000000,2026-08-27T05:17:09.287600+00:00,D:/D drive recovery/Shiva JH/Projects/OneLake Medallion/data/landing/_reference/products.parquet,_reference
a24e985fc6dbd5f0e50b2a013fd72ed4,automotivo,42.0,180.0,1.0,400.0,16.0,2.0,11.0,2016-01-01 00:00:00.000000,2026-08-27T05:17:09.287600+00:00,D:/D drive recovery/Shiva JH/Projects/OneLake Medallion/data/landing/_reference/products.parquet,_reference
ea45888166c303ff6ffc0abfcb52822f,instrumentos_musicais,60.0,1169.0,2.0,18950.0,16.0,26.0,28.0,2016-01-01 00:00:00.000000,2026-08-27T05:17:09.287600+00:00,D:/D drive recovery/Shiva JH/Projects/OneLake Medallion/data/landing/_reference/products.parquet,_reference
163e6400e6dadd0fe04775c5e9331fda,bebes,29.0,462.0,1.0,500.0,47.0,10.0,36.0,2016-01-01 00:00:00.000000,2026-08-27T05:17:09.287600+00:00,D:/D drive recovery/Shiva JH/Projects/OneLake Medallion/data/landing/_reference/products.parquet,_reference
009c09f439988bc06a93d6b8186dce73,perfumaria,39.0,991.0,3.0,150.0,20.0,20.0,20.0,2016-01-01 00:00:00.000000,2026-08-27T05:17:09.287600+00:00,D:/D drive recovery/Shiva JH/Projects/OneLake Medallion/data/landing/_reference/products.parquet,_reference
91846781ef75057e134949400768e272,esporte_lazer,59.0,1732.0,5.0,1550.0,40.0,20.0,20.0,2016-01-01 00:00:00.000000,2026-08-27T05:17:09.287600+00:00,D:/D drive recovery/Shiva JH/Projects/OneLake Medallion/data/landing/_reference/products.parquet,_reference
a5a6a6f715af9f3f16761c445f932103,bebes,37.0,1438.0,4.0,700.0,21.0,10.0,15.0,2016-01-01 00:00:00.000000,2026-08-27T05:17:09.287600+00:00,D:/D drive recovery/Shiva JH/Projects/OneLake Medallion/data/landing/_reference/products.parquet,_reference
b6af4177bdc4b1acc9f8d9d52d614616,beleza_saude,55.0,485.0,1.0,1150.0,35.0,15.0,15.0,2016-01-01 00:00:00.000000,2026-08-27T05:17:09.287600+00:00,D:/D drive recovery/Shiva JH/Projects/OneLake Medallion/data/landing/_reference/products.parquet,_reference
0f1734abf5ee5d3b99353b7ccb117426,relogios_presentes,33.0,194.0,2.0,200.0,18.0,6.0,17.0,2016-01-01 00:00:00.000000,2026-08-27T05:17:09.287600+00:00,D:/D drive recovery/Shiva JH/Projects/OneLake Medallion/data/landing/_reference/products.parquet,_reference
d8d6eb6c89543ae74874e910422e1089,cama_mesa_banho,54.0,365.0,1.0,4550.0,38.0,25.0,25.0,2016-01-01 00:00:00.000000,2026-08-27T05:17:09.287600+00:00,D:/D drive recovery/Shiva JH/Projects/OneLake Medallion/data/landing/_reference/products.parquet,_reference
a076986c6dbcb66fb479167aa5a1b68e,esporte_lazer,47.0,985.0,1.0,900.0,18.0,16.0,15.0,2016-01-01 00:00:00.000000,2026-08-27T05:17:09.287600+00:00,D:/D drive recovery/Shiva JH/Projects/OneLake Medallion/data/landing/_reference/products.parquet,_reference
d3f466b2502b985d472e7f0fb60eb678,cama_mesa_banho,39.0,254.0,1.0,1000.0,50.0,30.0,40.0,2016-01-01 00:00:00.000000,2026-08-27T05:17:09.287600+00:00,D:/D drive recovery/Shiva JH/Projects/OneLake Medallion/data/landing/_reference/products.parquet,_reference
37470d84427730445b3b251bb796d528,eletrodomesticos,53.0,472.0,2.0,125.0,23.0,8.0,13.0,2016-01-01 00:00:00.000000,2026-08-27T05:17:09.287600+00:00,D:/D drive recovery/Shiva JH/Projects/OneLake Medallion/data/landing/_reference/products.parquet,_reference
e3f154094d70c797fdb364c6f7160252,esporte_lazer,52.0,237.0,1.0,200.0,16.0,7.0,11.0,2016-01-01 00:00:00.000000,2026-08-27T05:17:09.287600+00:00,D:/D drive recovery/Shiva JH/Projects/OneLake Medallion/data/landing/_reference/products.parquet,_reference
380b4664ba5bb18cc9db78ee6bac3558,relogios_presentes,44.0,322.0,4.0,250.0,16.0,2.0,11.0,2016-01-01 00:00:00.000000,2026-08-27T05:17:09.287600+00:00,D:/D drive recovery/Shiva JH/Projects/OneLake Medallion/data/landing/_reference/products.parquet,_reference
0ed343b480193b11dbe4dfa81ac98ff1,cama_mesa_banho,63.0,837.0,1.0,1500.0,43.0,5.0,30.0,2016-01-01 00:00:00.000000,2026-08-27T05:17:09.287600+00:00,D:/D drive recovery/Shiva JH/Projects/OneLake Medallion/data/landing/_reference/products.parquet,_reference
6947c3397dae24c49aa4b34b68bf3b09,cama_mesa_banho,38.0,68.0,1.0,300.0,20.0,10.0,15.0,2016-01-01 00:00:00.000000,2026-08-27T05:17:09.287600+00:00,D:/D drive recovery/Shiva JH/Projects/OneLake Medallion/data/landing/_reference/products.parquet,_reference
7cabdd3cd47d37e33d2c6eabff08c1a6,informatica_acessorios,31.0,1078.0,2.0,150.0,39.0,2.0,30.0,2016-01-01 00:00:00.000000,2026-08-27T05:17:09.287600+00:00,D:/D drive recovery/Shiva JH/Projects/OneLake Medallion/data/landing/_reference/products.parquet,_reference
919b08607e72077425654ac5fc0b5528,moveis_decoracao,56.0,279.0,2.0,17250.0,55.0,30.0,55.0,2016-01-01 00:00:00.000000,2026-08-27T05:17:09.287600+00:00,D:/D drive recovery/Shiva JH/Projects/OneLake Medallion/data/landing/_reference/products.parquet,_reference
d103a59e482517dd37f6865b1bf5499d,ferramentas_jardim,55.0,1209.0,3.0,1650.0,25.0,25.0,20.0,2016-01-01 00:00:00.000000,2026-08-27T05:17:09.287600+00:00,D:/D drive recovery/Shiva JH/Projects/OneLake Medallion/data/landing/_reference/products.parquet,_reference
7b717060aa783eb7f23a747a3a733dd7,cool_stuff,46.0,595.0,2.0,500.0,16.0,12.0,22.0,2016-01-01 00:00:00.000000,2026-08-27T05:17:09.287600+00:00,D:/D drive recovery/Shiva JH/Projects/OneLake Medallion/data/landing/_reference/products.parquet,_reference
d97a2cd1d784e47c2ff7e14b54ebb6e2,automotivo,55.0,729.0,2.0,500.0,17.0,21.0,11.0,2016-01-01 00:00:00.000000,2026-08-27T05:17:09.287600+00:00,D:/D drive recovery/Shiva JH/Projects/OneLake Medallion/data/landing/_reference/products.parquet,_reference
19bdd86ca06c5bcaf94fe9e856bd6a3f,brinquedos,51.0,780.0,2.0,2450.0,55.0,21.0,30.0,2016-01-01 00:00:00.000000,2026-08-27T05:17:09.287600+00:00,D:/D drive recovery/Shiva JH/Projects/OneLake Medallion/data/landing/_reference/products.parquet,_reference
bfa3278e134f379b6be461cc463009e3,eletronicos,31.0,925.0,1.0,313.0,17.0,14.0,15.0,2016-01-01 00:00:00.000000,2026-08-27T05:17:09.287600+00:00,D:/D drive recovery/Shiva JH/Projects/OneLake Medallion/data/landing/_reference/products.parquet,_reference
4cc8bfa581f41841ce5e24aba773a44a,cama_mesa_banho,50.0,381.0,1.0,875.0,25.0,18.0,40.0,2016-01-01 00:00:00.000000,2026-08-27T05:17:09.287600+00:00,D:/D drive recovery/Shiva JH/Projects/OneLake Medallion/data/landing/_reference/products.parquet,_reference
3516632e8f52b679ff83d1665ecc990e,informatica_acessorios,45.0,267.0,1.0,167.0,16.0,12.0,13.0,2016-01-01 00:00:00.000000,2026-08-27T05:17:09.287600+00:00,D:/D drive recovery/Shiva JH/Projects/OneLake Medallion/data/landing/_reference/products.parquet,_reference
32a5dd316c0a5ff63e2bdbb820bc1506,cool_stuff,53.0,989.0,4.0,100.0,16.0,7.0,11.0,2016-01-01 00:00:00.000000,2026-08-27T05:17:09.287600+00:00,D:/D drive recovery/Shiva JH/Projects/OneLake Medallion/data/landing/_reference/products.parquet,_reference
a6621d4ee609f3f917d04c11ca8f0161,brinquedos,55.0,889.0,3.0,2800.0,48.0,27.0,18.0,2016-01-01 00:00:00.000000,2026-08-27T05:17:09.287600+00:00,D:/D drive recovery/Shiva JH/Projects/OneLake Medallion/data/landing/_reference/products.parquet,_reference
7f457254a89d62960399e075711b3deb,automotivo,60.0,558.0,6.0,300.0,17.0,4.0,12.0,2016-01-01 00:00:00.000000,2026-08-27T05:17:09.287600+00:00,D:/D drive recovery/Shiva JH/Projects/OneLake Medallion/data/landing/_reference/products.parquet,_reference
dddeb2ee7ac86f0b08c51249f8f329ec,moveis_decoracao,54.0,198.0,5.0,1350.0,30.0,25.0,25.0,2016-01-01 00:00:00.000000,2026-08-27T05:17:09.287600+00:00,D:/D drive recovery/Shiva JH/Projects/OneLake Medallion/data/landing/_reference/products.parquet,_reference
abad2a82d0a25653323cec918ba3e54c,beleza_saude,54.0,1207.0,4.0,2050.0,18.0,8.0,20.0,2016-01-01 00:00:00.000000,2026-08-27T05:17:09.287600+00:00,D:/D drive recovery/Shiva JH/Projects/OneLake Medallion/data/landing/_reference/products.parquet,_reference
1c080978925cd796eb3f7bace4ef4239,construcao_ferramentas_seguranca,55.0,1012.0,1.0,1080.0,24.0,27.0,20.0,2016-01-01 00:00:00.000000,2026-08-27T05:17:09.287600+00:00,D:/D drive recovery/Shiva JH/Projects/OneLake Medallion/data/landing/_reference/products.parquet,_reference
d97cfa719a6198d4a66453e0c6ed596c,fashion_bolsas_e_acessorios,57.0,66.0,1.0,250.0,16.0,2.0,20.0,2016-01-01 00:00:00.000000,2026-08-27T05:17:09.287600+00:00,D:/D drive recovery/Shiva JH/Projects/OneLake Medallion/data/landing/_reference/products.parquet,_reference
a7bf90b233b7fe72d46a97b0cfb3eb33,esporte_lazer,29.0,456.0,2.0,1300.0,29.0,23.0,23.0,2016-01-01 00:00:00.000000,2026-08-27T05:17:09.287600+00:00,D:/D drive recovery/Shiva JH/Projects/OneLake Medallion/data/landing/_reference/products.parquet,_reference
11fd9d7ba552e1d28872e008acf1e050,cool_stuff,31.0,1194.0,3.0,10225.0,19.0,11.0,11.0,2016-01-01 00:00:00.000000,2026-08-27T05:17:09.287600+00:00,D:/D drive recovery/Shiva JH/Projects/OneLake Medallion/data/landing/_reference/products.parquet,_reference
216bb0e0cd43ffd832e0973d35e0377e,construcao_ferramentas_iluminacao,56.0,1082.0,6.0,200.0,16.0,16.0,16.0,2016-01-01 00:00:00.000000,2026-08-27T05:17:09.287600+00:00,D:/D drive recovery/Shiva JH/Projects/OneLake Medallion/data/landing/_reference/products.parquet,_reference
e8e2e3a2e72afdb46b919f47023740e2,moveis_decoracao,60.0,2050.0,2.0,1100.0,69.0,11.0,11.0,2016-01-01 00:00:00.000000,2026-08-27T05:17:09.287600+00:00,D:/D drive recovery/Shiva JH/Projects/OneLake Medallion/data/landing/_reference/products.parquet,_reference
c201a862c6018d402222594d5229c613,automotivo,56.0,916.0,1.0,1675.0,35.0,8.0,23.0,2016-01-01 00:00:00.000000,2026-08-27T05:17:09.287600+00:00,D:/D drive recovery/Shiva JH/Projects/OneLake Medallion/data/landing/_reference/products.parquet,_reference
8db97c571a61d830930cf029a34c33ef,papelaria,51.0,222.0,1.0,5550.0,30.0,45.0,30.0,2016-01-01 00:00:00.000000,2026-08-27T05:17:09.287600+00:00,D:/D drive recovery/Shiva JH/Projects/OneLake Medallion/data/landing/_reference/products.parquet,_reference
ae61923c5593e8c2f7063cf4ffaac4fb,esporte_lazer,52.0,637.0,1.0,300.0,22.0,15.0,22.0,2016-01-01 00:00:00.000000,2026-08-27T05:17:09.287600+00:00,D:/D drive recovery/Shiva JH/Projects/OneLake Medallion/data/landing/_reference/products.parquet,_reference
6cdd53843498f92890544667809f1595,beleza_saude,51.0,625.0,1.0,900.0,25.0,12.0,38.0,2016-01-01 00:00:00.000000,2026-08-27T05:17:09.287600+00:00,D:/D drive recovery/Shiva JH/Projects/OneLake Medallion/data/landing/_reference/products.parquet,_reference
2ddf9184f8aad1f832fdf5ecd1e53a17,perfumaria,58.0,560.0,1.0,650.0,20.0,8.0,20.0,2016-01-01 00:00:00.000000,2026-08-27T05:17:09.287600+00:00,D:/D drive recovery/Shiva JH/Projects/OneLake Medallion/data/landing/_reference/products.parquet,_reference
60f61a8c9946c02343e43b76bd909a86,bebes,26.0,483.0,1.0,11750.0,70.0,22.0,50.0,2016-01-01 00:00:00.000000,2026-08-27T05:17:09.287600+00:00,D:/D drive recovery/Shiva JH/Projects/OneLake Medallion/data/landing/_reference/products.parquet,_reference
969c31fd56d207713e9475c051d984c8,beleza_saude,57.0,312.0,6.0,700.0,25.0,25.0,25.0,2016-01-01 00:00:00.000000,2026-08-27T05:17:09.287600+00:00,D:/D drive recovery/Shiva JH/Projects/OneLake Medallion/data/landing/_reference/products.parquet,_reference
642a40d4d73b4b2604968937de13634a,cama_mesa_banho,43.0,93.0,1.0,250.0,40.0,4.0,30.0,2016-01-01 00:00:00.000000,2026-08-27T05:17:09.287600+00:00,D:/D drive recovery/Shiva JH/Projects/OneLake Medallion/data/landing/_reference/products.parquet,_reference
30674190b5af4d3b447868dff7f6ac61,utilidades_domesticas,57.0,339.0,5.0,6750.0,33.0,35.0,34.0,2016-01-01 00:00:00.000000,2026-08-27T05:17:09.287600+00:00,D:/D drive recovery/Shiva JH/Projects/OneLake Medallion/data/landing/_reference/products.parquet,_reference
cf9255e77d3ca4b5d560e28b2b5185c6,utilidades_domesticas,60.0,223.0,2.0,100.0,21.0,9.0,13.0,2016-01-01 00:00:00.000000,2026-08-27T05:17:09.287600+00:00,D:/D drive recovery/Shiva JH/Projects/OneLake Medallion/data/landing/_reference/products.parquet,_reference
1600dcf1cea8c0c83702e07b577ab231,relogios_presentes,57.0,181.0,4.0,250.0,16.0,2.0,20.0,2016-01-01 00:00:00.000000,2026-08-27T05:17:09.287600+00:00,D:/D drive recovery/Shiva JH/Projects/OneLake Medallion/data/landing/_reference/products.parquet,_reference
c73628b1c3144b2e0c9c88072f21a213,automotivo,60.0,1892.0,2.0,850.0,20.0,9.0,14.0,2016-01-01 00:00:00.000000,2026-08-27T05:17:09.287600+00:00,D:/D drive recovery/Shiva JH/Projects/OneLake Medallion/data/landing/_reference/products.parquet,_reference
417e213344336988e562ccc3975987f4,beleza_saude,59.0,770.0,1.0,1501.0,28.0,24.0,21.0,2016-01-01 00:00:00.000000,2026-08-27T05:17:09.287600+00:00,D:/D drive recovery/Shiva JH/Projects/OneLake Medallion/data/landing/_reference/products.parquet,_reference
29427de7f8a9ee983d9dbc51cec569b4,cool_stuff,54.0,995.0,1.0,4475.0,44.0,24.0,31.0,2016-01-01 00:00:00.000000,2026-08-27T05:17:09.287600+00:00,D:/D drive recovery/Shiva JH/Projects/OneLake Medallion/data/landing/_reference/products.parquet,_reference
d9880e15196711e7f9fe7dabc5f74117,esporte_lazer,35.0,188.0,1.0,385.0,25.0,20.0,20.0,2016-01-01 00:00:00.000000,2026-08-27T05:17:09.287600+00:00,D:/D drive recovery/Shiva JH/Projects/OneLake Medallion/data/landing/_reference/products.parquet,_reference
7fb04722aba7a2b632bac8f9819796f3,beleza_saude,48.0,594.0,1.0,1850.0,24.0,36.0,23.0,2016-01-01 00:00:00.000000,2026-08-27T05:17:09.287600+00:00,D:/D drive recovery/Shiva JH/Projects/OneLake Medallion/data/landing/_reference/products.parquet,_reference
923fd8ff0cec825036dbbfaa8ddda4b0,beleza_saude,45.0,376.0,3.0,800.0,16.0,16.0,16.0,2016-01-01 00:00:00.000000,2026-08-27T05:17:09.287600+00:00,D:/D drive recovery/Shiva JH/Projects/OneLake Medallion/data/landing/_reference/products.parquet,_reference
c4defdb2bce4d658abde5891e3be4bb3,perfumaria,49.0,367.0,2.0,8250.0,38.0,18.0,22.0,2016-01-01 00:00:00.000000,2026-08-27T05:17:09.287600+00:00,D:/D drive recovery/Shiva JH/Projects/OneLake Medallion/data/landing/_reference/products.parquet,_reference
b2e22c958b453a43a650a579dcac2e43,relogios_presentes,45.0,473.0,1.0,438.0,18.0,10.0,14.0,2016-01-01 00:00:00.000000,2026-08-27T05:17:09.287600+00:00,D:/D drive recovery/Shiva JH/Projects/OneLake Medallion/data/landing/_reference/products.parquet,_reference
8fcc1d90544dc9032e38da313cd5d278,consoles_games,43.0,117.0,1.0,180.0,21.0,6.0,17.0,2016-01-01 00:00:00.000000,2026-08-27T05:17:09.287600+00:00,D:/D drive recovery/Shiva JH/Projects/OneLake Medallion/data/landing/_reference/products.parquet,_reference
2741993686da5b94521e019e9181ed1b,esporte_lazer,57.0,862.0,5.0,400.0,30.0,10.0,15.0,2016-01-01 00:00:00.000000,2026-08-27T05:17:09.287600+00:00,D:/D drive recovery/Shiva JH/Projects/OneLake Medallion/data/landing/_reference/products.parquet,_reference
84d587fc7738e0359fa9ec3e9620c45c,automotivo,55.0,1145.0,1.0,1100.0,25.0,20.0,20.0,2016-01-01 00:00:00.000000,2026-08-27T05:17:09.287600+00:00,D:/D drive recovery/Shiva JH/Projects/OneLake Medallion/data/landing/_reference/products.parquet,_reference
b1bd2eebcf90443f4f17e71bb89468a2,esporte_lazer,52.0,520.0,1.0,200.0,16.0,15.0,15.0,2016-01-01 00:00:00.000000,2026-08-27T05:17:09.287600+00:00,D:/D drive recovery/Shiva JH/Projects/OneLake Medallion/data/landing/_reference/products.parquet,_reference
c3097e07a0a5de0d4b4c836d90c5a284,eletronicos,43.0,425.0,1.0,200.0,22.0,11.0,16.0,2016-01-01 00:00:00.000000,2026-08-27T05:17:09.287600+00:00,D:/D drive recovery/Shiva JH/Projects/OneLake Medallion/data/landing/_reference/products.parquet,_reference
82029e5d2411cd3a74021d94ee87d457,telefonia_fixa,51.0,535.0,2.0,508.0,16.0,17.0,17.0,2016-01-01 00:00:00.000000,2026-08-27T05:17:09.287600+00:00,D:/D drive recovery/Shiva JH/Projects/OneLake Medallion/data/landing/_reference/products.parquet,_reference
3ba2b0de14984ce8f072c58be8d701dd,brinquedos,59.0,1164.0,4.0,6133.0,44.0,35.0,48.0,2016-01-01 00:00:00.000000,2026-08-27T05:17:09.287600+00:00,D:/D drive recovery/Shiva JH/Projects/OneLake Medallion/data/landing/_reference/products.parquet,_reference
461f43be3bdf8844e65b62d9ac2c7a5a,relogios_presentes,35.0,591.0,3.0,444.0,20.0,14.0,16.0,2016-01-01 00:00:00.000000,2026-08-27T05:17:09.287600+00:00,D:/D drive recovery/Shiva JH/Projects/OneLake Medallion/data/landing/_reference/products.parquet,_reference
6877393202eb24747508f62474a2c1c7,casa_construcao,53.0,919.0,7.0,800.0,16.0,29.0,16.0,2016-01-01 00:00:00.000000,2026-08-27T05:17:09.287600+00:00,D:/D drive recovery/Shiva JH/Projects/OneLake Medallion/data/landing/_reference/products.parquet,_reference
e19ddcc85537b41f22116c8d5425ef46,moveis_decoracao,48.0,519.0,3.0,700.0,26.0,8.0,22.0,2016-01-01 00:00:00.000000,2026-08-27T05:17:09.287600+00:00,D:/D drive recovery/Shiva JH/Projects/OneLake Medallion/data/landing/_reference/products.parquet,_reference
71835d687609f578b92692f98ab16100,moveis_decoracao,29.0,1698.0,1.0,3500.0,55.0,5.0,40.0,2016-01-01 00:00:00.000000,2026-08-27T05:17:09.287600+00:00,D:/D drive recovery/Shiva JH/Projects/OneLake Medallion/data/landing/_reference/products.parquet,_reference
8ee57a1f636eb2e009706bbdb0818ecc,beleza_saude,50.0,533.0,1.0,700.0,27.0,9.0,18.0,2016-01-01 00:00:00.000000,2026-08-27T05:17:09.287600+00:00,D:/D drive recovery/Shiva JH/Projects/OneLake Medallion/data/landing/_reference/products.parquet,_reference
77feb885b9ca6c9b64934b33e3c0e15e,ferramentas_jardim,54.0,683.0,3.0,6300.0,37.0,15.0,37.0,2016-01-01 00:00:00.000000,2026-08-27T05:17:09.287600+00:00,D:/D drive recovery/Shiva JH/Projects/OneLake Medallion/data/landing/_reference/products.parquet,_reference
6f62dd1f280a651e3334c84c4f1d96b6,perfumaria,57.0,663.0,2.0,1000.0,18.0,10.0,20.0,2016-01-01 00:00:00.000000,2026-08-27T05:17:09.287600+00:00,D:/D drive recovery/Shiva JH/Projects/OneLake Medallion/data/landing/_reference/products.parquet,_reference
4f81e9ee3504409c3c3b4a79b8a80332,brinquedos,16.0,992.0,1.0,1750.0,35.0,20.0,35.0,2016-01-01 00:00:00.000000,2026-08-27T05:17:09.287600+00:00,D:/D drive recovery/Shiva JH/Projects/OneLake Medallion/data/landing/_reference/products.parquet,_reference
9fc0c73ce4d0eaaead44e81eeefebeb0,esporte_lazer,57.0,1949.0,1.0,350.0,21.0,26.0,21.0,2016-01-01 00:00:00.000000,2026-08-27T05:17:09.287600+00:00,D:/D drive recovery/Shiva JH/Projects/OneLake Medallion/data/landing/_reference/products.parquet,_reference
1d2d3b19f5c3d093d4dbccd3cd963a8f,esporte_lazer,46.0,408.0,1.0,2050.0,28.0,22.0,20.0,2016-01-01 00:00:00.000000,2026-08-27T05:17:09.287600+00:00,D:/D drive recovery/Shiva JH/Projects/OneLake Medallion/data/landing/_reference/products.parquet,_reference
979a52ea2c0c4e9e7e7e4a766d4eeda4,cama_mesa_banho,44.0,452.0,1.0,1550.0,35.0,10.0,45.0,2016-01-01 00:00:00.000000,2026-08-27T05:17:09.287600+00:00,D:/D drive recovery/Shiva JH/Projects/OneLake Medallion/data/landing/_reference/products.parquet,_reference
63de2743d05ab59d85caa49e49459ac1,beleza_saude,51.0,951.0,1.0,178.0,18.0,11.0,17.0,2016-01-01 00:00:00.000000,2026-08-27T05:17:09.287600+00:00,D:/D drive recovery/Shiva JH/Projects/OneLake Medallion/data/landing/_reference/products.parquet,_reference
26facbccf840188b92bcc8cb89fe1f64,construcao_ferramentas_construcao,55.0,337.0,1.0,2050.0,21.0,8.0,21.0,2016-01-01 00:00:00.000000,2026-08-27T05:17:09.287600+00:00,D:/D drive recovery/Shiva JH/Projects/OneLake Medallion/data/landing/_reference/products.parquet,_reference
19b25267e01c8587981e55ec96673eba,informatica_acessorios,60.0,1236.0,1.0,350.0,20.0,20.0,20.0,2016-01-01 00:00:00.000000,2026-08-27T05:17:09.287600+00:00,D:/D drive recovery/Shiva JH/Projects/OneLake Medallion/data/landing/_reference/products.parquet,_reference
d42869d5edf603eb87c4b4cb40d11ca1,pet_shop,54.0,459.0,1.0,9200.0,37.0,30.0,39.0,2016-01-01 00:00:00.000000,2026-08-27T05:17:09.287600+00:00,D:/D drive recovery/Shiva JH/Projects/OneLake Medallion/data/landing/_reference/products.parquet,_reference
e878662b68e175a58b5951e44574d5c8,,,,,2000.0,33.0,8.0,23.0,2016-01-01 00:00:00.000000,2026-08-27T05:17:09.287600+00:00,D:/D drive recovery/Shiva JH/Projects/OneLake Medallion/data/landing/_reference/products.parquet,_reference
2b104f2d1b2c3cc5a0cc98c1212e29c9,bebes,35.0,290.0,1.0,345.0,31.0,8.0,12.0,2016-01-01 00:00:00.000000,2026-08-27T05:17:09.287600+00:00,D:/D drive recovery/Shiva JH/Projects/OneLake Medallion/data/landing/_reference/products.parquet,_reference
19421075ae0b585f2dc13ff149e2119d,esporte_lazer,32.0,1797.0,1.0,150.0,16.0,16.0,11.0,2016-01-01 00:00:00.000000,2026-08-27T05:17:09.287600+00:00,D:/D drive recovery/Shiva JH/Projects/OneLake Medallion/data/landing/_reference/products.parquet,_reference
16cb37c8d7713ae295b4c1a92a3f338c,perfumaria,50.0,855.0,1.0,213.0,16.0,12.0,11.0,2016-01-01 00:00:00.000000,2026-08-27T05:17:09.287600+00:00,D:/D drive recovery/Shiva JH/Projects/OneLake Medallion/data/landing/_reference/products.parquet,_reference
ee0c1cf2fbeae95205b4aa506f1469f0,perfumaria,44.0,334.0,1.0,200.0,16.0,16.0,13.0,2016-01-01 00:00:00.000000,2026-08-27T05:17:09.287600+00:00,D:/D drive recovery/Shiva JH/Projects/OneLake Medallion/data/landing/_reference/products.parquet,_reference
11bbef4e2a44601d9dd471aa1fb433e6,beleza_saude,52.0,1222.0,2.0,838.0,28.0,14.0,21.0,2016-01-01 00:00:00.000000,2026-08-27T05:17:09.287600+00:00,D:/D drive recovery/Shiva JH/Projects/OneLake Medallion/data/landing/_reference/products.parquet,_reference
7945bb528c42095fccdf46321742afce,utilidades_domesticas,31.0,536.0,1.0,775.0,44.0,3.0,34.0,2016-01-01 00:00:00.000000,2026-08-27T05:17:09.287600+00:00,D:/D drive recovery/Shiva JH/Projects/OneLake Medallion/data/landing/_reference/products.parquet,_reference
4e1346d7b7e02c737a366b086462e33e,cama_mesa_banho,59.0,477.0,1.0,250.0,16.0,10.0,16.0,2016-01-01 00:00:00.000000,2026-08-27T05:17:09.287600+00:00,D:/D drive recovery/Shiva JH/Projects/OneLake Medallion/data/landing/_reference/products.parquet,_reference
6c3effec7c8ddba466d4f03f982c7aa3,consoles_games,56.0,237.0,3.0,100.0,16.0,12.0,12.0,2016-01-01 00:00:00.000000,2026-08-27T05:17:09.287600+00:00,D:/D drive recovery/Shiva JH/Projects/OneLake Medallion/data/landing/_reference/products.parquet,_reference
b43ceb87eafb3eb7ceab88d9dd8645af,bebes,26.0,446.0,1.0,350.0,27.0,35.0,32.0,2016-01-01 00:00:00.000000,2026-08-27T05:17:09.287600+00:00,D:/D drive recovery/Shiva JH/Projects/OneLake Medallion/data/landing/_reference/products.parquet,_reference
7d490fb7ec6eac63302590beef157c10,construcao_ferramentas_seguranca,59.0,1622.0,4.0,2300.0,30.0,30.0,30.0,2016-01-01 00:00:00.000000,2026-08-27T05:17:09.287600+00:00,D:/D drive recovery/Shiva JH/Projects/OneLake Medallion/data/landing/_reference/products.parquet,_reference
98d61056e0568ba048e5d78038790e77,automotivo,49.0,546.0,1.0,6400.0,63.0,11.0,63.0,2016-01-01 00:00:00.000000,2026-08-27T05:17:09.287600+00:00,D:/D drive recovery/Shiva JH/Projects/OneLake Medallion/data/landing/_reference/products.parquet,_reference
8eb72e039f7857d796c5afe824d0c64c,esporte_lazer,43.0,1185.0,1.0,1600.0,21.0,18.0,18.0,2016-01-01 00:00:00.000000,2026-08-27T05:17:09.287600+00:00,D:/D drive recovery/Shiva JH/Projects/OneLake Medallion/data/landing/_reference/products.parquet,_reference
563d3acc8617b83d2db122e43905a17d,cama_mesa_banho,47.0,789.0,1.0,1950.0,16.0,10.0,16.0,2016-01-01 00:00:00.000000,2026-08-27T05:17:09.287600+00:00,D:/D drive recovery/Shiva JH/Projects/OneLake Medallion/data/landing/_reference/products.parquet,_reference
4fc38c7dd401191c16f9ced89baf4877,cama_mesa_banho,45.0,597.0,1.0,3117.0,44.0,14.0,34.0,2016-01-01 00:00:00.000000,2026-08-27T05:17:09.287600+00:00,D:/D drive recovery/Shiva JH/Projects/OneLake Medallion/data/landing/_reference/products.parquet,_reference
af8acb9fc1592c0d00bf5b8a3d43e8e9,utilidades_domesticas,57.0,582.0,1.0,4550.0,30.0,28.0,28.0,2016-01-01 00:00:00.000000,2026-08-27T05:17:09.287600+00:00,D:/D drive recovery/Shiva JH/Projects/OneLake Medallion/data/landing/_reference/products.parquet,_reference
27e16487e531314a52b2c29f94ce1231,moveis_decoracao,47.0,766.0,4.0,400.0,22.0,6.0,15.0,2016-01-01 00:00:00.000000,2026-08-27T05:17:09.287600+00:00,D:/D drive recovery/Shiva JH/Projects/OneLake Medallion/data/landing/_reference/products.parquet,_reference
e75eb9d7737188be4d7fd8b90b88803e,moveis_decoracao,63.0,114.0,1.0,500.0,24.0,24.0,16.0,2016-01-01 00:00:00.000000,2026-08-27T05:17:09.287600+00:00,D:/D drive recovery/Shiva JH/Projects/OneLake Medallion/data/landing/_reference/products.parquet,_reference
f5c47e637a96fcf0de8c1c6baa75d856,eletronicos,45.0,442.0,1.0,110.0,18.0,8.0,13.0,2016-01-01 00:00:00.000000,2026-08-27T05:17:09.287600+00:00,D:/D drive recovery/Shiva JH/Projects/OneLake Medallion/data/landing/_reference/products.parquet,_reference
38db388d2fc1b20662fcfd3f38b0be28,construcao_ferramentas_construcao,60.0,2060.0,3.0,1700.0,16.0,32.0,34.0,2016-01-01 00:00:00.000000,2026-08-27T05:17:09.287600+00:00,D:/D drive recovery/Shiva JH/Projects/OneLake Medallion/data/landing/_reference/products.parquet,_reference
20090bcd0d43eb49feb63d53d387780b,cool_stuff,63.0,2597.0,10.0,300.0,17.0,17.0,20.0,2016-01-01 00:00:00.000000,2026-08-27T05:17:09.287600+00:00,D:/D drive recovery/Shiva JH/Projects/OneLake Medallion/data/landing/_reference/products.parquet,_reference
3949e64107312670dd261c3d6edbfcea,brinquedos,57.0,904.0,2.0,5300.0,70.0,12.0,40.0,2016-01-01 00:00:00.000000,2026-08-27T05:17:09.287600+00:00,D:/D drive recovery/Shiva JH/Projects/OneLake Medallion/data/landing/_reference/products.parquet,_reference
a6e0877ffaf0725d90e31e4350a3276e,esporte_lazer,42.0,578.0,1.0,100.0,20.0,10.0,15.0,2016-01-01 00:00:00.000000,2026-08-27T05:17:09.287600+00:00,D:/D drive recovery/Shiva JH/Projects/OneLake Medallion/data/landing/_reference/products.parquet,_reference
0693bcecfea57f2ad547d1ff56c7d9ea,cama_mesa_banho,46.0,400.0,1.0,1000.0,35.0,5.0,20.0,2016-01-01 00:00:00.000000,2026-08-27T05:17:09.287600+00:00,D:/D drive recovery/Shiva JH/Projects/OneLake Medallion/data/landing/_reference/products.parquet,_reference
c0737ec7b87906c79f130f39cec3d3ee,cama_mesa_banho,29.0,248.0,1.0,1025.0,35.0,10.0,18.0,2016-01-01 00:00:00.000000,2026-08-27T05:17:09.287600+00:00,D:/D drive recovery/Shiva JH/Projects/OneLake Medallion/data/landing/_reference/products.parquet,_reference
3f4a7c8646dfebf0d04ed19adab8e9cb,cama_mesa_banho,60.0,277.0,1.0,1950.0,37.0,8.0,35.0,2016-01-01 00:00:00.000000,2026-08-27T05:17:09.287600+00:00,D:/D drive recovery/Shiva JH/Projects/OneLake Medallion/data/landing/_reference/products.parquet,_reference
7f55769896fc6596e7251490b8b5e536,moveis_decoracao,45.0,520.0,3.0,450.0,30.0,10.0,25.0,2016-01-01 00:00:00.000000,2026-08-27T05:17:09.287600+00:00,D:/D drive recovery/Shiva JH/Projects/OneLake Medallion/data/landing/_reference/products.parquet,_reference
704ef63ad0ac345842ea734060a83db2,cama_mesa_banho,55.0,249.0,1.0,850.0,38.0,10.0,38.0,2016-01-01 00:00:00.000000,2026-08-27T05:17:09.287600+00:00,D:/D drive recovery/Shiva JH/Projects/OneLake Medallion/data/landing/_reference/products.parquet,_reference
97df097e327bdfd11f7a1061fda6b89d,papelaria,59.0,255.0,3.0,1600.0,18.0,2.0,20.0,2016-01-01 00:00:00.000000,2026-08-27T05:17:09.287600+00:00,D:/D drive recovery/Shiva JH/Projects/OneLake Medallion/data/landing/_reference/products.parquet,_reference
3e8dfc6cfd5a615318051a93140c0286,beleza_saude,51.0,1916.0,1.0,200.0,25.0,9.0,14.0,2016-01-01 00:00:00.000000,2026-08-27T05:17:09.287600+00:00,D:/D drive recovery/Shiva JH/Projects/OneLake Medallion/data/landing/_reference/products.parquet,_reference
014a8a503291921f7b004a5215bb3c36,bebes,37.0,497.0,4.0,150.0,16.0,7.0,11.0,2016-01-01 00:00:00.000000,2026-08-27T05:17:09.287600+00:00,D:/D drive recovery/Shiva JH/Projects/OneLake Medallion/data/landing/_reference/products.parquet,_reference
cef9d587c2c31442c9b95eef617db1f4,telefonia,54.0,838.0,2.0,600.0,16.0,2.0,11.0,2016-01-01 00:00:00.000000,2026-08-27T05:17:09.287600+00:00,D:/D drive recovery/Shiva JH/Projects/OneLake Medallion/data/landing/_reference/products.parquet,_reference
8a8f06e954adeacfeb28b9af2efdc354,bebes,39.0,779.0,2.0,14150.0,52.0,63.0,31.0,2016-01-01 00:00:00.000000,2026-08-27T05:17:09.287600+00:00,D:/D drive recovery/Shiva JH/Projects/OneLake Medallion/data/landing/_reference/products.parquet,_reference
9e91c1a0603362cd90caa2e9f6580bb7,eletroportateis,54.0,1001.0,1.0,2150.0,20.0,25.0,32.0,2016-01-01 00:00:00.000000,2026-08-27T05:17:09.287600+00:00,D:/D drive recovery/Shiva JH/Projects/OneLake Medallion/data/landing/_reference/products.parquet,_reference
e0fddcd9bdfbff9df8a8228f6a6346d7,cine_foto,60.0,2064.0,1.0,200.0,16.0,8.0,11.0,2016-01-01 00:00:00.000000,2026-08-27T05:17:09.287600+00:00,D:/D drive recovery/Shiva JH/Projects/OneLake Medallion/data/landing/_reference/products.parquet,_reference
c319f453652bff80bc8f9f71d87e56c1,bebes,46.0,715.0,6.0,260.0,24.0,19.0,20.0,2016-01-01 00:00:00.000000,2026-08-27T05:17:09.287600+00:00,D:/D drive recovery/Shiva JH/Projects/OneLake Medallion/data/landing/_reference/products.parquet,_reference
495dd714eb32a76c84c675fc016206f6,esporte_lazer,38.0,420.0,1.0,3400.0,85.0,6.0,23.0,2016-01-01 00:00:00.000000,2026-08-27T05:17:09.287600+00:00,D:/D drive recovery/Shiva JH/Projects/OneLake Medallion/data/landing/_reference/products.parquet,_reference
e67307ff0f15ade43fcb6e670be7a74c,beleza_saude,47.0,1474.0,3.0,150.0,43.0,13.0,14.0,2016-01-01 00:00:00.000000,2026-08-27T05:17:09.287600+00:00,D:/D drive recovery/Shiva JH/Projects/OneLake Medallion/data/landing/_reference/products.parquet,_reference
056193fc88b3f131fae751356896b168,utilidades_domesticas,59.0,1996.0,1.0,8950.0,40.0,30.0,40.0,2016-01-01 00:00:00.000000,2026-08-27T05:17:09.287600+00:00,D:/D drive recovery/Shiva JH/Projects/OneLake Medallion/data/landing/_reference/products.parquet,_reference
fbce4c4cb307679d89a3bf3d3bb353b9,cama_mesa_banho,53.0,597.0,1.0,6550.0,30.0,30.0,30.0,2016-01-01 00:00:00.000000,2026-08-27T05:17:09.287600+00:00,D:/D drive recovery/Shiva JH/Projects/OneLake Medallion/data/landing/_reference/products.parquet,_reference
97c58626cc3e15d514d2095f69650220,perfumaria,38.0,242.0,1.0,429.0,20.0,12.0,14.0,2016-01-01 00:00:00.000000,2026-08-27T05:17:09.287600+00:00,D:/D drive recovery/Shiva JH/Projects/OneLake Medallion/data/landing/_reference/products.parquet,_reference
b5adf7b72a7eb667aafd446581c35f3f,relogios_presentes,44.0,234.0,1.0,483.0,17.0,11.0,13.0,2016-01-01 00:00:00.000000,2026-08-27T05:17:09.287600+00:00,D:/D drive recovery/Shiva JH/Projects/OneLake Medallion/data/landing/_reference/products.parquet,_reference
0c7ec2b24166d57ac38a9db523711782,moveis_decoracao,22.0,250.0,1.0,1900.0,23.0,50.0,20.0,2016-01-01 00:00:00.000000,2026-08-27T05:17:09.287600+00:00,D:/D drive recovery/Shiva JH/Projects/OneLake Medallion/data/landing/_reference/products.parquet,_reference
48ee9be392f28ae3a64518a070f4d06a,cama_mesa_banho,52.0,534.0,1.0,700.0,45.0,15.0,35.0,2016-01-01 00:00:00.000000,2026-08-27T05:17:09.287600+00:00,D:/D drive recovery/Shiva JH/Projects/OneLake Medallion/data/landing/_reference/products.parquet,_reference
8279f484b70cb6fb2a87f36e766bd559,cama_mesa_banho,54.0,383.0,1.0,1050.0,50.0,5.0,50.0,2016-01-01 00:00:00.000000,2026-08-27T05:17:09.287600+00:00,D:/D drive recovery/Shiva JH/Projects/OneLake Medallion/data/landing/_reference/products.parquet,_reference
e44f675b60b3a3a2453ec36421e06f0f,esporte_lazer,35.0,1058.0,1.0,350.0,17.0,17.0,17.0,2016-01-01 00:00:00.000000,2026-08-27T05:17:09.287600+00:00,D:/D drive recovery/Shiva JH/Projects/OneLake Medallion/data/landing/_reference/products.parquet,_reference
71f2ce4ae5dfdd3b55a51c7a2d3c4da8,construcao_ferramentas_construcao,52.0,1384.0,3.0,3750.0,40.0,16.0,25.0,2016-01-01 00:00:00.000000,2026-08-27T05:17:09.287600+00:00,D:/D drive recovery/Shiva JH/Projects/OneLake Medallion/data/landing/_reference/products.parquet,_reference
2c190bcce66ae256e9aea5f13cf0f8fa,esporte_lazer,52.0,3245.0,6.0,1350.0,21.0,26.0,24.0,2016-01-01 00:00:00.000000,2026-08-27T05:17:09.287600+00:00,D:/D drive recovery/Shiva JH/Projects/OneLake Medallion/data/landing/_reference/products.parquet,_reference
595fac2a385ac33a80bd5114aec74eb8,perfumaria,29.0,178.0,1.0,400.0,19.0,13.0,19.0,2016-01-01 00:00:00.000000,2026-08-27T05:17:09.287600+00:00,D:/D drive recovery/Shiva JH/Projects/OneLake Medallion/data/landing/_reference/products.parquet,_reference
a92930c327948861c015c919a0bcb4a8,relogios_presentes,59.0,319.0,4.0,250.0,16.0,2.0,20.0,2016-01-01 00:00:00.000000,2026-08-27T05:17:09.287600+00:00,D:/D drive recovery/Shiva JH/Projects/OneLake Medallion/data/landing/_reference/products.parquet,_reference
54405df05005a5933a1a2851d1c69c86,sinalizacao_e_seguranca,44.0,705.0,2.0,750.0,27.0,8.0,22.0,2016-01-01 00:00:00.000000,2026-08-27T05:17:09.287600+00:00,D:/D drive recovery/Shiva JH/Projects/OneLake Medallion/data/landing/_reference/products.parquet,_reference
7b07e5afce1bb1e6fa3ffcdc718d7e69,informatica_acessorios,34.0,1006.0,2.0,175.0,17.0,9.0,15.0,2016-01-01 00:00:00.000000,2026-08-27T05:17:09.287600+00:00,D:/D drive recovery/Shiva JH/Projects/OneLake Medallion/data/landing/_reference/products.parquet,_reference
574597aaf385996112490308e37399ce,utilidades_domesticas,55.0,499.0,1.0,4800.0,22.0,63.0,22.0,2016-01-01 00:00:00.000000,2026-08-27T05:17:09.287600+00:00,D:/D drive recovery/Shiva JH/Projects/OneLake Medallion/data/landing/_reference/products.parquet,_reference
dfbeadbb1840417400f0c7683889a585,relogios_presentes,60.0,897.0,4.0,300.0,19.0,13.0,20.0,2016-01-01 00:00:00.000000,2026-08-27T05:17:09.287600+00:00,D:/D drive recovery/Shiva JH/Projects/OneLake Medallion/data/landing/_reference/products.parquet,_reference
9a36241ab9d33e23d58b50eddb5097c9,moveis_decoracao,60.0,872.0,2.0,2500.0,28.0,20.0,25.0,2016-01-01 00:00:00.000000,2026-08-27T05:17:09.287600+00:00,D:/D drive recovery/Shiva JH/Projects/OneLake Medallion/data/landing/_reference/products.parquet,_reference
66a0a6e02b7f543e5b021ce361f267d4,cool_stuff,45.0,798.0,1.0,1500.0,50.0,40.0,30.0,2016-01-01 00:00:00.000000,2026-08-27T05:17:09.287600+00:00,D:/D drive recovery/Shiva JH/Projects/OneLake Medallion/data/landing/_reference/products.parquet,_reference
b36f3c918c91478c4559160022d3f14e,,,,,300.0,16.0,4.0,11.0,2016-01-01 00:00:00.000000,2026-08-27T05:17:09.287600+00:00,D:/D drive recovery/Shiva JH/Projects/OneLake Medallion/data/landing/_reference/products.parquet,_reference
5c78cd7b50ea28c57bfe6cd09700dcb8,beleza_saude,58.0,1068.0,4.0,863.0,22.0,18.0,14.0,2016-01-01 00:00:00.000000,2026-08-27T05:17:09.287600+00:00,D:/D drive recovery/Shiva JH/Projects/OneLake Medallion/data/landing/_reference/products.parquet,_reference
42a735673c53cddc4fcb42935065465a,cama_mesa_banho,50.0,631.0,1.0,1200.0,16.0,10.0,16.0,2016-01-01 00:00:00.000000,2026-08-27T05:17:09.287600+00:00,D:/D drive recovery/Shiva JH/Projects/OneLake Medallion/data/landing/_reference/products.parquet,_reference
fe59a1e006df3ac42bf0ceb876d70969,informatica_acessorios,60.0,2136.0,1.0,3407.0,28.0,22.0,23.0,2016-01-01 00:00:00.000000,2026-08-27T05:17:09.287600+00:00,D:/D drive recovery/Shiva JH/Projects/OneLake Medallion/data/landing/_reference/products.parquet,_reference
b22be29b1a6f923436642bb5fe433071,utilidades_domesticas,45.0,528.0,3.0,600.0,25.0,10.0,25.0,2016-01-01 00:00:00.000000,2026-08-27T05:17:09.287600+00:00,D:/D drive recovery/Shiva JH/Projects/OneLake Medallion/data/landing/_reference/products.parquet,_reference
dccab0aeed5632473aa1fccf14846b3a,beleza_saude,49.0,493.0,1.0,400.0,19.0,12.0,13.0,2016-01-01 00:00:00.000000,2026-08-27T05:17:09.287600+00:00,D:/D drive recovery/Shiva JH/Projects/OneLake Medallion/data/landing/_reference/products.parquet,_reference
a869ec6209c361ca46dad85a5530e119,esporte_lazer,49.0,1313.0,1.0,2438.0,28.0,31.0,24.0,2016-01-01 00:00:00.000000,2026-08-27T05:17:09.287600+00:00,D:/D drive recovery/Shiva JH/Projects/OneLake Medallion/data/landing/_reference/products.parquet,_reference
7e637e48c425541269e7a45882397f9d,eletrodomesticos,56.0,525.0,2.0,100.0,16.0,16.0,11.0,2016-01-01 00:00:00.000000,2026-08-27T05:17:09.287600+00:00,D:/D drive recovery/Shiva JH/Projects/OneLake Medallion/data/landing/_reference/products.parquet,_reference
d2744565da36ef69f99ed42b0527dab6,beleza_saude,55.0,751.0,2.0,200.0,20.0,10.0,15.0,2016-01-01 00:00:00.000000,2026-08-27T05:17:09.287600+00:00,D:/D drive recovery/Shiva JH/Projects/OneLake Medallion/data/landing/_reference/products.parquet,_reference
4f5459b07e4a3e0897228ccfe3aa474d,utilidades_domesticas,56.0,728.0,5.0,1850.0,20.0,12.0,16.0,2016-01-01 00:00:00.000000,2026-08-27T05:17:09.287600+00:00,D:/D drive recovery/Shiva JH/Projects/OneLake Medallion/data/landing/_reference/products.parquet,_reference
5b668636d65ddf4e4109c6d8fb13ea56,livros_importados,53.0,568.0,1.0,300.0,25.0,2.0,30.0,2016-01-01 00:00:00.000000,2026-08-27T05:17:09.287600+00:00,D:/D drive recovery/Shiva JH/Projects/OneLake Medallion/data/landing/_reference/products.parquet,_reference
f71973c922ccaab05514a36a8bc741b8,malas_acessorios,47.0,482.0,2.0,16100.0,35.0,65.0,44.0,2016-01-01 00:00:00.000000,2026-08-27T05:17:09.287600+00:00,D:/D drive recovery/Shiva JH/Projects/OneLake Medallion/data/landing/_reference/products.parquet,_reference
6cbbcefd974f08f72023c05064d96f27,esporte_lazer,53.0,517.0,2.0,50.0,16.0,3.0,11.0,2016-01-01 00:00:00.000000,2026-08-27T05:17:09.287600+00:00,D:/D drive recovery/Shiva JH/Projects/OneLake Medallion/data/landing/_reference/products.parquet,_reference
a0ab96e461d74537772b84950f26a257,climatizacao,41.0,717.0,1.0,1050.0,18.0,7.0,8.0,2016-01-01 00:00:00.000000,2026-08-27T05:17:09.287600+00:00,D:/D drive recovery/Shiva JH/Projects/OneLake Medallion/data/landing/_reference/products.parquet,_reference
cbc5b9bf8ef22d5d2fdc8aab94b47212,relogios_presentes,42.0,200.0,2.0,500.0,18.0,14.0,17.0,2016-01-01 00:00:00.000000,2026-08-27T05:17:09.287600+00:00,D:/D drive recovery/Shiva JH/Projects/OneLake Medallion/data/landing/_reference/products.parquet,_reference
487fb870bc96e50a68b9428f30649c72,brinquedos,53.0,233.0,2.0,500.0,16.0,9.0,12.0,2016-01-01 00:00:00.000000,2026-08-27T05:17:09.287600+00:00,D:/D drive recovery/Shiva JH/Projects/OneLake Medallion/data/landing/_reference/products.parquet,_reference
9c711b24a6ec15a6cf438a0fa80d25d1,utilidades_domesticas,31.0,1006.0,1.0,850.0,21.0,34.0,34.0,2016-01-01 00:00:00.000000,2026-08-27T05:17:09.287600+00:00,D:/D drive recovery/Shiva JH/Projects/OneLake Medallion/data/landing/_reference/products.parquet,_reference
4e25c62ad96711705df0968522524b7c,papelaria,48.0,127.0,1.0,100.0,16.0,5.0,16.0,2016-01-01 00:00:00.000000,2026-08-27T05:17:09.287600+00:00,D:/D drive recovery/Shiva JH/Projects/OneLake Medallion/data/landing/_reference/products.parquet,_reference
1d33febb6ca114fb1b9490005ee49de6,cama_mesa_banho,57.0,941.0,1.0,8917.0,36.0,27.0,50.0,2016-01-01 00:00:00.000000,2026-08-27T05:17:09.287600+00:00,D:/D drive recovery/Shiva JH/Projects/OneLake Medallion/data/landing/_reference/products.parquet,_reference
c68fdf078b3ec0596bbc5c7ac409e458,cama_mesa_banho,45.0,112.0,1.0,450.0,40.0,4.0,30.0,2016-01-01 00:00:00.000000,2026-08-27T05:17:09.287600+00:00,D:/D drive recovery/Shiva JH/Projects/OneLake Medallion/data/landing/_reference/products.parquet,_reference
0cf41187284d7f099adc8415a743ebbd,bebes,60.0,644.0,1.0,300.0,16.0,16.0,16.0,2016-01-01 00:00:00.000000,2026-08-27T05:17:09.287600+00:00,D:/D drive recovery/Shiva JH/Projects/OneLake Medallion/data/landing/_reference/products.parquet,_reference
af6fa1b762e2da2c65b98be13d87bab5,eletrodomesticos,58.0,157.0,2.0,450.0,20.0,13.0,12.0,2016-01-01 00:00:00.000000,2026-08-27T05:17:09.287600+00:00,D:/D drive recovery/Shiva JH/Projects/OneLake Medallion/data/landing/_reference/products.parquet,_reference
4a90b44b456e79e7a33435fdd36e551f,ferramentas_jardim,64.0,2432.0,4.0,10700.0,32.0,63.0,32.0,2016-01-01 00:00:00.000000,2026-08-27T05:17:09.287600+00:00,D:/D drive recovery/Shiva JH/Projects/OneLake Medallion/data/landing/_reference/products.parquet,_reference
242ec3ff603c92ddc1e59d83b9e40a2d,bebes,49.0,2830.0,1.0,200.0,16.0,5.0,15.0,2016-01-01 00:00:00.000000,2026-08-27T05:17:09.287600+00:00,D:/D drive recovery/Shiva JH/Projects/OneLake Medallion/data/landing/_reference/products.parquet,_reference
d26580768894ea0cdc9f19dc672956c2,utilidades_domesticas,44.0,586.0,3.0,3950.0,42.0,14.0,22.0,2016-01-01 00:00:00.000000,2026-08-27T05:17:09.287600+00:00,D:/D drive recovery/Shiva JH/Projects/OneLake Medallion/data/landing/_reference/products.parquet,_reference
218f5d32f520df3b8517cdd86da09466,esporte_lazer,28.0,144.0,1.0,2456.0,53.0,14.0,16.0,2016-01-01 00:00:00.000000,2026-08-27T05:17:09.287600+00:00,D:/D drive recovery/Shiva JH/Projects/OneLake Medallion/data/landing/_reference/products.parquet,_reference
e53e557d5a159f5aa2c5e995dfdf244b,informatica_acessorios,33.0,256.0,1.0,180.0,17.0,10.0,13.0,2016-01-01 00:00:00.000000,2026-08-27T05:17:09.287600+00:00,D:/D drive recovery/Shiva JH/Projects/OneLake Medallion/data/landing/_reference/products.parquet,_reference
f15001dbfd82abd749d8a0b104c367ed,bebes,41.0,1469.0,1.0,200.0,30.0,5.0,20.0,2016-01-01 00:00:00.000000,2026-08-27T05:17:09.287600+00:00,D:/D drive recovery/Shiva JH/Projects/OneLake Medallion/data/landing/_reference/products.parquet,_reference
f81cb4720a94848a6c7627ae0473bcd3,cool_stuff,60.0,236.0,3.0,700.0,55.0,15.0,45.0,2016-01-01 00:00:00.000000,2026-08-27T05:17:09.287600+00:00,D:/D drive recovery/Shiva JH/Projects/OneLake Medallion/data/landing/_reference/products.parquet,_reference
89f055104adb9365d7f7b5c475f77742,beleza_saude,38.0,395.0,1.0,114.0,19.0,16.0,17.0,2016-01-01 00:00:00.000000,2026-08-27T05:17:09.287600+00:00,D:/D drive recovery/Shiva JH/Projects/OneLake Medallion/data/landing/_reference/products.parquet,_reference
99f5b2240b82bf9387e5cf2fc0335b08,informatica_acessorios,53.0,422.0,1.0,160.0,19.0,11.0,14.0,2016-01-01 00:00:00.000000,2026-08-27T05:17:09.287600+00:00,D:/D drive recovery/Shiva JH/Projects/OneLake Medallion/data/landing/_reference/products.parquet,_reference
3fc18e3aefe7b9346bd15de863fa0365,utilidades_domesticas,43.0,808.0,1.0,2850.0,30.0,30.0,30.0,2016-01-01 00:00:00.000000,2026-08-27T05:17:09.287600+00:00,D:/D drive recovery/Shiva JH/Projects/OneLake Medallion/data/landing/_reference/products.parquet,_reference
cd48f265a63e13b762601f5f794c5fca,bebidas,48.0,859.0,3.0,175.0,23.0,21.0,21.0,2016-01-01 00:00:00.000000,2026-08-27T05:17:09.287600+00:00,D:/D drive recovery/Shiva JH/Projects/OneLake Medallion/data/landing/_reference/products.parquet,_reference
2f9d564b8e623fa218326d48f71c5764,perfumaria,41.0,673.0,1.0,2200.0,33.0,27.0,24.0,2016-01-01 00:00:00.000000,2026-08-27T05:17:09.287600+00:00,D:/D drive recovery/Shiva JH/Projects/OneLake Medallion/data/landing/_reference/products.parquet,_reference
1ebde342c905182ffc07333fc569c590,cama_mesa_banho,23.0,416.0,2.0,738.0,38.0,8.0,24.0,2016-01-01 00:00:00.000000,2026-08-27T05:17:09.287600+00:00,D:/D drive recovery/Shiva JH/Projects/OneLake Medallion/data/landing/_reference/products.parquet,_reference
ed2c05310cf23e947151d937c2571831,moveis_decoracao,59.0,2130.0,2.0,350.0,69.0,11.0,11.0,2016-01-01 00:00:00.000000,2026-08-27T05:17:09.287600+00:00,D:/D drive recovery/Shiva JH/Projects/OneLake Medallion/data/landing/_reference/products.parquet,_reference
0b035ff3ab8827ae8c56022c16712e9c,relogios_presentes,54.0,475.0,1.0,600.0,16.0,2.0,11.0,2016-01-01 00:00:00.000000,2026-08-27T05:17:09.287600+00:00,D:/D drive recovery/Shiva JH/Projects/OneLake Medallion/data/landing/_reference/products.parquet,_reference
fc40fe8ca610260f036ecf18dd8d3b24,brinquedos,29.0,1132.0,2.0,5543.0,39.0,34.0,37.0,2016-01-01 00:00:00.000000,2026-08-27T05:17:09.287600+00:00,D:/D drive recovery/Shiva JH/Projects/OneLake Medallion/data/landing/_reference/products.parquet,_reference
80df62ce491a20d390c9f69402310f0a,informatica_acessorios,35.0,1101.0,1.0,300.0,42.0,2.0,30.0,2016-01-01 00:00:00.000000,2026-08-27T05:17:09.287600+00:00,D:/D drive recovery/Shiva JH/Projects/OneLake Medallion/data/landing/_reference/products.parquet,_reference
0e2d52789a024cfd6f9204778320a8e5,moveis_quarto,43.0,435.0,4.0,9800.0,86.0,8.0,40.0,2016-01-01 00:00:00.000000,2026-08-27T05:17:09.287600+00:00,D:/D drive recovery/Shiva JH/Projects/OneLake Medallion/data/landing/_reference/products.parquet,_reference
1fa784d8744e3ed625d8651ddb15e33b,perfumaria,47.0,534.0,7.0,1800.0,35.0,26.0,26.0,2016-01-01 00:00:00.000000,2026-08-27T05:17:09.287600+00:00,D:/D drive recovery/Shiva JH/Projects/OneLake Medallion/data/landing/_reference/products.parquet,_reference
c452ed78936fa240d56b35bc146be876,automotivo,42.0,1069.0,2.0,12500.0,47.0,46.0,20.0,2016-01-01 00:00:00.000000,2026-08-27T05:17:09.287600+00:00,D:/D drive recovery/Shiva JH/Projects/OneLake Medallion/data/landing/_reference/products.parquet,_reference
c92f0e7b9d49a9543558d6532772441b,malas_acessorios,48.0,485.0,5.0,17550.0,73.0,20.0,47.0,2016-01-01 00:00:00.000000,2026-08-27T05:17:09.287600+00:00,D:/D drive recovery/Shiva JH/Projects/OneLake Medallion/data/landing/_reference/products.parquet,_reference
84f456958365164420cfc80fbe4c7fab,cama_mesa_banho,55.0,312.0,1.0,1550.0,44.0,14.0,34.0,2016-01-01 00:00:00.000000,2026-08-27T05:17:09.287600+00:00,D:/D drive recovery/Shiva JH/Projects/OneLake Medallion/data/landing/_reference/products.parquet,_reference
0c85b3e0748fdc1a15f227525d317821,livros_tecnicos,48.0,1561.0,1.0,2450.0,29.0,5.0,21.0,2016-01-01 00:00:00.000000,2026-08-27T05:17:09.287600+00:00,D:/D drive recovery/Shiva JH/Projects/OneLake Medallion/data/landing/_reference/products.parquet,_reference
fd0065af7f09af4b82a0ca8f3eed1852,automotivo,56.0,3896.0,7.0,3000.0,35.0,20.0,30.0,2016-01-01 00:00:00.000000,2026-08-27T05:17:09.287600+00:00,D:/D drive recovery/Shiva JH/Projects/OneLake Medallion/data/landing/_reference/products.parquet,_reference
b912235c9a11d06ac8d3f97b2538aee2,bebes,58.0,540.0,1.0,14200.0,60.0,33.0,43.0,2016-01-01 00:00:00.000000,2026-08-27T05:17:09.287600+00:00,D:/D drive recovery/Shiva JH/Projects/OneLake Medallion/data/landing/_reference/products.parquet,_reference
0527af46c46b7a345d2086ea304ae8d7,eletronicos,25.0,101.0,1.0,625.0,27.0,17.0,25.0,2016-01-01 00:00:00.000000,2026-08-27T05:17:09.287600+00:00,D:/D drive recovery/Shiva JH/Projects/OneLake Medallion/data/landing/_reference/products.parquet,_reference
b0961721fd839e9982420e807758a2a6,ferramentas_jardim,59.0,341.0,2.0,1850.0,37.0,22.0,40.0,2016-01-01 00:00:00.000000,2026-08-27T05:17:09.287600+00:00,D:/D drive recovery/Shiva JH/Projects/OneLake Medallion/data/landing/_reference/products.parquet,_reference
c863f578eb77e9238bfc0db8d0ffa3c8,automotivo,57.0,61.0,3.0,200.0,16.0,7.0,16.0,2016-01-01 00:00:00.000000,2026-08-27T05:17:09.287600+00:00,D:/D drive recovery/Shiva JH/Projects/OneLake Medallion/data/landing/_reference/products.parquet,_reference
e03102efbc2229024c89be731f0aedcb,papelaria,57.0,366.0,4.0,750.0,101.0,15.0,15.0,2016-01-01 00:00:00.000000,2026-08-27T05:17:09.287600+00:00,D:/D drive recovery/Shiva JH/Projects/OneLake Medallion/data/landing/_reference/products.parquet,_reference
f08c59bc335a381d2b015c4efdc6dae3,moveis_decoracao,60.0,473.0,1.0,600.0,30.0,3.0,19.0,2016-01-01 00:00:00.000000,2026-08-27T05:17:09.287600+00:00,D:/D drive recovery/Shiva JH/Projects/OneLake Medallion/data/landing/_reference/products.parquet,_reference
2446edad7ab4cfedebb8728497ac4575,informatica_acessorios,34.0,112.0,3.0,500.0,40.0,18.0,30.0,2016-01-01 00:00:00.000000,2026-08-27T05:17:09.287600+00:00,D:/D drive recovery/Shiva JH/Projects/OneLake Medallion/data/landing/_reference/products.parquet,_reference
f4fb1fcc46bdd61b314fe0292175e5db,cool_stuff,53.0,270.0,1.0,850.0,33.0,44.0,19.0,2016-01-01 00:00:00.000000,2026-08-27T05:17:09.287600+00:00,D:/D drive recovery/Shiva JH/Projects/OneLake Medallion/data/landing/_reference/products.parquet,_reference
eab2445325c49cfae34289f4a56342e3,papelaria,49.0,372.0,1.0,800.0,16.0,10.0,15.0,2016-01-01 00:00:00.000000,2026-08-27T05:17:09.287600+00:00,D:/D drive recovery/Shiva JH/Projects/OneLake Medallion/data/landing/_reference/products.parquet,_reference
089447f48055194b36dd135e1a353cff,automotivo,58.0,430.0,1.0,1050.0,34.0,10.0,34.0,2016-01-01 00:00:00.000000,2026-08-27T05:17:09.287600+00:00,D:/D drive recovery/Shiva JH/Projects/OneLake Medallion/data/landing/_reference/products.parquet,_reference
7ce94ab189134e2d3c05f496d635419c,eletronicos,39.0,400.0,1.0,200.0,25.0,7.0,16.0,2016-01-01 00:00:00.000000,2026-08-27T05:17:09.287600+00:00,D:/D drive recovery/Shiva JH/Projects/OneLake Medallion/data/landing/_reference/products.parquet,_reference
277bf2ba07ff0451aa37701b45aad827,esporte_lazer,58.0,407.0,2.0,850.0,30.0,7.0,30.0,2016-01-01 00:00:00.000000,2026-08-27T05:17:09.287600+00:00,D:/D drive recovery/Shiva JH/Projects/OneLake Medallion/data/landing/_reference/products.parquet,_reference
a91c1a94d83d36316c44e00e738607b1,automotivo,57.0,2063.0,1.0,1500.0,30.0,25.0,30.0,2016-01-01 00:00:00.000000,2026-08-27T05:17:09.287600+00:00,D:/D drive recovery/Shiva JH/Projects/OneLake Medallion/data/landing/_reference/products.parquet,_reference
96569e968da124eb728f96aa8700b75b,cama_mesa_banho,52.0,196.0,3.0,900.0,37.0,23.0,35.0,2016-01-01 00:00:00.000000,2026-08-27T05:17:09.287600+00:00,D:/D drive recovery/Shiva JH/Projects/OneLake Medallion/data/landing/_reference/products.parquet,_reference
3f1361100ad34281edf04ce745f62b89,moveis_decoracao,60.0,425.0,1.0,8400.0,52.0,18.0,35.0,2016-01-01 00:00:00.000000,2026-08-27T05:17:09.287600+00:00,D:/D drive recovery/Shiva JH/Projects/OneLake Medallion/data/landing/_reference/products.parquet,_reference
87a71ae93900ab55fcf685c8040769b3,eletronicos,36.0,401.0,1.0,175.0,22.0,13.0,17.0,2016-01-01 00:00:00.000000,2026-08-27T05:17:09.287600+00:00,D:/D drive recovery/Shiva JH/Projects/OneLake Medallion/data/landing/_reference/products.parquet,_reference
36174802c8879b643cefc0511e7f06ed,eletrodomesticos_2,32.0,500.0,1.0,30000.0,59.0,68.0,52.0,2016-01-01 00:00:00.000000,2026-08-27T05:17:09.287600+00:00,D:/D drive recovery/Shiva JH/Projects/OneLake Medallion/data/landing/_reference/products.parquet,_reference
6eb6c5cb7df0f863538b61a47fcce962,perfumaria,55.0,226.0,1.0,500.0,23.0,8.0,15.0,2016-01-01 00:00:00.000000,2026-08-27T05:17:09.287600+00:00,D:/D drive recovery/Shiva JH/Projects/OneLake Medallion/data/landing/_reference/products.parquet,_reference
88a3a882d28c386d79c18ac2141eaea1,cama_mesa_banho,51.0,390.0,2.0,1750.0,43.0,8.0,33.0,2016-01-01 00:00:00.000000,2026-08-27T05:17:09.287600+00:00,D:/D drive recovery/Shiva JH/Projects/OneLake Medallion/data/landing/_reference/products.parquet,_reference
7307a453add3ce026e86d325ff2d60cd,brinquedos,47.0,1117.0,4.0,2233.0,29.0,23.0,29.0,2016-01-01 00:00:00.000000,2026-08-27T05:17:09.287600+00:00,D:/D drive recovery/Shiva JH/Projects/OneLake Medallion/data/landing/_reference/products.parquet,_reference
b944aabf1fc45c01599ee96c7f4d533e,eletronicos,60.0,246.0,1.0,150.0,22.0,12.0,14.0,2016-01-01 00:00:00.000000,2026-08-27T05:17:09.287600+00:00,D:/D drive recovery/Shiva JH/Projects/OneLake Medallion/data/landing/_reference/products.parquet,_reference
5999995b8f64d769dbc6f592b86d6f8a,pet_shop,57.0,1283.0,5.0,1200.0,55.0,3.0,42.0,2016-01-01 00:00:00.000000,2026-08-27T05:17:09.287600+00:00,D:/D drive recovery/Shiva JH/Projects/OneLake Medallion/data/landing/_reference/products.parquet,_reference
bc137217dc0cb0559a1f46e0500f50b6,bebes,38.0,596.0,2.0,300.0,30.0,8.0,12.0,2016-01-01 00:00:00.000000,2026-08-27T05:17:09.287600+00:00,D:/D drive recovery/Shiva JH/Projects/OneLake Medallion/data/landing/_reference/products.parquet,_reference
92d5ae8e42c4599266f210bf0469ae9b,relogios_presentes,44.0,495.0,2.0,439.0,18.0,11.0,13.0,2016-01-01 00:00:00.000000,2026-08-27T05:17:09.287600+00:00,D:/D drive recovery/Shiva JH/Projects/OneLake Medallion/data/landing/_reference/products.parquet,_reference
0b6a32b32a7dc68b12e8a0e0805c44d5,relogios_presentes,50.0,542.0,1.0,190.0,16.0,11.0,12.0,2016-01-01 00:00:00.000000,2026-08-27T05:17:09.287600+00:00,D:/D drive recovery/Shiva JH/Projects/OneLake Medallion/data/landing/_reference/products.parquet,_reference
7a90cd69f849bc237ef1f4f9e1796cfa,construcao_ferramentas_construcao,57.0,1528.0,1.0,275.0,21.0,12.0,17.0,2016-01-01 00:00:00.000000,2026-08-27T05:17:09.287600+00:00,D:/D drive recovery/Shiva JH/Projects/OneLake Medallion/data/landing/_reference/products.parquet,_reference
c6e513054b982283c1cbbb2a45d02d83,cool_stuff,56.0,777.0,5.0,300.0,18.0,7.0,12.0,2016-01-01 00:00:00.000000,2026-08-27T05:17:09.287600+00:00,D:/D drive recovery/Shiva JH/Projects/OneLake Medallion/data/landing/_reference/products.parquet,_reference
d86a6c48f83b045cbba6df84926a1f25,brinquedos,58.0,1150.0,2.0,3900.0,45.0,33.0,26.0,2016-01-01 00:00:00.000000,2026-08-27T05:17:09.287600+00:00,D:/D drive recovery/Shiva JH/Projects/OneLake Medallion/data/landing/_reference/products.parquet,_reference
3dbb89b55f4afdbd3e4230295a4cdfd1,relogios_presentes,37.0,727.0,3.0,550.0,20.0,12.0,15.0,2016-01-01 00:00:00.000000,2026-08-27T05:17:09.287600+00:00,D:/D drive recovery/Shiva JH/Projects/OneLake Medallion/data/landing/_reference/products.parquet,_reference
1fb344134cd7164d32dea4d87ba3ec5a,ferramentas_jardim,57.0,1160.0,1.0,625.0,23.0,18.0,20.0,2016-01-01 00:00:00.000000,2026-08-27T05:17:09.287600+00:00,D:/D drive recovery/Shiva JH/Projects/OneLake Medallion/data/landing/_reference/products.parquet,_reference
ab6ac334be05ff833a2e3973927dd83c,beleza_saude,47.0,690.0,1.0,350.0,19.0,12.0,13.0,2016-01-01 00:00:00.000000,2026-08-27T05:17:09.287600+00:00,D:/D drive recovery/Shiva JH/Projects/OneLake Medallion/data/landing/_reference/products.parquet,_reference
10575a1b638283f7cc928d01f29416b2,esporte_lazer,58.0,139.0,2.0,4600.0,32.0,37.0,21.0,2016-01-01 00:00:00.000000,2026-08-27T05:17:09.287600+00:00,D:/D drive recovery/Shiva JH/Projects/OneLake Medallion/data/landing/_reference/products.parquet,_reference
4f00a5557f84aad1f45c6f70e3efc353,construcao_ferramentas_construcao,59.0,270.0,4.0,450.0,25.0,10.0,20.0,2016-01-01 00:00:00.000000,2026-08-27T05:17:09.287600+00:00,D:/D drive recovery/Shiva JH/Projects/OneLake Medallion/data/landing/_reference/products.parquet,_reference
5a42a6cbafa85310c1b2b0fa7dc6a8f6,perfumaria,55.0,130.0,1.0,350.0,16.0,2.0,11.0,2016-01-01 00:00:00.000000,2026-08-27T05:17:09.287600+00:00,D:/D drive recovery/Shiva JH/Projects/OneLake Medallion/data/landing/_reference/products.parquet,_reference
b9d2933371226d828303d9235b89369c,livros_interesse_geral,46.0,1164.0,1.0,450.0,30.0,3.0,20.0,2016-01-01 00:00:00.000000,2026-08-27T05:17:09.287600+00:00,D:/D drive recovery/Shiva JH/Projects/OneLake Medallion/data/landing/_reference/products.parquet,_reference
c329abd2a10fad4a2f83377956328c67,ferramentas_jardim,52.0,695.0,2.0,817.0,21.0,23.0,19.0,2016-01-01 00:00:00.000000,2026-08-27T05:17:09.287600+00:00,D:/D drive recovery/Shiva JH/Projects/OneLake Medallion/data/landing/_reference/products.parquet,_reference
680d5104ebbd8f3cb6a209864ab8891f,perfumaria,58.0,861.0,1.0,500.0,18.0,17.0,14.0,2016-01-01 00:00:00.000000,2026-08-27T05:17:09.287600+00:00,D:/D drive recovery/Shiva JH/Projects/OneLake Medallion/data/landing/_reference/products.parquet,_reference
a4052f2adbcfe3e5dcf30229fa0f7c68,cama_mesa_banho,51.0,636.0,2.0,300.0,16.0,10.0,16.0,2016-01-01 00:00:00.000000,2026-08-27T05:17:09.287600+00:00,D:/D drive recovery/Shiva JH/Projects/OneLake Medallion/data/landing/_reference/products.parquet,_reference
fdf648fe44c2e24e9857c8d4ad5a7028,ferramentas_jardim,19.0,141.0,1.0,700.0,19.0,24.0,12.0,2016-01-01 00:00:00.000000,2026-08-27T05:17:09.287600+00:00,D:/D drive recovery/Shiva JH/Projects/OneLake Medallion/data/landing/_reference/products.parquet,_reference
1139f00effbb6523b59f6e6ebddc6d44,esporte_lazer,60.0,1628.0,6.0,1900.0,40.0,18.0,22.0,2016-01-01 00:00:00.000000,2026-08-27T05:17:09.287600+00:00,D:/D drive recovery/Shiva JH/Projects/OneLake Medallion/data/landing/_reference/products.parquet,_reference
0496a7015a17628712e8720db133092b,papelaria,60.0,875.0,5.0,1075.0,21.0,15.0,15.0,2016-01-01 00:00:00.000000,2026-08-27T05:17:09.287600+00:00,D:/D drive recovery/Shiva JH/Projects/OneLake Medallion/data/landing/_reference/products.parquet,_reference
d918b3f4aa5272c2c3cd088d087ca069,esporte_lazer,58.0,3703.0,1.0,2083.0,28.0,23.0,21.0,2016-01-01 00:00:00.000000,2026-08-27T05:17:09.287600+00:00,D:/D drive recovery/Shiva JH/Projects/OneLake Medallion/data/landing/_reference/products.parquet,_reference
c3e275e10cfd7f3b56f7f657699cfafe,cama_mesa_banho,55.0,273.0,1.0,1250.0,38.0,10.0,38.0,2016-01-01 00:00:00.000000,2026-08-27T05:17:09.287600+00:00,D:/D drive recovery/Shiva JH/Projects/OneLake Medallion/data/landing/_reference/products.parquet,_reference
28bc7d95951d962dd5cdda791e07b56f,cama_mesa_banho,60.0,420.0,1.0,400.0,26.0,18.0,23.0,2016-01-01 00:00:00.000000,2026-08-27T05:17:09.287600+00:00,D:/D drive recovery/Shiva JH/Projects/OneLake Medallion/data/landing/_reference/products.parquet,_reference
bcaa4355b2521984b94978febf3f2b10,moveis_decoracao,59.0,299.0,1.0,700.0,27.0,6.0,32.0,2016-01-01 00:00:00.000000,2026-08-27T05:17:09.287600+00:00,D:/D drive recovery/Shiva JH/Projects/OneLake Medallion/data/landing/_reference/products.parquet,_reference
6fb42788c5ef9affaa2fec30ca8b6053,ferramentas_jardim,39.0,372.0,1.0,200.0,16.0,3.0,13.0,2016-01-01 00:00:00.000000,2026-08-27T05:17:09.287600+00:00,D:/D drive recovery/Shiva JH/Projects/OneLake Medallion/data/landing/_reference/products.parquet,_reference
bc23e7ab33428b722eb04acc660423ad,papelaria,58.0,88.0,4.0,8450.0,35.0,60.0,40.0,2016-01-01 00:00:00.000000,2026-08-27T05:17:09.287600+00:00,D:/D drive recovery/Shiva JH/Projects/OneLake Medallion/data/landing/_reference/products.parquet,_reference
cc9b3b28eb0de60b7ab0294b1f8b70ca,esporte_lazer,45.0,2659.0,1.0,1140.0,22.0,22.0,19.0,2016-01-01 00:00:00.000000,2026-08-27T05:17:09.287600+00:00,D:/D drive recovery/Shiva JH/Projects/OneLake Medallion/data/landing/_reference/products.parquet,_reference
4c6aa2718ddd58a52cf181ad9e7ab24a,brinquedos,42.0,1316.0,1.0,875.0,45.0,19.0,42.0,2016-01-01 00:00:00.000000,2026-08-27T05:17:09.287600+00:00,D:/D drive recovery/Shiva JH/Projects/OneLake Medallion/data/landing/_reference/products.parquet,_reference
3462cfbd316346049256b3b3242f8dfa,papelaria,56.0,354.0,8.0,600.0,22.0,8.0,15.0,2016-01-01 00:00:00.000000,2026-08-27T05:17:09.287600+00:00,D:/D drive recovery/Shiva JH/Projects/OneLake Medallion/data/landing/_reference/products.parquet,_reference
16bf176650a888512655cc94f61860e3,relogios_presentes,50.0,401.0,4.0,200.0,16.0,2.0,11.0,2016-01-01 00:00:00.000000,2026-08-27T05:17:09.287600+00:00,D:/D drive recovery/Shiva JH/Projects/OneLake Medallion/data/landing/_reference/products.parquet,_reference
1de74e63d630007567726953a4eb2b36,fashion_underwear_e_moda_praia,25.0,396.0,2.0,150.0,35.0,10.0,25.0,2016-01-01 00:00:00.000000,2026-08-27T05:17:09.287600+00:00,D:/D drive recovery/Shiva JH/Projects/OneLake Medallion/data/landing/_reference/products.parquet,_reference
0c3305267c17b542aecbc2385f5f0794,perfumaria,57.0,740.0,1.0,500.0,22.0,14.0,23.0,2016-01-01 00:00:00.000000,2026-08-27T05:17:09.287600+00:00,D:/D drive recovery/Shiva JH/Projects/OneLake Medallion/data/landing/_reference/products.parquet,_reference
fb1f078a066428f00c1d71d6b9df3ff8,telefonia,55.0,432.0,2.0,600.0,23.0,7.0,15.0,2016-01-01 00:00:00.000000,2026-08-27T05:17:09.287600+00:00,D:/D drive recovery/Shiva JH/Projects/OneLake Medallion/data/landing/_reference/products.parquet,_reference
e89672a9d3b43c622e5301b36eb87cda,cama_mesa_banho,56.0,454.0,2.0,5700.0,50.0,20.0,40.0,2016-01-01 00:00:00.000000,2026-08-27T05:17:09.287600+00:00,D:/D drive recovery/Shiva JH/Projects/OneLake Medallion/data/landing/_reference/products.parquet,_reference
8562e2c780a345b609e1b802d7e3e4ae,cama_mesa_banho,51.0,1208.0,1.0,1100.0,45.0,8.0,35.0,2016-01-01 00:00:00.000000,2026-08-27T05:17:09.287600+00:00,D:/D drive recovery/Shiva JH/Projects/OneLake Medallion/data/landing/_reference/products.parquet,_reference
0ac2a75d9c1e9688df3a7730a4ffad14,informatica_acessorios,44.0,116.0,2.0,300.0,50.0,4.0,40.0,2016-01-01 00:00:00.000000,2026-08-27T05:17:09.287600+00:00,D:/D drive recovery/Shiva JH/Projects/OneLake Medallion/data/landing/_reference/products.parquet,_reference
62bfda7b1a58cc9a485cb563b99ea48f,esporte_lazer,57.0,586.0,1.0,100.0,24.0,5.0,16.0,2016-01-01 00:00:00.000000,2026-08-27T05:17:09.287600+00:00,D:/D drive recovery/Shiva JH/Projects/OneLake Medallion/data/landing/_reference/products.parquet,_reference
5f4717c32cb957e5faf8d9271dce3fd5,beleza_saude,43.0,2737.0,1.0,100.0,19.0,19.0,19.0,2016-01-01 00:00:00.000000,2026-08-27T05:17:09.287600+00:00,D:/D drive recovery/Shiva JH/Projects/OneLake Medallion/data/landing/_reference/products.parquet,_reference
f89cd865cac300a9bf1320dd8f0fa223,eletronicos,45.0,868.0,1.0,175.0,22.0,12.0,15.0,2016-01-01 00:00:00.000000,2026-08-27T05:17:09.287600+00:00,D:/D drive recovery/Shiva JH/Projects/OneLake Medallion/data/landing/_reference/products.parquet,_reference
130482add9fd75ccb6c57ba007694a2d,informatica_acessorios,55.0,60.0,1.0,2800.0,40.0,15.0,40.0,2016-01-01 00:00:00.000000,2026-08-27T05:17:09.287600+00:00,D:/D drive recovery/Shiva JH/Projects/OneLake Medallion/data/landing/_reference/products.parquet,_reference
bf1a9a02e2160143755052e6bf59740f,construcao_ferramentas_construcao,60.0,338.0,1.0,3000.0,23.0,8.0,23.0,2016-01-01 00:00:00.000000,2026-08-27T05:17:09.287600+00:00,D:/D drive recovery/Shiva JH/Projects/OneLake Medallion/data/landing/_reference/products.parquet,_reference
0b1b6ca8b113c570aa56916becb81192,moveis_decoracao,53.0,1979.0,3.0,2800.0,69.0,11.0,11.0,2016-01-01 00:00:00.000000,2026-08-27T05:17:09.287600+00:00,D:/D drive recovery/Shiva JH/Projects/OneLake Medallion/data/landing/_reference/products.parquet,_reference
ecab3fa721d1b06c225f23c30f02eb5e,esporte_lazer,58.0,2738.0,5.0,175.0,22.0,9.0,12.0,2016-01-01 00:00:00.000000,2026-08-27T05:17:09.287600+00:00,D:/D drive recovery/Shiva JH/Projects/OneLake Medallion/data/landing/_reference/products.parquet,_reference
f7cef2f234f46c6bbe98b435f9766584,moveis_decoracao,44.0,173.0,1.0,1000.0,37.0,37.0,18.0,2016-01-01 00:00:00.000000,2026-08-27T05:17:09.287600+00:00,D:/D drive recovery/Shiva JH/Projects/OneLake Medallion/data/landing/_reference/products.parquet,_reference
c32788bc915b1ce4316822a1b7c4ec91,utilidades_domesticas,58.0,285.0,2.0,2000.0,28.0,60.0,28.0,2016-01-01 00:00:00.000000,2026-08-27T05:17:09.287600+00:00,D:/D drive recovery/Shiva JH/Projects/OneLake Medallion/data/landing/_reference/products.parquet,_reference
c3ba4e8d3cb30049213b682e751e9d00,relogios_presentes,58.0,737.0,3.0,350.0,16.0,2.0,20.0,2016-01-01 00:00:00.000000,2026-08-27T05:17:09.287600+00:00,D:/D drive recovery/Shiva JH/Projects/OneLake Medallion/data/landing/_reference/products.parquet,_reference
0e2d365a247d105fefc31b17ab8706d9,perfumaria,35.0,503.0,1.0,430.0,21.0,11.0,17.0,2016-01-01 00:00:00.000000,2026-08-27T05:17:09.287600+00:00,D:/D drive recovery/Shiva JH/Projects/OneLake Medallion/data/landing/_reference/products.parquet,_reference
aa8dbe0ebad6906e9253479e1027185e,utilidades_domesticas,53.0,537.0,1.0,850.0,25.0,5.0,20.0,2016-01-01 00:00:00.000000,2026-08-27T05:17:09.287600+00:00,D:/D drive recovery/Shiva JH/Projects/OneLake Medallion/data/landing/_reference/products.parquet,_reference
e8858707cf7f1edb99f79d50b42717d8,utilidades_domesticas,52.0,673.0,3.0,200.0,21.0,8.0,15.0,2016-01-01 00:00:00.000000,2026-08-27T05:17:09.287600+00:00,D:/D drive recovery/Shiva JH/Projects/OneLake Medallion/data/landing/_reference/products.parquet,_reference
0705b33fb285827a578fce4899f1b921,esporte_lazer,35.0,650.0,1.0,400.0,95.0,6.0,47.0,2016-01-01 00:00:00.000000,2026-08-27T05:17:09.287600+00:00,D:/D drive recovery/Shiva JH/Projects/OneLake Medallion/data/landing/_reference/products.parquet,_reference
6cd51331a07b84149502aa6c9c5b536e,perfumaria,49.0,537.0,1.0,183.0,16.0,10.0,14.0,2016-01-01 00:00:00.000000,2026-08-27T05:17:09.287600+00:00,D:/D drive recovery/Shiva JH/Projects/OneLake Medallion/data/landing/_reference/products.parquet,_reference
19f78d4a9dd029e7a9115a8e1d5ccd94,cama_mesa_banho,51.0,188.0,1.0,1800.0,50.0,7.0,35.0,2016-01-01 00:00:00.000000,2026-08-27T05:17:09.287600+00:00,D:/D drive recovery/Shiva JH/Projects/OneLake Medallion/data/landing/_reference/products.parquet,_reference
f79d8b06296298b788c13ecf27b9a9c1,brinquedos,43.0,787.0,8.0,2500.0,16.0,19.0,16.0,2016-01-01 00:00:00.000000,2026-08-27T05:17:09.287600+00:00,D:/D drive recovery/Shiva JH/Projects/OneLake Medallion/data/landing/_reference/products.parquet,_reference
fecf6223a3494f35362f670e571d2a04,esporte_lazer,49.0,403.0,2.0,800.0,42.0,36.0,25.0,2016-01-01 00:00:00.000000,2026-08-27T05:17:09.287600+00:00,D:/D drive recovery/Shiva JH/Projects/OneLake Medallion/data/landing/_reference/products.parquet,_reference
57552a168008a60472e3e6bb351422e7,bebes,41.0,774.0,2.0,300.0,59.0,8.0,36.0,2016-01-01 00:00:00.000000,2026-08-27T05:17:09.287600+00:00,D:/D drive recovery/Shiva JH/Projects/OneLake Medallion/data/landing/_reference/products.parquet,_reference
0f398da178a64533d9576940656d23cb,cama_mesa_banho,55.0,382.0,1.0,2600.0,47.0,21.0,41.0,2016-01-01 00:00:00.000000,2026-08-27T05:17:09.287600+00:00,D:/D drive recovery/Shiva JH/Projects/OneLake Medallion/data/landing/_reference/products.parquet,_reference
37b975d07892522e3022d5f87abb097c,cama_mesa_banho,51.0,353.0,1.0,350.0,20.0,25.0,25.0,2016-01-01 00:00:00.000000,2026-08-27T05:17:09.287600+00:00,D:/D drive recovery/Shiva JH/Projects/OneLake Medallion/data/landing/_reference/products.parquet,_reference
e398924df814f49525ebf68af637b1bc,beleza_saude,37.0,939.0,1.0,2575.0,18.0,30.0,18.0,2016-01-01 00:00:00.000000,2026-08-27T05:17:09.287600+00:00,D:/D drive recovery/Shiva JH/Projects/OneLake Medallion/data/landing/_reference/products.parquet,_reference
696c39c44288187022347dcb177ac304,informatica_acessorios,50.0,1112.0,5.0,950.0,35.0,11.0,11.0,2016-01-01 00:00:00.000000,2026-08-27T05:17:09.287600+00:00,D:/D drive recovery/Shiva JH/Projects/OneLake Medallion/data/landing/_reference/products.parquet,_reference
8474d936fee23f0c45620cc2022871cc,casa_conforto,57.0,217.0,3.0,10050.0,50.0,30.0,40.0,2016-01-01 00:00:00.000000,2026-08-27T05:17:09.287600+00:00,D:/D drive recovery/Shiva JH/Projects/OneLake Medallion/data/landing/_reference/products.parquet,_reference
5b394e3d290882de22e0207c7027fdb5,alimentos_bebidas,17.0,563.0,1.0,400.0,20.0,8.0,16.0,2016-01-01 00:00:00.000000,2026-08-27T05:17:09.287600+00:00,D:/D drive recovery/Shiva JH/Projects/OneLake Medallion/data/landing/_reference/products.parquet,_reference
7b3b38b62de0edfa802192d5c18d5489,cama_mesa_banho,60.0,188.0,1.0,1300.0,46.0,2.0,36.0,2016-01-01 00:00:00.000000,2026-08-27T05:17:09.287600+00:00,D:/D drive recovery/Shiva JH/Projects/OneLake Medallion/data/landing/_reference/products.parquet,_reference
5f24849289916bf82378a061a131fde9,ferramentas_jardim,53.0,900.0,3.0,6000.0,28.0,22.0,16.0,2016-01-01 00:00:00.000000,2026-08-27T05:17:09.287600+00:00,D:/D drive recovery/Shiva JH/Projects/OneLake Medallion/data/landing/_reference/products.parquet,_reference
e68e475e0e1fa8744c2aef0f9864d679,papelaria,51.0,201.0,1.0,1000.0,18.0,48.0,33.0,2016-01-01 00:00:00.000000,2026-08-27T05:17:09.287600+00:00,D:/D drive recovery/Shiva JH/Projects/OneLake Medallion/data/landing/_reference/products.parquet,_reference
54d9ac713e253fa1fae9c8003b011c2a,cool_stuff,57.0,787.0,8.0,1867.0,36.0,6.0,36.0,2016-01-01 00:00:00.000000,2026-08-27T05:17:09.287600+00:00,D:/D drive recovery/Shiva JH/Projects/OneLake Medallion/data/landing/_reference/products.parquet,_reference
d1b8f5983d9573c8e523b8c56a59497d,fashion_bolsas_e_acessorios,39.0,582.0,6.0,150.0,16.0,9.0,20.0,2016-01-01 00:00:00.000000,2026-08-27T05:17:09.287600+00:00,D:/D drive recovery/Shiva JH/Projects/OneLake Medallion/data/landing/_reference/products.parquet,_reference
a2d0ef58f86a42fa9d456709cb00c0b2,,,,,200.0,16.0,2.0,11.0,2016-01-01 00:00:00.000000,2026-08-27T05:17:09.287600+00:00,D:/D drive recovery/Shiva JH/Projects/OneLake Medallion/data/landing/_reference/products.parquet,_reference
ae16b1d896c15ed60614a0d88c4abf03,pet_shop,33.0,1698.0,2.0,180.0,19.0,12.0,14.0,2016-01-01 00:00:00.000000,2026-08-27T05:17:09.287600+00:00,D:/D drive recovery/Shiva JH/Projects/OneLake Medallion/data/landing/_reference/products.parquet,_reference
b80b06f3f098c07cd2c8116aa3f1a7ed,eletronicos,55.0,1433.0,4.0,1600.0,28.0,6.0,22.0,2016-01-01 00:00:00.000000,2026-08-27T05:17:09.287600+00:00,D:/D drive recovery/Shiva JH/Projects/OneLake Medallion/data/landing/_reference/products.parquet,_reference
75d542264c32b90489e15cac4892e076,telefonia,53.0,597.0,1.0,275.0,18.0,4.0,12.0,2016-01-01 00:00:00.000000,2026-08-27T05:17:09.287600+00:00,D:/D drive recovery/Shiva JH/Projects/OneLake Medallion/data/landing/_reference/products.parquet,_reference
d7b6379f142a6f28f8fc5af7b33d4b70,informatica_acessorios,46.0,339.0,1.0,850.0,33.0,15.0,15.0,2016-01-01 00:00:00.000000,2026-08-27T05:17:09.287600+00:00,D:/D drive recovery/Shiva JH/Projects/OneLake Medallion/data/landing/_reference/products.parquet,_reference
a338a81aed052e88a9ee732e3e45042b,utilidades_domesticas,45.0,897.0,1.0,12450.0,31.0,60.0,31.0,2016-01-01 00:00:00.000000,2026-08-27T05:17:09.287600+00:00,D:/D drive recovery/Shiva JH/Projects/OneLake Medallion/data/landing/_reference/products.parquet,_reference
0e173417855ce91518a2e79d760f93a9,beleza_saude,57.0,1276.0,1.0,1200.0,16.0,30.0,16.0,2016-01-01 00:00:00.000000,2026-08-27T05:17:09.287600+00:00,D:/D drive recovery/Shiva JH/Projects/OneLake Medallion/data/landing/_reference/products.parquet,_reference
576604f94c1358b5113eba7ad6b6724d,utilidades_domesticas,54.0,814.0,5.0,150.0,18.0,8.0,14.0,2016-01-01 00:00:00.000000,2026-08-27T05:17:09.287600+00:00,D:/D drive recovery/Shiva JH/Projects/OneLake Medallion/data/landing/_reference/products.parquet,_reference
c69dd9ac363d46d6e2ce4b11a0ee164b,automotivo,57.0,744.0,1.0,4475.0,56.0,31.0,34.0,2016-01-01 00:00:00.000000,2026-08-27T05:17:09.287600+00:00,D:/D drive recovery/Shiva JH/Projects/OneLake Medallion/data/landing/_reference/products.parquet,_reference
95d0a941f616c390aec42628850b99a9,instrumentos_musicais,60.0,783.0,9.0,2500.0,55.0,13.0,35.0,2016-01-01 00:00:00.000000,2026-08-27T05:17:09.287600+00:00,D:/D drive recovery/Shiva JH/Projects/OneLake Medallion/data/landing/_reference/products.parquet,_reference
25179680ecacb54a036e9cdd27459da3,instrumentos_musicais,42.0,442.0,4.0,8450.0,78.0,19.0,49.0,2016-01-01 00:00:00.000000,2026-08-27T05:17:09.287600+00:00,D:/D drive recovery/Shiva JH/Projects/OneLake Medallion/data/landing/_reference/products.parquet,_reference
2d063994ae4667cff3d6841e9d441d1d,eletrodomesticos_2,60.0,715.0,2.0,2750.0,25.0,15.0,25.0,2016-01-01 00:00:00.000000,2026-08-27T05:17:09.287600+00:00,D:/D drive recovery/Shiva JH/Projects/OneLake Medallion/data/landing/_reference/products.parquet,_reference
87d780fa7d2cf3710aa02dc4ca8db985,cama_mesa_banho,57.0,189.0,1.0,1350.0,46.0,2.0,36.0,2016-01-01 00:00:00.000000,2026-08-27T05:17:09.287600+00:00,D:/D drive recovery/Shiva JH/Projects/OneLake Medallion/data/landing/_reference/products.parquet,_reference
e6b6e13cf71449a457269f425b89dc74,audio,38.0,2887.0,1.0,588.0,19.0,14.0,17.0,2016-01-01 00:00:00.000000,2026-08-27T05:17:09.287600+00:00,D:/D drive recovery/Shiva JH/Projects/OneLake Medallion/data/landing/_reference/products.parquet,_reference
02a79d79e818ad0be36cfc843a6af7ad,esporte_lazer,60.0,1738.0,1.0,300.0,16.0,15.0,15.0,2016-01-01 00:00:00.000000,2026-08-27T05:17:09.287600+00:00,D:/D drive recovery/Shiva JH/Projects/OneLake Medallion/data/landing/_reference/products.parquet,_reference
d986e4bd747ca20b348abcd013cd1303,esporte_lazer,59.0,938.0,4.0,1200.0,80.0,14.0,14.0,2016-01-01 00:00:00.000000,2026-08-27T05:17:09.287600+00:00,D:/D drive recovery/Shiva JH/Projects/OneLake Medallion/data/landing/_reference/products.parquet,_reference
84dd5aaecdb39b406c39de952b13f394,papelaria,54.0,395.0,1.0,310.0,20.0,10.0,19.0,2016-01-01 00:00:00.000000,2026-08-27T05:17:09.287600+00:00,D:/D drive recovery/Shiva JH/Projects/OneLake Medallion/data/landing/_reference/products.parquet,_reference
22c5ddc22ea8cae84fc9917def682dc6,perfumaria,24.0,435.0,3.0,350.0,25.0,15.0,15.0,2016-01-01 00:00:00.000000,2026-08-27T05:17:09.287600+00:00,D:/D drive recovery/Shiva JH/Projects/OneLake Medallion/data/landing/_reference/products.parquet,_reference
4178e16324fd0c9a8e18463caf390cc6,cool_stuff,51.0,582.0,1.0,11600.0,65.0,19.0,47.0,2016-01-01 00:00:00.000000,2026-08-27T05:17:09.287600+00:00,D:/D drive recovery/Shiva JH/Projects/OneLake Medallion/data/landing/_reference/products.parquet,_reference
5ad067c2cc9aa18ee03b9ccb5dbd8f8b,automotivo,60.0,198.0,3.0,200.0,22.0,11.0,16.0,2016-01-01 00:00:00.000000,2026-08-27T05:17:09.287600+00:00,D:/D drive recovery/Shiva JH/Projects/OneLake Medallion/data/landing/_reference/products.parquet,_reference
a4f283ca7a807cf3ff056abf3ca9a621,utilidades_domesticas,56.0,119.0,1.0,250.0,20.0,10.0,15.0,2016-01-01 00:00:00.000000,2026-08-27T05:17:09.287600+00:00,D:/D drive recovery/Shiva JH/Projects/OneLake Medallion/data/landing/_reference/products.parquet,_reference
c18ac1d6cc053c0ec7296b994ae6ffeb,relogios_presentes,54.0,237.0,1.0,550.0,16.0,2.0,11.0,2016-01-01 00:00:00.000000,2026-08-27T05:17:09.287600+00:00,D:/D drive recovery/Shiva JH/Projects/OneLake Medallion/data/landing/_reference/products.parquet,_reference
7ccb753a501e816bd678657918276574,moveis_cozinha_area_de_servico_jantar_e_jardim,58.0,1201.0,7.0,3450.0,70.0,25.0,25.0,2016-01-01 00:00:00.000000,2026-08-27T05:17:09.287600+00:00,D:/D drive recovery/Shiva JH/Projects/OneLake Medallion/data/landing/_reference/products.parquet,_reference
330144665b875c2b4555f88d9f4ed7c1,beleza_saude,59.0,410.0,1.0,558.0,21.0,13.0,16.0,2016-01-01 00:00:00.000000,2026-08-27T05:17:09.287600+00:00,D:/D drive recovery/Shiva JH/Projects/OneLake Medallion/data/landing/_reference/products.parquet,_reference
f0e62aeebadb31681187c9548d8aae40,utilidades_domesticas,36.0,436.0,1.0,400.0,39.0,11.0,11.0,2016-01-01 00:00:00.000000,2026-08-27T05:17:09.287600+00:00,D:/D drive recovery/Shiva JH/Projects/OneLake Medallion/data/landing/_reference/products.parquet,_reference
5b226d7c52f86ac72457617f78cff95d,cama_mesa_banho,50.0,381.0,1.0,875.0,25.0,18.0,40.0,2016-01-01 00:00:00.000000,2026-08-27T05:17:09.287600+00:00,D:/D drive recovery/Shiva JH/Projects/OneLake Medallion/data/landing/_reference/products.parquet,_reference
bdb4be6ce2f7f2b5be0a16088028c7fc,utilidades_domesticas,54.0,851.0,1.0,3100.0,45.0,28.0,26.0,2016-01-01 00:00:00.000000,2026-08-27T05:17:09.287600+00:00,D:/D drive recovery/Shiva JH/Projects/OneLake Medallion/data/landing/_reference/products.parquet,_reference
2e28aba9bf605653018f0635e10bc949,brinquedos,59.0,455.0,1.0,463.0,20.0,17.0,17.0,2016-01-01 00:00:00.000000,2026-08-27T05:17:09.287600+00:00,D:/D drive recovery/Shiva JH/Projects/OneLake Medallion/data/landing/_reference/products.parquet,_reference
9798bc8585b031f32f0ba287ad22f334,bebes,42.0,321.0,2.0,2392.0,41.0,20.0,40.0,2016-01-01 00:00:00.000000,2026-08-27T05:17:09.287600+00:00,D:/D drive recovery/Shiva JH/Projects/OneLake Medallion/data/landing/_reference/products.parquet,_reference
1454b29e83ab2f8bf6b4102736498ff5,telefonia_fixa,59.0,970.0,2.0,500.0,16.0,10.0,15.0,2016-01-01 00:00:00.000000,2026-08-27T05:17:09.287600+00:00,D:/D drive recovery/Shiva JH/Projects/OneLake Medallion/data/landing/_reference/products.parquet,_reference
8370300e444c4394d3c3f878606a9601,relogios_presentes,45.0,344.0,2.0,250.0,16.0,9.0,12.0,2016-01-01 00:00:00.000000,2026-08-27T05:17:09.287600+00:00,D:/D drive recovery/Shiva JH/Projects/OneLake Medallion/data/landing/_reference/products.parquet,_reference
cf6514025ef5d3a93d69d2a7bfa4036b,cama_mesa_banho,43.0,126.0,1.0,250.0,40.0,4.0,30.0,2016-01-01 00:00:00.000000,2026-08-27T05:17:09.287600+00:00,D:/D drive recovery/Shiva JH/Projects/OneLake Medallion/data/landing/_reference/products.parquet,_reference
cd89ce90d4c33b04851f90bcf1ec521a,automotivo,58.0,847.0,4.0,1550.0,68.0,9.0,43.0,2016-01-01 00:00:00.000000,2026-08-27T05:17:09.287600+00:00,D:/D drive recovery/Shiva JH/Projects/OneLake Medallion/data/landing/_reference/products.parquet,_reference
337c81a0f9e751b6cbdf56680a33c365,esporte_lazer,56.0,635.0,1.0,163.0,16.0,9.0,12.0,2016-01-01 00:00:00.000000,2026-08-27T05:17:09.287600+00:00,D:/D drive recovery/Shiva JH/Projects/OneLake Medallion/data/landing/_reference/products.parquet,_reference
d4e8f0258fc25c199ade899a87a8f664,moveis_escritorio,48.0,2223.0,1.0,15750.0,58.0,28.0,58.0,2016-01-01 00:00:00.000000,2026-08-27T05:17:09.287600+00:00,D:/D drive recovery/Shiva JH/Projects/OneLake Medallion/data/landing/_reference/products.parquet,_reference
ffd4bf4306745865e5692f69bd237893,fashion_bolsas_e_acessorios,54.0,193.0,5.0,150.0,16.0,16.0,16.0,2016-01-01 00:00:00.000000,2026-08-27T05:17:09.287600+00:00,D:/D drive recovery/Shiva JH/Projects/OneLake Medallion/data/landing/_reference/products.parquet,_reference
1975ce374d56d707bd8b88065779de72,moveis_decoracao,49.0,349.0,4.0,6050.0,30.0,40.0,30.0,2016-01-01 00:00:00.000000,2026-08-27T05:17:09.287600+00:00,D:/D drive recovery/Shiva JH/Projects/OneLake Medallion/data/landing/_reference/products.parquet,_reference
9df634af5c467f3b07f3d92f7765aa64,brinquedos,45.0,965.0,2.0,850.0,16.0,32.0,16.0,2016-01-01 00:00:00.000000,2026-08-27T05:17:09.287600+00:00,D:/D drive recovery/Shiva JH/Projects/OneLake Medallion/data/landing/_reference/products.parquet,_reference
f20a14d45e85b05ef554d10d7283f7da,telefonia,51.0,380.0,1.0,125.0,19.0,5.0,11.0,2016-01-01 00:00:00.000000,2026-08-27T05:17:09.287600+00:00,D:/D drive recovery/Shiva JH/Projects/OneLake Medallion/data/landing/_reference/products.parquet,_reference
fbc1488c1a1e72ba175f53ab29a248e8,perfumaria,27.0,311.0,1.0,560.0,19.0,13.0,17.0,2016-01-01 00:00:00.000000,2026-08-27T05:17:09.287600+00:00,D:/D drive recovery/Shiva JH/Projects/OneLake Medallion/data/landing/_reference/products.parquet,_reference
ce6f74096c84567f22728c84f3d6e7fc,cama_mesa_banho,60.0,352.0,2.0,1300.0,30.0,10.0,30.0,2016-01-01 00:00:00.000000,2026-08-27T05:17:09.287600+00:00,D:/D drive recovery/Shiva JH/Projects/OneLake Medallion/data/landing/_reference/products.parquet,_reference
bb1c37586716dba1a3734d9137031e1e,casa_construcao,48.0,896.0,5.0,550.0,17.0,26.0,17.0,2016-01-01 00:00:00.000000,2026-08-27T05:17:09.287600+00:00,D:/D drive recovery/Shiva JH/Projects/OneLake Medallion/data/landing/_reference/products.parquet,_reference
19a5dc57b9f69cff2321395f3c36f9d6,esporte_lazer,47.0,1024.0,1.0,2650.0,33.0,25.0,25.0,2016-01-01 00:00:00.000000,2026-08-27T05:17:09.287600+00:00,D:/D drive recovery/Shiva JH/Projects/OneLake Medallion/data/landing/_reference/products.parquet,_reference
f62cbf4416c9ef8e1b4e8d5279891f24,eletronicos,46.0,352.0,1.0,200.0,25.0,7.0,16.0,2016-01-01 00:00:00.000000,2026-08-27T05:17:09.287600+00:00,D:/D drive recovery/Shiva JH/Projects/OneLake Medallion/data/landing/_reference/products.parquet,_reference
f999580a69ce2d199677c5b6a5472aee,automotivo,55.0,2310.0,1.0,1150.0,16.0,25.0,12.0,2016-01-01 00:00:00.000000,2026-08-27T05:17:09.287600+00:00,D:/D drive recovery/Shiva JH/Projects/OneLake Medallion/data/landing/_reference/products.parquet,_reference
7fb7c9580222a2af9eb7a95a6ce85fc5,utilidades_domesticas,59.0,811.0,1.0,825.0,52.0,18.0,74.0,2016-01-01 00:00:00.000000,2026-08-27T05:17:09.287600+00:00,D:/D drive recovery/Shiva JH/Projects/OneLake Medallion/data/landing/_reference/products.parquet,_reference
a8949536a84721e346d7814fd81aafbe,pet_shop,53.0,1727.0,2.0,2200.0,50.0,8.0,45.0,2016-01-01 00:00:00.000000,2026-08-27T05:17:09.287600+00:00,D:/D drive recovery/Shiva JH/Projects/OneLake Medallion/data/landing/_reference/products.parquet,_reference
4487261e208ce5d3a8d1a997ccd99dcf,cama_mesa_banho,29.0,552.0,4.0,2050.0,40.0,10.0,32.0,2016-01-01 00:00:00.000000,2026-08-27T05:17:09.287600+00:00,D:/D drive recovery/Shiva JH/Projects/OneLake Medallion/data/landing/_reference/products.parquet,_reference
96f7628c09cd807b68989261da8ba07c,eletroportateis,40.0,530.0,1.0,3925.0,39.0,32.0,25.0,2016-01-01 00:00:00.000000,2026-08-27T05:17:09.287600+00:00,D:/D drive recovery/Shiva JH/Projects/OneLake Medallion/data/landing/_reference/products.parquet,_reference
fe7f10e5c9d36a294333b0c35ccc24ad,utilidades_domesticas,41.0,786.0,4.0,1150.0,30.0,25.0,20.0,2016-01-01 00:00:00.000000,2026-08-27T05:17:09.287600+00:00,D:/D drive recovery/Shiva JH/Projects/OneLake Medallion/data/landing/_reference/products.parquet,_reference
6503fb999235a191e5256051244c627c,utilidades_domesticas,50.0,808.0,1.0,1800.0,30.0,30.0,30.0,2016-01-01 00:00:00.000000,2026-08-27T05:17:09.287600+00:00,D:/D drive recovery/Shiva JH/Projects/OneLake Medallion/data/landing/_reference/products.parquet,_reference
363a742635cc645c207ce8102de9b837,moveis_decoracao,60.0,955.0,7.0,3600.0,60.0,12.0,30.0,2016-01-01 00:00:00.000000,2026-08-27T05:17:09.287600+00:00,D:/D drive recovery/Shiva JH/Projects/OneLake Medallion/data/landing/_reference/products.parquet,_reference
dab2413ead0edda9967edbc9bda2a64e,telefonia,57.0,680.0,2.0,250.0,17.0,7.0,13.0,2016-01-01 00:00:00.000000,2026-08-27T05:17:09.287600+00:00,D:/D drive recovery/Shiva JH/Projects/OneLake Medallion/data/landing/_reference/products.parquet,_reference
b8077b05c6b4d89a64114fd0c71d0097,automotivo,52.0,724.0,2.0,1800.0,30.0,30.0,30.0,2016-01-01 00:00:00.000000,2026-08-27T05:17:09.287600+00:00,D:/D drive recovery/Shiva JH/Projects/OneLake Medallion/data/landing/_reference/products.parquet,_reference
b3145c36d221143053908beb4564bad9,moveis_decoracao,60.0,1646.0,6.0,450.0,35.0,2.0,25.0,2016-01-01 00:00:00.000000,2026-08-27T05:17:09.287600+00:00,D:/D drive recovery/Shiva JH/Projects/OneLake Medallion/data/landing/_reference/products.parquet,_reference
8205c48f13a36d0c377f69ae56f84e3d,fashion_calcados,53.0,375.0,4.0,300.0,29.0,7.0,16.0,2016-01-01 00:00:00.000000,2026-08-27T05:17:09.287600+00:00,D:/D drive recovery/Shiva JH/Projects/OneLake Medallion/data/landing/_reference/products.parquet,_reference
84c79830527ae823029ee6b904cf948c,construcao_ferramentas_jardim,29.0,462.0,1.0,3520.0,25.0,25.0,23.0,2016-01-01 00:00:00.000000,2026-08-27T05:17:09.287600+00:00,D:/D drive recovery/Shiva JH/Projects/OneLake Medallion/data/landing/_reference/products.parquet,_reference
11dcc970f7a5581e1bf777b6da3f7096,utilidades_domesticas,42.0,659.0,2.0,1038.0,41.0,22.0,28.0,2016-01-01 00:00:00.000000,2026-08-27T05:17:09.287600+00:00,D:/D drive recovery/Shiva JH/Projects/OneLake Medallion/data/landing/_reference/products.parquet,_reference
431d674f9a4fbd0957ecf6ba3fcb6899,telefonia,56.0,1892.0,4.0,450.0,17.0,3.0,11.0,2016-01-01 00:00:00.000000,2026-08-27T05:17:09.287600+00:00,D:/D drive recovery/Shiva JH/Projects/OneLake Medallion/data/landing/_reference/products.parquet,_reference
d285360f29ac7fd97640bf0baef03de0,relogios_presentes,46.0,501.0,4.0,363.0,18.0,13.0,13.0,2016-01-01 00:00:00.000000,2026-08-27T05:17:09.287600+00:00,D:/D drive recovery/Shiva JH/Projects/OneLake Medallion/data/landing/_reference/products.parquet,_reference
f614b080b510187124d5e964cb35584a,moveis_decoracao,54.0,2075.0,2.0,600.0,68.0,8.0,13.0,2016-01-01 00:00:00.000000,2026-08-27T05:17:09.287600+00:00,D:/D drive recovery/Shiva JH/Projects/OneLake Medallion/data/landing/_reference/products.parquet,_reference
2827ebfb043a328a13a06ca9165cad0a,cama_mesa_banho,53.0,637.0,1.0,1350.0,16.0,10.0,16.0,2016-01-01 00:00:00.000000,2026-08-27T05:17:09.287600+00:00,D:/D drive recovery/Shiva JH/Projects/OneLake Medallion/data/landing/_reference/products.parquet,_reference
287aafe80d2beee0ac805deb436fdd89,cama_mesa_banho,53.0,128.0,2.0,850.0,50.0,5.0,50.0,2016-01-01 00:00:00.000000,2026-08-27T05:17:09.287600+00:00,D:/D drive recovery/Shiva JH/Projects/OneLake Medallion/data/landing/_reference/products.parquet,_reference
216d7596db68f81bfea69726dd1e5545,pet_shop,52.0,1540.0,4.0,850.0,24.0,20.0,24.0,2016-01-01 00:00:00.000000,2026-08-27T05:17:09.287600+00:00,D:/D drive recovery/Shiva JH/Projects/OneLake Medallion/data/landing/_reference/products.parquet,_reference
519909332323abec396b19dddaebde3b,beleza_saude,28.0,59.0,1.0,125.0,16.0,7.0,12.0,2016-01-01 00:00:00.000000,2026-08-27T05:17:09.287600+00:00,D:/D drive recovery/Shiva JH/Projects/OneLake Medallion/data/landing/_reference/products.parquet,_reference
6548c9763cc930450fb8b73c3353812f,utilidades_domesticas,30.0,334.0,4.0,600.0,19.0,12.0,12.0,2016-01-01 00:00:00.000000,2026-08-27T05:17:09.287600+00:00,D:/D drive recovery/Shiva JH/Projects/OneLake Medallion/data/landing/_reference/products.parquet,_reference
7a9cf133da2a6494259ffeeab11b6276,telefonia,54.0,599.0,1.0,150.0,19.0,4.0,11.0,2016-01-01 00:00:00.000000,2026-08-27T05:17:09.287600+00:00,D:/D drive recovery/Shiva JH/Projects/OneLake Medallion/data/landing/_reference/products.parquet,_reference
a060f64556f311d428c3589617d2db14,cool_stuff,54.0,512.0,1.0,300.0,16.0,6.0,12.0,2016-01-01 00:00:00.000000,2026-08-27T05:17:09.287600+00:00,D:/D drive recovery/Shiva JH/Projects/OneLake Medallion/data/landing/_reference/products.parquet,_reference
640dcd3e549f736cd39e1f943ff14c3b,fashion_bolsas_e_acessorios,29.0,132.0,5.0,50.0,17.0,4.0,13.0,2016-01-01 00:00:00.000000,2026-08-27T05:17:09.287600+00:00,D:/D drive recovery/Shiva JH/Projects/OneLake Medallion/data/landing/_reference/products.parquet,_reference
017692475c1c954ff597feda05131d73,perfumaria,54.0,933.0,1.0,50.0,16.0,5.0,11.0,2016-01-01 00:00:00.000000,2026-08-27T05:17:09.287600+00:00,D:/D drive recovery/Shiva JH/Projects/OneLake Medallion/data/landing/_reference/products.parquet,_reference
d4a3b5aa064bf44e74f1e71862bea22a,utilidades_domesticas,59.0,236.0,1.0,100.0,21.0,9.0,13.0,2016-01-01 00:00:00.000000,2026-08-27T05:17:09.287600+00:00,D:/D drive recovery/Shiva JH/Projects/OneLake Medallion/data/landing/_reference/products.parquet,_reference
553e0e7590d3116a072507a3635d2877,cama_mesa_banho,38.0,735.0,5.0,800.0,20.0,20.0,20.0,2016-01-01 00:00:00.000000,2026-08-27T05:17:09.287600+00:00,D:/D drive recovery/Shiva JH/Projects/OneLake Medallion/data/landing/_reference/products.parquet,_reference
a659cb33082b851fb87a33af8f0fff29,automotivo,60.0,380.0,1.0,150.0,16.0,6.0,11.0,2016-01-01 00:00:00.000000,2026-08-27T05:17:09.287600+00:00,D:/D drive recovery/Shiva JH/Projects/OneLake Medallion/data/landing/_reference/products.parquet,_reference
56fa78f2a0c7d428e8aaa226dac0fbfb,relogios_presentes,39.0,648.0,1.0,400.0,23.0,7.0,17.0,2016-01-01 00:00:00.000000,2026-08-27T05:17:09.287600+00:00,D:/D drive recovery/Shiva JH/Projects/OneLake Medallion/data/landing/_reference/products.parquet,_reference
94f3e00f8ea2e9bd4579796cb9e18e37,papelaria,46.0,940.0,1.0,650.0,30.0,16.0,16.0,2016-01-01 00:00:00.000000,2026-08-27T05:17:09.287600+00:00,D:/D drive recovery/Shiva JH/Projects/OneLake Medallion/data/landing/_reference/products.parquet,_reference
6f5a84d79bc9f79ecd9095e91fc47a2d,esporte_lazer,59.0,261.0,3.0,1100.0,40.0,2.0,40.0,2016-01-01 00:00:00.000000,2026-08-27T05:17:09.287600+00:00,D:/D drive recovery/Shiva JH/Projects/OneLake Medallion/data/landing/_reference/products.parquet,_reference
150c699262a053229e89213dc9c358d2,sinalizacao_e_seguranca,60.0,480.0,1.0,300.0,16.0,14.0,15.0,2016-01-01 00:00:00.000000,2026-08-27T05:17:09.287600+00:00,D:/D drive recovery/Shiva JH/Projects/OneLake Medallion/data/landing/_reference/products.parquet,_reference
372645c7439f9661fbbacfd129aa92ec,cama_mesa_banho,60.0,236.0,1.0,1500.0,34.0,7.0,32.0,2016-01-01 00:00:00.000000,2026-08-27T05:17:09.287600+00:00,D:/D drive recovery/Shiva JH/Projects/OneLake Medallion/data/landing/_reference/products.parquet,_reference
ce3e4366349f6a16dd3732471e3c2697,automotivo,51.0,1008.0,5.0,450.0,27.0,16.0,27.0,2016-01-01 00:00:00.000000,2026-08-27T05:17:09.287600+00:00,D:/D drive recovery/Shiva JH/Projects/OneLake Medallion/data/landing/_reference/products.parquet,_reference
5afde944579b289b99c1ee420b2ad73d,beleza_saude,59.0,633.0,1.0,488.0,18.0,15.0,17.0,2016-01-01 00:00:00.000000,2026-08-27T05:17:09.287600+00:00,D:/D drive recovery/Shiva JH/Projects/OneLake Medallion/data/landing/_reference/products.parquet,_reference
31b8e7c2a22f3dba5183cc110bdd72f7,eletronicos,52.0,602.0,1.0,281.0,17.0,9.0,13.0,2016-01-01 00:00:00.000000,2026-08-27T05:17:09.287600+00:00,D:/D drive recovery/Shiva JH/Projects/OneLake Medallion/data/landing/_reference/products.parquet,_reference
1e41618bcaf005d9f4cba13fb70915bf,relogios_presentes,39.0,1405.0,4.0,1017.0,23.0,16.0,18.0,2016-01-01 00:00:00.000000,2026-08-27T05:17:09.287600+00:00,D:/D drive recovery/Shiva JH/Projects/OneLake Medallion/data/landing/_reference/products.parquet,_reference
ea28ecb788ab4fd8d5dc8bd4b4274209,moveis_decoracao,50.0,1181.0,3.0,2600.0,53.0,8.0,11.0,2016-01-01 00:00:00.000000,2026-08-27T05:17:09.287600+00:00,D:/D drive recovery/Shiva JH/Projects/OneLake Medallion/data/landing/_reference/products.parquet,_reference
121f7f44c9e25be4873ca9296542ebd3,beleza_saude,56.0,2264.0,2.0,1025.0,23.0,18.0,20.0,2016-01-01 00:00:00.000000,2026-08-27T05:17:09.287600+00:00,D:/D drive recovery/Shiva JH/Projects/OneLake Medallion/data/landing/_reference/products.parquet,_reference
af51d485dc5255ba2e18b21b550156e6,malas_acessorios,57.0,674.0,1.0,22350.0,32.0,74.0,53.0,2016-01-01 00:00:00.000000,2026-08-27T05:17:09.287600+00:00,D:/D drive recovery/Shiva JH/Projects/OneLake Medallion/data/landing/_reference/products.parquet,_reference
5fe7fd1b8ea02958b45106dcd79874e8,cama_mesa_banho,57.0,677.0,1.0,1050.0,28.0,14.0,16.0,2016-01-01 00:00:00.000000,2026-08-27T05:17:09.287600+00:00,D:/D drive recovery/Shiva JH/Projects/OneLake Medallion/data/landing/_reference/products.parquet,_reference
52c80cedd4e90108bf4fa6a206ef6b03,ferramentas_jardim,33.0,2188.0,2.0,7650.0,20.0,20.0,20.0,2016-01-01 00:00:00.000000,2026-08-27T05:17:09.287600+00:00,D:/D drive recovery/Shiva JH/Projects/OneLake Medallion/data/landing/_reference/products.parquet,_reference
e840aad8112818661548fda5d12653f2,cama_mesa_banho,59.0,140.0,3.0,1400.0,36.0,8.0,29.0,2016-01-01 00:00:00.000000,2026-08-27T05:17:09.287600+00:00,D:/D drive recovery/Shiva JH/Projects/OneLake Medallion/data/landing/_reference/products.parquet,_reference
4bdcd91fcab0b7401865fa7d7f916253,ferramentas_jardim,59.0,317.0,2.0,7900.0,70.0,8.0,34.0,2016-01-01 00:00:00.000000,2026-08-27T05:17:09.287600+00:00,D:/D drive recovery/Shiva JH/Projects/OneLake Medallion/data/landing/_reference/products.parquet,_reference
815ab08327dd05cc75b2b67311f83239,brinquedos,45.0,698.0,3.0,450.0,20.0,12.0,17.0,2016-01-01 00:00:00.000000,2026-08-27T05:17:09.287600+00:00,D:/D drive recovery/Shiva JH/Projects/OneLake Medallion/data/landing/_reference/products.parquet,_reference
12dc5e5d178b930cf87cf16e812fc2d5,perfumaria,27.0,1280.0,1.0,125.0,16.0,14.0,14.0,2016-01-01 00:00:00.000000,2026-08-27T05:17:09.287600+00:00,D:/D drive recovery/Shiva JH/Projects/OneLake Medallion/data/landing/_reference/products.parquet,_reference
a89d629b52f63724dbee62c0ba9e979e,construcao_ferramentas_jardim,35.0,1151.0,1.0,150.0,16.0,11.0,14.0,2016-01-01 00:00:00.000000,2026-08-27T05:17:09.287600+00:00,D:/D drive recovery/Shiva JH/Projects/OneLake Medallion/data/landing/_reference/products.parquet,_reference
5c31001a08d64b7c60a58f6e5a9604b5,moveis_escritorio,42.0,2065.0,1.0,15100.0,58.0,28.0,56.0,2016-01-01 00:00:00.000000,2026-08-27T05:17:09.287600+00:00,D:/D drive recovery/Shiva JH/Projects/OneLake Medallion/data/landing/_reference/products.parquet,_reference
d24c7932a5182750c209db9a91d209a0,cool_stuff,56.0,1002.0,2.0,4950.0,18.0,32.0,18.0,2016-01-01 00:00:00.000000,2026-08-27T05:17:09.287600+00:00,D:/D drive recovery/Shiva JH/Projects/OneLake Medallion/data/landing/_reference/products.parquet,_reference
662276c22ed1b925786d19da6677e19d,informatica_acessorios,46.0,1458.0,3.0,450.0,27.0,9.0,18.0,2016-01-01 00:00:00.000000,2026-08-27T05:17:09.287600+00:00,D:/D drive recovery/Shiva JH/Projects/OneLake Medallion/data/landing/_reference/products.parquet,_reference
3303c5bebf8d9dd9394a38501c4033f6,moveis_decoracao,62.0,222.0,9.0,1100.0,31.0,11.0,26.0,2016-01-01 00:00:00.000000,2026-08-27T05:17:09.287600+00:00,D:/D drive recovery/Shiva JH/Projects/OneLake Medallion/data/landing/_reference/products.parquet,_reference
7248b99ff380f23a1094ff737a1112fb,casa_conforto,58.0,435.0,1.0,2000.0,20.0,16.0,20.0,2016-01-01 00:00:00.000000,2026-08-27T05:17:09.287600+00:00,D:/D drive recovery/Shiva JH/Projects/OneLake Medallion/data/landing/_reference/products.parquet,_reference
a4aa7c1427c31344e5f7cc3d839fe562,pet_shop,52.0,625.0,8.0,2200.0,50.0,20.0,40.0,2016-01-01 00:00:00.000000,2026-08-27T05:17:09.287600+00:00,D:/D drive recovery/Shiva JH/Projects/OneLake Medallion/data/landing/_reference/products.parquet,_reference
fcf6ad274391aea29f5d6e5ef9da5050,pet_shop,51.0,1592.0,2.0,513.0,19.0,15.0,18.0,2016-01-01 00:00:00.000000,2026-08-27T05:17:09.287600+00:00,D:/D drive recovery/Shiva JH/Projects/OneLake Medallion/data/landing/_reference/products.parquet,_reference
2e0ce433616916840a405d0853407af8,informatica_acessorios,48.0,407.0,1.0,100.0,24.0,14.0,11.0,2016-01-01 00:00:00.000000,2026-08-27T05:17:09.287600+00:00,D:/D drive recovery/Shiva JH/Projects/OneLake Medallion/data/landing/_reference/products.parquet,_reference
cc28e7bdcc3ea1721d32acf3724d99d0,pet_shop,50.0,661.0,1.0,10500.0,63.0,13.0,62.0,2016-01-01 00:00:00.000000,2026-08-27T05:17:09.287600+00:00,D:/D drive recovery/Shiva JH/Projects/OneLake Medallion/data/landing/_reference/products.parquet,_reference
2c930b64f2bd69c30cd3473b82653ae0,moveis_decoracao,63.0,751.0,1.0,1400.0,32.0,12.0,30.0,2016-01-01 00:00:00.000000,2026-08-27T05:17:09.287600+00:00,D:/D drive recovery/Shiva JH/Projects/OneLake Medallion/data/landing/_reference/products.parquet,_reference
0a1902453c06a6bb74a24a4fc60d1611,utilidades_domesticas,41.0,74.0,5.0,200.0,18.0,4.0,12.0,2016-01-01 00:00:00.000000,2026-08-27T05:17:09.287600+00:00,D:/D drive recovery/Shiva JH/Projects/OneLake Medallion/data/landing/_reference/products.parquet,_reference
26644690fde745fc4654719c3904e1db,cama_mesa_banho,59.0,534.0,1.0,40425.0,13.0,65.0,28.0,2016-01-01 00:00:00.000000,2026-08-27T05:17:09.287600+00:00,D:/D drive recovery/Shiva JH/Projects/OneLake Medallion/data/landing/_reference/products.parquet,_reference
7ac6cda1ec564b21b2daa9dc0973c1df,brinquedos,60.0,291.0,4.0,501.0,27.0,22.0,22.0,2016-01-01 00:00:00.000000,2026-08-27T05:17:09.287600+00:00,D:/D drive recovery/Shiva JH/Projects/OneLake Medallion/data/landing/_reference/products.parquet,_reference
985c412b0ac92ed9d8a76bbeab6d44eb,moveis_decoracao,40.0,370.0,3.0,1800.0,34.0,6.0,28.0,2016-01-01 00:00:00.000000,2026-08-27T05:17:09.287600+00:00,D:/D drive recovery/Shiva JH/Projects/OneLake Medallion/data/landing/_reference/products.parquet,_reference
b0c8da302d49498d2ce6be8c631e4e20,informatica_acessorios,24.0,401.0,1.0,213.0,18.0,12.0,13.0,2016-01-01 00:00:00.000000,2026-08-27T05:17:09.287600+00:00,D:/D drive recovery/Shiva JH/Projects/OneLake Medallion/data/landing/_reference/products.parquet,_reference
7ace8e994998f636a12d3cdc71c6b942,informatica_acessorios,39.0,290.0,1.0,117.0,23.0,14.0,14.0,2016-01-01 00:00:00.000000,2026-08-27T05:17:09.287600+00:00,D:/D drive recovery/Shiva JH/Projects/OneLake Medallion/data/landing/_reference/products.parquet,_reference
f5f0e64686adaf487590fbb8a75a1d2c,esporte_lazer,51.0,929.0,1.0,2200.0,22.0,22.0,22.0,2016-01-01 00:00:00.000000,2026-08-27T05:17:09.287600+00:00,D:/D drive recovery/Shiva JH/Projects/OneLake Medallion/data/landing/_reference/products.parquet,_reference
cd2c03056720c7de4d6a59c1167bdee0,fashion_bolsas_e_acessorios,50.0,554.0,3.0,100.0,16.0,5.0,11.0,2016-01-01 00:00:00.000000,2026-08-27T05:17:09.287600+00:00,D:/D drive recovery/Shiva JH/Projects/OneLake Medallion/data/landing/_reference/products.parquet,_reference
c2dcfc26a9e55c3ef878f762a91de377,esporte_lazer,56.0,942.0,2.0,650.0,17.0,5.0,17.0,2016-01-01 00:00:00.000000,2026-08-27T05:17:09.287600+00:00,D:/D drive recovery/Shiva JH/Projects/OneLake Medallion/data/landing/_reference/products.parquet,_reference
b192be433004cc1f10b467c0e9ea309b,informatica_acessorios,57.0,977.0,1.0,725.0,25.0,8.0,24.0,2016-01-01 00:00:00.000000,2026-08-27T05:17:09.287600+00:00,D:/D drive recovery/Shiva JH/Projects/OneLake Medallion/data/landing/_reference/products.parquet,_reference
ecf9484703bdfb9cfcc1ac9c2084b567,utilidades_domesticas,57.0,270.0,5.0,11400.0,45.0,19.0,45.0,2016-01-01 00:00:00.000000,2026-08-27T05:17:09.287600+00:00,D:/D drive recovery/Shiva JH/Projects/OneLake Medallion/data/landing/_reference/products.parquet,_reference
bc3df33d80a595ba6d8bfe2212182bee,instrumentos_musicais,52.0,569.0,5.0,800.0,23.0,7.0,22.0,2016-01-01 00:00:00.000000,2026-08-27T05:17:09.287600+00:00,D:/D drive recovery/Shiva JH/Projects/OneLake Medallion/data/landing/_reference/products.parquet,_reference
78bef8d05453a2ecd72281bcf2dcbcdc,livros_interesse_geral,57.0,1121.0,1.0,475.0,15.0,12.0,16.0,2016-01-01 00:00:00.000000,2026-08-27T05:17:09.287600+00:00,D:/D drive recovery/Shiva JH/Projects/OneLake Medallion/data/landing/_reference/products.parquet,_reference
48633254f8b7b802b1ca8c4f4dcf3e33,artes,53.0,638.0,10.0,200.0,25.0,5.0,33.0,2016-01-01 00:00:00.000000,2026-08-27T05:17:09.287600+00:00,D:/D drive recovery/Shiva JH/Projects/OneLake Medallion/data/landing/_reference/products.parquet,_reference
e6c281e2c53db0da44ecb84c5451d25e,informatica_acessorios,54.0,897.0,5.0,175.0,17.0,8.0,13.0,2016-01-01 00:00:00.000000,2026-08-27T05:17:09.287600+00:00,D:/D drive recovery/Shiva JH/Projects/OneLake Medallion/data/landing/_reference/products.parquet,_reference
641a45900528e8324c4848dda4e0a3fa,utilidades_domesticas,55.0,303.0,1.0,250.0,30.0,30.0,30.0,2016-01-01 00:00:00.000000,2026-08-27T05:17:09.287600+00:00,D:/D drive recovery/Shiva JH/Projects/OneLake Medallion/data/landing/_reference/products.parquet,_reference
652683d85a89f3b134e44989a601bc58,livros_tecnicos,30.0,246.0,1.0,1100.0,28.0,3.0,21.0,2016-01-01 00:00:00.000000,2026-08-27T05:17:09.287600+00:00,D:/D drive recovery/Shiva JH/Projects/OneLake Medallion/data/landing/_reference/products.parquet,_reference
d1040cea3114b6e9f7e2170dc39af1db,perfumaria,42.0,367.0,2.0,250.0,21.0,4.0,15.0,2016-01-01 00:00:00.000000,2026-08-27T05:17:09.287600+00:00,D:/D drive recovery/Shiva JH/Projects/OneLake Medallion/data/landing/_reference/products.parquet,_reference
937a43407f2cf75f612cef2795160860,utilidades_domesticas,50.0,401.0,1.0,16500.0,38.0,65.0,45.0,2016-01-01 00:00:00.000000,2026-08-27T05:17:09.287600+00:00,D:/D drive recovery/Shiva JH/Projects/OneLake Medallion/data/landing/_reference/products.parquet,_reference
23ed7a10a36c6f88a757a9c83df9ea20,perfumaria,31.0,329.0,1.0,471.0,18.0,12.0,15.0,2016-01-01 00:00:00.000000,2026-08-27T05:17:09.287600+00:00,D:/D drive recovery/Shiva JH/Projects/OneLake Medallion/data/landing/_reference/products.parquet,_reference
ca169d8dceee80e88508bc636a2aac96,cama_mesa_banho,53.0,167.0,1.0,1900.0,47.0,7.0,35.0,2016-01-01 00:00:00.000000,2026-08-27T05:17:09.287600+00:00,D:/D drive recovery/Shiva JH/Projects/OneLake Medallion/data/landing/_reference/products.parquet,_reference
36efd30e7c14e8ed3a6557e9104112b3,eletronicos,58.0,1912.0,4.0,100.0,16.0,3.0,12.0,2016-01-01 00:00:00.000000,2026-08-27T05:17:09.287600+00:00,D:/D drive recovery/Shiva JH/Projects/OneLake Medallion/data/landing/_reference/products.parquet,_reference
7c898e0b8ea203dd94ba846627fc34d1,moveis_escritorio,33.0,1207.0,1.0,12650.0,54.0,54.0,18.0,2016-01-01 00:00:00.000000,2026-08-27T05:17:09.287600+00:00,D:/D drive recovery/Shiva JH/Projects/OneLake Medallion/data/landing/_reference/products.parquet,_reference
562970ce0462981e1699d50878a10450,utilidades_domesticas,57.0,1348.0,9.0,375.0,28.0,11.0,15.0,2016-01-01 00:00:00.000000,2026-08-27T05:17:09.287600+00:00,D:/D drive recovery/Shiva JH/Projects/OneLake Medallion/data/landing/_reference/products.parquet,_reference
e9b3cf27d68caa64832c4a7c460abcb9,market_place,43.0,1373.0,3.0,1200.0,40.0,10.0,30.0,2016-01-01 00:00:00.000000,2026-08-27T05:17:09.287600+00:00,D:/D drive recovery/Shiva JH/Projects/OneLake Medallion/data/landing/_reference/products.parquet,_reference
fdcd8c17805ad801a924cf11272a2834,esporte_lazer,46.0,1027.0,5.0,2050.0,90.0,8.0,15.0,2016-01-01 00:00:00.000000,2026-08-27T05:17:09.287600+00:00,D:/D drive recovery/Shiva JH/Projects/OneLake Medallion/data/landing/_reference/products.parquet,_reference
25c38557cf793876c5abdd5931f922db,bebes,58.0,1447.0,5.0,15800.0,38.0,62.0,57.0,2016-01-01 00:00:00.000000,2026-08-27T05:17:09.287600+00:00,D:/D drive recovery/Shiva JH/Projects/OneLake Medallion/data/landing/_reference/products.parquet,_reference
740c0ddee707e6ed16e436d2358f5860,bebes,45.0,471.0,3.0,8250.0,44.0,32.0,35.0,2016-01-01 00:00:00.000000,2026-08-27T05:17:09.287600+00:00,D:/D drive recovery/Shiva JH/Projects/OneLake Medallion/data/landing/_reference/products.parquet,_reference
9d014dd97b32b1631dbbf5b35c4c36a1,ferramentas_jardim,55.0,145.0,1.0,2900.0,36.0,7.0,27.0,2016-01-01 00:00:00.000000,2026-08-27T05:17:09.287600+00:00,D:/D drive recovery/Shiva JH/Projects/OneLake Medallion/data/landing/_reference/products.parquet,_reference
58816ce2ec224ea03aff8abe045f8407,alimentos,60.0,730.0,5.0,1050.0,23.0,15.0,21.0,2016-01-01 00:00:00.000000,2026-08-27T05:17:09.287600+00:00,D:/D drive recovery/Shiva JH/Projects/OneLake Medallion/data/landing/_reference/products.parquet,_reference
259bd66612b61aa4e82ce3cde9272bbc,utilidades_domesticas,57.0,970.0,5.0,250.0,16.0,4.0,11.0,2016-01-01 00:00:00.000000,2026-08-27T05:17:09.287600+00:00,D:/D drive recovery/Shiva JH/Projects/OneLake Medallion/data/landing/_reference/products.parquet,_reference
54bb3470c28291c7252832f0437ca469,cama_mesa_banho,58.0,207.0,1.0,500.0,50.0,11.0,40.0,2016-01-01 00:00:00.000000,2026-08-27T05:17:09.287600+00:00,D:/D drive recovery/Shiva JH/Projects/OneLake Medallion/data/landing/_reference/products.parquet,_reference
481aad97c80d6786a7c6096991003274,relogios_presentes,57.0,441.0,3.0,450.0,16.0,17.0,13.0,2016-01-01 00:00:00.000000,2026-08-27T05:17:09.287600+00:00,D:/D drive recovery/Shiva JH/Projects/OneLake Medallion/data/landing/_reference/products.parquet,_reference
45986044725e448e85eb0d81251a8892,cama_mesa_banho,50.0,484.0,1.0,3950.0,70.0,20.0,70.0,2016-01-01 00:00:00.000000,2026-08-27T05:17:09.287600+00:00,D:/D drive recovery/Shiva JH/Projects/OneLake Medallion/data/landing/_reference/products.parquet,_reference
f9f8bd8b40b145240563d5e05ac4c75d,pet_shop,38.0,769.0,1.0,60.0,20.0,10.0,15.0,2016-01-01 00:00:00.000000,2026-08-27T05:17:09.287600+00:00,D:/D drive recovery/Shiva JH/Projects/OneLake Medallion/data/landing/_reference/products.parquet,_reference
ee406bf28024d97771c4b1e8b7e8e219,cool_stuff,54.0,629.0,1.0,1050.0,36.0,24.0,22.0,2016-01-01 00:00:00.000000,2026-08-27T05:17:09.287600+00:00,D:/D drive recovery/Shiva JH/Projects/OneLake Medallion/data/landing/_reference/products.parquet,_reference
629e019a6f298a83aeecc7877964f935,automotivo,57.0,1166.0,5.0,1750.0,30.0,30.0,30.0,2016-01-01 00:00:00.000000,2026-08-27T05:17:09.287600+00:00,D:/D drive recovery/Shiva JH/Projects/OneLake Medallion/data/landing/_reference/products.parquet,_reference
668627d7997bde540866a91f02484ae6,esporte_lazer,50.0,1039.0,1.0,319.0,18.0,12.0,15.0,2016-01-01 00:00:00.000000,2026-08-27T05:17:09.287600+00:00,D:/D drive recovery/Shiva JH/Projects/OneLake Medallion/data/landing/_reference/products.parquet,_reference
bfc0d01be79d9038c7720f983bf954e0,relogios_presentes,59.0,2852.0,2.0,950.0,40.0,20.0,12.0,2016-01-01 00:00:00.000000,2026-08-27T05:17:09.287600+00:00,D:/D drive recovery/Shiva JH/Projects/OneLake Medallion/data/landing/_reference/products.parquet,_reference
52d7a7207b9646509bdc754fed3a0cef,cama_mesa_banho,54.0,624.0,2.0,413.0,54.0,4.0,39.0,2016-01-01 00:00:00.000000,2026-08-27T05:17:09.287600+00:00,D:/D drive recovery/Shiva JH/Projects/OneLake Medallion/data/landing/_reference/products.parquet,_reference
e4ca5b20cfe1a020e15e36fe14e880ee,eletronicos,46.0,331.0,1.0,125.0,20.0,13.0,18.0,2016-01-01 00:00:00.000000,2026-08-27T05:17:09.287600+00:00,D:/D drive recovery/Shiva JH/Projects/OneLake Medallion/data/landing/_reference/products.parquet,_reference
0b0918a3b5efe0c8ea609a26b14e1bff,telefonia,60.0,752.0,6.0,300.0,17.0,4.0,12.0,2016-01-01 00:00:00.000000,2026-08-27T05:17:09.287600+00:00,D:/D drive recovery/Shiva JH/Projects/OneLake Medallion/data/landing/_reference/products.parquet,_reference
f9259c9e7c0f12c70f7a81409680a5ff,esporte_lazer,45.0,407.0,2.0,925.0,52.0,21.0,33.0,2016-01-01 00:00:00.000000,2026-08-27T05:17:09.287600+00:00,D:/D drive recovery/Shiva JH/Projects/OneLake Medallion/data/landing/_reference/products.parquet,_reference
7d33844ffd50c5fb265a1e0ba03d9470,consoles_games,23.0,464.0,2.0,150.0,24.0,5.0,24.0,2016-01-01 00:00:00.000000,2026-08-27T05:17:09.287600+00:00,D:/D drive recovery/Shiva JH/Projects/OneLake Medallion/data/landing/_reference/products.parquet,_reference
b60856ce32d90658dbf99b9485327c25,eletronicos,40.0,429.0,1.0,150.0,25.0,7.0,16.0,2016-01-01 00:00:00.000000,2026-08-27T05:17:09.287600+00:00,D:/D drive recovery/Shiva JH/Projects/OneLake Medallion/data/landing/_reference/products.parquet,_reference
89321f94e35fc6d7903d36f74e351d40,alimentos,59.0,982.0,1.0,150.0,17.0,13.0,13.0,2016-01-01 00:00:00.000000,2026-08-27T05:17:09.287600+00:00,D:/D drive recovery/Shiva JH/Projects/OneLake Medallion/data/landing/_reference/products.parquet,_reference
15d44826d5399e2de342314886ff0e05,esporte_lazer,52.0,822.0,1.0,2400.0,21.0,21.0,21.0,2016-01-01 00:00:00.000000,2026-08-27T05:17:09.287600+00:00,D:/D drive recovery/Shiva JH/Projects/OneLake Medallion/data/landing/_reference/products.parquet,_reference
0900e9b18da6627157a7e47a8ac8fc08,relogios_presentes,56.0,179.0,3.0,200.0,16.0,2.0,20.0,2016-01-01 00:00:00.000000,2026-08-27T05:17:09.287600+00:00,D:/D drive recovery/Shiva JH/Projects/OneLake Medallion/data/landing/_reference/products.parquet,_reference
b69eb25e3a4def8e9cddee18712e0c5e,cool_stuff,59.0,993.0,5.0,7750.0,34.0,33.0,33.0,2016-01-01 00:00:00.000000,2026-08-27T05:17:09.287600+00:00,D:/D drive recovery/Shiva JH/Projects/OneLake Medallion/data/landing/_reference/products.parquet,_reference
86aa61695c6b6cbf8dbbd986e04f673c,cama_mesa_banho,43.0,861.0,1.0,400.0,20.0,10.0,20.0,2016-01-01 00:00:00.000000,2026-08-27T05:17:09.287600+00:00,D:/D drive recovery/Shiva JH/Projects/OneLake Medallion/data/landing/_reference/products.parquet,_reference
25f86162fee18735fffdb762dcb10d7c,cama_mesa_banho,58.0,2400.0,2.0,10800.0,54.0,27.0,36.0,2016-01-01 00:00:00.000000,2026-08-27T05:17:09.287600+00:00,D:/D drive recovery/Shiva JH/Projects/OneLake Medallion/data/landing/_reference/products.parquet,_reference
ad2037645597db38527fe3afbe226af2,bebidas,48.0,886.0,2.0,850.0,22.0,17.0,17.0,2016-01-01 00:00:00.000000,2026-08-27T05:17:09.287600+00:00,D:/D drive recovery/Shiva JH/Projects/OneLake Medallion/data/landing/_reference/products.parquet,_reference
3d4784f9a07ca5de370c86800589c860,,,,,1350.0,16.0,7.0,20.0,2016-01-01 00:00:00.000000,2026-08-27T05:17:09.287600+00:00,D:/D drive recovery/Shiva JH/Projects/OneLake Medallion/data/landing/_reference/products.parquet,_reference
11a0fdc4251f15bb96dbfff7ef5475eb,moveis_decoracao,59.0,2007.0,4.0,2850.0,69.0,11.0,11.0,2016-01-01 00:00:00.000000,2026-08-27T05:17:09.287600+00:00,D:/D drive recovery/Shiva JH/Projects/OneLake Medallion/data/landing/_reference/products.parquet,_reference
d84895a804248d73a16480c0b2e18604,esporte_lazer,47.0,527.0,1.0,1150.0,26.0,25.0,23.0,2016-01-01 00:00:00.000000,2026-08-27T05:17:09.287600+00:00,D:/D drive recovery/Shiva JH/Projects/OneLake Medallion/data/landing/_reference/products.parquet,_reference
943c812216923e4244e83099e0c62a08,beleza_saude,59.0,1912.0,4.0,1000.0,16.0,27.0,25.0,2016-01-01 00:00:00.000000,2026-08-27T05:17:09.287600+00:00,D:/D drive recovery/Shiva JH/Projects/OneLake Medallion/data/landing/_reference/products.parquet,_reference
8cd9fd2917c6e1b0f29acae309d564fe,malas_acessorios,45.0,223.0,1.0,800.0,47.0,10.0,32.0,2016-01-01 00:00:00.000000,2026-08-27T05:17:09.287600+00:00,D:/D drive recovery/Shiva JH/Projects/OneLake Medallion/data/landing/_reference/products.parquet,_reference
89b121bee266dcd25688a1ba72eefb61,informatica_acessorios,54.0,1169.0,1.0,150.0,16.0,16.0,16.0,2016-01-01 00:00:00.000000,2026-08-27T05:17:09.287600+00:00,D:/D drive recovery/Shiva JH/Projects/OneLake Medallion/data/landing/_reference/products.parquet,_reference
95f04ee255992d18cec1e3df22f82a6b,esporte_lazer,56.0,359.0,2.0,700.0,30.0,15.0,25.0,2016-01-01 00:00:00.000000,2026-08-27T05:17:09.287600+00:00,D:/D drive recovery/Shiva JH/Projects/OneLake Medallion/data/landing/_reference/products.parquet,_reference
f84d16882251975d1c1d1c64d551c330,automotivo,40.0,1006.0,2.0,5700.0,97.0,3.0,47.0,2016-01-01 00:00:00.000000,2026-08-27T05:17:09.287600+00:00,D:/D drive recovery/Shiva JH/Projects/OneLake Medallion/data/landing/_reference/products.parquet,_reference
4a25d757ff72fad7534f478c90be77e6,telefonia,59.0,751.0,6.0,275.0,18.0,4.0,12.0,2016-01-01 00:00:00.000000,2026-08-27T05:17:09.287600+00:00,D:/D drive recovery/Shiva JH/Projects/OneLake Medallion/data/landing/_reference/products.parquet,_reference
bfbb69c5813c20a95466cc03a1274efd,cama_mesa_banho,52.0,286.0,1.0,1400.0,45.0,15.0,35.0,2016-01-01 00:00:00.000000,2026-08-27T05:17:09.287600+00:00,D:/D drive recovery/Shiva JH/Projects/OneLake Medallion/data/landing/_reference/products.parquet,_reference
ec2f95440d5e5376e3a25c8106f5ba76,audio,27.0,1479.0,2.0,300.0,20.0,16.0,16.0,2016-01-01 00:00:00.000000,2026-08-27T05:17:09.287600+00:00,D:/D drive recovery/Shiva JH/Projects/OneLake Medallion/data/landing/_reference/products.parquet,_reference
8999ae93f98ab5d5b5f5efbd4c2b8f88,moveis_decoracao,22.0,232.0,1.0,400.0,16.0,14.0,16.0,2016-01-01 00:00:00.000000,2026-08-27T05:17:09.287600+00:00,D:/D drive recovery/Shiva JH/Projects/OneLake Medallion/data/landing/_reference/products.parquet,_reference
4fc5968ccd1881352d73d321e174df9a,moveis_sala,42.0,336.0,2.0,10850.0,73.0,34.0,22.0,2016-01-01 00:00:00.000000,2026-08-27T05:17:09.287600+00:00,D:/D drive recovery/Shiva JH/Projects/OneLake Medallion/data/landing/_reference/products.parquet,_reference
ec5b3c8bb77ad22278f6e9d719a83de3,casa_conforto_2,46.0,348.0,1.0,700.0,65.0,18.0,28.0,2016-01-01 00:00:00.000000,2026-08-27T05:17:09.287600+00:00,D:/D drive recovery/Shiva JH/Projects/OneLake Medallion/data/landing/_reference/products.parquet,_reference
ecbe1ef7e2903ff8b1d704ba78fa264d,esporte_lazer,47.0,920.0,1.0,902.0,19.0,21.0,16.0,2016-01-01 00:00:00.000000,2026-08-27T05:17:09.287600+00:00,D:/D drive recovery/Shiva JH/Projects/OneLake Medallion/data/landing/_reference/products.parquet,_reference
90f39a309a8c05fa7aa4ef02178059cb,papelaria,48.0,605.0,5.0,1000.0,40.0,35.0,28.0,2016-01-01 00:00:00.000000,2026-08-27T05:17:09.287600+00:00,D:/D drive recovery/Shiva JH/Projects/OneLake Medallion/data/landing/_reference/products.parquet,_reference
bff381f7e26b290f53b9f5669eb7dfd5,beleza_saude,26.0,1518.0,1.0,650.0,26.0,17.0,21.0,2016-01-01 00:00:00.000000,2026-08-27T05:17:09.287600+00:00,D:/D drive recovery/Shiva JH/Projects/OneLake Medallion/data/landing/_reference/products.parquet,_reference
11250b0d4b709fee92441c5f34122aed,agro_industria_e_comercio,28.0,388.0,2.0,3000.0,30.0,30.0,20.0,2016-01-01 00:00:00.000000,2026-08-27T05:17:09.287600+00:00,D:/D drive recovery/Shiva JH/Projects/OneLake Medallion/data/landing/_reference/products.parquet,_reference
7ff398be53b9d0ce7eb2b2e934696b15,eletronicos,60.0,599.0,2.0,100.0,17.0,3.0,12.0,2016-01-01 00:00:00.000000,2026-08-27T05:17:09.287600+00:00,D:/D drive recovery/Shiva JH/Projects/OneLake Medallion/data/landing/_reference/products.parquet,_reference
a5215a7a9f46c4185b12f38e9ddf2abc,pcs,55.0,3632.0,4.0,2800.0,16.0,31.0,39.0,2016-01-01 00:00:00.000000,2026-08-27T05:17:09.287600+00:00,D:/D drive recovery/Shiva JH/Projects/OneLake Medallion/data/landing/_reference/products.parquet,_reference
5b1f3328a2c6f837ecce21bca1489939,construcao_ferramentas_construcao,54.0,337.0,1.0,2850.0,21.0,8.0,21.0,2016-01-01 00:00:00.000000,2026-08-27T05:17:09.287600+00:00,D:/D drive recovery/Shiva JH/Projects/OneLake Medallion/data/landing/_reference/products.parquet,_reference
2d4910ed534d58d6b37408bb5bd46c0f,utilidades_domesticas,55.0,419.0,2.0,13100.0,80.0,20.0,33.0,2016-01-01 00:00:00.000000,2026-08-27T05:17:09.287600+00:00,D:/D drive recovery/Shiva JH/Projects/OneLake Medallion/data/landing/_reference/products.parquet,_reference
f908d3bf313a1308bfb2a46ea2685347,brinquedos,21.0,587.0,2.0,100.0,20.0,20.0,20.0,2016-01-01 00:00:00.000000,2026-08-27T05:17:09.287600+00:00,D:/D drive recovery/Shiva JH/Projects/OneLake Medallion/data/landing/_reference/products.parquet,_reference
7f10c4dc56e0a914b0552b6c3ab524c2,automotivo,50.0,232.0,1.0,1910.0,23.0,19.0,24.0,2016-01-01 00:00:00.000000,2026-08-27T05:17:09.287600+00:00,D:/D drive recovery/Shiva JH/Projects/OneLake Medallion/data/landing/_reference/products.parquet,_reference
cc971e0365873137b8bef2ebad633e6f,cool_stuff,54.0,1001.0,1.0,2400.0,42.0,25.0,15.0,2016-01-01 00:00:00.000000,2026-08-27T05:17:09.287600+00:00,D:/D drive recovery/Shiva JH/Projects/OneLake Medallion/data/landing/_reference/products.parquet,_reference
2948658cb6abc82847412be7201bfc4c,beleza_saude,59.0,1030.0,5.0,3500.0,36.0,25.0,21.0,2016-01-01 00:00:00.000000,2026-08-27T05:17:09.287600+00:00,D:/D drive recovery/Shiva JH/Projects/OneLake Medallion/data/landing/_reference/products.parquet,_reference
0640a217fe729c5b8f61fd475f1fc22c,telefonia,60.0,786.0,5.0,350.0,17.0,4.0,12.0,2016-01-01 00:00:00.000000,2026-08-27T05:17:09.287600+00:00,D:/D drive recovery/Shiva JH/Projects/OneLake Medallion/data/landing/_reference/products.parquet,_reference
bda14a918da6a4fa9168277a57d59578,esporte_lazer,60.0,1569.0,3.0,1900.0,105.0,15.0,15.0,2016-01-01 00:00:00.000000,2026-08-27T05:17:09.287600+00:00,D:/D drive recovery/Shiva JH/Projects/OneLake Medallion/data/landing/_reference/products.parquet,_reference
9fa1e97015f5c5e76add50079bb0ab44,perfumaria,37.0,337.0,1.0,400.0,20.0,20.0,20.0,2016-01-01 00:00:00.000000,2026-08-27T05:17:09.287600+00:00,D:/D drive recovery/Shiva JH/Projects/OneLake Medallion/data/landing/_reference/products.parquet,_reference
7612afaa8218e79b3011243ed9edea9c,esporte_lazer,53.0,1135.0,5.0,3450.0,40.0,100.0,20.0,2016-01-01 00:00:00.000000,2026-08-27T05:17:09.287600+00:00,D:/D drive recovery/Shiva JH/Projects/OneLake Medallion/data/landing/_reference/products.parquet,_reference
d7238572bdd6dc8facf58ab8f0e3cd29,telefonia,36.0,343.0,1.0,150.0,18.0,4.0,11.0,2016-01-01 00:00:00.000000,2026-08-27T05:17:09.287600+00:00,D:/D drive recovery/Shiva JH/Projects/OneLake Medallion/data/landing/_reference/products.parquet,_reference
f2844deda444d0208297c6d614d1493f,eletrodomesticos,60.0,129.0,1.0,450.0,27.0,13.0,17.0,2016-01-01 00:00:00.000000,2026-08-27T05:17:09.287600+00:00,D:/D drive recovery/Shiva JH/Projects/OneLake Medallion/data/landing/_reference/products.parquet,_reference
95b5840b09c3e9adc94a0f6bc783f4ef,artigos_de_natal,54.0,265.0,1.0,300.0,16.0,15.0,11.0,2016-01-01 00:00:00.000000,2026-08-27T05:17:09.287600+00:00,D:/D drive recovery/Shiva JH/Projects/OneLake Medallion/data/landing/_reference/products.parquet,_reference
8a268b8b0057a96777235e93d20ff37c,cool_stuff,47.0,291.0,2.0,400.0,20.0,10.0,20.0,2016-01-01 00:00:00.000000,2026-08-27T05:17:09.287600+00:00,D:/D drive recovery/Shiva JH/Projects/OneLake Medallion/data/landing/_reference/products.parquet,_reference
ba230fc7bcaa2f503c46d73098caeb66,eletrodomesticos_2,58.0,722.0,1.0,18250.0,45.0,95.0,25.0,2016-01-01 00:00:00.000000,2026-08-27T05:17:09.287600+00:00,D:/D drive recovery/Shiva JH/Projects/OneLake Medallion/data/landing/_reference/products.parquet,_reference
7825a7c4f9edb6b219eb94c29e86e7b9,papelaria,59.0,504.0,6.0,800.0,22.0,7.0,15.0,2016-01-01 00:00:00.000000,2026-08-27T05:17:09.287600+00:00,D:/D drive recovery/Shiva JH/Projects/OneLake Medallion/data/landing/_reference/products.parquet,_reference
8daaaa541e5e7170db4188f93911ab3a,pet_shop,51.0,113.0,1.0,250.0,16.0,20.0,11.0,2016-01-01 00:00:00.000000,2026-08-27T05:17:09.287600+00:00,D:/D drive recovery/Shiva JH/Projects/OneLake Medallion/data/landing/_reference/products.parquet,_reference
0da9ffd92214425d880de3f94e74ce39,construcao_ferramentas_construcao,33.0,449.0,3.0,10900.0,39.0,12.0,42.0,2016-01-01 00:00:00.000000,2026-08-27T05:17:09.287600+00:00,D:/D drive recovery/Shiva JH/Projects/OneLake Medallion/data/landing/_reference/products.parquet,_reference
47ed478ee7b2696c2c49229fcad56e98,perfumaria,55.0,556.0,7.0,1800.0,26.0,26.0,35.0,2016-01-01 00:00:00.000000,2026-08-27T05:17:09.287600+00:00,D:/D drive recovery/Shiva JH/Projects/OneLake Medallion/data/landing/_reference/products.parquet,_reference
18290697e1929309b3195d2931c91b09,automotivo,50.0,750.0,1.0,2313.0,45.0,11.0,32.0,2016-01-01 00:00:00.000000,2026-08-27T05:17:09.287600+00:00,D:/D drive recovery/Shiva JH/Projects/OneLake Medallion/data/landing/_reference/products.parquet,_reference
c3fa41b1f851451aaea66f41ebf170d1,automotivo,53.0,766.0,1.0,600.0,16.0,2.0,11.0,2016-01-01 00:00:00.000000,2026-08-27T05:17:09.287600+00:00,D:/D drive recovery/Shiva JH/Projects/OneLake Medallion/data/landing/_reference/products.parquet,_reference
a9fa0428bc677ac4d0a948fe2982ad1d,esporte_lazer,49.0,409.0,1.0,200.0,24.0,5.0,21.0,2016-01-01 00:00:00.000000,2026-08-27T05:17:09.287600+00:00,D:/D drive recovery/Shiva JH/Projects/OneLake Medallion/data/landing/_reference/products.parquet,_reference
91b08d34d0ba4db44da2dc382867ba49,telefonia,47.0,137.0,2.0,100.0,16.0,4.0,11.0,2016-01-01 00:00:00.000000,2026-08-27T05:17:09.287600+00:00,D:/D drive recovery/Shiva JH/Projects/OneLake Medallion/data/landing/_reference/products.parquet,_reference
a39dac35775c3a863b0b7b6d72e839ca,utilidades_domesticas,43.0,254.0,4.0,550.0,16.0,5.0,12.0,2016-01-01 00:00:00.000000,2026-08-27T05:17:09.287600+00:00,D:/D drive recovery/Shiva JH/Projects/OneLake Medallion/data/landing/_reference/products.parquet,_reference
c6e3c9a59b663e36a8b95b2dde81fa33,esporte_lazer,30.0,451.0,2.0,1300.0,30.0,10.0,25.0,2016-01-01 00:00:00.000000,2026-08-27T05:17:09.287600+00:00,D:/D drive recovery/Shiva JH/Projects/OneLake Medallion/data/landing/_reference/products.parquet,_reference
7f1a77bec0639e473392e91a504272a5,cool_stuff,57.0,605.0,4.0,575.0,30.0,11.0,17.0,2016-01-01 00:00:00.000000,2026-08-27T05:17:09.287600+00:00,D:/D drive recovery/Shiva JH/Projects/OneLake Medallion/data/landing/_reference/products.parquet,_reference
ac2bcc51d3c713389dd531c5af569f3c,moveis_decoracao,32.0,192.0,2.0,800.0,18.0,12.0,18.0,2016-01-01 00:00:00.000000,2026-08-27T05:17:09.287600+00:00,D:/D drive recovery/Shiva JH/Projects/OneLake Medallion/data/landing/_reference/products.parquet,_reference
e5bd04e8e3cb77f1a49404d588d3e528,cama_mesa_banho,46.0,348.0,1.0,600.0,26.0,2.0,20.0,2016-01-01 00:00:00.000000,2026-08-27T05:17:09.287600+00:00,D:/D drive recovery/Shiva JH/Projects/OneLake Medallion/data/landing/_reference/products.parquet,_reference
913580fde3e72c3b3e4ce0b79963bee6,telefonia_fixa,53.0,318.0,4.0,100.0,16.0,5.0,13.0,2016-01-01 00:00:00.000000,2026-08-27T05:17:09.287600+00:00,D:/D drive recovery/Shiva JH/Projects/OneLake Medallion/data/landing/_reference/products.parquet,_reference
0a57f7d2c983bcf8188589a5fea4a8da,relogios_presentes,33.0,932.0,1.0,396.0,18.0,11.0,14.0,2016-01-01 00:00:00.000000,2026-08-27T05:17:09.287600+00:00,D:/D drive recovery/Shiva JH/Projects/OneLake Medallion/data/landing/_reference/products.parquet,_reference
99b89f140f651db441848081814dd1a1,informatica_acessorios,32.0,296.0,1.0,1000.0,24.0,25.0,21.0,2016-01-01 00:00:00.000000,2026-08-27T05:17:09.287600+00:00,D:/D drive recovery/Shiva JH/Projects/OneLake Medallion/data/landing/_reference/products.parquet,_reference
5ca414808a1673669317d56dd0fd6b1b,beleza_saude,35.0,262.0,3.0,1200.0,19.0,15.0,23.0,2016-01-01 00:00:00.000000,2026-08-27T05:17:09.287600+00:00,D:/D drive recovery/Shiva JH/Projects/OneLake Medallion/data/landing/_reference/products.parquet,_reference
13befae9b3fb34c439cf4744fd18dfa7,cama_mesa_banho,43.0,124.0,1.0,250.0,40.0,4.0,30.0,2016-01-01 00:00:00.000000,2026-08-27T05:17:09.287600+00:00,D:/D drive recovery/Shiva JH/Projects/OneLake Medallion/data/landing/_reference/products.parquet,_reference
4b6b3a7072d549354c3743dedbf4170a,relogios_presentes,60.0,160.0,3.0,350.0,16.0,2.0,20.0,2016-01-01 00:00:00.000000,2026-08-27T05:17:09.287600+00:00,D:/D drive recovery/Shiva JH/Projects/OneLake Medallion/data/landing/_reference/products.parquet,_reference
14aa8b2c8709b5e12cf97b252e111a59,ferramentas_jardim,60.0,177.0,11.0,1000.0,35.0,20.0,20.0,2016-01-01 00:00:00.000000,2026-08-27T05:17:09.287600+00:00,D:/D drive recovery/Shiva JH/Projects/OneLake Medallion/data/landing/_reference/products.parquet,_reference
c94d19d021d4a8fbae5a45f904aeea90,moveis_sala,34.0,612.0,4.0,9750.0,27.0,15.0,92.0,2016-01-01 00:00:00.000000,2026-08-27T05:17:09.287600+00:00,D:/D drive recovery/Shiva JH/Projects/OneLake Medallion/data/landing/_reference/products.parquet,_reference
82291b3a952e46978d916dc09dfecc2d,utilidades_domesticas,60.0,970.0,2.0,850.0,38.0,20.0,26.0,2016-01-01 00:00:00.000000,2026-08-27T05:17:09.287600+00:00,D:/D drive recovery/Shiva JH/Projects/OneLake Medallion/data/landing/_reference/products.parquet,_reference
bad9d1329b763d5a67f2d5d6b0a5f94d,bebidas,40.0,423.0,1.0,1400.0,18.0,34.0,18.0,2016-01-01 00:00:00.000000,2026-08-27T05:17:09.287600+00:00,D:/D drive recovery/Shiva JH/Projects/OneLake Medallion/data/landing/_reference/products.parquet,_reference
6d9c13461ff3d5e84455aec235969d23,eletronicos,30.0,361.0,1.0,200.0,25.0,7.0,16.0,2016-01-01 00:00:00.000000,2026-08-27T05:17:09.287600+00:00,D:/D drive recovery/Shiva JH/Projects/OneLake Medallion/data/landing/_reference/products.parquet,_reference
657247f6f60543b93e3cc708a8e6329c,malas_acessorios,53.0,526.0,2.0,18050.0,75.0,20.0,50.0,2016-01-01 00:00:00.000000,2026-08-27T05:17:09.287600+00:00,D:/D drive recovery/Shiva JH/Projects/OneLake Medallion/data/landing/_reference/products.parquet,_reference
b4f9530c931398e215242293c2c8ba4c,telefonia_fixa,59.0,1542.0,3.0,283.0,20.0,9.0,15.0,2016-01-01 00:00:00.000000,2026-08-27T05:17:09.287600+00:00,D:/D drive recovery/Shiva JH/Projects/OneLake Medallion/data/landing/_reference/products.parquet,_reference
c7a94c6dde9d81dc864941084dbdfe45,esporte_lazer,58.0,246.0,2.0,1100.0,60.0,15.0,15.0,2016-01-01 00:00:00.000000,2026-08-27T05:17:09.287600+00:00,D:/D drive recovery/Shiva JH/Projects/OneLake Medallion/data/landing/_reference/products.parquet,_reference
5d3a28908289035ee6394b67a15a2687,fashion_bolsas_e_acessorios,60.0,1118.0,4.0,3200.0,22.0,15.0,20.0,2016-01-01 00:00:00.000000,2026-08-27T05:17:09.287600+00:00,D:/D drive recovery/Shiva JH/Projects/OneLake Medallion/data/landing/_reference/products.parquet,_reference
62644f19deb898e43ebdcd29ff3d9361,cool_stuff,60.0,594.0,1.0,900.0,28.0,20.0,20.0,2016-01-01 00:00:00.000000,2026-08-27T05:17:09.287600+00:00,D:/D drive recovery/Shiva JH/Projects/OneLake Medallion/data/landing/_reference/products.parquet,_reference
4d5bb93bfa70f67cda10b1428f2a252c,livros_tecnicos,26.0,250.0,1.0,500.0,22.0,22.0,12.0,2016-01-01 00:00:00.000000,2026-08-27T05:17:09.287600+00:00,D:/D drive recovery/Shiva JH/Projects/OneLake Medallion/data/landing/_reference/products.parquet,_reference
1dec4c88c685d5a07bf01dcb0f8bf9f8,automotivo,44.0,982.0,3.0,17600.0,49.0,49.0,23.0,2016-01-01 00:00:00.000000,2026-08-27T05:17:09.287600+00:00,D:/D drive recovery/Shiva JH/Projects/OneLake Medallion/data/landing/_reference/products.parquet,_reference
b77ae16cc8f67cd1c0ec781d5bf4da2b,cool_stuff,60.0,594.0,1.0,2050.0,42.0,25.0,15.0,2016-01-01 00:00:00.000000,2026-08-27T05:17:09.287600+00:00,D:/D drive recovery/Shiva JH/Projects/OneLake Medallion/data/landing/_reference/products.parquet,_reference
78018501054dd80dc909eee2f22ddbd4,cool_stuff,51.0,647.0,1.0,1400.0,45.0,30.0,20.0,2016-01-01 00:00:00.000000,2026-08-27T05:17:09.287600+00:00,D:/D drive recovery/Shiva JH/Projects/OneLake Medallion/data/landing/_reference/products.parquet,_reference
167b4b8c4bd0c401bea62f5e050d70a4,informatica_acessorios,55.0,209.0,1.0,517.0,39.0,11.0,13.0,2016-01-01 00:00:00.000000,2026-08-27T05:17:09.287600+00:00,D:/D drive recovery/Shiva JH/Projects/OneLake Medallion/data/landing/_reference/products.parquet,_reference
8b45810da2ef9860496d56f62435fc40,cama_mesa_banho,51.0,626.0,2.0,800.0,16.0,10.0,16.0,2016-01-01 00:00:00.000000,2026-08-27T05:17:09.287600+00:00,D:/D drive recovery/Shiva JH/Projects/OneLake Medallion/data/landing/_reference/products.parquet,_reference
98e06076f757bc9d675b9f39b9672be9,telefonia,55.0,689.0,3.0,100.0,16.0,7.0,11.0,2016-01-01 00:00:00.000000,2026-08-27T05:17:09.287600+00:00,D:/D drive recovery/Shiva JH/Projects/OneLake Medallion/data/landing/_reference/products.parquet,_reference
5886e73bff96ae18d2fe525021ac4563,telefonia,45.0,939.0,1.0,1500.0,20.0,20.0,25.0,2016-01-01 00:00:00.000000,2026-08-27T05:17:09.287600+00:00,D:/D drive recovery/Shiva JH/Projects/OneLake Medallion/data/landing/_reference/products.parquet,_reference
2d6dfe6841db8445d145a67913aec9d2,papelaria,31.0,854.0,4.0,1800.0,53.0,4.0,43.0,2016-01-01 00:00:00.000000,2026-08-27T05:17:09.287600+00:00,D:/D drive recovery/Shiva JH/Projects/OneLake Medallion/data/landing/_reference/products.parquet,_reference
08bcc2d85da3a9c0e2ac1cc28b67418d,livros_tecnicos,38.0,3543.0,1.0,350.0,23.0,2.0,16.0,2016-01-01 00:00:00.000000,2026-08-27T05:17:09.287600+00:00,D:/D drive recovery/Shiva JH/Projects/OneLake Medallion/data/landing/_reference/products.parquet,_reference
e2b9252181ddde232e0bfb68df262610,beleza_saude,61.0,1337.0,1.0,1600.0,27.0,10.0,19.0,2016-01-01 00:00:00.000000,2026-08-27T05:17:09.287600+00:00,D:/D drive recovery/Shiva JH/Projects/OneLake Medallion/data/landing/_reference/products.parquet,_reference
469d5c6b5dfef236029c4bfec6b4fe0f,esporte_lazer,25.0,534.0,1.0,800.0,28.0,25.0,25.0,2016-01-01 00:00:00.000000,2026-08-27T05:17:09.287600+00:00,D:/D drive recovery/Shiva JH/Projects/OneLake Medallion/data/landing/_reference/products.parquet,_reference
1bfb290d7273a442c874dbe74b4abae6,moveis_escritorio,19.0,883.0,1.0,10075.0,55.0,64.0,26.0,2016-01-01 00:00:00.000000,2026-08-27T05:17:09.287600+00:00,D:/D drive recovery/Shiva JH/Projects/OneLake Medallion/data/landing/_reference/products.parquet,_reference
17ad136b7421ea8690fded631b651158,relogios_presentes,60.0,112.0,2.0,250.0,16.0,2.0,20.0,2016-01-01 00:00:00.000000,2026-08-27T05:17:09.287600+00:00,D:/D drive recovery/Shiva JH/Projects/OneLake Medallion/data/landing/_reference/products.parquet,_reference
5b59b0c94f8e31d14fe89dbbfda3df6c,cama_mesa_banho,51.0,448.0,1.0,700.0,45.0,8.0,40.0,2016-01-01 00:00:00.000000,2026-08-27T05:17:09.287600+00:00,D:/D drive recovery/Shiva JH/Projects/OneLake Medallion/data/landing/_reference/products.parquet,_reference
1be6d38ae75d87f6ee74e1d8e7e5466d,beleza_saude,46.0,1259.0,2.0,550.0,30.0,10.0,20.0,2016-01-01 00:00:00.000000,2026-08-27T05:17:09.287600+00:00,D:/D drive recovery/Shiva JH/Projects/OneLake Medallion/data/landing/_reference/products.parquet,_reference
bec2975b905c2d5a70fd97abf8c894e3,utilidades_domesticas,57.0,387.0,2.0,9550.0,40.0,45.0,38.0,2016-01-01 00:00:00.000000,2026-08-27T05:17:09.287600+00:00,D:/D drive recovery/Shiva JH/Projects/OneLake Medallion/data/landing/_reference/products.parquet,_reference
39eef1b4d9ab7a5a121d3436b03ce7d3,papelaria,62.0,1331.0,1.0,1550.0,25.0,20.0,15.0,2016-01-01 00:00:00.000000,2026-08-27T05:17:09.287600+00:00,D:/D drive recovery/Shiva JH/Projects/OneLake Medallion/data/landing/_reference/products.parquet,_reference
06c6e01186af8b98ee1fc9e01f9471e9,informatica_acessorios,53.0,144.0,2.0,200.0,25.0,5.0,15.0,2016-01-01 00:00:00.000000,2026-08-27T05:17:09.287600+00:00,D:/D drive recovery/Shiva JH/Projects/OneLake Medallion/data/landing/_reference/products.parquet,_reference
d0349534ab9b46b98d13a53051310f24,informatica_acessorios,37.0,288.0,1.0,300.0,30.0,7.0,20.0,2016-01-01 00:00:00.000000,2026-08-27T05:17:09.287600+00:00,D:/D drive recovery/Shiva JH/Projects/OneLake Medallion/data/landing/_reference/products.parquet,_reference
f350db8fa8baef574660ca4ecc96180f,eletronicos,56.0,739.0,1.0,900.0,26.0,16.0,16.0,2016-01-01 00:00:00.000000,2026-08-27T05:17:09.287600+00:00,D:/D drive recovery/Shiva JH/Projects/OneLake Medallion/data/landing/_reference/products.parquet,_reference
4bb4fb9c85785b75ab4f6559900c7ca1,telefonia,49.0,394.0,2.0,150.0,19.0,4.0,20.0,2016-01-01 00:00:00.000000,2026-08-27T05:17:09.287600+00:00,D:/D drive recovery/Shiva JH/Projects/OneLake Medallion/data/landing/_reference/products.parquet,_reference
bace90a7338e9d31371ad47811cf4c7d,cama_mesa_banho,51.0,2253.0,2.0,6450.0,60.0,14.0,38.0,2016-01-01 00:00:00.000000,2026-08-27T05:17:09.287600+00:00,D:/D drive recovery/Shiva JH/Projects/OneLake Medallion/data/landing/_reference/products.parquet,_reference
cc7d8d232e6f5f27b70be81b68e27d6e,cama_mesa_banho,60.0,298.0,1.0,3200.0,33.0,8.0,40.0,2016-01-01 00:00:00.000000,2026-08-27T05:17:09.287600+00:00,D:/D drive recovery/Shiva JH/Projects/OneLake Medallion/data/landing/_reference/products.parquet,_reference
ef335a744a67679ed37e8698353dfc95,,,,,3000.0,45.0,10.0,30.0,2016-01-01 00:00:00.000000,2026-08-27T05:17:09.287600+00:00,D:/D drive recovery/Shiva JH/Projects/OneLake Medallion/data/landing/_reference/products.parquet,_reference
1b8ee158f59c098470fad33f39660964,moveis_sala,32.0,327.0,2.0,6200.0,55.0,14.0,47.0,2016-01-01 00:00:00.000000,2026-08-27T05:17:09.287600+00:00,D:/D drive recovery/Shiva JH/Projects/OneLake Medallion/data/landing/_reference/products.parquet,_reference
a76d6212f99d1253fb7bcfe02ce87d8a,eletronicos,32.0,376.0,1.0,200.0,25.0,7.0,16.0,2016-01-01 00:00:00.000000,2026-08-27T05:17:09.287600+00:00,D:/D drive recovery/Shiva JH/Projects/OneLake Medallion/data/landing/_reference/products.parquet,_reference
d017a2151d543a9885604dc62a3d9dcc,fashion_bolsas_e_acessorios,59.0,93.0,7.0,250.0,16.0,2.0,11.0,2016-01-01 00:00:00.000000,2026-08-27T05:17:09.287600+00:00,D:/D drive recovery/Shiva JH/Projects/OneLake Medallion/data/landing/_reference/products.parquet,_reference
a703f5ade6e4fae527357132230ea778,beleza_saude,57.0,1271.0,5.0,225.0,45.0,10.0,14.0,2016-01-01 00:00:00.000000,2026-08-27T05:17:09.287600+00:00,D:/D drive recovery/Shiva JH/Projects/OneLake Medallion/data/landing/_reference/products.parquet,_reference
97c948ebc8c04b26b7bbb095d4228f2a,beleza_saude,60.0,554.0,1.0,30000.0,55.0,75.0,61.0,2016-01-01 00:00:00.000000,2026-08-27T05:17:09.287600+00:00,D:/D drive recovery/Shiva JH/Projects/OneLake Medallion/data/landing/_reference/products.parquet,_reference
6a162a899a815ed15db1689e8efc976c,cool_stuff,47.0,1801.0,6.0,1550.0,20.0,50.0,20.0,2016-01-01 00:00:00.000000,2026-08-27T05:17:09.287600+00:00,D:/D drive recovery/Shiva JH/Projects/OneLake Medallion/data/landing/_reference/products.parquet,_reference
437c05a395e9e47f9762e677a7068ce7,beleza_saude,40.0,409.0,1.0,1110.0,19.0,11.0,18.0,2016-01-01 00:00:00.000000,2026-08-27T05:17:09.287600+00:00,D:/D drive recovery/Shiva JH/Projects/OneLake Medallion/data/landing/_reference/products.parquet,_reference
3f994ee4a0b20760d1b173aa65037c95,cool_stuff,56.0,708.0,2.0,5700.0,42.0,21.0,36.0,2016-01-01 00:00:00.000000,2026-08-27T05:17:09.287600+00:00,D:/D drive recovery/Shiva JH/Projects/OneLake Medallion/data/landing/_reference/products.parquet,_reference
1b7ce992a80ac036dd9ab73d08289712,eletronicos,52.0,530.0,3.0,150.0,22.0,3.0,12.0,2016-01-01 00:00:00.000000,2026-08-27T05:17:09.287600+00:00,D:/D drive recovery/Shiva JH/Projects/OneLake Medallion/data/landing/_reference/products.parquet,_reference
a0eef953cb25bc9ae40457e1c3c82946,moveis_decoracao,52.0,1559.0,4.0,700.0,68.0,8.0,13.0,2016-01-01 00:00:00.000000,2026-08-27T05:17:09.287600+00:00,D:/D drive recovery/Shiva JH/Projects/OneLake Medallion/data/landing/_reference/products.parquet,_reference
8e630a6101b33d99671d79b67b87052d,casa_conforto,57.0,217.0,3.0,10900.0,50.0,30.0,40.0,2016-01-01 00:00:00.000000,2026-08-27T05:17:09.287600+00:00,D:/D drive recovery/Shiva JH/Projects/OneLake Medallion/data/landing/_reference/products.parquet,_reference
11566035935b80d02a0c8a261546610b,beleza_saude,46.0,1322.0,1.0,367.0,16.0,20.0,16.0,2016-01-01 00:00:00.000000,2026-08-27T05:17:09.287600+00:00,D:/D drive recovery/Shiva JH/Projects/OneLake Medallion/data/landing/_reference/products.parquet,_reference
03566b85189259c49476f004ad2afd08,beleza_saude,41.0,216.0,1.0,150.0,20.0,15.0,15.0,2016-01-01 00:00:00.000000,2026-08-27T05:17:09.287600+00:00,D:/D drive recovery/Shiva JH/Projects/OneLake Medallion/data/landing/_reference/products.parquet,_reference
c211ff3068fcd2f8898192976d8b3a32,cama_mesa_banho,58.0,58.0,1.0,200.0,20.0,2.0,15.0,2016-01-01 00:00:00.000000,2026-08-27T05:17:09.287600+00:00,D:/D drive recovery/Shiva JH/Projects/OneLake Medallion/data/landing/_reference/products.parquet,_reference
efa490145b5cc82438b6a6de691535fa,informatica_acessorios,57.0,938.0,2.0,500.0,30.0,10.0,11.0,2016-01-01 00:00:00.000000,2026-08-27T05:17:09.287600+00:00,D:/D drive recovery/Shiva JH/Projects/OneLake Medallion/data/landing/_reference/products.parquet,_reference
817e1c2d22418c36386406ccacfa53e8,moveis_decoracao,37.0,267.0,1.0,2750.0,50.0,50.0,16.0,2016-01-01 00:00:00.000000,2026-08-27T05:17:09.287600+00:00,D:/D drive recovery/Shiva JH/Projects/OneLake Medallion/data/landing/_reference/products.parquet,_reference
42faf2e98f0486405f5dfac48e5cba7d,ferramentas_jardim,40.0,275.0,1.0,100.0,16.0,2.0,20.0,2016-01-01 00:00:00.000000,2026-08-27T05:17:09.287600+00:00,D:/D drive recovery/Shiva JH/Projects/OneLake Medallion/data/landing/_reference/products.parquet,_reference
6b3de4cb14325f3a0dafa939520f514e,relogios_presentes,58.0,465.0,4.0,250.0,16.0,2.0,11.0,2016-01-01 00:00:00.000000,2026-08-27T05:17:09.287600+00:00,D:/D drive recovery/Shiva JH/Projects/OneLake Medallion/data/landing/_reference/products.parquet,_reference
c349071c40ca2919f27bd3d6a2fb6fea,papelaria,60.0,868.0,1.0,10150.0,44.0,34.0,21.0,2016-01-01 00:00:00.000000,2026-08-27T05:17:09.287600+00:00,D:/D drive recovery/Shiva JH/Projects/OneLake Medallion/data/landing/_reference/products.parquet,_reference
b9454f6cd728a6e0510e3c4ba8c25263,telefonia,59.0,818.0,6.0,300.0,17.0,4.0,12.0,2016-01-01 00:00:00.000000,2026-08-27T05:17:09.287600+00:00,D:/D drive recovery/Shiva JH/Projects/OneLake Medallion/data/landing/_reference/products.parquet,_reference
0d85c435fd60b277ffb9e9b0f88f927a,informatica_acessorios,60.0,919.0,1.0,150.0,16.0,13.0,14.0,2016-01-01 00:00:00.000000,2026-08-27T05:17:09.287600+00:00,D:/D drive recovery/Shiva JH/Projects/OneLake Medallion/data/landing/_reference/products.parquet,_reference
127d3b28487be63864af02f25333decd,telefonia,56.0,1568.0,1.0,150.0,18.0,6.0,11.0,2016-01-01 00:00:00.000000,2026-08-27T05:17:09.287600+00:00,D:/D drive recovery/Shiva JH/Projects/OneLake Medallion/data/landing/_reference/products.parquet,_reference
0241aa4ed831b73fd4940ffd9cec20dc,eletrodomesticos_2,31.0,107.0,1.0,8400.0,46.0,44.0,28.0,2016-01-01 00:00:00.000000,2026-08-27T05:17:09.287600+00:00,D:/D drive recovery/Shiva JH/Projects/OneLake Medallion/data/landing/_reference/products.parquet,_reference
c89267ee22b330121259fdd56cee5696,cama_mesa_banho,60.0,643.0,1.0,2250.0,39.0,7.0,28.0,2016-01-01 00:00:00.000000,2026-08-27T05:17:09.287600+00:00,D:/D drive recovery/Shiva JH/Projects/OneLake Medallion/data/landing/_reference/products.parquet,_reference
42e3e1a52d783ace62d11a17c88c1324,informatica_acessorios,52.0,826.0,1.0,800.0,26.0,13.0,25.0,2016-01-01 00:00:00.000000,2026-08-27T05:17:09.287600+00:00,D:/D drive recovery/Shiva JH/Projects/OneLake Medallion/data/landing/_reference/products.parquet,_reference
a42d9c825894f96fc6ed02610891454d,esporte_lazer,57.0,1176.0,1.0,2200.0,16.0,11.0,11.0,2016-01-01 00:00:00.000000,2026-08-27T05:17:09.287600+00:00,D:/D drive recovery/Shiva JH/Projects/OneLake Medallion/data/landing/_reference/products.parquet,_reference
2cf9ec82c2ca858baedfb2c2e5c06b6f,utilidades_domesticas,60.0,236.0,1.0,100.0,21.0,9.0,13.0,2016-01-01 00:00:00.000000,2026-08-27T05:17:09.287600+00:00,D:/D drive recovery/Shiva JH/Projects/OneLake Medallion/data/landing/_reference/products.parquet,_reference
93c601273c90caca6b37d54b0e6f1ead,cama_mesa_banho,54.0,693.0,2.0,5300.0,45.0,20.0,35.0,2016-01-01 00:00:00.000000,2026-08-27T05:17:09.287600+00:00,D:/D drive recovery/Shiva JH/Projects/OneLake Medallion/data/landing/_reference/products.parquet,_reference
7039b86e688d15677bdccc14562801dc,eletroportateis,58.0,1192.0,3.0,3167.0,18.0,25.0,22.0,2016-01-01 00:00:00.000000,2026-08-27T05:17:09.287600+00:00,D:/D drive recovery/Shiva JH/Projects/OneLake Medallion/data/landing/_reference/products.parquet,_reference
9db0afe3dcd2942f8bef6f7195b9a2e1,utilidades_domesticas,60.0,1382.0,4.0,9850.0,29.0,66.0,29.0,2016-01-01 00:00:00.000000,2026-08-27T05:17:09.287600+00:00,D:/D drive recovery/Shiva JH/Projects/OneLake Medallion/data/landing/_reference/products.parquet,_reference
9a6fea01f6d5bfc01c9ac539f93da5ac,moveis_decoracao,55.0,1993.0,3.0,5700.0,70.0,4.0,55.0,2016-01-01 00:00:00.000000,2026-08-27T05:17:09.287600+00:00,D:/D drive recovery/Shiva JH/Projects/OneLake Medallion/data/landing/_reference/products.parquet,_reference
41db6d8062fcd38410c699743ccc0265,telefonia,49.0,1438.0,2.0,125.0,19.0,5.0,11.0,2016-01-01 00:00:00.000000,2026-08-27T05:17:09.287600+00:00,D:/D drive recovery/Shiva JH/Projects/OneLake Medallion/data/landing/_reference/products.parquet,_reference
b0ff78dc1b5fdca6b5d9ec76cfe4cc3b,moveis_decoracao,56.0,279.0,2.0,18250.0,55.0,30.0,55.0,2016-01-01 00:00:00.000000,2026-08-27T05:17:09.287600+00:00,D:/D drive recovery/Shiva JH/Projects/OneLake Medallion/data/landing/_reference/products.parquet,_reference
3a7d90845985f39048815a6939c56be4,bebidas,50.0,3065.0,9.0,273.0,21.0,16.0,15.0,2016-01-01 00:00:00.000000,2026-08-27T05:17:09.287600+00:00,D:/D drive recovery/Shiva JH/Projects/OneLake Medallion/data/landing/_reference/products.parquet,_reference
425db55cb3b0f5b18a2d9964da31c3c0,papelaria,58.0,850.0,2.0,450.0,25.0,15.0,25.0,2016-01-01 00:00:00.000000,2026-08-27T05:17:09.287600+00:00,D:/D drive recovery/Shiva JH/Projects/OneLake Medallion/data/landing/_reference/products.parquet,_reference
ce066f4a83649651549d717c9b566816,esporte_lazer,49.0,831.0,1.0,2300.0,20.0,20.0,20.0,2016-01-01 00:00:00.000000,2026-08-27T05:17:09.287600+00:00,D:/D drive recovery/Shiva JH/Projects/OneLake Medallion/data/landing/_reference/products.parquet,_reference
20518c6950587eb5e8f02dad2fa0d685,market_place,63.0,1652.0,3.0,200.0,22.0,4.0,15.0,2016-01-01 00:00:00.000000,2026-08-27T05:17:09.287600+00:00,D:/D drive recovery/Shiva JH/Projects/OneLake Medallion/data/landing/_reference/products.parquet,_reference
9453bde60c4ee52155c963641736cfc5,beleza_saude,44.0,1056.0,1.0,750.0,30.0,30.0,30.0,2016-01-01 00:00:00.000000,2026-08-27T05:17:09.287600+00:00,D:/D drive recovery/Shiva JH/Projects/OneLake Medallion/data/landing/_reference/products.parquet,_reference
eafd9a0449e971ceb703ad2275e0fcba,livros_interesse_geral,42.0,730.0,1.0,350.0,21.0,22.0,15.0,2016-01-01 00:00:00.000000,2026-08-27T05:17:09.287600+00:00,D:/D drive recovery/Shiva JH/Projects/OneLake Medallion/data/landing/_reference/products.parquet,_reference
ec1faa2edc27ce32372fee59d1f9e969,perfumaria,57.0,571.0,1.0,200.0,17.0,10.0,12.0,2016-01-01 00:00:00.000000,2026-08-27T05:17:09.287600+00:00,D:/D drive recovery/Shiva JH/Projects/OneLake Medallion/data/landing/_reference/products.parquet,_reference
f343690217692891e7a092d5c1e5eef7,beleza_saude,60.0,344.0,2.0,250.0,16.0,16.0,11.0,2016-01-01 00:00:00.000000,2026-08-27T05:17:09.287600+00:00,D:/D drive recovery/Shiva JH/Projects/OneLake Medallion/data/landing/_reference/products.parquet,_reference
9936c3716215696c695cfc6e181b64f4,livros_interesse_geral,27.0,769.0,1.0,500.0,16.0,6.0,23.0,2016-01-01 00:00:00.000000,2026-08-27T05:17:09.287600+00:00,D:/D drive recovery/Shiva JH/Projects/OneLake Medallion/data/landing/_reference/products.parquet,_reference
b375da7781299a4e3ad98187c0bf4044,automotivo,51.0,388.0,1.0,27100.0,50.0,50.0,50.0,2016-01-01 00:00:00.000000,2026-08-27T05:17:09.287600+00:00,D:/D drive recovery/Shiva JH/Projects/OneLake Medallion/data/landing/_reference/products.parquet,_reference
1bfe62f326ac7bec0f5a83c10cfff228,brinquedos,47.0,74.0,2.0,5700.0,39.0,30.0,29.0,2016-01-01 00:00:00.000000,2026-08-27T05:17:09.287600+00:00,D:/D drive recovery/Shiva JH/Projects/OneLake Medallion/data/landing/_reference/products.parquet,_reference
0152f69b6cf919bcdaf117aa8c43e5a2,cama_mesa_banho,40.0,116.0,1.0,250.0,40.0,4.0,30.0,2016-01-01 00:00:00.000000,2026-08-27T05:17:09.287600+00:00,D:/D drive recovery/Shiva JH/Projects/OneLake Medallion/data/landing/_reference/products.parquet,_reference
8317b177579dd27ff068b83205e2169b,cool_stuff,43.0,465.0,1.0,400.0,18.0,12.0,14.0,2016-01-01 00:00:00.000000,2026-08-27T05:17:09.287600+00:00,D:/D drive recovery/Shiva JH/Projects/OneLake Medallion/data/landing/_reference/products.parquet,_reference
fcbb2b8c6eb8c27d15790d9834b253b4,bebes,55.0,1988.0,2.0,350.0,69.0,11.0,11.0,2016-01-01 00:00:00.000000,2026-08-27T05:17:09.287600+00:00,D:/D drive recovery/Shiva JH/Projects/OneLake Medallion/data/landing/_reference/products.parquet,_reference
cac9e5692471a0700418aa3400b9b2b1,bebes,57.0,2440.0,1.0,375.0,29.0,14.0,20.0,2016-01-01 00:00:00.000000,2026-08-27T05:17:09.287600+00:00,D:/D drive recovery/Shiva JH/Projects/OneLake Medallion/data/landing/_reference/products.parquet,_reference
36eed9a4d7d8e8ef649fa2371ec6eacf,utilidades_domesticas,52.0,709.0,2.0,1700.0,35.0,10.0,35.0,2016-01-01 00:00:00.000000,2026-08-27T05:17:09.287600+00:00,D:/D drive recovery/Shiva JH/Projects/OneLake Medallion/data/landing/_reference/products.parquet,_reference
9749139e09929de55d37e68e64b89706,beleza_saude,53.0,994.0,1.0,650.0,16.0,7.0,13.0,2016-01-01 00:00:00.000000,2026-08-27T05:17:09.287600+00:00,D:/D drive recovery/Shiva JH/Projects/OneLake Medallion/data/landing/_reference/products.parquet,_reference
c616bd7e2474cc223adbbb959076439d,bebes,49.0,152.0,1.0,3550.0,40.0,10.0,40.0,2016-01-01 00:00:00.000000,2026-08-27T05:17:09.287600+00:00,D:/D drive recovery/Shiva JH/Projects/OneLake Medallion/data/landing/_reference/products.parquet,_reference
d7324d4c913e7b424cb61675dafc8c10,esporte_lazer,43.0,347.0,1.0,20900.0,105.0,70.0,25.0,2016-01-01 00:00:00.000000,2026-08-27T05:17:09.287600+00:00,D:/D drive recovery/Shiva JH/Projects/OneLake Medallion/data/landing/_reference/products.parquet,_reference
b8fefc9c1f951969968e904d08bfa8cd,cama_mesa_banho,55.0,192.0,1.0,800.0,44.0,2.0,36.0,2016-01-01 00:00:00.000000,2026-08-27T05:17:09.287600+00:00,D:/D drive recovery/Shiva JH/Projects/OneLake Medallion/data/landing/_reference/products.parquet,_reference
c8c6a88c8537b9fd660544f7b1eeb307,moveis_decoracao,22.0,380.0,3.0,1550.0,35.0,24.0,25.0,2016-01-01 00:00:00.000000,2026-08-27T05:17:09.287600+00:00,D:/D drive recovery/Shiva JH/Projects/OneLake Medallion/data/landing/_reference/products.parquet,_reference
85d61a3f77ccf65416956689668d4bba,pet_shop,52.0,113.0,1.0,200.0,16.0,20.0,11.0,2016-01-01 00:00:00.000000,2026-08-27T05:17:09.287600+00:00,D:/D drive recovery/Shiva JH/Projects/OneLake Medallion/data/landing/_reference/products.parquet,_reference
431fd984f18cf930e301e4815be65ca4,construcao_ferramentas_construcao,59.0,339.0,1.0,2450.0,22.0,8.0,22.0,2016-01-01 00:00:00.000000,2026-08-27T05:17:09.287600+00:00,D:/D drive recovery/Shiva JH/Projects/OneLake Medallion/data/landing/_reference/products.parquet,_reference
6219295d42e02e53a4c770698fccf630,esporte_lazer,54.0,276.0,1.0,350.0,16.0,12.0,14.0,2016-01-01 00:00:00.000000,2026-08-27T05:17:09.287600+00:00,D:/D drive recovery/Shiva JH/Projects/OneLake Medallion/data/landing/_reference/products.parquet,_reference
84f5c4f480ad6c9998d6a6860f1a2e41,alimentos_bebidas,56.0,963.0,1.0,1100.0,16.0,15.0,15.0,2016-01-01 00:00:00.000000,2026-08-27T05:17:09.287600+00:00,D:/D drive recovery/Shiva JH/Projects/OneLake Medallion/data/landing/_reference/products.parquet,_reference
703d742887bb9267f89b675608ba7aa0,cama_mesa_banho,35.0,509.0,2.0,950.0,35.0,6.0,45.0,2016-01-01 00:00:00.000000,2026-08-27T05:17:09.287600+00:00,D:/D drive recovery/Shiva JH/Projects/OneLake Medallion/data/landing/_reference/products.parquet,_reference
025dcf8f0a969c92d254bc425b380685,automotivo,60.0,354.0,2.0,150.0,16.0,7.0,16.0,2016-01-01 00:00:00.000000,2026-08-27T05:17:09.287600+00:00,D:/D drive recovery/Shiva JH/Projects/OneLake Medallion/data/landing/_reference/products.parquet,_reference
5526b1ae9ab2688cf600783cece249df,informatica_acessorios,49.0,385.0,1.0,200.0,16.0,16.0,16.0,2016-01-01 00:00:00.000000,2026-08-27T05:17:09.287600+00:00,D:/D drive recovery/Shiva JH/Projects/OneLake Medallion/data/landing/_reference/products.parquet,_reference
e9c1abcc7126360336d8f56d49041a8c,beleza_saude,42.0,3902.0,7.0,500.0,22.0,6.0,16.0,2016-01-01 00:00:00.000000,2026-08-27T05:17:09.287600+00:00,D:/D drive recovery/Shiva JH/Projects/OneLake Medallion/data/landing/_reference/products.parquet,_reference
89e4362d74afa10ac57f8d67210132a6,fashion_bolsas_e_acessorios,30.0,219.0,1.0,1870.0,27.0,20.0,29.0,2016-01-01 00:00:00.000000,2026-08-27T05:17:09.287600+00:00,D:/D drive recovery/Shiva JH/Projects/OneLake Medallion/data/landing/_reference/products.parquet,_reference
a8856d651600289b162f857e26838480,esporte_lazer,50.0,255.0,1.0,600.0,20.0,10.0,15.0,2016-01-01 00:00:00.000000,2026-08-27T05:17:09.287600+00:00,D:/D drive recovery/Shiva JH/Projects/OneLake Medallion/data/landing/_reference/products.parquet,_reference
d63c71088e06ea00d66dc357cda91a30,cama_mesa_banho,57.0,295.0,1.0,1500.0,60.0,10.0,40.0,2016-01-01 00:00:00.000000,2026-08-27T05:17:09.287600+00:00,D:/D drive recovery/Shiva JH/Projects/OneLake Medallion/data/landing/_reference/products.parquet,_reference
4673c83bbad0277b120ac3251d4b3633,artes,50.0,472.0,1.0,500.0,16.0,17.0,14.0,2016-01-01 00:00:00.000000,2026-08-27T05:17:09.287600+00:00,D:/D drive recovery/Shiva JH/Projects/OneLake Medallion/data/landing/_reference/products.parquet,_reference
9a78fb9862b10749a117f7fc3c31f051,moveis_escritorio,45.0,527.0,1.0,9750.0,42.0,41.0,42.0,2016-01-01 00:00:00.000000,2026-08-27T05:17:09.287600+00:00,D:/D drive recovery/Shiva JH/Projects/OneLake Medallion/data/landing/_reference/products.parquet,_reference
692b73430b9ae22f1dc67cc83722707f,cama_mesa_banho,53.0,555.0,2.0,513.0,52.0,12.0,38.0,2016-01-01 00:00:00.000000,2026-08-27T05:17:09.287600+00:00,D:/D drive recovery/Shiva JH/Projects/OneLake Medallion/data/landing/_reference/products.parquet,_reference
5da831182fe9ba6ab33ab17bbc5d16c7,esporte_lazer,59.0,1423.0,2.0,6500.0,20.0,20.0,20.0,2016-01-01 00:00:00.000000,2026-08-27T05:17:09.287600+00:00,D:/D drive recovery/Shiva JH/Projects/OneLake Medallion/data/landing/_reference/products.parquet,_reference
f788dd44fc883f0664693a6dea50437f,brinquedos,42.0,53.0,3.0,600.0,40.0,10.0,25.0,2016-01-01 00:00:00.000000,2026-08-27T05:17:09.287600+00:00,D:/D drive recovery/Shiva JH/Projects/OneLake Medallion/data/landing/_reference/products.parquet,_reference
9cde4f61e193a94c1759e5260804008c,beleza_saude,60.0,516.0,1.0,413.0,17.0,12.0,14.0,2016-01-01 00:00:00.000000,2026-08-27T05:17:09.287600+00:00,D:/D drive recovery/Shiva JH/Projects/OneLake Medallion/data/landing/_reference/products.parquet,_reference
d5e448e00fb7c59b31e0f3e43c2de0d7,cool_stuff,50.0,1490.0,3.0,850.0,100.0,7.0,50.0,2016-01-01 00:00:00.000000,2026-08-27T05:17:09.287600+00:00,D:/D drive recovery/Shiva JH/Projects/OneLake Medallion/data/landing/_reference/products.parquet,_reference
953439fbf9090e2362532905d89b991f,utilidades_domesticas,47.0,539.0,2.0,8750.0,35.0,15.0,35.0,2016-01-01 00:00:00.000000,2026-08-27T05:17:09.287600+00:00,D:/D drive recovery/Shiva JH/Projects/OneLake Medallion/data/landing/_reference/products.parquet,_reference
c0704b7b41d23540e8576c5e84484dcb,beleza_saude,38.0,2113.0,1.0,250.0,17.0,11.0,13.0,2016-01-01 00:00:00.000000,2026-08-27T05:17:09.287600+00:00,D:/D drive recovery/Shiva JH/Projects/OneLake Medallion/data/landing/_reference/products.parquet,_reference
61b82c5df7252c3a4484943ebadd2a4d,moveis_decoracao,58.0,1377.0,2.0,200.0,18.0,8.0,18.0,2016-01-01 00:00:00.000000,2026-08-27T05:17:09.287600+00:00,D:/D drive recovery/Shiva JH/Projects/OneLake Medallion/data/landing/_reference/products.parquet,_reference
177d3d5bb9d4d29222a222e3b3554f41,papelaria,59.0,241.0,6.0,7550.0,60.0,20.0,29.0,2016-01-01 00:00:00.000000,2026-08-27T05:17:09.287600+00:00,D:/D drive recovery/Shiva JH/Projects/OneLake Medallion/data/landing/_reference/products.parquet,_reference
642369377615febc7fa89e4c8df5110e,beleza_saude,42.0,608.0,1.0,150.0,16.0,7.0,12.0,2016-01-01 00:00:00.000000,2026-08-27T05:17:09.287600+00:00,D:/D drive recovery/Shiva JH/Projects/OneLake Medallion/data/landing/_reference/products.parquet,_reference
d2bea3c01e172037caa99b2d138f39d0,eletroportateis,55.0,512.0,1.0,350.0,16.0,35.0,25.0,2016-01-01 00:00:00.000000,2026-08-27T05:17:09.287600+00:00,D:/D drive recovery/Shiva JH/Projects/OneLake Medallion/data/landing/_reference/products.parquet,_reference
7d50930301709838d8e90dcac5cfaa84,esporte_lazer,59.0,254.0,1.0,1650.0,40.0,45.0,25.0,2016-01-01 00:00:00.000000,2026-08-27T05:17:09.287600+00:00,D:/D drive recovery/Shiva JH/Projects/OneLake Medallion/data/landing/_reference/products.parquet,_reference
59b47581b7ba51a62bf9c3dd4fef36fd,moveis_decoracao,38.0,474.0,4.0,1650.0,40.0,20.0,20.0,2016-01-01 00:00:00.000000,2026-08-27T05:17:09.287600+00:00,D:/D drive recovery/Shiva JH/Projects/OneLake Medallion/data/landing/_reference/products.parquet,_reference
357a9e8a4b691ffbb0f855b23d490c4e,utilidades_domesticas,56.0,824.0,2.0,390.0,23.0,14.0,17.0,2016-01-01 00:00:00.000000,2026-08-27T05:17:09.287600+00:00,D:/D drive recovery/Shiva JH/Projects/OneLake Medallion/data/landing/_reference/products.parquet,_reference
0e323ee8f8dc60a0b875e9ac4daf1337,telefonia,55.0,359.0,2.0,317.0,21.0,14.0,16.0,2016-01-01 00:00:00.000000,2026-08-27T05:17:09.287600+00:00,D:/D drive recovery/Shiva JH/Projects/OneLake Medallion/data/landing/_reference/products.parquet,_reference
3dd2a17168ec895c781a9191c1e95ad7,informatica_acessorios,48.0,894.0,1.0,533.0,22.0,11.0,20.0,2016-01-01 00:00:00.000000,2026-08-27T05:17:09.287600+00:00,D:/D drive recovery/Shiva JH/Projects/OneLake Medallion/data/landing/_reference/products.parquet,_reference
30916403a2996c146b5598774d657c55,fashion_bolsas_e_acessorios,31.0,235.0,2.0,400.0,16.0,11.0,11.0,2016-01-01 00:00:00.000000,2026-08-27T05:17:09.287600+00:00,D:/D drive recovery/Shiva JH/Projects/OneLake Medallion/data/landing/_reference/products.parquet,_reference
23384f296aa1bf6461d22912093a9847,cama_mesa_banho,63.0,434.0,8.0,100.0,16.0,10.0,16.0,2016-01-01 00:00:00.000000,2026-08-27T05:17:09.287600+00:00,D:/D drive recovery/Shiva JH/Projects/OneLake Medallion/data/landing/_reference/products.parquet,_reference
41fe836a60674d3d25645e3698651f6b,ferramentas_jardim,33.0,574.0,1.0,1650.0,34.0,12.0,30.0,2016-01-01 00:00:00.000000,2026-08-27T05:17:09.287600+00:00,D:/D drive recovery/Shiva JH/Projects/OneLake Medallion/data/landing/_reference/products.parquet,_reference
d6062a139383f9f749121e67262ce7d3,papelaria,48.0,152.0,1.0,450.0,20.0,8.0,14.0,2016-01-01 00:00:00.000000,2026-08-27T05:17:09.287600+00:00,D:/D drive recovery/Shiva JH/Projects/OneLake Medallion/data/landing/_reference/products.parquet,_reference
b83ba81552d0748b45288e7e57c62888,beleza_saude,41.0,874.0,2.0,460.0,36.0,10.0,16.0,2016-01-01 00:00:00.000000,2026-08-27T05:17:09.287600+00:00,D:/D drive recovery/Shiva JH/Projects/OneLake Medallion/data/landing/_reference/products.parquet,_reference
f9eb3d4735a873ed48d15dea16183664,automotivo,60.0,3849.0,1.0,1100.0,24.0,18.0,18.0,2016-01-01 00:00:00.000000,2026-08-27T05:17:09.287600+00:00,D:/D drive recovery/Shiva JH/Projects/OneLake Medallion/data/landing/_reference/products.parquet,_reference
f1c7f353075ce59d8a6f3cf58f419c9c,cama_mesa_banho,56.0,162.0,5.0,9750.0,35.0,12.0,30.0,2016-01-01 00:00:00.000000,2026-08-27T05:17:09.287600+00:00,D:/D drive recovery/Shiva JH/Projects/OneLake Medallion/data/landing/_reference/products.parquet,_reference
33f17ed3c6906f7a7ae17a0843536db4,telefonia,59.0,818.0,6.0,300.0,17.0,4.0,12.0,2016-01-01 00:00:00.000000,2026-08-27T05:17:09.287600+00:00,D:/D drive recovery/Shiva JH/Projects/OneLake Medallion/data/landing/_reference/products.parquet,_reference
1de1332e38dc2f575edfeae165edea4e,cama_mesa_banho,57.0,293.0,1.0,2150.0,40.0,10.0,30.0,2016-01-01 00:00:00.000000,2026-08-27T05:17:09.287600+00:00,D:/D drive recovery/Shiva JH/Projects/OneLake Medallion/data/landing/_reference/products.parquet,_reference
726b4e18f00255e2e63491bcba3f60b8,moveis_colchao_e_estofado,41.0,866.0,1.0,1700.0,70.0,10.0,100.0,2016-01-01 00:00:00.000000,2026-08-27T05:17:09.287600+00:00,D:/D drive recovery/Shiva JH/Projects/OneLake Medallion/data/landing/_reference/products.parquet,_reference
bfc275f6de912665e4dcd8da32f43c10,utilidades_domesticas,27.0,107.0,4.0,900.0,35.0,15.0,24.0,2016-01-01 00:00:00.000000,2026-08-27T05:17:09.287600+00:00,D:/D drive recovery/Shiva JH/Projects/OneLake Medallion/data/landing/_reference/products.parquet,_reference
b5c315fb01a02190500528edf520883f,fashion_bolsas_e_acessorios,57.0,147.0,6.0,200.0,16.0,2.0,20.0,2016-01-01 00:00:00.000000,2026-08-27T05:17:09.287600+00:00,D:/D drive recovery/Shiva JH/Projects/OneLake Medallion/data/landing/_reference/products.parquet,_reference
474f95f49724d468f7835af438b6fde5,cama_mesa_banho,55.0,303.0,2.0,800.0,37.0,23.0,35.0,2016-01-01 00:00:00.000000,2026-08-27T05:17:09.287600+00:00,D:/D drive recovery/Shiva JH/Projects/OneLake Medallion/data/landing/_reference/products.parquet,_reference
fb0467f650186a474da44003e623a3c4,telefonia,43.0,299.0,3.0,200.0,16.0,4.0,11.0,2016-01-01 00:00:00.000000,2026-08-27T05:17:09.287600+00:00,D:/D drive recovery/Shiva JH/Projects/OneLake Medallion/data/landing/_reference/products.parquet,_reference
a62e25e09e05e6faf31d90c6ec1aa3d1,relogios_presentes,58.0,3006.0,2.0,1000.0,53.0,8.0,18.0,2016-01-01 00:00:00.000000,2026-08-27T05:17:09.287600+00:00,D:/D drive recovery/Shiva JH/Projects/OneLake Medallion/data/landing/_reference/products.parquet,_reference
dc9471db933efad7bf0ce685380578bd,informatica_acessorios,49.0,579.0,1.0,800.0,28.0,20.0,42.0,2016-01-01 00:00:00.000000,2026-08-27T05:17:09.287600+00:00,D:/D drive recovery/Shiva JH/Projects/OneLake Medallion/data/landing/_reference/products.parquet,_reference
1347d4320dcd0acd750e37bb3d94a918,eletrodomesticos,54.0,780.0,5.0,7600.0,30.0,50.0,40.0,2016-01-01 00:00:00.000000,2026-08-27T05:17:09.287600+00:00,D:/D drive recovery/Shiva JH/Projects/OneLake Medallion/data/landing/_reference/products.parquet,_reference
3c794d260ad4b5f507a5d90df23523bf,market_place,63.0,2200.0,1.0,500.0,33.0,6.0,22.0,2016-01-01 00:00:00.000000,2026-08-27T05:17:09.287600+00:00,D:/D drive recovery/Shiva JH/Projects/OneLake Medallion/data/landing/_reference/products.parquet,_reference
ffb530bd30bcc1bd903e4da723faa5e6,construcao_ferramentas_construcao,57.0,2409.0,2.0,1800.0,16.0,11.0,11.0,2016-01-01 00:00:00.000000,2026-08-27T05:17:09.287600+00:00,D:/D drive recovery/Shiva JH/Projects/OneLake Medallion/data/landing/_reference/products.parquet,_reference
e9f5285945cb79bc9dd00821fff79138,esporte_lazer,29.0,451.0,3.0,650.0,30.0,30.0,30.0,2016-01-01 00:00:00.000000,2026-08-27T05:17:09.287600+00:00,D:/D drive recovery/Shiva JH/Projects/OneLake Medallion/data/landing/_reference/products.parquet,_reference
7ada7bee4052075cf6310885da8c4392,papelaria,60.0,189.0,2.0,5550.0,28.0,55.0,37.0,2016-01-01 00:00:00.000000,2026-08-27T05:17:09.287600+00:00,D:/D drive recovery/Shiva JH/Projects/OneLake Medallion/data/landing/_reference/products.parquet,_reference
8c292ca193d326152e335d77176746f0,beleza_saude,60.0,2894.0,1.0,200.0,17.0,11.0,15.0,2016-01-01 00:00:00.000000,2026-08-27T05:17:09.287600+00:00,D:/D drive recovery/Shiva JH/Projects/OneLake Medallion/data/landing/_reference/products.parquet,_reference
800f75019492a0d9ffb2483ae65b59f1,fashion_bolsas_e_acessorios,33.0,371.0,1.0,100.0,17.0,3.0,12.0,2016-01-01 00:00:00.000000,2026-08-27T05:17:09.287600+00:00,D:/D drive recovery/Shiva JH/Projects/OneLake Medallion/data/landing/_reference/products.parquet,_reference
333789d98505fa09e6e270b62360996e,moveis_decoracao,63.0,810.0,6.0,550.0,27.0,15.0,20.0,2016-01-01 00:00:00.000000,2026-08-27T05:17:09.287600+00:00,D:/D drive recovery/Shiva JH/Projects/OneLake Medallion/data/landing/_reference/products.parquet,_reference
369dfa384d5ad2a0cb97cb4cda846c47,esporte_lazer,58.0,3784.0,7.0,225.0,25.0,18.0,18.0,2016-01-01 00:00:00.000000,2026-08-27T05:17:09.287600+00:00,D:/D drive recovery/Shiva JH/Projects/OneLake Medallion/data/landing/_reference/products.parquet,_reference
5a848e4ab52fd5445cdc07aab1c40e48,,,,,400.0,20.0,12.0,15.0,2016-01-01 00:00:00.000000,2026-08-27T05:17:09.287600+00:00,D:/D drive recovery/Shiva JH/Projects/OneLake Medallion/data/landing/_reference/products.parquet,_reference
1046440f587e8b22c047de8ab39095dc,bebes,59.0,832.0,4.0,650.0,38.0,15.0,43.0,2016-01-01 00:00:00.000000,2026-08-27T05:17:09.287600+00:00,D:/D drive recovery/Shiva JH/Projects/OneLake Medallion/data/landing/_reference/products.parquet,_reference
ef79ec374ba852bbced7662285946619,relogios_presentes,56.0,864.0,7.0,350.0,16.0,2.0,20.0,2016-01-01 00:00:00.000000,2026-08-27T05:17:09.287600+00:00,D:/D drive recovery/Shiva JH/Projects/OneLake Medallion/data/landing/_reference/products.parquet,_reference
f6255ba641ecb52b580793c20b7d728d,eletronicos,60.0,333.0,1.0,225.0,22.0,11.0,16.0,2016-01-01 00:00:00.000000,2026-08-27T05:17:09.287600+00:00,D:/D drive recovery/Shiva JH/Projects/OneLake Medallion/data/landing/_reference/products.parquet,_reference
b26309a170c13aac40126a8ef3400e07,moveis_decoracao,22.0,425.0,2.0,150.0,16.0,22.0,18.0,2016-01-01 00:00:00.000000,2026-08-27T05:17:09.287600+00:00,D:/D drive recovery/Shiva JH/Projects/OneLake Medallion/data/landing/_reference/products.parquet,_reference
e4d325bd1eea550509bdbbc5c3301fc1,perfumaria,59.0,874.0,1.0,525.0,16.0,16.0,18.0,2016-01-01 00:00:00.000000,2026-08-27T05:17:09.287600+00:00,D:/D drive recovery/Shiva JH/Projects/OneLake Medallion/data/landing/_reference/products.parquet,_reference
a50acd33ba7a8da8e9db65094fa990a4,automotivo,53.0,555.0,1.0,4105.0,67.0,10.0,67.0,2016-01-01 00:00:00.000000,2026-08-27T05:17:09.287600+00:00,D:/D drive recovery/Shiva JH/Projects/OneLake Medallion/data/landing/_reference/products.parquet,_reference
a3309868978f986b3865b8a3729192e2,cama_mesa_banho,28.0,246.0,1.0,1025.0,35.0,10.0,18.0,2016-01-01 00:00:00.000000,2026-08-27T05:17:09.287600+00:00,D:/D drive recovery/Shiva JH/Projects/OneLake Medallion/data/landing/_reference/products.parquet,_reference
657aa59c6c58816ddc4f86c51a2759c9,bebes,56.0,322.0,2.0,1550.0,37.0,35.0,32.0,2016-01-01 00:00:00.000000,2026-08-27T05:17:09.287600+00:00,D:/D drive recovery/Shiva JH/Projects/OneLake Medallion/data/landing/_reference/products.parquet,_reference
cd46fbff1f4a0d9b923f70e332add4b5,perfumaria,17.0,320.0,1.0,100.0,16.0,12.0,11.0,2016-01-01 00:00:00.000000,2026-08-27T05:17:09.287600+00:00,D:/D drive recovery/Shiva JH/Projects/OneLake Medallion/data/landing/_reference/products.parquet,_reference
586767b4866eb690de111248e18d3909,papelaria,53.0,198.0,2.0,150.0,24.0,7.0,14.0,2016-01-01 00:00:00.000000,2026-08-27T05:17:09.287600+00:00,D:/D drive recovery/Shiva JH/Projects/OneLake Medallion/data/landing/_reference/products.parquet,_reference
24c66f106f642621e524291a895c9032,beleza_saude,37.0,325.0,1.0,792.0,19.0,14.0,16.0,2016-01-01 00:00:00.000000,2026-08-27T05:17:09.287600+00:00,D:/D drive recovery/Shiva JH/Projects/OneLake Medallion/data/landing/_reference/products.parquet,_reference
39c0f867b8567f91295186c270767552,fashion_bolsas_e_acessorios,56.0,631.0,4.0,300.0,22.0,14.0,22.0,2016-01-01 00:00:00.000000,2026-08-27T05:17:09.287600+00:00,D:/D drive recovery/Shiva JH/Projects/OneLake Medallion/data/landing/_reference/products.parquet,_reference
6a8631b72a2f8729b91514db87e771c0,eletronicos,54.0,614.0,1.0,100.0,17.0,6.0,11.0,2016-01-01 00:00:00.000000,2026-08-27T05:17:09.287600+00:00,D:/D drive recovery/Shiva JH/Projects/OneLake Medallion/data/landing/_reference/products.parquet,_reference
38e1784cae89a04473ff96b4ae246419,moveis_decoracao,57.0,281.0,1.0,1350.0,30.0,5.0,45.0,2016-01-01 00:00:00.000000,2026-08-27T05:17:09.287600+00:00,D:/D drive recovery/Shiva JH/Projects/OneLake Medallion/data/landing/_reference/products.parquet,_reference
f8077831f3c3f393fb67b93c5acd8daf,casa_construcao,57.0,921.0,7.0,750.0,16.0,20.0,16.0,2016-01-01 00:00:00.000000,2026-08-27T05:17:09.287600+00:00,D:/D drive recovery/Shiva JH/Projects/OneLake Medallion/data/landing/_reference/products.parquet,_reference
10ab16a7860f0bf18ed851ca94ab90a5,beleza_saude,40.0,707.0,2.0,100.0,18.0,9.0,12.0,2016-01-01 00:00:00.000000,2026-08-27T05:17:09.287600+00:00,D:/D drive recovery/Shiva JH/Projects/OneLake Medallion/data/landing/_reference/products.parquet,_reference
2b6668f997fdf67b759b63fa849b0b39,cama_mesa_banho,59.0,604.0,1.0,2500.0,40.0,6.0,30.0,2016-01-01 00:00:00.000000,2026-08-27T05:17:09.287600+00:00,D:/D drive recovery/Shiva JH/Projects/OneLake Medallion/data/landing/_reference/products.parquet,_reference
f8b624d4e475bb8d1bddf1b65c6a64f6,utilidades_domesticas,46.0,323.0,1.0,2841.0,40.0,23.0,26.0,2016-01-01 00:00:00.000000,2026-08-27T05:17:09.287600+00:00,D:/D drive recovery/Shiva JH/Projects/OneLake Medallion/data/landing/_reference/products.parquet,_reference
240160e0aa04afdf29718fc68f92a47b,instrumentos_musicais,48.0,822.0,8.0,7900.0,70.0,15.0,45.0,2016-01-01 00:00:00.000000,2026-08-27T05:17:09.287600+00:00,D:/D drive recovery/Shiva JH/Projects/OneLake Medallion/data/landing/_reference/products.parquet,_reference
f8bb2d19e05c6738d6a11ace3936b153,eletrodomesticos,59.0,399.0,1.0,4750.0,47.0,13.0,26.0,2016-01-01 00:00:00.000000,2026-08-27T05:17:09.287600+00:00,D:/D drive recovery/Shiva JH/Projects/OneLake Medallion/data/landing/_reference/products.parquet,_reference
09f6dccfebfa0688abfc1af640b69e61,esporte_lazer,15.0,328.0,2.0,150.0,28.0,5.0,14.0,2016-01-01 00:00:00.000000,2026-08-27T05:17:09.287600+00:00,D:/D drive recovery/Shiva JH/Projects/OneLake Medallion/data/landing/_reference/products.parquet,_reference
9b9d1c4bd979b93c138044e032f99780,cool_stuff,56.0,1024.0,1.0,900.0,44.0,24.0,31.0,2016-01-01 00:00:00.000000,2026-08-27T05:17:09.287600+00:00,D:/D drive recovery/Shiva JH/Projects/OneLake Medallion/data/landing/_reference/products.parquet,_reference
87c91527351ebab1c422be0f4738480b,esporte_lazer,42.0,877.0,1.0,2100.0,26.0,20.0,22.0,2016-01-01 00:00:00.000000,2026-08-27T05:17:09.287600+00:00,D:/D drive recovery/Shiva JH/Projects/OneLake Medallion/data/landing/_reference/products.parquet,_reference
db12039c7ff4e850d48e0312fa9b3473,cool_stuff,23.0,652.0,2.0,575.0,26.0,20.0,32.0,2016-01-01 00:00:00.000000,2026-08-27T05:17:09.287600+00:00,D:/D drive recovery/Shiva JH/Projects/OneLake Medallion/data/landing/_reference/products.parquet,_reference
f71f42e2381752836563b70beb542f80,informatica_acessorios,34.0,1078.0,2.0,250.0,41.0,2.0,29.0,2016-01-01 00:00:00.000000,2026-08-27T05:17:09.287600+00:00,D:/D drive recovery/Shiva JH/Projects/OneLake Medallion/data/landing/_reference/products.parquet,_reference
cc1b0e67ffb98a08c886e8c3c27a915f,papelaria,59.0,251.0,6.0,1500.0,60.0,20.0,29.0,2016-01-01 00:00:00.000000,2026-08-27T05:17:09.287600+00:00,D:/D drive recovery/Shiva JH/Projects/OneLake Medallion/data/landing/_reference/products.parquet,_reference
8c8eb9eb2e47ade1a343cd00f81cbd52,utilidades_domesticas,59.0,738.0,6.0,1500.0,28.0,20.0,28.0,2016-01-01 00:00:00.000000,2026-08-27T05:17:09.287600+00:00,D:/D drive recovery/Shiva JH/Projects/OneLake Medallion/data/landing/_reference/products.parquet,_reference
03bca689857bd64cc5c022221113db7e,climatizacao,57.0,364.0,1.0,2000.0,22.0,38.0,37.0,2016-01-01 00:00:00.000000,2026-08-27T05:17:09.287600+00:00,D:/D drive recovery/Shiva JH/Projects/OneLake Medallion/data/landing/_reference/products.parquet,_reference
cea3e34396621bb2677f5969c11316bc,automotivo,49.0,1252.0,2.0,1350.0,61.0,8.0,30.0,2016-01-01 00:00:00.000000,2026-08-27T05:17:09.287600+00:00,D:/D drive recovery/Shiva JH/Projects/OneLake Medallion/data/landing/_reference/products.parquet,_reference
216ac797639b7734f0b125861ea845ae,papelaria,57.0,303.0,1.0,250.0,16.0,6.0,11.0,2016-01-01 00:00:00.000000,2026-08-27T05:17:09.287600+00:00,D:/D drive recovery/Shiva JH/Projects/OneLake Medallion/data/landing/_reference/products.parquet,_reference
3425c37e6772b3913480d0333e0beebf,fashion_bolsas_e_acessorios,54.0,224.0,2.0,100.0,16.0,6.0,13.0,2016-01-01 00:00:00.000000,2026-08-27T05:17:09.287600+00:00,D:/D drive recovery/Shiva JH/Projects/OneLake Medallion/data/landing/_reference/products.parquet,_reference
5d6bc77eb34fe7ec18a9fc50b845590c,moveis_decoracao,52.0,444.0,4.0,500.0,35.0,35.0,11.0,2016-01-01 00:00:00.000000,2026-08-27T05:17:09.287600+00:00,D:/D drive recovery/Shiva JH/Projects/OneLake Medallion/data/landing/_reference/products.parquet,_reference
4ebab6a2135a2477b657bda38646b64b,brinquedos,38.0,853.0,3.0,442.0,20.0,16.0,14.0,2016-01-01 00:00:00.000000,2026-08-27T05:17:09.287600+00:00,D:/D drive recovery/Shiva JH/Projects/OneLake Medallion/data/landing/_reference/products.parquet,_reference
49466a763c580ece2f646db1e2f5b47a,livros_interesse_geral,24.0,119.0,1.0,950.0,25.0,4.0,18.0,2016-01-01 00:00:00.000000,2026-08-27T05:17:09.287600+00:00,D:/D drive recovery/Shiva JH/Projects/OneLake Medallion/data/landing/_reference/products.parquet,_reference
23bcd6822a33df5534f9b290216eec1f,brinquedos,56.0,708.0,6.0,7000.0,20.0,62.0,35.0,2016-01-01 00:00:00.000000,2026-08-27T05:17:09.287600+00:00,D:/D drive recovery/Shiva JH/Projects/OneLake Medallion/data/landing/_reference/products.parquet,_reference
e3ef50d542d4e6477fbcf202a02ef040,telefonia,51.0,622.0,2.0,350.0,17.0,4.0,12.0,2016-01-01 00:00:00.000000,2026-08-27T05:17:09.287600+00:00,D:/D drive recovery/Shiva JH/Projects/OneLake Medallion/data/landing/_reference/products.parquet,_reference
05d0558798a718f6f4658acd8b0e65e1,automotivo,58.0,314.0,3.0,1550.0,37.0,10.0,36.0,2016-01-01 00:00:00.000000,2026-08-27T05:17:09.287600+00:00,D:/D drive recovery/Shiva JH/Projects/OneLake Medallion/data/landing/_reference/products.parquet,_reference
b5661cf46c147805adc83695fb04f487,utilidades_domesticas,56.0,348.0,1.0,700.0,51.0,13.0,11.0,2016-01-01 00:00:00.000000,2026-08-27T05:17:09.287600+00:00,D:/D drive recovery/Shiva JH/Projects/OneLake Medallion/data/landing/_reference/products.parquet,_reference
389d119b48cf3043d311335e499d9c6b,ferramentas_jardim,59.0,341.0,2.0,1750.0,37.0,22.0,40.0,2016-01-01 00:00:00.000000,2026-08-27T05:17:09.287600+00:00,D:/D drive recovery/Shiva JH/Projects/OneLake Medallion/data/landing/_reference/products.parquet,_reference
840621ddfa6fe5736e2d5b9e621caa68,automotivo,59.0,690.0,5.0,1550.0,68.0,9.0,35.0,2016-01-01 00:00:00.000000,2026-08-27T05:17:09.287600+00:00,D:/D drive recovery/Shiva JH/Projects/OneLake Medallion/data/landing/_reference/products.parquet,_reference
67bd616e1ba0d3d3e8545f3113b0140d,beleza_saude,57.0,3153.0,1.0,300.0,18.0,18.0,18.0,2016-01-01 00:00:00.000000,2026-08-27T05:17:09.287600+00:00,D:/D drive recovery/Shiva JH/Projects/OneLake Medallion/data/landing/_reference/products.parquet,_reference
3c6435ca19d6b17c048cdde0abc55ba7,utilidades_domesticas,37.0,636.0,1.0,500.0,28.0,7.0,20.0,2016-01-01 00:00:00.000000,2026-08-27T05:17:09.287600+00:00,D:/D drive recovery/Shiva JH/Projects/OneLake Medallion/data/landing/_reference/products.parquet,_reference
5cbca81261e661159b5a3e6025bffba8,perfumaria,48.0,87.0,1.0,570.0,19.0,13.0,17.0,2016-01-01 00:00:00.000000,2026-08-27T05:17:09.287600+00:00,D:/D drive recovery/Shiva JH/Projects/OneLake Medallion/data/landing/_reference/products.parquet,_reference
ed6fbe9d8190ee9110b95ce820fc9f02,cool_stuff,42.0,113.0,1.0,500.0,25.0,37.0,36.0,2016-01-01 00:00:00.000000,2026-08-27T05:17:09.287600+00:00,D:/D drive recovery/Shiva JH/Projects/OneLake Medallion/data/landing/_reference/products.parquet,_reference
6d3bb44f9f7c05fcf46bee6a24ec1117,fashion_bolsas_e_acessorios,54.0,806.0,1.0,200.0,16.0,2.0,11.0,2016-01-01 00:00:00.000000,2026-08-27T05:17:09.287600+00:00,D:/D drive recovery/Shiva JH/Projects/OneLake Medallion/data/landing/_reference/products.parquet,_reference
3fc0f58c51fcd02161542e0320c4dbe7,moveis_decoracao,47.0,1722.0,1.0,900.0,53.0,8.0,11.0,2016-01-01 00:00:00.000000,2026-08-27T05:17:09.287600+00:00,D:/D drive recovery/Shiva JH/Projects/OneLake Medallion/data/landing/_reference/products.parquet,_reference
209fa5709fd95c3fac1edddca1d6c505,cama_mesa_banho,46.0,372.0,1.0,1450.0,34.0,12.0,40.0,2016-01-01 00:00:00.000000,2026-08-27T05:17:09.287600+00:00,D:/D drive recovery/Shiva JH/Projects/OneLake Medallion/data/landing/_reference/products.parquet,_reference
a237de12bdf0bfe4fe220bae65a89731,moveis_decoracao,57.0,954.0,7.0,1250.0,60.0,12.0,12.0,2016-01-01 00:00:00.000000,2026-08-27T05:17:09.287600+00:00,D:/D drive recovery/Shiva JH/Projects/OneLake Medallion/data/landing/_reference/products.parquet,_reference
1fe1f9dca96414bdc282cddb276db70e,moveis_decoracao,50.0,924.0,1.0,600.0,17.0,17.0,17.0,2016-01-01 00:00:00.000000,2026-08-27T05:17:09.287600+00:00,D:/D drive recovery/Shiva JH/Projects/OneLake Medallion/data/landing/_reference/products.parquet,_reference
32272e8a9336baf4548671ac811f4f14,beleza_saude,35.0,906.0,2.0,750.0,18.0,13.0,13.0,2016-01-01 00:00:00.000000,2026-08-27T05:17:09.287600+00:00,D:/D drive recovery/Shiva JH/Projects/OneLake Medallion/data/landing/_reference/products.parquet,_reference
8b199a0f183f8011403f53356c564d80,moveis_decoracao,48.0,748.0,1.0,11017.0,40.0,49.0,32.0,2016-01-01 00:00:00.000000,2026-08-27T05:17:09.287600+00:00,D:/D drive recovery/Shiva JH/Projects/OneLake Medallion/data/landing/_reference/products.parquet,_reference
84412fdf17ffe7f7b52913a82e73b5b2,esporte_lazer,54.0,1051.0,1.0,1600.0,20.0,25.0,20.0,2016-01-01 00:00:00.000000,2026-08-27T05:17:09.287600+00:00,D:/D drive recovery/Shiva JH/Projects/OneLake Medallion/data/landing/_reference/products.parquet,_reference
8c81b8075a4b824afebae3dc276889eb,bebes,35.0,251.0,1.0,2197.0,37.0,28.0,30.0,2016-01-01 00:00:00.000000,2026-08-27T05:17:09.287600+00:00,D:/D drive recovery/Shiva JH/Projects/OneLake Medallion/data/landing/_reference/products.parquet,_reference
71b157e39523e25558ed9cc1960c3fbd,cama_mesa_banho,40.0,496.0,1.0,125.0,28.0,7.0,20.0,2016-01-01 00:00:00.000000,2026-08-27T05:17:09.287600+00:00,D:/D drive recovery/Shiva JH/Projects/OneLake Medallion/data/landing/_reference/products.parquet,_reference
8c591ab0ca519558779df02023177f44,ferramentas_jardim,47.0,1893.0,1.0,6050.0,20.0,20.0,20.0,2016-01-01 00:00:00.000000,2026-08-27T05:17:09.287600+00:00,D:/D drive recovery/Shiva JH/Projects/OneLake Medallion/data/landing/_reference/products.parquet,_reference
2c0794594e639865fe2ff4085c935544,informatica_acessorios,60.0,970.0,3.0,750.0,36.0,17.0,14.0,2016-01-01 00:00:00.000000,2026-08-27T05:17:09.287600+00:00,D:/D drive recovery/Shiva JH/Projects/OneLake Medallion/data/landing/_reference/products.parquet,_reference
f5cb4f19ca215fb34aef190918d45f46,informatica_acessorios,47.0,219.0,1.0,200.0,23.0,11.0,15.0,2016-01-01 00:00:00.000000,2026-08-27T05:17:09.287600+00:00,D:/D drive recovery/Shiva JH/Projects/OneLake Medallion/data/landing/_reference/products.parquet,_reference
26fc231be6849fcec97af7afec0bb083,relogios_presentes,46.0,558.0,1.0,317.0,18.0,11.0,14.0,2016-01-01 00:00:00.000000,2026-08-27T05:17:09.287600+00:00,D:/D drive recovery/Shiva JH/Projects/OneLake Medallion/data/landing/_reference/products.parquet,_reference
6e135c0c17d87c489e2f89efe42b948a,pcs,56.0,2111.0,1.0,11900.0,52.0,52.0,26.0,2016-01-01 00:00:00.000000,2026-08-27T05:17:09.287600+00:00,D:/D drive recovery/Shiva JH/Projects/OneLake Medallion/data/landing/_reference/products.parquet,_reference
0fc323f82937aa2d350753be764a155f,ferramentas_jardim,43.0,219.0,1.0,1900.0,45.0,30.0,42.0,2016-01-01 00:00:00.000000,2026-08-27T05:17:09.287600+00:00,D:/D drive recovery/Shiva JH/Projects/OneLake Medallion/data/landing/_reference/products.parquet,_reference
d2e1eee81b5ff42f0f1f4693e1182349,utilidades_domesticas,20.0,637.0,1.0,550.0,17.0,28.0,11.0,2016-01-01 00:00:00.000000,2026-08-27T05:17:09.287600+00:00,D:/D drive recovery/Shiva JH/Projects/OneLake Medallion/data/landing/_reference/products.parquet,_reference
5f76fa92c238431e69b3f294ec7db04a,informatica_acessorios,63.0,193.0,3.0,100.0,23.0,2.0,20.0,2016-01-01 00:00:00.000000,2026-08-27T05:17:09.287600+00:00,D:/D drive recovery/Shiva JH/Projects/OneLake Medallion/data/landing/_reference/products.parquet,_reference
3e5201fe0d1ba474d9b90152c83c706c,cama_mesa_banho,56.0,255.0,1.0,1800.0,30.0,5.0,30.0,2016-01-01 00:00:00.000000,2026-08-27T05:17:09.287600+00:00,D:/D drive recovery/Shiva JH/Projects/OneLake Medallion/data/landing/_reference/products.parquet,_reference
ab1106e227a745836a0dc83b374e2575,alimentos,52.0,869.0,1.0,325.0,16.0,9.0,13.0,2016-01-01 00:00:00.000000,2026-08-27T05:17:09.287600+00:00,D:/D drive recovery/Shiva JH/Projects/OneLake Medallion/data/landing/_reference/products.parquet,_reference
243bb58796ed2164b831fb75e1241888,automotivo,43.0,246.0,7.0,300.0,16.0,7.0,11.0,2016-01-01 00:00:00.000000,2026-08-27T05:17:09.287600+00:00,D:/D drive recovery/Shiva JH/Projects/OneLake Medallion/data/landing/_reference/products.parquet,_reference
cd935d283d47f1050c505e1c39c48b67,esporte_lazer,32.0,658.0,5.0,281.0,30.0,14.0,25.0,2016-01-01 00:00:00.000000,2026-08-27T05:17:09.287600+00:00,D:/D drive recovery/Shiva JH/Projects/OneLake Medallion/data/landing/_reference/products.parquet,_reference
cf5fb18f3ac3f373759295cc8ba3e2c3,beleza_saude,57.0,450.0,1.0,1650.0,26.0,18.0,11.0,2016-01-01 00:00:00.000000,2026-08-27T05:17:09.287600+00:00,D:/D drive recovery/Shiva JH/Projects/OneLake Medallion/data/landing/_reference/products.parquet,_reference
3af8628b6057e15cb18b8421d7b82533,moveis_decoracao,33.0,1097.0,2.0,700.0,25.0,10.0,25.0,2016-01-01 00:00:00.000000,2026-08-27T05:17:09.287600+00:00,D:/D drive recovery/Shiva JH/Projects/OneLake Medallion/data/landing/_reference/products.parquet,_reference
268a2d46f49d8d1007f0381bc8c1edcc,esporte_lazer,46.0,180.0,1.0,525.0,40.0,9.0,14.0,2016-01-01 00:00:00.000000,2026-08-27T05:17:09.287600+00:00,D:/D drive recovery/Shiva JH/Projects/OneLake Medallion/data/landing/_reference/products.parquet,_reference
dc6217e7f9d8c15039ca95b702ce7e02,bebes,38.0,488.0,1.0,400.0,55.0,12.0,40.0,2016-01-01 00:00:00.000000,2026-08-27T05:17:09.287600+00:00,D:/D drive recovery/Shiva JH/Projects/OneLake Medallion/data/landing/_reference/products.parquet,_reference
7a054d17dc450583ed639068a9298afd,construcao_ferramentas_iluminacao,58.0,341.0,1.0,5250.0,50.0,50.0,50.0,2016-01-01 00:00:00.000000,2026-08-27T05:17:09.287600+00:00,D:/D drive recovery/Shiva JH/Projects/OneLake Medallion/data/landing/_reference/products.parquet,_reference
c2af5a088a7027f1efe72f4507fd2fbc,telefonia,54.0,756.0,2.0,150.0,19.0,6.0,11.0,2016-01-01 00:00:00.000000,2026-08-27T05:17:09.287600+00:00,D:/D drive recovery/Shiva JH/Projects/OneLake Medallion/data/landing/_reference/products.parquet,_reference
4a25fe90f6685b9fc991af9a796f74c3,cama_mesa_banho,51.0,251.0,1.0,1900.0,45.0,15.0,35.0,2016-01-01 00:00:00.000000,2026-08-27T05:17:09.287600+00:00,D:/D drive recovery/Shiva JH/Projects/OneLake Medallion/data/landing/_reference/products.parquet,_reference
f3dd572f31692bb5b6ab21d2af0673b1,cool_stuff,56.0,730.0,1.0,2550.0,35.0,28.0,22.0,2016-01-01 00:00:00.000000,2026-08-27T05:17:09.287600+00:00,D:/D drive recovery/Shiva JH/Projects/OneLake Medallion/data/landing/_reference/products.parquet,_reference
cda286f50f4576f72f1028b38870aedb,automotivo,53.0,873.0,1.0,2700.0,60.0,21.0,25.0,2016-01-01 00:00:00.000000,2026-08-27T05:17:09.287600+00:00,D:/D drive recovery/Shiva JH/Projects/OneLake Medallion/data/landing/_reference/products.parquet,_reference
b71ed32edb9ce4684e10a11309011b60,alimentos_bebidas,30.0,690.0,2.0,500.0,25.0,9.0,18.0,2016-01-01 00:00:00.000000,2026-08-27T05:17:09.287600+00:00,D:/D drive recovery/Shiva JH/Projects/OneLake Medallion/data/landing/_reference/products.parquet,_reference
5a745a27fc76483a9de4540b35baff44,fashion_bolsas_e_acessorios,32.0,408.0,3.0,150.0,16.0,14.0,11.0,2016-01-01 00:00:00.000000,2026-08-27T05:17:09.287600+00:00,D:/D drive recovery/Shiva JH/Projects/OneLake Medallion/data/landing/_reference/products.parquet,_reference
78f5f8f4547e4be0449bce34eb0557f2,moveis_decoracao,39.0,1719.0,3.0,800.0,53.0,8.0,11.0,2016-01-01 00:00:00.000000,2026-08-27T05:17:09.287600+00:00,D:/D drive recovery/Shiva JH/Projects/OneLake Medallion/data/landing/_reference/products.parquet,_reference
a04a2402a7774ba53d10ed2ce29715e3,cama_mesa_banho,58.0,589.0,1.0,3000.0,16.0,50.0,40.0,2016-01-01 00:00:00.000000,2026-08-27T05:17:09.287600+00:00,D:/D drive recovery/Shiva JH/Projects/OneLake Medallion/data/landing/_reference/products.parquet,_reference
51f34083de64e6e8bd820c7e05a5a0d6,automotivo,47.0,247.0,1.0,150.0,16.0,6.0,11.0,2016-01-01 00:00:00.000000,2026-08-27T05:17:09.287600+00:00,D:/D drive recovery/Shiva JH/Projects/OneLake Medallion/data/landing/_reference/products.parquet,_reference
1d38e85c3c89665e3c1d5cc5e6a829d6,brinquedos,46.0,604.0,2.0,1133.0,33.0,23.0,21.0,2016-01-01 00:00:00.000000,2026-08-27T05:17:09.287600+00:00,D:/D drive recovery/Shiva JH/Projects/OneLake Medallion/data/landing/_reference/products.parquet,_reference
1a2d00b771a438bee7055bbd0086e003,cama_mesa_banho,55.0,192.0,1.0,950.0,44.0,2.0,36.0,2016-01-01 00:00:00.000000,2026-08-27T05:17:09.287600+00:00,D:/D drive recovery/Shiva JH/Projects/OneLake Medallion/data/landing/_reference/products.parquet,_reference
060c17562f97e5bb60bc0dfa4dd5b3f2,informatica_acessorios,40.0,675.0,1.0,150.0,18.0,6.0,14.0,2016-01-01 00:00:00.000000,2026-08-27T05:17:09.287600+00:00,D:/D drive recovery/Shiva JH/Projects/OneLake Medallion/data/landing/_reference/products.parquet,_reference
242edc6b84c00f0d48c664a020a92c52,malas_acessorios,39.0,131.0,1.0,500.0,23.0,45.0,32.0,2016-01-01 00:00:00.000000,2026-08-27T05:17:09.287600+00:00,D:/D drive recovery/Shiva JH/Projects/OneLake Medallion/data/landing/_reference/products.parquet,_reference
149e60a7a51b85a834c055f8025ae3e5,utilidades_domesticas,54.0,945.0,4.0,600.0,16.0,18.0,11.0,2016-01-01 00:00:00.000000,2026-08-27T05:17:09.287600+00:00,D:/D drive recovery/Shiva JH/Projects/OneLake Medallion/data/landing/_reference/products.parquet,_reference
362b773250263786dd58670d2df42c3b,esporte_lazer,51.0,2526.0,1.0,200.0,16.0,16.0,11.0,2016-01-01 00:00:00.000000,2026-08-27T05:17:09.287600+00:00,D:/D drive recovery/Shiva JH/Projects/OneLake Medallion/data/landing/_reference/products.parquet,_reference
1a4231697a4cb8eda8d5f1eb97e85733,automotivo,58.0,1332.0,5.0,650.0,16.0,10.0,11.0,2016-01-01 00:00:00.000000,2026-08-27T05:17:09.287600+00:00,D:/D drive recovery/Shiva JH/Projects/OneLake Medallion/data/landing/_reference/products.parquet,_reference
498297b9721ee352dc65a4df65688433,bebes,49.0,190.0,1.0,500.0,34.0,2.0,24.0,2016-01-01 00:00:00.000000,2026-08-27T05:17:09.287600+00:00,D:/D drive recovery/Shiva JH/Projects/OneLake Medallion/data/landing/_reference/products.parquet,_reference
ade405a562b15f95950b65eaccb3f0bb,moveis_escritorio,48.0,1746.0,1.0,19100.0,58.0,35.0,58.0,2016-01-01 00:00:00.000000,2026-08-27T05:17:09.287600+00:00,D:/D drive recovery/Shiva JH/Projects/OneLake Medallion/data/landing/_reference/products.parquet,_reference
228f57b1acb5bdce9401c58653c8cc14,relogios_presentes,39.0,542.0,1.0,433.0,21.0,12.0,16.0,2016-01-01 00:00:00.000000,2026-08-27T05:17:09.287600+00:00,D:/D drive recovery/Shiva JH/Projects/OneLake Medallion/data/landing/_reference/products.parquet,_reference
592962829d5a715304344e656e39108a,cama_mesa_banho,56.0,255.0,1.0,1750.0,30.0,5.0,30.0,2016-01-01 00:00:00.000000,2026-08-27T05:17:09.287600+00:00,D:/D drive recovery/Shiva JH/Projects/OneLake Medallion/data/landing/_reference/products.parquet,_reference
15bb6bb477d5bbfe167f6dc44b6846a8,moveis_decoracao,49.0,868.0,1.0,1000.0,40.0,8.0,40.0,2016-01-01 00:00:00.000000,2026-08-27T05:17:09.287600+00:00,D:/D drive recovery/Shiva JH/Projects/OneLake Medallion/data/landing/_reference/products.parquet,_reference
c4baedd846ed09b85f78a781b522f126,ferramentas_jardim,58.0,1893.0,1.0,5950.0,20.0,20.0,20.0,2016-01-01 00:00:00.000000,2026-08-27T05:17:09.287600+00:00,D:/D drive recovery/Shiva JH/Projects/OneLake Medallion/data/landing/_reference/products.parquet,_reference
cda8b19a05af621d957a97a979b6fa9a,bebes,50.0,1220.0,6.0,16333.0,56.0,48.0,38.0,2016-01-01 00:00:00.000000,2026-08-27T05:17:09.287600+00:00,D:/D drive recovery/Shiva JH/Projects/OneLake Medallion/data/landing/_reference/products.parquet,_reference
0067f97995b0c3a86739734dc87ee6b6,fashion_bolsas_e_acessorios,59.0,412.0,1.0,200.0,16.0,2.0,11.0,2016-01-01 00:00:00.000000,2026-08-27T05:17:09.287600+00:00,D:/D drive recovery/Shiva JH/Projects/OneLake Medallion/data/landing/_reference/products.parquet,_reference
7fab1a1472fdd934397068931f63f3ca,brinquedos,53.0,200.0,10.0,600.0,30.0,25.0,20.0,2016-01-01 00:00:00.000000,2026-08-27T05:17:09.287600+00:00,D:/D drive recovery/Shiva JH/Projects/OneLake Medallion/data/landing/_reference/products.parquet,_reference
d5f4f441812a9a67cf8fa6d6019192c8,beleza_saude,51.0,1540.0,1.0,1700.0,20.0,15.0,15.0,2016-01-01 00:00:00.000000,2026-08-27T05:17:09.287600+00:00,D:/D drive recovery/Shiva JH/Projects/OneLake Medallion/data/landing/_reference/products.parquet,_reference
ca3f06758a5c1f826803c6839d39b541,automotivo,50.0,119.0,2.0,1050.0,50.0,20.0,40.0,2016-01-01 00:00:00.000000,2026-08-27T05:17:09.287600+00:00,D:/D drive recovery/Shiva JH/Projects/OneLake Medallion/data/landing/_reference/products.parquet,_reference
af2d506fb01b724e03591349ad36b67e,bebes,55.0,1681.0,2.0,600.0,20.0,13.0,13.0,2016-01-01 00:00:00.000000,2026-08-27T05:17:09.287600+00:00,D:/D drive recovery/Shiva JH/Projects/OneLake Medallion/data/landing/_reference/products.parquet,_reference
8bad0b03a701f851b31594eb2eb758b8,cool_stuff,32.0,655.0,2.0,300.0,23.0,14.0,28.0,2016-01-01 00:00:00.000000,2026-08-27T05:17:09.287600+00:00,D:/D drive recovery/Shiva JH/Projects/OneLake Medallion/data/landing/_reference/products.parquet,_reference
c0c5899d3df29722ba3f12be79dfeb10,moveis_decoracao,39.0,453.0,1.0,283.0,19.0,12.0,14.0,2016-01-01 00:00:00.000000,2026-08-27T05:17:09.287600+00:00,D:/D drive recovery/Shiva JH/Projects/OneLake Medallion/data/landing/_reference/products.parquet,_reference
41150780d8eb1857e9575c5e3c23c0f0,casa_conforto,57.0,243.0,3.0,1800.0,30.0,20.0,30.0,2016-01-01 00:00:00.000000,2026-08-27T05:17:09.287600+00:00,D:/D drive recovery/Shiva JH/Projects/OneLake Medallion/data/landing/_reference/products.parquet,_reference
e3e6b07f8e08fc8862ab0fcaf76dbde4,construcao_ferramentas_construcao,59.0,342.0,2.0,150.0,20.0,6.0,20.0,2016-01-01 00:00:00.000000,2026-08-27T05:17:09.287600+00:00,D:/D drive recovery/Shiva JH/Projects/OneLake Medallion/data/landing/_reference/products.parquet,_reference
eb9962da8bc1136b2c1492184723ce26,esporte_lazer,59.0,806.0,3.0,600.0,95.0,15.0,15.0,2016-01-01 00:00:00.000000,2026-08-27T05:17:09.287600+00:00,D:/D drive recovery/Shiva JH/Projects/OneLake Medallion/data/landing/_reference/products.parquet,_reference
00066f42aeeb9f3007548bb9d3f33c38,perfumaria,53.0,596.0,6.0,300.0,20.0,16.0,16.0,2016-01-01 00:00:00.000000,2026-08-27T05:17:09.287600+00:00,D:/D drive recovery/Shiva JH/Projects/OneLake Medallion/data/landing/_reference/products.parquet,_reference
8bf16c54c7994478e4df5de5baf54e2f,perfumaria,47.0,1102.0,2.0,440.0,21.0,13.0,18.0,2016-01-01 00:00:00.000000,2026-08-27T05:17:09.287600+00:00,D:/D drive recovery/Shiva JH/Projects/OneLake Medallion/data/landing/_reference/products.parquet,_reference
db1e6fed56643b852af3132d255d9ddc,cama_mesa_banho,54.0,289.0,1.0,4050.0,40.0,12.0,38.0,2016-01-01 00:00:00.000000,2026-08-27T05:17:09.287600+00:00,D:/D drive recovery/Shiva JH/Projects/OneLake Medallion/data/landing/_reference/products.parquet,_reference
b5c2e3185fe0e385c9b5f1a0a4397930,utilidades_domesticas,45.0,199.0,1.0,180.0,19.0,13.0,14.0,2016-01-01 00:00:00.000000,2026-08-27T05:17:09.287600+00:00,D:/D drive recovery/Shiva JH/Projects/OneLake Medallion/data/landing/_reference/products.parquet,_reference
ae52eeb8383b94455f0a08b1f88ad002,informatica_acessorios,60.0,882.0,1.0,167.0,21.0,13.0,12.0,2016-01-01 00:00:00.000000,2026-08-27T05:17:09.287600+00:00,D:/D drive recovery/Shiva JH/Projects/OneLake Medallion/data/landing/_reference/products.parquet,_reference
81ec0756335856bf7e5bd40073652c44,esporte_lazer,60.0,326.0,5.0,600.0,40.0,20.0,20.0,2016-01-01 00:00:00.000000,2026-08-27T05:17:09.287600+00:00,D:/D drive recovery/Shiva JH/Projects/OneLake Medallion/data/landing/_reference/products.parquet,_reference
35ebf08a93899d44e756809e11b14754,eletronicos,55.0,240.0,1.0,150.0,18.0,12.0,15.0,2016-01-01 00:00:00.000000,2026-08-27T05:17:09.287600+00:00,D:/D drive recovery/Shiva JH/Projects/OneLake Medallion/data/landing/_reference/products.parquet,_reference
0885f25e5b69df855382efbb7308b8d2,pet_shop,60.0,993.0,3.0,750.0,20.0,6.0,15.0,2016-01-01 00:00:00.000000,2026-08-27T05:17:09.287600+00:00,D:/D drive recovery/Shiva JH/Projects/OneLake Medallion/data/landing/_reference/products.parquet,_reference
bdcf6a834e8faa30dac3886c7a58e92e,beleza_saude,26.0,394.0,1.0,1614.0,31.0,16.0,28.0,2016-01-01 00:00:00.000000,2026-08-27T05:17:09.287600+00:00,D:/D drive recovery/Shiva JH/Projects/OneLake Medallion/data/landing/_reference/products.parquet,_reference
95c40b993a22463c83beb5c51a03d46c,informatica_acessorios,33.0,1084.0,2.0,200.0,41.0,2.0,29.0,2016-01-01 00:00:00.000000,2026-08-27T05:17:09.287600+00:00,D:/D drive recovery/Shiva JH/Projects/OneLake Medallion/data/landing/_reference/products.parquet,_reference
ddb9028236525b8ab493fc24f99e8d1a,cama_mesa_banho,60.0,268.0,1.0,1800.0,34.0,7.0,32.0,2016-01-01 00:00:00.000000,2026-08-27T05:17:09.287600+00:00,D:/D drive recovery/Shiva JH/Projects/OneLake Medallion/data/landing/_reference/products.parquet,_reference
bf8df11db5850b8590e3cb397f18a916,cama_mesa_banho,42.0,451.0,1.0,1200.0,70.0,16.0,50.0,2016-01-01 00:00:00.000000,2026-08-27T05:17:09.287600+00:00,D:/D drive recovery/Shiva JH/Projects/OneLake Medallion/data/landing/_reference/products.parquet,_reference
1cf1166849ef1df39734ef593d71f20c,perfumaria,35.0,659.0,1.0,200.0,16.0,16.0,16.0,2016-01-01 00:00:00.000000,2026-08-27T05:17:09.287600+00:00,D:/D drive recovery/Shiva JH/Projects/OneLake Medallion/data/landing/_reference/products.parquet,_reference
a896b01f0fb94712f1e92bf9b0ebbe0e,brinquedos,60.0,1067.0,4.0,300.0,17.0,5.0,12.0,2016-01-01 00:00:00.000000,2026-08-27T05:17:09.287600+00:00,D:/D drive recovery/Shiva JH/Projects/OneLake Medallion/data/landing/_reference/products.parquet,_reference
bb90206fa281c20f0b4c42a2393b54dd,informatica_acessorios,39.0,72.0,1.0,875.0,35.0,14.0,14.0,2016-01-01 00:00:00.000000,2026-08-27T05:17:09.287600+00:00,D:/D drive recovery/Shiva JH/Projects/OneLake Medallion/data/landing/_reference/products.parquet,_reference
4651cbf18222b853f46619003d9861f3,construcao_ferramentas_construcao,58.0,1495.0,7.0,400.0,19.0,11.0,11.0,2016-01-01 00:00:00.000000,2026-08-27T05:17:09.287600+00:00,D:/D drive recovery/Shiva JH/Projects/OneLake Medallion/data/landing/_reference/products.parquet,_reference
35afc973633aaeb6b877ff57b2793310,casa_conforto,56.0,176.0,1.0,1825.0,53.0,10.0,40.0,2016-01-01 00:00:00.000000,2026-08-27T05:17:09.287600+00:00,D:/D drive recovery/Shiva JH/Projects/OneLake Medallion/data/landing/_reference/products.parquet,_reference
32b2c8b108d24d0729982597ff9aa62c,papelaria,57.0,309.0,1.0,600.0,41.0,10.0,29.0,2016-01-01 00:00:00.000000,2026-08-27T05:17:09.287600+00:00,D:/D drive recovery/Shiva JH/Projects/OneLake Medallion/data/landing/_reference/products.parquet,_reference
15416967b480fca6c3ceac3335e57c36,utilidades_domesticas,57.0,284.0,2.0,7850.0,30.0,60.0,30.0,2016-01-01 00:00:00.000000,2026-08-27T05:17:09.287600+00:00,D:/D drive recovery/Shiva JH/Projects/OneLake Medallion/data/landing/_reference/products.parquet,_reference
53759a2ecddad2bb87a079a1f1519f73,ferramentas_jardim,58.0,340.0,2.0,1500.0,30.0,22.0,30.0,2016-01-01 00:00:00.000000,2026-08-27T05:17:09.287600+00:00,D:/D drive recovery/Shiva JH/Projects/OneLake Medallion/data/landing/_reference/products.parquet,_reference
081cac4fc215928a462eb2c06a14dffe,eletrodomesticos,50.0,718.0,3.0,150.0,16.0,8.0,16.0,2016-01-01 00:00:00.000000,2026-08-27T05:17:09.287600+00:00,D:/D drive recovery/Shiva JH/Projects/OneLake Medallion/data/landing/_reference/products.parquet,_reference
9fb9a39f2e393018aaeb432394aff48f,livros_interesse_geral,34.0,1151.0,9.0,1950.0,36.0,5.0,23.0,2016-01-01 00:00:00.000000,2026-08-27T05:17:09.287600+00:00,D:/D drive recovery/Shiva JH/Projects/OneLake Medallion/data/landing/_reference/products.parquet,_reference
42a2c92a0979a949ca4ea89ec5c7b934,utilidades_domesticas,41.0,799.0,1.0,7000.0,26.0,47.0,27.0,2016-01-01 00:00:00.000000,2026-08-27T05:17:09.287600+00:00,D:/D drive recovery/Shiva JH/Projects/OneLake Medallion/data/landing/_reference/products.parquet,_reference
fb55982be901439613a95940feefd9ee,papelaria,52.0,211.0,2.0,7000.0,60.0,20.0,30.0,2016-01-01 00:00:00.000000,2026-08-27T05:17:09.287600+00:00,D:/D drive recovery/Shiva JH/Projects/OneLake Medallion/data/landing/_reference/products.parquet,_reference
f98f1e2ce655ba8f88a8593e80243cca,cama_mesa_banho,58.0,231.0,1.0,1600.0,40.0,6.0,29.0,2016-01-01 00:00:00.000000,2026-08-27T05:17:09.287600+00:00,D:/D drive recovery/Shiva JH/Projects/OneLake Medallion/data/landing/_reference/products.parquet,_reference
55b71bf300a2765a382eaec566df531f,esporte_lazer,50.0,2164.0,5.0,3400.0,33.0,25.0,28.0,2016-01-01 00:00:00.000000,2026-08-27T05:17:09.287600+00:00,D:/D drive recovery/Shiva JH/Projects/OneLake Medallion/data/landing/_reference/products.parquet,_reference
d753d967faa594c1c4014dc58966e8e1,construcao_ferramentas_construcao,60.0,327.0,1.0,21900.0,41.0,12.0,41.0,2016-01-01 00:00:00.000000,2026-08-27T05:17:09.287600+00:00,D:/D drive recovery/Shiva JH/Projects/OneLake Medallion/data/landing/_reference/products.parquet,_reference
9e10eb05d9f369d5c38c475425cc2ee9,telefonia,30.0,580.0,2.0,100.0,16.0,3.0,11.0,2016-01-01 00:00:00.000000,2026-08-27T05:17:09.287600+00:00,D:/D drive recovery/Shiva JH/Projects/OneLake Medallion/data/landing/_reference/products.parquet,_reference
acdff5faea9652b2230cbcf4d475a220,perfumaria,45.0,179.0,2.0,313.0,21.0,12.0,15.0,2016-01-01 00:00:00.000000,2026-08-27T05:17:09.287600+00:00,D:/D drive recovery/Shiva JH/Projects/OneLake Medallion/data/landing/_reference/products.parquet,_reference
3a3f0628722b2f548673a2f7f5fa5605,fashion_underwear_e_moda_praia,62.0,594.0,3.0,250.0,19.0,9.0,27.0,2016-01-01 00:00:00.000000,2026-08-27T05:17:09.287600+00:00,D:/D drive recovery/Shiva JH/Projects/OneLake Medallion/data/landing/_reference/products.parquet,_reference
5db30faf301625dca549c9153f7499ec,beleza_saude,48.0,1583.0,1.0,1800.0,16.0,16.0,16.0,2016-01-01 00:00:00.000000,2026-08-27T05:17:09.287600+00:00,D:/D drive recovery/Shiva JH/Projects/OneLake Medallion/data/landing/_reference/products.parquet,_reference
db04654a0a48dbdc74c877e6a3964df1,ferramentas_jardim,34.0,593.0,1.0,409.0,21.0,10.0,18.0,2016-01-01 00:00:00.000000,2026-08-27T05:17:09.287600+00:00,D:/D drive recovery/Shiva JH/Projects/OneLake Medallion/data/landing/_reference/products.parquet,_reference
f1e297029531521190bb2312a90df567,moveis_decoracao,51.0,1078.0,1.0,500.0,35.0,7.0,27.0,2016-01-01 00:00:00.000000,2026-08-27T05:17:09.287600+00:00,D:/D drive recovery/Shiva JH/Projects/OneLake Medallion/data/landing/_reference/products.parquet,_reference
f7bd9877cbaebdd3c596190ac46802b9,brinquedos,58.0,423.0,3.0,400.0,20.0,14.0,12.0,2016-01-01 00:00:00.000000,2026-08-27T05:17:09.287600+00:00,D:/D drive recovery/Shiva JH/Projects/OneLake Medallion/data/landing/_reference/products.parquet,_reference
9c8c60eaae5f2f6bcb59a42e314cb400,brinquedos,52.0,494.0,2.0,900.0,16.0,22.0,22.0,2016-01-01 00:00:00.000000,2026-08-27T05:17:09.287600+00:00,D:/D drive recovery/Shiva JH/Projects/OneLake Medallion/data/landing/_reference/products.parquet,_reference
5a4ad40b009d7b9aed160df860afffec,automotivo,59.0,752.0,2.0,725.0,60.0,8.0,33.0,2016-01-01 00:00:00.000000,2026-08-27T05:17:09.287600+00:00,D:/D drive recovery/Shiva JH/Projects/OneLake Medallion/data/landing/_reference/products.parquet,_reference
906b11f3bc3c98f883afa0eb67b0fac7,esporte_lazer,46.0,3362.0,5.0,1200.0,80.0,8.0,15.0,2016-01-01 00:00:00.000000,2026-08-27T05:17:09.287600+00:00,D:/D drive recovery/Shiva JH/Projects/OneLake Medallion/data/landing/_reference/products.parquet,_reference
f35927953ed82e19d06ad3aac2f06353,livros_interesse_geral,39.0,724.0,1.0,450.0,20.0,20.0,20.0,2016-01-01 00:00:00.000000,2026-08-27T05:17:09.287600+00:00,D:/D drive recovery/Shiva JH/Projects/OneLake Medallion/data/landing/_reference/products.parquet,_reference
7dd3fec3502f7ef333da2a73e00db394,perfumaria,54.0,391.0,3.0,479.0,21.0,15.0,17.0,2016-01-01 00:00:00.000000,2026-08-27T05:17:09.287600+00:00,D:/D drive recovery/Shiva JH/Projects/OneLake Medallion/data/landing/_reference/products.parquet,_reference
386eebb43722ab502f04f7900bd2451b,beleza_saude,45.0,2231.0,3.0,117.0,15.0,4.0,12.0,2016-01-01 00:00:00.000000,2026-08-27T05:17:09.287600+00:00,D:/D drive recovery/Shiva JH/Projects/OneLake Medallion/data/landing/_reference/products.parquet,_reference
6490b9f63b0b595e1c1402b46b0f50ad,telefonia,24.0,820.0,1.0,300.0,18.0,10.0,13.0,2016-01-01 00:00:00.000000,2026-08-27T05:17:09.287600+00:00,D:/D drive recovery/Shiva JH/Projects/OneLake Medallion/data/landing/_reference/products.parquet,_reference
83aae8023b8feda53259f63e0ec06390,moveis_decoracao,24.0,428.0,8.0,4450.0,40.0,33.0,20.0,2016-01-01 00:00:00.000000,2026-08-27T05:17:09.287600+00:00,D:/D drive recovery/Shiva JH/Projects/OneLake Medallion/data/landing/_reference/products.parquet,_reference
bbedc8efc6fad7cf1c7f7725b75cd356,cama_mesa_banho,27.0,306.0,2.0,800.0,36.0,12.0,26.0,2016-01-01 00:00:00.000000,2026-08-27T05:17:09.287600+00:00,D:/D drive recovery/Shiva JH/Projects/OneLake Medallion/data/landing/_reference/products.parquet,_reference
b249cf5fcf68f70e13515489f0fcb627,ferramentas_jardim,35.0,325.0,1.0,1300.0,19.0,33.0,13.0,2016-01-01 00:00:00.000000,2026-08-27T05:17:09.287600+00:00,D:/D drive recovery/Shiva JH/Projects/OneLake Medallion/data/landing/_reference/products.parquet,_reference
2c2f3f30558d17cb6427b4b1991cb2a7,pet_shop,60.0,1099.0,1.0,8300.0,30.0,55.0,30.0,2016-01-01 00:00:00.000000,2026-08-27T05:17:09.287600+00:00,D:/D drive recovery/Shiva JH/Projects/OneLake Medallion/data/landing/_reference/products.parquet,_reference
960f877599875172acdb3504cf4a55af,beleza_saude,36.0,438.0,1.0,300.0,17.0,9.0,16.0,2016-01-01 00:00:00.000000,2026-08-27T05:17:09.287600+00:00,D:/D drive recovery/Shiva JH/Projects/OneLake Medallion/data/landing/_reference/products.parquet,_reference
a291cc846d74d97f01611894f983073b,cool_stuff,58.0,478.0,1.0,600.0,22.0,6.0,22.0,2016-01-01 00:00:00.000000,2026-08-27T05:17:09.287600+00:00,D:/D drive recovery/Shiva JH/Projects/OneLake Medallion/data/landing/_reference/products.parquet,_reference
2002fc3ec2d8a30a7588628fe7aff958,eletronicos,57.0,432.0,1.0,200.0,16.0,6.0,14.0,2016-01-01 00:00:00.000000,2026-08-27T05:17:09.287600+00:00,D:/D drive recovery/Shiva JH/Projects/OneLake Medallion/data/landing/_reference/products.parquet,_reference
515363bc1bda36afb33bb9cdde0789f3,livros_interesse_geral,36.0,205.0,1.0,250.0,27.0,9.0,18.0,2016-01-01 00:00:00.000000,2026-08-27T05:17:09.287600+00:00,D:/D drive recovery/Shiva JH/Projects/OneLake Medallion/data/landing/_reference/products.parquet,_reference
336cfb12a5468070795ae4c964f4ce47,esporte_lazer,35.0,584.0,3.0,1000.0,40.0,20.0,20.0,2016-01-01 00:00:00.000000,2026-08-27T05:17:09.287600+00:00,D:/D drive recovery/Shiva JH/Projects/OneLake Medallion/data/landing/_reference/products.parquet,_reference
15b3d4c8373cd64166af5504b49d289d,moveis_decoracao,60.0,856.0,1.0,1400.0,43.0,5.0,30.0,2016-01-01 00:00:00.000000,2026-08-27T05:17:09.287600+00:00,D:/D drive recovery/Shiva JH/Projects/OneLake Medallion/data/landing/_reference/products.parquet,_reference
c848bbf7ec73272cce4df7509a71afde,bebidas,27.0,467.0,1.0,1925.0,30.0,29.0,20.0,2016-01-01 00:00:00.000000,2026-08-27T05:17:09.287600+00:00,D:/D drive recovery/Shiva JH/Projects/OneLake Medallion/data/landing/_reference/products.parquet,_reference
d3e1006ba3735c0d44160026b6e0ced3,automotivo,53.0,2805.0,3.0,1850.0,19.0,16.0,17.0,2016-01-01 00:00:00.000000,2026-08-27T05:17:09.287600+00:00,D:/D drive recovery/Shiva JH/Projects/OneLake Medallion/data/landing/_reference/products.parquet,_reference
0ee362737f0fade7293e5a4f375f2446,casa_conforto,54.0,217.0,3.0,900.0,30.0,20.0,30.0,2016-01-01 00:00:00.000000,2026-08-27T05:17:09.287600+00:00,D:/D drive recovery/Shiva JH/Projects/OneLake Medallion/data/landing/_reference/products.parquet,_reference
72c4ed817b3980cf86101f5fa7b234f7,esporte_lazer,53.0,550.0,1.0,200.0,16.0,10.0,20.0,2016-01-01 00:00:00.000000,2026-08-27T05:17:09.287600+00:00,D:/D drive recovery/Shiva JH/Projects/OneLake Medallion/data/landing/_reference/products.parquet,_reference
3410cbd7df2130ec3cb9300ef0fe3df1,informatica_acessorios,34.0,324.0,1.0,675.0,21.0,13.0,16.0,2016-01-01 00:00:00.000000,2026-08-27T05:17:09.287600+00:00,D:/D drive recovery/Shiva JH/Projects/OneLake Medallion/data/landing/_reference/products.parquet,_reference
a370599bb36b6aa53a8a4f428440f860,brinquedos,52.0,66.0,3.0,1500.0,39.0,30.0,29.0,2016-01-01 00:00:00.000000,2026-08-27T05:17:09.287600+00:00,D:/D drive recovery/Shiva JH/Projects/OneLake Medallion/data/landing/_reference/products.parquet,_reference
8d99a7ed81f061ceed740d8900be880a,cama_mesa_banho,55.0,396.0,1.0,3775.0,35.0,13.0,25.0,2016-01-01 00:00:00.000000,2026-08-27T05:17:09.287600+00:00,D:/D drive recovery/Shiva JH/Projects/OneLake Medallion/data/landing/_reference/products.parquet,_reference
b497d0032ea073dd58bbd2d7809d25b3,beleza_saude,35.0,556.0,3.0,825.0,23.0,5.0,15.0,2016-01-01 00:00:00.000000,2026-08-27T05:17:09.287600+00:00,D:/D drive recovery/Shiva JH/Projects/OneLake Medallion/data/landing/_reference/products.parquet,_reference
44c2454898f2a54b488fbbd767589cbe,papelaria,56.0,521.0,4.0,300.0,21.0,10.0,15.0,2016-01-01 00:00:00.000000,2026-08-27T05:17:09.287600+00:00,D:/D drive recovery/Shiva JH/Projects/OneLake Medallion/data/landing/_reference/products.parquet,_reference
7088744b00831b410bd17716cb578f39,informatica_acessorios,51.0,311.0,1.0,1013.0,30.0,15.0,16.0,2016-01-01 00:00:00.000000,2026-08-27T05:17:09.287600+00:00,D:/D drive recovery/Shiva JH/Projects/OneLake Medallion/data/landing/_reference/products.parquet,_reference
9ce4603565c839785b24a7e95e28f4eb,cool_stuff,40.0,1516.0,2.0,800.0,22.0,15.0,27.0,2016-01-01 00:00:00.000000,2026-08-27T05:17:09.287600+00:00,D:/D drive recovery/Shiva JH/Projects/OneLake Medallion/data/landing/_reference/products.parquet,_reference
