seller_id,seller_zip_code_prefix,seller_city,seller_state,updated_at,_ingested_at,_source_file,_batch_id
e49c26c3edfa46d227d5121a6b6e4d37,55325,brejao,PE,2016-01-01 00:00:00.000000,2026-08-27T05:17:09.287600+00:00,D:/D drive recovery/Shiva JH/Projects/OneLake Medallion/data/landing/_reference/sellers.parquet,_reference
ccc4bbb5f32a6ab2b7066a4130f114e3,80310,curitiba,PR,2016-01-01 00:00:00.000000,2026-08-27T05:17:09.287600+00:00,D:/D drive recovery/Shiva JH/Projects/OneLake Medallion/data/landing/_reference/sellers.parquet,_reference
8bd0f31cf0a614c658f6763bd02dea69,01222,sao paulo,SP,2016-01-01 00:00:00.000000,2026-08-27T05:17:09.287600+00:00,D:/D drive recovery/Shiva JH/Projects/OneLake Medallion/data/landing/_reference/sellers.parquet,_reference
f7496d659ca9fdaf323c0aae84176632,04156,sao paulo,SP,2016-01-01 00:00:00.000000,2026-08-27T05:17:09.287600+00:00,D:/D drive recovery/Shiva JH/Projects/OneLake Medallion/data/landing/_reference/sellers.parquet,_reference
2ff97219cb8622eaf3cd89b7d9c09824,13320,salto,SP,2016-01-01 00:00:00.000000,2026-08-27T05:17:09.287600+00:00,D:/D drive recovery/Shiva JH/Projects/OneLake Medallion/data/landing/_reference/sellers.parquet,_reference
2a1348e9addc1af5aaa619b1a3679d6b,30494,belo horizonte,MG,2016-01-01 00:00:00.000000,2026-08-27T05:17:09.287600+00:00,D:/D drive recovery/Shiva JH/Projects/OneLake Medallion/data/landing/_reference/sellers.parquet,_reference
116ccb1a1604bc88e4d234a8c23f33de,09850,sao bernardo do campo,SP,2016-01-01 00:00:00.000000,2026-08-27T05:17:09.287600+00:00,D:/D drive recovery/Shiva JH/Projects/OneLake Medallion/data/landing/_reference/sellers.parquet,_reference
406822777a0b9eb5c50e442dd4cd3ec5,18500,tatui,SP,2016-01-01 00:00:00.000000,2026-08-27T05:17:09.287600+00:00,D:/D drive recovery/Shiva JH/Projects/OneLake Medallion/data/landing/_reference/sellers.parquet,_reference
4dbd95a08b31ede5c82d3f861cb1ce1a,80210,curitiba,PR,2016-01-01 00:00:00.000000,2026-08-27T05:17:09.287600+00:00,D:/D drive recovery/Shiva JH/Projects/OneLake Medallion/data/landing/_reference/sellers.parquet,_reference
d9a84e1403de8da0c3aa531d6d108ba6,03562,sao paulo,SP,2016-01-01 00:00:00.000000,2026-08-27T05:17:09.287600+00:00,D:/D drive recovery/Shiva JH/Projects/OneLake Medallion/data/landing/_reference/sellers.parquet,_reference
1f9ab4708f3056ede07124aad39a2554,17602,tupa,SP,2016-01-01 00:00:00.000000,2026-08-27T05:17:09.287600+00:00,D:/D drive recovery/Shiva JH/Projects/OneLake Medallion/data/landing/_reference/sellers.parquet,_reference
5c030029b5916fed0986310385ec9009,88075,sao jose,SC,2016-01-01 00:00:00.000000,2026-08-27T05:17:09.287600+00:00,D:/D drive recovery/Shiva JH/Projects/OneLake Medallion/data/landing/_reference/sellers.parquet,_reference
8444e55c1f13cd5c179851e5ca5ebd00,37584,congonhal,MG,2016-01-01 00:00:00.000000,2026-08-27T05:17:09.287600+00:00,D:/D drive recovery/Shiva JH/Projects/OneLake Medallion/data/landing/_reference/sellers.parquet,_reference
d71d863e5ef30d94e440c11be17dcd8f,06144,osasco,SP,2016-01-01 00:00:00.000000,2026-08-27T05:17:09.287600+00:00,D:/D drive recovery/Shiva JH/Projects/OneLake Medallion/data/landing/_reference/sellers.parquet,_reference
0c7533c71df861ec58ad7ff999ed0e8d,13270,valinhos,SP,2016-01-01 00:00:00.000000,2026-08-27T05:17:09.287600+00:00,D:/D drive recovery/Shiva JH/Projects/OneLake Medallion/data/landing/_reference/sellers.parquet,_reference
ef990a83bbea832f36ebe81376335aa8,89214,joinville,SC,2016-01-01 00:00:00.000000,2026-08-27T05:17:09.287600+00:00,D:/D drive recovery/Shiva JH/Projects/OneLake Medallion/data/landing/_reference/sellers.parquet,_reference
0747d5bb69f0586cc869d8af4c50f93e,28990,saquarema,RJ,2016-01-01 00:00:00.000000,2026-08-27T05:17:09.287600+00:00,D:/D drive recovery/Shiva JH/Projects/OneLake Medallion/data/landing/_reference/sellers.parquet,_reference
b7ba853e9551f4558440881fd3e5c815,95500,santo antonio da patrulha,RS,2016-01-01 00:00:00.000000,2026-08-27T05:17:09.287600+00:00,D:/D drive recovery/Shiva JH/Projects/OneLake Medallion/data/landing/_reference/sellers.parquet,_reference
c013e57c075a06e5b5c48ee03c525719,13568,sao carlos,SP,2016-01-01 00:00:00.000000,2026-08-27T05:17:09.287600+00:00,D:/D drive recovery/Shiva JH/Projects/OneLake Medallion/data/landing/_reference/sellers.parquet,_reference
2d50d6282f8aa2257819a77bfaa0efe0,14940,ibitinga,SP,2016-01-01 00:00:00.000000,2026-08-27T05:17:09.287600+00:00,D:/D drive recovery/Shiva JH/Projects/OneLake Medallion/data/landing/_reference/sellers.parquet,_reference
a416b6a846a11724393025641d4edd5e,03702,sao paulo,SP,2016-01-01 00:00:00.000000,2026-08-27T05:17:09.287600+00:00,D:/D drive recovery/Shiva JH/Projects/OneLake Medallion/data/landing/_reference/sellers.parquet,_reference
7e93a43ef30c4f03f38b393420bc753a,06429,barueri,SP,2016-01-01 00:00:00.000000,2026-08-27T05:17:09.287600+00:00,D:/D drive recovery/Shiva JH/Projects/OneLake Medallion/data/landing/_reference/sellers.parquet,_reference
ef506c96320abeedfb894c34db06f478,03569,sao paulo,SP,2016-01-01 00:00:00.000000,2026-08-27T05:17:09.287600+00:00,D:/D drive recovery/Shiva JH/Projects/OneLake Medallion/data/landing/_reference/sellers.parquet,_reference
7299e27ed73d2ad986de7f7c77d919fa,38440,araguari,MG,2016-01-01 00:00:00.000000,2026-08-27T05:17:09.287600+00:00,D:/D drive recovery/Shiva JH/Projects/OneLake Medallion/data/landing/_reference/sellers.parquet,_reference
b2479f944e1b90cf8a5de1bbfde284d6,14940,ibitinga,SP,2016-01-01 00:00:00.000000,2026-08-27T05:17:09.287600+00:00,D:/D drive recovery/Shiva JH/Projects/OneLake Medallion/data/landing/_reference/sellers.parquet,_reference
7722b1df1b0e383e000397b2c11e3e19,09715,sao bernardo do campo,SP,2016-01-01 00:00:00.000000,2026-08-27T05:17:09.287600+00:00,D:/D drive recovery/Shiva JH/Projects/OneLake Medallion/data/landing/_reference/sellers.parquet,_reference
4e7c18b98d84e05cbae3ff0ff03846c2,14882,jaboticabal,SP,2016-01-01 00:00:00.000000,2026-08-27T05:17:09.287600+00:00,D:/D drive recovery/Shiva JH/Projects/OneLake Medallion/data/landing/_reference/sellers.parquet,_reference
b56906f7fd1696e043f1bcce164c487b,19830,echapora,SP,2016-01-01 00:00:00.000000,2026-08-27T05:17:09.287600+00:00,D:/D drive recovery/Shiva JH/Projects/OneLake Medallion/data/landing/_reference/sellers.parquet,_reference
d650b663c3b5f6fb392b6326366efa9a,06713,cotia,SP,2016-01-01 00:00:00.000000,2026-08-27T05:17:09.287600+00:00,D:/D drive recovery/Shiva JH/Projects/OneLake Medallion/data/landing/_reference/sellers.parquet,_reference
669ae81880e08f269a64487cfb287169,89160,rio do sul,SC,2016-01-01 00:00:00.000000,2026-08-27T05:17:09.287600+00:00,D:/D drive recovery/Shiva JH/Projects/OneLake Medallion/data/landing/_reference/sellers.parquet,_reference
c2d70ce2c5d0a2eb75e78668236e6dc8,04275,sao paulo,SP,2016-01-01 00:00:00.000000,2026-08-27T05:17:09.287600+00:00,D:/D drive recovery/Shiva JH/Projects/OneLake Medallion/data/landing/_reference/sellers.parquet,_reference
abe42c5d03695b4257b5c6cbf4e6784e,21235,rio de janeiro,RJ,2016-01-01 00:00:00.000000,2026-08-27T05:17:09.287600+00:00,D:/D drive recovery/Shiva JH/Projects/OneLake Medallion/data/landing/_reference/sellers.parquet,_reference
83353a83fd769dfafa4f21a72b15e3e5,05786,sao paulo,SP,2016-01-01 00:00:00.000000,2026-08-27T05:17:09.287600+00:00,D:/D drive recovery/Shiva JH/Projects/OneLake Medallion/data/landing/_reference/sellers.parquet,_reference
709e16e2b25c7474d980076c6bfc4806,16200,birigui,SP,2016-01-01 00:00:00.000000,2026-08-27T05:17:09.287600+00:00,D:/D drive recovery/Shiva JH/Projects/OneLake Medallion/data/landing/_reference/sellers.parquet,_reference
276677b5d08786d5dce7c2149dcce48b,31730,belo horizonte,MG,2016-01-01 00:00:00.000000,2026-08-27T05:17:09.287600+00:00,D:/D drive recovery/Shiva JH/Projects/OneLake Medallion/data/landing/_reference/sellers.parquet,_reference
99cd94252748d2bdde08e17858233602,12401,sao paulo,SP,2016-01-01 00:00:00.000000,2026-08-27T05:17:09.287600+00:00,D:/D drive recovery/Shiva JH/Projects/OneLake Medallion/data/landing/_reference/sellers.parquet,_reference
8bb48dc19fccaa8613b6229bf7f452a2,19803,assis,SP,2016-01-01 00:00:00.000000,2026-08-27T05:17:09.287600+00:00,D:/D drive recovery/Shiva JH/Projects/OneLake Medallion/data/landing/_reference/sellers.parquet,_reference
ad87df7699e83b8a91822a4a0b765c3a,13820,jaguariuna,SP,2016-01-01 00:00:00.000000,2026-08-27T05:17:09.287600+00:00,D:/D drive recovery/Shiva JH/Projects/OneLake Medallion/data/landing/_reference/sellers.parquet,_reference
d6b664fa0667064c6d76394e7848d790,14801,araraquara,SP,2016-01-01 00:00:00.000000,2026-08-27T05:17:09.287600+00:00,D:/D drive recovery/Shiva JH/Projects/OneLake Medallion/data/landing/_reference/sellers.parquet,_reference
1d4587203296c8f4ad134dc286fa6db0,05101,sao paulo,SP,2016-01-01 00:00:00.000000,2026-08-27T05:17:09.287600+00:00,D:/D drive recovery/Shiva JH/Projects/OneLake Medallion/data/landing/_reference/sellers.parquet,_reference
0c8380b62e38e8a1e6adbeba7eb9688c,37410,tres coracoes,MG,2016-01-01 00:00:00.000000,2026-08-27T05:17:09.287600+00:00,D:/D drive recovery/Shiva JH/Projects/OneLake Medallion/data/landing/_reference/sellers.parquet,_reference
37be5a7c751166fbc5f8ccba4119e043,04248,sao paulo,SP,2016-01-01 00:00:00.000000,2026-08-27T05:17:09.287600+00:00,D:/D drive recovery/Shiva JH/Projects/OneLake Medallion/data/landing/_reference/sellers.parquet,_reference
44073f8b7e41514de3b7815dd0237f4f,71070,brasilia,DF,2016-01-01 00:00:00.000000,2026-08-27T05:17:09.287600+00:00,D:/D drive recovery/Shiva JH/Projects/OneLake Medallion/data/landing/_reference/sellers.parquet,_reference
7b07b3c7487f0ea825fc6df75abd658b,02016,sao paulo,SP,2016-01-01 00:00:00.000000,2026-08-27T05:17:09.287600+00:00,D:/D drive recovery/Shiva JH/Projects/OneLake Medallion/data/landing/_reference/sellers.parquet,_reference
99002261c568a84cce14d43fcffb43ea,78095,cuiaba,MT,2016-01-01 00:00:00.000000,2026-08-27T05:17:09.287600+00:00,D:/D drive recovery/Shiva JH/Projects/OneLake Medallion/data/landing/_reference/sellers.parquet,_reference
099095b050cfe8eb1ddff5317587e96e,03322,sao paulo,SP,2016-01-01 00:00:00.000000,2026-08-27T05:17:09.287600+00:00,D:/D drive recovery/Shiva JH/Projects/OneLake Medallion/data/landing/_reference/sellers.parquet,_reference
82e0a475a88cc9595229d8029273f045,03417,sao paulo,SP,2016-01-01 00:00:00.000000,2026-08-27T05:17:09.287600+00:00,D:/D drive recovery/Shiva JH/Projects/OneLake Medallion/data/landing/_reference/sellers.parquet,_reference
b18dc380845b24038cfc48006478f099,09951,diadema,SP,2016-01-01 00:00:00.000000,2026-08-27T05:17:09.287600+00:00,D:/D drive recovery/Shiva JH/Projects/OneLake Medallion/data/landing/_reference/sellers.parquet,_reference
f021c962aaba8ef6eb527a9c2c8394d1,88301,itajai,SC,2016-01-01 00:00:00.000000,2026-08-27T05:17:09.287600+00:00,D:/D drive recovery/Shiva JH/Projects/OneLake Medallion/data/landing/_reference/sellers.parquet,_reference
a513150f33f99a06569e9cd5c4bb889b,01545,sao paulo,SP,2016-01-01 00:00:00.000000,2026-08-27T05:17:09.287600+00:00,D:/D drive recovery/Shiva JH/Projects/OneLake Medallion/data/landing/_reference/sellers.parquet,_reference
f12ff17ad8bbf01ec5c33b17e506649b,03186,sao paulo,SP,2016-01-01 00:00:00.000000,2026-08-27T05:17:09.287600+00:00,D:/D drive recovery/Shiva JH/Projects/OneLake Medallion/data/landing/_reference/sellers.parquet,_reference
6a8a889bde935bafa76d7848782dfaf9,02839,sao paulo,SP,2016-01-01 00:00:00.000000,2026-08-27T05:17:09.287600+00:00,D:/D drive recovery/Shiva JH/Projects/OneLake Medallion/data/landing/_reference/sellers.parquet,_reference
229c3efbfb0ea2058de4ccdfbc3d784a,30190,belo horizonte,MG,2016-01-01 00:00:00.000000,2026-08-27T05:17:09.287600+00:00,D:/D drive recovery/Shiva JH/Projects/OneLake Medallion/data/landing/_reference/sellers.parquet,_reference
fa40cc5b934574b62717c68f3d678b6d,02310,sao paulo,SP,2016-01-01 00:00:00.000000,2026-08-27T05:17:09.287600+00:00,D:/D drive recovery/Shiva JH/Projects/OneLake Medallion/data/landing/_reference/sellers.parquet,_reference
8e34331b7eedd03be4e5d965c1956225,04009,sao paulo,SP,2016-01-01 00:00:00.000000,2026-08-27T05:17:09.287600+00:00,D:/D drive recovery/Shiva JH/Projects/OneLake Medallion/data/landing/_reference/sellers.parquet,_reference
aaed1309374718fdd995ee4c58c9dfcd,89120,timbo,SC,2016-01-01 00:00:00.000000,2026-08-27T05:17:09.287600+00:00,D:/D drive recovery/Shiva JH/Projects/OneLake Medallion/data/landing/_reference/sellers.parquet,_reference
9e6229250fedbe05838fef417b74e7fb,16800,mirandopolis,SP,2016-01-01 00:00:00.000000,2026-08-27T05:17:09.287600+00:00,D:/D drive recovery/Shiva JH/Projects/OneLake Medallion/data/landing/_reference/sellers.parquet,_reference
817245bcc3badd82bbd222e0366951a6,17056,bauru,SP,2016-01-01 00:00:00.000000,2026-08-27T05:17:09.287600+00:00,D:/D drive recovery/Shiva JH/Projects/OneLake Medallion/data/landing/_reference/sellers.parquet,_reference
caa9bc43a9fe8cf9c564ddd8a03cc4a6,12308,jacarei,SP,2016-01-01 00:00:00.000000,2026-08-27T05:17:09.287600+00:00,D:/D drive recovery/Shiva JH/Projects/OneLake Medallion/data/landing/_reference/sellers.parquet,_reference
7178f9f4dd81dcef02f62acdf8151e01,89560,videira,SC,2016-01-01 00:00:00.000000,2026-08-27T05:17:09.287600+00:00,D:/D drive recovery/Shiva JH/Projects/OneLake Medallion/data/landing/_reference/sellers.parquet,_reference
3f995f07c49d0d55a99d5c54957f7d81,06853,itapecerica da serra,SP,2016-01-01 00:00:00.000000,2026-08-27T05:17:09.287600+00:00,D:/D drive recovery/Shiva JH/Projects/OneLake Medallion/data/landing/_reference/sellers.parquet,_reference
3db66a856d18a9cba7c9241fc5221c50,35430,ponte nova,MG,2016-01-01 00:00:00.000000,2026-08-27T05:17:09.287600+00:00,D:/D drive recovery/Shiva JH/Projects/OneLake Medallion/data/landing/_reference/sellers.parquet,_reference
a17f621c590ea0fab3d5d883e1630ec6,18055,sorocaba,SP,2016-01-01 00:00:00.000000,2026-08-27T05:17:09.287600+00:00,D:/D drive recovery/Shiva JH/Projects/OneLake Medallion/data/landing/_reference/sellers.parquet,_reference
8ca5b19e0263150d2c57afdde2b3d011,09336,maua,SP,2016-01-01 00:00:00.000000,2026-08-27T05:17:09.287600+00:00,D:/D drive recovery/Shiva JH/Projects/OneLake Medallion/data/landing/_reference/sellers.parquet,_reference
d6b1ce66b035a475f00c017792ff9769,13327,salto,SP,2016-01-01 00:00:00.000000,2026-08-27T05:17:09.287600+00:00,D:/D drive recovery/Shiva JH/Projects/OneLake Medallion/data/landing/_reference/sellers.parquet,_reference
ececbfcff9804a2d6b40f589df8eef2b,14407,franca,SP,2016-01-01 00:00:00.000000,2026-08-27T05:17:09.287600+00:00,D:/D drive recovery/Shiva JH/Projects/OneLake Medallion/data/landing/_reference/sellers.parquet,_reference
7d13fca15225358621be4086e1eb0964,14050,ribeirao preto,SP,2016-01-01 00:00:00.000000,2026-08-27T05:17:09.287600+00:00,D:/D drive recovery/Shiva JH/Projects/OneLake Medallion/data/landing/_reference/sellers.parquet,_reference
1b4c3a6f53068f0b6944d2d005c9fc89,88730,sao ludgero,SC,2016-01-01 00:00:00.000000,2026-08-27T05:17:09.287600+00:00,D:/D drive recovery/Shiva JH/Projects/OneLake Medallion/data/landing/_reference/sellers.parquet,_reference
4917cee8d902e13428c3ec4b1ca6f315,89031,blumenau,SC,2016-01-01 00:00:00.000000,2026-08-27T05:17:09.287600+00:00,D:/D drive recovery/Shiva JH/Projects/OneLake Medallion/data/landing/_reference/sellers.parquet,_reference
4bcec44888b30ba9001234c534716d3f,09230,santo andre,SP,2016-01-01 00:00:00.000000,2026-08-27T05:17:09.287600+00:00,D:/D drive recovery/Shiva JH/Projects/OneLake Medallion/data/landing/_reference/sellers.parquet,_reference
a663d9c3797e90eac99ff60939416a56,03951,sao paulo,SP,2016-01-01 00:00:00.000000,2026-08-27T05:17:09.287600+00:00,D:/D drive recovery/Shiva JH/Projects/OneLake Medallion/data/landing/_reference/sellers.parquet,_reference
5011f0d93373a4c5753adf58ca77af8d,11013,santos,SP,2016-01-01 00:00:00.000000,2026-08-27T05:17:09.287600+00:00,D:/D drive recovery/Shiva JH/Projects/OneLake Medallion/data/landing/_reference/sellers.parquet,_reference
50c9975695009e5e6473912e83a6d1da,35530,claudio,MG,2016-01-01 00:00:00.000000,2026-08-27T05:17:09.287600+00:00,D:/D drive recovery/Shiva JH/Projects/OneLake Medallion/data/landing/_reference/sellers.parquet,_reference
7aa4334be125fcdd2ba64b3180029f14,18500,laranjal paulista,SP,2016-01-01 00:00:00.000000,2026-08-27T05:17:09.287600+00:00,D:/D drive recovery/Shiva JH/Projects/OneLake Medallion/data/landing/_reference/sellers.parquet,_reference
b14db04aa7881970e83ffa9426897925,18048,sorocaba,SP,2016-01-01 00:00:00.000000,2026-08-27T05:17:09.287600+00:00,D:/D drive recovery/Shiva JH/Projects/OneLake Medallion/data/landing/_reference/sellers.parquet,_reference
31ae0774c17fabd06ff707cc5bde005f,13478,americana,SP,2016-01-01 00:00:00.000000,2026-08-27T05:17:09.287600+00:00,D:/D drive recovery/Shiva JH/Projects/OneLake Medallion/data/landing/_reference/sellers.parquet,_reference
a3e9a2c700480d9bb01fba070ba80a0e,14940,ibitinga,SP,2016-01-01 00:00:00.000000,2026-08-27T05:17:09.287600+00:00,D:/D drive recovery/Shiva JH/Projects/OneLake Medallion/data/landing/_reference/sellers.parquet,_reference
c3f5668699a1b04c0fa61ecea1e2bff6,86808,apucarana,PR,2016-01-01 00:00:00.000000,2026-08-27T05:17:09.287600+00:00,D:/D drive recovery/Shiva JH/Projects/OneLake Medallion/data/landing/_reference/sellers.parquet,_reference
516e7738bd8f735ac19a010ee5450d8d,22230,rio de janeiro,RJ,2016-01-01 00:00:00.000000,2026-08-27T05:17:09.287600+00:00,D:/D drive recovery/Shiva JH/Projects/OneLake Medallion/data/landing/_reference/sellers.parquet,_reference
9f505651f4a6abe901a56cdc21508025,04102,sao paulo,SP,2016-01-01 00:00:00.000000,2026-08-27T05:17:09.287600+00:00,D:/D drive recovery/Shiva JH/Projects/OneLake Medallion/data/landing/_reference/sellers.parquet,_reference
7142540dd4c91e2237acb7e911c4eba2,16301,penapolis,SP,2016-01-01 00:00:00.000000,2026-08-27T05:17:09.287600+00:00,D:/D drive recovery/Shiva JH/Projects/OneLake Medallion/data/landing/_reference/sellers.parquet,_reference
a3a38f4affed601eb87a97788c949667,89204,joinville,SC,2016-01-01 00:00:00.000000,2026-08-27T05:17:09.287600+00:00,D:/D drive recovery/Shiva JH/Projects/OneLake Medallion/data/landing/_reference/sellers.parquet,_reference
744dac408745240a2c2528fb1b6028f3,83408,colombo,PR,2016-01-01 00:00:00.000000,2026-08-27T05:17:09.287600+00:00,D:/D drive recovery/Shiva JH/Projects/OneLake Medallion/data/landing/_reference/sellers.parquet,_reference
8b9d6eec4a7eb7d0f9d579ce0b38324d,26562,mesquita,RJ,2016-01-01 00:00:00.000000,2026-08-27T05:17:09.287600+00:00,D:/D drive recovery/Shiva JH/Projects/OneLake Medallion/data/landing/_reference/sellers.parquet,_reference
38e679b9e0064cd94c6f035707344dae,86010,londrina,PR,2016-01-01 00:00:00.000000,2026-08-27T05:17:09.287600+00:00,D:/D drive recovery/Shiva JH/Projects/OneLake Medallion/data/landing/_reference/sellers.parquet,_reference
79ebd9a61bac3eaf882805ed4ecfa12a,85802,cascavel,PR,2016-01-01 00:00:00.000000,2026-08-27T05:17:09.287600+00:00,D:/D drive recovery/Shiva JH/Projects/OneLake Medallion/data/landing/_reference/sellers.parquet,_reference
5f3ae9136c875522250f8184f253413a,01550,sao paulo,SP,2016-01-01 00:00:00.000000,2026-08-27T05:17:09.287600+00:00,D:/D drive recovery/Shiva JH/Projects/OneLake Medallion/data/landing/_reference/sellers.parquet,_reference
26af45f5dfd967225a832838aa4e24a3,81070,curitiba,PR,2016-01-01 00:00:00.000000,2026-08-27T05:17:09.287600+00:00,D:/D drive recovery/Shiva JH/Projects/OneLake Medallion/data/landing/_reference/sellers.parquet,_reference
8e6d7754bc7e0f22c96d255ebda59eba,12233,sao jose dos campos,SP,2016-01-01 00:00:00.000000,2026-08-27T05:17:09.287600+00:00,D:/D drive recovery/Shiva JH/Projects/OneLake Medallion/data/landing/_reference/sellers.parquet,_reference
92c8bc6e8f925792247656fed09aad65,03384,sao paulo,SP,2016-01-01 00:00:00.000000,2026-08-27T05:17:09.287600+00:00,D:/D drive recovery/Shiva JH/Projects/OneLake Medallion/data/landing/_reference/sellers.parquet,_reference
cbd996ad3c1b7dc71fd0e5f5df9087e2,15081,sao jose do rio preto,SP,2016-01-01 00:00:00.000000,2026-08-27T05:17:09.287600+00:00,D:/D drive recovery/Shiva JH/Projects/OneLake Medallion/data/landing/_reference/sellers.parquet,_reference
8daab2245ebdc277c51098d01c5ad8ef,08411,sao paulo,SP,2016-01-01 00:00:00.000000,2026-08-27T05:17:09.287600+00:00,D:/D drive recovery/Shiva JH/Projects/OneLake Medallion/data/landing/_reference/sellers.parquet,_reference
e067ad2c1c0b48758eb1b5228bcf7a68,11045,santos,SP,2016-01-01 00:00:00.000000,2026-08-27T05:17:09.287600+00:00,D:/D drive recovery/Shiva JH/Projects/OneLake Medallion/data/landing/_reference/sellers.parquet,_reference
8fd3b4468f6425810648177996c14cbd,15015,sao jose do rio preto,SP,2016-01-01 00:00:00.000000,2026-08-27T05:17:09.287600+00:00,D:/D drive recovery/Shiva JH/Projects/OneLake Medallion/data/landing/_reference/sellers.parquet,_reference
6d803cb79cc31c41c4c789a75933b3c7,14600,sao joaquim da barra,SP,2016-01-01 00:00:00.000000,2026-08-27T05:17:09.287600+00:00,D:/D drive recovery/Shiva JH/Projects/OneLake Medallion/data/landing/_reference/sellers.parquet,_reference
5f2684dab12e59f83bef73ae57724e45,05125,sao paulo,SP,2016-01-01 00:00:00.000000,2026-08-27T05:17:09.287600+00:00,D:/D drive recovery/Shiva JH/Projects/OneLake Medallion/data/landing/_reference/sellers.parquet,_reference
8b321bb669392f5163d04c59e235e066,01212,sao paulo,SP,2016-01-01 00:00:00.000000,2026-08-27T05:17:09.287600+00:00,D:/D drive recovery/Shiva JH/Projects/OneLake Medallion/data/landing/_reference/sellers.parquet,_reference
76d64c4aca3a7baf218bf93ef7fa768d,80215,curitiba,PR,2016-01-01 00:00:00.000000,2026-08-27T05:17:09.287600+00:00,D:/D drive recovery/Shiva JH/Projects/OneLake Medallion/data/landing/_reference/sellers.parquet,_reference
004c9cd9d87a3c30c522c48c4fc07416,14940,ibitinga,SP,2016-01-01 00:00:00.000000,2026-08-27T05:17:09.287600+00:00,D:/D drive recovery/Shiva JH/Projects/OneLake Medallion/data/landing/_reference/sellers.parquet,_reference
aced59e9b31ef866a94f9e7f29d8d418,03306,sao paulo,SP,2016-01-01 00:00:00.000000,2026-08-27T05:17:09.287600+00:00,D:/D drive recovery/Shiva JH/Projects/OneLake Medallion/data/landing/_reference/sellers.parquet,_reference
b4f8921fcc4ff77b66bea6dda43dcd51,95034,caxias do sul,RS,2016-01-01 00:00:00.000000,2026-08-27T05:17:09.287600+00:00,D:/D drive recovery/Shiva JH/Projects/OneLake Medallion/data/landing/_reference/sellers.parquet,_reference
c731d18cea9bf687ffee82a241c25b11,89701,concordia,SC,2016-01-01 00:00:00.000000,2026-08-27T05:17:09.287600+00:00,D:/D drive recovery/Shiva JH/Projects/OneLake Medallion/data/landing/_reference/sellers.parquet,_reference
a7c53f6b3b61adbdaa99dda97e8cbd56,14780,barretos,SP,2016-01-01 00:00:00.000000,2026-08-27T05:17:09.287600+00:00,D:/D drive recovery/Shiva JH/Projects/OneLake Medallion/data/landing/_reference/sellers.parquet,_reference
c716e0b86ed568878475b60fbb6323ad,22783,rio de janeiro,SP,2016-01-01 00:00:00.000000,2026-08-27T05:17:09.287600+00:00,D:/D drive recovery/Shiva JH/Projects/OneLake Medallion/data/landing/_reference/sellers.parquet,_reference
87d30a6a0cbf89356e49324971ab1d24,02036,sao paulo,SP,2016-01-01 00:00:00.000000,2026-08-27T05:17:09.287600+00:00,D:/D drive recovery/Shiva JH/Projects/OneLake Medallion/data/landing/_reference/sellers.parquet,_reference
aba1721a889e04decc910aa13b768ef4,05729,sao paulo,SP,2016-01-01 00:00:00.000000,2026-08-27T05:17:09.287600+00:00,D:/D drive recovery/Shiva JH/Projects/OneLake Medallion/data/landing/_reference/sellers.parquet,_reference
cab85505710c7cb9b720bceb52b01cee,02252,sao paulo,SP,2016-01-01 00:00:00.000000,2026-08-27T05:17:09.287600+00:00,D:/D drive recovery/Shiva JH/Projects/OneLake Medallion/data/landing/_reference/sellers.parquet,_reference
6cd68b3ed6d59aaa9fece558ad360c0a,31255,belo horizonte,MG,2016-01-01 00:00:00.000000,2026-08-27T05:17:09.287600+00:00,D:/D drive recovery/Shiva JH/Projects/OneLake Medallion/data/landing/_reference/sellers.parquet,_reference
3df020b72d3d44b3af9d110fa3940b65,15704,jales,SP,2016-01-01 00:00:00.000000,2026-08-27T05:17:09.287600+00:00,D:/D drive recovery/Shiva JH/Projects/OneLake Medallion/data/landing/_reference/sellers.parquet,_reference
537eb890efff034a88679788b647c564,20270,rio de janeiro,RJ,2016-01-01 00:00:00.000000,2026-08-27T05:17:09.287600+00:00,D:/D drive recovery/Shiva JH/Projects/OneLake Medallion/data/landing/_reference/sellers.parquet,_reference
cea729054f157f5870bdd321a958d994,03161,sao paulo,SP,2016-01-01 00:00:00.000000,2026-08-27T05:17:09.287600+00:00,D:/D drive recovery/Shiva JH/Projects/OneLake Medallion/data/landing/_reference/sellers.parquet,_reference
955fee9216a65b617aa5c0531780ce60,04782,sao paulo,SP,2016-01-01 00:00:00.000000,2026-08-27T05:17:09.287600+00:00,D:/D drive recovery/Shiva JH/Projects/OneLake Medallion/data/landing/_reference/sellers.parquet,_reference
0f0c984a4a955310903b6b6008660bad,14403,franca,SP,2016-01-01 00:00:00.000000,2026-08-27T05:17:09.287600+00:00,D:/D drive recovery/Shiva JH/Projects/OneLake Medallion/data/landing/_reference/sellers.parquet,_reference
2f4b0d3b9634b647d4edee577d7ebb7e,02310,sao paulo,SP,2016-01-01 00:00:00.000000,2026-08-27T05:17:09.287600+00:00,D:/D drive recovery/Shiva JH/Projects/OneLake Medallion/data/landing/_reference/sellers.parquet,_reference
5a93f3ab0ef4c84ed5e1b5dbf23978bc,12250,monteiro lobato,SP,2016-01-01 00:00:00.000000,2026-08-27T05:17:09.287600+00:00,D:/D drive recovery/Shiva JH/Projects/OneLake Medallion/data/landing/_reference/sellers.parquet,_reference
d3f39f05462b79a4562d35893a28f159,13730,mococa,SP,2016-01-01 00:00:00.000000,2026-08-27T05:17:09.287600+00:00,D:/D drive recovery/Shiva JH/Projects/OneLake Medallion/data/landing/_reference/sellers.parquet,_reference
0176f73cc1195f367f7b32db1e5b3aa8,14940,ibitinga,SP,2016-01-01 00:00:00.000000,2026-08-27T05:17:09.287600+00:00,D:/D drive recovery/Shiva JH/Projects/OneLake Medallion/data/landing/_reference/sellers.parquet,_reference
01cf7e3d21494c41fb86034f2e714fa1,85603,francisco beltrao,PR,2016-01-01 00:00:00.000000,2026-08-27T05:17:09.287600+00:00,D:/D drive recovery/Shiva JH/Projects/OneLake Medallion/data/landing/_reference/sellers.parquet,_reference
ceaec5548eefc6e23e6607c5435102e7,03821,sao paulo,SP,2016-01-01 00:00:00.000000,2026-08-27T05:17:09.287600+00:00,D:/D drive recovery/Shiva JH/Projects/OneLake Medallion/data/landing/_reference/sellers.parquet,_reference
e9bc59e7b60fc3063eb2290deda4cced,87083,maringa,PR,2016-01-01 00:00:00.000000,2026-08-27T05:17:09.287600+00:00,D:/D drive recovery/Shiva JH/Projects/OneLake Medallion/data/landing/_reference/sellers.parquet,_reference
83f2b4881141ce3fcd4e985125d3279e,14055,ribeirao preto,SP,2016-01-01 00:00:00.000000,2026-08-27T05:17:09.287600+00:00,D:/D drive recovery/Shiva JH/Projects/OneLake Medallion/data/landing/_reference/sellers.parquet,_reference
a0415d9b25ede3c4b1e477e9916ffc03,26255,nova iguacu,RJ,2016-01-01 00:00:00.000000,2026-08-27T05:17:09.287600+00:00,D:/D drive recovery/Shiva JH/Projects/OneLake Medallion/data/landing/_reference/sellers.parquet,_reference
6ddc28b61be28373b4503a1f61cf98a9,03543,sao paulo,SP,2016-01-01 00:00:00.000000,2026-08-27T05:17:09.287600+00:00,D:/D drive recovery/Shiva JH/Projects/OneLake Medallion/data/landing/_reference/sellers.parquet,_reference
5670f4db5b62c43d542e1b2d56b0cf7c,03694,sao paulo,SP,2016-01-01 00:00:00.000000,2026-08-27T05:17:09.287600+00:00,D:/D drive recovery/Shiva JH/Projects/OneLake Medallion/data/landing/_reference/sellers.parquet,_reference
cb8bcce248bb1fb274ba762d8b971456,37540,santa rita do sapucai,MG,2016-01-01 00:00:00.000000,2026-08-27T05:17:09.287600+00:00,D:/D drive recovery/Shiva JH/Projects/OneLake Medallion/data/landing/_reference/sellers.parquet,_reference
b6d44737c043328708f6749c2dbe50bd,09230,santo andre,SP,2016-01-01 00:00:00.000000,2026-08-27T05:17:09.287600+00:00,D:/D drive recovery/Shiva JH/Projects/OneLake Medallion/data/landing/_reference/sellers.parquet,_reference
972d0f9cf61b499a4812cf0bfa3ad3c4,88359,brusque,SC,2016-01-01 00:00:00.000000,2026-08-27T05:17:09.287600+00:00,D:/D drive recovery/Shiva JH/Projects/OneLake Medallion/data/landing/_reference/sellers.parquet,_reference
cfb1a033743668a192316f3c6d1d2671,18110,votorantim,SP,2016-01-01 00:00:00.000000,2026-08-27T05:17:09.287600+00:00,D:/D drive recovery/Shiva JH/Projects/OneLake Medallion/data/landing/_reference/sellers.parquet,_reference
f25e239052084705e17a982bc600ab2a,01123,sao paulo,SP,2016-01-01 00:00:00.000000,2026-08-27T05:17:09.287600+00:00,D:/D drive recovery/Shiva JH/Projects/OneLake Medallion/data/landing/_reference/sellers.parquet,_reference
714b9a1332840f257b49f476bea4e341,15910,monte alto,SP,2016-01-01 00:00:00.000000,2026-08-27T05:17:09.287600+00:00,D:/D drive recovery/Shiva JH/Projects/OneLake Medallion/data/landing/_reference/sellers.parquet,_reference
6a51fc556dab5f766ced6fbc860bc613,17500,marilia,SP,2016-01-01 00:00:00.000000,2026-08-27T05:17:09.287600+00:00,D:/D drive recovery/Shiva JH/Projects/OneLake Medallion/data/landing/_reference/sellers.parquet,_reference
ea6b12bf9ffe2bac34602ec631d97a47,07093,guarulhos,SP,2016-01-01 00:00:00.000000,2026-08-27T05:17:09.287600+00:00,D:/D drive recovery/Shiva JH/Projects/OneLake Medallion/data/landing/_reference/sellers.parquet,_reference
d1ef48b38baca7e831711c4a0aeb398f,86800,apucarana,PR,2016-01-01 00:00:00.000000,2026-08-27T05:17:09.287600+00:00,D:/D drive recovery/Shiva JH/Projects/OneLake Medallion/data/landing/_reference/sellers.parquet,_reference
259f7b5e6e482c230e5bfaa670b6bb8f,08550,poa,SP,2016-01-01 00:00:00.000000,2026-08-27T05:17:09.287600+00:00,D:/D drive recovery/Shiva JH/Projects/OneLake Medallion/data/landing/_reference/sellers.parquet,_reference
dd7ddc04e1b6c2c614352b383efe2d36,03471,sao paulo,SP,2016-01-01 00:00:00.000000,2026-08-27T05:17:09.287600+00:00,D:/D drive recovery/Shiva JH/Projects/OneLake Medallion/data/landing/_reference/sellers.parquet,_reference
f457c46070d02cadd8a68551231220dd,87047,maringa,PR,2016-01-01 00:00:00.000000,2026-08-27T05:17:09.287600+00:00,D:/D drive recovery/Shiva JH/Projects/OneLake Medallion/data/landing/_reference/sellers.parquet,_reference
1f50f920176fa81dab994f9023523100,15025,sao jose do rio preto,SP,2016-01-01 00:00:00.000000,2026-08-27T05:17:09.287600+00:00,D:/D drive recovery/Shiva JH/Projects/OneLake Medallion/data/landing/_reference/sellers.parquet,_reference
2ba91c7ad80ff88b23b7db823b43c233,13310,itu,SP,2016-01-01 00:00:00.000000,2026-08-27T05:17:09.287600+00:00,D:/D drive recovery/Shiva JH/Projects/OneLake Medallion/data/landing/_reference/sellers.parquet,_reference
d93919c944be9cff128f6c9cb899eacb,13375,mombuca,SP,2016-01-01 00:00:00.000000,2026-08-27T05:17:09.287600+00:00,D:/D drive recovery/Shiva JH/Projects/OneLake Medallion/data/landing/_reference/sellers.parquet,_reference
f7ba60f8c3f99e7ee4042fdef03b70c4,09628,sao bernardo do campo,SP,2016-01-01 00:00:00.000000,2026-08-27T05:17:09.287600+00:00,D:/D drive recovery/Shiva JH/Projects/OneLake Medallion/data/landing/_reference/sellers.parquet,_reference
5bc24d989e71e93c33e50a7782431b0e,37165,campo do meio,MG,2016-01-01 00:00:00.000000,2026-08-27T05:17:09.287600+00:00,D:/D drive recovery/Shiva JH/Projects/OneLake Medallion/data/landing/_reference/sellers.parquet,_reference
8ff1a9df749e454105c55cda13e79143,17509,marilia,SP,2016-01-01 00:00:00.000000,2026-08-27T05:17:09.287600+00:00,D:/D drive recovery/Shiva JH/Projects/OneLake Medallion/data/landing/_reference/sellers.parquet,_reference
eebb3372362aa9a46975164bed19a7e7,04578,sao paulo,SP,2016-01-01 00:00:00.000000,2026-08-27T05:17:09.287600+00:00,D:/D drive recovery/Shiva JH/Projects/OneLake Medallion/data/landing/_reference/sellers.parquet,_reference
e8dba4d70f7f2b20e775d09cae01142d,13456,santa barbara d oeste,SP,2016-01-01 00:00:00.000000,2026-08-27T05:17:09.287600+00:00,D:/D drive recovery/Shiva JH/Projects/OneLake Medallion/data/landing/_reference/sellers.parquet,_reference
48436dade18ac8b2bce089ec2a041202,27277,volta redonda,SP,2016-01-01 00:00:00.000000,2026-08-27T05:17:09.287600+00:00,D:/D drive recovery/Shiva JH/Projects/OneLake Medallion/data/landing/_reference/sellers.parquet,_reference
f5f2ab9bdb6b30c14c61be68c5ed37da,13660,porto ferreira,SP,2016-01-01 00:00:00.000000,2026-08-27T05:17:09.287600+00:00,D:/D drive recovery/Shiva JH/Projects/OneLake Medallion/data/landing/_reference/sellers.parquet,_reference
8ed8ea9a57c862f2c18c2fe41f601d56,89030,blumenau,SC,2016-01-01 00:00:00.000000,2026-08-27T05:17:09.287600+00:00,D:/D drive recovery/Shiva JH/Projects/OneLake Medallion/data/landing/_reference/sellers.parquet,_reference
1554a68530182680ad5c8b042c3ab563,37580,monte siao,MG,2016-01-01 00:00:00.000000,2026-08-27T05:17:09.287600+00:00,D:/D drive recovery/Shiva JH/Projects/OneLake Medallion/data/landing/_reference/sellers.parquet,_reference
ede0c03645598cdfc63ca8237acbe73d,14092,ribeirao preto,SP,2016-01-01 00:00:00.000000,2026-08-27T05:17:09.287600+00:00,D:/D drive recovery/Shiva JH/Projects/OneLake Medallion/data/landing/_reference/sellers.parquet,_reference
ef0ace09169ac090589d85746e3e036f,24451,sao goncalo,RJ,2016-01-01 00:00:00.000000,2026-08-27T05:17:09.287600+00:00,D:/D drive recovery/Shiva JH/Projects/OneLake Medallion/data/landing/_reference/sellers.parquet,_reference
87142160b41353c4e5fca2360caf6f92,90230,porto alegre,RS,2016-01-01 00:00:00.000000,2026-08-27T05:17:09.287600+00:00,D:/D drive recovery/Shiva JH/Projects/OneLake Medallion/data/landing/_reference/sellers.parquet,_reference
289cdb325fb7e7f891c38608bf9e0962,31570,belo horizonte,SP,2016-01-01 00:00:00.000000,2026-08-27T05:17:09.287600+00:00,D:/D drive recovery/Shiva JH/Projects/OneLake Medallion/data/landing/_reference/sellers.parquet,_reference
fa1c13f2614d7b5c4749cbc52fecda94,13170,sumare,SP,2016-01-01 00:00:00.000000,2026-08-27T05:17:09.287600+00:00,D:/D drive recovery/Shiva JH/Projects/OneLake Medallion/data/landing/_reference/sellers.parquet,_reference
2f73e04d12cdf0c945ded66bb3fcf6c7,29313,cachoeiro de itapemirim,ES,2016-01-01 00:00:00.000000,2026-08-27T05:17:09.287600+00:00,D:/D drive recovery/Shiva JH/Projects/OneLake Medallion/data/landing/_reference/sellers.parquet,_reference
96493fab2fbb13a14d0c0e8772eef5c3,05537,sao paulo,SP,2016-01-01 00:00:00.000000,2026-08-27T05:17:09.287600+00:00,D:/D drive recovery/Shiva JH/Projects/OneLake Medallion/data/landing/_reference/sellers.parquet,_reference
7c1fea10b5b006671d608b1d7c446ec4,18550,boituva,SP,2016-01-01 00:00:00.000000,2026-08-27T05:17:09.287600+00:00,D:/D drive recovery/Shiva JH/Projects/OneLake Medallion/data/landing/_reference/sellers.parquet,_reference
99eaacc9e6046db1c82b163c5f84869f,14400,franca,SP,2016-01-01 00:00:00.000000,2026-08-27T05:17:09.287600+00:00,D:/D drive recovery/Shiva JH/Projects/OneLake Medallion/data/landing/_reference/sellers.parquet,_reference
d98eec89afa3380e14463da2aabaea72,90010,porto alegre,RS,2016-01-01 00:00:00.000000,2026-08-27T05:17:09.287600+00:00,D:/D drive recovery/Shiva JH/Projects/OneLake Medallion/data/landing/_reference/sellers.parquet,_reference
0bf0150d5b9d60d9cd2906003332f085,01547,sao paulo,SP,2016-01-01 00:00:00.000000,2026-08-27T05:17:09.287600+00:00,D:/D drive recovery/Shiva JH/Projects/OneLake Medallion/data/landing/_reference/sellers.parquet,_reference
7ecef8194babfec876ca720714327841,13041,campinas,SP,2016-01-01 00:00:00.000000,2026-08-27T05:17:09.287600+00:00,D:/D drive recovery/Shiva JH/Projects/OneLake Medallion/data/landing/_reference/sellers.parquet,_reference
c3cfdc648177fdbbbb35635a37472c53,80610,curitiba,PR,2016-01-01 00:00:00.000000,2026-08-27T05:17:09.287600+00:00,D:/D drive recovery/Shiva JH/Projects/OneLake Medallion/data/landing/_reference/sellers.parquet,_reference
1ce3ae5a399804d1a87e706f8a813c3e,88715,jaguaruna,SC,2016-01-01 00:00:00.000000,2026-08-27T05:17:09.287600+00:00,D:/D drive recovery/Shiva JH/Projects/OneLake Medallion/data/landing/_reference/sellers.parquet,_reference
2138ccb85b11a4ec1e37afbd1c8eda1f,08250,sao paulo,SP,2016-01-01 00:00:00.000000,2026-08-27T05:17:09.287600+00:00,D:/D drive recovery/Shiva JH/Projects/OneLake Medallion/data/landing/_reference/sellers.parquet,_reference
ef30892870c278497523264be1be2241,14801,araraquara,SP,2016-01-01 00:00:00.000000,2026-08-27T05:17:09.287600+00:00,D:/D drive recovery/Shiva JH/Projects/OneLake Medallion/data/landing/_reference/sellers.parquet,_reference
d5b9a084373da994a6e37f732169a853,09182,santo andre,SP,2016-01-01 00:00:00.000000,2026-08-27T05:17:09.287600+00:00,D:/D drive recovery/Shiva JH/Projects/OneLake Medallion/data/landing/_reference/sellers.parquet,_reference
f46490624488d3ff7ce78613913a7711,07194,guarulhos,SP,2016-01-01 00:00:00.000000,2026-08-27T05:17:09.287600+00:00,D:/D drive recovery/Shiva JH/Projects/OneLake Medallion/data/landing/_reference/sellers.parquet,_reference
ad420dd0c4f92f8af951ac24b86d0cf5,38230,fronteira,MG,2016-01-01 00:00:00.000000,2026-08-27T05:17:09.287600+00:00,D:/D drive recovery/Shiva JH/Projects/OneLake Medallion/data/landing/_reference/sellers.parquet,_reference
e8b4225284fbb02d16f200513f1f395d,14960,novo horizonte,SP,2016-01-01 00:00:00.000000,2026-08-27T05:17:09.287600+00:00,D:/D drive recovery/Shiva JH/Projects/OneLake Medallion/data/landing/_reference/sellers.parquet,_reference
f61c63d13f7cd800549d5acdd390ae72,18185,pilar do sul,SP,2016-01-01 00:00:00.000000,2026-08-27T05:17:09.287600+00:00,D:/D drive recovery/Shiva JH/Projects/OneLake Medallion/data/landing/_reference/sellers.parquet,_reference
c8b0e2b0a7095e5d8219575d5e7e1181,08598,itaquaquecetuba,SP,2016-01-01 00:00:00.000000,2026-08-27T05:17:09.287600+00:00,D:/D drive recovery/Shiva JH/Projects/OneLake Medallion/data/landing/_reference/sellers.parquet,_reference
38102b031c2a15e54623d711bfc753d3,62170,mucambo,CE,2016-01-01 00:00:00.000000,2026-08-27T05:17:09.287600+00:00,D:/D drive recovery/Shiva JH/Projects/OneLake Medallion/data/landing/_reference/sellers.parquet,_reference
391fc6631aebcf3004804e51b40bcf1e,14940,ibitinga,SP,2016-01-01 00:00:00.000000,2026-08-27T05:17:09.287600+00:00,D:/D drive recovery/Shiva JH/Projects/OneLake Medallion/data/landing/_reference/sellers.parquet,_reference
52956b80ae65fda598f06f6b9943e7a9,87050,maringa,PR,2016-01-01 00:00:00.000000,2026-08-27T05:17:09.287600+00:00,D:/D drive recovery/Shiva JH/Projects/OneLake Medallion/data/landing/_reference/sellers.parquet,_reference
e59aa562b9f8076dd550fcddf0e73491,82810,curitiba,PR,2016-01-01 00:00:00.000000,2026-08-27T05:17:09.287600+00:00,D:/D drive recovery/Shiva JH/Projects/OneLake Medallion/data/landing/_reference/sellers.parquet,_reference
e9779976487b77c6d4ac45f75ec7afe9,11701,praia grande,SP,2016-01-01 00:00:00.000000,2026-08-27T05:17:09.287600+00:00,D:/D drive recovery/Shiva JH/Projects/OneLake Medallion/data/landing/_reference/sellers.parquet,_reference
6b90f847357d8981edd79a1eb1bf0acb,07152,guarulhos,SP,2016-01-01 00:00:00.000000,2026-08-27T05:17:09.287600+00:00,D:/D drive recovery/Shiva JH/Projects/OneLake Medallion/data/landing/_reference/sellers.parquet,_reference
f62d7bb4a613ec758a03342d46b580b2,36570,vicosa,MG,2016-01-01 00:00:00.000000,2026-08-27T05:17:09.287600+00:00,D:/D drive recovery/Shiva JH/Projects/OneLake Medallion/data/landing/_reference/sellers.parquet,_reference
7c5b05cbdb5542049f38d90d7815b97d,05201,sao paulo,SP,2016-01-01 00:00:00.000000,2026-08-27T05:17:09.287600+00:00,D:/D drive recovery/Shiva JH/Projects/OneLake Medallion/data/landing/_reference/sellers.parquet,_reference
db4350fd57ae30082dec7acbaacc17f9,03126,sao paulo,SP,2016-01-01 00:00:00.000000,2026-08-27T05:17:09.287600+00:00,D:/D drive recovery/Shiva JH/Projects/OneLake Medallion/data/landing/_reference/sellers.parquet,_reference
6426d21aca402a131fc0a5d0960a3c90,14091,ribeirao preto,SP,2016-01-01 00:00:00.000000,2026-08-27T05:17:09.287600+00:00,D:/D drive recovery/Shiva JH/Projects/OneLake Medallion/data/landing/_reference/sellers.parquet,_reference
bfd27a966d91cfaafdb25d076585f0da,13930,serra negra,SP,2016-01-01 00:00:00.000000,2026-08-27T05:17:09.287600+00:00,D:/D drive recovery/Shiva JH/Projects/OneLake Medallion/data/landing/_reference/sellers.parquet,_reference
6b15924333bd1a741595fe981ea04822,09541,sao caetano do sul,SP,2016-01-01 00:00:00.000000,2026-08-27T05:17:09.287600+00:00,D:/D drive recovery/Shiva JH/Projects/OneLake Medallion/data/landing/_reference/sellers.parquet,_reference
c03121937e54a93fcc1825c3098bbb6e,82800,curitiba,PR,2016-01-01 00:00:00.000000,2026-08-27T05:17:09.287600+00:00,D:/D drive recovery/Shiva JH/Projects/OneLake Medallion/data/landing/_reference/sellers.parquet,_reference
1690cada046eb7e92c12f98b1f8a8167,01303,sao paulo,SP,2016-01-01 00:00:00.000000,2026-08-27T05:17:09.287600+00:00,D:/D drive recovery/Shiva JH/Projects/OneLake Medallion/data/landing/_reference/sellers.parquet,_reference
385799a1cddbd26dfeb9157356a42282,04676,sao paulo,SP,2016-01-01 00:00:00.000000,2026-08-27T05:17:09.287600+00:00,D:/D drive recovery/Shiva JH/Projects/OneLake Medallion/data/landing/_reference/sellers.parquet,_reference
42b729f859728f5079499127a9c2ef37,03910,sao paulo,SP,2016-01-01 00:00:00.000000,2026-08-27T05:17:09.287600+00:00,D:/D drive recovery/Shiva JH/Projects/OneLake Medallion/data/landing/_reference/sellers.parquet,_reference
71271995e85f5b8530be99ed54a91b89,91360,porto alegre,RS,2016-01-01 00:00:00.000000,2026-08-27T05:17:09.287600+00:00,D:/D drive recovery/Shiva JH/Projects/OneLake Medallion/data/landing/_reference/sellers.parquet,_reference
9c0e69c7bf2619675bbadf47b43f655a,12230,sao jose dos campos,SP,2016-01-01 00:00:00.000000,2026-08-27T05:17:09.287600+00:00,D:/D drive recovery/Shiva JH/Projects/OneLake Medallion/data/landing/_reference/sellers.parquet,_reference
3586b8580d9c917874e053a1bb37b5ff,14802,araraquara,SP,2016-01-01 00:00:00.000000,2026-08-27T05:17:09.287600+00:00,D:/D drive recovery/Shiva JH/Projects/OneLake Medallion/data/landing/_reference/sellers.parquet,_reference
6edacfd9f9074789dad6d62ba7950b9c,07135,guarulhos,SP,2016-01-01 00:00:00.000000,2026-08-27T05:17:09.287600+00:00,D:/D drive recovery/Shiva JH/Projects/OneLake Medallion/data/landing/_reference/sellers.parquet,_reference
3e8bd881d92466e63ba9e3e809cd3c50,20751,rio de janeiro,RJ,2016-01-01 00:00:00.000000,2026-08-27T05:17:09.287600+00:00,D:/D drive recovery/Shiva JH/Projects/OneLake Medallion/data/landing/_reference/sellers.parquet,_reference
8d956fec2e4337affcb520f56fd8cbfd,09780,sao bernardo do campo,SP,2016-01-01 00:00:00.000000,2026-08-27T05:17:09.287600+00:00,D:/D drive recovery/Shiva JH/Projects/OneLake Medallion/data/landing/_reference/sellers.parquet,_reference
e5a3438891c0bfdb9394643f95273d8e,13483,limeira,SP,2016-01-01 00:00:00.000000,2026-08-27T05:17:09.287600+00:00,D:/D drive recovery/Shiva JH/Projects/OneLake Medallion/data/landing/_reference/sellers.parquet,_reference
9674754b5a0cb32b638cec001178f799,04438,sao paulo,SP,2016-01-01 00:00:00.000000,2026-08-27T05:17:09.287600+00:00,D:/D drive recovery/Shiva JH/Projects/OneLake Medallion/data/landing/_reference/sellers.parquet,_reference
6c7d50c24b3ccd2fd83b44d8bb34e073,19025,presidente prudente,SP,2016-01-01 00:00:00.000000,2026-08-27T05:17:09.287600+00:00,D:/D drive recovery/Shiva JH/Projects/OneLake Medallion/data/landing/_reference/sellers.parquet,_reference
5cbbd5a299cab112b7bf23862255e43e,83324,pinhais,PR,2016-01-01 00:00:00.000000,2026-08-27T05:17:09.287600+00:00,D:/D drive recovery/Shiva JH/Projects/OneLake Medallion/data/landing/_reference/sellers.parquet,_reference
8a8835a43bda99fd37310ad76c457510,09540,sao caetano do sul,SP,2016-01-01 00:00:00.000000,2026-08-27T05:17:09.287600+00:00,D:/D drive recovery/Shiva JH/Projects/OneLake Medallion/data/landing/_reference/sellers.parquet,_reference
ca3bd7cd9f149df75950150d010fe4a2,04361,sao paulo,SP,2016-01-01 00:00:00.000000,2026-08-27T05:17:09.287600+00:00,D:/D drive recovery/Shiva JH/Projects/OneLake Medallion/data/landing/_reference/sellers.parquet,_reference
23a0ffca143a15b9b5bbdb7d552f626a,13520,sao pedro,SP,2016-01-01 00:00:00.000000,2026-08-27T05:17:09.287600+00:00,D:/D drive recovery/Shiva JH/Projects/OneLake Medallion/data/landing/_reference/sellers.parquet,_reference
32b8764b4ef628b53608fc34011fcc13,88504,lages,SC,2016-01-01 00:00:00.000000,2026-08-27T05:17:09.287600+00:00,D:/D drive recovery/Shiva JH/Projects/OneLake Medallion/data/landing/_reference/sellers.parquet,_reference
e7df4cd29ab5abab70fb0783ddb53987,04122,sao paulo,SP,2016-01-01 00:00:00.000000,2026-08-27T05:17:09.287600+00:00,D:/D drive recovery/Shiva JH/Projects/OneLake Medallion/data/landing/_reference/sellers.parquet,_reference
0432ead42b6c8a0bdf68154add917fdf,09320,maua,SP,2016-01-01 00:00:00.000000,2026-08-27T05:17:09.287600+00:00,D:/D drive recovery/Shiva JH/Projects/OneLake Medallion/data/landing/_reference/sellers.parquet,_reference
2a261b5b644fa05f4f2700eb93544f2c,13660,porto ferreira,SP,2016-01-01 00:00:00.000000,2026-08-27T05:17:09.287600+00:00,D:/D drive recovery/Shiva JH/Projects/OneLake Medallion/data/landing/_reference/sellers.parquet,_reference
f680f85bee2d253556ac91be391d2c82,06365,carapicuiba,SP,2016-01-01 00:00:00.000000,2026-08-27T05:17:09.287600+00:00,D:/D drive recovery/Shiva JH/Projects/OneLake Medallion/data/landing/_reference/sellers.parquet,_reference
7ea5bfa6c340f58f8e71fc1f0412b0d6,30180,belo horizonte,MG,2016-01-01 00:00:00.000000,2026-08-27T05:17:09.287600+00:00,D:/D drive recovery/Shiva JH/Projects/OneLake Medallion/data/landing/_reference/sellers.parquet,_reference
6902157ee16728322d61a1321fa79e58,01026,sao paulo,SP,2016-01-01 00:00:00.000000,2026-08-27T05:17:09.287600+00:00,D:/D drive recovery/Shiva JH/Projects/OneLake Medallion/data/landing/_reference/sellers.parquet,_reference
a2fa0bdc798ee84cdb08281337cf4fb6,88063,florianopolis,SC,2016-01-01 00:00:00.000000,2026-08-27T05:17:09.287600+00:00,D:/D drive recovery/Shiva JH/Projects/OneLake Medallion/data/landing/_reference/sellers.parquet,_reference
1a3df491d1c4f1589fc2b934ada68bf2,89224,joinville,SC,2016-01-01 00:00:00.000000,2026-08-27T05:17:09.287600+00:00,D:/D drive recovery/Shiva JH/Projects/OneLake Medallion/data/landing/_reference/sellers.parquet,_reference
6560211a19b47992c3666cc44a7e94c0,05849,sao paulo,SP,2016-01-01 00:00:00.000000,2026-08-27T05:17:09.287600+00:00,D:/D drive recovery/Shiva JH/Projects/OneLake Medallion/data/landing/_reference/sellers.parquet,_reference
718539d38d07dd351c76db862760e2e2,13088,campinas,SP,2016-01-01 00:00:00.000000,2026-08-27T05:17:09.287600+00:00,D:/D drive recovery/Shiva JH/Projects/OneLake Medallion/data/landing/_reference/sellers.parquet,_reference
0b90b6df587eb83608a64ea8b390cf07,87025,maringa,PR,2016-01-01 00:00:00.000000,2026-08-27T05:17:09.287600+00:00,D:/D drive recovery/Shiva JH/Projects/OneLake Medallion/data/landing/_reference/sellers.parquet,_reference
679769a98cfcc6da877c8486ff1c13f3,35162,ipatinga,MG,2016-01-01 00:00:00.000000,2026-08-27T05:17:09.287600+00:00,D:/D drive recovery/Shiva JH/Projects/OneLake Medallion/data/landing/_reference/sellers.parquet,_reference
febab0275244b9a49a623f0bd613ca2f,13920,pedreira,SP,2016-01-01 00:00:00.000000,2026-08-27T05:17:09.287600+00:00,D:/D drive recovery/Shiva JH/Projects/OneLake Medallion/data/landing/_reference/sellers.parquet,_reference
f3da5b2ff499efb8d4a6d371d175d7dd,02407,sao paulo,SP,2016-01-01 00:00:00.000000,2026-08-27T05:17:09.287600+00:00,D:/D drive recovery/Shiva JH/Projects/OneLake Medallion/data/landing/_reference/sellers.parquet,_reference
1acde099eb406aa220b1169b188b42da,02532,sao paulo,SP,2016-01-01 00:00:00.000000,2026-08-27T05:17:09.287600+00:00,D:/D drive recovery/Shiva JH/Projects/OneLake Medallion/data/landing/_reference/sellers.parquet,_reference
a420f60ff1aa9acc80d0e42959f2b313,05138,sao paulo,SP,2016-01-01 00:00:00.000000,2026-08-27T05:17:09.287600+00:00,D:/D drive recovery/Shiva JH/Projects/OneLake Medallion/data/landing/_reference/sellers.parquet,_reference
c1f12f926d0ba950578b4fa41115cbb6,04317,sao paulo,SP,2016-01-01 00:00:00.000000,2026-08-27T05:17:09.287600+00:00,D:/D drive recovery/Shiva JH/Projects/OneLake Medallion/data/landing/_reference/sellers.parquet,_reference
c4f7fee5b0db50e87766f5a4d1b1b758,18085,sorocaba,SP,2016-01-01 00:00:00.000000,2026-08-27T05:17:09.287600+00:00,D:/D drive recovery/Shiva JH/Projects/OneLake Medallion/data/landing/_reference/sellers.parquet,_reference
e4ebd3f87bf70440014f07ddda7fbe03,19470,presidente epitacio,SP,2016-01-01 00:00:00.000000,2026-08-27T05:17:09.287600+00:00,D:/D drive recovery/Shiva JH/Projects/OneLake Medallion/data/landing/_reference/sellers.parquet,_reference
33a17d60c64393351ebf1ef860f4e0f2,91510,porto alegre,RS,2016-01-01 00:00:00.000000,2026-08-27T05:17:09.287600+00:00,D:/D drive recovery/Shiva JH/Projects/OneLake Medallion/data/landing/_reference/sellers.parquet,_reference
640e21a7d01df7614a3b4923e990d40c,14940,ibitinga,SP,2016-01-01 00:00:00.000000,2026-08-27T05:17:09.287600+00:00,D:/D drive recovery/Shiva JH/Projects/OneLake Medallion/data/landing/_reference/sellers.parquet,_reference
dd2bdf855a9172734fbc3744021ae9b9,31255,belo horizonte,MG,2016-01-01 00:00:00.000000,2026-08-27T05:17:09.287600+00:00,D:/D drive recovery/Shiva JH/Projects/OneLake Medallion/data/landing/_reference/sellers.parquet,_reference
cbf09e831b0c11f6f23ffb51004db972,09726,sbc/sp,SP,2016-01-01 00:00:00.000000,2026-08-27T05:17:09.287600+00:00,D:/D drive recovery/Shiva JH/Projects/OneLake Medallion/data/landing/_reference/sellers.parquet,_reference
3f8247d0f772ffa58560e5c682521ad5,89211,joinville,SC,2016-01-01 00:00:00.000000,2026-08-27T05:17:09.287600+00:00,D:/D drive recovery/Shiva JH/Projects/OneLake Medallion/data/landing/_reference/sellers.parquet,_reference
4aba391bc3b88717ce08eb11e44937b2,45816,arraial d'ajuda (porto seguro),BA,2016-01-01 00:00:00.000000,2026-08-27T05:17:09.287600+00:00,D:/D drive recovery/Shiva JH/Projects/OneLake Medallion/data/landing/_reference/sellers.parquet,_reference
715bbd5ba4e6b74cb0d2f29eb45058b0,13930,serra negra,SP,2016-01-01 00:00:00.000000,2026-08-27T05:17:09.287600+00:00,D:/D drive recovery/Shiva JH/Projects/OneLake Medallion/data/landing/_reference/sellers.parquet,_reference
1430239a858e7682bbc43b20758af153,04087,sao paulo,SP,2016-01-01 00:00:00.000000,2026-08-27T05:17:09.287600+00:00,D:/D drive recovery/Shiva JH/Projects/OneLake Medallion/data/landing/_reference/sellers.parquet,_reference
4c18691b6037662be2df78a765d98ab5,03167,sao paulo,SP,2016-01-01 00:00:00.000000,2026-08-27T05:17:09.287600+00:00,D:/D drive recovery/Shiva JH/Projects/OneLake Medallion/data/landing/_reference/sellers.parquet,_reference
6b536a23086fba0d58c08d68814397f6,24346,niteroi,RJ,2016-01-01 00:00:00.000000,2026-08-27T05:17:09.287600+00:00,D:/D drive recovery/Shiva JH/Projects/OneLake Medallion/data/landing/_reference/sellers.parquet,_reference
95f83f51203c626648c875dd41874c7f,37564,borda da mata,MG,2016-01-01 00:00:00.000000,2026-08-27T05:17:09.287600+00:00,D:/D drive recovery/Shiva JH/Projects/OneLake Medallion/data/landing/_reference/sellers.parquet,_reference
6b243f80ed07b10f0e8aa0f21a205f3c,81825,curitiba,PR,2016-01-01 00:00:00.000000,2026-08-27T05:17:09.287600+00:00,D:/D drive recovery/Shiva JH/Projects/OneLake Medallion/data/landing/_reference/sellers.parquet,_reference
4f0d637c1197fd65405ebd755ac9f86b,06768,taboao da serra,SP,2016-01-01 00:00:00.000000,2026-08-27T05:17:09.287600+00:00,D:/D drive recovery/Shiva JH/Projects/OneLake Medallion/data/landing/_reference/sellers.parquet,_reference
2a5b78b41cd05baeac8df54c6606b92c,35570,formiga,MG,2016-01-01 00:00:00.000000,2026-08-27T05:17:09.287600+00:00,D:/D drive recovery/Shiva JH/Projects/OneLake Medallion/data/landing/_reference/sellers.parquet,_reference
b32be1695eb7ec5f10f72d9610a12527,95012,caxias do sul,RS,2016-01-01 00:00:00.000000,2026-08-27T05:17:09.287600+00:00,D:/D drive recovery/Shiva JH/Projects/OneLake Medallion/data/landing/_reference/sellers.parquet,_reference
b94cc9f10ddc85e4ba73a6f7974e7101,27930,macae,RJ,2016-01-01 00:00:00.000000,2026-08-27T05:17:09.287600+00:00,D:/D drive recovery/Shiva JH/Projects/OneLake Medallion/data/landing/_reference/sellers.parquet,_reference
53243585a1d6dc2643021fd1853d8905,42738,lauro de freitas,BA,2016-01-01 00:00:00.000000,2026-08-27T05:17:09.287600+00:00,D:/D drive recovery/Shiva JH/Projects/OneLake Medallion/data/landing/_reference/sellers.parquet,_reference
b1fecf4da1fa2689bccffa0121953643,79107,campo grande,MS,2016-01-01 00:00:00.000000,2026-08-27T05:17:09.287600+00:00,D:/D drive recovery/Shiva JH/Projects/OneLake Medallion/data/landing/_reference/sellers.parquet,_reference
e595809a6c31ec4314fd06ef198c244d,88370,navegantes,SC,2016-01-01 00:00:00.000000,2026-08-27T05:17:09.287600+00:00,D:/D drive recovery/Shiva JH/Projects/OneLake Medallion/data/landing/_reference/sellers.parquet,_reference
b8114f2f589a6804810f04f99b36b498,09633,sao bernardo do campo,SP,2016-01-01 00:00:00.000000,2026-08-27T05:17:09.287600+00:00,D:/D drive recovery/Shiva JH/Projects/OneLake Medallion/data/landing/_reference/sellers.parquet,_reference
570d4583587a5fe2d47c7be89b91ad27,02220,sao paulo,SP,2016-01-01 00:00:00.000000,2026-08-27T05:17:09.287600+00:00,D:/D drive recovery/Shiva JH/Projects/OneLake Medallion/data/landing/_reference/sellers.parquet,_reference
5d9dc90a686a8fddacffab6bab5653a3,06513,santana de parnaiba,SP,2016-01-01 00:00:00.000000,2026-08-27T05:17:09.287600+00:00,D:/D drive recovery/Shiva JH/Projects/OneLake Medallion/data/landing/_reference/sellers.parquet,_reference
dee656f0f566ed1aa85bd137c943f08f,12701,cruzeiro,SP,2016-01-01 00:00:00.000000,2026-08-27T05:17:09.287600+00:00,D:/D drive recovery/Shiva JH/Projects/OneLake Medallion/data/landing/_reference/sellers.parquet,_reference
d673a59aac7a70d8b01e6902bf090a11,14940,ibitinga,SP,2016-01-01 00:00:00.000000,2026-08-27T05:17:09.287600+00:00,D:/D drive recovery/Shiva JH/Projects/OneLake Medallion/data/landing/_reference/sellers.parquet,_reference
966cb4760537b1404caedd472cc610a5,09920,diadema,SP,2016-01-01 00:00:00.000000,2026-08-27T05:17:09.287600+00:00,D:/D drive recovery/Shiva JH/Projects/OneLake Medallion/data/landing/_reference/sellers.parquet,_reference
f3b80352b986ab4d1057a4b724be19d0,71200,brasilia,DF,2016-01-01 00:00:00.000000,2026-08-27T05:17:09.287600+00:00,D:/D drive recovery/Shiva JH/Projects/OneLake Medallion/data/landing/_reference/sellers.parquet,_reference
b452cb0ae35044c4a53179c39f49fb06,18047,sorocaba,SP,2016-01-01 00:00:00.000000,2026-08-27T05:17:09.287600+00:00,D:/D drive recovery/Shiva JH/Projects/OneLake Medallion/data/landing/_reference/sellers.parquet,_reference
ffeee66ac5d5a62fe688b9d26f83f534,15130,mirassol,SP,2016-01-01 00:00:00.000000,2026-08-27T05:17:09.287600+00:00,D:/D drive recovery/Shiva JH/Projects/OneLake Medallion/data/landing/_reference/sellers.parquet,_reference
e3e15e2c0b9700561efac21c6be48066,05315,sao paulo,SP,2016-01-01 00:00:00.000000,2026-08-27T05:17:09.287600+00:00,D:/D drive recovery/Shiva JH/Projects/OneLake Medallion/data/landing/_reference/sellers.parquet,_reference
bf00385a5f7fc1ef39a13c2e9ee50a5f,01224,sao paulo,SP,2016-01-01 00:00:00.000000,2026-08-27T05:17:09.287600+00:00,D:/D drive recovery/Shiva JH/Projects/OneLake Medallion/data/landing/_reference/sellers.parquet,_reference
cd68562d3f44870c08922d380acae552,14050,ribeirao preto,SP,2016-01-01 00:00:00.000000,2026-08-27T05:17:09.287600+00:00,D:/D drive recovery/Shiva JH/Projects/OneLake Medallion/data/landing/_reference/sellers.parquet,_reference
41da412d33e8da4f22baf55cb1bde82c,29260,domingos martins,ES,2016-01-01 00:00:00.000000,2026-08-27T05:17:09.287600+00:00,D:/D drive recovery/Shiva JH/Projects/OneLake Medallion/data/landing/_reference/sellers.parquet,_reference
b1b3948701c5c72445495bd161b83a4c,03390,sao paulo,SP,2016-01-01 00:00:00.000000,2026-08-27T05:17:09.287600+00:00,D:/D drive recovery/Shiva JH/Projects/OneLake Medallion/data/landing/_reference/sellers.parquet,_reference
6e13dd869aa7185f601c941423abcc8f,05311,sao paulo,SP,2016-01-01 00:00:00.000000,2026-08-27T05:17:09.287600+00:00,D:/D drive recovery/Shiva JH/Projects/OneLake Medallion/data/landing/_reference/sellers.parquet,_reference
723cd880edaacdb998898b67c8f9da30,14940,ibitinga,SP,2016-01-01 00:00:00.000000,2026-08-27T05:17:09.287600+00:00,D:/D drive recovery/Shiva JH/Projects/OneLake Medallion/data/landing/_reference/sellers.parquet,_reference
00ee68308b45bc5e2660cd833c3f81cc,03333,sao paulo,SP,2016-01-01 00:00:00.000000,2026-08-27T05:17:09.287600+00:00,D:/D drive recovery/Shiva JH/Projects/OneLake Medallion/data/landing/_reference/sellers.parquet,_reference
701938c450705b8ae65fc923b70f35c7,15014,s jose do rio preto,SP,2016-01-01 00:00:00.000000,2026-08-27T05:17:09.287600+00:00,D:/D drive recovery/Shiva JH/Projects/OneLake Medallion/data/landing/_reference/sellers.parquet,_reference
59b22a78efb79a4797979612b885db36,38414,uberlandia,MG,2016-01-01 00:00:00.000000,2026-08-27T05:17:09.287600+00:00,D:/D drive recovery/Shiva JH/Projects/OneLake Medallion/data/landing/_reference/sellers.parquet,_reference
ea8482cd71df3c1969d7b9473ff13abc,04160,sao paulo,SP,2016-01-01 00:00:00.000000,2026-08-27T05:17:09.287600+00:00,D:/D drive recovery/Shiva JH/Projects/OneLake Medallion/data/landing/_reference/sellers.parquet,_reference
042573af89b6d931f672efaf789d8358,18015,sorocaba,SP,2016-01-01 00:00:00.000000,2026-08-27T05:17:09.287600+00:00,D:/D drive recovery/Shiva JH/Projects/OneLake Medallion/data/landing/_reference/sellers.parquet,_reference
5b925e1d006e9476d738aa200751b73b,04567,sao paulo,SP,2016-01-01 00:00:00.000000,2026-08-27T05:17:09.287600+00:00,D:/D drive recovery/Shiva JH/Projects/OneLake Medallion/data/landing/_reference/sellers.parquet,_reference
fe2032dab1a61af8794248c8196565c9,13030,campinas,SP,2016-01-01 00:00:00.000000,2026-08-27T05:17:09.287600+00:00,D:/D drive recovery/Shiva JH/Projects/OneLake Medallion/data/landing/_reference/sellers.parquet,_reference
8629a7efec1aab257e58cda559f03ba7,74223,goiania,GO,2016-01-01 00:00:00.000000,2026-08-27T05:17:09.287600+00:00,D:/D drive recovery/Shiva JH/Projects/OneLake Medallion/data/landing/_reference/sellers.parquet,_reference
e0a366315b1b726b6c7832d664c0f530,02258,sao paulo,SP,2016-01-01 00:00:00.000000,2026-08-27T05:17:09.287600+00:00,D:/D drive recovery/Shiva JH/Projects/OneLake Medallion/data/landing/_reference/sellers.parquet,_reference
4e17c65a516f69d023a2ae78b84f28d6,08673,suzano,SP,2016-01-01 00:00:00.000000,2026-08-27T05:17:09.287600+00:00,D:/D drive recovery/Shiva JH/Projects/OneLake Medallion/data/landing/_reference/sellers.parquet,_reference
a8739afb32aaa45e01815ca76f76f54b,09850,sao bernardo do campo,SP,2016-01-01 00:00:00.000000,2026-08-27T05:17:09.287600+00:00,D:/D drive recovery/Shiva JH/Projects/OneLake Medallion/data/landing/_reference/sellers.parquet,_reference
33ac3e28642ab8bda860a2f693000e78,06717,cotia,SP,2016-01-01 00:00:00.000000,2026-08-27T05:17:09.287600+00:00,D:/D drive recovery/Shiva JH/Projects/OneLake Medallion/data/landing/_reference/sellers.parquet,_reference
18a349e75d307f4b4cc646a691ed4216,01319,sao paulo,SP,2016-01-01 00:00:00.000000,2026-08-27T05:17:09.287600+00:00,D:/D drive recovery/Shiva JH/Projects/OneLake Medallion/data/landing/_reference/sellers.parquet,_reference
be9a160a9011f627c3e121d076c1ec7b,89256,jaragua do sul,SC,2016-01-01 00:00:00.000000,2026-08-27T05:17:09.287600+00:00,D:/D drive recovery/Shiva JH/Projects/OneLake Medallion/data/landing/_reference/sellers.parquet,_reference
12b9676b00f60f3b700e83af21824c0e,95780,montenegro,RS,2016-01-01 00:00:00.000000,2026-08-27T05:17:09.287600+00:00,D:/D drive recovery/Shiva JH/Projects/OneLake Medallion/data/landing/_reference/sellers.parquet,_reference
4ebdc7e6cd6102a022dadc49156d4ea8,05030,sao paulo,SP,2016-01-01 00:00:00.000000,2026-08-27T05:17:09.287600+00:00,D:/D drive recovery/Shiva JH/Projects/OneLake Medallion/data/landing/_reference/sellers.parquet,_reference
f918546be4bec7104d117789ba758b2b,05634,sao paulo,SP,2016-01-01 00:00:00.000000,2026-08-27T05:17:09.287600+00:00,D:/D drive recovery/Shiva JH/Projects/OneLake Medallion/data/landing/_reference/sellers.parquet,_reference
2a84855fd20af891be03bc5924d2b453,30111,belo horizonte,MG,2016-01-01 00:00:00.000000,2026-08-27T05:17:09.287600+00:00,D:/D drive recovery/Shiva JH/Projects/OneLake Medallion/data/landing/_reference/sellers.parquet,_reference
4b9750c8ad28220fe6702d4ecb7c898f,13484,limeira,SP,2016-01-01 00:00:00.000000,2026-08-27T05:17:09.287600+00:00,D:/D drive recovery/Shiva JH/Projects/OneLake Medallion/data/landing/_reference/sellers.parquet,_reference
aae3bfea055532c57fb453ed3ec80b30,09271,santo andre,SP,2016-01-01 00:00:00.000000,2026-08-27T05:17:09.287600+00:00,D:/D drive recovery/Shiva JH/Projects/OneLake Medallion/data/landing/_reference/sellers.parquet,_reference
cb5df0dcb9e280b1780e9d589889f2c7,15115,bady bassitt,SP,2016-01-01 00:00:00.000000,2026-08-27T05:17:09.287600+00:00,D:/D drive recovery/Shiva JH/Projects/OneLake Medallion/data/landing/_reference/sellers.parquet,_reference
9bcdfa7b615b3abb9461d9e3ad9886ae,89053,blumenau,SC,2016-01-01 00:00:00.000000,2026-08-27T05:17:09.287600+00:00,D:/D drive recovery/Shiva JH/Projects/OneLake Medallion/data/landing/_reference/sellers.parquet,_reference
2dee2ce60de9709b1a24083217181a1f,78552,sinop,MT,2016-01-01 00:00:00.000000,2026-08-27T05:17:09.287600+00:00,D:/D drive recovery/Shiva JH/Projects/OneLake Medallion/data/landing/_reference/sellers.parquet,_reference
f84fa566034f5e8e880a07ec624c56af,13330,indaiatuba,SP,2016-01-01 00:00:00.000000,2026-08-27T05:17:09.287600+00:00,D:/D drive recovery/Shiva JH/Projects/OneLake Medallion/data/landing/_reference/sellers.parquet,_reference
9f50216bfd01913736a55a11b55ea842,12020,taubate,SP,2016-01-01 00:00:00.000000,2026-08-27T05:17:09.287600+00:00,D:/D drive recovery/Shiva JH/Projects/OneLake Medallion/data/landing/_reference/sellers.parquet,_reference
aafe36600ce604f205b86b5084d3d767,88115,sao jose,SC,2016-01-01 00:00:00.000000,2026-08-27T05:17:09.287600+00:00,D:/D drive recovery/Shiva JH/Projects/OneLake Medallion/data/landing/_reference/sellers.parquet,_reference
f4c4daa86e30c7e5a553a8d518ac03a5,85801,cascavel,PR,2016-01-01 00:00:00.000000,2026-08-27T05:17:09.287600+00:00,D:/D drive recovery/Shiva JH/Projects/OneLake Medallion/data/landing/_reference/sellers.parquet,_reference
a888faf2d1baececa6baf9c3d603ee1f,87502,umuarama,PR,2016-01-01 00:00:00.000000,2026-08-27T05:17:09.287600+00:00,D:/D drive recovery/Shiva JH/Projects/OneLake Medallion/data/landing/_reference/sellers.parquet,_reference
41b39e28db005d9731d9d485a83b4c38,09220,santo andre,SP,2016-01-01 00:00:00.000000,2026-08-27T05:17:09.287600+00:00,D:/D drive recovery/Shiva JH/Projects/OneLake Medallion/data/landing/_reference/sellers.parquet,_reference
609e1a9a6c2539919b8205cf7c4e6ff0,88359,brusque,SC,2016-01-01 00:00:00.000000,2026-08-27T05:17:09.287600+00:00,D:/D drive recovery/Shiva JH/Projects/OneLake Medallion/data/landing/_reference/sellers.parquet,_reference
001cca7ae9ae17fb1caed9dfb1094831,29156,cariacica,ES,2016-01-01 00:00:00.000000,2026-08-27T05:17:09.287600+00:00,D:/D drive recovery/Shiva JH/Projects/OneLake Medallion/data/landing/_reference/sellers.parquet,_reference
2eb70248d66e0e3ef83659f71b244378,13101,campinas,SP,2016-01-01 00:00:00.000000,2026-08-27T05:17:09.287600+00:00,D:/D drive recovery/Shiva JH/Projects/OneLake Medallion/data/landing/_reference/sellers.parquet,_reference
e882b2a25a10b9c057cc49695f222c19,25963,teresopolis,RJ,2016-01-01 00:00:00.000000,2026-08-27T05:17:09.287600+00:00,D:/D drive recovery/Shiva JH/Projects/OneLake Medallion/data/landing/_reference/sellers.parquet,_reference
dbc22125167c298ef99da25668e1011f,37564,borda da mata,MG,2016-01-01 00:00:00.000000,2026-08-27T05:17:09.287600+00:00,D:/D drive recovery/Shiva JH/Projects/OneLake Medallion/data/landing/_reference/sellers.parquet,_reference
951e8cef368f09bb3f3d03c00ca4702c,14940,ibitinga,SP,2016-01-01 00:00:00.000000,2026-08-27T05:17:09.287600+00:00,D:/D drive recovery/Shiva JH/Projects/OneLake Medallion/data/landing/_reference/sellers.parquet,_reference
d91fb3b7d041e83b64a00a3edfb37e4f,11704,praia grande,SP,2016-01-01 00:00:00.000000,2026-08-27T05:17:09.287600+00:00,D:/D drive recovery/Shiva JH/Projects/OneLake Medallion/data/landing/_reference/sellers.parquet,_reference
688756f717c462a206ad854c5027a64a,07094,guarulhos,SP,2016-01-01 00:00:00.000000,2026-08-27T05:17:09.287600+00:00,D:/D drive recovery/Shiva JH/Projects/OneLake Medallion/data/landing/_reference/sellers.parquet,_reference
9b00ed88b7fdb95d6ff76e27c1b52d16,08215,sao paulo,SP,2016-01-01 00:00:00.000000,2026-08-27T05:17:09.287600+00:00,D:/D drive recovery/Shiva JH/Projects/OneLake Medallion/data/landing/_reference/sellers.parquet,_reference
c864036feaab8c1659f65ea4faebe1da,83605,campo largo,PR,2016-01-01 00:00:00.000000,2026-08-27T05:17:09.287600+00:00,D:/D drive recovery/Shiva JH/Projects/OneLake Medallion/data/landing/_reference/sellers.parquet,_reference
ba143b05f0110f0dc71ad71b4466ce92,02274,sao paulo,SP,2016-01-01 00:00:00.000000,2026-08-27T05:17:09.287600+00:00,D:/D drive recovery/Shiva JH/Projects/OneLake Medallion/data/landing/_reference/sellers.parquet,_reference
6e864f5c4669eff3d98140a07cc50202,05639,sao paulo,SP,2016-01-01 00:00:00.000000,2026-08-27T05:17:09.287600+00:00,D:/D drive recovery/Shiva JH/Projects/OneLake Medallion/data/landing/_reference/sellers.parquet,_reference
d9bd94811c3338dceb4181f3dbc0c73e,04186,sao paulo,SP,2016-01-01 00:00:00.000000,2026-08-27T05:17:09.287600+00:00,D:/D drive recovery/Shiva JH/Projects/OneLake Medallion/data/landing/_reference/sellers.parquet,_reference
dbd66278cbfe1aa1000f90a217ca4695,05588,sao paulo,SP,2016-01-01 00:00:00.000000,2026-08-27T05:17:09.287600+00:00,D:/D drive recovery/Shiva JH/Projects/OneLake Medallion/data/landing/_reference/sellers.parquet,_reference
63b464dbf392c7b80d12d932fa7cafed,02034,sao paulo,SP,2016-01-01 00:00:00.000000,2026-08-27T05:17:09.287600+00:00,D:/D drive recovery/Shiva JH/Projects/OneLake Medallion/data/landing/_reference/sellers.parquet,_reference
7c67e1448b00f6e969d365cea6b010ab,08577,itaquaquecetuba,SP,2016-01-01 00:00:00.000000,2026-08-27T05:17:09.287600+00:00,D:/D drive recovery/Shiva JH/Projects/OneLake Medallion/data/landing/_reference/sellers.parquet,_reference
c24173065483e421f9e5e7f599de101d,03548,sao paulo,SP,2016-01-01 00:00:00.000000,2026-08-27T05:17:09.287600+00:00,D:/D drive recovery/Shiva JH/Projects/OneLake Medallion/data/landing/_reference/sellers.parquet,_reference
6750d71153f00fc58829af2a8ef1bcf1,28800,rio bonito,RJ,2016-01-01 00:00:00.000000,2026-08-27T05:17:09.287600+00:00,D:/D drive recovery/Shiva JH/Projects/OneLake Medallion/data/landing/_reference/sellers.parquet,_reference
c60b801f2d52c7f7f91de00870882a75,07174,guarulhos,SP,2016-01-01 00:00:00.000000,2026-08-27T05:17:09.287600+00:00,D:/D drive recovery/Shiva JH/Projects/OneLake Medallion/data/landing/_reference/sellers.parquet,_reference
eeb6de78f79159600292e314a77cbd18,88501,lages,SC,2016-01-01 00:00:00.000000,2026-08-27T05:17:09.287600+00:00,D:/D drive recovery/Shiva JH/Projects/OneLake Medallion/data/landing/_reference/sellers.parquet,_reference
4bf2f4ee540798a61f9636d12cd9cc80,19814,assis,SP,2016-01-01 00:00:00.000000,2026-08-27T05:17:09.287600+00:00,D:/D drive recovery/Shiva JH/Projects/OneLake Medallion/data/landing/_reference/sellers.parquet,_reference
25e6ffe976bd75618accfe16cefcbd0d,05503,sao paulo,SP,2016-01-01 00:00:00.000000,2026-08-27T05:17:09.287600+00:00,D:/D drive recovery/Shiva JH/Projects/OneLake Medallion/data/landing/_reference/sellers.parquet,_reference
1d8dbc4f32378d715c717c1c1fc57bae,86706,arapongas,PR,2016-01-01 00:00:00.000000,2026-08-27T05:17:09.287600+00:00,D:/D drive recovery/Shiva JH/Projects/OneLake Medallion/data/landing/_reference/sellers.parquet,_reference
fc906263ca5083d09dce42fe02247800,31030,belo horizonte,MG,2016-01-01 00:00:00.000000,2026-08-27T05:17:09.287600+00:00,D:/D drive recovery/Shiva JH/Projects/OneLake Medallion/data/landing/_reference/sellers.parquet,_reference
9596c870880d900012f2e8e6e30d06d7,37074,varginha,MG,2016-01-01 00:00:00.000000,2026-08-27T05:17:09.287600+00:00,D:/D drive recovery/Shiva JH/Projects/OneLake Medallion/data/landing/_reference/sellers.parquet,_reference
1da366cade6d8276e7d8beea7af5d4bf,36500,uba,MG,2016-01-01 00:00:00.000000,2026-08-27T05:17:09.287600+00:00,D:/D drive recovery/Shiva JH/Projects/OneLake Medallion/data/landing/_reference/sellers.parquet,_reference
ad781527c93d00d89a11eecd9dcad7c1,15015,sao jose do rio preto,SP,2016-01-01 00:00:00.000000,2026-08-27T05:17:09.287600+00:00,D:/D drive recovery/Shiva JH/Projects/OneLake Medallion/data/landing/_reference/sellers.parquet,_reference
128639473a139ac0f3e5f5ade55873a5,87050,maringa,PR,2016-01-01 00:00:00.000000,2026-08-27T05:17:09.287600+00:00,D:/D drive recovery/Shiva JH/Projects/OneLake Medallion/data/landing/_reference/sellers.parquet,_reference
7a241947449cc45dbfda4f9d0798d9d0,37590,jacutinga,MG,2016-01-01 00:00:00.000000,2026-08-27T05:17:09.287600+00:00,D:/D drive recovery/Shiva JH/Projects/OneLake Medallion/data/landing/_reference/sellers.parquet,_reference
7e1fb0a3ebfb01ffb3a7dae98bf3238d,14403,franca,SP,2016-01-01 00:00:00.000000,2026-08-27T05:17:09.287600+00:00,D:/D drive recovery/Shiva JH/Projects/OneLake Medallion/data/landing/_reference/sellers.parquet,_reference
376a891762bbdecbc02b4b6adec3fdda,74323,goiania,GO,2016-01-01 00:00:00.000000,2026-08-27T05:17:09.287600+00:00,D:/D drive recovery/Shiva JH/Projects/OneLake Medallion/data/landing/_reference/sellers.parquet,_reference
1dfe5347016252a7884b694d4f10f5c4,14940,ibitinga,SP,2016-01-01 00:00:00.000000,2026-08-27T05:17:09.287600+00:00,D:/D drive recovery/Shiva JH/Projects/OneLake Medallion/data/landing/_reference/sellers.parquet,_reference
25c5c91f63607446a97b143d2d535d31,35680,itauna,MG,2016-01-01 00:00:00.000000,2026-08-27T05:17:09.287600+00:00,D:/D drive recovery/Shiva JH/Projects/OneLake Medallion/data/landing/_reference/sellers.parquet,_reference
f205b1a3ca9a34e0f8a228bae6e4c7b3,94965,cachoeirinha,RS,2016-01-01 00:00:00.000000,2026-08-27T05:17:09.287600+00:00,D:/D drive recovery/Shiva JH/Projects/OneLake Medallion/data/landing/_reference/sellers.parquet,_reference
d2374cbcbb3ca4ab1086534108cc3ab7,14940,ibitinga,SP,2016-01-01 00:00:00.000000,2026-08-27T05:17:09.287600+00:00,D:/D drive recovery/Shiva JH/Projects/OneLake Medallion/data/landing/_reference/sellers.parquet,_reference
1eade46fba20122dc4aefb379f8c636b,02066,sao paulo,SP,2016-01-01 00:00:00.000000,2026-08-27T05:17:09.287600+00:00,D:/D drive recovery/Shiva JH/Projects/OneLake Medallion/data/landing/_reference/sellers.parquet,_reference
b9de031b671cd48b28fae9d828cbf2b4,04283,sao paulo,SP,2016-01-01 00:00:00.000000,2026-08-27T05:17:09.287600+00:00,D:/D drive recovery/Shiva JH/Projects/OneLake Medallion/data/landing/_reference/sellers.parquet,_reference
c9a06ece156bb057372c68718ec8909b,73020,brasilia,DF,2016-01-01 00:00:00.000000,2026-08-27T05:17:09.287600+00:00,D:/D drive recovery/Shiva JH/Projects/OneLake Medallion/data/landing/_reference/sellers.parquet,_reference
40d54b51e962dbe09cabbcfd33298dee,09230,santo andre,SP,2016-01-01 00:00:00.000000,2026-08-27T05:17:09.287600+00:00,D:/D drive recovery/Shiva JH/Projects/OneLake Medallion/data/landing/_reference/sellers.parquet,_reference
70c27847eca8195c983ed7e798c56743,20930,rio de janeiro,RJ,2016-01-01 00:00:00.000000,2026-08-27T05:17:09.287600+00:00,D:/D drive recovery/Shiva JH/Projects/OneLake Medallion/data/landing/_reference/sellers.parquet,_reference
9261d76c62caaf0b24677c2ceb7f8f20,88138,palhoca,SC,2016-01-01 00:00:00.000000,2026-08-27T05:17:09.287600+00:00,D:/D drive recovery/Shiva JH/Projects/OneLake Medallion/data/landing/_reference/sellers.parquet,_reference
0dd184061fb0eaa7ca37932c68ab91c5,07031,guarulhos,SP,2016-01-01 00:00:00.000000,2026-08-27T05:17:09.287600+00:00,D:/D drive recovery/Shiva JH/Projects/OneLake Medallion/data/landing/_reference/sellers.parquet,_reference
c3867b4666c7d76867627c2f7fb22e21,14580,guara,SP,2016-01-01 00:00:00.000000,2026-08-27T05:17:09.287600+00:00,D:/D drive recovery/Shiva JH/Projects/OneLake Medallion/data/landing/_reference/sellers.parquet,_reference
0bae85eb84b9fb3bd773911e89288d54,88301,itajai,SP,2016-01-01 00:00:00.000000,2026-08-27T05:17:09.287600+00:00,D:/D drive recovery/Shiva JH/Projects/OneLake Medallion/data/landing/_reference/sellers.parquet,_reference
08633c14ef2db992c11f840f04fad4cd,09416,ribeirao pires,SP,2016-01-01 00:00:00.000000,2026-08-27T05:17:09.287600+00:00,D:/D drive recovery/Shiva JH/Projects/OneLake Medallion/data/landing/_reference/sellers.parquet,_reference
5b8154610ebb21fb90eb587365e673df,12246,sao jose dos campos,SP,2016-01-01 00:00:00.000000,2026-08-27T05:17:09.287600+00:00,D:/D drive recovery/Shiva JH/Projects/OneLake Medallion/data/landing/_reference/sellers.parquet,_reference
17ca9b9e9b9ef8fdb529001b49ebb50f,32677,betim,MG,2016-01-01 00:00:00.000000,2026-08-27T05:17:09.287600+00:00,D:/D drive recovery/Shiva JH/Projects/OneLake Medallion/data/landing/_reference/sellers.parquet,_reference
f262cbc1c910c83959f849465454ddd3,03564,sao paulo,SP,2016-01-01 00:00:00.000000,2026-08-27T05:17:09.287600+00:00,D:/D drive recovery/Shiva JH/Projects/OneLake Medallion/data/landing/_reference/sellers.parquet,_reference
14ee35374a7876217954b5fa08e50463,15015,sao jose do rio preto,SP,2016-01-01 00:00:00.000000,2026-08-27T05:17:09.287600+00:00,D:/D drive recovery/Shiva JH/Projects/OneLake Medallion/data/landing/_reference/sellers.parquet,_reference
432c37c9dfba871172ec162e20118b8c,70235,brasilia,DF,2016-01-01 00:00:00.000000,2026-08-27T05:17:09.287600+00:00,D:/D drive recovery/Shiva JH/Projects/OneLake Medallion/data/landing/_reference/sellers.parquet,_reference
4c8545742faaf58fafd5fd14d25d75cf,15603,fernandopolis,SP,2016-01-01 00:00:00.000000,2026-08-27T05:17:09.287600+00:00,D:/D drive recovery/Shiva JH/Projects/OneLake Medallion/data/landing/_reference/sellers.parquet,_reference
d8c7ba53e7e38711eaef8c2849d6d2e1,87120,floresta,PR,2016-01-01 00:00:00.000000,2026-08-27T05:17:09.287600+00:00,D:/D drive recovery/Shiva JH/Projects/OneLake Medallion/data/landing/_reference/sellers.parquet,_reference
6338ea67c41078a46ad99cc009654956,95170,farroupilha,RS,2016-01-01 00:00:00.000000,2026-08-27T05:17:09.287600+00:00,D:/D drive recovery/Shiva JH/Projects/OneLake Medallion/data/landing/_reference/sellers.parquet,_reference
954e95f20808d7e5d11f0de292d078e0,35930,joao monlevade,MG,2016-01-01 00:00:00.000000,2026-08-27T05:17:09.287600+00:00,D:/D drive recovery/Shiva JH/Projects/OneLake Medallion/data/landing/_reference/sellers.parquet,_reference
5b581417df4480f632484ba681e53944,88050,florianopolis,SC,2016-01-01 00:00:00.000000,2026-08-27T05:17:09.287600+00:00,D:/D drive recovery/Shiva JH/Projects/OneLake Medallion/data/landing/_reference/sellers.parquet,_reference
d0d70d21e2234dd7cd3cf63fe414148a,58865,sao bento,PB,2016-01-01 00:00:00.000000,2026-08-27T05:17:09.287600+00:00,D:/D drive recovery/Shiva JH/Projects/OneLake Medallion/data/landing/_reference/sellers.parquet,_reference
06e5eefc71ec47ae763c5c6f8db7064f,91350,porto alegre,RS,2016-01-01 00:00:00.000000,2026-08-27T05:17:09.287600+00:00,D:/D drive recovery/Shiva JH/Projects/OneLake Medallion/data/landing/_reference/sellers.parquet,_reference
28ea411b354f14b1a494be4e79f0ce02,05685,sao paulo,SP,2016-01-01 00:00:00.000000,2026-08-27T05:17:09.287600+00:00,D:/D drive recovery/Shiva JH/Projects/OneLake Medallion/data/landing/_reference/sellers.parquet,_reference
77fccaae319668a8ab6cd0fd16aec48c,28035,campos dos goytacazes,RJ,2016-01-01 00:00:00.000000,2026-08-27T05:17:09.287600+00:00,D:/D drive recovery/Shiva JH/Projects/OneLake Medallion/data/landing/_reference/sellers.parquet,_reference
1987cd4be10fe09ee50454f9c354d1c6,37570,ouro fino,MG,2016-01-01 00:00:00.000000,2026-08-27T05:17:09.287600+00:00,D:/D drive recovery/Shiva JH/Projects/OneLake Medallion/data/landing/_reference/sellers.parquet,_reference
6860153b69cc696d5dcfe1cdaaafcf62,13360,capivari,SP,2016-01-01 00:00:00.000000,2026-08-27T05:17:09.287600+00:00,D:/D drive recovery/Shiva JH/Projects/OneLake Medallion/data/landing/_reference/sellers.parquet,_reference
903037660cf848a717166eb7a06d616e,05734,sao paulo,SP,2016-01-01 00:00:00.000000,2026-08-27T05:17:09.287600+00:00,D:/D drive recovery/Shiva JH/Projects/OneLake Medallion/data/landing/_reference/sellers.parquet,_reference
f08c008c8a8d31417763738a1788a2a8,85875,santa terezinha de itaipu,PR,2016-01-01 00:00:00.000000,2026-08-27T05:17:09.287600+00:00,D:/D drive recovery/Shiva JH/Projects/OneLake Medallion/data/landing/_reference/sellers.parquet,_reference
066a6914e1ebf3ea95a216c73a986b91,85863,foz do iguacu,PR,2016-01-01 00:00:00.000000,2026-08-27T05:17:09.287600+00:00,D:/D drive recovery/Shiva JH/Projects/OneLake Medallion/data/landing/_reference/sellers.parquet,_reference
6d66611d7c44cc30ce351abc49a68421,04378,sao paulo,SP,2016-01-01 00:00:00.000000,2026-08-27T05:17:09.287600+00:00,D:/D drive recovery/Shiva JH/Projects/OneLake Medallion/data/landing/_reference/sellers.parquet,_reference
729f06993dac8e860d4f02d7088ca48a,13481,limeira,SP,2016-01-01 00:00:00.000000,2026-08-27T05:17:09.287600+00:00,D:/D drive recovery/Shiva JH/Projects/OneLake Medallion/data/landing/_reference/sellers.parquet,_reference
41c9d3997dd3c072c31139dc5bb5761f,38182,araxa,MG,2016-01-01 00:00:00.000000,2026-08-27T05:17:09.287600+00:00,D:/D drive recovery/Shiva JH/Projects/OneLake Medallion/data/landing/_reference/sellers.parquet,_reference
b19f3ca2ea475913750f25a5c37c8d8f,35501,divinopolis,MG,2016-01-01 00:00:00.000000,2026-08-27T05:17:09.287600+00:00,D:/D drive recovery/Shiva JH/Projects/OneLake Medallion/data/landing/_reference/sellers.parquet,_reference
cc419e0650a3c5ba77189a1882b7556a,09015,santo andre,SP,2016-01-01 00:00:00.000000,2026-08-27T05:17:09.287600+00:00,D:/D drive recovery/Shiva JH/Projects/OneLake Medallion/data/landing/_reference/sellers.parquet,_reference
7008613ea464bad5cb9b83456e1e6a8f,89460,canoinhas,SC,2016-01-01 00:00:00.000000,2026-08-27T05:17:09.287600+00:00,D:/D drive recovery/Shiva JH/Projects/OneLake Medallion/data/landing/_reference/sellers.parquet,_reference
7d7d2b7a51328016102d4528c411d630,14940,ibitinga,SP,2016-01-01 00:00:00.000000,2026-08-27T05:17:09.287600+00:00,D:/D drive recovery/Shiva JH/Projects/OneLake Medallion/data/landing/_reference/sellers.parquet,_reference
994f04b3718c2bab35c2adfa8afecd2a,13912,jaguariuna,SP,2016-01-01 00:00:00.000000,2026-08-27T05:17:09.287600+00:00,D:/D drive recovery/Shiva JH/Projects/OneLake Medallion/data/landing/_reference/sellers.parquet,_reference
6b3bd31ad8fcda4b2635ec9f3ff2ecdf,22775,rio de janeiro,RJ,2016-01-01 00:00:00.000000,2026-08-27T05:17:09.287600+00:00,D:/D drive recovery/Shiva JH/Projects/OneLake Medallion/data/landing/_reference/sellers.parquet,_reference
977f9f63dd360c2a32ece2f93ad6d306,14910,tabatinga,SP,2016-01-01 00:00:00.000000,2026-08-27T05:17:09.287600+00:00,D:/D drive recovery/Shiva JH/Projects/OneLake Medallion/data/landing/_reference/sellers.parquet,_reference
910a922b426b7ff95eaee129ad6c0e1f,15025,sao jose do rio preto,SP,2016-01-01 00:00:00.000000,2026-08-27T05:17:09.287600+00:00,D:/D drive recovery/Shiva JH/Projects/OneLake Medallion/data/landing/_reference/sellers.parquet,_reference
7ad32824caee82087b3e2e5f33b1bf32,14940,ibitinga,SP,2016-01-01 00:00:00.000000,2026-08-27T05:17:09.287600+00:00,D:/D drive recovery/Shiva JH/Projects/OneLake Medallion/data/landing/_reference/sellers.parquet,_reference
de722cd6dad950a92b7d4f82673f8833,51250,recife,PE,2016-01-01 00:00:00.000000,2026-08-27T05:17:09.287600+00:00,D:/D drive recovery/Shiva JH/Projects/OneLake Medallion/data/landing/_reference/sellers.parquet,_reference
54c04bdb5ec46762f8f08c7e8f86ed4a,88037,florianopolis,SC,2016-01-01 00:00:00.000000,2026-08-27T05:17:09.287600+00:00,D:/D drive recovery/Shiva JH/Projects/OneLake Medallion/data/landing/_reference/sellers.parquet,_reference
54965bbe3e4f07ae045b90b0b8541f52,85851,foz do iguacu,PR,2016-01-01 00:00:00.000000,2026-08-27T05:17:09.287600+00:00,D:/D drive recovery/Shiva JH/Projects/OneLake Medallion/data/landing/_reference/sellers.parquet,_reference
05ff92fedb5be47920fea08e501238b9,98803,santo angelo,RS,2016-01-01 00:00:00.000000,2026-08-27T05:17:09.287600+00:00,D:/D drive recovery/Shiva JH/Projects/OneLake Medallion/data/landing/_reference/sellers.parquet,_reference
10076e5788b8ee532724bcd460baf762,14315,batatais,SP,2016-01-01 00:00:00.000000,2026-08-27T05:17:09.287600+00:00,D:/D drive recovery/Shiva JH/Projects/OneLake Medallion/data/landing/_reference/sellers.parquet,_reference
f0b47fbbc6dee9aafe415a6e33051b3f,09360,maua,SP,2016-01-01 00:00:00.000000,2026-08-27T05:17:09.287600+00:00,D:/D drive recovery/Shiva JH/Projects/OneLake Medallion/data/landing/_reference/sellers.parquet,_reference
06532f10282704ef4c69168b914b77be,87140,paincandu,PR,2016-01-01 00:00:00.000000,2026-08-27T05:17:09.287600+00:00,D:/D drive recovery/Shiva JH/Projects/OneLake Medallion/data/landing/_reference/sellers.parquet,_reference
1127b7f2594683f2510f1c2c834a486b,13087,campinas,SP,2016-01-01 00:00:00.000000,2026-08-27T05:17:09.287600+00:00,D:/D drive recovery/Shiva JH/Projects/OneLake Medallion/data/landing/_reference/sellers.parquet,_reference
2c9e548be18521d1c43cde1c582c6de8,08752,mogi das cruzes,SP,2016-01-01 00:00:00.000000,2026-08-27T05:17:09.287600+00:00,D:/D drive recovery/Shiva JH/Projects/OneLake Medallion/data/landing/_reference/sellers.parquet,_reference
fec6275253471ace26d209bbaa64cd0f,28605,nova friburgo,RJ,2016-01-01 00:00:00.000000,2026-08-27T05:17:09.287600+00:00,D:/D drive recovery/Shiva JH/Projects/OneLake Medallion/data/landing/_reference/sellers.parquet,_reference
822166ed1e47908f7cfb49946d03c726,25803,tres rios,RJ,2016-01-01 00:00:00.000000,2026-08-27T05:17:09.287600+00:00,D:/D drive recovery/Shiva JH/Projects/OneLake Medallion/data/landing/_reference/sellers.parquet,_reference
98e164d549402270247f3c96a1a158ef,05083,sao paulo,SP,2016-01-01 00:00:00.000000,2026-08-27T05:17:09.287600+00:00,D:/D drive recovery/Shiva JH/Projects/OneLake Medallion/data/landing/_reference/sellers.parquet,_reference
2e3be8a987a30d7544dbbda6861cc14e,30620,belo horizonte,MG,2016-01-01 00:00:00.000000,2026-08-27T05:17:09.287600+00:00,D:/D drive recovery/Shiva JH/Projects/OneLake Medallion/data/landing/_reference/sellers.parquet,_reference
b2ba3715d723d245138f291a6fe42594,03470,sao paulo,SP,2016-01-01 00:00:00.000000,2026-08-27T05:17:09.287600+00:00,D:/D drive recovery/Shiva JH/Projects/OneLake Medallion/data/landing/_reference/sellers.parquet,_reference
b410bdd36d5db7a65dcd42b7ead933b8,74645,goiania,GO,2016-01-01 00:00:00.000000,2026-08-27T05:17:09.287600+00:00,D:/D drive recovery/Shiva JH/Projects/OneLake Medallion/data/landing/_reference/sellers.parquet,_reference
d58d521f3789def2e7a22715e0badd93,03643,sao paulo,SP,2016-01-01 00:00:00.000000,2026-08-27T05:17:09.287600+00:00,D:/D drive recovery/Shiva JH/Projects/OneLake Medallion/data/landing/_reference/sellers.parquet,_reference
6a0cbc8af2e8abd1bdfb777943d174c6,14312,batatais,SP,2016-01-01 00:00:00.000000,2026-08-27T05:17:09.287600+00:00,D:/D drive recovery/Shiva JH/Projects/OneLake Medallion/data/landing/_reference/sellers.parquet,_reference
70126eecc6aa1274392a1743866e9678,06449,barueri,SP,2016-01-01 00:00:00.000000,2026-08-27T05:17:09.287600+00:00,D:/D drive recovery/Shiva JH/Projects/OneLake Medallion/data/landing/_reference/sellers.parquet,_reference
8931a84a914b3fe9b1ddaa4d704947ca,08410,sao paulo,SP,2016-01-01 00:00:00.000000,2026-08-27T05:17:09.287600+00:00,D:/D drive recovery/Shiva JH/Projects/OneLake Medallion/data/landing/_reference/sellers.parquet,_reference
7681ef142fd2c19048da7430856b5588,07074,guarulhos,SP,2016-01-01 00:00:00.000000,2026-08-27T05:17:09.287600+00:00,D:/D drive recovery/Shiva JH/Projects/OneLake Medallion/data/landing/_reference/sellers.parquet,_reference
3771c85bac139d2344864ede5d9341e3,18087,sorocaba,SP,2016-01-01 00:00:00.000000,2026-08-27T05:17:09.287600+00:00,D:/D drive recovery/Shiva JH/Projects/OneLake Medallion/data/landing/_reference/sellers.parquet,_reference
7ddcbb64b5bc1ef36ca8c151f6ec77df,04403,sao paulo,SP,2016-01-01 00:00:00.000000,2026-08-27T05:17:09.287600+00:00,D:/D drive recovery/Shiva JH/Projects/OneLake Medallion/data/landing/_reference/sellers.parquet,_reference
bd0389da23d89b726abf911cccc54596,71691,brasilia,DF,2016-01-01 00:00:00.000000,2026-08-27T05:17:09.287600+00:00,D:/D drive recovery/Shiva JH/Projects/OneLake Medallion/data/landing/_reference/sellers.parquet,_reference
af3ef48d0e13835e529c29ac573c63e5,14802,araraquara,SP,2016-01-01 00:00:00.000000,2026-08-27T05:17:09.287600+00:00,D:/D drive recovery/Shiva JH/Projects/OneLake Medallion/data/landing/_reference/sellers.parquet,_reference
855668e0971d4dfd7bef1b6a4133b41b,13257,itatiba,SP,2016-01-01 00:00:00.000000,2026-08-27T05:17:09.287600+00:00,D:/D drive recovery/Shiva JH/Projects/OneLake Medallion/data/landing/_reference/sellers.parquet,_reference
77e4abfd739aed9c46480f90f81c0eb4,70767,brasilia,DF,2016-01-01 00:00:00.000000,2026-08-27T05:17:09.287600+00:00,D:/D drive recovery/Shiva JH/Projects/OneLake Medallion/data/landing/_reference/sellers.parquet,_reference
863d2ebcd347ce4922de7a0f9a5581d6,21041,rio de janeiro,RJ,2016-01-01 00:00:00.000000,2026-08-27T05:17:09.287600+00:00,D:/D drive recovery/Shiva JH/Projects/OneLake Medallion/data/landing/_reference/sellers.parquet,_reference
1c68394e931a64f90ea236c5ea590300,87114,sarandi,PR,2016-01-01 00:00:00.000000,2026-08-27T05:17:09.287600+00:00,D:/D drive recovery/Shiva JH/Projects/OneLake Medallion/data/landing/_reference/sellers.parquet,_reference
95b293867b5862941c9cd74f756a3c68,08223,sao paulo,SP,2016-01-01 00:00:00.000000,2026-08-27T05:17:09.287600+00:00,D:/D drive recovery/Shiva JH/Projects/OneLake Medallion/data/landing/_reference/sellers.parquet,_reference
e62b2d6ac10570a035a30bafcf01d263,05767,sao paulo,SP,2016-01-01 00:00:00.000000,2026-08-27T05:17:09.287600+00:00,D:/D drive recovery/Shiva JH/Projects/OneLake Medallion/data/landing/_reference/sellers.parquet,_reference
77530e9772f57a62c906e1c21538ab82,80310,curitiba,PR,2016-01-01 00:00:00.000000,2026-08-27T05:17:09.287600+00:00,D:/D drive recovery/Shiva JH/Projects/OneLake Medallion/data/landing/_reference/sellers.parquet,_reference
6a8b085f816a1f75f92dbac6eb545f8f,14709,bebedouro,SP,2016-01-01 00:00:00.000000,2026-08-27T05:17:09.287600+00:00,D:/D drive recovery/Shiva JH/Projects/OneLake Medallion/data/landing/_reference/sellers.parquet,_reference
e5d4b2b0c3bca22085f7a19a28de0c42,89201,joinville,SC,2016-01-01 00:00:00.000000,2026-08-27T05:17:09.287600+00:00,D:/D drive recovery/Shiva JH/Projects/OneLake Medallion/data/landing/_reference/sellers.parquet,_reference
a08692680c77d30a0b4280da5df01c5a,04719,sao paulo,SP,2016-01-01 00:00:00.000000,2026-08-27T05:17:09.287600+00:00,D:/D drive recovery/Shiva JH/Projects/OneLake Medallion/data/landing/_reference/sellers.parquet,_reference
dd533b429f380718b70ad9922c294bae,14781,barretos,SP,2016-01-01 00:00:00.000000,2026-08-27T05:17:09.287600+00:00,D:/D drive recovery/Shiva JH/Projects/OneLake Medallion/data/landing/_reference/sellers.parquet,_reference
582d4f8675b945722eda7c0cb61ba4c7,11250,bertioga,SP,2016-01-01 00:00:00.000000,2026-08-27T05:17:09.287600+00:00,D:/D drive recovery/Shiva JH/Projects/OneLake Medallion/data/landing/_reference/sellers.parquet,_reference
94144541854e298c2d976cb893b81343,94451,viamao,RS,2016-01-01 00:00:00.000000,2026-08-27T05:17:09.287600+00:00,D:/D drive recovery/Shiva JH/Projects/OneLake Medallion/data/landing/_reference/sellers.parquet,_reference
21c62b998a043ebe31161d38f84929fc,60110,fortaleza,CE,2016-01-01 00:00:00.000000,2026-08-27T05:17:09.287600+00:00,D:/D drive recovery/Shiva JH/Projects/OneLake Medallion/data/landing/_reference/sellers.parquet,_reference
1c129092bf23f28a5930387c980c0dfc,02972,sao paulo,SP,2016-01-01 00:00:00.000000,2026-08-27T05:17:09.287600+00:00,D:/D drive recovery/Shiva JH/Projects/OneLake Medallion/data/landing/_reference/sellers.parquet,_reference
b499c00f28f4b7069ff6550af8c1348a,13481,limeira,SP,2016-01-01 00:00:00.000000,2026-08-27T05:17:09.287600+00:00,D:/D drive recovery/Shiva JH/Projects/OneLake Medallion/data/landing/_reference/sellers.parquet,_reference
f1ed6bd0a9b11b581f16c851c6a5a527,90240,porto alegre,RS,2016-01-01 00:00:00.000000,2026-08-27T05:17:09.287600+00:00,D:/D drive recovery/Shiva JH/Projects/OneLake Medallion/data/landing/_reference/sellers.parquet,_reference
624f4ece8da4aafb77699233d480f8ef,05138,sao paulo,SP,2016-01-01 00:00:00.000000,2026-08-27T05:17:09.287600+00:00,D:/D drive recovery/Shiva JH/Projects/OneLake Medallion/data/landing/_reference/sellers.parquet,_reference
95e03ca3d4146e4011985981aeb959b9,21210,rio de janeiro,RJ,2016-01-01 00:00:00.000000,2026-08-27T05:17:09.287600+00:00,D:/D drive recovery/Shiva JH/Projects/OneLake Medallion/data/landing/_reference/sellers.parquet,_reference
1771297ac436903d1dd6b0e9279aa505,07025,guarulhos,SP,2016-01-01 00:00:00.000000,2026-08-27T05:17:09.287600+00:00,D:/D drive recovery/Shiva JH/Projects/OneLake Medallion/data/landing/_reference/sellers.parquet,_reference
df560393f3a51e74553ab94004ba5c87,87900,loanda,PR,2016-01-01 00:00:00.000000,2026-08-27T05:17:09.287600+00:00,D:/D drive recovery/Shiva JH/Projects/OneLake Medallion/data/landing/_reference/sellers.parquet,_reference
253f95b3a0e6983ae18aed49fbc2b845,04141,sao paulo,SP,2016-01-01 00:00:00.000000,2026-08-27T05:17:09.287600+00:00,D:/D drive recovery/Shiva JH/Projects/OneLake Medallion/data/landing/_reference/sellers.parquet,_reference
834f3294fba9f932f56edc879193f925,14808,araraquara,SP,2016-01-01 00:00:00.000000,2026-08-27T05:17:09.287600+00:00,D:/D drive recovery/Shiva JH/Projects/OneLake Medallion/data/landing/_reference/sellers.parquet,_reference
6fd52c528dcb38be2eea044946b811f8,08180,sao paulo,SP,2016-01-01 00:00:00.000000,2026-08-27T05:17:09.287600+00:00,D:/D drive recovery/Shiva JH/Projects/OneLake Medallion/data/landing/_reference/sellers.parquet,_reference
f7720c4fa8e3aba4546301ab80ea1f1b,81350,curitiba,PR,2016-01-01 00:00:00.000000,2026-08-27T05:17:09.287600+00:00,D:/D drive recovery/Shiva JH/Projects/OneLake Medallion/data/landing/_reference/sellers.parquet,_reference
4c2b230173bb36f9b240f2b8ac11786e,03933,sao paulo,SP,2016-01-01 00:00:00.000000,2026-08-27T05:17:09.287600+00:00,D:/D drive recovery/Shiva JH/Projects/OneLake Medallion/data/landing/_reference/sellers.parquet,_reference
4e06067cc08b3f41d837768d392c3ee3,32604,betim,MG,2016-01-01 00:00:00.000000,2026-08-27T05:17:09.287600+00:00,D:/D drive recovery/Shiva JH/Projects/OneLake Medallion/data/landing/_reference/sellers.parquet,_reference
3a734b715d333a2588a3d54a0c9b8746,06132,osasco,SP,2016-01-01 00:00:00.000000,2026-08-27T05:17:09.287600+00:00,D:/D drive recovery/Shiva JH/Projects/OneLake Medallion/data/landing/_reference/sellers.parquet,_reference
5d0363b33554b373851fc1622e4d5f3c,12952,atibaia,SP,2016-01-01 00:00:00.000000,2026-08-27T05:17:09.287600+00:00,D:/D drive recovery/Shiva JH/Projects/OneLake Medallion/data/landing/_reference/sellers.parquet,_reference
013900e863eace745d3ec7614cab5b1a,80740,curitiba,PR,2016-01-01 00:00:00.000000,2026-08-27T05:17:09.287600+00:00,D:/D drive recovery/Shiva JH/Projects/OneLake Medallion/data/landing/_reference/sellers.parquet,_reference
17a053fcb14bd219540cbde0df490be0,13843,mogi guacu,SP,2016-01-01 00:00:00.000000,2026-08-27T05:17:09.287600+00:00,D:/D drive recovery/Shiva JH/Projects/OneLake Medallion/data/landing/_reference/sellers.parquet,_reference
41b14765bd56c8ad10971074380f9c0c,09070,santo andre,SP,2016-01-01 00:00:00.000000,2026-08-27T05:17:09.287600+00:00,D:/D drive recovery/Shiva JH/Projects/OneLake Medallion/data/landing/_reference/sellers.parquet,_reference
7f2617c58d5d06806987308b45654351,04571,sao paulo,SP,2016-01-01 00:00:00.000000,2026-08-27T05:17:09.287600+00:00,D:/D drive recovery/Shiva JH/Projects/OneLake Medallion/data/landing/_reference/sellers.parquet,_reference
79a679c36c08d606b3fd47ead9de109b,02611,sao paulo,SP,2016-01-01 00:00:00.000000,2026-08-27T05:17:09.287600+00:00,D:/D drive recovery/Shiva JH/Projects/OneLake Medallion/data/landing/_reference/sellers.parquet,_reference
4e922959ae960d389249c378d1c939f5,12327,jacarei,SP,2016-01-01 00:00:00.000000,2026-08-27T05:17:09.287600+00:00,D:/D drive recovery/Shiva JH/Projects/OneLake Medallion/data/landing/_reference/sellers.parquet,_reference
94e93ce877be27a515118dbfd2c2be41,15502,votuporanga,SP,2016-01-01 00:00:00.000000,2026-08-27T05:17:09.287600+00:00,D:/D drive recovery/Shiva JH/Projects/OneLake Medallion/data/landing/_reference/sellers.parquet,_reference
8581055ce74af1daba164fdbd55a40de,07112,guarulhos,SP,2016-01-01 00:00:00.000000,2026-08-27T05:17:09.287600+00:00,D:/D drive recovery/Shiva JH/Projects/OneLake Medallion/data/landing/_reference/sellers.parquet,_reference
52f0fe436a347ddad7ed5f9aa4e27eaa,01129,sao paulo,SP,2016-01-01 00:00:00.000000,2026-08-27T05:17:09.287600+00:00,D:/D drive recovery/Shiva JH/Projects/OneLake Medallion/data/landing/_reference/sellers.parquet,_reference
c33847515fa6305ce6feb1e818569f13,88359,brusque,SC,2016-01-01 00:00:00.000000,2026-08-27T05:17:09.287600+00:00,D:/D drive recovery/Shiva JH/Projects/OneLake Medallion/data/landing/_reference/sellers.parquet,_reference
2a7dc43cecabf23403078e2188437d1d,04142,sao paulo,SP,2016-01-01 00:00:00.000000,2026-08-27T05:17:09.287600+00:00,D:/D drive recovery/Shiva JH/Projects/OneLake Medallion/data/landing/_reference/sellers.parquet,_reference
ea566164622c6b439516ab18062c42cd,05303,sao  paulo,SP,2016-01-01 00:00:00.000000,2026-08-27T05:17:09.287600+00:00,D:/D drive recovery/Shiva JH/Projects/OneLake Medallion/data/landing/_reference/sellers.parquet,_reference
821fb029fc6e495ca4f08a35d51e53a5,02030,sao paulo,SP,2016-01-01 00:00:00.000000,2026-08-27T05:17:09.287600+00:00,D:/D drive recovery/Shiva JH/Projects/OneLake Medallion/data/landing/_reference/sellers.parquet,_reference
2be17df1c49978426251562096c3cc09,88704,tubarao,SC,2016-01-01 00:00:00.000000,2026-08-27T05:17:09.287600+00:00,D:/D drive recovery/Shiva JH/Projects/OneLake Medallion/data/landing/_reference/sellers.parquet,_reference
c6381d2d013342748761e906d45aff76,93180,portao,RS,2016-01-01 00:00:00.000000,2026-08-27T05:17:09.287600+00:00,D:/D drive recovery/Shiva JH/Projects/OneLake Medallion/data/landing/_reference/sellers.parquet,_reference
c8417879a15366a17c30af34c798c332,04445,sao paulo,SP,2016-01-01 00:00:00.000000,2026-08-27T05:17:09.287600+00:00,D:/D drive recovery/Shiva JH/Projects/OneLake Medallion/data/landing/_reference/sellers.parquet,_reference
989becdce12ebc39863c2bceab6f3ca1,81730,curitiba,PR,2016-01-01 00:00:00.000000,2026-08-27T05:17:09.287600+00:00,D:/D drive recovery/Shiva JH/Projects/OneLake Medallion/data/landing/_reference/sellers.parquet,_reference
2528513dd95219a6013d4d05176e391a,06060,osasco,SP,2016-01-01 00:00:00.000000,2026-08-27T05:17:09.287600+00:00,D:/D drive recovery/Shiva JH/Projects/OneLake Medallion/data/landing/_reference/sellers.parquet,_reference
318f287a62ab7ac10b703ac37435a231,04773,sao paulo,SP,2016-01-01 00:00:00.000000,2026-08-27T05:17:09.287600+00:00,D:/D drive recovery/Shiva JH/Projects/OneLake Medallion/data/landing/_reference/sellers.parquet,_reference
5b179e9e8cc7ab6fd113a46ca584da81,05424,sao paulo,SP,2016-01-01 00:00:00.000000,2026-08-27T05:17:09.287600+00:00,D:/D drive recovery/Shiva JH/Projects/OneLake Medallion/data/landing/_reference/sellers.parquet,_reference
5ee7fd217d08dfe5d3e2f51f96a12c9a,13880,vargem grande do sul,SP,2016-01-01 00:00:00.000000,2026-08-27T05:17:09.287600+00:00,D:/D drive recovery/Shiva JH/Projects/OneLake Medallion/data/landing/_reference/sellers.parquet,_reference
440dd6ab244315c632130ecfb63827b1,15502,votuporanga,SP,2016-01-01 00:00:00.000000,2026-08-27T05:17:09.287600+00:00,D:/D drive recovery/Shiva JH/Projects/OneLake Medallion/data/landing/_reference/sellers.parquet,_reference
45d33f715e24d15a6ccf5c17b3a23e3c,18015,sorocaba,SP,2016-01-01 00:00:00.000000,2026-08-27T05:17:09.287600+00:00,D:/D drive recovery/Shiva JH/Projects/OneLake Medallion/data/landing/_reference/sellers.parquet,_reference
c33a5c3c983090c8b78a28e65052a20d,88802,criciuma,SC,2016-01-01 00:00:00.000000,2026-08-27T05:17:09.287600+00:00,D:/D drive recovery/Shiva JH/Projects/OneLake Medallion/data/landing/_reference/sellers.parquet,_reference
16090f2ca825584b5a147ab24aa30c86,12940,atibaia,SP,2016-01-01 00:00:00.000000,2026-08-27T05:17:09.287600+00:00,D:/D drive recovery/Shiva JH/Projects/OneLake Medallion/data/landing/_reference/sellers.parquet,_reference
b561927807645834b59ef0d16ba55a24,02955,sao paulo,SP,2016-01-01 00:00:00.000000,2026-08-27T05:17:09.287600+00:00,D:/D drive recovery/Shiva JH/Projects/OneLake Medallion/data/landing/_reference/sellers.parquet,_reference
213b25e6f54661939f11710a6fddb871,13321,salto,SP,2016-01-01 00:00:00.000000,2026-08-27T05:17:09.287600+00:00,D:/D drive recovery/Shiva JH/Projects/OneLake Medallion/data/landing/_reference/sellers.parquet,_reference
1d0997ff06b524ce9289ffd75114ecd3,52020,recife,PE,2016-01-01 00:00:00.000000,2026-08-27T05:17:09.287600+00:00,D:/D drive recovery/Shiva JH/Projects/OneLake Medallion/data/landing/_reference/sellers.parquet,_reference
a69aa24cec11168e7e39a3fbc727e925,06330,carapicuiba,SP,2016-01-01 00:00:00.000000,2026-08-27T05:17:09.287600+00:00,D:/D drive recovery/Shiva JH/Projects/OneLake Medallion/data/landing/_reference/sellers.parquet,_reference
f682e0f848abafc6f41e0d4e868c66ef,07600,mairipora,SP,2016-01-01 00:00:00.000000,2026-08-27T05:17:09.287600+00:00,D:/D drive recovery/Shiva JH/Projects/OneLake Medallion/data/landing/_reference/sellers.parquet,_reference
850f4f8af5ea87287ac68de36e29107f,04367,sao paulo,SP,2016-01-01 00:00:00.000000,2026-08-27T05:17:09.287600+00:00,D:/D drive recovery/Shiva JH/Projects/OneLake Medallion/data/landing/_reference/sellers.parquet,_reference
643214e62b870443ccbe55ab29a4dccf,02134,sao paulo,SP,2016-01-01 00:00:00.000000,2026-08-27T05:17:09.287600+00:00,D:/D drive recovery/Shiva JH/Projects/OneLake Medallion/data/landing/_reference/sellers.parquet,_reference
ce27a3cc3c8cc1ea79d11e561e9bebb6,03006,sao paulo,SP,2016-01-01 00:00:00.000000,2026-08-27T05:17:09.287600+00:00,D:/D drive recovery/Shiva JH/Projects/OneLake Medallion/data/landing/_reference/sellers.parquet,_reference
0241d4d5d36f10f80c644447315af0bd,80330,curitiba,PR,2016-01-01 00:00:00.000000,2026-08-27T05:17:09.287600+00:00,D:/D drive recovery/Shiva JH/Projects/OneLake Medallion/data/landing/_reference/sellers.parquet,_reference
8e8a7ce9f2f970dc00e2acf6f6e199f6,24710,sao goncalo,RJ,2016-01-01 00:00:00.000000,2026-08-27T05:17:09.287600+00:00,D:/D drive recovery/Shiva JH/Projects/OneLake Medallion/data/landing/_reference/sellers.parquet,_reference
8cc6a0e5738e61a87b03c78b2ba9db4b,37795,andradas,MG,2016-01-01 00:00:00.000000,2026-08-27T05:17:09.287600+00:00,D:/D drive recovery/Shiva JH/Projects/OneLake Medallion/data/landing/_reference/sellers.parquet,_reference
c53bcd3be457a342a97e39e5a9f0be22,49980,neopolis,SE,2016-01-01 00:00:00.000000,2026-08-27T05:17:09.287600+00:00,D:/D drive recovery/Shiva JH/Projects/OneLake Medallion/data/landing/_reference/sellers.parquet,_reference
729b2d09b2a0bdab221076327f13d050,17320,mineiros do tiete,SP,2016-01-01 00:00:00.000000,2026-08-27T05:17:09.287600+00:00,D:/D drive recovery/Shiva JH/Projects/OneLake Medallion/data/landing/_reference/sellers.parquet,_reference
30a81d8cf85fb2ada1b1b094c9583a95,03563,sao paulo,SP,2016-01-01 00:00:00.000000,2026-08-27T05:17:09.287600+00:00,D:/D drive recovery/Shiva JH/Projects/OneLake Medallion/data/landing/_reference/sellers.parquet,_reference
3903c788ded8dc03b5ebab37a2f3e9a1,06332,carapicuiba,SP,2016-01-01 00:00:00.000000,2026-08-27T05:17:09.287600+00:00,D:/D drive recovery/Shiva JH/Projects/OneLake Medallion/data/landing/_reference/sellers.parquet,_reference
67bf6941ba2f1fa1d02c375766bc3e53,82400,curitiba,PR,2016-01-01 00:00:00.000000,2026-08-27T05:17:09.287600+00:00,D:/D drive recovery/Shiva JH/Projects/OneLake Medallion/data/landing/_reference/sellers.parquet,_reference
897060da8b9a21f655304d50fd935913,14092,ribeirao preto,SP,2016-01-01 00:00:00.000000,2026-08-27T05:17:09.287600+00:00,D:/D drive recovery/Shiva JH/Projects/OneLake Medallion/data/landing/_reference/sellers.parquet,_reference
14d7985702e72162bbf13b6beb74ab2b,09131,santo andre,SP,2016-01-01 00:00:00.000000,2026-08-27T05:17:09.287600+00:00,D:/D drive recovery/Shiva JH/Projects/OneLake Medallion/data/landing/_reference/sellers.parquet,_reference
9616352088dcf83a7c06637f4ebf1c80,87504,umuarama,PR,2016-01-01 00:00:00.000000,2026-08-27T05:17:09.287600+00:00,D:/D drive recovery/Shiva JH/Projects/OneLake Medallion/data/landing/_reference/sellers.parquet,_reference
97512d3fc193b2d1dfcdba0f9d1f0f8a,08270,sao paulo,SP,2016-01-01 00:00:00.000000,2026-08-27T05:17:09.287600+00:00,D:/D drive recovery/Shiva JH/Projects/OneLake Medallion/data/landing/_reference/sellers.parquet,_reference
520b493b57809f446cb0a233bb3e25c7,11075,santos,SP,2016-01-01 00:00:00.000000,2026-08-27T05:17:09.287600+00:00,D:/D drive recovery/Shiva JH/Projects/OneLake Medallion/data/landing/_reference/sellers.parquet,_reference
da8622b14eb17ae2831f4ac5b9dab84a,13405,piracicaba,SP,2016-01-01 00:00:00.000000,2026-08-27T05:17:09.287600+00:00,D:/D drive recovery/Shiva JH/Projects/OneLake Medallion/data/landing/_reference/sellers.parquet,_reference
fe26f3ecb51a15e6d8335cd92da42562,04365,sao paulo,SP,2016-01-01 00:00:00.000000,2026-08-27T05:17:09.287600+00:00,D:/D drive recovery/Shiva JH/Projects/OneLake Medallion/data/landing/_reference/sellers.parquet,_reference
5f1dc28029d2c244352a68107ec2b542,05126,sao paulo,SP,2016-01-01 00:00:00.000000,2026-08-27T05:17:09.287600+00:00,D:/D drive recovery/Shiva JH/Projects/OneLake Medallion/data/landing/_reference/sellers.parquet,_reference
710e3548e02bc1d2831dfc4f1b5b14d4,86600,rolandia,PR,2016-01-01 00:00:00.000000,2026-08-27T05:17:09.287600+00:00,D:/D drive recovery/Shiva JH/Projects/OneLake Medallion/data/landing/_reference/sellers.parquet,_reference
9d4db00d65d7760644ac0c14edb5fd86,18025,sorocaba,SP,2016-01-01 00:00:00.000000,2026-08-27T05:17:09.287600+00:00,D:/D drive recovery/Shiva JH/Projects/OneLake Medallion/data/landing/_reference/sellers.parquet,_reference
1dcfa3835714681d4ba4a93bc1e0fd41,16200,birigui,SP,2016-01-01 00:00:00.000000,2026-08-27T05:17:09.287600+00:00,D:/D drive recovery/Shiva JH/Projects/OneLake Medallion/data/landing/_reference/sellers.parquet,_reference
1336efc61c316ddf92c899eb817f7cae,19800,assis,SP,2016-01-01 00:00:00.000000,2026-08-27T05:17:09.287600+00:00,D:/D drive recovery/Shiva JH/Projects/OneLake Medallion/data/landing/_reference/sellers.parquet,_reference
620c87c171fb2a6dd6e8bb4dec959fc6,25645,petropolis,RJ,2016-01-01 00:00:00.000000,2026-08-27T05:17:09.287600+00:00,D:/D drive recovery/Shiva JH/Projects/OneLake Medallion/data/landing/_reference/sellers.parquet,_reference
070d165398b553f3b4b851c216b8a358,03916,sao paulo,SP,2016-01-01 00:00:00.000000,2026-08-27T05:17:09.287600+00:00,D:/D drive recovery/Shiva JH/Projects/OneLake Medallion/data/landing/_reference/sellers.parquet,_reference
4c8b8048e33af2bf94f2eb547746a916,14940,ibitinga,SP,2016-01-01 00:00:00.000000,2026-08-27T05:17:09.287600+00:00,D:/D drive recovery/Shiva JH/Projects/OneLake Medallion/data/landing/_reference/sellers.parquet,_reference
88460e8ebdecbfecb5f9601833981930,87030,maringa,PR,2016-01-01 00:00:00.000000,2026-08-27T05:17:09.287600+00:00,D:/D drive recovery/Shiva JH/Projects/OneLake Medallion/data/landing/_reference/sellers.parquet,_reference
7d76b645482be4a332374e8223836592,01511,sao paulo,SP,2016-01-01 00:00:00.000000,2026-08-27T05:17:09.287600+00:00,D:/D drive recovery/Shiva JH/Projects/OneLake Medallion/data/landing/_reference/sellers.parquet,_reference
cac4c8e7b1ca6252d8f20b2fc1a2e4af,13347,indaiatuba,SP,2016-01-01 00:00:00.000000,2026-08-27T05:17:09.287600+00:00,D:/D drive recovery/Shiva JH/Projects/OneLake Medallion/data/landing/_reference/sellers.parquet,_reference
cc63f0dd2acba93ffed4fe9f8e0321fa,15025,sao jose do rio preto,SP,2016-01-01 00:00:00.000000,2026-08-27T05:17:09.287600+00:00,D:/D drive recovery/Shiva JH/Projects/OneLake Medallion/data/landing/_reference/sellers.parquet,_reference
06a2c3af7b3aee5d69171b0e14f0ee87,65072,sao luis,MA,2016-01-01 00:00:00.000000,2026-08-27T05:17:09.287600+00:00,D:/D drive recovery/Shiva JH/Projects/OneLake Medallion/data/landing/_reference/sellers.parquet,_reference
2e90cb1677d35cfe24eef47d441b7c87,02285,sao paulo,SP,2016-01-01 00:00:00.000000,2026-08-27T05:17:09.287600+00:00,D:/D drive recovery/Shiva JH/Projects/OneLake Medallion/data/landing/_reference/sellers.parquet,_reference
adbc26658d6c7b4b6219f9d934598091,81770,curitiba,PR,2016-01-01 00:00:00.000000,2026-08-27T05:17:09.287600+00:00,D:/D drive recovery/Shiva JH/Projects/OneLake Medallion/data/landing/_reference/sellers.parquet,_reference
d05ae8f7a5bd1d2a690a44cd079e4e27,22775,rio de janeiro,RJ,2016-01-01 00:00:00.000000,2026-08-27T05:17:09.287600+00:00,D:/D drive recovery/Shiva JH/Projects/OneLake Medallion/data/landing/_reference/sellers.parquet,_reference
c510bc1718f0f2961eaa42a23330681a,13330,indaiatuba,SP,2016-01-01 00:00:00.000000,2026-08-27T05:17:09.287600+00:00,D:/D drive recovery/Shiva JH/Projects/OneLake Medallion/data/landing/_reference/sellers.parquet,_reference
edd066cd02126d7800f9b66e980e9931,70070,brasilia,DF,2016-01-01 00:00:00.000000,2026-08-27T05:17:09.287600+00:00,D:/D drive recovery/Shiva JH/Projects/OneLake Medallion/data/landing/_reference/sellers.parquet,_reference
2e1c9f22be269ef4643f826c9e650a52,04850,sao paulo,SP,2016-01-01 00:00:00.000000,2026-08-27T05:17:09.287600+00:00,D:/D drive recovery/Shiva JH/Projects/OneLake Medallion/data/landing/_reference/sellers.parquet,_reference
00fc707aaaad2d31347cf883cd2dfe10,87025,maringa,PR,2016-01-01 00:00:00.000000,2026-08-27T05:17:09.287600+00:00,D:/D drive recovery/Shiva JH/Projects/OneLake Medallion/data/landing/_reference/sellers.parquet,_reference
d1c281d3ae149232351cd8c8cc885f0d,14940,ibitinga,SP,2016-01-01 00:00:00.000000,2026-08-27T05:17:09.287600+00:00,D:/D drive recovery/Shiva JH/Projects/OneLake Medallion/data/landing/_reference/sellers.parquet,_reference
f80edd2c5aaa505cc4b0a3b219abf4b8,03431,sao paulo,SP,2016-01-01 00:00:00.000000,2026-08-27T05:17:09.287600+00:00,D:/D drive recovery/Shiva JH/Projects/OneLake Medallion/data/landing/_reference/sellers.parquet,_reference
8629c241b3622ac12cd4118afdc8d394,14090,ribeirao preto,SP,2016-01-01 00:00:00.000000,2026-08-27T05:17:09.287600+00:00,D:/D drive recovery/Shiva JH/Projects/OneLake Medallion/data/landing/_reference/sellers.parquet,_reference
3ade81dab5a172b88e1871c28ae05260,15076,sao jose do rio preto,SP,2016-01-01 00:00:00.000000,2026-08-27T05:17:09.287600+00:00,D:/D drive recovery/Shiva JH/Projects/OneLake Medallion/data/landing/_reference/sellers.parquet,_reference
562fc2f2c2863ab7e79a9e4388a58a14,13070,campinas,SP,2016-01-01 00:00:00.000000,2026-08-27T05:17:09.287600+00:00,D:/D drive recovery/Shiva JH/Projects/OneLake Medallion/data/landing/_reference/sellers.parquet,_reference
960945e1a9535cbc0cd6ddd35fbe7ae8,08290,sao paulo,SP,2016-01-01 00:00:00.000000,2026-08-27T05:17:09.287600+00:00,D:/D drive recovery/Shiva JH/Projects/OneLake Medallion/data/landing/_reference/sellers.parquet,_reference
7e26c750b4cb9f6766f58265ff9ebe95,30270,belo horizonte,MG,2016-01-01 00:00:00.000000,2026-08-27T05:17:09.287600+00:00,D:/D drive recovery/Shiva JH/Projects/OneLake Medallion/data/landing/_reference/sellers.parquet,_reference
5a8e7d5003a1f221f9e1d6e411de7c23,13076,campinas,SP,2016-01-01 00:00:00.000000,2026-08-27T05:17:09.287600+00:00,D:/D drive recovery/Shiva JH/Projects/OneLake Medallion/data/landing/_reference/sellers.parquet,_reference
1352e06ae67b410cdae0b2a22361167b,26051,rio de janeiro,RJ,2016-01-01 00:00:00.000000,2026-08-27T05:17:09.287600+00:00,D:/D drive recovery/Shiva JH/Projects/OneLake Medallion/data/landing/_reference/sellers.parquet,_reference
522620dcb18a6b31cd7bdf73665113a9,85801,cascavel,PR,2016-01-01 00:00:00.000000,2026-08-27T05:17:09.287600+00:00,D:/D drive recovery/Shiva JH/Projects/OneLake Medallion/data/landing/_reference/sellers.parquet,_reference
85d9eb9ddc5d00ca9336a2219c97bb13,31255,belo horizonte,MG,2016-01-01 00:00:00.000000,2026-08-27T05:17:09.287600+00:00,D:/D drive recovery/Shiva JH/Projects/OneLake Medallion/data/landing/_reference/sellers.parquet,_reference
a673821011d0cec28146ea42f5ab767f,03809,sao paulo,SP,2016-01-01 00:00:00.000000,2026-08-27T05:17:09.287600+00:00,D:/D drive recovery/Shiva JH/Projects/OneLake Medallion/data/landing/_reference/sellers.parquet,_reference
11bfa66332777660bd0640ee84d47006,14085,ribeirao preto,SP,2016-01-01 00:00:00.000000,2026-08-27T05:17:09.287600+00:00,D:/D drive recovery/Shiva JH/Projects/OneLake Medallion/data/landing/_reference/sellers.parquet,_reference
141440cad9341e553f8401c574a2aa38,85200,pitanga,PR,2016-01-01 00:00:00.000000,2026-08-27T05:17:09.287600+00:00,D:/D drive recovery/Shiva JH/Projects/OneLake Medallion/data/landing/_reference/sellers.parquet,_reference
dd55f1bb788714a40e7954c3be6df745,01021,sao paulo,SP,2016-01-01 00:00:00.000000,2026-08-27T05:17:09.287600+00:00,D:/D drive recovery/Shiva JH/Projects/OneLake Medallion/data/landing/_reference/sellers.parquet,_reference
9d7a1d34a5052409006425275ba1c2b4,14403,franca,SP,2016-01-01 00:00:00.000000,2026-08-27T05:17:09.287600+00:00,D:/D drive recovery/Shiva JH/Projects/OneLake Medallion/data/landing/_reference/sellers.parquet,_reference
dc4a0fc896dc34b0d5bfec8438291c80,14940,ibitinga,SP,2016-01-01 00:00:00.000000,2026-08-27T05:17:09.287600+00:00,D:/D drive recovery/Shiva JH/Projects/OneLake Medallion/data/landing/_reference/sellers.parquet,_reference
e26901d5ab434ce92fd9b5c256820a4e,09350,maua,SP,2016-01-01 00:00:00.000000,2026-08-27T05:17:09.287600+00:00,D:/D drive recovery/Shiva JH/Projects/OneLake Medallion/data/landing/_reference/sellers.parquet,_reference
a6fe7de3d16f6149ffe280349a8535a0,14401,franca,SP,2016-01-01 00:00:00.000000,2026-08-27T05:17:09.287600+00:00,D:/D drive recovery/Shiva JH/Projects/OneLake Medallion/data/landing/_reference/sellers.parquet,_reference
aac29b1b99776be73c3049939652091d,38408,uberlandia,MG,2016-01-01 00:00:00.000000,2026-08-27T05:17:09.287600+00:00,D:/D drive recovery/Shiva JH/Projects/OneLake Medallion/data/landing/_reference/sellers.parquet,_reference
54a1852d1b8f10312c55e906355666ee,13456,santa barbara d'oeste,SP,2016-01-01 00:00:00.000000,2026-08-27T05:17:09.287600+00:00,D:/D drive recovery/Shiva JH/Projects/OneLake Medallion/data/landing/_reference/sellers.parquet,_reference
c826c40d7b19f62a09e2d7c5e7295ee2,07133,guarulhos,SP,2016-01-01 00:00:00.000000,2026-08-27T05:17:09.287600+00:00,D:/D drive recovery/Shiva JH/Projects/OneLake Medallion/data/landing/_reference/sellers.parquet,_reference
a425f92c199eb576938df686728acd20,81050,curitiba,PR,2016-01-01 00:00:00.000000,2026-08-27T05:17:09.287600+00:00,D:/D drive recovery/Shiva JH/Projects/OneLake Medallion/data/landing/_reference/sellers.parquet,_reference
113e3a788b935f48aad63e1c41dac1bd,12570,aparecida,SP,2016-01-01 00:00:00.000000,2026-08-27T05:17:09.287600+00:00,D:/D drive recovery/Shiva JH/Projects/OneLake Medallion/data/landing/_reference/sellers.parquet,_reference
d12c926d74ceff0a90a21184466ce161,02634,sao paulo,SP,2016-01-01 00:00:00.000000,2026-08-27T05:17:09.287600+00:00,D:/D drive recovery/Shiva JH/Projects/OneLake Medallion/data/landing/_reference/sellers.parquet,_reference
985c92cc412091f8529c12d7f23d3fef,36300,sao joao del rei,MG,2016-01-01 00:00:00.000000,2026-08-27T05:17:09.287600+00:00,D:/D drive recovery/Shiva JH/Projects/OneLake Medallion/data/landing/_reference/sellers.parquet,_reference
ffad1e7127fb622cb64a900751590acd,13465,americana,SP,2016-01-01 00:00:00.000000,2026-08-27T05:17:09.287600+00:00,D:/D drive recovery/Shiva JH/Projects/OneLake Medallion/data/landing/_reference/sellers.parquet,_reference
594f9aaa48e5bf431f011ddc5669b0d5,32185,contagem,MG,2016-01-01 00:00:00.000000,2026-08-27T05:17:09.287600+00:00,D:/D drive recovery/Shiva JH/Projects/OneLake Medallion/data/landing/_reference/sellers.parquet,_reference
f7ccf836d21b2fb1de37564105216cc1,14940,ibitinga,SP,2016-01-01 00:00:00.000000,2026-08-27T05:17:09.287600+00:00,D:/D drive recovery/Shiva JH/Projects/OneLake Medallion/data/landing/_reference/sellers.parquet,_reference
bb135baca94c82fcb731335ad5b04a03,04362,sao paulo,SP,2016-01-01 00:00:00.000000,2026-08-27T05:17:09.287600+00:00,D:/D drive recovery/Shiva JH/Projects/OneLake Medallion/data/landing/_reference/sellers.parquet,_reference
4830e40640734fc1c52cd21127c341d4,03573,sao paulo,SP,2016-01-01 00:00:00.000000,2026-08-27T05:17:09.287600+00:00,D:/D drive recovery/Shiva JH/Projects/OneLake Medallion/data/landing/_reference/sellers.parquet,_reference
dbb9b48c841a0e39e21f98e1a6b2ec3e,03929,sao paulo,SP,2016-01-01 00:00:00.000000,2026-08-27T05:17:09.287600+00:00,D:/D drive recovery/Shiva JH/Projects/OneLake Medallion/data/landing/_reference/sellers.parquet,_reference
72c5da29406b4234927b81855e7b64f6,07077,guarulhos,SP,2016-01-01 00:00:00.000000,2026-08-27T05:17:09.287600+00:00,D:/D drive recovery/Shiva JH/Projects/OneLake Medallion/data/landing/_reference/sellers.parquet,_reference
38e6dada03429a47197d5d584d793b41,04763,sao paulo,SP,2016-01-01 00:00:00.000000,2026-08-27T05:17:09.287600+00:00,D:/D drive recovery/Shiva JH/Projects/OneLake Medallion/data/landing/_reference/sellers.parquet,_reference
5f7300535881cef3b625fd683cf7d145,92020,canoas,RS,2016-01-01 00:00:00.000000,2026-08-27T05:17:09.287600+00:00,D:/D drive recovery/Shiva JH/Projects/OneLake Medallion/data/landing/_reference/sellers.parquet,_reference
0cbcee27c791afa0cdcb08587a2013a8,37410,tres coracoes,MG,2016-01-01 00:00:00.000000,2026-08-27T05:17:09.287600+00:00,D:/D drive recovery/Shiva JH/Projects/OneLake Medallion/data/landing/_reference/sellers.parquet,_reference
3d2531eccfbde1d7c8db7a3a12fb267a,31340,contagem,MG,2016-01-01 00:00:00.000000,2026-08-27T05:17:09.287600+00:00,D:/D drive recovery/Shiva JH/Projects/OneLake Medallion/data/landing/_reference/sellers.parquet,_reference
b1a81260566c1bac3114a6d124413f27,99500,carazinho,RS,2016-01-01 00:00:00.000000,2026-08-27T05:17:09.287600+00:00,D:/D drive recovery/Shiva JH/Projects/OneLake Medallion/data/landing/_reference/sellers.parquet,_reference
cca3071e3e9bb7d12640c9fbe2301306,14940,ibitinga,SP,2016-01-01 00:00:00.000000,2026-08-27T05:17:09.287600+00:00,D:/D drive recovery/Shiva JH/Projects/OneLake Medallion/data/landing/_reference/sellers.parquet,_reference
788e857f317e53de488d393e65a80f45,08280,sao paulo,SP,2016-01-01 00:00:00.000000,2026-08-27T05:17:09.287600+00:00,D:/D drive recovery/Shiva JH/Projects/OneLake Medallion/data/landing/_reference/sellers.parquet,_reference
7f7b8245c336066a1f9933c359f11d77,13800,mogi mirim,SP,2016-01-01 00:00:00.000000,2026-08-27T05:17:09.287600+00:00,D:/D drive recovery/Shiva JH/Projects/OneLake Medallion/data/landing/_reference/sellers.parquet,_reference
8648b1e89e9b349e32d3741b30ec737e,12308,jacarei,SP,2016-01-01 00:00:00.000000,2026-08-27T05:17:09.287600+00:00,D:/D drive recovery/Shiva JH/Projects/OneLake Medallion/data/landing/_reference/sellers.parquet,_reference
d50d79cb34e38265a8649c383dcffd48,08290,sao paulo,SP,2016-01-01 00:00:00.000000,2026-08-27T05:17:09.287600+00:00,D:/D drive recovery/Shiva JH/Projects/OneLake Medallion/data/landing/_reference/sellers.parquet,_reference
f214d28e8d8e3ef068748498ccc2f813,03872,sao paulo,SP,2016-01-01 00:00:00.000000,2026-08-27T05:17:09.287600+00:00,D:/D drive recovery/Shiva JH/Projects/OneLake Medallion/data/landing/_reference/sellers.parquet,_reference
ebd2d60905fb58271facef5596b620d3,18683,lencois paulista,SP,2016-01-01 00:00:00.000000,2026-08-27T05:17:09.287600+00:00,D:/D drive recovery/Shiva JH/Projects/OneLake Medallion/data/landing/_reference/sellers.parquet,_reference
efcd8d2104f1a05d028af7bad20d974b,16012,aracatuba,SP,2016-01-01 00:00:00.000000,2026-08-27T05:17:09.287600+00:00,D:/D drive recovery/Shiva JH/Projects/OneLake Medallion/data/landing/_reference/sellers.parquet,_reference
530ec6109d11eaaf87999465c6afee01,85807,cascavel,PR,2016-01-01 00:00:00.000000,2026-08-27T05:17:09.287600+00:00,D:/D drive recovery/Shiva JH/Projects/OneLake Medallion/data/landing/_reference/sellers.parquet,_reference
0adac9fbd9a2b63cccaac4f8756c1ca8,13290,louveira,SP,2016-01-01 00:00:00.000000,2026-08-27T05:17:09.287600+00:00,D:/D drive recovery/Shiva JH/Projects/OneLake Medallion/data/landing/_reference/sellers.parquet,_reference
6d22a1fcebb6dd08c9cd90b92a93e8d0,89215,joinville,SC,2016-01-01 00:00:00.000000,2026-08-27T05:17:09.287600+00:00,D:/D drive recovery/Shiva JH/Projects/OneLake Medallion/data/landing/_reference/sellers.parquet,_reference
b39d7fe263ef469605dbb32608aee0af,14940,ibitinga,SP,2016-01-01 00:00:00.000000,2026-08-27T05:17:09.287600+00:00,D:/D drive recovery/Shiva JH/Projects/OneLake Medallion/data/landing/_reference/sellers.parquet,_reference
7b0df942f46435babab05d49b744b2c4,12924,braganca paulista,SP,2016-01-01 00:00:00.000000,2026-08-27T05:17:09.287600+00:00,D:/D drive recovery/Shiva JH/Projects/OneLake Medallion/data/landing/_reference/sellers.parquet,_reference
f27e33c6d29b5138fa9967bcd445b6d5,04273,sao paulo,SP,2016-01-01 00:00:00.000000,2026-08-27T05:17:09.287600+00:00,D:/D drive recovery/Shiva JH/Projects/OneLake Medallion/data/landing/_reference/sellers.parquet,_reference
1c40343cc5d18c2d8248ac2f3366de34,13482,limeira,SP,2016-01-01 00:00:00.000000,2026-08-27T05:17:09.287600+00:00,D:/D drive recovery/Shiva JH/Projects/OneLake Medallion/data/landing/_reference/sellers.parquet,_reference
a49928bcdf77c55c6d6e05e09a9b4ca5,03017,sao paulo,SP,2016-01-01 00:00:00.000000,2026-08-27T05:17:09.287600+00:00,D:/D drive recovery/Shiva JH/Projects/OneLake Medallion/data/landing/_reference/sellers.parquet,_reference
0d85bbda9889ce1f7e63778d24f346eb,38414,uberlandia,MG,2016-01-01 00:00:00.000000,2026-08-27T05:17:09.287600+00:00,D:/D drive recovery/Shiva JH/Projects/OneLake Medallion/data/landing/_reference/sellers.parquet,_reference
e6a69c4a27dfdd98ffe5aa757ad744bc,04424,sao paulo,SP,2016-01-01 00:00:00.000000,2026-08-27T05:17:09.287600+00:00,D:/D drive recovery/Shiva JH/Projects/OneLake Medallion/data/landing/_reference/sellers.parquet,_reference
f181738b150df1f37cb0bd72e705b193,06317,carapicuiba,SP,2016-01-01 00:00:00.000000,2026-08-27T05:17:09.287600+00:00,D:/D drive recovery/Shiva JH/Projects/OneLake Medallion/data/landing/_reference/sellers.parquet,_reference
bd4889b5e9133b35b66e42a8665cea5c,02963,sao paulo,SP,2016-01-01 00:00:00.000000,2026-08-27T05:17:09.287600+00:00,D:/D drive recovery/Shiva JH/Projects/OneLake Medallion/data/landing/_reference/sellers.parquet,_reference
d5c530f4884a75ae0dba9c148718d278,35660,centro,MG,2016-01-01 00:00:00.000000,2026-08-27T05:17:09.287600+00:00,D:/D drive recovery/Shiva JH/Projects/OneLake Medallion/data/landing/_reference/sellers.parquet,_reference
9de4643a8dbde634fe55621059d92273,89225,joinville,SC,2016-01-01 00:00:00.000000,2026-08-27T05:17:09.287600+00:00,D:/D drive recovery/Shiva JH/Projects/OneLake Medallion/data/landing/_reference/sellers.parquet,_reference
3be634553519fb6536a03e1358e9fdc7,08275,sao paulo,SP,2016-01-01 00:00:00.000000,2026-08-27T05:17:09.287600+00:00,D:/D drive recovery/Shiva JH/Projects/OneLake Medallion/data/landing/_reference/sellers.parquet,_reference
23d7c96d4a1160db1c726b248601b25a,13360,capivari,SP,2016-01-01 00:00:00.000000,2026-08-27T05:17:09.287600+00:00,D:/D drive recovery/Shiva JH/Projects/OneLake Medallion/data/landing/_reference/sellers.parquet,_reference
e883aa812c37a7413226856f4579fe91,06696,itapevi,SP,2016-01-01 00:00:00.000000,2026-08-27T05:17:09.287600+00:00,D:/D drive recovery/Shiva JH/Projects/OneLake Medallion/data/landing/_reference/sellers.parquet,_reference
c0563dd588b775f2e37747ef6ad6c92c,09220,santo andre,SP,2016-01-01 00:00:00.000000,2026-08-27T05:17:09.287600+00:00,D:/D drive recovery/Shiva JH/Projects/OneLake Medallion/data/landing/_reference/sellers.parquet,_reference
91f848e9f4be368f4318775aac733370,03029,sao paulo,SP,2016-01-01 00:00:00.000000,2026-08-27T05:17:09.287600+00:00,D:/D drive recovery/Shiva JH/Projects/OneLake Medallion/data/landing/_reference/sellers.parquet,_reference
7a67c85e85bb2ce8582c35f2203ad736,03426,sao paulo,SP,2016-01-01 00:00:00.000000,2026-08-27T05:17:09.287600+00:00,D:/D drive recovery/Shiva JH/Projects/OneLake Medallion/data/landing/_reference/sellers.parquet,_reference
d20b021d3efdf267a402c402a48ea64b,14940,ibitinga,SP,2016-01-01 00:00:00.000000,2026-08-27T05:17:09.287600+00:00,D:/D drive recovery/Shiva JH/Projects/OneLake Medallion/data/landing/_reference/sellers.parquet,_reference
0ea22c1cfbdc755f86b9b54b39c16043,35700,sete lagoas,MG,2016-01-01 00:00:00.000000,2026-08-27T05:17:09.287600+00:00,D:/D drive recovery/Shiva JH/Projects/OneLake Medallion/data/landing/_reference/sellers.parquet,_reference
fffd5413c0700ac820c7069d66d98c89,13908,amparo,SP,2016-01-01 00:00:00.000000,2026-08-27T05:17:09.287600+00:00,D:/D drive recovery/Shiva JH/Projects/OneLake Medallion/data/landing/_reference/sellers.parquet,_reference
712e6ed8aa4aa1fa65dab41fed5737e4,89560,videira,SC,2016-01-01 00:00:00.000000,2026-08-27T05:17:09.287600+00:00,D:/D drive recovery/Shiva JH/Projects/OneLake Medallion/data/landing/_reference/sellers.parquet,_reference
0b35c634521043bf4b47e21547b99ab5,84530,teixeira soares,PR,2016-01-01 00:00:00.000000,2026-08-27T05:17:09.287600+00:00,D:/D drive recovery/Shiva JH/Projects/OneLake Medallion/data/landing/_reference/sellers.parquet,_reference
edb1ef5e36e0c8cd84eb3c9b003e486d,25957,teresopolis,RJ,2016-01-01 00:00:00.000000,2026-08-27T05:17:09.287600+00:00,D:/D drive recovery/Shiva JH/Projects/OneLake Medallion/data/landing/_reference/sellers.parquet,_reference
3c7c4a49ec3c6550809089c6a2ca9370,03804,sao paulo,SP,2016-01-01 00:00:00.000000,2026-08-27T05:17:09.287600+00:00,D:/D drive recovery/Shiva JH/Projects/OneLake Medallion/data/landing/_reference/sellers.parquet,_reference
822bad9bc42b51213ba522fe87b7ab5d,88330,balneario camboriu,SC,2016-01-01 00:00:00.000000,2026-08-27T05:17:09.287600+00:00,D:/D drive recovery/Shiva JH/Projects/OneLake Medallion/data/landing/_reference/sellers.parquet,_reference
48162d548f5b1b11b9d29d1e01f75a61,13403,piracicaba,SP,2016-01-01 00:00:00.000000,2026-08-27T05:17:09.287600+00:00,D:/D drive recovery/Shiva JH/Projects/OneLake Medallion/data/landing/_reference/sellers.parquet,_reference
1992f8fb6b19fcccd97ca819811e7267,01403,sao paulo,SP,2016-01-01 00:00:00.000000,2026-08-27T05:17:09.287600+00:00,D:/D drive recovery/Shiva JH/Projects/OneLake Medallion/data/landing/_reference/sellers.parquet,_reference
9646c3513289980f17226a2fc4720dbd,12215,sao jose dos campos,SP,2016-01-01 00:00:00.000000,2026-08-27T05:17:09.287600+00:00,D:/D drive recovery/Shiva JH/Projects/OneLake Medallion/data/landing/_reference/sellers.parquet,_reference
36a968b544695394e4e9d7572688598f,11010,santos,SP,2016-01-01 00:00:00.000000,2026-08-27T05:17:09.287600+00:00,D:/D drive recovery/Shiva JH/Projects/OneLake Medallion/data/landing/_reference/sellers.parquet,_reference
5721089ba9214e80074f27d5a03fc0eb,01408,sao paulo,SP,2016-01-01 00:00:00.000000,2026-08-27T05:17:09.287600+00:00,D:/D drive recovery/Shiva JH/Projects/OneLake Medallion/data/landing/_reference/sellers.parquet,_reference
8160255418d5aaa7dbdc9f4c64ebda44,14940,ibitinga,SP,2016-01-01 00:00:00.000000,2026-08-27T05:17:09.287600+00:00,D:/D drive recovery/Shiva JH/Projects/OneLake Medallion/data/landing/_reference/sellers.parquet,_reference
4c03b9dd4c11ee2cb35c96c49efc9420,13232,campo limpo paulista,SP,2016-01-01 00:00:00.000000,2026-08-27T05:17:09.287600+00:00,D:/D drive recovery/Shiva JH/Projects/OneLake Medallion/data/landing/_reference/sellers.parquet,_reference
bbad7e518d7af88a0897397ffdca1979,01512,sao paulo,SP,2016-01-01 00:00:00.000000,2026-08-27T05:17:09.287600+00:00,D:/D drive recovery/Shiva JH/Projects/OneLake Medallion/data/landing/_reference/sellers.parquet,_reference
99a54764c341d5dc80b4a8fac4eba3fb,03273,sao paulo,SP,2016-01-01 00:00:00.000000,2026-08-27T05:17:09.287600+00:00,D:/D drive recovery/Shiva JH/Projects/OneLake Medallion/data/landing/_reference/sellers.parquet,_reference
282f23a9769b2690c5dda22e316f9941,31573,belo horizonte,MG,2016-01-01 00:00:00.000000,2026-08-27T05:17:09.287600+00:00,D:/D drive recovery/Shiva JH/Projects/OneLake Medallion/data/landing/_reference/sellers.parquet,_reference
d03698c2efd04a549382afa6623e27fb,45658,ilheus,BA,2016-01-01 00:00:00.000000,2026-08-27T05:17:09.287600+00:00,D:/D drive recovery/Shiva JH/Projects/OneLake Medallion/data/landing/_reference/sellers.parquet,_reference
b274baf5bbd142410eb2958cf685d684,95780,montenegro,RS,2016-01-01 00:00:00.000000,2026-08-27T05:17:09.287600+00:00,D:/D drive recovery/Shiva JH/Projects/OneLake Medallion/data/landing/_reference/sellers.parquet,_reference
b1fc4f64df5a0e8b6913ab38803c57a9,24440,sao goncalo,RJ,2016-01-01 00:00:00.000000,2026-08-27T05:17:09.287600+00:00,D:/D drive recovery/Shiva JH/Projects/OneLake Medallion/data/landing/_reference/sellers.parquet,_reference
a7f13822ceb966b076af67121f87b063,08577,itaquaquecetuba,SP,2016-01-01 00:00:00.000000,2026-08-27T05:17:09.287600+00:00,D:/D drive recovery/Shiva JH/Projects/OneLake Medallion/data/landing/_reference/sellers.parquet,_reference
f0e103c63864d5405b958d984b6e94c9,06150,osasco,SP,2016-01-01 00:00:00.000000,2026-08-27T05:17:09.287600+00:00,D:/D drive recovery/Shiva JH/Projects/OneLake Medallion/data/landing/_reference/sellers.parquet,_reference
80e6699fe29150b372a0c8a1ebf7dcc8,83323,pinhais,PR,2016-01-01 00:00:00.000000,2026-08-27T05:17:09.287600+00:00,D:/D drive recovery/Shiva JH/Projects/OneLake Medallion/data/landing/_reference/sellers.parquet,_reference
a2deecd5398f5df4987110c80a1972a3,05043,sao paulo,SP,2016-01-01 00:00:00.000000,2026-08-27T05:17:09.287600+00:00,D:/D drive recovery/Shiva JH/Projects/OneLake Medallion/data/landing/_reference/sellers.parquet,_reference
c003204e1ab016dfa150abc119207b24,07790,cajamar,SP,2016-01-01 00:00:00.000000,2026-08-27T05:17:09.287600+00:00,D:/D drive recovery/Shiva JH/Projects/OneLake Medallion/data/landing/_reference/sellers.parquet,_reference
5656537e588803a555b8eb41f07a944b,72015,brasilia,DF,2016-01-01 00:00:00.000000,2026-08-27T05:17:09.287600+00:00,D:/D drive recovery/Shiva JH/Projects/OneLake Medallion/data/landing/_reference/sellers.parquet,_reference
b8bc237ba3788b23da09c0f1f3a3288c,88303,itajai,SC,2016-01-01 00:00:00.000000,2026-08-27T05:17:09.287600+00:00,D:/D drive recovery/Shiva JH/Projects/OneLake Medallion/data/landing/_reference/sellers.parquet,_reference
de23c3b98a88888289c6f5cc1209054a,05530,sao paulo,SP,2016-01-01 00:00:00.000000,2026-08-27T05:17:09.287600+00:00,D:/D drive recovery/Shiva JH/Projects/OneLake Medallion/data/landing/_reference/sellers.parquet,_reference
fe49ee029e61e789a1f3a5525f57ba8d,06018,osasco,SP,2016-01-01 00:00:00.000000,2026-08-27T05:17:09.287600+00:00,D:/D drive recovery/Shiva JH/Projects/OneLake Medallion/data/landing/_reference/sellers.parquet,_reference
5dceca129747e92ff8ef7a997dc4f8ca,13450,santa barbara d´oeste,SP,2016-01-01 00:00:00.000000,2026-08-27T05:17:09.287600+00:00,D:/D drive recovery/Shiva JH/Projects/OneLake Medallion/data/landing/_reference/sellers.parquet,_reference
e1dc0754bada9ee4cfe9713f22f61292,25035,duque de caxias,RJ,2016-01-01 00:00:00.000000,2026-08-27T05:17:09.287600+00:00,D:/D drive recovery/Shiva JH/Projects/OneLake Medallion/data/landing/_reference/sellers.parquet,_reference
2bf28e311bba65237358230cabac3f15,86047,londrina,PR,2016-01-01 00:00:00.000000,2026-08-27T05:17:09.287600+00:00,D:/D drive recovery/Shiva JH/Projects/OneLake Medallion/data/landing/_reference/sellers.parquet,_reference
3d871de0142ce09b7081e2b9d1733cb1,13232,campo limpo paulista,SP,2016-01-01 00:00:00.000000,2026-08-27T05:17:09.287600+00:00,D:/D drive recovery/Shiva JH/Projects/OneLake Medallion/data/landing/_reference/sellers.parquet,_reference
51e4e89242cbb846c2deff3dc015650e,96203,rio grande,RS,2016-01-01 00:00:00.000000,2026-08-27T05:17:09.287600+00:00,D:/D drive recovery/Shiva JH/Projects/OneLake Medallion/data/landing/_reference/sellers.parquet,_reference
86ccac0b835037332a596a33b6949ee1,89041,blumenau,SC,2016-01-01 00:00:00.000000,2026-08-27T05:17:09.287600+00:00,D:/D drive recovery/Shiva JH/Projects/OneLake Medallion/data/landing/_reference/sellers.parquet,_reference
1bb2bdb95f4841f1bba2c0d2cd83d3c9,01257,sao paulo,SP,2016-01-01 00:00:00.000000,2026-08-27T05:17:09.287600+00:00,D:/D drive recovery/Shiva JH/Projects/OneLake Medallion/data/landing/_reference/sellers.parquet,_reference
670c26e0f1bf8d0576271d5cfaec6d2b,87025,maringa,PR,2016-01-01 00:00:00.000000,2026-08-27T05:17:09.287600+00:00,D:/D drive recovery/Shiva JH/Projects/OneLake Medallion/data/landing/_reference/sellers.parquet,_reference
f4aba7c0bca51484c30ab7bdc34bcdd1,01031,sao paulo,SP,2016-01-01 00:00:00.000000,2026-08-27T05:17:09.287600+00:00,D:/D drive recovery/Shiva JH/Projects/OneLake Medallion/data/landing/_reference/sellers.parquet,_reference
e0878efa0e0b7e5313ac0b43bc04c081,80230,curitiba,PR,2016-01-01 00:00:00.000000,2026-08-27T05:17:09.287600+00:00,D:/D drive recovery/Shiva JH/Projects/OneLake Medallion/data/landing/_reference/sellers.parquet,_reference
e9d99831abad74458942f21e16f33f92,03542,sao paulo,SP,2016-01-01 00:00:00.000000,2026-08-27T05:17:09.287600+00:00,D:/D drive recovery/Shiva JH/Projects/OneLake Medallion/data/landing/_reference/sellers.parquet,_reference
eed78ac17f7f795a19a709745f00cd4e,18608,botucatu,SP,2016-01-01 00:00:00.000000,2026-08-27T05:17:09.287600+00:00,D:/D drive recovery/Shiva JH/Projects/OneLake Medallion/data/landing/_reference/sellers.parquet,_reference
a2e874074c877c5a05abae80ad6e488f,15070,sao jose do rio preto,SP,2016-01-01 00:00:00.000000,2026-08-27T05:17:09.287600+00:00,D:/D drive recovery/Shiva JH/Projects/OneLake Medallion/data/landing/_reference/sellers.parquet,_reference
abcd2cb37d46c2c8fb1bf071c859fc5b,78020,cuiaba,MT,2016-01-01 00:00:00.000000,2026-08-27T05:17:09.287600+00:00,D:/D drive recovery/Shiva JH/Projects/OneLake Medallion/data/landing/_reference/sellers.parquet,_reference
0bb738e4d789e63e2267697c42d35a2d,18130,sao roque,SP,2016-01-01 00:00:00.000000,2026-08-27T05:17:09.287600+00:00,D:/D drive recovery/Shiva JH/Projects/OneLake Medallion/data/landing/_reference/sellers.parquet,_reference
325f3178fb58e2a9778334621eecdbf9,06790,taboao da serra,SP,2016-01-01 00:00:00.000000,2026-08-27T05:17:09.287600+00:00,D:/D drive recovery/Shiva JH/Projects/OneLake Medallion/data/landing/_reference/sellers.parquet,_reference
8c16d1f32a54d92897cc437244442e1b,89023,blumenau,SC,2016-01-01 00:00:00.000000,2026-08-27T05:17:09.287600+00:00,D:/D drive recovery/Shiva JH/Projects/OneLake Medallion/data/landing/_reference/sellers.parquet,_reference
f5a590cf36251cf1162ea35bef76fe84,09720,sao bernardo do campo,SP,2016-01-01 00:00:00.000000,2026-08-27T05:17:09.287600+00:00,D:/D drive recovery/Shiva JH/Projects/OneLake Medallion/data/landing/_reference/sellers.parquet,_reference
1e8b33f18b4f7598d87f5cbee2282cc2,02066,sao paulo,SP,2016-01-01 00:00:00.000000,2026-08-27T05:17:09.287600+00:00,D:/D drive recovery/Shiva JH/Projects/OneLake Medallion/data/landing/_reference/sellers.parquet,_reference
1da3aeb70d7989d1e6d9b0e887f97c23,04265,sao paulo,SP,2016-01-01 00:00:00.000000,2026-08-27T05:17:09.287600+00:00,D:/D drive recovery/Shiva JH/Projects/OneLake Medallion/data/landing/_reference/sellers.parquet,_reference
5b67882648febfb6e1225e6ad7164f6b,87502,umuarama,PR,2016-01-01 00:00:00.000000,2026-08-27T05:17:09.287600+00:00,D:/D drive recovery/Shiva JH/Projects/OneLake Medallion/data/landing/_reference/sellers.parquet,_reference
53e4c6e0f4312d4d2107a8c9cddf45cd,13920,pedreira,SP,2016-01-01 00:00:00.000000,2026-08-27T05:17:09.287600+00:00,D:/D drive recovery/Shiva JH/Projects/OneLake Medallion/data/landing/_reference/sellers.parquet,_reference
0509040ea3fe50071181bbc359eb7738,31710,belo horizonte,MG,2016-01-01 00:00:00.000000,2026-08-27T05:17:09.287600+00:00,D:/D drive recovery/Shiva JH/Projects/OneLake Medallion/data/landing/_reference/sellers.parquet,_reference
bba74270a87732727b5a3b4fd9ac1c39,32604,betim,MG,2016-01-01 00:00:00.000000,2026-08-27T05:17:09.287600+00:00,D:/D drive recovery/Shiva JH/Projects/OneLake Medallion/data/landing/_reference/sellers.parquet,_reference
bd4ff04377f974574f7f0bf9d6ce7dde,17370,santa maria da serra,SP,2016-01-01 00:00:00.000000,2026-08-27T05:17:09.287600+00:00,D:/D drive recovery/Shiva JH/Projects/OneLake Medallion/data/landing/_reference/sellers.parquet,_reference
83645b1645cdee8953ee54c29ceed564,85875,santa terezinha de itaipu,PR,2016-01-01 00:00:00.000000,2026-08-27T05:17:09.287600+00:00,D:/D drive recovery/Shiva JH/Projects/OneLake Medallion/data/landing/_reference/sellers.parquet,_reference
5cf13accae3222c70a9cac40818ae839,38700,patos de minas,MG,2016-01-01 00:00:00.000000,2026-08-27T05:17:09.287600+00:00,D:/D drive recovery/Shiva JH/Projects/OneLake Medallion/data/landing/_reference/sellers.parquet,_reference
96804ea39d96eb908e7c3afdb671bb9e,38950,ibia,MG,2016-01-01 00:00:00.000000,2026-08-27T05:17:09.287600+00:00,D:/D drive recovery/Shiva JH/Projects/OneLake Medallion/data/landing/_reference/sellers.parquet,_reference
57c764b4a836300be881e2ff86e449f9,14021,ribeirao preto,SP,2016-01-01 00:00:00.000000,2026-08-27T05:17:09.287600+00:00,D:/D drive recovery/Shiva JH/Projects/OneLake Medallion/data/landing/_reference/sellers.parquet,_reference
e627629ba868740e287800f1a9be81c2,01421,sao paulo,SP,2016-01-01 00:00:00.000000,2026-08-27T05:17:09.287600+00:00,D:/D drive recovery/Shiva JH/Projects/OneLake Medallion/data/landing/_reference/sellers.parquet,_reference
9c3a1c416c765687bc79a04113269929,35547,carmo da mata,MG,2016-01-01 00:00:00.000000,2026-08-27T05:17:09.287600+00:00,D:/D drive recovery/Shiva JH/Projects/OneLake Medallion/data/landing/_reference/sellers.parquet,_reference
ac3508719a1d8f5b7614b798f70af136,92030,canoas,RS,2016-01-01 00:00:00.000000,2026-08-27T05:17:09.287600+00:00,D:/D drive recovery/Shiva JH/Projects/OneLake Medallion/data/landing/_reference/sellers.parquet,_reference
4a3ca9315b744ce9f8e9374361493884,14940,ibitinga,SP,2016-01-01 00:00:00.000000,2026-08-27T05:17:09.287600+00:00,D:/D drive recovery/Shiva JH/Projects/OneLake Medallion/data/landing/_reference/sellers.parquet,_reference
6d988d6174a2c27441597174f8905515,87070,maringa,PR,2016-01-01 00:00:00.000000,2026-08-27T05:17:09.287600+00:00,D:/D drive recovery/Shiva JH/Projects/OneLake Medallion/data/landing/_reference/sellers.parquet,_reference
634964b17796e64304cadf1ad3050fb7,21840,rio de janeiro,RJ,2016-01-01 00:00:00.000000,2026-08-27T05:17:09.287600+00:00,D:/D drive recovery/Shiva JH/Projects/OneLake Medallion/data/landing/_reference/sellers.parquet,_reference
bccf933e006e9b94a6184af782963e77,19806,assis,SP,2016-01-01 00:00:00.000000,2026-08-27T05:17:09.287600+00:00,D:/D drive recovery/Shiva JH/Projects/OneLake Medallion/data/landing/_reference/sellers.parquet,_reference
b33e7c55446eabf8fe1a42d037ac7d6d,14850,pradopolis,SP,2016-01-01 00:00:00.000000,2026-08-27T05:17:09.287600+00:00,D:/D drive recovery/Shiva JH/Projects/OneLake Medallion/data/landing/_reference/sellers.parquet,_reference
218d46b86c1881d022bce9c68a7d4b15,14070,ribeirao preto,SP,2016-01-01 00:00:00.000000,2026-08-27T05:17:09.287600+00:00,D:/D drive recovery/Shiva JH/Projects/OneLake Medallion/data/landing/_reference/sellers.parquet,_reference
813348c996469b40f2e028d5429d3495,13206,jundiai,SP,2016-01-01 00:00:00.000000,2026-08-27T05:17:09.287600+00:00,D:/D drive recovery/Shiva JH/Projects/OneLake Medallion/data/landing/_reference/sellers.parquet,_reference
b7cc6c5e001441ae8cdd5c69a480cbe4,89520,curitibanos,SC,2016-01-01 00:00:00.000000,2026-08-27T05:17:09.287600+00:00,D:/D drive recovery/Shiva JH/Projects/OneLake Medallion/data/landing/_reference/sellers.parquet,_reference
670a9dda115b5a88b18cfadee8de2332,14096,ribeirao preto,SP,2016-01-01 00:00:00.000000,2026-08-27T05:17:09.287600+00:00,D:/D drive recovery/Shiva JH/Projects/OneLake Medallion/data/landing/_reference/sellers.parquet,_reference
cce6ab8d1682639fe45ab70234f1665f,81020,curitiba,SP,2016-01-01 00:00:00.000000,2026-08-27T05:17:09.287600+00:00,D:/D drive recovery/Shiva JH/Projects/OneLake Medallion/data/landing/_reference/sellers.parquet,_reference
8e6cc767478edae941d9bd9eb778d77a,38442,araguari,MG,2016-01-01 00:00:00.000000,2026-08-27T05:17:09.287600+00:00,D:/D drive recovery/Shiva JH/Projects/OneLake Medallion/data/landing/_reference/sellers.parquet,_reference
f5b44895715ddfe3087dc414f30268f3,18017,sorocaba,SP,2016-01-01 00:00:00.000000,2026-08-27T05:17:09.287600+00:00,D:/D drive recovery/Shiva JH/Projects/OneLake Medallion/data/landing/_reference/sellers.parquet,_reference
c9e5ad1f6647f5dbd1172adf6ae3cada,90240,porto alegre,RS,2016-01-01 00:00:00.000000,2026-08-27T05:17:09.287600+00:00,D:/D drive recovery/Shiva JH/Projects/OneLake Medallion/data/landing/_reference/sellers.parquet,_reference
0b18d63d0cd1d723567903fd34a07df2,05141,sp,SP,2016-01-01 00:00:00.000000,2026-08-27T05:17:09.287600+00:00,D:/D drive recovery/Shiva JH/Projects/OneLake Medallion/data/landing/_reference/sellers.parquet,_reference
117cfc326c6d50da67ca858ff5c0c852,25530,sao joao de meriti,RJ,2016-01-01 00:00:00.000000,2026-08-27T05:17:09.287600+00:00,D:/D drive recovery/Shiva JH/Projects/OneLake Medallion/data/landing/_reference/sellers.parquet,_reference
2953ce3a88f5e3c3b696d77fc9e4c8eb,04270,sao paulo,SP,2016-01-01 00:00:00.000000,2026-08-27T05:17:09.287600+00:00,D:/D drive recovery/Shiva JH/Projects/OneLake Medallion/data/landing/_reference/sellers.parquet,_reference
8b28d096634035667e8263d57ba3368c,12243,sao jose dos campos,SP,2016-01-01 00:00:00.000000,2026-08-27T05:17:09.287600+00:00,D:/D drive recovery/Shiva JH/Projects/OneLake Medallion/data/landing/_reference/sellers.parquet,_reference
4371b634e0efc0e22b09b52907d9d469,02028,sao paulo,SP,2016-01-01 00:00:00.000000,2026-08-27T05:17:09.287600+00:00,D:/D drive recovery/Shiva JH/Projects/OneLake Medallion/data/landing/_reference/sellers.parquet,_reference
26785a546900236d66f2e4197c211158,08430,sao paulo,SP,2016-01-01 00:00:00.000000,2026-08-27T05:17:09.287600+00:00,D:/D drive recovery/Shiva JH/Projects/OneLake Medallion/data/landing/_reference/sellers.parquet,_reference
8f2ce03f928b567e3d56181ae20ae952,05141,pirituba,SP,2016-01-01 00:00:00.000000,2026-08-27T05:17:09.287600+00:00,D:/D drive recovery/Shiva JH/Projects/OneLake Medallion/data/landing/_reference/sellers.parquet,_reference
e24fc9fcd865784fb25705606fe3dfe7,12913,braganca paulista,SP,2016-01-01 00:00:00.000000,2026-08-27T05:17:09.287600+00:00,D:/D drive recovery/Shiva JH/Projects/OneLake Medallion/data/landing/_reference/sellers.parquet,_reference
900ba814c251a692506d7834c1218441,13328,salto,SP,2016-01-01 00:00:00.000000,2026-08-27T05:17:09.287600+00:00,D:/D drive recovery/Shiva JH/Projects/OneLake Medallion/data/landing/_reference/sellers.parquet,_reference
afe0067131b73e40875c9b6c10bd2e21,35590,lagoa da prata,MG,2016-01-01 00:00:00.000000,2026-08-27T05:17:09.287600+00:00,D:/D drive recovery/Shiva JH/Projects/OneLake Medallion/data/landing/_reference/sellers.parquet,_reference
542917da124346b47ea1ac79a93ce454,82560,curitiba,PR,2016-01-01 00:00:00.000000,2026-08-27T05:17:09.287600+00:00,D:/D drive recovery/Shiva JH/Projects/OneLake Medallion/data/landing/_reference/sellers.parquet,_reference
8a32e327fe2c1b3511609d81aaf9f042,02443,sao paulo,SP,2016-01-01 00:00:00.000000,2026-08-27T05:17:09.287600+00:00,D:/D drive recovery/Shiva JH/Projects/OneLake Medallion/data/landing/_reference/sellers.parquet,_reference
d23019c84ffae2d5ef2270367b8605fc,86073,londrina,PR,2016-01-01 00:00:00.000000,2026-08-27T05:17:09.287600+00:00,D:/D drive recovery/Shiva JH/Projects/OneLake Medallion/data/landing/_reference/sellers.parquet,_reference
4a1f694197d05fe70026b016a7316b41,13920,pedreira,SP,2016-01-01 00:00:00.000000,2026-08-27T05:17:09.287600+00:00,D:/D drive recovery/Shiva JH/Projects/OneLake Medallion/data/landing/_reference/sellers.parquet,_reference
a44fb5a447105f8469bdf16bf9159f25,91920,porto alegre,RS,2016-01-01 00:00:00.000000,2026-08-27T05:17:09.287600+00:00,D:/D drive recovery/Shiva JH/Projects/OneLake Medallion/data/landing/_reference/sellers.parquet,_reference
4869f7a5dfa277a7dca6462dcf3b52b2,14840,guariba,SP,2016-01-01 00:00:00.000000,2026-08-27T05:17:09.287600+00:00,D:/D drive recovery/Shiva JH/Projects/OneLake Medallion/data/landing/_reference/sellers.parquet,_reference
37515688008a7a40ac93e3b2e4ab203f,17900,dracena,SP,2016-01-01 00:00:00.000000,2026-08-27T05:17:09.287600+00:00,D:/D drive recovery/Shiva JH/Projects/OneLake Medallion/data/landing/_reference/sellers.parquet,_reference
23ca5f678e0b3ea6c630b30fa8bf51ea,02839,sao paulo,SP,2016-01-01 00:00:00.000000,2026-08-27T05:17:09.287600+00:00,D:/D drive recovery/Shiva JH/Projects/OneLake Medallion/data/landing/_reference/sellers.parquet,_reference
080102cd0a76b09e0dcf55fcacc60e05,31140,belo horizonte,MG,2016-01-01 00:00:00.000000,2026-08-27T05:17:09.287600+00:00,D:/D drive recovery/Shiva JH/Projects/OneLake Medallion/data/landing/_reference/sellers.parquet,_reference
17306570e772e7718c92a562d33f5f1d,17250,bariri,SP,2016-01-01 00:00:00.000000,2026-08-27T05:17:09.287600+00:00,D:/D drive recovery/Shiva JH/Projects/OneLake Medallion/data/landing/_reference/sellers.parquet,_reference
244c2f1bff6afe1f2eaf9bfe9b2aed38,08832,mogi das cruzes,SP,2016-01-01 00:00:00.000000,2026-08-27T05:17:09.287600+00:00,D:/D drive recovery/Shiva JH/Projects/OneLake Medallion/data/landing/_reference/sellers.parquet,_reference
71039d19d4303bf9054d69e9a9236699,03018,sao paulo,SP,2016-01-01 00:00:00.000000,2026-08-27T05:17:09.287600+00:00,D:/D drive recovery/Shiva JH/Projects/OneLake Medallion/data/landing/_reference/sellers.parquet,_reference
4d6d651bd7684af3fffabd5f08d12e5a,17209,jau,SP,2016-01-01 00:00:00.000000,2026-08-27T05:17:09.287600+00:00,D:/D drive recovery/Shiva JH/Projects/OneLake Medallion/data/landing/_reference/sellers.parquet,_reference
b76dba6c951ab00dc4edf0a1aa88037e,03237,sao paulo,SP,2016-01-01 00:00:00.000000,2026-08-27T05:17:09.287600+00:00,D:/D drive recovery/Shiva JH/Projects/OneLake Medallion/data/landing/_reference/sellers.parquet,_reference
b4ffb71f0cb1b1c3d63fad021ecf93e1,03880,sao paulo,SP,2016-01-01 00:00:00.000000,2026-08-27T05:17:09.287600+00:00,D:/D drive recovery/Shiva JH/Projects/OneLake Medallion/data/landing/_reference/sellers.parquet,_reference
165b1235e9e9942cb5fae67103576fb0,14020,ribeirao preto,SP,2016-01-01 00:00:00.000000,2026-08-27T05:17:09.287600+00:00,D:/D drive recovery/Shiva JH/Projects/OneLake Medallion/data/landing/_reference/sellers.parquet,_reference
974cf2cb8f4b7add98709c30df02fe10,14802,araraquara,SP,2016-01-01 00:00:00.000000,2026-08-27T05:17:09.287600+00:00,D:/D drive recovery/Shiva JH/Projects/OneLake Medallion/data/landing/_reference/sellers.parquet,_reference
4a3ccda38b2129705f3fb522db62ca31,17504,marilia,SP,2016-01-01 00:00:00.000000,2026-08-27T05:17:09.287600+00:00,D:/D drive recovery/Shiva JH/Projects/OneLake Medallion/data/landing/_reference/sellers.parquet,_reference
5b85809efd0d0e4dea1a9544e1280ed9,19020,presidente prudente,SP,2016-01-01 00:00:00.000000,2026-08-27T05:17:09.287600+00:00,D:/D drive recovery/Shiva JH/Projects/OneLake Medallion/data/landing/_reference/sellers.parquet,_reference
34056b8b55c1775a22af2331670a799c,16304,penapolis,SP,2016-01-01 00:00:00.000000,2026-08-27T05:17:09.287600+00:00,D:/D drive recovery/Shiva JH/Projects/OneLake Medallion/data/landing/_reference/sellers.parquet,_reference
23c38debaffe4a25a30fdbd9b586a13f,18110,votorantim,SP,2016-01-01 00:00:00.000000,2026-08-27T05:17:09.287600+00:00,D:/D drive recovery/Shiva JH/Projects/OneLake Medallion/data/landing/_reference/sellers.parquet,_reference
c9c7905cffc4ef9ff9f113554423e671,06871,itapecerica da serra,SP,2016-01-01 00:00:00.000000,2026-08-27T05:17:09.287600+00:00,D:/D drive recovery/Shiva JH/Projects/OneLake Medallion/data/landing/_reference/sellers.parquet,_reference
abc015ebac1d283a323ca9db35ede4b9,14055,ribeirao preto,SP,2016-01-01 00:00:00.000000,2026-08-27T05:17:09.287600+00:00,D:/D drive recovery/Shiva JH/Projects/OneLake Medallion/data/landing/_reference/sellers.parquet,_reference
e5e33c0d8e7e002f398f5dc4cbbb338f,17032,bauru,SP,2016-01-01 00:00:00.000000,2026-08-27T05:17:09.287600+00:00,D:/D drive recovery/Shiva JH/Projects/OneLake Medallion/data/landing/_reference/sellers.parquet,_reference
57e632711dec9ec14ca7546769483e7e,88372,navegantes,SC,2016-01-01 00:00:00.000000,2026-08-27T05:17:09.287600+00:00,D:/D drive recovery/Shiva JH/Projects/OneLake Medallion/data/landing/_reference/sellers.parquet,_reference
cb3dd9ce66268c7a3ca7241ac70ab58c,03028,sao paulo,SP,2016-01-01 00:00:00.000000,2026-08-27T05:17:09.287600+00:00,D:/D drive recovery/Shiva JH/Projects/OneLake Medallion/data/landing/_reference/sellers.parquet,_reference
094ced053e257ae8cae57205592d6712,14095,ribeirao preto,SP,2016-01-01 00:00:00.000000,2026-08-27T05:17:09.287600+00:00,D:/D drive recovery/Shiva JH/Projects/OneLake Medallion/data/landing/_reference/sellers.parquet,_reference
1f1bb1f0859883505541bdd6606193e5,02124,sao paulo,SP,2016-01-01 00:00:00.000000,2026-08-27T05:17:09.287600+00:00,D:/D drive recovery/Shiva JH/Projects/OneLake Medallion/data/landing/_reference/sellers.parquet,_reference
5ef131ac72773e5b3f6c0d63cf424657,14075,ribeirao preto,SP,2016-01-01 00:00:00.000000,2026-08-27T05:17:09.287600+00:00,D:/D drive recovery/Shiva JH/Projects/OneLake Medallion/data/landing/_reference/sellers.parquet,_reference
a5cba26a62b8b4d0145b68b841e62e7f,87303,campo mourao,PR,2016-01-01 00:00:00.000000,2026-08-27T05:17:09.287600+00:00,D:/D drive recovery/Shiva JH/Projects/OneLake Medallion/data/landing/_reference/sellers.parquet,_reference
1025f0e2d44d7041d6cf58b6550e0bfa,03204,sao paulo,SP,2016-01-01 00:00:00.000000,2026-08-27T05:17:09.287600+00:00,D:/D drive recovery/Shiva JH/Projects/OneLake Medallion/data/landing/_reference/sellers.parquet,_reference
891071be6ba827b591264c90c2ae8a63,03872,sao paulo,SP,2016-01-01 00:00:00.000000,2026-08-27T05:17:09.287600+00:00,D:/D drive recovery/Shiva JH/Projects/OneLake Medallion/data/landing/_reference/sellers.parquet,_reference
6c99c983ce3b6ba0ab813e6790e81691,38400,uberlandia,MG,2016-01-01 00:00:00.000000,2026-08-27T05:17:09.287600+00:00,D:/D drive recovery/Shiva JH/Projects/OneLake Medallion/data/landing/_reference/sellers.parquet,_reference
827f8f69dfa529c561901c4f2e0f332f,81880,curitiba,PR,2016-01-01 00:00:00.000000,2026-08-27T05:17:09.287600+00:00,D:/D drive recovery/Shiva JH/Projects/OneLake Medallion/data/landing/_reference/sellers.parquet,_reference
59fb871bf6f4522a87ba567b42dafecf,03655,sao paulo,SP,2016-01-01 00:00:00.000000,2026-08-27T05:17:09.287600+00:00,D:/D drive recovery/Shiva JH/Projects/OneLake Medallion/data/landing/_reference/sellers.parquet,_reference
52454f90d4c30c016768db02f88c1a74,13091,campinas,SP,2016-01-01 00:00:00.000000,2026-08-27T05:17:09.287600+00:00,D:/D drive recovery/Shiva JH/Projects/OneLake Medallion/data/landing/_reference/sellers.parquet,_reference
a1043bafd471dff536d0c462352beb48,37175,ilicinea,MG,2016-01-01 00:00:00.000000,2026-08-27T05:17:09.287600+00:00,D:/D drive recovery/Shiva JH/Projects/OneLake Medallion/data/landing/_reference/sellers.parquet,_reference
3fac58ce0ad699020c7944d53c41329c,03480,sao paulo,SP,2016-01-01 00:00:00.000000,2026-08-27T05:17:09.287600+00:00,D:/D drive recovery/Shiva JH/Projects/OneLake Medallion/data/landing/_reference/sellers.parquet,_reference
ff82e8873fba613f2261a9acc896fd84,35900,itabira,MG,2016-01-01 00:00:00.000000,2026-08-27T05:17:09.287600+00:00,D:/D drive recovery/Shiva JH/Projects/OneLake Medallion/data/landing/_reference/sellers.parquet,_reference
92eb0f42c21942b6552362b9b114707d,03504,sao paulo,SP,2016-01-01 00:00:00.000000,2026-08-27T05:17:09.287600+00:00,D:/D drive recovery/Shiva JH/Projects/OneLake Medallion/data/landing/_reference/sellers.parquet,_reference
f125f3a310c2e5f822d116147de1e474,03068,sao paulo,SP,2016-01-01 00:00:00.000000,2026-08-27T05:17:09.287600+00:00,D:/D drive recovery/Shiva JH/Projects/OneLake Medallion/data/landing/_reference/sellers.parquet,_reference
5debea795b07621e1f90532e18f96145,86800,apucarana,PR,2016-01-01 00:00:00.000000,2026-08-27T05:17:09.287600+00:00,D:/D drive recovery/Shiva JH/Projects/OneLake Medallion/data/landing/_reference/sellers.parquet,_reference
2709af9587499e95e803a6498a5a56e9,03813,sao paulo,SP,2016-01-01 00:00:00.000000,2026-08-27T05:17:09.287600+00:00,D:/D drive recovery/Shiva JH/Projects/OneLake Medallion/data/landing/_reference/sellers.parquet,_reference
725c32fa80c2faacc4fc88450d27314e,03320,sao paulo,SP,2016-01-01 00:00:00.000000,2026-08-27T05:17:09.287600+00:00,D:/D drive recovery/Shiva JH/Projects/OneLake Medallion/data/landing/_reference/sellers.parquet,_reference
e8b3a3a38279a82f0e5d006d5e5b7d2c,87230,jussara,PR,2016-01-01 00:00:00.000000,2026-08-27T05:17:09.287600+00:00,D:/D drive recovery/Shiva JH/Projects/OneLake Medallion/data/landing/_reference/sellers.parquet,_reference
a1474fd46fd3430168f7ec202da39408,83321,pinhais,SP,2016-01-01 00:00:00.000000,2026-08-27T05:17:09.287600+00:00,D:/D drive recovery/Shiva JH/Projects/OneLake Medallion/data/landing/_reference/sellers.parquet,_reference
0db783cfcd3b73998abc6e10e59a102f,11010,santos,SP,2016-01-01 00:00:00.000000,2026-08-27T05:17:09.287600+00:00,D:/D drive recovery/Shiva JH/Projects/OneLake Medallion/data/landing/_reference/sellers.parquet,_reference
f307937c1bb287c3efc2a514b94b0d1d,38183,araxa,MG,2016-01-01 00:00:00.000000,2026-08-27T05:17:09.287600+00:00,D:/D drive recovery/Shiva JH/Projects/OneLake Medallion/data/landing/_reference/sellers.parquet,_reference
431af27f296bc6519d890aa5a05fdb11,14110,ribeirao preto,SP,2016-01-01 00:00:00.000000,2026-08-27T05:17:09.287600+00:00,D:/D drive recovery/Shiva JH/Projects/OneLake Medallion/data/landing/_reference/sellers.parquet,_reference
0be8ff43f22e456b4e0371b2245e4d01,04461,sao paulo,SP,2016-01-01 00:00:00.000000,2026-08-27T05:17:09.287600+00:00,D:/D drive recovery/Shiva JH/Projects/OneLake Medallion/data/landing/_reference/sellers.parquet,_reference
1835b56ce799e6a4dc4eddc053f04066,14940,ibitinga,SP,2016-01-01 00:00:00.000000,2026-08-27T05:17:09.287600+00:00,D:/D drive recovery/Shiva JH/Projects/OneLake Medallion/data/landing/_reference/sellers.parquet,_reference
13d058e4eeac2ce8217660b2f8a05812,06080,osasco,SP,2016-01-01 00:00:00.000000,2026-08-27T05:17:09.287600+00:00,D:/D drive recovery/Shiva JH/Projects/OneLake Medallion/data/landing/_reference/sellers.parquet,_reference
5c243662ce92d84573bfaff24c3e3700,03702,sao paulo,SP,2016-01-01 00:00:00.000000,2026-08-27T05:17:09.287600+00:00,D:/D drive recovery/Shiva JH/Projects/OneLake Medallion/data/landing/_reference/sellers.parquet,_reference
fd386aa7bed2af3c7035c65506c9b4a3,04208,sao paulo,SP,2016-01-01 00:00:00.000000,2026-08-27T05:17:09.287600+00:00,D:/D drive recovery/Shiva JH/Projects/OneLake Medallion/data/landing/_reference/sellers.parquet,_reference
ff4e2d38692ce827b1a4f4b8196e680d,03319,sao paulo,SP,2016-01-01 00:00:00.000000,2026-08-27T05:17:09.287600+00:00,D:/D drive recovery/Shiva JH/Projects/OneLake Medallion/data/landing/_reference/sellers.parquet,_reference
4559697a8f7e637227c2eeaed843baff,19029,presidente prudente,SP,2016-01-01 00:00:00.000000,2026-08-27T05:17:09.287600+00:00,D:/D drive recovery/Shiva JH/Projects/OneLake Medallion/data/landing/_reference/sellers.parquet,_reference
c8660dcf9ba70575f45d80fe28c27713,02040,sao paulo,SP,2016-01-01 00:00:00.000000,2026-08-27T05:17:09.287600+00:00,D:/D drive recovery/Shiva JH/Projects/OneLake Medallion/data/landing/_reference/sellers.parquet,_reference
81a1104df0f08b59c68aa5b03cfe398e,83020,sao jose dos pinhais,PR,2016-01-01 00:00:00.000000,2026-08-27T05:17:09.287600+00:00,D:/D drive recovery/Shiva JH/Projects/OneLake Medallion/data/landing/_reference/sellers.parquet,_reference
750303a20e9c56b2a6bc45cdce0b897d,74333,goiania,GO,2016-01-01 00:00:00.000000,2026-08-27T05:17:09.287600+00:00,D:/D drive recovery/Shiva JH/Projects/OneLake Medallion/data/landing/_reference/sellers.parquet,_reference
f8db351d8c4c4c22c6835c19a46f01b0,13324,salto,SP,2016-01-01 00:00:00.000000,2026-08-27T05:17:09.287600+00:00,D:/D drive recovery/Shiva JH/Projects/OneLake Medallion/data/landing/_reference/sellers.parquet,_reference
1838dd9b8977065acf51d95e0053ea7a,30882,belo horizonte,MG,2016-01-01 00:00:00.000000,2026-08-27T05:17:09.287600+00:00,D:/D drive recovery/Shiva JH/Projects/OneLake Medallion/data/landing/_reference/sellers.parquet,_reference
1ca7077d890b907f89be8c954a02686a,06506,santana de parnaiba,SP,2016-01-01 00:00:00.000000,2026-08-27T05:17:09.287600+00:00,D:/D drive recovery/Shiva JH/Projects/OneLake Medallion/data/landing/_reference/sellers.parquet,_reference
89a51f50b8095ea78d5768f34c13a76f,71931,brasilia,DF,2016-01-01 00:00:00.000000,2026-08-27T05:17:09.287600+00:00,D:/D drive recovery/Shiva JH/Projects/OneLake Medallion/data/landing/_reference/sellers.parquet,_reference
d566c37fa119d5e66c4e9052e83ee4ea,04131,sao paulo,SP,2016-01-01 00:00:00.000000,2026-08-27T05:17:09.287600+00:00,D:/D drive recovery/Shiva JH/Projects/OneLake Medallion/data/landing/_reference/sellers.parquet,_reference
e333046ce6517bd8bb510291d44f0130,18950,ipaussu,SP,2016-01-01 00:00:00.000000,2026-08-27T05:17:09.287600+00:00,D:/D drive recovery/Shiva JH/Projects/OneLake Medallion/data/landing/_reference/sellers.parquet,_reference
8f78f0903005064036736c7173a5c2ed,36325,tiradentes,MG,2016-01-01 00:00:00.000000,2026-08-27T05:17:09.287600+00:00,D:/D drive recovery/Shiva JH/Projects/OneLake Medallion/data/landing/_reference/sellers.parquet,_reference
17908cf9b444ee34047cadd5c0f4a516,75124,anapolis,GO,2016-01-01 00:00:00.000000,2026-08-27T05:17:09.287600+00:00,D:/D drive recovery/Shiva JH/Projects/OneLake Medallion/data/landing/_reference/sellers.parquet,_reference
17f51e7198701186712e53a39c564617,03908,sao paulo,SP,2016-01-01 00:00:00.000000,2026-08-27T05:17:09.287600+00:00,D:/D drive recovery/Shiva JH/Projects/OneLake Medallion/data/landing/_reference/sellers.parquet,_reference
44f091b5abab8018f682fce8124b85e5,02281,sao paulo,SP,2016-01-01 00:00:00.000000,2026-08-27T05:17:09.287600+00:00,D:/D drive recovery/Shiva JH/Projects/OneLake Medallion/data/landing/_reference/sellers.parquet,_reference
70a12e78e608ac31179aea7f8422044b,12327,jacarei,SP,2016-01-01 00:00:00.000000,2026-08-27T05:17:09.287600+00:00,D:/D drive recovery/Shiva JH/Projects/OneLake Medallion/data/landing/_reference/sellers.parquet,_reference
ff063b022a9a0aab91bad2c9088760b7,09171,santo andre,SP,2016-01-01 00:00:00.000000,2026-08-27T05:17:09.287600+00:00,D:/D drive recovery/Shiva JH/Projects/OneLake Medallion/data/landing/_reference/sellers.parquet,_reference
82bd0703a4aefd6b599e5bfdaed378fb,17510,marilia,SP,2016-01-01 00:00:00.000000,2026-08-27T05:17:09.287600+00:00,D:/D drive recovery/Shiva JH/Projects/OneLake Medallion/data/landing/_reference/sellers.parquet,_reference
bc39d8938f90a3a2b98193723ed59774,07791,cajamar,SP,2016-01-01 00:00:00.000000,2026-08-27T05:17:09.287600+00:00,D:/D drive recovery/Shiva JH/Projects/OneLake Medallion/data/landing/_reference/sellers.parquet,_reference
d94a40fd42351c259927028d163af842,37443,baependi,MG,2016-01-01 00:00:00.000000,2026-08-27T05:17:09.287600+00:00,D:/D drive recovery/Shiva JH/Projects/OneLake Medallion/data/landing/_reference/sellers.parquet,_reference
0885aaf116795758dfeb5f1032487bcd,08541,ferraz de vasconcelos,SP,2016-01-01 00:00:00.000000,2026-08-27T05:17:09.287600+00:00,D:/D drive recovery/Shiva JH/Projects/OneLake Medallion/data/landing/_reference/sellers.parquet,_reference
2bf6a2c1e71bbd29a4ad64e6d3c3629f,28615,nova friburgo,RJ,2016-01-01 00:00:00.000000,2026-08-27T05:17:09.287600+00:00,D:/D drive recovery/Shiva JH/Projects/OneLake Medallion/data/landing/_reference/sellers.parquet,_reference
7c4618c82226628831613e95e9c22f44,18136,sao roque,SP,2016-01-01 00:00:00.000000,2026-08-27T05:17:09.287600+00:00,D:/D drive recovery/Shiva JH/Projects/OneLake Medallion/data/landing/_reference/sellers.parquet,_reference
06579cb253ecd5a3a12a9e6eb6bf8f47,04007,sao paulo - sp,SP,2016-01-01 00:00:00.000000,2026-08-27T05:17:09.287600+00:00,D:/D drive recovery/Shiva JH/Projects/OneLake Medallion/data/landing/_reference/sellers.parquet,_reference
4978a02ea9c8be7a9b5480680f40334e,08215,sao paulo,SP,2016-01-01 00:00:00.000000,2026-08-27T05:17:09.287600+00:00,D:/D drive recovery/Shiva JH/Projects/OneLake Medallion/data/landing/_reference/sellers.parquet,_reference
cb6c9f5888a7a090c75beaf615925792,29100,vila velha,ES,2016-01-01 00:00:00.000000,2026-08-27T05:17:09.287600+00:00,D:/D drive recovery/Shiva JH/Projects/OneLake Medallion/data/landing/_reference/sellers.parquet,_reference
46dc3b2cc0980fb8ec44634e21d2718e,22240,rio de janeiro,RJ,2016-01-01 00:00:00.000000,2026-08-27T05:17:09.287600+00:00,D:/D drive recovery/Shiva JH/Projects/OneLake Medallion/data/landing/_reference/sellers.parquet,_reference
165fc07beebdcb6190fba8a06db2a449,87015,maringa,PR,2016-01-01 00:00:00.000000,2026-08-27T05:17:09.287600+00:00,D:/D drive recovery/Shiva JH/Projects/OneLake Medallion/data/landing/_reference/sellers.parquet,_reference
0691148aee60ca47977c187804f935ae,86010,londrina,PR,2016-01-01 00:00:00.000000,2026-08-27T05:17:09.287600+00:00,D:/D drive recovery/Shiva JH/Projects/OneLake Medallion/data/landing/_reference/sellers.parquet,_reference
2fdde51ad3e12f297da656d4fbd5d0b5,89228,joinville,SC,2016-01-01 00:00:00.000000,2026-08-27T05:17:09.287600+00:00,D:/D drive recovery/Shiva JH/Projects/OneLake Medallion/data/landing/_reference/sellers.parquet,_reference
7040e82f899a04d1b434b795a43b4617,01026,sao paulo,SP,2016-01-01 00:00:00.000000,2026-08-27T05:17:09.287600+00:00,D:/D drive recovery/Shiva JH/Projects/OneLake Medallion/data/landing/_reference/sellers.parquet,_reference
a1544b9ea0b2390e020537d4daa89049,13211,jundiai,SP,2016-01-01 00:00:00.000000,2026-08-27T05:17:09.287600+00:00,D:/D drive recovery/Shiva JH/Projects/OneLake Medallion/data/landing/_reference/sellers.parquet,_reference
20b54c376b794ed028df09a3cd88e8dc,09560,sao caetano do sul,SP,2016-01-01 00:00:00.000000,2026-08-27T05:17:09.287600+00:00,D:/D drive recovery/Shiva JH/Projects/OneLake Medallion/data/landing/_reference/sellers.parquet,_reference
d66c305afaec317ebee552073a674429,33936,ribeirao das neves,MG,2016-01-01 00:00:00.000000,2026-08-27T05:17:09.287600+00:00,D:/D drive recovery/Shiva JH/Projects/OneLake Medallion/data/landing/_reference/sellers.parquet,_reference
adbe70ab2c97442046d393988c8d1d27,09321,maua,SP,2016-01-01 00:00:00.000000,2026-08-27T05:17:09.287600+00:00,D:/D drive recovery/Shiva JH/Projects/OneLake Medallion/data/landing/_reference/sellers.parquet,_reference
42bde9fef835393bb8a8849cb6b7f245,71551,brasilia,DF,2016-01-01 00:00:00.000000,2026-08-27T05:17:09.287600+00:00,D:/D drive recovery/Shiva JH/Projects/OneLake Medallion/data/landing/_reference/sellers.parquet,_reference
66922902710d126a0e7d26b0e3805106,31842,belo horizonte,MG,2016-01-01 00:00:00.000000,2026-08-27T05:17:09.287600+00:00,D:/D drive recovery/Shiva JH/Projects/OneLake Medallion/data/landing/_reference/sellers.parquet,_reference
05f51e13da97139648b8125c31e5f51b,31910,belo horizonte,MG,2016-01-01 00:00:00.000000,2026-08-27T05:17:09.287600+00:00,D:/D drive recovery/Shiva JH/Projects/OneLake Medallion/data/landing/_reference/sellers.parquet,_reference
7d456afc660226829370f3173d14520c,08820,mogi das cruzes,SP,2016-01-01 00:00:00.000000,2026-08-27T05:17:09.287600+00:00,D:/D drive recovery/Shiva JH/Projects/OneLake Medallion/data/landing/_reference/sellers.parquet,_reference
1900267e848ceeba8fa32d80c1a5f5a8,14940,ibitinga,SP,2016-01-01 00:00:00.000000,2026-08-27T05:17:09.287600+00:00,D:/D drive recovery/Shiva JH/Projects/OneLake Medallion/data/landing/_reference/sellers.parquet,_reference
08d2d642cf72b622b14dde1d2f5eb2f5,17512,marilia,SP,2016-01-01 00:00:00.000000,2026-08-27T05:17:09.287600+00:00,D:/D drive recovery/Shiva JH/Projects/OneLake Medallion/data/landing/_reference/sellers.parquet,_reference
0e982cff76cc0579f632cea8a0e38c9d,88316,itajai,SC,2016-01-01 00:00:00.000000,2026-08-27T05:17:09.287600+00:00,D:/D drive recovery/Shiva JH/Projects/OneLake Medallion/data/landing/_reference/sellers.parquet,_reference
d5ba419e26d246a0719437cf37d9b46d,03437,sao paulo,SP,2016-01-01 00:00:00.000000,2026-08-27T05:17:09.287600+00:00,D:/D drive recovery/Shiva JH/Projects/OneLake Medallion/data/landing/_reference/sellers.parquet,_reference
17e34d8224d27a541263c4c64b11a56b,14085,riberao preto,SP,2016-01-01 00:00:00.000000,2026-08-27T05:17:09.287600+00:00,D:/D drive recovery/Shiva JH/Projects/OneLake Medallion/data/landing/_reference/sellers.parquet,_reference
e2aee0892199b1d92530e371abd825bf,86600,rolandia,PR,2016-01-01 00:00:00.000000,2026-08-27T05:17:09.287600+00:00,D:/D drive recovery/Shiva JH/Projects/OneLake Medallion/data/landing/_reference/sellers.parquet,_reference
870d0118f7a9d85960f29ad89d5d989a,37708,pocos de caldas,MG,2016-01-01 00:00:00.000000,2026-08-27T05:17:09.287600+00:00,D:/D drive recovery/Shiva JH/Projects/OneLake Medallion/data/landing/_reference/sellers.parquet,_reference
ec8879960bd2221d5c32f8e12f7da711,13253,itatiba,SP,2016-01-01 00:00:00.000000,2026-08-27T05:17:09.287600+00:00,D:/D drive recovery/Shiva JH/Projects/OneLake Medallion/data/landing/_reference/sellers.parquet,_reference
a938325a4b357fd23a6a4d5bb126408e,26510,nilopolis,RJ,2016-01-01 00:00:00.000000,2026-08-27T05:17:09.287600+00:00,D:/D drive recovery/Shiva JH/Projects/OneLake Medallion/data/landing/_reference/sellers.parquet,_reference
a3dd39f583bc80bd8c5901c95878921e,41342,salvador,BA,2016-01-01 00:00:00.000000,2026-08-27T05:17:09.287600+00:00,D:/D drive recovery/Shiva JH/Projects/OneLake Medallion/data/landing/_reference/sellers.parquet,_reference
3c03b12bab54d8b37d79d914bfdb1aa0,25561,sao joao de meriti,RJ,2016-01-01 00:00:00.000000,2026-08-27T05:17:09.287600+00:00,D:/D drive recovery/Shiva JH/Projects/OneLake Medallion/data/landing/_reference/sellers.parquet,_reference
9d5a9018aee56acb367ba9c3f05d1d6a,74930,aparecida de goiania,GO,2016-01-01 00:00:00.000000,2026-08-27T05:17:09.287600+00:00,D:/D drive recovery/Shiva JH/Projects/OneLake Medallion/data/landing/_reference/sellers.parquet,_reference
e2c92f9c1c7746d899d18f2e158bbff7,15054,sao jose do rio preto,SP,2016-01-01 00:00:00.000000,2026-08-27T05:17:09.287600+00:00,D:/D drive recovery/Shiva JH/Projects/OneLake Medallion/data/landing/_reference/sellers.parquet,_reference
ea67327e24487bdfac5fbfa37ea124df,14940,ibitinga,SP,2016-01-01 00:00:00.000000,2026-08-27T05:17:09.287600+00:00,D:/D drive recovery/Shiva JH/Projects/OneLake Medallion/data/landing/_reference/sellers.parquet,_reference
c70c1b0d8ca86052f45a432a38b73958,13186,hortolandia,SP,2016-01-01 00:00:00.000000,2026-08-27T05:17:09.287600+00:00,D:/D drive recovery/Shiva JH/Projects/OneLake Medallion/data/landing/_reference/sellers.parquet,_reference
